# 2D Density map on yz plane
1.186247627172680409e-04 1.560344194467279920e-04 1.949289439237257234e-04 2.128774765710495930e-04 2.093344784052554456e-04 2.026804241623037818e-04 2.047448946496029120e-04 2.127819304462732456e-04 2.239625198248751696e-04 2.237573345761102988e-04 2.103401320852185718e-04 2.058160623060603992e-04 2.113773219295943164e-04 2.024526272973289822e-04 1.980403185087703511e-04 2.152204490977792178e-04 2.270608076788339816e-04 2.106371570859760182e-04 1.936761559601675713e-04 2.041954246762579784e-04 2.066624508855126362e-04 1.892050623192000004e-04 1.858664194134349978e-04 1.992568895648081859e-04 2.078155105503828154e-04 2.118876975556627132e-04 2.168572663868543755e-04 2.226650613364505502e-04 2.324529611879119946e-04 2.230586174198932519e-04 2.074055245851820668e-04 2.046096251848011102e-04 1.969306651790221337e-04 1.885477968811163604e-04 1.950020681830789211e-04 2.013919775332510516e-04 1.987657183751054399e-04 1.956073992277290946e-04 2.012519229887146477e-04 2.114013001914207706e-04 2.174372169478639013e-04 2.139410751658605593e-04 2.195973374019308895e-04 2.214465470045918300e-04 2.017004378113018302e-04 1.760877890923347785e-04 1.756276816506668241e-04 2.047375218378639377e-04 2.244966051790647115e-04 2.135080135976697054e-04 2.083042072755646895e-04 2.102758528785460008e-04 2.124679977442201807e-04 2.324330609506482172e-04 2.400469235059946027e-04 2.182563764136835399e-04 2.014434511344055374e-04 2.027081246731998623e-04 1.988635726881605352e-04 1.842585005202525467e-04 1.886737037131258718e-04 2.101230955874581086e-04 2.128039857765895773e-04 2.109137729909707569e-04 2.156809118752177996e-04 2.075705505538425529e-04 2.007662095765426523e-04 2.091047878107566761e-04 2.028660000672371827e-04 1.916242148368486084e-04 1.967030302835111354e-04 2.059715604134591252e-04 2.263109973541932852e-04 2.379793663627432360e-04 2.223307381189885317e-04 1.966050162185044639e-04 1.989423770750891913e-04 2.242112843398197950e-04 2.174956223586951279e-04 1.930494942202633343e-04 1.920996735092377387e-04 2.022621082443462484e-04 2.098547256332876560e-04 2.132044992546270202e-04 2.126230117745212997e-04 2.109959481451287430e-04 2.065526198938559023e-04 2.029093212139440930e-04 2.109791655804207130e-04 2.250644832558646856e-04 2.223568491935955390e-04 2.083635716405948693e-04 1.990268755041074591e-04 1.962434223633477176e-04 1.948549771888173328e-04 1.765384087181246214e-04 1.653028099816351599e-04 1.762769771637015483e-04 1.582441903422504093e-04 1.095077135819003632e-04
1.643117916855024664e-04 2.163205200309602856e-04 2.611073317259944441e-04 2.716539354307124458e-04 2.640536618183509775e-04 2.658601781347910220e-04 2.716966888432835025e-04 2.666050583994327501e-04 2.678587071272584908e-04 2.815762611020487436e-04 2.933600482012147176e-04 2.997733765218732276e-04 2.930303160364129732e-04 2.647019447617124377e-04 2.474000317739218145e-04 2.575702506843937506e-04 2.689247441617368187e-04 2.646397132111502929e-04 2.668616220535355451e-04 2.843974825473449992e-04 2.819126979086188567e-04 2.589609436515377433e-04 2.536379361397150334e-04 2.716262308354678375e-04 2.889218747674177166e-04 2.888463171282255274e-04 2.799071002438754583e-04 2.777437610128346722e-04 2.828548346299994171e-04 2.731871562801972643e-04 2.634548658186170941e-04 2.671838398939596583e-04 2.580653418977358476e-04 2.468203171242140128e-04 2.578789903199636344e-04 2.658074225120711856e-04 2.643572475626986972e-04 2.622322668766421971e-04 2.640347244211582733e-04 2.750959962996826682e-04 2.855070367294792154e-04 2.814945146289647942e-04 2.850635075593597263e-04 2.956880677947023119e-04 2.840012802853290517e-04 2.522407863960682566e-04 2.411780272694297568e-04 2.658083563052230378e-04 2.878958175598840845e-04 2.721111082470488679e-04 2.512832248835165797e-04 2.505141869606928792e-04 2.652993362704076600e-04 2.975893995269646391e-04 3.095144489004377549e-04 2.912738973327547469e-04 2.750616686462199366e-04 2.706990326487517624e-04 2.663155366511028290e-04 2.559026551261856311e-04 2.613534312530692554e-04 2.737473063515998700e-04 2.695135166471560257e-04 2.669952826734982841e-04 2.689213271575948880e-04 2.652448883578922226e-04 2.640877318603552311e-04 2.705206574225118882e-04 2.720644504338622224e-04 2.800471127099895727e-04 2.875569297106101026e-04 2.796738280582938396e-04 2.817165510442066817e-04 2.870240222131727431e-04 2.804062559371539283e-04 2.691018568571725065e-04 2.679727807196021416e-04 2.749544119837607427e-04 2.622008842523543661e-04 2.408988880024543074e-04 2.458328551756742259e-04 2.688992391142476773e-04 2.893999613860369401e-04 2.918362500111947055e-04 2.794310740314079724e-04 2.699484936261164342e-04 2.691404065124450859e-04 2.770412255638170880e-04 2.859545753833291374e-04 2.834194946750960564e-04 2.681449989330516193e-04 2.583356760718639642e-04 2.645974121570415023e-04 2.774657739350039343e-04 2.826901500818868518e-04 2.658817648055889610e-04 2.479429467853961418e-04 2.383114424555003003e-04 1.973155214918429715e-04 1.358452161607878891e-04
2.019277208835067172e-04 2.636064562792912562e-04 3.163215724345055544e-04 3.242912635365516197e-04 3.167910005468880250e-04 3.168650710055908887e-04 3.133381444993126085e-04 3.016493390538490410e-04 2.979628282433905697e-04 3.108429461763331141e-04 3.329811906691335739e-04 3.472969602809616581e-04 3.363145763435557720e-04 3.021498730398573503e-04 2.848492315172804407e-04 2.970310497851768585e-04 3.138263952805067994e-04 3.198663661530440046e-04 3.212781581100582857e-04 3.227504848500466249e-04 3.121944252570055668e-04 2.990067641132255908e-04 3.059600054967280503e-04 3.297517799067786249e-04 3.464542718212876467e-04 3.370640975026665143e-04 3.171626389884534686e-04 3.114947326380180116e-04 3.158647450348834066e-04 3.100575528762244330e-04 3.063453033605611402e-04 3.146375016866716332e-04 3.088756777386728676e-04 2.975082572519017858e-04 3.126184421216385290e-04 3.225218074496500947e-04 3.174841530691693034e-04 3.074027312523342067e-04 2.972261486324790898e-04 3.046282141898782204e-04 3.180565374232201216e-04 3.109282486851535536e-04 3.055502288996003648e-04 3.266283586507788116e-04 3.324255322801198450e-04 3.045505251376038692e-04 2.928522307767190448e-04 3.148971369953147952e-04 3.349687544781244485e-04 3.142889016372156508e-04 2.791594240661414298e-04 2.719663912263602860e-04 2.931415036648137582e-04 3.254002682869581824e-04 3.383009573138795727e-04 3.332579210367431818e-04 3.237473375107234055e-04 3.183461748305529797e-04 3.196814050455323701e-04 3.158226063449035394e-04 3.201997714070914857e-04 3.195631590842672740e-04 3.080340845660321271e-04 3.079440443146965432e-04 3.079263541481562548e-04 3.065864485617578010e-04 3.096217088189266720e-04 3.107173993608542415e-04 3.102046174999572681e-04 3.222363783871551009e-04 3.254290098020898216e-04 3.102470133290748631e-04 3.057979114600515983e-04 3.103628486840329971e-04 3.192245865018540326e-04 3.304114787682367713e-04 3.314168250134140979e-04 3.258205550372219065e-04 3.071625359837280877e-04 2.822578653451806078e-04 2.849840708225393014e-04 3.080872110625127022e-04 3.285264762789250363e-04 3.335615920682894831e-04 3.216983185013410598e-04 3.064516652292267494e-04 3.058733560452591566e-04 3.279282387675904516e-04 3.424020050409288347e-04 3.349463116868875369e-04 3.175325734741751924e-04 3.062578368450944062e-04 3.184582501932866402e-04 3.420474076863069140e-04 3.499081615105933767e-04 3.358150331879293429e-04 3.187545054586688755e-04 2.923760787023325816e-04 2.264925589805881208e-04 1.509400284214958577e-04
2.172698395001062275e-04 2.863926385970546901e-04 3.385984389178762870e-04 3.406954868312441170e-04 3.387940144197668763e-04 3.386126098372902208e-04 3.251637223382138238e-04 3.197233184349046399e-04 3.226120587244187812e-04 3.176151674646743306e-04 3.159376948419464256e-04 3.256257986818818207e-04 3.213954704194205213e-04 2.985382068809409742e-04 2.962714356775014235e-04 3.239258170058806731e-04 3.518227017083703449e-04 3.570183895682035044e-04 3.365776817522002796e-04 3.151717587010585166e-04 3.038428544133002789e-04 3.048286792945711031e-04 3.206936508772849446e-04 3.386041820051991598e-04 3.438051107442661124e-04 3.318525135049809889e-04 3.214244476933769495e-04 3.208858811783648962e-04 3.236284777991666178e-04 3.240597539130047472e-04 3.280252536478254176e-04 3.395696244181501755e-04 3.407161501559661338e-04 3.257923645591020772e-04 3.312171522265719209e-04 3.375942919415970164e-04 3.263398588695858374e-04 3.094773408490196411e-04 2.992578521463160057e-04 3.078772724070693071e-04 3.198839379919994749e-04 3.077488630363934847e-04 2.933911024890538616e-04 3.149501075361556919e-04 3.318285842368024320e-04 3.208403407231246525e-04 3.217098949871600045e-04 3.420250843289313492e-04 3.507521754153858492e-04 3.275518542561114141e-04 2.957561024994089091e-04 2.892901683474091365e-04 3.040554247371632076e-04 3.228688514969077321e-04 3.304807257145362829e-04 3.318741051415183361e-04 3.239177182165368712e-04 3.157468263386072906e-04 3.226393056807282328e-04 3.322297933874940692e-04 3.397241156189986029e-04 3.288365798827579079e-04 3.149860598992403082e-04 3.133222749597921238e-04 3.138839439589300546e-04 3.243487436207461621e-04 3.329230727702387252e-04 3.289860021731224379e-04 3.175433692904298250e-04 3.123552138642911313e-04 3.056942098502887480e-04 2.989942182012535242e-04 3.064613671164017911e-04 3.094642697121763298e-04 3.142650279083296599e-04 3.338419710559898269e-04 3.501926416445894953e-04 3.524671312675766409e-04 3.320272739370796556e-04 3.052453212986033868e-04 3.020503958064249582e-04 3.125895056023357673e-04 3.248136320158446838e-04 3.398154703565681861e-04 3.425014241453481221e-04 3.261395040013860113e-04 3.161103916845104896e-04 3.380590874270972832e-04 3.612122138810396391e-04 3.578924140980578811e-04 3.383093679444890752e-04 3.221628646116990458e-04 3.290421850502062628e-04 3.444419407750505991e-04 3.424354974433283199e-04 3.353891511391106773e-04 3.380281818690962633e-04 3.175452004807718725e-04 2.422518415424435273e-04 1.566371111379043246e-04
2.136829659691103422e-04 2.864218955424424227e-04 3.315193287936041679e-04 3.244518745173222336e-04 3.234518476881867791e-04 3.331422059086121311e-04 3.281491735722024739e-04 3.288048043979629846e-04 3.365471478007412928e-04 3.310951662911154267e-04 3.161414095396693560e-04 3.145172766799946137e-04 3.079731870925833562e-04 2.928693941139142646e-04 2.965818827469073353e-04 3.250294118866166185e-04 3.550570230839098776e-04 3.589880623254165012e-04 3.318478457139422593e-04 3.084280039853605666e-04 3.106562526891585262e-04 3.202783074098636360e-04 3.215828503575839884e-04 3.248849245897557792e-04 3.334526852872037516e-04 3.335274746207311921e-04 3.324644979484594641e-04 3.304723413840739534e-04 3.318553747613770281e-04 3.326998535878938294e-04 3.292681120769079951e-04 3.362637505313392826e-04 3.481465874693158934e-04 3.355161619101380247e-04 3.249750744828573527e-04 3.213712933483511272e-04 3.154873614195840767e-04 3.135035180402335098e-04 3.217153020287701363e-04 3.331203639740749553e-04 3.333556881337874965e-04 3.130850679325778048e-04 2.990518677679799165e-04 3.127151071940308634e-04 3.183464611381515942e-04 3.132180787570508843e-04 3.285283511528298188e-04 3.582253344287502023e-04 3.637939220323382341e-04 3.452183650068462546e-04 3.258685104915001914e-04 3.189575164338846183e-04 3.231614450277059620e-04 3.347776742204135181e-04 3.448273315896880774e-04 3.452251317252918094e-04 3.269924494756102848e-04 3.078983661684132163e-04 3.146906486991153228e-04 3.381488196401524369e-04 3.551453019906399759e-04 3.465532558562926281e-04 3.311018213279641768e-04 3.147346328116968142e-04 3.055585765102153710e-04 3.240387339362943517e-04 3.433938514259763774e-04 3.487340541519892744e-04 3.376053638844989666e-04 3.203396852156822601e-04 3.084058058143966403e-04 3.138344068591901416e-04 3.319049647599887475e-04 3.266693928565334091e-04 3.096972290859581565e-04 3.130871241815159065e-04 3.340170426206714072e-04 3.483014003162050146e-04 3.405157997216853600e-04 3.275470142486559930e-04 3.209311698698678406e-04 3.175838412592939144e-04 3.214067005611070558e-04 3.419979555269911614e-04 3.525878783795206124e-04 3.373131037650908674e-04 3.197117859076819527e-04 3.300582526681765188e-04 3.582797229600003268e-04 3.566792048402521735e-04 3.330367315954065846e-04 3.238557995428119037e-04 3.300743171169509419e-04 3.334630693849307322e-04 3.226490247454725374e-04 3.215641138827146053e-04 3.366629358110726183e-04 3.236431154684157852e-04 2.521934590322422328e-04 1.695310280132634486e-04
1.942140797337302326e-04 2.705023272621700473e-04 3.138716018406934559e-04 3.033661226980918215e-04 3.028792629858138830e-04 3.242893504751061967e-04 3.312878282128361366e-04 3.282290117854588709e-04 3.342378141831795673e-04 3.433880281048397169e-04 3.396358020426611503e-04 3.353263919205965024e-04 3.275603984711008025e-04 3.226511586050845488e-04 3.204595003138457346e-04 3.223344531049672501e-04 3.373823217571884957e-04 3.442888831804878300e-04 3.288301425629586248e-04 3.145760639459652271e-04 3.245305585978322267e-04 3.333406214587423806e-04 3.171839945752614109e-04 3.181021429812029523e-04 3.450294372936624958e-04 3.550966941236186666e-04 3.495958431629175942e-04 3.367986171922485042e-04 3.362061305325554942e-04 3.367846063022378192e-04 3.211538628257129698e-04 3.178265665254028727e-04 3.368018804032871282e-04 3.352219332447675107e-04 3.153500035269788337e-04 3.027983763218542227e-04 3.062129329780648558e-04 3.226737007979015807e-04 3.468208056538232939e-04 3.555049498534334595e-04 3.439344333802676033e-04 3.243151846149998699e-04 3.202106011564103218e-04 3.287404299499792652e-04 3.172718028952392719e-04 3.019279502622471568e-04 3.195312747938610200e-04 3.562785390136763777e-04 3.646924009011659538e-04 3.576073325777264465e-04 3.553778441936070913e-04 3.447383956450445364e-04 3.357871893518941248e-04 3.433847919465992998e-04 3.623920135612119500e-04 3.680862044554334854e-04 3.482052628194577974e-04 3.260121484213404121e-04 3.229456878859589069e-04 3.372915051713721614e-04 3.584175418534741794e-04 3.656793708825230370e-04 3.526555493418068567e-04 3.251376237577182477e-04 3.017461118374122498e-04 3.086162760618179918e-04 3.342872556765093760e-04 3.549654035115196084e-04 3.575029041980033024e-04 3.414724863507078074e-04 3.229938344401669091e-04 3.285814709582483557e-04 3.511644951220215622e-04 3.514698413872960770e-04 3.258194300116277922e-04 3.067600038838628465e-04 3.145807093955761496e-04 3.289445612957128846e-04 3.395204507493658399e-04 3.446806045992699408e-04 3.389649304961529774e-04 3.264469748530074390e-04 3.181904134898883127e-04 3.337403535672551851e-04 3.459832496142510464e-04 3.364835147321957199e-04 3.219107934967929165e-04 3.172750898689549433e-04 3.311954110958390679e-04 3.318844939890925336e-04 3.205133308358446400e-04 3.257377042005496406e-04 3.309367480303726061e-04 3.282038403461590343e-04 3.214146015044992677e-04 3.280051000568557328e-04 3.410725207334399734e-04 3.254428527450638035e-04 2.605086995783868721e-04 1.845265775969558207e-04
1.784681966313924424e-04 2.661744065282530534e-04 3.195097684841601438e-04 3.133129579797520013e-04 3.121618260263761871e-04 3.255076253166015580e-04 3.274176856619913627e-04 3.205945136806499915e-04 3.267494466244167425e-04 3.469219692568711422e-04 3.524418292340704027e-04 3.487936250517682845e-04 3.538086612373474811e-04 3.670871228770266866e-04 3.596867174362192773e-04 3.357941662437440760e-04 3.272355715644671356e-04 3.291473883236304245e-04 3.258198991096221278e-04 3.225909503859561173e-04 3.298666629006148827e-04 3.303583205846680215e-04 3.123416809867658349e-04 3.140998622417331206e-04 3.431255018192768931e-04 3.562643805462673658e-04 3.472945725976450790e-04 3.251890755648860335e-04 3.252923590081856762e-04 3.353237334612653572e-04 3.212069052572271311e-04 3.091361468744741742e-04 3.276358109462190337e-04 3.367287910041464119e-04 3.240808760431340588e-04 3.147467628175341535e-04 3.094292247513639581e-04 3.205496054027665975e-04 3.516560727895466296e-04 3.612964221499461760e-04 3.465851162569311681e-04 3.318630319374828814e-04 3.353914214050436604e-04 3.422452223124303194e-04 3.262015467305891085e-04 3.080739622927119482e-04 3.154077003845700807e-04 3.367396315281280398e-04 3.429720700637919895e-04 3.527770310620480894e-04 3.725578008330695948e-04 3.615833229150269227e-04 3.372932077010173122e-04 3.345968383357746535e-04 3.522637665668505898e-04 3.621856257697784998e-04 3.529935134749929526e-04 3.407709839536265896e-04 3.335807905227996064e-04 3.367657560524639536e-04 3.542363854127834628e-04 3.704317224102448560e-04 3.615184630407095251e-04 3.342545333426795657e-04 3.093515207403512574e-04 3.079559743854318795e-04 3.289996899138240534e-04 3.458172919429944097e-04 3.542681939968672124e-04 3.433766503093444063e-04 3.188086736427452788e-04 3.185395098816183254e-04 3.421209244631092652e-04 3.593741586193740698e-04 3.490276992776108773e-04 3.238419768811179409e-04 3.127532990075279715e-04 3.136644742518119862e-04 3.282877655167874614e-04 3.439891043290998866e-04 3.457759103559240421e-04 3.299465893689675446e-04 3.107045098276921334e-04 3.238812131421856888e-04 3.418030444658773847e-04 3.349296734176460599e-04 3.250390193922115265e-04 3.161422663758155531e-04 3.136703253043558780e-04 3.167704756427326294e-04 3.174728150763740284e-04 3.228679789783357994e-04 3.205324574919259616e-04 3.180357391908994491e-04 3.181381950583835440e-04 3.307626230584541837e-04 3.423959011787404676e-04 3.254043116578942112e-04 2.663694994333432845e-04 1.941102406654479076e-04
1.673504347805628728e-04 2.601011029209000422e-04 3.293541690139165415e-04 3.337077962875847339e-04 3.285615547149360952e-04 3.229703097647049952e-04 3.144744264867324027e-04 3.163336799539420230e-04 3.307850844613235671e-04 3.510139233698751442e-04 3.509572639290536823e-04 3.378571937944554191e-04 3.470197516844631064e-04 3.694690704361818260e-04 3.633264001821293748e-04 3.398733379968628420e-04 3.272412901296192561e-04 3.286036910548438940e-04 3.292861128743781161e-04 3.297507678085260336e-04 3.322087552878341351e-04 3.221579654630971632e-04 3.098561272056811651e-04 3.089959182028635741e-04 3.219145493870988238e-04 3.301708586083661190e-04 3.219155189485720320e-04 3.080924940380389302e-04 3.182448290400123917e-04 3.310061553771295197e-04 3.199553000799503855e-04 3.056628756775155815e-04 3.209716226121604775e-04 3.398865957922531707e-04 3.461419148497874021e-04 3.446560918285228553e-04 3.248901650483996314e-04 3.219336621998347843e-04 3.490379010042747284e-04 3.525413771845838031e-04 3.353404646079680357e-04 3.308364217320044500e-04 3.488235342550815308e-04 3.578129856858033734e-04 3.425309298836869392e-04 3.274354199915054933e-04 3.197305601193273878e-04 3.218437454728124286e-04 3.287218833973250438e-04 3.442681739568336972e-04 3.655506750836395652e-04 3.547291132732500714e-04 3.249371043448074487e-04 3.165554685402325935e-04 3.349559650648183226e-04 3.514331462249069195e-04 3.467086497742228593e-04 3.316643952080675127e-04 3.289892691396288952e-04 3.418866837715474252e-04 3.595221853520044471e-04 3.698332798968854214e-04 3.549103766947500475e-04 3.241426134257454489e-04 3.063580031213313827e-04 3.161851815901185617e-04 3.328966208284286563e-04 3.324175635813940086e-04 3.319778723658977910e-04 3.315425007567373910e-04 3.228276296619960774e-04 3.230434795575836023e-04 3.368277280093126026e-04 3.541255903663594789e-04 3.583008906679523500e-04 3.429796243439977633e-04 3.216554966088260113e-04 3.058592093042354697e-04 3.098891905605266552e-04 3.261038920610538280e-04 3.336970987349346029e-04 3.258697918870164163e-04 3.126069662395015449e-04 3.263987191707476269e-04 3.423284855391187098e-04 3.331567000779790200e-04 3.263639656096487505e-04 3.229688173418007692e-04 3.198901752521734793e-04 3.229820038810851017e-04 3.251751610121708029e-04 3.209363506252017970e-04 3.097528908784703307e-04 3.128745193257196754e-04 3.185731364354766866e-04 3.275222364818991799e-04 3.345265165878327611e-04 3.179980912149403321e-04 2.646849150605866592e-04 1.956743994275182523e-04
1.614711605768085227e-04 2.384729498302283479e-04 3.083861990885854729e-04 3.238733379184446036e-04 3.273544716148410081e-04 3.247006895378419500e-04 3.136601002941200164e-04 3.214503608474487441e-04 3.451189494581660038e-04 3.605278058331202020e-04 3.488127406802465132e-04 3.225272131393913059e-04 3.200029985349661416e-04 3.355437245270480534e-04 3.333746530799461304e-04 3.259663807677806030e-04 3.278547753344052216e-04 3.362140685483744318e-04 3.354254548629953406e-04 3.353619334779433300e-04 3.372938640787840128e-04 3.274304368828014479e-04 3.196770473024948024e-04 3.131521028470566357e-04 3.099667626274949612e-04 3.105088361237187938e-04 3.085348030565765432e-04 3.118116126228784248e-04 3.234758377594258933e-04 3.234336816071346982e-04 3.146870427633185118e-04 3.069049553927362655e-04 3.217536786908417341e-04 3.504255885842241314e-04 3.659475286963646129e-04 3.614930705430092085e-04 3.332336449238318399e-04 3.156069132154933109e-04 3.266286789651198894e-04 3.224583134765693772e-04 3.110146730693036073e-04 3.238735707203857939e-04 3.557077812103863934e-04 3.653559544875788602e-04 3.511172390948479440e-04 3.402288570788457572e-04 3.284589802951940374e-04 3.218416664176730092e-04 3.247635357530882089e-04 3.297859305905410151e-04 3.364936202102423134e-04 3.299118362253177839e-04 3.122615319339604591e-04 3.084688880020256463e-04 3.292283619978714432e-04 3.502043602515512565e-04 3.410725700601729927e-04 3.161809361009919133e-04 3.176442549401545549e-04 3.429349393420255297e-04 3.674031928821736449e-04 3.700789113154840976e-04 3.449143632016523318e-04 3.095116084775864033e-04 2.950786091689997989e-04 3.163230612025007770e-04 3.364150221111965105e-04 3.325835225303733645e-04 3.251408081452184093e-04 3.278300006920068736e-04 3.331656681123084914e-04 3.301800752769496177e-04 3.281850444071010868e-04 3.371737870412926173e-04 3.456604777483918123e-04 3.397977217768203585e-04 3.230562243016115234e-04 3.102582738328409475e-04 3.097264560369648325e-04 3.185070640669298127e-04 3.195123574674966160e-04 3.163201125793623164e-04 3.169670373507997834e-04 3.298795947520670848e-04 3.377182983598260840e-04 3.341959113758107241e-04 3.355526487360905924e-04 3.314223355675169694e-04 3.262252763859756037e-04 3.254475756208963016e-04 3.231945236379365149e-04 3.141510750343588614e-04 3.035795051204817391e-04 3.137624841286518629e-04 3.265122451953700235e-04 3.286176253140503378e-04 3.260102540880665091e-04 3.122660261664530188e-04 2.641505539022548431e-04 1.931633285160971316e-04
1.578612798173840786e-04 2.175581194969238236e-04 2.833156852633186579e-04 3.137592795434262106e-04 3.359695484292609703e-04 3.471318476658783337e-04 3.337765603845855612e-04 3.302372927383199022e-04 3.453177206299811852e-04 3.549621840035979562e-04 3.436449994173052533e-04 3.219579704339038022e-04 3.119720018655831959e-04 3.089275070617240621e-04 3.025410843166443536e-04 3.040489725341275168e-04 3.161360553216505370e-04 3.335442650982239346e-04 3.411257646809408121e-04 3.410513158278078469e-04 3.338996823772153030e-04 3.257603715652985740e-04 3.231795571519667509e-04 3.196729254108578730e-04 3.165215489692295046e-04 3.191691405420631284e-04 3.271589587396701469e-04 3.355840955900508396e-04 3.330407702878860981e-04 3.186297309168340712e-04 3.148027853339535609e-04 3.193544831177632347e-04 3.312696706682923616e-04 3.533639365719975123e-04 3.622279387637416690e-04 3.571016918829637583e-04 3.354451072649978528e-04 3.099315087550210193e-04 3.046780939014058151e-04 2.972351461595222253e-04 2.940644252501991174e-04 3.156743428870983264e-04 3.484406786195977900e-04 3.563769848765669019e-04 3.414103878814306954e-04 3.346924587639651168e-04 3.345123454809763720e-04 3.285559796884590612e-04 3.214912027134200810e-04 3.174100867625200863e-04 3.147072937856574843e-04 3.135156701837216110e-04 3.127255560545192953e-04 3.166342189955865215e-04 3.328484278508031351e-04 3.475989577650225254e-04 3.337182744198200846e-04 3.097181154518295794e-04 3.115749017649832239e-04 3.302435285819711915e-04 3.530573735383052587e-04 3.566362167446124028e-04 3.365642705974873682e-04 3.113616434183481851e-04 3.025927944291432027e-04 3.242788634575101371e-04 3.443094633049026345e-04 3.453997464590061292e-04 3.394586822417811371e-04 3.347975610750890721e-04 3.309090985735606630e-04 3.215614644178626125e-04 3.125995441626402342e-04 3.160544176382107644e-04 3.224926111615497148e-04 3.192501743744357700e-04 3.122940207522716073e-04 3.167730541478021929e-04 3.246608764861740569e-04 3.306034706000892309e-04 3.241232004654310390e-04 3.163332343306542952e-04 3.183810254469704448e-04 3.232511982779726393e-04 3.232411232672721940e-04 3.262808233420596508e-04 3.395232775386394179e-04 3.364962590434480809e-04 3.246917068525662781e-04 3.258108461064606102e-04 3.293288525750088982e-04 3.237054326577370350e-04 3.156549647841298215e-04 3.245831999319718358e-04 3.365181473120819181e-04 3.346111426783731431e-04 3.287569426251242587e-04 3.168486636445245336e-04 2.651206010597330007e-04 1.869460147446061254e-04
1.674127784699706173e-04 2.255643624665025970e-04 2.942282776180530062e-04 3.340996108004534292e-04 3.534814652546182509e-04 3.554042586718630372e-04 3.387298770472931507e-04 3.271396936628714457e-04 3.292596079754774030e-04 3.306063404037781891e-04 3.211230968875477708e-04 3.118379481667627991e-04 3.083416164549960528e-04 3.012447555695455057e-04 2.947931795788413345e-04 2.988024315810060435e-04 3.086625582584090303e-04 3.262099986021448159e-04 3.457086138981233263e-04 3.521713799942677954e-04 3.399005254410445917e-04 3.277896502149538075e-04 3.251327992394936013e-04 3.244398858074076103e-04 3.205823844619495552e-04 3.261034578011538700e-04 3.442864182233621546e-04 3.561083284472460714e-04 3.432556693984319682e-04 3.266471052827326239e-04 3.325104473823919287e-04 3.460480777793903005e-04 3.403792358016964484e-04 3.368052194889267336e-04 3.378891856119152319e-04 3.444124718148440251e-04 3.452660894346475107e-04 3.278617849138680974e-04 3.133452657065594863e-04 2.992866239481426177e-04 2.971391173083816253e-04 3.189757439057637999e-04 3.386826699104213871e-04 3.403769460757658872e-04 3.338328522422888368e-04 3.362627611631248663e-04 3.425478497017603536e-04 3.347694892755503655e-04 3.257581454919094210e-04 3.247165190129689544e-04 3.172426449080520058e-04 3.129903436305597948e-04 3.173592426846850328e-04 3.266475192673596933e-04 3.388851281138527839e-04 3.448785873820318622e-04 3.312530452881713196e-04 3.105912161531800258e-04 3.086434205473185871e-04 3.152778869089569586e-04 3.335430563234143583e-04 3.469253355874570097e-04 3.410055877724058526e-04 3.312447262626097458e-04 3.272950346086022960e-04 3.408737235141891535e-04 3.538223707747961211e-04 3.524252784197692964e-04 3.479201548414107871e-04 3.378282825809324815e-04 3.200657369285479347e-04 3.077283129716556500e-04 3.057036256095980314e-04 3.122797445610785323e-04 3.191921930565087568e-04 3.136810193847070632e-04 3.124704877580458890e-04 3.270526417709886048e-04 3.399207814653474680e-04 3.409312760333437983e-04 3.331960496900119922e-04 3.325109981042792930e-04 3.328637298645662737e-04 3.220916524858819917e-04 3.103107280187542244e-04 3.144193914228762344e-04 3.368064515812604909e-04 3.391600420668422771e-04 3.247658273386075877e-04 3.333000749169695706e-04 3.518220608266580079e-04 3.521962276346518378e-04 3.395039225928145961e-04 3.365183253605463993e-04 3.384451619090393876e-04 3.328434714585537134e-04 3.304514603446591457e-04 3.189147673421509235e-04 2.573240837977325518e-04 1.753351341877603916e-04
1.960307214948243124e-04 2.591423334383350144e-04 3.187711727505180203e-04 3.447152171243099547e-04 3.451977409672918589e-04 3.348179694000654317e-04 3.260528980584290150e-04 3.239338627396796001e-04 3.268694589921207635e-04 3.226055476433530348e-04 3.105356005425776019e-04 3.059419189425843029e-04 3.111120135905936016e-04 3.204660491246427668e-04 3.240208742678127177e-04 3.228382993989856262e-04 3.209474837211801108e-04 3.274117818788433538e-04 3.446071335089551145e-04 3.547553786226128095e-04 3.498189683622728052e-04 3.413665954319354849e-04 3.360499311700388021e-04 3.306185115255737142e-04 3.166181657887995283e-04 3.161196750015128143e-04 3.378178771591691058e-04 3.544007845449077669e-04 3.420754918764261528e-04 3.312187970811274326e-04 3.477968652349757773e-04 3.642844580703018340e-04 3.394508451187878148e-04 3.166173795248454102e-04 3.170460271895544002e-04 3.287128448239078722e-04 3.433834386142968487e-04 3.399817788564035216e-04 3.292009053231744246e-04 3.190071114033311709e-04 3.165323994925964583e-04 3.297967556434944301e-04 3.293598562337375461e-04 3.227647699134022531e-04 3.336093214959469540e-04 3.504043708418854808e-04 3.553892650022828217e-04 3.421945860851246428e-04 3.398460786186789347e-04 3.498850133181399683e-04 3.445386399851340883e-04 3.361252500034003039e-04 3.299314690459508926e-04 3.298148299522949290e-04 3.434008844430719472e-04 3.534670924392464657e-04 3.371674494238791129e-04 3.110110126702609256e-04 3.039391572927465680e-04 3.052927129019329926e-04 3.237081431924455563e-04 3.463867679088239449e-04 3.466890392503276658e-04 3.426051324890477313e-04 3.417558090921850246e-04 3.487105074882046311e-04 3.565476382317282365e-04 3.516541259630370569e-04 3.489235135085662419e-04 3.447832519279713046e-04 3.261738078302911818e-04 3.102578275494559715e-04 3.129240665811620394e-04 3.279223923934870832e-04 3.432919190940619965e-04 3.398252070967477164e-04 3.422587626478520583e-04 3.559159976294460639e-04 3.587957659089377493e-04 3.410212328613929284e-04 3.239745914571082099e-04 3.290727662239221162e-04 3.360292982769019342e-04 3.260082498568861844e-04 3.090865005969163247e-04 3.097525885672948887e-04 3.319317905837045036e-04 3.395699974347379541e-04 3.304179937736278464e-04 3.406588221751587686e-04 3.624735049132005345e-04 3.622956288623880531e-04 3.482981931033046459e-04 3.359310039631213142e-04 3.265823267055407248e-04 3.174371596178280188e-04 3.218865239649980857e-04 3.203319684692259098e-04 2.575232411567225828e-04 1.725984900924328806e-04
2.234829796514563641e-04 2.910337018502390629e-04 3.335880850468544924e-04 3.355361015868412009e-04 3.222208933324254639e-04 3.132669449455668682e-04 3.217002894835356260e-04 3.363710893887246348e-04 3.467058036523945185e-04 3.471767820215222299e-04 3.352710122638869502e-04 3.263538071003946935e-04 3.320824611382445428e-04 3.529213501722592086e-04 3.589462435342993503e-04 3.436194531939994494e-04 3.288706371201318129e-04 3.224861002198957253e-04 3.245735275167323198e-04 3.271747970229764348e-04 3.281494157878800020e-04 3.311444654848235509e-04 3.332310301192402402e-04 3.345884978443115949e-04 3.223971730719223366e-04 3.114138305257441739e-04 3.207814389867471986e-04 3.323629961013178035e-04 3.239361359657215748e-04 3.182963229685119907e-04 3.405695235623340967e-04 3.595355424690526076e-04 3.342753693746337244e-04 3.081740807761858508e-04 3.062200302478148379e-04 3.111916783288125495e-04 3.188499436078889382e-04 3.224254292423650581e-04 3.273654386597397515e-04 3.310456664322759812e-04 3.337789037248055628e-04 3.396002976482218397e-04 3.323156727316571839e-04 3.225234279992062413e-04 3.349372400810229282e-04 3.491219782216890702e-04 3.487397757962390813e-04 3.340773635872071150e-04 3.356419655332755318e-04 3.571906251253116095e-04 3.652897401129034504e-04 3.578545484817630519e-04 3.409427264678985899e-04 3.295708562584393191e-04 3.445619326426301271e-04 3.602361498187994543e-04 3.366891327509168009e-04 3.104473453880930624e-04 3.140818616581810213e-04 3.218324862796902120e-04 3.287493538647633172e-04 3.392355185824802487e-04 3.361236952153254872e-04 3.290410960182464910e-04 3.292430626740069401e-04 3.336115013397524692e-04 3.359984253297992711e-04 3.310438657572548353e-04 3.373291602834561399e-04 3.492160330939172671e-04 3.380019911392484651e-04 3.177684512632065550e-04 3.156774232793043951e-04 3.306057214537487759e-04 3.473234135516819077e-04 3.501150474237462091e-04 3.574678282502395904e-04 3.710615184314033877e-04 3.630987658785558457e-04 3.284621924342055743e-04 3.083062464067530734e-04 3.182212462357759519e-04 3.288199008802961945e-04 3.267948808405098408e-04 3.175393014323932435e-04 3.155061238997855164e-04 3.242454692620054708e-04 3.322073597403013491e-04 3.343293579728769441e-04 3.375464393328433087e-04 3.446019994601788334e-04 3.414007498257432211e-04 3.373657471696045679e-04 3.269137689686557515e-04 3.109735457551865727e-04 3.001277447506614450e-04 3.114720784906851178e-04 3.217539053223859402e-04 2.703268127154628397e-04 1.878052362501743801e-04
2.353553868171601973e-04 3.013804004195006891e-04 3.327691260276388575e-04 3.277451761185808197e-04 3.204544226665023482e-04 3.191776607970626001e-04 3.321922126795177487e-04 3.487003738507079512e-04 3.549841560704007724e-04 3.616179834303324524e-04 3.577975206703367913e-04 3.451707078667295373e-04 3.435361769040518173e-04 3.618517330516411463e-04 3.653476932359842663e-04 3.406942356757731148e-04 3.214975286149517400e-04 3.173499208774549930e-04 3.115307420519141312e-04 3.060262750061104814e-04 3.047474943543417654e-04 3.104157433324351845e-04 3.214983099857648442e-04 3.371195510184394088e-04 3.431967486930350168e-04 3.314030755564760858e-04 3.208098024812957401e-04 3.191519311262295535e-04 3.172623108642205541e-04 3.207839845560563063e-04 3.388162289354418690e-04 3.478581046838726161e-04 3.302222021072161867e-04 3.156003981319950103e-04 3.202377822147329449e-04 3.228977569498974517e-04 3.152863519001456501e-04 3.151667820054611163e-04 3.261628551286520914e-04 3.300254057847689174e-04 3.325139493296349691e-04 3.359138998312308699e-04 3.370153632918032952e-04 3.316980165557201817e-04 3.304917848790787536e-04 3.247497528828494247e-04 3.167425820759118952e-04 3.109070818844120350e-04 3.144727977141288503e-04 3.375302043820663407e-04 3.575562294762262461e-04 3.533615873236377021e-04 3.348657847255842633e-04 3.262049332378347440e-04 3.400209044366057551e-04 3.537215130288280619e-04 3.364495538776709994e-04 3.226331597011910862e-04 3.361156490090277298e-04 3.457077401157320493e-04 3.343139783351714838e-04 3.255015530800020032e-04 3.192141667848164910e-04 3.119124856134585346e-04 3.186923235072313971e-04 3.264007324478283194e-04 3.205602329683834156e-04 3.125237178433088185e-04 3.236532073482876548e-04 3.402833773630079559e-04 3.330351928749616334e-04 3.138954016576423834e-04 3.041943423272262803e-04 3.092353777723952238e-04 3.253355639826536029e-04 3.392896808745967177e-04 3.437035942523817308e-04 3.519953129948462617e-04 3.455214722141252250e-04 3.143747187937490995e-04 3.041304766191289333e-04 3.203637566429236587e-04 3.302900724393113959e-04 3.301708449706758038e-04 3.315705940799919043e-04 3.276589422964887614e-04 3.160926752543688273e-04 3.195371024364799259e-04 3.330262696630898107e-04 3.278475372545275757e-04 3.123685595395836543e-04 3.085068134382765387e-04 3.190370246467518585e-04 3.188395927491856330e-04 3.082304079750334712e-04 3.021497527771482166e-04 3.072530626347426148e-04 3.055516064339819588e-04 2.603899859461313005e-04 1.890147605732401745e-04
2.395617295363204385e-04 2.956341827215607236e-04 3.235247695221272275e-04 3.226310660762589746e-04 3.292322600357548050e-04 3.368456535949287804e-04 3.362195962462054179e-04 3.354543349757945023e-04 3.370457217613092573e-04 3.506256485063152968e-04 3.553723243506433068e-04 3.392749942873147313e-04 3.270349217626010614e-04 3.384426444846977021e-04 3.477704822730429655e-04 3.359646815947193695e-04 3.228719200822208809e-04 3.223332497911552677e-04 3.184203395723938894e-04 3.118004722746805070e-04 3.043102455542976174e-04 2.989533211678790979e-04 3.067205683404408082e-04 3.296318058051572351e-04 3.515677884177500351e-04 3.483169426669238938e-04 3.306875742341962993e-04 3.237534381389096222e-04 3.260262874065226113e-04 3.344085329653993669e-04 3.409429600563054536e-04 3.353392953149544930e-04 3.269984654514387868e-04 3.281098347597759908e-04 3.391742194395649642e-04 3.414851955906421941e-04 3.337652650924657471e-04 3.393132133389568472e-04 3.460173144777073883e-04 3.338177979120070075e-04 3.215032508096622114e-04 3.182712265910307313e-04 3.280742888383901936e-04 3.320289811370545760e-04 3.205417783472695368e-04 3.003096062536294523e-04 2.934620314392717352e-04 3.075316462700708724e-04 3.196760839108932282e-04 3.293619204312996660e-04 3.399173428707233141e-04 3.338390510769800477e-04 3.200068054123200202e-04 3.194310223243916960e-04 3.296682523547037318e-04 3.374412337949654400e-04 3.361402473369251012e-04 3.367262448534962850e-04 3.446083086986361432e-04 3.451890847470786899e-04 3.279626265364493512e-04 3.084222002565019556e-04 2.957031005494472112e-04 2.931777039402341627e-04 3.107592953895544209e-04 3.302195999645290438e-04 3.298707007781862509e-04 3.239686972252630920e-04 3.309920245341304830e-04 3.332299940453351309e-04 3.237811050216120486e-04 3.130461435287478986e-04 3.002478414991556358e-04 2.963220488337620258e-04 3.145019824717337591e-04 3.354590274421076425e-04 3.306352185624281603e-04 3.285571206217594801e-04 3.287834465595013177e-04 3.116430411478877342e-04 3.107158330460941110e-04 3.271791191560352780e-04 3.339925173920477402e-04 3.281587117369132731e-04 3.320101570360479439e-04 3.315537495761542407e-04 3.165119902334567617e-04 3.199009346208264476e-04 3.359928772007477675e-04 3.293915057661379051e-04 3.043059870020738697e-04 2.963539482543533620e-04 3.097077250039930330e-04 3.153129937943879206e-04 3.110365108655726045e-04 3.105768375921986861e-04 3.044500751037483620e-04 2.835862138393428311e-04 2.357517268760346227e-04 1.718653999783171181e-04
2.303480888718325388e-04 2.879071401077974409e-04 3.229634672016743792e-04 3.217386329358088142e-04 3.264203111826746891e-04 3.295652778405343047e-04 3.150126892611609356e-04 3.103312137776644149e-04 3.218632483114616479e-04 3.344647219833916658e-04 3.331839189345349905e-04 3.135617045366336387e-04 3.002909524229237172e-04 3.116377016251191943e-04 3.298756703633591515e-04 3.368068007221860800e-04 3.317118713029857573e-04 3.306846218883741648e-04 3.365602068248168925e-04 3.379413848317205493e-04 3.286334138753492441e-04 3.123810736064722930e-04 3.039015215489640400e-04 3.151971116607966278e-04 3.358834050902415524e-04 3.391792063389247329e-04 3.268953985090267285e-04 3.231812304384127851e-04 3.258965880423829063e-04 3.306866278841990182e-04 3.258889311320856954e-04 3.163731572471157206e-04 3.189070532069938251e-04 3.330783630421288010e-04 3.462906905239862641e-04 3.467729835040235758e-04 3.462002458766438731e-04 3.566737027496326342e-04 3.592562957647681089e-04 3.457741488902280275e-04 3.301753001499415112e-04 3.221082714637671417e-04 3.346546001477193740e-04 3.455320239478739145e-04 3.314117277504941873e-04 3.091775078592989378e-04 3.119893329120341325e-04 3.372074607175304904e-04 3.467345620883199712e-04 3.338199509019210707e-04 3.236858228028599051e-04 3.155791800165642859e-04 3.114908168661474652e-04 3.162147569049434444e-04 3.222327299170880217e-04 3.202796772540273014e-04 3.203700485941760436e-04 3.294976868602710724e-04 3.427053281814820503e-04 3.477352343324769291e-04 3.395573825729059059e-04 3.152352511386903827e-04 2.879762129625697883e-04 2.819530349274892208e-04 3.010096728414302807e-04 3.290413604978147284e-04 3.409730573203691574e-04 3.416938781654258578e-04 3.449420120936741441e-04 3.394779592857210919e-04 3.299058848385102083e-04 3.229308572142851504e-04 3.096621008697170293e-04 3.068534343707152298e-04 3.246377005116637742e-04 3.404183116409147266e-04 3.309093239923045554e-04 3.205015768199771992e-04 3.187893998963761992e-04 3.135558021719275995e-04 3.223079170150126198e-04 3.357096561811277790e-04 3.333638990709102091e-04 3.239460343588302120e-04 3.338769235406305672e-04 3.445561105255615076e-04 3.355166169236227600e-04 3.354187746117884283e-04 3.442837298453419012e-04 3.373948731542863707e-04 3.159748707592832076e-04 3.021296004179854517e-04 3.092735254744957219e-04 3.215534744831819412e-04 3.258252508411893641e-04 3.278453612520062306e-04 3.145920947816627017e-04 2.838051679329918779e-04 2.308049733217685954e-04 1.662756822580183265e-04
2.184167048768028991e-04 2.900096521739858033e-04 3.351757170155152685e-04 3.285853244179681287e-04 3.196464623650899901e-04 3.115748845631639364e-04 2.985562344989041873e-04 3.078075729208689520e-04 3.252148364664053572e-04 3.277274548918110561e-04 3.209608488815768649e-04 3.054219824977437545e-04 2.994241535905740816e-04 3.104006973220561731e-04 3.229213404938761434e-04 3.293602129666024737e-04 3.263625282676922484e-04 3.271348189128376899e-04 3.393156738022119149e-04 3.486210521801269948e-04 3.476188967920125624e-04 3.385270835927873482e-04 3.217233834784569927e-04 3.154059899073953597e-04 3.243672687570993050e-04 3.271562325429602531e-04 3.174405973521911999e-04 3.161616383684185891e-04 3.198653127774137928e-04 3.214875340163730259e-04 3.119485313764222903e-04 3.027904627254817847e-04 3.077156600887223062e-04 3.274811782715345964e-04 3.473605059978629212e-04 3.517326243140448511e-04 3.482167393778630134e-04 3.446025215087544259e-04 3.465737888133462699e-04 3.556759902626778058e-04 3.549314697361833889e-04 3.427176459166966262e-04 3.442355407077892252e-04 3.497395584641462994e-04 3.450728235385518389e-04 3.371418478651095046e-04 3.414613318271144402e-04 3.571762373234110962e-04 3.571180617779513714e-04 3.319091543373787296e-04 3.100008020643023983e-04 3.046761090683912897e-04 3.124144674969766850e-04 3.254585350450435216e-04 3.302773853638624798e-04 3.174236655488620615e-04 3.058345411339526967e-04 3.134652470667634999e-04 3.392959434875220332e-04 3.594859936281945799e-04 3.597736452262565105e-04 3.372378126923634891e-04 3.065436594730518464e-04 2.932161814742624897e-04 3.067380646609621075e-04 3.323564945039098940e-04 3.423984185477972749e-04 3.398663653961932034e-04 3.408524867746714560e-04 3.439024856651005718e-04 3.434257183293719091e-04 3.366240903281937039e-04 3.267182305815482515e-04 3.312415788010255767e-04 3.404554994213778753e-04 3.422101315796283964e-04 3.345808683490469762e-04 3.267737229517380629e-04 3.205551684414822619e-04 3.182757082503249492e-04 3.310602077727488129e-04 3.436172919425389371e-04 3.359585376339553923e-04 3.288229924039128352e-04 3.431241869402779717e-04 3.564722278303418708e-04 3.458657247443214103e-04 3.395114463025314128e-04 3.458398285978833610e-04 3.422208310914945741e-04 3.282110801855858380e-04 3.155646973011512306e-04 3.171760567918879923e-04 3.356951995959336433e-04 3.511868775888824456e-04 3.509243758749743913e-04 3.315039294163757031e-04 3.027447288359205713e-04 2.494365641702495410e-04 1.813060995426411131e-04
2.208784258450123376e-04 2.920909801206063154e-04 3.346415855113023079e-04 3.272822224862984562e-04 3.163815586357430435e-04 3.120718990376706724e-04 3.117159702552827535e-04 3.271686219193943698e-04 3.328241438836739203e-04 3.303092476983700461e-04 3.346585138344219989e-04 3.321687726117168813e-04 3.280708131908020983e-04 3.255552052042825443e-04 3.179421546467020056e-04 3.145303437993507900e-04 3.177984627059696719e-04 3.217662574508023442e-04 3.235065694741127659e-04 3.295591942740866117e-04 3.400813347055572141e-04 3.452608812758142169e-04 3.349683808495082299e-04 3.296629356009640960e-04 3.318927362739219032e-04 3.317506666804652957e-04 3.230293859012360559e-04 3.186969033866424964e-04 3.223514552126682505e-04 3.265524184222746117e-04 3.237528302243195899e-04 3.180712048464366453e-04 3.159144602090904383e-04 3.239378305837480997e-04 3.346444857255042411e-04 3.373888494605421524e-04 3.290762246156746706e-04 3.141701382149785339e-04 3.218035395845536420e-04 3.509890291554714501e-04 3.586744747292378152e-04 3.382622222545331181e-04 3.216140554665400126e-04 3.181435914115968936e-04 3.323958739114332142e-04 3.468971276549548399e-04 3.466270242613015860e-04 3.472337207817595417e-04 3.435812296979806092e-04 3.224793499663504686e-04 3.031462764075869374e-04 2.986000345416768586e-04 3.096846196829825654e-04 3.330648851553800853e-04 3.446166128648224308e-04 3.286330367698235642e-04 3.072904000176977790e-04 3.046852103059035114e-04 3.346101390233862240e-04 3.701588428976379606e-04 3.703127883414116016e-04 3.445815770169772217e-04 3.193335389862676592e-04 3.108434393729234526e-04 3.285488368747954951e-04 3.495209877066638815e-04 3.442761648843627501e-04 3.290776923198957416e-04 3.242810915604534949e-04 3.312421761782992553e-04 3.435548562957466958e-04 3.450735275073089870e-04 3.397850308979781866e-04 3.426352712991020955e-04 3.395930609948790823e-04 3.342280932598179987e-04 3.304261941125240525e-04 3.261546870114630670e-04 3.185947232519781161e-04 3.151886144548555861e-04 3.271406764175246009e-04 3.439488478327338769e-04 3.383867243624733056e-04 3.337888727921225476e-04 3.458000672162628861e-04 3.481959922419512916e-04 3.298473599083225202e-04 3.221921255458341533e-04 3.316897832471438754e-04 3.328666209886713134e-04 3.234349044528554316e-04 3.198954473601032253e-04 3.259690834468276363e-04 3.508335941010847815e-04 3.745690986220017306e-04 3.690225929649365837e-04 3.444545611204661781e-04 3.144161244635615068e-04 2.542521964416493557e-04 1.809071689976774323e-04
2.139236418295096837e-04 2.749482900016413101e-04 3.184163280746011996e-04 3.223307832394107868e-04 3.175696667448304296e-04 3.216299656167287543e-04 3.283261331205675074e-04 3.380237143224714661e-04 3.338006418243364987e-04 3.335015795773544700e-04 3.453755161721540974e-04 3.494522829643998373e-04 3.420691002377426607e-04 3.299640653421827556e-04 3.134248736056382688e-04 3.061339020577383925e-04 3.182948204656753247e-04 3.326209622143010180e-04 3.278287018777368720e-04 3.229907094877340753e-04 3.336462593952684453e-04 3.428235633104655686e-04 3.369374197872831034e-04 3.375654188063033421e-04 3.392265569307315477e-04 3.426215359359320112e-04 3.400586319514067478e-04 3.295811341700336590e-04 3.250486959887725100e-04 3.282599370321064372e-04 3.371179068696320740e-04 3.400391660025347314e-04 3.337597594076206504e-04 3.300125785122685505e-04 3.252452253278278961e-04 3.169431036248394808e-04 3.088134703490244982e-04 3.005406826161983406e-04 3.122516103969216902e-04 3.373589818691586826e-04 3.412548066289681917e-04 3.177383262006329380e-04 2.925174206901579531e-04 2.853876821074946297e-04 3.100018300678349581e-04 3.369171808172121687e-04 3.403750671330594939e-04 3.373539242202287574e-04 3.320630848328989066e-04 3.198392787678046691e-04 3.114393079906496373e-04 3.061100153686938477e-04 3.086879444640391835e-04 3.301051025798899200e-04 3.509155381713926873e-04 3.485342327200640928e-04 3.239962850988267686e-04 3.070258473435704132e-04 3.297124888780522613e-04 3.633166244018195580e-04 3.549122929596263722e-04 3.276407670816884523e-04 3.200827370716545408e-04 3.324953522265502613e-04 3.563169660386006441e-04 3.676213472604991607e-04 3.436611796994832550e-04 3.165408629203595456e-04 3.096850663017260185e-04 3.159835701781335895e-04 3.275043065780887082e-04 3.342668121951112431e-04 3.365684392858073627e-04 3.374805773300077220e-04 3.363993087907729833e-04 3.416605175006284280e-04 3.427698839675117487e-04 3.315545047076355655e-04 3.174301702169667712e-04 3.181916989318877382e-04 3.311612546974413156e-04 3.403848235034425741e-04 3.324567571442976874e-04 3.302037643235287805e-04 3.392829691618866978e-04 3.294466041317037049e-04 3.060754636571803031e-04 3.021170598204076007e-04 3.136753845250445311e-04 3.171021441300375904e-04 3.078116257581008921e-04 3.110391145143826105e-04 3.256126006055026952e-04 3.533007492492151020e-04 3.768903333603542457e-04 3.698179012146124716e-04 3.454042531908149954e-04 3.086169596122872571e-04 2.405640902022091691e-04 1.638540257355399269e-04
1.909811727344658976e-04 2.595592631433933867e-04 3.173283352589611854e-04 3.283014689857556394e-04 3.232292205197987290e-04 3.235685356636848389e-04 3.238927120884771546e-04 3.299835044025904978e-04 3.338924777468334887e-04 3.384569119132290111e-04 3.458452436062468350e-04 3.456670993942951176e-04 3.353248143298209858e-04 3.299446980957352281e-04 3.227700976700686487e-04 3.170541690064403975e-04 3.283067584021675069e-04 3.460309060935239881e-04 3.428868492568484761e-04 3.331937103659165004e-04 3.377225293389647404e-04 3.401333222282008862e-04 3.268460093984727169e-04 3.194044813028648795e-04 3.213726007327868646e-04 3.365695715118013128e-04 3.500386532973013458e-04 3.441157991009440335e-04 3.316725277756465149e-04 3.264707186645386151e-04 3.340853080796563740e-04 3.347800591874397968e-04 3.325150846618706371e-04 3.384698691547345000e-04 3.374999247762035335e-04 3.203568628786485724e-04 3.081191646620213588e-04 3.075088205925723107e-04 3.157899727917716374e-04 3.247862497685102671e-04 3.305515930647199467e-04 3.223367156520819728e-04 3.063401241095782437e-04 2.999333374428308965e-04 3.141371041827370134e-04 3.280163842856406199e-04 3.309749833354865434e-04 3.304801699163907114e-04 3.267010186673704802e-04 3.225392185030080553e-04 3.255798506140614949e-04 3.256634578101022352e-04 3.193661602733930457e-04 3.271838521887191560e-04 3.473616097826869335e-04 3.571846602493988017e-04 3.322295329178630166e-04 3.103814512862213730e-04 3.201138033660926876e-04 3.309960957337451095e-04 3.213299510180947591e-04 3.071056040080267623e-04 3.164848296600206038e-04 3.404429772869522553e-04 3.603647571513134964e-04 3.631660701937288122e-04 3.398763056459413057e-04 3.148223038034651615e-04 3.089073442621136372e-04 3.191178780885198111e-04 3.245398376323161468e-04 3.248314007313722737e-04 3.278827789356060008e-04 3.289391831408576658e-04 3.352882841471405964e-04 3.484838107673440127e-04 3.535868782157127431e-04 3.427327575801761067e-04 3.233523892573180597e-04 3.219825338459112243e-04 3.280775906213484559e-04 3.214035201973335044e-04 3.085980258814835227e-04 3.105906573361075489e-04 3.265129724371134117e-04 3.264430640923446500e-04 3.125387798759135310e-04 3.080806035357219600e-04 3.117040363389015018e-04 3.123059826535462330e-04 2.976828582908019969e-04 2.966308581604919789e-04 3.172045230049251423e-04 3.484268833613866304e-04 3.669455879505279764e-04 3.553814605675464401e-04 3.287101448065656798e-04 2.934018894486282937e-04 2.327262484142212620e-04 1.592037781861646638e-04
1.866717134864011069e-04 2.639731410132183293e-04 3.238961608224702536e-04 3.358355412523770503e-04 3.357155178802850902e-04 3.271251417800647354e-04 3.141216937926343423e-04 3.250419944059319268e-04 3.446207796487911826e-04 3.473280772955856686e-04 3.442670610818021485e-04 3.393265937750517339e-04 3.293249200343809622e-04 3.291455356713762141e-04 3.326110541428150321e-04 3.333762450290548001e-04 3.347191798603932670e-04 3.392381595931278368e-04 3.324853870201173282e-04 3.243116010548997862e-04 3.260995082870651028e-04 3.246101162858459400e-04 3.153049091238703441e-04 3.056168332157606924e-04 3.046841324477690596e-04 3.250759557222901268e-04 3.504262084758687657e-04 3.521267697097014353e-04 3.401124975894187236e-04 3.331350639129360071e-04 3.361826531678590202e-04 3.271035105058887307e-04 3.280701321561814736e-04 3.442741681218813160e-04 3.451126446997710112e-04 3.271098680227108534e-04 3.172491956639255707e-04 3.231574549511230217e-04 3.283428110095585771e-04 3.252071239662658467e-04 3.304992842731571462e-04 3.351530256768416017e-04 3.356821025775521541e-04 3.425047163004931892e-04 3.498385903626847300e-04 3.367457288398155424e-04 3.196738258397112051e-04 3.172518446615665497e-04 3.212821306023541179e-04 3.217954242693279402e-04 3.291018100238968539e-04 3.354374514812417767e-04 3.322495280237826396e-04 3.370665989103043946e-04 3.467366279820104633e-04 3.451761587909756923e-04 3.166036260036419808e-04 3.035864509444981089e-04 3.123294299168597864e-04 3.125802840848220920e-04 3.087065101712359945e-04 3.013911145464949308e-04 3.088488951873807876e-04 3.277734970953012899e-04 3.403794966589879451e-04 3.399283107700309947e-04 3.305268981998822414e-04 3.212478088390035690e-04 3.202783117282698914e-04 3.340034008683749871e-04 3.362353686056167822e-04 3.264460540753827194e-04 3.264236342978145237e-04 3.277451156181881466e-04 3.271307041882227278e-04 3.333746890129978577e-04 3.386646155368840724e-04 3.321697364833862097e-04 3.237148758789795992e-04 3.244827575204158217e-04 3.175417754777792281e-04 3.071997721754782056e-04 2.972895085742338389e-04 2.970328768893470755e-04 3.174524052944584988e-04 3.381925046666102224e-04 3.394949300282000407e-04 3.326335506065875437e-04 3.284292384706072841e-04 3.272386077697625093e-04 3.148528157888877367e-04 3.064478056346701430e-04 3.214482931068676644e-04 3.498702159534445352e-04 3.660626235569855121e-04 3.494537670394784858e-04 3.141353375024375644e-04 2.779545499288930748e-04 2.260488570220658511e-04 1.593651397528853333e-04
1.972707886096656746e-04 2.706770160446682360e-04 3.216143024616582727e-04 3.365278520481797177e-04 3.464035221949009376e-04 3.332339233013859210e-04 3.132885435572453289e-04 3.245934897540257735e-04 3.407774093020590495e-04 3.352697194748211016e-04 3.280935607464635900e-04 3.282539848892758504e-04 3.329887579818631383e-04 3.340035870540529733e-04 3.365298129032828441e-04 3.376953406953074675e-04 3.288750629194744923e-04 3.212475767179032334e-04 3.137321014078640370e-04 3.100841374525743007e-04 3.112392251831990657e-04 3.127456242914388720e-04 3.218745453362380693e-04 3.244631600765109525e-04 3.159321057022322285e-04 3.255454358022738808e-04 3.450281643294796476e-04 3.433165273936837690e-04 3.355287428059800588e-04 3.346023735919677789e-04 3.350358720938605801e-04 3.259723303733968276e-04 3.356968220150993460e-04 3.563082683863618588e-04 3.491480173353655363e-04 3.297609561595958496e-04 3.272817818262777761e-04 3.398844271048789573e-04 3.439935872413336969e-04 3.343507075825471022e-04 3.346533633966507931e-04 3.416938589995588849e-04 3.446785184673455084e-04 3.530304397349467516e-04 3.636512468619767613e-04 3.450868139853890569e-04 3.159899091949859270e-04 3.125185931919594387e-04 3.278444833707259195e-04 3.323253557761776298e-04 3.314566051002226874e-04 3.284536975632459162e-04 3.309795696745378114e-04 3.460424201955772990e-04 3.490822716203944871e-04 3.309704000822294824e-04 3.039596504032964549e-04 3.031472215308832945e-04 3.206118558170662999e-04 3.328966658993907013e-04 3.333468164571128448e-04 3.175613072437861355e-04 3.086934977338886849e-04 3.152224889915493855e-04 3.230937381101382138e-04 3.262050736419966736e-04 3.293832581794427098e-04 3.326861926924453393e-04 3.338228502058295704e-04 3.398546841132297179e-04 3.353019177993148267e-04 3.203778709634245905e-04 3.215828249258238835e-04 3.301628589799231617e-04 3.275453307104021468e-04 3.234673032194128740e-04 3.180690062105799359e-04 3.099507535391892972e-04 3.202686706755569377e-04 3.322974909036932449e-04 3.229842447170432973e-04 3.243665715048483058e-04 3.248580887085371241e-04 3.145806767572453095e-04 3.226591466182138690e-04 3.416736833188549699e-04 3.449680758882433564e-04 3.462590091345392820e-04 3.480893174349584127e-04 3.475451078321631685e-04 3.471774064638141581e-04 3.386182586817533752e-04 3.372802588587288548e-04 3.489783890233813307e-04 3.632885784028559609e-04 3.520751249590870022e-04 3.171382298623947552e-04 2.758868488934123589e-04 2.215902513487231368e-04 1.602925894761633870e-04
2.032280378228436388e-04 2.695570960470231123e-04 3.167201780075302553e-04 3.347917733748984916e-04 3.461814892374426972e-04 3.339760728077594844e-04 3.163043436722152513e-04 3.205505718726632232e-04 3.241006338896786120e-04 3.169520310277459756e-04 3.146108710435767289e-04 3.217420822119319477e-04 3.406423106478639277e-04 3.464804785210420486e-04 3.460987626134666580e-04 3.400293362095788336e-04 3.259934700854050715e-04 3.187749708146058640e-04 3.165281733118503337e-04 3.164854546649172908e-04 3.136158894365121243e-04 3.135208594513947300e-04 3.294191238620688880e-04 3.391999724372493120e-04 3.279768740034071962e-04 3.247156799041911045e-04 3.291097013201757168e-04 3.181680084581558002e-04 3.101014128411124968e-04 3.153157437986314499e-04 3.212757263452798101e-04 3.270758718292192998e-04 3.462225938759911693e-04 3.631386370393154960e-04 3.463887878173640706e-04 3.246684277237078136e-04 3.271054559196499671e-04 3.435287779198824363e-04 3.467808482662304613e-04 3.350394080705137155e-04 3.346464515707674539e-04 3.460079869539901690e-04 3.441628677803596848e-04 3.320623280611096836e-04 3.334333230704141209e-04 3.292891133163495469e-04 3.126924647740241111e-04 3.137018421589968329e-04 3.398311317824890751e-04 3.516582459379460337e-04 3.382600906502044691e-04 3.154561166186517843e-04 3.185962293553379820e-04 3.455495237005899549e-04 3.561007793227104591e-04 3.417089042953748304e-04 3.209530022267758536e-04 3.186356408588589826e-04 3.346291953491002560e-04 3.604451759233708507e-04 3.677211734726896619e-04 3.490210885063673059e-04 3.255162872455038365e-04 3.164562597272822775e-04 3.203739848476666249e-04 3.302049883926466570e-04 3.423844547147400844e-04 3.475863885801754039e-04 3.426120238922030002e-04 3.359300081454813774e-04 3.282924204812958258e-04 3.162083192394162662e-04 3.163913653982685682e-04 3.313666030192495907e-04 3.383559007402362319e-04 3.281760668756135641e-04 3.089694632179501924e-04 3.025450152024319623e-04 3.212136488271243951e-04 3.350702809499021525e-04 3.348851699622973723e-04 3.490323923414301657e-04 3.564232609328114626e-04 3.373444150809623869e-04 3.287982994313601781e-04 3.316647968431578786e-04 3.270746166514570626e-04 3.342570506246286431e-04 3.424650750538586579e-04 3.447059693226676514e-04 3.552988752240681183e-04 3.512351434456239033e-04 3.381177994248720864e-04 3.324208419148305953e-04 3.409827224959533463e-04 3.452778022765584003e-04 3.334296240608960538e-04 2.961107853235347542e-04 2.305261378457691365e-04 1.646168619435471061e-04
2.224560042596680841e-04 2.759006032975978438e-04 3.154244988263968765e-04 3.309338075852154412e-04 3.349143378928277166e-04 3.233427928138617700e-04 3.059708311390247097e-04 3.109410747233214058e-04 3.268059664638651540e-04 3.319363534779419186e-04 3.253936619702305771e-04 3.208692517349421300e-04 3.351363376226731299e-04 3.430962675963110864e-04 3.465750562847549681e-04 3.483490626688496780e-04 3.416965473580964047e-04 3.395200661863097985e-04 3.429394132517901055e-04 3.383197176435290862e-04 3.201424589681479234e-04 3.114888093463394694e-04 3.263632047144058874e-04 3.387853502115852934e-04 3.347193644779074143e-04 3.311421304451289639e-04 3.288164056636559370e-04 3.085336824505257192e-04 2.879239138124380331e-04 2.891673712195488117e-04 3.031879097778834094e-04 3.185760267278994013e-04 3.377699452647082209e-04 3.419149994239449358e-04 3.177695726128065357e-04 3.084347907024575109e-04 3.271950622294906175e-04 3.476184608342067911e-04 3.482582190923061991e-04 3.380101948936303389e-04 3.336092926446720692e-04 3.387021988372527310e-04 3.380021785575733568e-04 3.215463073352304267e-04 3.125564837898237068e-04 3.155539329955513064e-04 3.153999386368068502e-04 3.190259532578755379e-04 3.442153088022513853e-04 3.619091339867232943e-04 3.458440574847096915e-04 3.092795010503300557e-04 3.082353782683658686e-04 3.358454515771516291e-04 3.539151433429966543e-04 3.529299294517849951e-04 3.401255576338972695e-04 3.361894831917774723e-04 3.426698775550093270e-04 3.636860597257498455e-04 3.737514674993533230e-04 3.628952304250021728e-04 3.390446159449417947e-04 3.239999035445026172e-04 3.290589404420458182e-04 3.401903252285894282e-04 3.494908930798078499e-04 3.529580328926009737e-04 3.485493256028400185e-04 3.360195590056160031e-04 3.284507654980296982e-04 3.207154668821539855e-04 3.173326045291757725e-04 3.295069852630463057e-04 3.403496904161353856e-04 3.349584804201199734e-04 3.200742585140269698e-04 3.171258366858599421e-04 3.268308810998346537e-04 3.325140942871704190e-04 3.393027024629571993e-04 3.557728830751546350e-04 3.629222280738850876e-04 3.502942753732071106e-04 3.424597723591019495e-04 3.284785674161578911e-04 3.020757009402884070e-04 2.973793763985110600e-04 3.091924665535916760e-04 3.276820793763280315e-04 3.511639186754795324e-04 3.481197963294520650e-04 3.252093140081611304e-04 3.098327414387952450e-04 3.140368519007629994e-04 3.324905504599059655e-04 3.501304084454353346e-04 3.265513041471350603e-04 2.516424397451927884e-04 1.705782584810690739e-04
2.439460656973679138e-04 2.863287128987474948e-04 3.183304896353685151e-04 3.285816965949686554e-04 3.263025692330883938e-04 3.169822447703794701e-04 3.016517729380929812e-04 3.085113764764636389e-04 3.341722301135407287e-04 3.431317219560736913e-04 3.215348013935457640e-04 3.031776701438381686e-04 3.138040996820814837e-04 3.256712180235705307e-04 3.332300072215705700e-04 3.462201563149326796e-04 3.520054014084847004e-04 3.528255387475180303e-04 3.591164157975727323e-04 3.560734230089140744e-04 3.307911773954370287e-04 3.122609939005361679e-04 3.210604407589389689e-04 3.354798313849418115e-04 3.454760283876840191e-04 3.574138561460302654e-04 3.618870595536468173e-04 3.354348414272058116e-04 3.027583302405969438e-04 2.939604817846862674e-04 3.040971357833243890e-04 3.121950137168198096e-04 3.221308021603177781e-04 3.196370862108230968e-04 2.983765190450132863e-04 2.968996802836058597e-04 3.152938462878563265e-04 3.313991309934545982e-04 3.434097200953597833e-04 3.482296366530596198e-04 3.344043513362216771e-04 3.232054804405295025e-04 3.292488077029822723e-04 3.291398671832778712e-04 3.244169702837666411e-04 3.263654120985534255e-04 3.275855283616613094e-04 3.231673796034285158e-04 3.389933585008545434e-04 3.600996009344296683e-04 3.455883088148879127e-04 3.045113657238876287e-04 2.998950502169512580e-04 3.191569352690820345e-04 3.355194852356883787e-04 3.392545368638416733e-04 3.270447751347389147e-04 3.252800908703906962e-04 3.311281998945992777e-04 3.476296846000198637e-04 3.566112421698954698e-04 3.505951765974876506e-04 3.315830957425730356e-04 3.231525384808004754e-04 3.416123053315262654e-04 3.546233560312220105e-04 3.497350677393400143e-04 3.410953470671659947e-04 3.373935925219056315e-04 3.331724646642394462e-04 3.329174616267888348e-04 3.256270667627436536e-04 3.129231397995814153e-04 3.113461944065843605e-04 3.161132080401105569e-04 3.226058418564343956e-04 3.324899518305846676e-04 3.388062301009440308e-04 3.345307533717725560e-04 3.296313361063047233e-04 3.314982735293607857e-04 3.397875457124876000e-04 3.436874511231772979e-04 3.430631172800627281e-04 3.430281050641729610e-04 3.227406489009938275e-04 2.910764888682964603e-04 2.795831788864959716e-04 2.918894109276075170e-04 3.234433291526031496e-04 3.561632179826573676e-04 3.527128819766976557e-04 3.193471826309992895e-04 2.992312097452316626e-04 3.067741323400694593e-04 3.329116575048855775e-04 3.606291585378668682e-04 3.435254463217423293e-04 2.667317055956996844e-04 1.774643070651849724e-04
2.376780774552025811e-04 2.849621076002634840e-04 3.265480390438576293e-04 3.392457533620858853e-04 3.341966841927679083e-04 3.271174158723234816e-04 3.194526858462979572e-04 3.216908423786536122e-04 3.326495722508108306e-04 3.343836968202828445e-04 3.168827644105041801e-04 3.063764667090980399e-04 3.121364006861216192e-04 3.163029127918407781e-04 3.207519781051217230e-04 3.347136613537423245e-04 3.407827294651986721e-04 3.355108083189997517e-04 3.431989096906543101e-04 3.520089715960679315e-04 3.365873609174555980e-04 3.130065975665058311e-04 3.072669582292100049e-04 3.199322834547566139e-04 3.421045828120182399e-04 3.666056777479324196e-04 3.758129332793169459e-04 3.518045502985920085e-04 3.255604022934684150e-04 3.171877597061564607e-04 3.191269497429928353e-04 3.143659755466188992e-04 3.132813814639541722e-04 3.185338756099933329e-04 3.142552499783112093e-04 3.073002415809701149e-04 3.031074482642698298e-04 3.054495245550214446e-04 3.277790527352405928e-04 3.465182233967560414e-04 3.330934344095548951e-04 3.200027734665084013e-04 3.265912180598726667e-04 3.275086920730991419e-04 3.303835746790321831e-04 3.377570214799263432e-04 3.334915256332851574e-04 3.188806333415430115e-04 3.225913453055004494e-04 3.409692820724325715e-04 3.364417536003988670e-04 3.105141427983164272e-04 3.075228820188192699e-04 3.179920608577278883e-04 3.298326331915017902e-04 3.257487541288637384e-04 3.002882120333329034e-04 2.934468785954000422e-04 3.052194045956431955e-04 3.230647695831786190e-04 3.316692002180164677e-04 3.289989769727087298e-04 3.126245670648431689e-04 3.177376429420498169e-04 3.539309308224430710e-04 3.659215974401916201e-04 3.490988477053435807e-04 3.286852168520218009e-04 3.149729820241776394e-04 3.158756780122893995e-04 3.300234070921687123e-04 3.352816568868956172e-04 3.229216711838734473e-04 3.090953974604664567e-04 3.020081941205963192e-04 3.089472546780614717e-04 3.320950665566079602e-04 3.447157811297558712e-04 3.363000032034949125e-04 3.269215279979713904e-04 3.210005547012484721e-04 3.185528550050735182e-04 3.181909418906035854e-04 3.288312749971314809e-04 3.380329518185844987e-04 3.235571542061908726e-04 3.057024965999486981e-04 3.006132652904881211e-04 3.123108883440425831e-04 3.377413519354002195e-04 3.574487515115164389e-04 3.488543537967023342e-04 3.201736168428629065e-04 3.070977738435497770e-04 3.127121203348209215e-04 3.237732296329309074e-04 3.360225525671266603e-04 3.219590138944939794e-04 2.565152615226561441e-04 1.734941104521979006e-04
2.242167148340886871e-04 2.756976207365181624e-04 3.295029981437223149e-04 3.482990520992153977e-04 3.391496589733150580e-04 3.313532108874864528e-04 3.307812807696394611e-04 3.297404574085969174e-04 3.230184185738736984e-04 3.223869203985669585e-04 3.324568870747907556e-04 3.406037184730240541e-04 3.316839672408751103e-04 3.186680178498038076e-04 3.128036437748491373e-04 3.152641644111571018e-04 3.127872478708303323e-04 3.053885925081741676e-04 3.175065593358553616e-04 3.374995959491878953e-04 3.392325579324685300e-04 3.205722842946053062e-04 3.006059190434716552e-04 3.026988953371744710e-04 3.247096422538866406e-04 3.494258337905880012e-04 3.575159811784338381e-04 3.429012904810450359e-04 3.299362600767935094e-04 3.266788953674098312e-04 3.286668281537967061e-04 3.216797895048142345e-04 3.159131586020192360e-04 3.265344538632862156e-04 3.339560208354928894e-04 3.247575559182256321e-04 3.092323458170007913e-04 3.055028311560574212e-04 3.266879953491594693e-04 3.397042542199603214e-04 3.250603973250023888e-04 3.198486165400069459e-04 3.217272468967242614e-04 3.104907555841506569e-04 3.168427346029388221e-04 3.370337310929437087e-04 3.404655456589103361e-04 3.261329700042698600e-04 3.158552853194540209e-04 3.193669846451684243e-04 3.210147971951800945e-04 3.163009818084028518e-04 3.212573786378015907e-04 3.328347408907200906e-04 3.488463327136632477e-04 3.362774519878806143e-04 2.993557918189691802e-04 2.878739597493692928e-04 2.973573197101491350e-04 3.073165704708670206e-04 3.163185924310904615e-04 3.221525404801532286e-04 3.098309475116374891e-04 3.147786376692138059e-04 3.487809793503345848e-04 3.614837848428153122e-04 3.455468307969368491e-04 3.212474173444825770e-04 3.035529246494022486e-04 3.085861064431429991e-04 3.287401098724597633e-04 3.457732692849749181e-04 3.445038227183097298e-04 3.284974571371049399e-04 3.138754277069194954e-04 3.149501854154600428e-04 3.339956338678240228e-04 3.459545991149520815e-04 3.386430573032062508e-04 3.263940703873987421e-04 3.182839487002750108e-04 3.130482327507104305e-04 3.126149289035296290e-04 3.302982151119725337e-04 3.483976826250523144e-04 3.413607196231143240e-04 3.269294484868321988e-04 3.248251290854816103e-04 3.357493218204099343e-04 3.495127487024812622e-04 3.473946222754049256e-04 3.299923056287471174e-04 3.210937857048743686e-04 3.248682011709584389e-04 3.157332229715722571e-04 2.991075988369281866e-04 3.010741086611121425e-04 3.023225228088002089e-04 2.523773036515022440e-04 1.761279619381818492e-04
2.052483764796317822e-04 2.623219799455695530e-04 3.239064145333787588e-04 3.493197861735185998e-04 3.341218445751626765e-04 3.197827787062614826e-04 3.256900199905863962e-04 3.285896882745835477e-04 3.157050574013777595e-04 3.179119897667221804e-04 3.468344936687769390e-04 3.624351719702248800e-04 3.480441883013219535e-04 3.368137809767188305e-04 3.303286223871607563e-04 3.149752546235452290e-04 2.996074452977727422e-04 2.968959001138616292e-04 3.136995485447469176e-04 3.361021057243879185e-04 3.433212280610322461e-04 3.249269974104360484e-04 3.020466592402006652e-04 2.996746910414015011e-04 3.198875934760242196e-04 3.458136624963941601e-04 3.545329446572135232e-04 3.420912339984833925e-04 3.294227173916953154e-04 3.264414245225749850e-04 3.330420066838473509e-04 3.317643368093949529e-04 3.246589648704512987e-04 3.285675905030713403e-04 3.335522449664573641e-04 3.283138843024924506e-04 3.187285986276058749e-04 3.179495266729886289e-04 3.350892387160295856e-04 3.423591908153523762e-04 3.309979313061506626e-04 3.277127870170667197e-04 3.187262943129350501e-04 3.041183984457129785e-04 3.148527493996204976e-04 3.406636376936805766e-04 3.559983058208851113e-04 3.502572939195560428e-04 3.328169124042526213e-04 3.197278197949445042e-04 3.112208382281910326e-04 3.098561678488354803e-04 3.223622215121277335e-04 3.472320213709774689e-04 3.713348626334946035e-04 3.520758189340430621e-04 3.146850238301588613e-04 3.080825222070161231e-04 3.162502184144974963e-04 3.181671728860684220e-04 3.251386462906496761e-04 3.362803735561516682e-04 3.275163431864103062e-04 3.146357546062049544e-04 3.276529926109674872e-04 3.431199574155915965e-04 3.366888779182126545e-04 3.170631010907593765e-04 3.129480437436246753e-04 3.301672416549344242e-04 3.478626483349181388e-04 3.576082522197297298e-04 3.511059675154439485e-04 3.316876486736557487e-04 3.224297223526474774e-04 3.323235760996314696e-04 3.547096150641803952e-04 3.628047467262096116e-04 3.446199869712470820e-04 3.236744516684059961e-04 3.141848509920687634e-04 3.109939537661731584e-04 3.187277990036605294e-04 3.366590872278520607e-04 3.514246970203942309e-04 3.477519147077151552e-04 3.358346308801889342e-04 3.376844096369543361e-04 3.507264779470335020e-04 3.580555385880309716e-04 3.467120532129588841e-04 3.275808759820380504e-04 3.272440157624756070e-04 3.379948851689055025e-04 3.247942444255277721e-04 3.050296429866869072e-04 3.082942709428140556e-04 3.149957060777129961e-04 2.672897837483000734e-04 1.891253728602642324e-04
1.894445906780912211e-04 2.566815255662573212e-04 3.203751807727335012e-04 3.465203192838725165e-04 3.302700002698130558e-04 3.151327194177353224e-04 3.279293243299266007e-04 3.362096762403258545e-04 3.289355057049675197e-04 3.338492771779473641e-04 3.528419238970550032e-04 3.571941907183459781e-04 3.494837696071277427e-04 3.536602134756098009e-04 3.570631161848952751e-04 3.359339597203979985e-04 3.150286201959316863e-04 3.141927764046286613e-04 3.253174901870713696e-04 3.364958924238764656e-04 3.410414701325290335e-04 3.323294399791969786e-04 3.233887193030630502e-04 3.193811171742055432e-04 3.262395565264397104e-04 3.465781137169312177e-04 3.564111581466608602e-04 3.372067847534072731e-04 3.172453451834796349e-04 3.224869223645220832e-04 3.403325057282228019e-04 3.472263249379774707e-04 3.360488262918321896e-04 3.241231500909143607e-04 3.259863748484298626e-04 3.321408713353924845e-04 3.336525435393875808e-04 3.343144104712048210e-04 3.408606122951621763e-04 3.461220248228598362e-04 3.435757543571228722e-04 3.390698744516858687e-04 3.258139519459835672e-04 3.199744483520661361e-04 3.291605662036621344e-04 3.381329002550785947e-04 3.499932451469137768e-04 3.570916187821290789e-04 3.437899174098702913e-04 3.224999841152746401e-04 3.068629697794803836e-04 3.001319364323440245e-04 3.098739727812905307e-04 3.408221876908235060e-04 3.684074299126435283e-04 3.549606111616128304e-04 3.324502957391009365e-04 3.342086377042813175e-04 3.443761848164975797e-04 3.471688265000103793e-04 3.471864477364708704e-04 3.480035329069596037e-04 3.367470087432093695e-04 3.109108713142000064e-04 3.079001479178998285e-04 3.222424504324465861e-04 3.260996037962979495e-04 3.231277839828138737e-04 3.376169861333946703e-04 3.616565948664576553e-04 3.726763016421087054e-04 3.664052625597128895e-04 3.382597590627505228e-04 3.106393385890002939e-04 3.157202302041992557e-04 3.436550277206877266e-04 3.748195432302706392e-04 3.789912139226743514e-04 3.491773333514065856e-04 3.189115078360578838e-04 3.097246485100075132e-04 3.131537730798403122e-04 3.275712659834866718e-04 3.397416314119201027e-04 3.440792873916602847e-04 3.391278413884112487e-04 3.263747889651346951e-04 3.230722278151480797e-04 3.344693713686290983e-04 3.490206252131555689e-04 3.572640116709358514e-04 3.476685221987905897e-04 3.319812899112819030e-04 3.345492299316669255e-04 3.361186591699800432e-04 3.385986693468384396e-04 3.480460086069653682e-04 3.391440530057554287e-04 2.756069292276789782e-04 1.894402100574694135e-04
1.913632893382086154e-04 2.637183794672765284e-04 3.171945132537778295e-04 3.330287044731569711e-04 3.264677198301456753e-04 3.244435359103985746e-04 3.451917691675569127e-04 3.565392706951083738e-04 3.485683146118887877e-04 3.420402294655508881e-04 3.383796822100959036e-04 3.322538142715119984e-04 3.337894432206245073e-04 3.465635582053421199e-04 3.551025786765193981e-04 3.404134559017297471e-04 3.301104802925737742e-04 3.388452373883937721e-04 3.451642168565687441e-04 3.389396384096383203e-04 3.401170336604754721e-04 3.500829534052250346e-04 3.533491269982919091e-04 3.405596831507068378e-04 3.257100741721860766e-04 3.323948401098875973e-04 3.401704372609774710e-04 3.194844455135261688e-04 2.978558007845673187e-04 3.113219245753117478e-04 3.416556358183727316e-04 3.560164380900625054e-04 3.422299397160170160e-04 3.189499278320935029e-04 3.204415824087373708e-04 3.356699435924003698e-04 3.416871725710628237e-04 3.400947533060455670e-04 3.390365360614526306e-04 3.436364187377715903e-04 3.432757659070785183e-04 3.388953939687625342e-04 3.322903728190505388e-04 3.344496510167270270e-04 3.387900651200145786e-04 3.300058035788624913e-04 3.309123658811314282e-04 3.458469656596095893e-04 3.406624601339712207e-04 3.195691125090897888e-04 3.069246205629492033e-04 2.998877618515611502e-04 3.052814742821397323e-04 3.292048271736416898e-04 3.498405447184587866e-04 3.471070544603089116e-04 3.405373695713643113e-04 3.419296661067603924e-04 3.476943949746088549e-04 3.497404202255245394e-04 3.438221849601007588e-04 3.395183966239142918e-04 3.319221338587006109e-04 3.140590886386205281e-04 3.146452115607818126e-04 3.286677074336103789e-04 3.307029669559782793e-04 3.252374628045389716e-04 3.355756649616141582e-04 3.572338432413964000e-04 3.674587229090357787e-04 3.576035363466666898e-04 3.254372546555719470e-04 2.991775448191661530e-04 3.146792511111589394e-04 3.516066865575762741e-04 3.752916864319209974e-04 3.690110199723429336e-04 3.392271850071507089e-04 3.097248555551636523e-04 3.024363405467948678e-04 3.164623061276231357e-04 3.400714366241104061e-04 3.509287835857098528e-04 3.454717471745747878e-04 3.313450419352862233e-04 3.117853539509648619e-04 2.959788349509559404e-04 3.055459619482287035e-04 3.420650229960126585e-04 3.721581103305923559e-04 3.560010138180483719e-04 3.215174968670192674e-04 3.198367927945925532e-04 3.361502439692720429e-04 3.576314466654673813e-04 3.784231805610350011e-04 3.535802005272253444e-04 2.661543646352879469e-04 1.762986685045716032e-04
2.109729948625856761e-04 2.779414190837590972e-04 3.167956754658684919e-04 3.178707077260392220e-04 3.190750638170621392e-04 3.284684738327861044e-04 3.490914989296739924e-04 3.548339394666995663e-04 3.354246578557309013e-04 3.182394588873902180e-04 3.169485596654934758e-04 3.198192677978937189e-04 3.218952400682020733e-04 3.282991235665962950e-04 3.341947632697429339e-04 3.242711615294103437e-04 3.219894062611657233e-04 3.397266984613375338e-04 3.496268746344808514e-04 3.362280443667327746e-04 3.381878663335778938e-04 3.526346864341724685e-04 3.442037134707934699e-04 3.231536883546558422e-04 3.129119315324056013e-04 3.261796208495755349e-04 3.357660803926772533e-04 3.211701860263078186e-04 3.060343441774693524e-04 3.156119294148244372e-04 3.417284866471051192e-04 3.581277170766663511e-04 3.512573357540562866e-04 3.254017890556749762e-04 3.193089441959048652e-04 3.332343302604080662e-04 3.347453852259594295e-04 3.281699932061683594e-04 3.323014669543530755e-04 3.460909829781240975e-04 3.492020173057829545e-04 3.422249854416113636e-04 3.335108967688227982e-04 3.329070491636535248e-04 3.333837854797512589e-04 3.232678603846048365e-04 3.216664714696334821e-04 3.381044111336637759e-04 3.379202164389236043e-04 3.183925183067995760e-04 3.162833787232294204e-04 3.244600297606422407e-04 3.304760412910821106e-04 3.355836494231045149e-04 3.390355290826024999e-04 3.402149465479021575e-04 3.429623390908446371e-04 3.403476556828890186e-04 3.406644834880616693e-04 3.389867973570795563e-04 3.284787607668319042e-04 3.252672364218088486e-04 3.238153788421187294e-04 3.225072926192715673e-04 3.350590184569101726e-04 3.505128534019575888e-04 3.395280665251840355e-04 3.149163106426271187e-04 3.136138974987867363e-04 3.353371375905327221e-04 3.454428188398515052e-04 3.366126445566283622e-04 3.262807279788832024e-04 3.176769060211267473e-04 3.296871992060411514e-04 3.550132421189287446e-04 3.594808155017171743e-04 3.431934047361951800e-04 3.241021481730810587e-04 3.060167319306250958e-04 2.997510247839282839e-04 3.217648234363735486e-04 3.541361363469953927e-04 3.610721777518107085e-04 3.440287224511955674e-04 3.254245775649644351e-04 3.105368004623685176e-04 2.948244629650617491e-04 3.028509122007351571e-04 3.430779171850780579e-04 3.708027084379038720e-04 3.412517092678359672e-04 3.030912142874702710e-04 2.995222331495547667e-04 3.150756085971606244e-04 3.435244022570452726e-04 3.791518151702513305e-04 3.596378980050387100e-04 2.638633672290851173e-04 1.730148708179364580e-04
2.264789382096828857e-04 2.850100259510942842e-04 3.145519914860807277e-04 3.119445441434537999e-04 3.198571889533441252e-04 3.316680220307041075e-04 3.378376896677455585e-04 3.282253455335169693e-04 3.046778187789904056e-04 2.954040508026165414e-04 3.109788453154413456e-04 3.240557882350732005e-04 3.214407268723133010e-04 3.205747491708259181e-04 3.252576232141580885e-04 3.185439465195756244e-04 3.154511185397101784e-04 3.294905017873336265e-04 3.393259379517584926e-04 3.312867262593197993e-04 3.374549976202810336e-04 3.437180292992777575e-04 3.231097601858618222e-04 3.043139293713346223e-04 3.080039514103750692e-04 3.286721914018997685e-04 3.462244329426027861e-04 3.470895195370806981e-04 3.359020106424856554e-04 3.320597829238200677e-04 3.406510137039665386e-04 3.528306745397483796e-04 3.563976525739351526e-04 3.366629908642163570e-04 3.245716231978220756e-04 3.305597669635585985e-04 3.261847083696547966e-04 3.175191293614472747e-04 3.246679139974230485e-04 3.408806118237225468e-04 3.459692349919929943e-04 3.397481065215764585e-04 3.321947909593347698e-04 3.251306900281239671e-04 3.155041753908071093e-04 3.090779201614060503e-04 3.155186915276632408e-04 3.327951574273985786e-04 3.363011304225993741e-04 3.221772097065770703e-04 3.262488698694325723e-04 3.449348039729653245e-04 3.494117948210871943e-04 3.350908919166260781e-04 3.190225012465802354e-04 3.188062037987271719e-04 3.354334814879677672e-04 3.412911277678316565e-04 3.397942678902273958e-04 3.340922099600352781e-04 3.228369023417451710e-04 3.250233056473044173e-04 3.296872688020535355e-04 3.319458768554820437e-04 3.387564426881279700e-04 3.496175297171450771e-04 3.386795182321225128e-04 3.150686834009660793e-04 3.147145862761412506e-04 3.360971934534411369e-04 3.392421407950011619e-04 3.241031727163110987e-04 3.292772995791326584e-04 3.315845162470010959e-04 3.300196834415674175e-04 3.402235884014326783e-04 3.393151329393201149e-04 3.263125042408844415e-04 3.208392371761889083e-04 3.185007283990209936e-04 3.124506091601546970e-04 3.259364841823967360e-04 3.529838925850400239e-04 3.553806463071815225e-04 3.339182436285517913e-04 3.140443555568703813e-04 3.051320851545615215e-04 3.040043687760688980e-04 3.154171162743478083e-04 3.403133197402864046e-04 3.570049590080980441e-04 3.352618607584533926e-04 3.061967334214946591e-04 2.947645022219163831e-04 2.967282015794117005e-04 3.197851379700178453e-04 3.572186120939660828e-04 3.472814461994679558e-04 2.628577563109990925e-04 1.762451699208989430e-04
2.221494712910936521e-04 2.787941345742250420e-04 3.042907130556008139e-04 3.046609694171316385e-04 3.213642901572774180e-04 3.368458862053368748e-04 3.389791531581497317e-04 3.322922653057982546e-04 3.179998471757203250e-04 3.103276300191006357e-04 3.182548782307507290e-04 3.219342983909911264e-04 3.167911202428567649e-04 3.174325863411831591e-04 3.287082283280415166e-04 3.288654785898876805e-04 3.247337598195371589e-04 3.273921426495753377e-04 3.306893266628498237e-04 3.284536883151559380e-04 3.302496491053717362e-04 3.281462880630554770e-04 3.195584270677397391e-04 3.152573464045549910e-04 3.204190349070872674e-04 3.324387718070888386e-04 3.522743620072681515e-04 3.631139960459515330e-04 3.437381497708159829e-04 3.245723807921839944e-04 3.225985766953972777e-04 3.325931627909243550e-04 3.407929453028470937e-04 3.331726835205139122e-04 3.261137537671941148e-04 3.246505528708635690e-04 3.178830576710573613e-04 3.153132940650472775e-04 3.197623028313524617e-04 3.224091144546302988e-04 3.198980583939528598e-04 3.229700625687071660e-04 3.349539004221246952e-04 3.310898187286768829e-04 3.125835567350156315e-04 3.040602769996237449e-04 3.129489003241452735e-04 3.308058291408586069e-04 3.386886676532638047e-04 3.271771460224725983e-04 3.237210669943857465e-04 3.378182402875936794e-04 3.390018713068409834e-04 3.200929920129511790e-04 2.957069389777986900e-04 2.917169235236052698e-04 3.168163789410652505e-04 3.335590364782936752e-04 3.319222691571830980e-04 3.252363996749518945e-04 3.257195753090419725e-04 3.387025222576779920e-04 3.441372932764112419e-04 3.382145782197888738e-04 3.300531779528075114e-04 3.312955719616209743e-04 3.340107014825820187e-04 3.308972577158091153e-04 3.328026581225528632e-04 3.437373685108164180e-04 3.384451602889988059e-04 3.178810733689372290e-04 3.173866798197224476e-04 3.189189009851904925e-04 3.171485026049885051e-04 3.255912659954923087e-04 3.255611835873351489e-04 3.161822439859831397e-04 3.183429983229297449e-04 3.268272858223291496e-04 3.229844765182880544e-04 3.237859928143414713e-04 3.379378095331591085e-04 3.374740900508805316e-04 3.175321824098898543e-04 2.993005905800858227e-04 2.953499212310150635e-04 3.087272886876455801e-04 3.259735541622041529e-04 3.417717056845226355e-04 3.552587189408598677e-04 3.483380034420284119e-04 3.254820590329722887e-04 3.047981538154510492e-04 2.969297327367113968e-04 3.087423581677009349e-04 3.321312775459379961e-04 3.205018472358999262e-04 2.471391006783668545e-04 1.679672009405283628e-04
2.118560420063207977e-04 2.634549830761718885e-04 2.892741865404851076e-04 2.990407911928648962e-04 3.226228898088533917e-04 3.417793419641283010e-04 3.512713196091231350e-04 3.572643514780942829e-04 3.498299476828754936e-04 3.348833108567261145e-04 3.254975249996725373e-04 3.197116489915270525e-04 3.180311878111434596e-04 3.241758189815916423e-04 3.450749325792244662e-04 3.504555189664348806e-04 3.400911258016307706e-04 3.269858232346171002e-04 3.242062492143627482e-04 3.309424430703375030e-04 3.326176328375552577e-04 3.279594768923047346e-04 3.271167859655733489e-04 3.263571085188185983e-04 3.244566442581812938e-04 3.265711505166358857e-04 3.404740501124057682e-04 3.514296067382005335e-04 3.356344324107508339e-04 3.178751659876256777e-04 3.100374990937754087e-04 3.090358452397939937e-04 3.122307537405989990e-04 3.161220826174488048e-04 3.193857820344616488e-04 3.177574082503888445e-04 3.158017740678444843e-04 3.222674670721379069e-04 3.249485304030525672e-04 3.185638983512331440e-04 3.078009174111557243e-04 3.162802362387034591e-04 3.447682975552205514e-04 3.479444005173670893e-04 3.315708399990795695e-04 3.240687131701399694e-04 3.262904445842846647e-04 3.372082437065168550e-04 3.456032137946252235e-04 3.366723138093127279e-04 3.284848189003756048e-04 3.353503024275491964e-04 3.353094149330175218e-04 3.221310886215626940e-04 3.064158684406823627e-04 3.038879934180461475e-04 3.229770533446360082e-04 3.366779998541748393e-04 3.322492836645597877e-04 3.252073611455497636e-04 3.357787833787826423e-04 3.523837330742971789e-04 3.499123226118422631e-04 3.378556641844840738e-04 3.258524041153055195e-04 3.173454990336881435e-04 3.252281363204561140e-04 3.374526930722045745e-04 3.410008902505979526e-04 3.429481051755796546e-04 3.347744515952718420e-04 3.193572857307187471e-04 3.111316799337526112e-04 3.114800581594186256e-04 3.219821527303205321e-04 3.396145741710838517e-04 3.396184826030723323e-04 3.279635278044359167e-04 3.288526719272256938e-04 3.364860018222418916e-04 3.322862170793142102e-04 3.308473687647672020e-04 3.392572154485774165e-04 3.342090472143598341e-04 3.147504587936566915e-04 3.045477145622588200e-04 3.098606808357201765e-04 3.243135534526911303e-04 3.344655059842016847e-04 3.426618263241991338e-04 3.524056724319622963e-04 3.519839257494891595e-04 3.324685130991197673e-04 3.096306900296607722e-04 3.040497968776544957e-04 3.140328171007437334e-04 3.252751628533344201e-04 3.103280034296473141e-04 2.413505624990400071e-04 1.622246698983569307e-04
2.027725605570795031e-04 2.511516464378064093e-04 2.813035142210520783e-04 2.998291892078824806e-04 3.227930877665027625e-04 3.398497434404451970e-04 3.508351237234154894e-04 3.530681122960473541e-04 3.439738280340592556e-04 3.326190366073798147e-04 3.266136040823184672e-04 3.265639970204484979e-04 3.269389192339680573e-04 3.323712625187455992e-04 3.525338553714514383e-04 3.596294821336972055e-04 3.468854854355516836e-04 3.251024271493777366e-04 3.237936220239635951e-04 3.447720210414545201e-04 3.519536871172067836e-04 3.383529662082787387e-04 3.284510733696079186e-04 3.289637832548332128e-04 3.261539627227977821e-04 3.224015861793153113e-04 3.250572104846007927e-04 3.283155949163509132e-04 3.266648001423887084e-04 3.243054914330810706e-04 3.151974888991368028e-04 3.020925309002405520e-04 2.988734363585447392e-04 3.078806905423097078e-04 3.193518001095666534e-04 3.235552562747065898e-04 3.277602768710442859e-04 3.364226733705037373e-04 3.328963891150753989e-04 3.206055232939600415e-04 3.077405176564437838e-04 3.153563129355804783e-04 3.432983374604721286e-04 3.538778240760159766e-04 3.487763063196946218e-04 3.475900898879210514e-04 3.420597888217456880e-04 3.348677738501027357e-04 3.333382370516289493e-04 3.347773247379639194e-04 3.404076234705552756e-04 3.440875004798234649e-04 3.372482541741532490e-04 3.304612301586631168e-04 3.343305039953536765e-04 3.401110531345929002e-04 3.516086180879552736e-04 3.569382334466940539e-04 3.459996387876806750e-04 3.275900157848967180e-04 3.273184209699781140e-04 3.405021995372091437e-04 3.398450545797398396e-04 3.364649018050625603e-04 3.323404006724726099e-04 3.224626760157455287e-04 3.306791413186208235e-04 3.390981195090786568e-04 3.296782282257885522e-04 3.219058743009145865e-04 3.212012033729193250e-04 3.273952823407060096e-04 3.314160324695488726e-04 3.349946019948813239e-04 3.481580891199516489e-04 3.656009081144952731e-04 3.556135655232303076e-04 3.347881511476691763e-04 3.381153501955967483e-04 3.498624497906411396e-04 3.422776357377891698e-04 3.369373508392269631e-04 3.423501127654591885e-04 3.341771420638689244e-04 3.209280253913670156e-04 3.288471515810398251e-04 3.466786393870292197e-04 3.491982527505124679e-04 3.387302310732775686e-04 3.325013525224992223e-04 3.353867388234793557e-04 3.392650836766056277e-04 3.294899908574672859e-04 3.124044692454849836e-04 3.087735481452996917e-04 3.250621377551098220e-04 3.397261194565156356e-04 3.269874991496515620e-04 2.559604810957681045e-04 1.651118632575942721e-04
2.052272557492661035e-04 2.609409469912786668e-04 3.036481631920410476e-04 3.296873918208329977e-04 3.440288704619463584e-04 3.497750820963074314e-04 3.490181217523685882e-04 3.331869175248375380e-04 3.208274257598285259e-04 3.169251401551608253e-04 3.206119905936413456e-04 3.292535787748403372e-04 3.216504648274210051e-04 3.172435629372769104e-04 3.370609443548813235e-04 3.570214019337108243e-04 3.553366448542901791e-04 3.308152225177925319e-04 3.222916822600986175e-04 3.408546292028626903e-04 3.517242572599368596e-04 3.380329344420992654e-04 3.286275893959632517e-04 3.362373126705186805e-04 3.369933674657063592e-04 3.334966440830843047e-04 3.303990088502142277e-04 3.255947260979152056e-04 3.248913269568964564e-04 3.292188765256411770e-04 3.316111346954890224e-04 3.263646474025622721e-04 3.178344934163659995e-04 3.201209506373488604e-04 3.335150222513564590e-04 3.386056911100311434e-04 3.374892286108890698e-04 3.357549335122615350e-04 3.250445557555664859e-04 3.175221335975546635e-04 3.162390494154947596e-04 3.217651958370365355e-04 3.329112028508104471e-04 3.452426148851060468e-04 3.529981838886393254e-04 3.579374133775584869e-04 3.462764324381995776e-04 3.208416969385830030e-04 3.081577410015848371e-04 3.225507643735752925e-04 3.527708947221905138e-04 3.610628471155891486e-04 3.379139090211619612e-04 3.255542893287984756e-04 3.407722399188847090e-04 3.551521794141546118e-04 3.607576329275927847e-04 3.554607375329599857e-04 3.459044556758222844e-04 3.309365632210512767e-04 3.196403299714056095e-04 3.210910244700541493e-04 3.254242980595445410e-04 3.388031506816195680e-04 3.437984348573461810e-04 3.394236712763041208e-04 3.501657340961416144e-04 3.428322522837309611e-04 3.161211593434173038e-04 3.035307399025006939e-04 3.091934833136451605e-04 3.348774223385851917e-04 3.609716387335656289e-04 3.653650630890016701e-04 3.638257904173355537e-04 3.639235568813638765e-04 3.427912223820753787e-04 3.244117573736387205e-04 3.355994096694513672e-04 3.496780161636114329e-04 3.415352896096410262e-04 3.320025412851705182e-04 3.322298108831121962e-04 3.263555981276995113e-04 3.262824933268693769e-04 3.468302226307828527e-04 3.649781313219332686e-04 3.591497426942813053e-04 3.428687212234189023e-04 3.294735501222573670e-04 3.252155762474879955e-04 3.287902250407630711e-04 3.284208779221447615e-04 3.176788245052506983e-04 3.093048759539197964e-04 3.288283858339557985e-04 3.536795460716730412e-04 3.429937349464887457e-04 2.676942966229900749e-04 1.658404740612040812e-04
2.159511767632397126e-04 2.795779524965824581e-04 3.344017280536393071e-04 3.640875099685939639e-04 3.664758695492028283e-04 3.540748210021091909e-04 3.380163041340584432e-04 3.153098597527350961e-04 3.079736587670690124e-04 3.130343885497056055e-04 3.255593991315536588e-04 3.356749783331399763e-04 3.168311369607246112e-04 3.031443018993380855e-04 3.217802777637384683e-04 3.507449587649886808e-04 3.604289226294558933e-04 3.383365339700047220e-04 3.172064727965308198e-04 3.173781827762506193e-04 3.302786610052594642e-04 3.348253621115465520e-04 3.371554411320621465e-04 3.459559499140871176e-04 3.437827320402449868e-04 3.424315799402890170e-04 3.402971815358643961e-04 3.347748874238697710e-04 3.313609364563919763e-04 3.341094627757782787e-04 3.479690021732083924e-04 3.562286317511779467e-04 3.443089445779753911e-04 3.369420121669376104e-04 3.491263901215934003e-04 3.542349553704504314e-04 3.443943724196614443e-04 3.274156381386708744e-04 3.126507573605796699e-04 3.202827054512476777e-04 3.371633023557441987e-04 3.392659032925312667e-04 3.278327573126588331e-04 3.278478593993957029e-04 3.389026116119537657e-04 3.486872476205698048e-04 3.418633797586631854e-04 3.183698936419814191e-04 3.000906346918436052e-04 3.106994362950578630e-04 3.496270570761486900e-04 3.658863834257622231e-04 3.391663907625328033e-04 3.155139467497179153e-04 3.214775917833829566e-04 3.376144362577083134e-04 3.419175734054087255e-04 3.333254997484467108e-04 3.334445051436235054e-04 3.370987499440831559e-04 3.286446131045669050e-04 3.154064262501071595e-04 3.150667362328745465e-04 3.348589753510345822e-04 3.436660272737841011e-04 3.425114793840341922e-04 3.500785186401212247e-04 3.358238964815936172e-04 3.152342552485844327e-04 3.083265087607376829e-04 3.117263511541839812e-04 3.448527271969324291e-04 3.790376810385585383e-04 3.717951804450212437e-04 3.474600374757623043e-04 3.293190687898621622e-04 3.173391973986723104e-04 3.245402281741277648e-04 3.423237874008312862e-04 3.454753228897275235e-04 3.361361284089016844e-04 3.288201392037389892e-04 3.289908109218448980e-04 3.308421141429510872e-04 3.366152590431030099e-04 3.481127481275702869e-04 3.525158370639591308e-04 3.513142110770269824e-04 3.495000010178605306e-04 3.380901909578762311e-04 3.282103654466010981e-04 3.295677172076971057e-04 3.323559651282611627e-04 3.214876269109001659e-04 3.066313726483552876e-04 3.228408779879040789e-04 3.491744166208451917e-04 3.392433950198332814e-04 2.675215610792334780e-04 1.660018106365649120e-04
2.216016192663985312e-04 2.910349260792582200e-04 3.441752274277970307e-04 3.625958108865279077e-04 3.534814105330846856e-04 3.304253682347799300e-04 3.102062238628765776e-04 2.948793965367669167e-04 3.009198473476146240e-04 3.210424138009001279e-04 3.411831494970780226e-04 3.467393128582853820e-04 3.270748201890753544e-04 3.137270556687252448e-04 3.240564352440173973e-04 3.433053178996319866e-04 3.508731012827821013e-04 3.342585968293919894e-04 3.148079011780288575e-04 3.058220061710428166e-04 3.132285799720050225e-04 3.205626083699275532e-04 3.258132736415381321e-04 3.388306075520106878e-04 3.402166706034156899e-04 3.338474083387810458e-04 3.265083125629988513e-04 3.270830121790648708e-04 3.303527229775634071e-04 3.319350464018684579e-04 3.477476422512332374e-04 3.663713124886954484e-04 3.598878753280233128e-04 3.443121631765916433e-04 3.486137849424726784e-04 3.554119411947429951e-04 3.483839933763063041e-04 3.314270530428797910e-04 3.181294529483087458e-04 3.268485962006718653e-04 3.407446073679973428e-04 3.411222866408660090e-04 3.286951084595936788e-04 3.228569090054026879e-04 3.291865398182144097e-04 3.339574169293692447e-04 3.347618497539334940e-04 3.310912207454061581e-04 3.182516779252994739e-04 3.085637481997011763e-04 3.281744651820458028e-04 3.481942409009531779e-04 3.413533528525046165e-04 3.186229558658294813e-04 3.070205927439381591e-04 3.225948891414302366e-04 3.366448788020735220e-04 3.306595989750576157e-04 3.244807224651624937e-04 3.264910191717515769e-04 3.269572408280550964e-04 3.170407413841311566e-04 3.121835601468643875e-04 3.244685980730078502e-04 3.374039688464656279e-04 3.348707807585664387e-04 3.282878700307382321e-04 3.252023930602413316e-04 3.262045379168893857e-04 3.216710883118166714e-04 3.185713306969844682e-04 3.457111952878646663e-04 3.693091826836650271e-04 3.501776105978936086e-04 3.171678070524611365e-04 2.984402885468013297e-04 3.076319854394187012e-04 3.322735920056876444e-04 3.449277084986443281e-04 3.374437389549574335e-04 3.300309546745596031e-04 3.319652661092944686e-04 3.406931480158411599e-04 3.481381452650575848e-04 3.451630616947286463e-04 3.389177033933920831e-04 3.331620314220505824e-04 3.389429121078640721e-04 3.493721375462015624e-04 3.408718138184704816e-04 3.258722729106934470e-04 3.254241650353786939e-04 3.303256439637085491e-04 3.220776700190101493e-04 3.082399822258692981e-04 3.185794941008435058e-04 3.372895502414543448e-04 3.250354665614219236e-04 2.584406714276929300e-04 1.650869936168172672e-04
2.242412350040710769e-04 2.938898401141808365e-04 3.419631098469912362e-04 3.478898810424820151e-04 3.301878667256973043e-04 3.097496058685821974e-04 2.954903125538641158e-04 2.844939094422074431e-04 2.940882176477483149e-04 3.217867192308764739e-04 3.454567628933083749e-04 3.448242887518095491e-04 3.275698757757745396e-04 3.271587281533139312e-04 3.436668169941494832e-04 3.494308147629842059e-04 3.414383367952584635e-04 3.279839369502417917e-04 3.246224155887903200e-04 3.212083272356774846e-04 3.165133186003445489e-04 3.091333495063299202e-04 3.089341136678159573e-04 3.261628591961675131e-04 3.368823071793375129e-04 3.295375498863698633e-04 3.147721093032343790e-04 3.148843413812053979e-04 3.203871625550099196e-04 3.179653705880371682e-04 3.276970137139583036e-04 3.493628734517172920e-04 3.526099548436090582e-04 3.390088135858277405e-04 3.323278375066385758e-04 3.297754273195511966e-04 3.299176246657241417e-04 3.308098137223254120e-04 3.277812917156964915e-04 3.262203341447495256e-04 3.190415982632170667e-04 3.210229302744765554e-04 3.310728513483278445e-04 3.341535985329068957e-04 3.338441709427030510e-04 3.305559940040385392e-04 3.328080643276094038e-04 3.371582723404241378e-04 3.306415634665751642e-04 3.111236923540628709e-04 3.117095216486649310e-04 3.285271080417375648e-04 3.343258174074284820e-04 3.204951312703133723e-04 3.097227338460642248e-04 3.324399421598417544e-04 3.585163154064176390e-04 3.516564499456083280e-04 3.264263564653953906e-04 3.130689292129905203e-04 3.191429552049769255e-04 3.246464207689714722e-04 3.204313371914168057e-04 3.229347046543421277e-04 3.391362090134712173e-04 3.362756502568500219e-04 3.189117450222934882e-04 3.281063315921050032e-04 3.424591274900068687e-04 3.374642492703542967e-04 3.296557303288903413e-04 3.406086498090061393e-04 3.522223621359112274e-04 3.388334543025613632e-04 3.188803615610276551e-04 3.047600949451149781e-04 3.113998228793862311e-04 3.272963231089787324e-04 3.359110354637989877e-04 3.355907359034337621e-04 3.354645482394076465e-04 3.380759209321419247e-04 3.396525594903201418e-04 3.419888897414054361e-04 3.400724344774228632e-04 3.335650275149562105e-04 3.230311127413331871e-04 3.242839539718968917e-04 3.432761985535602556e-04 3.513337970871902027e-04 3.367738275324495302e-04 3.316821813041477204e-04 3.403049119304404359e-04 3.378942862323858166e-04 3.246437830421544483e-04 3.241658917499925987e-04 3.300453736830734732e-04 3.051026255509246658e-04 2.338840431828538710e-04 1.497361032181669823e-04
2.328788572301959279e-04 2.944448677194321570e-04 3.380945466482540530e-04 3.426113532182353035e-04 3.296034557019807435e-04 3.219792632439128486e-04 3.146391654195339945e-04 3.070238564560398955e-04 3.147145118203421941e-04 3.358310932446432659e-04 3.500016858377430007e-04 3.373130590836813077e-04 3.192263053981507070e-04 3.314725435842202526e-04 3.590950486029706370e-04 3.560795712455773476e-04 3.315384625844200787e-04 3.218681326646577988e-04 3.384384729031745609e-04 3.492967692257418848e-04 3.417409777240459218e-04 3.215328915003488278e-04 3.113971095052811859e-04 3.235759287866549986e-04 3.404286203404979240e-04 3.448871657940478629e-04 3.339453752298853460e-04 3.235488590194924197e-04 3.125863635777005036e-04 3.003348884076653333e-04 3.039930446573121513e-04 3.188675665160493715e-04 3.256844419513082534e-04 3.231141688456587511e-04 3.180970682008869821e-04 3.109698852381139562e-04 3.156166057418871053e-04 3.282704198235168519e-04 3.362778411800196885e-04 3.375671722078867737e-04 3.210079051388454920e-04 3.222295584032321223e-04 3.424611441759683778e-04 3.439446533875132011e-04 3.349354899949322879e-04 3.280581408815322385e-04 3.279120591017913597e-04 3.298840113388792320e-04 3.311656249499598560e-04 3.224448401984023526e-04 3.230880325765684170e-04 3.335244596297618500e-04 3.276226673408861255e-04 3.108178545710471889e-04 3.089752216991228343e-04 3.351526894236196664e-04 3.633484129220620400e-04 3.580905874378811438e-04 3.298907399049334386e-04 3.129552646270791620e-04 3.200480468084086804e-04 3.319240402166488474e-04 3.309453952351435195e-04 3.344034411321906075e-04 3.457321791949972902e-04 3.374157439189397764e-04 3.237702987795332580e-04 3.370539236363149192e-04 3.517970903296227352e-04 3.504847704575015906e-04 3.445088867500487040e-04 3.409171675439043032e-04 3.417927344034021831e-04 3.388993048250949977e-04 3.371479724493512851e-04 3.268049102559146264e-04 3.184198967193844175e-04 3.249506412444958274e-04 3.414687388692841602e-04 3.523352358190400295e-04 3.518364452252588522e-04 3.425518493467102259e-04 3.280301348135403108e-04 3.236802684847097430e-04 3.338365149926762233e-04 3.391106775355992370e-04 3.223943604716862903e-04 3.125102226281744689e-04 3.350741480743643316e-04 3.590446340380511062e-04 3.510351882410779742e-04 3.461045755923817732e-04 3.524877900604620005e-04 3.420205980330528290e-04 3.244740020757194221e-04 3.194668135323525072e-04 3.201958803751934340e-04 2.888148156725093294e-04 2.131061546275126329e-04 1.339731438855725778e-04
2.344854504286117696e-04 2.856629635708744070e-04 3.284978084244977777e-04 3.390208036062238722e-04 3.379115216611768046e-04 3.404406730167700403e-04 3.350947848528342812e-04 3.353638012774376649e-04 3.485720404235785564e-04 3.590766762792068452e-04 3.518967542996206824e-04 3.288014852422568965e-04 3.162312465510500178e-04 3.263865658932381007e-04 3.447662812788047579e-04 3.399228490682466896e-04 3.178045340197160158e-04 3.123467358189873592e-04 3.348488289074149867e-04 3.592359800677354760e-04 3.599087806290356259e-04 3.375903361774772659e-04 3.264133434852321803e-04 3.390174987804311793e-04 3.582756754222501060e-04 3.683123543491846857e-04 3.640590599522948835e-04 3.448646978195718852e-04 3.149575219430389059e-04 2.991164121352359734e-04 3.074491911169138563e-04 3.132919257967400981e-04 3.099617131852705878e-04 3.099929130384067441e-04 3.150664429928228937e-04 3.178217827092639711e-04 3.237286331788101794e-04 3.292449816391214640e-04 3.347619167672828450e-04 3.456542254481628860e-04 3.413406455872774114e-04 3.455364193607343638e-04 3.594965740993668430e-04 3.542581024475882092e-04 3.411382747696869284e-04 3.293435475501461820e-04 3.236170448649397817e-04 3.260455689994213235e-04 3.325617341822497612e-04 3.336495668208551077e-04 3.408698145787036893e-04 3.461836457420157560e-04 3.276462726646554077e-04 3.069236901172129033e-04 3.047944323114603889e-04 3.210608826992755087e-04 3.446587044089264446e-04 3.439655797006726688e-04 3.266362622096058562e-04 3.170919667645307654e-04 3.244393967779127057e-04 3.345316023016473581e-04 3.416416327828448443e-04 3.558883266361282521e-04 3.596029114025741150e-04 3.378199059888073582e-04 3.250109980040011975e-04 3.384846071206760055e-04 3.557926479236128313e-04 3.572424794315282428e-04 3.513464404140886552e-04 3.380580856603258594e-04 3.268770601523271783e-04 3.257131936586052552e-04 3.308632747260334059e-04 3.294451625712308245e-04 3.203253381089348319e-04 3.218975798586346578e-04 3.414447359185995975e-04 3.545348747844231669e-04 3.516591191175612893e-04 3.383640008602625598e-04 3.196897625165119627e-04 3.132908857762926229e-04 3.291805458967397477e-04 3.403678235452989613e-04 3.164164368422865475e-04 2.956270298645940001e-04 3.168587727952914580e-04 3.457263495476112095e-04 3.466039972460610271e-04 3.474274818490342845e-04 3.492260675175601803e-04 3.360812978126730783e-04 3.236897266461101421e-04 3.210577252352746387e-04 3.212091138237778030e-04 2.948021188782619850e-04 2.215085527156328456e-04 1.435959350462512796e-04
2.309409413032145818e-04 2.727652893042528713e-04 3.130746191376508614e-04 3.254918620467871617e-04 3.254731279225408927e-04 3.284161650291289743e-04 3.261110364776431941e-04 3.302434928101460193e-04 3.480042204312929670e-04 3.585261159002177704e-04 3.481024603086326093e-04 3.290982266183422548e-04 3.198448446693606694e-04 3.168351246158697724e-04 3.151338084044317134e-04 3.075443491469755813e-04 3.039770918294396485e-04 3.103080456782073893e-04 3.225231239181060435e-04 3.446368757042420289e-04 3.506600540112727021e-04 3.319073752226077510e-04 3.245722958585320859e-04 3.389678212365427679e-04 3.552671451661398904e-04 3.609546617256054364e-04 3.619651608057406931e-04 3.542719298557466239e-04 3.281855406127991452e-04 3.134891121227085988e-04 3.276434360369954307e-04 3.370667070429688383e-04 3.282638577342898148e-04 3.179744465203512404e-04 3.211622448326164193e-04 3.326139155424751612e-04 3.380763325082397804e-04 3.273414074023184598e-04 3.114445957570728739e-04 3.138527101521589643e-04 3.277358073915752064e-04 3.482300494413998046e-04 3.608634209419810373e-04 3.575950437106778122e-04 3.462547975515031882e-04 3.322070087842850391e-04 3.295318639757852152e-04 3.384807017320320185e-04 3.391682161459926947e-04 3.370045606278722111e-04 3.479244428450431860e-04 3.542938736188898396e-04 3.375182576165795204e-04 3.171716002878982089e-04 3.039561483987859641e-04 3.050131879006363770e-04 3.285691362650343221e-04 3.391459503015977275e-04 3.359442677339846348e-04 3.258800498580998167e-04 3.232092122239902006e-04 3.280081138576979765e-04 3.432262843055200680e-04 3.646497194097961508e-04 3.640430370759454334e-04 3.310005343554710266e-04 3.102852590249339224e-04 3.270473708856886578e-04 3.536596362631940242e-04 3.571032268834505030e-04 3.477975117301462175e-04 3.235172736618537569e-04 3.026853197637450164e-04 3.123542467600201166e-04 3.283382485214332092e-04 3.265446759827539945e-04 3.113005915359945896e-04 3.046532306390983130e-04 3.260528440202093694e-04 3.416282977143538912e-04 3.349378119475229375e-04 3.238681786204171192e-04 3.146226762734315933e-04 3.174817708679067169e-04 3.382096040269578054e-04 3.488632675343138591e-04 3.167379901998325972e-04 2.866238611318906856e-04 3.069099668324337866e-04 3.347596253718109881e-04 3.377036940578298334e-04 3.412559398218610119e-04 3.497605089444925193e-04 3.508784136266698047e-04 3.400931731449187835e-04 3.284626856833062635e-04 3.277918549289010218e-04 3.156257031872918570e-04 2.491155150025326469e-04 1.670590265614892015e-04
2.247888843610851663e-04 2.707045867833668255e-04 3.058473275959948607e-04 3.108528914800122315e-04 3.069372356503563440e-04 3.079479886459866216e-04 3.138526903887152615e-04 3.243084015072119578e-04 3.395757884158634660e-04 3.444130108243519508e-04 3.388597508899231052e-04 3.387244900212429749e-04 3.356825254305981351e-04 3.218019802324184326e-04 3.072850519486940136e-04 2.972314402995523660e-04 3.061460015395411514e-04 3.239883807678750095e-04 3.287125518141806053e-04 3.384788725437027843e-04 3.445671572640649936e-04 3.290999549647105138e-04 3.132544894290299710e-04 3.172216804325097249e-04 3.295172675610317983e-04 3.331979325003636304e-04 3.392044938918458916e-04 3.516291359469458705e-04 3.460003372491925015e-04 3.289361800520298139e-04 3.356569470857711222e-04 3.540568014775159192e-04 3.530966774904061240e-04 3.361476229050021206e-04 3.280580503127366655e-04 3.405755314523330668e-04 3.544975369549997280e-04 3.412774609217558057e-04 3.062220264097200969e-04 2.852913531142278161e-04 2.952548689651292389e-04 3.244199825235354029e-04 3.424223814948168521e-04 3.454818178350943731e-04 3.385495685978145031e-04 3.309543322853970089e-04 3.355143636582275275e-04 3.434649761819061732e-04 3.305703167290900864e-04 3.247255405946903694e-04 3.456016988331982458e-04 3.628557644729634834e-04 3.566193303222214752e-04 3.360942942293886808e-04 3.135635857973463874e-04 3.102449522042854111e-04 3.343675017192616417e-04 3.478640492563801452e-04 3.516964037487922408e-04 3.403603795793432724e-04 3.258671228705493222e-04 3.214951972222207435e-04 3.338613675610343102e-04 3.471825332077051185e-04 3.399843321406255392e-04 3.130936627344158680e-04 3.034789262104962493e-04 3.270655384642847437e-04 3.499628208276717774e-04 3.464452131972701890e-04 3.321285907406296470e-04 3.065290817963344005e-04 2.921006860588550155e-04 3.216489008165290169e-04 3.573136448109856924e-04 3.487399699964000791e-04 3.139326540763654459e-04 2.986413206427377190e-04 3.235422554377886646e-04 3.363280975371979323e-04 3.195210420355263379e-04 3.122092894375314833e-04 3.175732648941483136e-04 3.325066285752900619e-04 3.575919707671165260e-04 3.671831607545301686e-04 3.341030305741360873e-04 3.038682015281542431e-04 3.200025857848486912e-04 3.381468878360069136e-04 3.366714186378847503e-04 3.367993944593392552e-04 3.492557235006745484e-04 3.607229445980658427e-04 3.479970515859446179e-04 3.312673408481434361e-04 3.398635518661017891e-04 3.394729263970470241e-04 2.732150041834750104e-04 1.832576363386060052e-04
2.092697755907134980e-04 2.650526801306119277e-04 3.020024532422461430e-04 3.082871821605390108e-04 3.105885430500416634e-04 3.113650266702372243e-04 3.185396059072330313e-04 3.339699230742601901e-04 3.425743898647631977e-04 3.365994498077111863e-04 3.275905809957177896e-04 3.353490050797934422e-04 3.394185777227447199e-04 3.292334719155342758e-04 3.251468083941931727e-04 3.250302611747575175e-04 3.294999022720271364e-04 3.392706077319545188e-04 3.430314225503918010e-04 3.490460285744183223e-04 3.571821954616631817e-04 3.435842918422294962e-04 3.113881686179098985e-04 2.958532993117990884e-04 3.069995758613676168e-04 3.202250538279154774e-04 3.291002240537393509e-04 3.422263164643475110e-04 3.478225945490377334e-04 3.306396387770355830e-04 3.245474508627753992e-04 3.412948569345090996e-04 3.473868537171709422e-04 3.322416421629263966e-04 3.194162949518575267e-04 3.338825954809429564e-04 3.595759875812848698e-04 3.552488264072150778e-04 3.233787668039375999e-04 2.942161915343448385e-04 2.936653752870035418e-04 3.188859723066303714e-04 3.307469031982104846e-04 3.247261945620982110e-04 3.186094497710318047e-04 3.262472208060974684e-04 3.321467665889193651e-04 3.269251004203797394e-04 3.061900249482948618e-04 3.030237918488032996e-04 3.329005117167465190e-04 3.576335699873860619e-04 3.566355456014813153e-04 3.396645635591470950e-04 3.236874004700462503e-04 3.297401909815325877e-04 3.540656378442536304e-04 3.573924225657695896e-04 3.527024109806037007e-04 3.505769236592300056e-04 3.390626457924888755e-04 3.223216403194916358e-04 3.234819033122340154e-04 3.266849542228020568e-04 3.179549485698462724e-04 3.066973986845070469e-04 3.118165915247452804e-04 3.317097657420836924e-04 3.397571050785543035e-04 3.268064422804563057e-04 3.091110728365306865e-04 2.924347341579987703e-04 2.951388738360804457e-04 3.361197140391047108e-04 3.824060309417319893e-04 3.752572209897183210e-04 3.282130295377162364e-04 3.033295217309294779e-04 3.252784471884460210e-04 3.363096541449769232e-04 3.182481481711482902e-04 3.160305949907149222e-04 3.263548473819432596e-04 3.375920388951962571e-04 3.546446969509840547e-04 3.635836515275179225e-04 3.444060815849740286e-04 3.280140574670245817e-04 3.374171731334925806e-04 3.412796008354490444e-04 3.354616476308576933e-04 3.273460890360536555e-04 3.304562674858341231e-04 3.432947759386830540e-04 3.381449886709621765e-04 3.288934158952391698e-04 3.435002116356204878e-04 3.410766107588058876e-04 2.703864360358999418e-04 1.776090085783570594e-04
1.937011531180805868e-04 2.569268223908958743e-04 3.084217772202906428e-04 3.267530216531105590e-04 3.338082149740304386e-04 3.321940536567272932e-04 3.304043953678417267e-04 3.376811796685745548e-04 3.429306838102470041e-04 3.414774010494378781e-04 3.317363659772208694e-04 3.264744571069830618e-04 3.240946410503535652e-04 3.261039061385035374e-04 3.441280024678213803e-04 3.541775297327319711e-04 3.443895259010393631e-04 3.341645251832947691e-04 3.333281015955988271e-04 3.422575527600641202e-04 3.554852936313503023e-04 3.469442408095090155e-04 3.098972916568948745e-04 2.847435697668704649e-04 2.999860993084643625e-04 3.251396565407155704e-04 3.316593695769329579e-04 3.280615847385434897e-04 3.294082635103239140e-04 3.210188184202578425e-04 3.141588374876913212e-04 3.209876310386182863e-04 3.225967525427498759e-04 3.108005901363535949e-04 2.995410359255777904e-04 3.132557498195152564e-04 3.417213208918556933e-04 3.459058934234127548e-04 3.373348430962226164e-04 3.277870578563368657e-04 3.330722699344238922e-04 3.518419120393079897e-04 3.480257351245269687e-04 3.254885739495557134e-04 3.129724273971680698e-04 3.234778607458147588e-04 3.286747205110374884e-04 3.194378697253470777e-04 3.042906059759195375e-04 3.025574114586631041e-04 3.227082481012335689e-04 3.415806768413306689e-04 3.398395858063677530e-04 3.270725722248209958e-04 3.237036710022765293e-04 3.407819725491179693e-04 3.605904482741675030e-04 3.513025738646757823e-04 3.319150472087286350e-04 3.346629264517154761e-04 3.340037976328248410e-04 3.199891968283486115e-04 3.226457644082914239e-04 3.270121473316094833e-04 3.254693550689863627e-04 3.274585772153339419e-04 3.310602759053339443e-04 3.337969265924551352e-04 3.235694922272217694e-04 3.094736298787918076e-04 3.014664932356782290e-04 2.971765687747451455e-04 3.073185120964091696e-04 3.404189962454101073e-04 3.766688677489983409e-04 3.721671694905250927e-04 3.312760778449350650e-04 3.022719644097466218e-04 3.156699620498862368e-04 3.308589324208272443e-04 3.209998762256189523e-04 3.210674961911671684e-04 3.289345476744011832e-04 3.348619075790917866e-04 3.428275815766896142e-04 3.463655711261497453e-04 3.413314772116765898e-04 3.384073505030351118e-04 3.379312801988522668e-04 3.265673818336863521e-04 3.164117317715872311e-04 3.105212952935960165e-04 3.141548230482605415e-04 3.275859428867589876e-04 3.244613104423823137e-04 3.175175916913792855e-04 3.342926207478799953e-04 3.297975000572440397e-04 2.575471633940508995e-04 1.650380249930206750e-04
2.006670355860171195e-04 2.684683111591022872e-04 3.312816457292070858e-04 3.502380436623968893e-04 3.484924424959262362e-04 3.428409622845436785e-04 3.343799785991368291e-04 3.280918598594645820e-04 3.323560902180721765e-04 3.406928524249421258e-04 3.326136595647016239e-04 3.146199562134684093e-04 3.080422667646299335e-04 3.254551887323355801e-04 3.552135506199874870e-04 3.611347303616589980e-04 3.358638606224516061e-04 3.099767561830508566e-04 3.074068285282961863e-04 3.249835737013413587e-04 3.469860019387545780e-04 3.433146292468198515e-04 3.134203530281402675e-04 2.994813136905745887e-04 3.199763864686000969e-04 3.427152765928142457e-04 3.428610221456682432e-04 3.249460974791643910e-04 3.168789855023591189e-04 3.188204521208739834e-04 3.227008199684168249e-04 3.290528167224695817e-04 3.265262510221175318e-04 3.133195093015409905e-04 2.977284292940010971e-04 3.052829955792821909e-04 3.314325505459491555e-04 3.370587561305526448e-04 3.435640374975507247e-04 3.540357973599119780e-04 3.635108789897120111e-04 3.650662668269544567e-04 3.538669679879306862e-04 3.417123974959580075e-04 3.307723263887047023e-04 3.257921071133893800e-04 3.295486676944823145e-04 3.321292563694037514e-04 3.287218716842803387e-04 3.255335388633359803e-04 3.246284019237394985e-04 3.285419191689524423e-04 3.250686001019435323e-04 3.194307666768080815e-04 3.306527744015762488e-04 3.561542237585079438e-04 3.642561154077541305e-04 3.428643591127648774e-04 3.158053286882987493e-04 3.181331788665331959e-04 3.247640081824599819e-04 3.222765401517920306e-04 3.318695084359752235e-04 3.389754794135348441e-04 3.408122094692634567e-04 3.468810160774320845e-04 3.497851941772596928e-04 3.456893824807284483e-04 3.261167345828983543e-04 3.156728953538270183e-04 3.194595880391821454e-04 3.209437934020242756e-04 3.214577298237618992e-04 3.361027961194635542e-04 3.595550778531369238e-04 3.621235280643796605e-04 3.408090847290410263e-04 3.189229388408700841e-04 3.220331667173571485e-04 3.358779462677332749e-04 3.313082873657150927e-04 3.264894673962863989e-04 3.290200789033595041e-04 3.376120265103691419e-04 3.431177138300717548e-04 3.349547892817556676e-04 3.278969076228631981e-04 3.247031443919858062e-04 3.195939847997845409e-04 3.147653375427281967e-04 3.153427894718719132e-04 3.215429082450470613e-04 3.309492259353127006e-04 3.316154935614335332e-04 3.106290262185889151e-04 2.990131480578841951e-04 3.225124071607726045e-04 3.235476401805074389e-04 2.538590946979664789e-04 1.604976260880789556e-04
2.286652745722961809e-04 2.923067102960557944e-04 3.378092947280485030e-04 3.422103666844330530e-04 3.377089975364010697e-04 3.356845189936742560e-04 3.289061285105276977e-04 3.208409002870449712e-04 3.226870078965936393e-04 3.286528520888457950e-04 3.262972292950751382e-04 3.157859519336409762e-04 3.134614808938368091e-04 3.329996963437378810e-04 3.542561344539879326e-04 3.468909022744108735e-04 3.166213251789198185e-04 2.935846305492578268e-04 2.997987071349025997e-04 3.250157986965159385e-04 3.449467649052221697e-04 3.417782057202029640e-04 3.302698378441212899e-04 3.294395653884230383e-04 3.393546648624047048e-04 3.477173425082203447e-04 3.495317183976354722e-04 3.369059787074089266e-04 3.291460972744644125e-04 3.354809716503407324e-04 3.415202514320634253e-04 3.478487508298908223e-04 3.430992496143792721e-04 3.283063355971925024e-04 3.153375845230413040e-04 3.265861717125274639e-04 3.487422120874836187e-04 3.448345609505899323e-04 3.409670183590598406e-04 3.454976543881018141e-04 3.488041895024968954e-04 3.392371503018698996e-04 3.317064770226047649e-04 3.401847647448474118e-04 3.396419224367130691e-04 3.235234852477926709e-04 3.217710319550712316e-04 3.371034414601726181e-04 3.467661055118051645e-04 3.446183298957704094e-04 3.342684567867136298e-04 3.261834025730767257e-04 3.159214545007230134e-04 3.163311097599359940e-04 3.360180209033033875e-04 3.538088869811118744e-04 3.496536796278383900e-04 3.343525828991757045e-04 3.184631409533995633e-04 3.186208602440860705e-04 3.235768858122955918e-04 3.258193703623672721e-04 3.310313688456062073e-04 3.321045397158276435e-04 3.338881690985658372e-04 3.424977189931400741e-04 3.505308465530995320e-04 3.533322700293225083e-04 3.448856172268884306e-04 3.415925672810413063e-04 3.435816849322561239e-04 3.394658279433189962e-04 3.279752653229796137e-04 3.269208503032422258e-04 3.395303520529627337e-04 3.502040241779386326e-04 3.520393662538235562e-04 3.427976545695083960e-04 3.345361044760773359e-04 3.396999598157347052e-04 3.383333365986721268e-04 3.282884525811678939e-04 3.252701008423503201e-04 3.354280565701900753e-04 3.405723948604858116e-04 3.300186991336357062e-04 3.187781835763191067e-04 3.086947017402264567e-04 3.038058720942357844e-04 3.149320370362901854e-04 3.322132576441185359e-04 3.446831075631165420e-04 3.538049076746200249e-04 3.373064358622812706e-04 2.984186778277350227e-04 2.841200637670175558e-04 3.104722467017145089e-04 3.205423402660404907e-04 2.589666151288430584e-04 1.643269125128882886e-04
2.395416803761877514e-04 2.974878968955294500e-04 3.221106992451281260e-04 3.216500630112146663e-04 3.248434054645845488e-04 3.264957687964991154e-04 3.203200726564411080e-04 3.162462446787714463e-04 3.183129357832736894e-04 3.199716421210979959e-04 3.228543027988172928e-04 3.270826292423816939e-04 3.319788128067049427e-04 3.408966670998494651e-04 3.447268219222099318e-04 3.307979628802599787e-04 3.086492044729572076e-04 3.032711443941470608e-04 3.232502751832380368e-04 3.421938535903489248e-04 3.352595394927347433e-04 3.268979964366189100e-04 3.391909805937771407e-04 3.451580442508673250e-04 3.352912240861868204e-04 3.328358244620720392e-04 3.459080422147838289e-04 3.485095442649449550e-04 3.465245246329681089e-04 3.511491123962221937e-04 3.483428981195985140e-04 3.456512286780291914e-04 3.376054520941449344e-04 3.249941198473447752e-04 3.191688673172415631e-04 3.352838279835467644e-04 3.521104157058977530e-04 3.437153166854904109e-04 3.331835813092568323e-04 3.287312301734323641e-04 3.290569455759067338e-04 3.249424496241311603e-04 3.211672268725176494e-04 3.311886951393698411e-04 3.341021785525214761e-04 3.214865056528387784e-04 3.180040091881580332e-04 3.369810711977297641e-04 3.525593336230583349e-04 3.529979861488671778e-04 3.525027016403213444e-04 3.453136820446531556e-04 3.213666787019888284e-04 3.071974712049044612e-04 3.163329381455076824e-04 3.193431536943441796e-04 3.113954036632452004e-04 3.154086867116177319e-04 3.240989787332265032e-04 3.267007482402128167e-04 3.245353050183253036e-04 3.232413753732424084e-04 3.179562202581353962e-04 3.131419165546176463e-04 3.195136674816732338e-04 3.327321689019291980e-04 3.411527959573347674e-04 3.470894196208616821e-04 3.468473983988344927e-04 3.442604712468702349e-04 3.432229001460371503e-04 3.386900341155520697e-04 3.274602123913318563e-04 3.201527116046414033e-04 3.235752920623209336e-04 3.367964967020745364e-04 3.552889403952588332e-04 3.520790908257209013e-04 3.327909027478625375e-04 3.333695246490981723e-04 3.340271602425351483e-04 3.178444386792619305e-04 3.105097986967511429e-04 3.215371760737262318e-04 3.343326569457104065e-04 3.375136975440056353e-04 3.276065948458160848e-04 3.150592692879313297e-04 3.129170155654864669e-04 3.206667432385228059e-04 3.354559141329782634e-04 3.493433322440220139e-04 3.567099593669831835e-04 3.348878899577600681e-04 3.047754749224925765e-04 2.994102144722253609e-04 3.162680949438593354e-04 3.219700547801069733e-04 2.634741535807868466e-04 1.695270375094240522e-04
2.323146504134213758e-04 2.868507841572074898e-04 3.140075215491454960e-04 3.230212913132611075e-04 3.299499853629672816e-04 3.275601286324776227e-04 3.157147899337897461e-04 3.109574926482956908e-04 3.166631400159948518e-04 3.215400606503523496e-04 3.248070083051598188e-04 3.276994646780540454e-04 3.279062764769874504e-04 3.318726356758931999e-04 3.395823034079917670e-04 3.398909928821360190e-04 3.278932002302267128e-04 3.298961308884336505e-04 3.494822469835771710e-04 3.522741325133526354e-04 3.273457616257777897e-04 3.127749404247267911e-04 3.289370412344340107e-04 3.379849898594137775e-04 3.200554685724153769e-04 3.142952417217398722e-04 3.278427444571736511e-04 3.356789687163780084e-04 3.433863003823652438e-04 3.522257587593365666e-04 3.495792467381502377e-04 3.437218690563388938e-04 3.300605452859103591e-04 3.165749700740676459e-04 3.128860250566804844e-04 3.217629790754674693e-04 3.264568734958720212e-04 3.177148106784777716e-04 3.151719935589357489e-04 3.206855815597828849e-04 3.264862146378390414e-04 3.274388725350641026e-04 3.289223756131831274e-04 3.346051560122786429e-04 3.356300772969122081e-04 3.344568216809983723e-04 3.317000244133414509e-04 3.374054086129984033e-04 3.443927675342879765e-04 3.468520944462517418e-04 3.549050649904178642e-04 3.532251279669716346e-04 3.312757503200146857e-04 3.091599025138159996e-04 3.072551694569826647e-04 3.077230397385980268e-04 3.011012500341044397e-04 3.090659110753557525e-04 3.262745016667435065e-04 3.311916193222311884e-04 3.257462380223841592e-04 3.184783432244648769e-04 3.078198362994409142e-04 3.051564048273310579e-04 3.155502018867099856e-04 3.276244316924122784e-04 3.328633017761710292e-04 3.352519247333563554e-04 3.329080216147594935e-04 3.243432077183724450e-04 3.254620895590692488e-04 3.368171292291334681e-04 3.360964756839537361e-04 3.219760413837744134e-04 3.192451067884924474e-04 3.375585160181803976e-04 3.609407142556261307e-04 3.527529968695156592e-04 3.279225674739673618e-04 3.300114642294030287e-04 3.344929634990696267e-04 3.207860115585917452e-04 3.170994562768091897e-04 3.285242907878633666e-04 3.424676876544646741e-04 3.474940889084890275e-04 3.357573035720119335e-04 3.259296170271769408e-04 3.249876387642039086e-04 3.239372470261987031e-04 3.349221739624636592e-04 3.521243353008905600e-04 3.576320277100500551e-04 3.432773760966085683e-04 3.375340606539371791e-04 3.411623595017274839e-04 3.371874440479318024e-04 3.190142964849921074e-04 2.544542687330729989e-04 1.664495772372374385e-04
2.322190532747151045e-04 2.893131915549234799e-04 3.236510241194813097e-04 3.334642203679311556e-04 3.345078599149574382e-04 3.261215383472679859e-04 3.182608109676416785e-04 3.190542521789532142e-04 3.204123548534554928e-04 3.218340630821368538e-04 3.320817102707429580e-04 3.338282627021551575e-04 3.176423221242595366e-04 3.158503081473189745e-04 3.384353699644662293e-04 3.584723774591191698e-04 3.511620665342958915e-04 3.434599316363463623e-04 3.485443670807953417e-04 3.432190578870833323e-04 3.269672271324793305e-04 3.158159530742264708e-04 3.217426026219888466e-04 3.259795563005609591e-04 3.060261693953526037e-04 2.951547824703016059e-04 2.990740792058091510e-04 3.087687943494343292e-04 3.274761615639507962e-04 3.426519773868603796e-04 3.507730409328577680e-04 3.492627447757233302e-04 3.309241381574233457e-04 3.194131909195739864e-04 3.224576591731566572e-04 3.281218754715229790e-04 3.203703305588801787e-04 3.027969065578424998e-04 3.024018343986953133e-04 3.222563829102682029e-04 3.341890023100539306e-04 3.304447205123542571e-04 3.363140340565982456e-04 3.421252704578674544e-04 3.363631465548590194e-04 3.373458156434620218e-04 3.356163820335014659e-04 3.282939459913264066e-04 3.262675341264699262e-04 3.335479094522772773e-04 3.453499607301612276e-04 3.455836924779680892e-04 3.357256709516097436e-04 3.288402198630411329e-04 3.301618281589254822e-04 3.330342458357251050e-04 3.266214297844963785e-04 3.255200730671193991e-04 3.309719527035257696e-04 3.319012091845959206e-04 3.339374049163712369e-04 3.297350435505827905e-04 3.167200035031365185e-04 3.186660503155669269e-04 3.310135084812321736e-04 3.325410817601725795e-04 3.297352131564252361e-04 3.269006335198598127e-04 3.237993646212273570e-04 3.122237435957034399e-04 3.134564001912862937e-04 3.361031281815831089e-04 3.423384530251036241e-04 3.246731929640131898e-04 3.220549045816835420e-04 3.440824839245119025e-04 3.603727575224605290e-04 3.451952012773786254e-04 3.236616417049159198e-04 3.300875114399585931e-04 3.433652058685110302e-04 3.435100351753677143e-04 3.379621008806375304e-04 3.322003883986514002e-04 3.334176809032149652e-04 3.403795388768979940e-04 3.437624457137124180e-04 3.360053168298403640e-04 3.219903142968725705e-04 3.223331825170635883e-04 3.443700820193385708e-04 3.619477659292518216e-04 3.612109159411419895e-04 3.528262242889603287e-04 3.566384112688900337e-04 3.551245997165822319e-04 3.344559772100510467e-04 2.974649400674827301e-04 2.321146454394838222e-04 1.609209478441819374e-04
2.361112955744897729e-04 3.002206085780311992e-04 3.338891944766474336e-04 3.324295571157403388e-04 3.234694244744597616e-04 3.151036678240965415e-04 3.201605090508973525e-04 3.341472834329568169e-04 3.338895352166180693e-04 3.258109051340142342e-04 3.328941070256465659e-04 3.353199306025983917e-04 3.174514550813672909e-04 3.092006557086599298e-04 3.282947376885398359e-04 3.534508031914737245e-04 3.532752113777503809e-04 3.357486022401925821e-04 3.246452938805513837e-04 3.223033517478837706e-04 3.240985845653552005e-04 3.276794901788640697e-04 3.338349915741306681e-04 3.338506783931088429e-04 3.088059035789914096e-04 2.901769168230039714e-04 2.932677019837209311e-04 3.069256382543318661e-04 3.218186237492214096e-04 3.315897017954625900e-04 3.439476126016226872e-04 3.444166419705245951e-04 3.306809056190677725e-04 3.263789462977816688e-04 3.396055212092282142e-04 3.538164859188641350e-04 3.407907435423587002e-04 3.148776630360572925e-04 3.073034993377396495e-04 3.237359673711554192e-04 3.339812208680622966e-04 3.287932860901584750e-04 3.343713454487104095e-04 3.384418857923248867e-04 3.285184832784965141e-04 3.203374009978879095e-04 3.151680708060266255e-04 3.072609885294517182e-04 3.086960851240717592e-04 3.215074791684554125e-04 3.373767130520466785e-04 3.438473577813056024e-04 3.437734205061200674e-04 3.508655492651581052e-04 3.553562799333339229e-04 3.525621437288444220e-04 3.471103646905149579e-04 3.437311646141225779e-04 3.397281951036246867e-04 3.381558301854870096e-04 3.484943557104297268e-04 3.532323878230464453e-04 3.393540184556026506e-04 3.385463859583197821e-04 3.484199200620685102e-04 3.456779205240512621e-04 3.374393322425541940e-04 3.261675439016773143e-04 3.202769083047901947e-04 3.100967601469656028e-04 3.133640033322890924e-04 3.353120316619057810e-04 3.387693962415576267e-04 3.236110577228854066e-04 3.237941137311345060e-04 3.389370224425079054e-04 3.419086453203321442e-04 3.285362889009165767e-04 3.223349798659617743e-04 3.311720559342110049e-04 3.389138240671289736e-04 3.446909757543286626e-04 3.402270821919809981e-04 3.194030934403525738e-04 3.083015880375868057e-04 3.240044883520405792e-04 3.514648505566299102e-04 3.519543088106720464e-04 3.246084560937081498e-04 3.173976886690345290e-04 3.397490489415742930e-04 3.490326243966166472e-04 3.428273166904700475e-04 3.412365203234904811e-04 3.455360592413818941e-04 3.401858775007693229e-04 3.184123131597915149e-04 2.827163527080512641e-04 2.264519951157404243e-04 1.689926000495443653e-04
2.179833302860189562e-04 2.892929900709296674e-04 3.304674250000595379e-04 3.272083420990467922e-04 3.158418544360894545e-04 3.155515809408005259e-04 3.273911548547871523e-04 3.406836028937960752e-04 3.398879417111523972e-04 3.300772315260162588e-04 3.265542607095552399e-04 3.242316777732190793e-04 3.187385137278180404e-04 3.117704354936911898e-04 3.184050975056224031e-04 3.347718764606974593e-04 3.363695770239171368e-04 3.175532262943998180e-04 3.025317212278231041e-04 3.058064570848968884e-04 3.242895450626017816e-04 3.471222880777648234e-04 3.612548613389803724e-04 3.578537770643535005e-04 3.287795785589222512e-04 3.047599267447442459e-04 3.090681496664455944e-04 3.298681489144138744e-04 3.366735850690716477e-04 3.307415677189730796e-04 3.329182119174597899e-04 3.353293946011446074e-04 3.337196271587227489e-04 3.334688081224000114e-04 3.465635930790505331e-04 3.601890787664031391e-04 3.429452882458804966e-04 3.223323780438630765e-04 3.133111016699851301e-04 3.155394284740950604e-04 3.234725318244351805e-04 3.284684822458559328e-04 3.322938346428292410e-04 3.310358218159100601e-04 3.219745209040195621e-04 3.057032354771603913e-04 2.998837609012933907e-04 3.017256006320781199e-04 3.070766668398870595e-04 3.123572436139141753e-04 3.227086942836891888e-04 3.366903872004543743e-04 3.440609665330972462e-04 3.519195111486585182e-04 3.550868397937562452e-04 3.482786150989482720e-04 3.453238418571193081e-04 3.441038453851204227e-04 3.362341524089131604e-04 3.307420774847836978e-04 3.407600640219666664e-04 3.582031348239577968e-04 3.549547831120463369e-04 3.441474400138376999e-04 3.397858712213277198e-04 3.373141711439890254e-04 3.381238883367653283e-04 3.363915348755066367e-04 3.322655434492841542e-04 3.253086606870697877e-04 3.301033980791802901e-04 3.380136081911760417e-04 3.314765053386227629e-04 3.195991548195352850e-04 3.198980269865481338e-04 3.237069262317857077e-04 3.196373983131352986e-04 3.180420966055388238e-04 3.288573639841649646e-04 3.315254170802316202e-04 3.146490432620155679e-04 3.070871617980345473e-04 3.152253433765626217e-04 3.125685642297969377e-04 3.063177156653989737e-04 3.169920948048780222e-04 3.439477970945679680e-04 3.525805290802771640e-04 3.297498663146152626e-04 3.156102317629058728e-04 3.255561046161291935e-04 3.197195700964066529e-04 3.051127585912591063e-04 3.151634756210988523e-04 3.345374709881386664e-04 3.409954385446487533e-04 3.301276248527862042e-04 3.054862166028544089e-04 2.498632716953271145e-04 1.852211341904085756e-04
1.931571182386314042e-04 2.697792155189666528e-04 3.261017958667261196e-04 3.318575247770686604e-04 3.216405003059564843e-04 3.245544338477743393e-04 3.342911993486143455e-04 3.351097736974980429e-04 3.317299000098949068e-04 3.325553253565293734e-04 3.329702872306911955e-04 3.308024795395851734e-04 3.336075348093851789e-04 3.301035566737908246e-04 3.289999650891684783e-04 3.348740764274212825e-04 3.347427927584770970e-04 3.208150719942340443e-04 3.106470968086141263e-04 3.138843303331077155e-04 3.295701332530099215e-04 3.488702807434813447e-04 3.611189459513752353e-04 3.559739090242342919e-04 3.331326962525073439e-04 3.151887852381199612e-04 3.191351784688749998e-04 3.405596531077836105e-04 3.423143794374685625e-04 3.271517969430512906e-04 3.214108781659049579e-04 3.287290933420792269e-04 3.357849200667594835e-04 3.382765596624513500e-04 3.458013288337273561e-04 3.481735451876643433e-04 3.290995387573409465e-04 3.207398135671610208e-04 3.196056716582756961e-04 3.142919142590636008e-04 3.205999302299203531e-04 3.344747786202424689e-04 3.488534552509033699e-04 3.504630432012394289e-04 3.303037563437227851e-04 3.021709472468880669e-04 3.006833797312095241e-04 3.148903772774641141e-04 3.217482373837900981e-04 3.112661951692976994e-04 3.094995147599917656e-04 3.285445392880246684e-04 3.373224841895101347e-04 3.372605881149367212e-04 3.366889951779368289e-04 3.345721192496506216e-04 3.315324373429068402e-04 3.245340179111026345e-04 3.183036917061520237e-04 3.150475559958794847e-04 3.183076618818650580e-04 3.440627533592321074e-04 3.623412024194506325e-04 3.449459802219774105e-04 3.204771531329334185e-04 3.172605957453283757e-04 3.341627047513772006e-04 3.501787255106948498e-04 3.468481815229091953e-04 3.399231812413824752e-04 3.450014778949630221e-04 3.372417610719970421e-04 3.236254221958349527e-04 3.213153975448632084e-04 3.241950918457567983e-04 3.167068456424030937e-04 3.094225893224783561e-04 3.182978345167789685e-04 3.374370010888565457e-04 3.406520334801229613e-04 3.149002964403309519e-04 2.911721393877029010e-04 3.009588590967559067e-04 3.249712471935000064e-04 3.365587506040005976e-04 3.388814552036397798e-04 3.439557119156345802e-04 3.441579691217298517e-04 3.309580847354542336e-04 3.171195768851397395e-04 3.129449081406057969e-04 3.000157178875898075e-04 2.866695159873794809e-04 3.058265344351741573e-04 3.382435677133958322e-04 3.555523254312534243e-04 3.514535155718786445e-04 3.308049444348136383e-04 2.670918030235214929e-04 1.885807217346158790e-04
1.909515292165963761e-04 2.679802241154670894e-04 3.271026983001313823e-04 3.391034340446139397e-04 3.347566619075311367e-04 3.354505465260120499e-04 3.348777885374958508e-04 3.234339666265020723e-04 3.190812551804710767e-04 3.316596335995530224e-04 3.404247414554498045e-04 3.386955799255481981e-04 3.446052008338539941e-04 3.443185930669315892e-04 3.361150827584848556e-04 3.315825812508478793e-04 3.310316168862309765e-04 3.240640064158020186e-04 3.183285745384892588e-04 3.226878190298852495e-04 3.252986583330747558e-04 3.244650869179548395e-04 3.305638371148794490e-04 3.337727299789187583e-04 3.293947306520779005e-04 3.238042192439218644e-04 3.183713638145154790e-04 3.222885768362052138e-04 3.279397651146267849e-04 3.263140289805526242e-04 3.219544342027885796e-04 3.219148775961137485e-04 3.245439174130637563e-04 3.330881716569474927e-04 3.424391554644670840e-04 3.408615148692949052e-04 3.242633390431781172e-04 3.232985885517062523e-04 3.322100313937345010e-04 3.227991505723150031e-04 3.220437770205198053e-04 3.430060165830234493e-04 3.700842314427055116e-04 3.697474129254336148e-04 3.367528267931845388e-04 3.047454425645592020e-04 3.118176531777897822e-04 3.410690690718888845e-04 3.558837516934394620e-04 3.329624262624116676e-04 3.161039513640803212e-04 3.310973053132785972e-04 3.366583302332951241e-04 3.258811365518447887e-04 3.202158016604921085e-04 3.249325895753701855e-04 3.184066060649103080e-04 3.033577414108306540e-04 3.033911164621334172e-04 3.074474605855024353e-04 3.051882373891699187e-04 3.288802225614706996e-04 3.582193331434519595e-04 3.455191800019413815e-04 3.146247855916563447e-04 3.056224753061300347e-04 3.237687385476387299e-04 3.438434633038762013e-04 3.397757530402780888e-04 3.356925090118273274e-04 3.436063330428851433e-04 3.328670763854259078e-04 3.217899736649785635e-04 3.320638616870642129e-04 3.399800760969526130e-04 3.241224215605747897e-04 3.128568648430806961e-04 3.177168210126850344e-04 3.339276785282393762e-04 3.499192861930476356e-04 3.381048767828239571e-04 3.119176124707343824e-04 3.157381155693435152e-04 3.433020927118670199e-04 3.577308082350717571e-04 3.528978255385197796e-04 3.367233254261421237e-04 3.304289290883824157e-04 3.357356868669704019e-04 3.322376478428293875e-04 3.232612848090925771e-04 3.126526552137958315e-04 3.046425554470792154e-04 3.174725097681758718e-04 3.384896417936253833e-04 3.448245324327421863e-04 3.349591773341858720e-04 3.212785327453540531e-04 2.629431405200165954e-04 1.798660529260962741e-04
2.235190862501297993e-04 2.892866002793726852e-04 3.307545815610501289e-04 3.350845711282620667e-04 3.355169987883837093e-04 3.377254929460231218e-04 3.303122324836767643e-04 3.172424743679066864e-04 3.141928309527920651e-04 3.249345493973422117e-04 3.309571349370255249e-04 3.283719521132332430e-04 3.419606427142840143e-04 3.516626760421832074e-04 3.363887272646575322e-04 3.162508994076793176e-04 3.101840069673541265e-04 3.121599350140938779e-04 3.151750803486676102e-04 3.251839588267365342e-04 3.226172378098497522e-04 3.091851380624727652e-04 3.099463763774485932e-04 3.239920305476045367e-04 3.414362962364363976e-04 3.450407757293089302e-04 3.246571803268051429e-04 3.051550499637253650e-04 3.106375284724615391e-04 3.257011375794300711e-04 3.276200312315323180e-04 3.189007640117391814e-04 3.152529240075177671e-04 3.255445093661703216e-04 3.375590342717947373e-04 3.388144089904359182e-04 3.269371900106082850e-04 3.283895618229030903e-04 3.389376845530865635e-04 3.303798437495965605e-04 3.309293935257931040e-04 3.577866202699890369e-04 3.796250260291914144e-04 3.652832819574486464e-04 3.355685173308248356e-04 3.161354035065280441e-04 3.268102419405823924e-04 3.617677535853172839e-04 3.813966874770097193e-04 3.592572262528986654e-04 3.415681387178803288e-04 3.470690176131456224e-04 3.459657606640935065e-04 3.261688043848532119e-04 3.151517658762799899e-04 3.228245796516423160e-04 3.203778033597746988e-04 3.092456108876133741e-04 3.116054435402708725e-04 3.161354512271687968e-04 3.130530200730783307e-04 3.294395339942998973e-04 3.494351958393583928e-04 3.416530084323875769e-04 3.200675179191577531e-04 3.079807163883608668e-04 3.169669574397143848e-04 3.314274134210546297e-04 3.266634753356470228e-04 3.269592535337337595e-04 3.382057674980075901e-04 3.348461786307407049e-04 3.329471812265650003e-04 3.450952658946057736e-04 3.494752208116444925e-04 3.329612056136581517e-04 3.206296020684359146e-04 3.110378790891818847e-04 3.192180287428703534e-04 3.464386450036247489e-04 3.507689013792129689e-04 3.303834330581284853e-04 3.300995941462255847e-04 3.494666222535793834e-04 3.514570017129846867e-04 3.369106000751368769e-04 3.169605043151396987e-04 3.174812186922139606e-04 3.425641398447640327e-04 3.560048217842684982e-04 3.557660509269501385e-04 3.526798151378691525e-04 3.423783410705867115e-04 3.293679312297656146e-04 3.195574238792454414e-04 3.083111075021683235e-04 3.017411394379148921e-04 2.990185557706971121e-04 2.497590110404361487e-04 1.685131612671400677e-04
2.532672701223020757e-04 3.042167741663168840e-04 3.302848141915460225e-04 3.255496032647609093e-04 3.220105987310366074e-04 3.309109416287893879e-04 3.361920880756454327e-04 3.336952063287466864e-04 3.283768400665910124e-04 3.217207485308378476e-04 3.204062742164938806e-04 3.246647732461259363e-04 3.444356588685096960e-04 3.603132694154932963e-04 3.479754607883051238e-04 3.242119491827310878e-04 3.138738633652317324e-04 3.187761271653674275e-04 3.217572208964664723e-04 3.305890880541726253e-04 3.354554441103109919e-04 3.265739686525035096e-04 3.188770084081224681e-04 3.266033151752628042e-04 3.485713554769932668e-04 3.544396426785423955e-04 3.295583627136505962e-04 3.030509463972743713e-04 3.072075423456435347e-04 3.273359633406834244e-04 3.325468919962682140e-04 3.240819132295613518e-04 3.206549172108083589e-04 3.265975510865603139e-04 3.339732514226296731e-04 3.375275435364090870e-04 3.341682903703283979e-04 3.361698334652397360e-04 3.350305971650785583e-04 3.307557921175132516e-04 3.386266621280328154e-04 3.572985703881360084e-04 3.683200619003028603e-04 3.529431197302458308e-04 3.353547378871393585e-04 3.291872511793215821e-04 3.345431492684150911e-04 3.581901683091242715e-04 3.764060436877095109e-04 3.668696516302412218e-04 3.592033872388230350e-04 3.573075754461202381e-04 3.468491395235551297e-04 3.282926066793519313e-04 3.245622733551979883e-04 3.347500578102432242e-04 3.365877112165883978e-04 3.267217656233069182e-04 3.217254145873815426e-04 3.263934969659133172e-04 3.336728075055311101e-04 3.458638446213737824e-04 3.451725612731236081e-04 3.318002946382594704e-04 3.244568902166563434e-04 3.273390109496559543e-04 3.397532858880089428e-04 3.485081611900578066e-04 3.345273726456298932e-04 3.210110750781189131e-04 3.217867373640314992e-04 3.222694314444350021e-04 3.332756191345824254e-04 3.508421362534006787e-04 3.522785626459512369e-04 3.393578269919584039e-04 3.286689400420063183e-04 3.099307622494197612e-04 3.080328519481186815e-04 3.292704656540645664e-04 3.430243727641575820e-04 3.403821838286881876e-04 3.403010389623349792e-04 3.471584775498887110e-04 3.375057604987449669e-04 3.178683753851626920e-04 3.029458315561725469e-04 3.135316400697679435e-04 3.460636494258503056e-04 3.615619823786966089e-04 3.632256930710038600e-04 3.653047330327044125e-04 3.542909284557803004e-04 3.265475882402687265e-04 3.061703441844076229e-04 2.937066355832924545e-04 2.919515299445809317e-04 2.828093963831806957e-04 2.298315335909349754e-04 1.573372119509228650e-04
2.455262441352837463e-04 2.965219503880080947e-04 3.239373012084714666e-04 3.187012559524802493e-04 3.136070622771969978e-04 3.288075137890560844e-04 3.489795449526672142e-04 3.525464882958980416e-04 3.398560459894220485e-04 3.236919936279917089e-04 3.203668247689360786e-04 3.300211105936064334e-04 3.431621716426789029e-04 3.476747024764155437e-04 3.470374221936650292e-04 3.375155688654991231e-04 3.298307653544214728e-04 3.344679924209647106e-04 3.336944846612297628e-04 3.381913558882955061e-04 3.485450936027244934e-04 3.455284023066920859e-04 3.284269982797892798e-04 3.168293102066065212e-04 3.233540690943570071e-04 3.289569697410743739e-04 3.167939226380771592e-04 3.029565748598617029e-04 3.131588145698754313e-04 3.319650772728967780e-04 3.374746645888471045e-04 3.355473158771416680e-04 3.312427166756130989e-04 3.281524636185727435e-04 3.293628919048647782e-04 3.317954268041970909e-04 3.357886450181987422e-04 3.438702812949870043e-04 3.342706475865548114e-04 3.243922247530909284e-04 3.252854634225237442e-04 3.296984602511512236e-04 3.352912951692865132e-04 3.309995177888411071e-04 3.251658760515409698e-04 3.247449391973612873e-04 3.268890577406353189e-04 3.425208126448989849e-04 3.580501401495197588e-04 3.512597610378112535e-04 3.432941792942998489e-04 3.443829743274310295e-04 3.324535044535443357e-04 3.179354239895475025e-04 3.294750306452189732e-04 3.492091676360368439e-04 3.538119303655650155e-04 3.425564226978683978e-04 3.342530883815038973e-04 3.394699941232205503e-04 3.463935776681656507e-04 3.477827866615656256e-04 3.351659512716813338e-04 3.213546149947942802e-04 3.246935056020578639e-04 3.421512002008562838e-04 3.550706276470781643e-04 3.565720051993754225e-04 3.419132016351515051e-04 3.200040492493402638e-04 3.073225319727519375e-04 3.042773404784732561e-04 3.206160808609024139e-04 3.422130356436086274e-04 3.471250092966951355e-04 3.438123469688032785e-04 3.414416671231030155e-04 3.275437631149129671e-04 3.192648888062528650e-04 3.247206786400681539e-04 3.411291950360073296e-04 3.539774621389173061e-04 3.520140475847181156e-04 3.444811522130417558e-04 3.273417840625550976e-04 3.084127298793375659e-04 2.987136566104907896e-04 3.112676371353962539e-04 3.338125662954109091e-04 3.440603980782549120e-04 3.477474419130674758e-04 3.528364091129556246e-04 3.445963264647224078e-04 3.223521391312362963e-04 3.154202422010838540e-04 3.125903802358667325e-04 3.104474291426047436e-04 2.896430679372628218e-04 2.278326882363543781e-04 1.609884365004818211e-04
2.253425970906666352e-04 2.808767167482902755e-04 3.126715606926966330e-04 3.130637645498188888e-04 3.141886307345650216e-04 3.281665018418598585e-04 3.460176610311022560e-04 3.486497288143402878e-04 3.344118428166273143e-04 3.250935453380743257e-04 3.264552615287744032e-04 3.383351077375218582e-04 3.421671840603610201e-04 3.270958844858197208e-04 3.264527172693794952e-04 3.314849575245128036e-04 3.274798922719083637e-04 3.257200627013529448e-04 3.299022662016626284e-04 3.436163860228030084e-04 3.550628939016002659e-04 3.493483121905328415e-04 3.277829261677181341e-04 3.091850665091207088e-04 3.037649915532328456e-04 3.055109738368609173e-04 3.090535312921036245e-04 3.108880540768126847e-04 3.187145746504669122e-04 3.259282137944523707e-04 3.309164060767282338e-04 3.411037403085609172e-04 3.417924084920198830e-04 3.321118438663116321e-04 3.258080845811372008e-04 3.221776638892453245e-04 3.260022799205526526e-04 3.365563278876165343e-04 3.269190624510345290e-04 3.107187013738421720e-04 3.007337342808136379e-04 3.045044501668216089e-04 3.128962590373293002e-04 3.143049067237989672e-04 3.119683968325364276e-04 3.084702375040997537e-04 3.081591206472275753e-04 3.224040413755862103e-04 3.364988979587142377e-04 3.289135199755313958e-04 3.180473486370400402e-04 3.253760716891334129e-04 3.226209563090563282e-04 3.122722068818563129e-04 3.291271856439351965e-04 3.506422629984752874e-04 3.548218255252418712e-04 3.479022162441889818e-04 3.466480135446567347e-04 3.509705530436878673e-04 3.436313896328617857e-04 3.310076692190077078e-04 3.193701635496435818e-04 3.131127126795857493e-04 3.220624231090095466e-04 3.405138346931102815e-04 3.425891679232620697e-04 3.371899035962788553e-04 3.366164428715409575e-04 3.266066085592349158e-04 3.072368898518199531e-04 3.000815267415916443e-04 3.147956925246150027e-04 3.295480187728953847e-04 3.359125818920020903e-04 3.408035392595887346e-04 3.433457228741816289e-04 3.385798981783172423e-04 3.329997415088862493e-04 3.287069172965409783e-04 3.411086376460299588e-04 3.512751508220942481e-04 3.430014402036168897e-04 3.369718818003454531e-04 3.313531884139307216e-04 3.180734174141091252e-04 3.105348184754174378e-04 3.154481797955563382e-04 3.174437516216378568e-04 3.253147041348174520e-04 3.399761438394810964e-04 3.463994717306762244e-04 3.373744214878534480e-04 3.242154886424054405e-04 3.281463192007611721e-04 3.356074344471154090e-04 3.366024026410876537e-04 3.114842304639374860e-04 2.468785336759529475e-04 1.786831251725496902e-04
2.096802648552235936e-04 2.687731229299268544e-04 3.054527557901357731e-04 3.128219107951593636e-04 3.214147015552244052e-04 3.333543188634079070e-04 3.390002768382224850e-04 3.328351895806101290e-04 3.229845637655406627e-04 3.256924186787401535e-04 3.315308314853291759e-04 3.373595555814103792e-04 3.343862957538809599e-04 3.164756018819807597e-04 3.128173189374772417e-04 3.219770621620574947e-04 3.165871669525662565e-04 3.003389906341649598e-04 3.052903883312341931e-04 3.326509363666840411e-04 3.493928413501566632e-04 3.451577284142964526e-04 3.315305915893058822e-04 3.239724166254567437e-04 3.222316579373391303e-04 3.240909237324736186e-04 3.366974991280787173e-04 3.434741736040904927e-04 3.343745928481693403e-04 3.237342170140776075e-04 3.245569026413700018e-04 3.391356166200013272e-04 3.498526836213881734e-04 3.385005320855331195e-04 3.208900176096412832e-04 3.164122601193635137e-04 3.221737656695631592e-04 3.262990746491820733e-04 3.174862949517140561e-04 3.078346246820835071e-04 2.967926862134758403e-04 3.015876885491860625e-04 3.139820248432763925e-04 3.170585040037566431e-04 3.137439840629863250e-04 3.043739659882912368e-04 2.984481549276111448e-04 3.115127908656094465e-04 3.269061074207959628e-04 3.217477355356011164e-04 3.119455723275354033e-04 3.188101492908106084e-04 3.253314175392839022e-04 3.228725235450935439e-04 3.285194789942522922e-04 3.349761458909881594e-04 3.375497272180684547e-04 3.385393249726576762e-04 3.461511767810525786e-04 3.483980999773482121e-04 3.305374966126126287e-04 3.174218170913006756e-04 3.141396031567639637e-04 3.084962538913866019e-04 3.177751403642195007e-04 3.378943655136399044e-04 3.343236856498430854e-04 3.223799366443314018e-04 3.307071037100410603e-04 3.343794728014611679e-04 3.154226352149690476e-04 3.068976291962044012e-04 3.149893545364145517e-04 3.180463872766763284e-04 3.201662695386369448e-04 3.249213370217913220e-04 3.269730071845082932e-04 3.296948790056703936e-04 3.295506748984218309e-04 3.229991901157668001e-04 3.279675146813647193e-04 3.275652523654393493e-04 3.150920905960089913e-04 3.231513130910408692e-04 3.392558477031340372e-04 3.338627944930122691e-04 3.252499096589645303e-04 3.204093342795764736e-04 3.112466363508720017e-04 3.185552452529445688e-04 3.399098594739989165e-04 3.486196435644585510e-04 3.427549683620277361e-04 3.362270263768404139e-04 3.350026880552472606e-04 3.390640293473852853e-04 3.390470958933871791e-04 3.191955476362981622e-04 2.647870660912884184e-04 1.960926503401054771e-04
2.010581642590512648e-04 2.661403171967776293e-04 3.076790412134245388e-04 3.223567033182990417e-04 3.376445533049994281e-04 3.488316756447794580e-04 3.390202803312166173e-04 3.158692112989146521e-04 3.085207917296399179e-04 3.234937249961454759e-04 3.334031408085298405e-04 3.261148381970314925e-04 3.181700158661569106e-04 3.120801831544749378e-04 3.143177754766502264e-04 3.277636159708196108e-04 3.230553232876539607e-04 3.037328112885738897e-04 3.027830975274348494e-04 3.199038500358295564e-04 3.318421353919658121e-04 3.293252350322163407e-04 3.246080325992078313e-04 3.323192018478793135e-04 3.402335070240772980e-04 3.437575831061043989e-04 3.575345144702200698e-04 3.625378758814573848e-04 3.435229427417427119e-04 3.282348114167656485e-04 3.250894003593119775e-04 3.306104620493335346e-04 3.370421420401044127e-04 3.262705864550868905e-04 3.116208645962540488e-04 3.176764530384078127e-04 3.291018616684337540e-04 3.289036119994511896e-04 3.220424188385243871e-04 3.292840726035067031e-04 3.328566385915391040e-04 3.310378880627955645e-04 3.340200137770018684e-04 3.389714036672600772e-04 3.391127664762132567e-04 3.231766556200279909e-04 3.032783959015970202e-04 3.114309665036041645e-04 3.293800247621693055e-04 3.251192081674040115e-04 3.162124173950473589e-04 3.215601368067625646e-04 3.304113963151268391e-04 3.309745868576574601e-04 3.235594104913867689e-04 3.218478884445353854e-04 3.298441177486508176e-04 3.347144226576663603e-04 3.398866793060687170e-04 3.340570082337115812e-04 3.175343321173649267e-04 3.200045921092690938e-04 3.332582555989647500e-04 3.282606786680804245e-04 3.275151982551917883e-04 3.413947278185184165e-04 3.384110153515860466e-04 3.214520269541579927e-04 3.232207007541213276e-04 3.304001198748724604e-04 3.233392254362295955e-04 3.174677651267058501e-04 3.167795091758138139e-04 3.142252959045622540e-04 3.110348946742078373e-04 3.111463856058487845e-04 3.148213956435257132e-04 3.251867536176101430e-04 3.254853947372325163e-04 3.139888038853314196e-04 3.112732628421399118e-04 3.121709516008308095e-04 3.104983152896840983e-04 3.266872171146967567e-04 3.430822173551298588e-04 3.369832132665311801e-04 3.265587097762529217e-04 3.169180431572525287e-04 3.100446569045417098e-04 3.216177493074885685e-04 3.433606283463064290e-04 3.557724084489043864e-04 3.562358981254240683e-04 3.525528697646510435e-04 3.427348975357093035e-04 3.359743445307476870e-04 3.329596019035008583e-04 3.209634233202662747e-04 2.727745810901586175e-04 2.020924006213383655e-04
1.985813367705101891e-04 2.665427181625406499e-04 3.105970765681319561e-04 3.297259568025358604e-04 3.459024978977238464e-04 3.505595155465453575e-04 3.335286968813180961e-04 3.083383094171322303e-04 3.069682335785253562e-04 3.227869628185113158e-04 3.242525494776493872e-04 3.135241185625523832e-04 3.163874239865294299e-04 3.231639157913657103e-04 3.350409688730937238e-04 3.548343454327659396e-04 3.500008364484630610e-04 3.316749007383396107e-04 3.214758125537352826e-04 3.195925231274601317e-04 3.212734460568393178e-04 3.169295705720505721e-04 3.122587185949518714e-04 3.289503161123514098e-04 3.443608600191789626e-04 3.419843077304884817e-04 3.442372138422079971e-04 3.415417388552332363e-04 3.258692024661418948e-04 3.193066783926032642e-04 3.224409997752459992e-04 3.264943798197581458e-04 3.236550052563739533e-04 3.089169509520259000e-04 2.994282650745602498e-04 3.127169704590380462e-04 3.322589429728611344e-04 3.418252316024729051e-04 3.356941018318982620e-04 3.451417042996778582e-04 3.597955419466573575e-04 3.528670133382861857e-04 3.458207515937239363e-04 3.552327277308904444e-04 3.672541027928789359e-04 3.549976319960116387e-04 3.273020923774110774e-04 3.239302527625667876e-04 3.286275044834642903e-04 3.219908372343980468e-04 3.153313451183066747e-04 3.184360141965254234e-04 3.237821318424569258e-04 3.242697122429710581e-04 3.201980845988614444e-04 3.218520938220516573e-04 3.311144510785948608e-04 3.344858079754832111e-04 3.297725534744640544e-04 3.194933598524979639e-04 3.184040574177748493e-04 3.364793056894762702e-04 3.575021503781125164e-04 3.508547788110607797e-04 3.385569355015067205e-04 3.429949186206768166e-04 3.366814594843963566e-04 3.098998267611519260e-04 3.000156589745226745e-04 3.148632948182115347e-04 3.290491961474646307e-04 3.279619614063297500e-04 3.240594994420387467e-04 3.265569948089236418e-04 3.206238107967229701e-04 3.162663246590707291e-04 3.219034673190704961e-04 3.349975524748468139e-04 3.378961470496065597e-04 3.247669468745919587e-04 3.153775653474240803e-04 3.205011998250613370e-04 3.269748542853609342e-04 3.379531659533515872e-04 3.409433387712234404e-04 3.322331961253993703e-04 3.238653975871592710e-04 3.147524952630247216e-04 3.142074750147831998e-04 3.313664575958741006e-04 3.469990029824746350e-04 3.535950355429782338e-04 3.586036017328227848e-04 3.572511144605440689e-04 3.437819823699944676e-04 3.356417020893735304e-04 3.353552877000576422e-04 3.204530158913815839e-04 2.639661653203361153e-04 1.924122674225810280e-04
1.896280649306626882e-04 2.553281372556473103e-04 3.092022135163262678e-04 3.358223941813100405e-04 3.448886041090162380e-04 3.369577084872580437e-04 3.207388783567658385e-04 3.062358208002039254e-04 3.101099475756416857e-04 3.191031344239835519e-04 3.139571949081022069e-04 3.112322394543681628e-04 3.221648050173558367e-04 3.305805810661191805e-04 3.477319940836641216e-04 3.717467468634853378e-04 3.672917408883432473e-04 3.450316112442904635e-04 3.279492187478622858e-04 3.215654969938796463e-04 3.179381670739088298e-04 3.127749407953704110e-04 3.110575624982951214e-04 3.299784256660338649e-04 3.464287916039520635e-04 3.411562841202286033e-04 3.321165407644094641e-04 3.178912340254458823e-04 3.040618436039977486e-04 3.034380484520729244e-04 3.175565764500846945e-04 3.361873719919933595e-04 3.341248229188352762e-04 3.155576396658600494e-04 3.027582377756945099e-04 3.117119940200498629e-04 3.362968256740633344e-04 3.563765549017746401e-04 3.437207070921819482e-04 3.346875196094451139e-04 3.417076061592075852e-04 3.380891769090052078e-04 3.424445102248744113e-04 3.570468787921193929e-04 3.701063588013069538e-04 3.667681350837384210e-04 3.477155653078120232e-04 3.379323887845600365e-04 3.267425967886293482e-04 3.173995376236907933e-04 3.170494627342826063e-04 3.231595331048076948e-04 3.267802408691410782e-04 3.253777338785586296e-04 3.264013931098695069e-04 3.296290650878048404e-04 3.317877092681653585e-04 3.293188417292936812e-04 3.138353773308504772e-04 3.035569486820693897e-04 3.175217549441541453e-04 3.373784440630213204e-04 3.523688949735217634e-04 3.439258263284141392e-04 3.310657924672551905e-04 3.364344987382583045e-04 3.234844451614912958e-04 2.866313372402724108e-04 2.753406757555517791e-04 3.048775133188036434e-04 3.352031299879357348e-04 3.395958798251974423e-04 3.394604447643923949e-04 3.403786264252255068e-04 3.223196796012607395e-04 3.147689348102201100e-04 3.271080160826419993e-04 3.468083144306609690e-04 3.537131733861946905e-04 3.371161249381805043e-04 3.236407538142818132e-04 3.243882773809737656e-04 3.210718754171819171e-04 3.257204130901987038e-04 3.324404757719387005e-04 3.357296489095221419e-04 3.366659584578172797e-04 3.246910378159148405e-04 3.208217386959856163e-04 3.311494360384319071e-04 3.338668183528218595e-04 3.299394238527852941e-04 3.364460420170199738e-04 3.378933748337574830e-04 3.267169296384733052e-04 3.328797834462102591e-04 3.425693213838558134e-04 3.186319423940418101e-04 2.505329979661334301e-04 1.779745420988744302e-04
1.945827259504249378e-04 2.541409308445670922e-04 3.119995778651063305e-04 3.434850076641308135e-04 3.452027157594832240e-04 3.309723725756063954e-04 3.195210995866514989e-04 3.128500897216170596e-04 3.146627569293091657e-04 3.206335303618496708e-04 3.242457173054307884e-04 3.282856104104698832e-04 3.262400531334870785e-04 3.235416338029664337e-04 3.396249961187775370e-04 3.595621149310451606e-04 3.576918566181431060e-04 3.431826677677935161e-04 3.295170257753421840e-04 3.212129996649351138e-04 3.193793995600347499e-04 3.216467026372442622e-04 3.255217447510575391e-04 3.385262828308066444e-04 3.486008613296142570e-04 3.482046612309986277e-04 3.410596670511850149e-04 3.191485974275052543e-04 2.988142081155674250e-04 2.933060626771624105e-04 3.101835403316934589e-04 3.436718890509230873e-04 3.491853634736565666e-04 3.349069646107002301e-04 3.189093182316636013e-04 3.130087715173590418e-04 3.337584070584622125e-04 3.562171715146179732e-04 3.402137731864570422e-04 3.208670964311131652e-04 3.191446725813698766e-04 3.154681887337878847e-04 3.281363789166869579e-04 3.468386234252565431e-04 3.551523163989134344e-04 3.518052729991248901e-04 3.387576210900325631e-04 3.298262965128807324e-04 3.172721755472858625e-04 3.118808520013734804e-04 3.204732387959699155e-04 3.335311674899864819e-04 3.449137993192638498e-04 3.438526015145614272e-04 3.370665768816050005e-04 3.351091672585302067e-04 3.295441532266993150e-04 3.205790346692778464e-04 3.020423198350489407e-04 2.919897934539790463e-04 3.124902550877276994e-04 3.350150773859467482e-04 3.454912435369334204e-04 3.371610806936103694e-04 3.283197143347820661e-04 3.352801261736242035e-04 3.280657656957136452e-04 3.013418011413525853e-04 2.976409304939906723e-04 3.256540030158118666e-04 3.459713795427709487e-04 3.474490174550099852e-04 3.489562313652509436e-04 3.405718153031027156e-04 3.164324710846496509e-04 3.118315355140157709e-04 3.263701700324946834e-04 3.469054841097573812e-04 3.537956179446928758e-04 3.393462931988121527e-04 3.344021732060497914e-04 3.306759631776401854e-04 3.118538043080915480e-04 3.094546541624588164e-04 3.228145333342308807e-04 3.402407269885651675e-04 3.527619727819078076e-04 3.391620200970458295e-04 3.321908541044355087e-04 3.372103420024420511e-04 3.319405391916219845e-04 3.208906841414898236e-04 3.179730764742845733e-04 3.106945108615203266e-04 3.031356084055034442e-04 3.242108488396390010e-04 3.460149392191965139e-04 3.211069560538752123e-04 2.431314545270584068e-04 1.652089608699021123e-04
2.148788529908214476e-04 2.730881983869665208e-04 3.235824557515052670e-04 3.435684310788537530e-04 3.340051932020450857e-04 3.224969794365530442e-04 3.230650402901437098e-04 3.234777197886686299e-04 3.216591112887055371e-04 3.274672287253424454e-04 3.400951575650385471e-04 3.473234548190784715e-04 3.334372255524949884e-04 3.261877916486404395e-04 3.418761894798055616e-04 3.494049407264314226e-04 3.425337576756312284e-04 3.411951477866079587e-04 3.399784226228280129e-04 3.306366719283831968e-04 3.264303894119980395e-04 3.344838317155753742e-04 3.453676977216343360e-04 3.518887024374718121e-04 3.511674422447554045e-04 3.519977013283287970e-04 3.556813881777178324e-04 3.429930132252330703e-04 3.190260133641382241e-04 2.981948286638523246e-04 3.043387229347720765e-04 3.396461298237189209e-04 3.509350297604008767e-04 3.435248214387988169e-04 3.294266399313484309e-04 3.109709605421779005e-04 3.206857520027306179e-04 3.410225439708048853e-04 3.318872187756926055e-04 3.132025867877354813e-04 3.052907672021843224e-04 2.999627968688138536e-04 3.103852366746433613e-04 3.266569071976563364e-04 3.307408659318589270e-04 3.243186990377418971e-04 3.143712021939281884e-04 3.122128036514102561e-04 3.118206849432254889e-04 3.172248632477409330e-04 3.289430034682597486e-04 3.358244242086613914e-04 3.480716844409263884e-04 3.515955324660547656e-04 3.405798347976638635e-04 3.364748770563222801e-04 3.301526961365949895e-04 3.188251956440570642e-04 3.061130862183050663e-04 3.023701766705546440e-04 3.265953587760782903e-04 3.499677544849970129e-04 3.477176794950409002e-04 3.272689867903525265e-04 3.196586308914199518e-04 3.263281463021089064e-04 3.326678006204143983e-04 3.299026882906643454e-04 3.386838514525060450e-04 3.554180583546673756e-04 3.573964591962719949e-04 3.516145787062242021e-04 3.429072998630506653e-04 3.199373346551243145e-04 2.986566611321399278e-04 3.042044763972861793e-04 3.246735437120927504e-04 3.391139842376059577e-04 3.441935921501133562e-04 3.458028820618623328e-04 3.567671824956234524e-04 3.539463261788718378e-04 3.291262559588872295e-04 3.136976158640308768e-04 3.170248892874864290e-04 3.288537543676779609e-04 3.388390694307894186e-04 3.331220806291644641e-04 3.332817519263620454e-04 3.425290248214624307e-04 3.397552866315058182e-04 3.261936659441864181e-04 3.137065754464271302e-04 3.022202926274393867e-04 2.996812831015013812e-04 3.205465516258114390e-04 3.394880273037027417e-04 3.162230710773709019e-04 2.374331164465798651e-04 1.557724813098078310e-04
2.220466433006983500e-04 2.882901865039312421e-04 3.359516559045689081e-04 3.381453735398356011e-04 3.165332473666846174e-04 3.097195787964391288e-04 3.228866502425968392e-04 3.337139489229142258e-04 3.371545763195471978e-04 3.441182959072194370e-04 3.496114677319683882e-04 3.499613257068855945e-04 3.350782087756985989e-04 3.315504116934780369e-04 3.427919211348622931e-04 3.383666784847340998e-04 3.271082881865976320e-04 3.295941143747873128e-04 3.360239891655495640e-04 3.353321953280224000e-04 3.336197672239257263e-04 3.444645011081094894e-04 3.545050193625691871e-04 3.474864807629784048e-04 3.374292863213257908e-04 3.421604535450646135e-04 3.569294243767854192e-04 3.644409220474836668e-04 3.520359070917724632e-04 3.226497381639209863e-04 3.078837969842138198e-04 3.273892418321842478e-04 3.434654551659582474e-04 3.426311120561523682e-04 3.298527821943608761e-04 3.114932877190451838e-04 3.160553419949184775e-04 3.346983698861593802e-04 3.319363012781880134e-04 3.108204765882243521e-04 2.988502900544021275e-04 3.033199164112097487e-04 3.187841730375853074e-04 3.256336671169851116e-04 3.192250261602677121e-04 3.164030330028220865e-04 3.107892370370489064e-04 3.074579724908614608e-04 3.194002360108523118e-04 3.367503749230849551e-04 3.480797918014254776e-04 3.387352290177924165e-04 3.266981726783682897e-04 3.236027938665077242e-04 3.224094977986653081e-04 3.304471121759465263e-04 3.382341825040428851e-04 3.358109885943009023e-04 3.268501982386577513e-04 3.304061311142975814e-04 3.564315185903670904e-04 3.704226867439671658e-04 3.525974611209582699e-04 3.230164889131496831e-04 3.213766578652179837e-04 3.282400280926802425e-04 3.254078516977767003e-04 3.221899931997301565e-04 3.357519059372002755e-04 3.459273700214422482e-04 3.427425430249384300e-04 3.435360596078351867e-04 3.372044153853713012e-04 3.098448042191065486e-04 2.879431919160074771e-04 3.004280033002484657e-04 3.307399981295957182e-04 3.351916540515853353e-04 3.295695650185771612e-04 3.419061590988776837e-04 3.599177540928958372e-04 3.599504339007560854e-04 3.452129628857755761e-04 3.267572422105117949e-04 3.146978655952167728e-04 3.100623076985248089e-04 3.140914814759059232e-04 3.229554476153483110e-04 3.255424121212908777e-04 3.311269379593032177e-04 3.356660679600846436e-04 3.312435679669824187e-04 3.233642866823211413e-04 3.184679731664664774e-04 3.205650197622560453e-04 3.307600661468706256e-04 3.322706580019997450e-04 3.069640025353871128e-04 2.390857747002657894e-04 1.568698775086786951e-04
2.336932785648892412e-04 3.011021837324968052e-04 3.412060180806017256e-04 3.352405610263778021e-04 3.151544857592575776e-04 3.069690890724027007e-04 3.189136159668852326e-04 3.333468055733342116e-04 3.427956405647125606e-04 3.532489635581175349e-04 3.520068243857711046e-04 3.437325000854358115e-04 3.268785416667352927e-04 3.202782054389631083e-04 3.257026910356007913e-04 3.211185902069410569e-04 3.159231697538883725e-04 3.210492985176987418e-04 3.268257289664534869e-04 3.323468352147057386e-04 3.345801892892331713e-04 3.418691959101699930e-04 3.420172488229398068e-04 3.249954980427112537e-04 3.166119011452674104e-04 3.314612708553909756e-04 3.465777874116448783e-04 3.536625444273540863e-04 3.543012149307774483e-04 3.429958702507438818e-04 3.240242233220806223e-04 3.252082924000120881e-04 3.387925032820493683e-04 3.404392216569890393e-04 3.285008490889327519e-04 3.238806742402623859e-04 3.350605240594807955e-04 3.460512549653768253e-04 3.391009441052459153e-04 3.156293173740718980e-04 3.047552663427941519e-04 3.208139204401289340e-04 3.436064448088272391e-04 3.450225124538879766e-04 3.336169201703302438e-04 3.362733769632127038e-04 3.284607414312793643e-04 3.123334969425819530e-04 3.223078176799079164e-04 3.447128856941120752e-04 3.603881236456277053e-04 3.492696894760902952e-04 3.215746109494028115e-04 3.101602539187335583e-04 3.184015213632203399e-04 3.346822742641685508e-04 3.516931141062065616e-04 3.561798297280015626e-04 3.385004015661968952e-04 3.345607276574463101e-04 3.562275669577203308e-04 3.691020158695796890e-04 3.553839563909282811e-04 3.346386121411946708e-04 3.428497187302842150e-04 3.481217736401241952e-04 3.228258112032605432e-04 3.043763171558070161e-04 3.171398720948132759e-04 3.288111833786111580e-04 3.251656740263450811e-04 3.252822382086578571e-04 3.256021580664969885e-04 3.113156928701146320e-04 3.004115966602906133e-04 3.182100789021280809e-04 3.412007378759295733e-04 3.266264908627650393e-04 3.054484786725469598e-04 3.110727464530531425e-04 3.286225589313036778e-04 3.381212550909289951e-04 3.384043027557054827e-04 3.257681618554119827e-04 3.075094930868126726e-04 3.016029400349420214e-04 3.149894185443966261e-04 3.357220885334933572e-04 3.341716618831042833e-04 3.284430867225719263e-04 3.347236203740396694e-04 3.395647042749075882e-04 3.413636667967818159e-04 3.433716434218064243e-04 3.407172498688127989e-04 3.349291857097610233e-04 3.267029456564162957e-04 3.071598573758096626e-04 2.525651208884430871e-04 1.678743929824469709e-04
2.519058051404734653e-04 3.099266935534829553e-04 3.373370762065266027e-04 3.345514641714641122e-04 3.239765308755802745e-04 3.085352075428306586e-04 3.071424443933371733e-04 3.148396111533183000e-04 3.237065964724294390e-04 3.388561650147241169e-04 3.422867264768772672e-04 3.333774049680238941e-04 3.165906293783074489e-04 3.031014824293599258e-04 2.978300191328062466e-04 2.997668523276548818e-04 3.091233847061629911e-04 3.205282364930709402e-04 3.229829661960948979e-04 3.269684508423353246e-04 3.282653650470208797e-04 3.290157602413546173e-04 3.256557458440063999e-04 3.141568788901545617e-04 3.091906161710858739e-04 3.240772601317207235e-04 3.344106711848760611e-04 3.313877700252545414e-04 3.324321823986092555e-04 3.402769040484402547e-04 3.325540871355223095e-04 3.251559158458853897e-04 3.306323187941000337e-04 3.348596242348009623e-04 3.306945965224475153e-04 3.392916379980729117e-04 3.474729319930734651e-04 3.440471522425750405e-04 3.360487629731189071e-04 3.200597500861851463e-04 3.187893646852666719e-04 3.413105238726983105e-04 3.643640284590485365e-04 3.604533945303333700e-04 3.432618089486616161e-04 3.447782737942223859e-04 3.385203872002562646e-04 3.214957866872081987e-04 3.269513455394667438e-04 3.468984380437086174e-04 3.626523869524547619e-04 3.557682808686221556e-04 3.336486350125221945e-04 3.256697044625729131e-04 3.349665804424350199e-04 3.457282591129585275e-04 3.544424861685173964e-04 3.534566536445917797e-04 3.301834985081966971e-04 3.182894915356549803e-04 3.298183345546250572e-04 3.410342711835022368e-04 3.372886955385045993e-04 3.306743522318051774e-04 3.457262086008277766e-04 3.496856747071293292e-04 3.208871213820037923e-04 3.105832740017460064e-04 3.348622701932555800e-04 3.529264156575657009e-04 3.429549980290351983e-04 3.228310069738619037e-04 3.119785481550633056e-04 3.075317405079856532e-04 3.135585013006175759e-04 3.374037000646408686e-04 3.518424808238869417e-04 3.254229215538000835e-04 2.942934213964422049e-04 2.895105063305490872e-04 3.040523197915116532e-04 3.236591866616456256e-04 3.311995469206314080e-04 3.231552117331794294e-04 3.104765650679179806e-04 3.112985901216775439e-04 3.285108738146841410e-04 3.489059597182616159e-04 3.505731229067411735e-04 3.411380155842187560e-04 3.405494271809126000e-04 3.403695282304946440e-04 3.432071538503371423e-04 3.517513420050089219e-04 3.430938483247889317e-04 3.251308235908905537e-04 3.186971123621154360e-04 3.114708840877170948e-04 2.658613263281455440e-04 1.832526999443865082e-04
2.427133408521460467e-04 2.934248238136204852e-04 3.191076247646561941e-04 3.233199364123785996e-04 3.211115325642835351e-04 3.103872330157547168e-04 3.096762746200149279e-04 3.163291440191290469e-04 3.174000953471524996e-04 3.260595390184803117e-04 3.304434658117659843e-04 3.254730104374518526e-04 3.199171277887881979e-04 3.105177159062170750e-04 2.938595526403998525e-04 2.905513309150412494e-04 3.035090094952886536e-04 3.215825121272632300e-04 3.283786964639034685e-04 3.296842067904628016e-04 3.238355468457147258e-04 3.160487768308597100e-04 3.136401266773753620e-04 3.115084932953520488e-04 3.046233424113701594e-04 3.086014324570724669e-04 3.200868631731359657e-04 3.266536074062060526e-04 3.295167927346592958e-04 3.395506164384910048e-04 3.401614635956358500e-04 3.330592381374801372e-04 3.336715555373167348e-04 3.388730482618383796e-04 3.368099735953925455e-04 3.427533264390824740e-04 3.385051636485415620e-04 3.278745605738902840e-04 3.254656363124262949e-04 3.197735541944867724e-04 3.244343515716596607e-04 3.428801838835259701e-04 3.601840016138818179e-04 3.548595571634360056e-04 3.336772101716881014e-04 3.325558614752442254e-04 3.353778244528402919e-04 3.266362880976457776e-04 3.307561690350857087e-04 3.414827700545829733e-04 3.433609858997564929e-04 3.320797524906325118e-04 3.255163445151822025e-04 3.346454854021896396e-04 3.413984180651688819e-04 3.416087588349719364e-04 3.379783468631551778e-04 3.326485260371498786e-04 3.210215458382013540e-04 3.128789491240482846e-04 3.109842447490768430e-04 3.130814750503240493e-04 3.130882662526545215e-04 3.089343189727819647e-04 3.153507913999845482e-04 3.169588035346563443e-04 3.063208837470517837e-04 3.187193175154498276e-04 3.519594140744846571e-04 3.721637682494137998e-04 3.622092239788558083e-04 3.356293830004571902e-04 3.136722934882686014e-04 3.064463914416411857e-04 3.189265715365679392e-04 3.451307809966904666e-04 3.625491466083837324e-04 3.417871534500810642e-04 3.135907767033370474e-04 3.107120648062713410e-04 3.189223305417853696e-04 3.276321160027502758e-04 3.293730289563893076e-04 3.278926314702172457e-04 3.285873143806045875e-04 3.353111240713728338e-04 3.452258885805279537e-04 3.498449458916180494e-04 3.436596378385758585e-04 3.317781499055662796e-04 3.293111185785204753e-04 3.265024020539981659e-04 3.262820657579872758e-04 3.384068262372991989e-04 3.321561379253573426e-04 3.190456670997277857e-04 3.200023891370290269e-04 3.155690251376119630e-04 2.664413412788511188e-04 1.864141541435656495e-04
2.117946865469072276e-04 2.654694971939566893e-04 2.974177902849375497e-04 3.049473303441214891e-04 3.120835401664744839e-04 3.225062018671183634e-04 3.334374890005228128e-04 3.390440004841204901e-04 3.288598744149443453e-04 3.209157974964031842e-04 3.227796851692290052e-04 3.294142547617248868e-04 3.382140769314846045e-04 3.396298067068091926e-04 3.311626737137669287e-04 3.201208857441244942e-04 3.147226703469017126e-04 3.253981478940303190e-04 3.342421482678181646e-04 3.307257933257796642e-04 3.214795831297511406e-04 3.195598677754059704e-04 3.267649362792755764e-04 3.254890332793764201e-04 3.080778895132945359e-04 3.016014708616514012e-04 3.115234154373682277e-04 3.230065950100583991e-04 3.289796601116361653e-04 3.406382610619816979e-04 3.469007878768626306e-04 3.414608082236512271e-04 3.380663194813295601e-04 3.413908018145606657e-04 3.387657908071792213e-04 3.413698798138318190e-04 3.375149683196844398e-04 3.240059551461065609e-04 3.179716428898223327e-04 3.160619345044455826e-04 3.168582441538673111e-04 3.267836287086380801e-04 3.384885111055003864e-04 3.381601587261430703e-04 3.245498916028778311e-04 3.221063533236566368e-04 3.283970978027562571e-04 3.222798814308567650e-04 3.276161178604027817e-04 3.401461922812595374e-04 3.327230297660652017e-04 3.108168379582177884e-04 3.083468311497144067e-04 3.247299882139379813e-04 3.270363916492973616e-04 3.221013643254507603e-04 3.185861442570198923e-04 3.180618391817122007e-04 3.169914498498794348e-04 3.184887676280033345e-04 3.166679166605337425e-04 3.168602436660211967e-04 3.150843417515562881e-04 3.024034175662986207e-04 2.973709129848735549e-04 3.037048846674450585e-04 3.080471548052448900e-04 3.165139519848553500e-04 3.297758261296288235e-04 3.434570736316907257e-04 3.466467788948092606e-04 3.384988680377171285e-04 3.246945733310799232e-04 3.165138271175362830e-04 3.254803598732477999e-04 3.445417525404386762e-04 3.645856623651117130e-04 3.583005901640974773e-04 3.439205144539491136e-04 3.433731445682692012e-04 3.353686279984432377e-04 3.242934918809477771e-04 3.253149665755398720e-04 3.355088274478685651e-04 3.470478211697018570e-04 3.539548965794631443e-04 3.547146993782924812e-04 3.464509398539576722e-04 3.279263420667077270e-04 3.125658695616610663e-04 3.142994364625959175e-04 3.198824608100889373e-04 3.203020448418537653e-04 3.235862556309368303e-04 3.164189431099925049e-04 3.152301544281204673e-04 3.273565619215188655e-04 3.210434099085215367e-04 2.639430684398894880e-04 1.813163213143896969e-04
2.025316329553768756e-04 2.496577376135708341e-04 2.750746860480341263e-04 2.801426447291793754e-04 3.017090789312079722e-04 3.398331963864975559e-04 3.566248805948518587e-04 3.482691607307708244e-04 3.327259163647587289e-04 3.231796118550919186e-04 3.292105546330984281e-04 3.407998869138047422e-04 3.446309136402191022e-04 3.433789192238893666e-04 3.484937789154679989e-04 3.424691339326302081e-04 3.274418520595325606e-04 3.299751709270065279e-04 3.409474191366535802e-04 3.376661318804584063e-04 3.292526199233114536e-04 3.374866913422729943e-04 3.575064078437517742e-04 3.538699266477986238e-04 3.189045297068179678e-04 3.061160498781526551e-04 3.169823393203671010e-04 3.238463658785610934e-04 3.279127003603871712e-04 3.353999255713015736e-04 3.356075564436754527e-04 3.265907142896994119e-04 3.207643221840853669e-04 3.268783799326450881e-04 3.345125935859020821e-04 3.463356795099875813e-04 3.509070534787934624e-04 3.359016552252311631e-04 3.201347049624822375e-04 3.142913858738429866e-04 3.165422769890301885e-04 3.277955256387470756e-04 3.360827173505582122e-04 3.364235140677201150e-04 3.256377263876319961e-04 3.160591016755801095e-04 3.191207328268537728e-04 3.176164710929718724e-04 3.245122834428500278e-04 3.436389511674317696e-04 3.429064887609552378e-04 3.176974959872689197e-04 3.075783106656595134e-04 3.175175603503654085e-04 3.162004027975597259e-04 3.083202979541734348e-04 3.095182778708061716e-04 3.178172214536044470e-04 3.236956837209336397e-04 3.345005717145329194e-04 3.360554231850496456e-04 3.329358744305210708e-04 3.266897198006005415e-04 3.127666601124172224e-04 3.092953198210964851e-04 3.242441783123659656e-04 3.355574883920669138e-04 3.248353919512282986e-04 3.043536267438598725e-04 3.043125137521260695e-04 3.165332946873478472e-04 3.247034152155061000e-04 3.265067835272687357e-04 3.207222242871224675e-04 3.206547298471156557e-04 3.308046880220223565e-04 3.499129727490811210e-04 3.555875114134393567e-04 3.504747747270911063e-04 3.428954438772594546e-04 3.274422877858002359e-04 3.160567122629952177e-04 3.229745179102373352e-04 3.356059756382406031e-04 3.476819686863616139e-04 3.508793554638603993e-04 3.405227810911208228e-04 3.296494383201986058e-04 3.215833005384515072e-04 3.178304032349169310e-04 3.199780712162087165e-04 3.196986474296796793e-04 3.151483811849257587e-04 3.104718425447511873e-04 3.071662023877457697e-04 3.177422335836161890e-04 3.388055859505172390e-04 3.317038193391814950e-04 2.680903230341285973e-04 1.796636608733419359e-04
2.309451039868996359e-04 2.627341809984867424e-04 2.758741716953579722e-04 2.788064441513307722e-04 3.086621643170954325e-04 3.597221856449720877e-04 3.682641431719188563e-04 3.379010729249577283e-04 3.235289980814667139e-04 3.274406358785937263e-04 3.375299300551201989e-04 3.435070408876230970e-04 3.342536024637291457e-04 3.272135202620724903e-04 3.308214221564718038e-04 3.270690159761052403e-04 3.187294115696212289e-04 3.273469679401878603e-04 3.495460758932756630e-04 3.525984537735855754e-04 3.384887586217491485e-04 3.402105919925323303e-04 3.618346449108172458e-04 3.620463057222467630e-04 3.244976314995543431e-04 3.113493168539255198e-04 3.270578599186509984e-04 3.369392245329661884e-04 3.399623447030219537e-04 3.334229228880957992e-04 3.171166557778479222e-04 3.028210199667266157e-04 2.987995136794200008e-04 3.047347199382137266e-04 3.175190950634462035e-04 3.395623447296050091e-04 3.497789937646092560e-04 3.403050305127173006e-04 3.225457502909456200e-04 3.159026113696255644e-04 3.271196541338307166e-04 3.404538974123552035e-04 3.411022100151915723e-04 3.373872901429384027e-04 3.282149695607144415e-04 3.172869641867548081e-04 3.225656300777328530e-04 3.316492505012368823e-04 3.340169844064836508e-04 3.402328933603361106e-04 3.424546747072576319e-04 3.273453097833907161e-04 3.193309563050473511e-04 3.250833630200801873e-04 3.209888332931412191e-04 3.123859901971329320e-04 3.180597457471858857e-04 3.259709246842820230e-04 3.304335034678599443e-04 3.423162473067367824e-04 3.383798524751823302e-04 3.323686739203515848e-04 3.332745093413460582e-04 3.301770753955306052e-04 3.292066329939472621e-04 3.406233375882662283e-04 3.495999117082281438e-04 3.319832448178498536e-04 3.046455772368957416e-04 3.040195044188789982e-04 3.153967818011491151e-04 3.236819142573033070e-04 3.319741429579715951e-04 3.245059040188632378e-04 3.142731291693583737e-04 3.143208367567568596e-04 3.232682170442878521e-04 3.346003236222436965e-04 3.357240835098829006e-04 3.247524956846663648e-04 3.175722938870003623e-04 3.173872880201486675e-04 3.249897990778581104e-04 3.366394368640596981e-04 3.454761939052965474e-04 3.421992733471961772e-04 3.248186446121971633e-04 3.135851597937853140e-04 3.203024901902156319e-04 3.350262105086635476e-04 3.393289020259532404e-04 3.228367340137962066e-04 3.077162013585014663e-04 3.052644445274972466e-04 3.129863458160136980e-04 3.288974468634232504e-04 3.449324470077023887e-04 3.341528790476215268e-04 2.708128275677131915e-04 1.841109411636623287e-04
2.572199916678175697e-04 2.802133870222692355e-04 2.932965424764265912e-04 3.049629886643836357e-04 3.333995568448746378e-04 3.720591867411148640e-04 3.669881998472802756e-04 3.252836255996434281e-04 3.108470713696491776e-04 3.218470843154183593e-04 3.304267232654442641e-04 3.403377079937915410e-04 3.421158590313014281e-04 3.357712866439329898e-04 3.221148169552627972e-04 3.087256343598350971e-04 3.070303174440659538e-04 3.215171500663211910e-04 3.458614964782281455e-04 3.529916385663369426e-04 3.378905773895851238e-04 3.273441517277493173e-04 3.351983512438416139e-04 3.354788605064425253e-04 3.151665691490069740e-04 3.143006928212555484e-04 3.345876886905055705e-04 3.501917420777508330e-04 3.499722124248183389e-04 3.329175364714777666e-04 3.132287811503149276e-04 3.029808413964273604e-04 3.041143717077142731e-04 3.050190449351715925e-04 3.094069677877639077e-04 3.290805333304369293e-04 3.378630597006207362e-04 3.298550153823019779e-04 3.158299349268989210e-04 3.214766882127331228e-04 3.437892366104655932e-04 3.540098254007205555e-04 3.470877713839080761e-04 3.369427347253606438e-04 3.299803165298293198e-04 3.237053487497641800e-04 3.292504508079556426e-04 3.442517981167117795e-04 3.442318504456491970e-04 3.344468586014632183e-04 3.306020137494290485e-04 3.258245119020795389e-04 3.261079997786104452e-04 3.314390529427785207e-04 3.267091505645921580e-04 3.186540640888600620e-04 3.266827649653029214e-04 3.306770224463660333e-04 3.282359804673160779e-04 3.362883930276310733e-04 3.286027826699506010e-04 3.258363946584021250e-04 3.367972795308415155e-04 3.404769045828656823e-04 3.363766178218701537e-04 3.343288045611382542e-04 3.294189614289523430e-04 3.178183074017337188e-04 3.190347553703448821e-04 3.390286780972205259e-04 3.465132691389162392e-04 3.435284659219133094e-04 3.443427988137775261e-04 3.329542149461841671e-04 3.192715516720606673e-04 3.136002983909425218e-04 3.170680016977066393e-04 3.336509166660558924e-04 3.372172530611005649e-04 3.230024879364143311e-04 3.178682502716584455e-04 3.250032906068701976e-04 3.341705137048754659e-04 3.449423654190438655e-04 3.490148347428450801e-04 3.399190882778781132e-04 3.210893624134380066e-04 3.080849515088038499e-04 3.187384540059387972e-04 3.439820475601021248e-04 3.558983046636760147e-04 3.356588723606470617e-04 3.124511211504559264e-04 3.079215606951883123e-04 3.189970065400397859e-04 3.293948561038339802e-04 3.289912908026416732e-04 3.170716177310261489e-04 2.664152703493367653e-04 1.897569265997761461e-04
2.353182883109490207e-04 2.726275351536785910e-04 3.055802805689566970e-04 3.299752581077408393e-04 3.502561174449042407e-04 3.674413248253345253e-04 3.563488475074780802e-04 3.193995265124385157e-04 3.022777015379647029e-04 3.108925823183564079e-04 3.189667875607844457e-04 3.361311492829636332e-04 3.571775969288861754e-04 3.558901106232445965e-04 3.313698594611409060e-04 3.119112910716133205e-04 3.087310047308692565e-04 3.161285444684930161e-04 3.313931143128816736e-04 3.384915896526135832e-04 3.291183159685607661e-04 3.163834220656354217e-04 3.092262008465527243e-04 3.033033164941441448e-04 3.017245481539153383e-04 3.172520520277504526e-04 3.423050891703598945e-04 3.627648937115455358e-04 3.582312134751339250e-04 3.359193207013444482e-04 3.249531339468179425e-04 3.230026962973677135e-04 3.275274197249224443e-04 3.284699220827841121e-04 3.247537145874216237e-04 3.288953694049058627e-04 3.242538187571430714e-04 3.097716715234821380e-04 3.028357182453683422e-04 3.233809625253366259e-04 3.534234437131549304e-04 3.619650069838780022e-04 3.532408411625764409e-04 3.392040675901603162e-04 3.281145409317549650e-04 3.174395989425915217e-04 3.186733267195505058e-04 3.386646443956860307e-04 3.446158504197344629e-04 3.354179441333345188e-04 3.327353509477840900e-04 3.324965451129494043e-04 3.282455828786295981e-04 3.247612747446791725e-04 3.250530872578484684e-04 3.218401798345760451e-04 3.283721912340545855e-04 3.360571893187955152e-04 3.342587709779046030e-04 3.363118844065925020e-04 3.241622494359504281e-04 3.218328438033286193e-04 3.293901461576791015e-04 3.313182617900997315e-04 3.302323777375331662e-04 3.232524642495106888e-04 3.113783157412773747e-04 3.112896220415652506e-04 3.310915734561521847e-04 3.585073362227545954e-04 3.650446055762494348e-04 3.520985133667566729e-04 3.392227825736710391e-04 3.283163640652252786e-04 3.210393748398596321e-04 3.215929627810853184e-04 3.303813237281445856e-04 3.477294313643516455e-04 3.482870328629887190e-04 3.312265399353491466e-04 3.174646811130171645e-04 3.204148350049618611e-04 3.326534451424835578e-04 3.430625382257859236e-04 3.437636736409149904e-04 3.362421848637410656e-04 3.219134872372879028e-04 3.086024009725047085e-04 3.220460081460320661e-04 3.462099021459932088e-04 3.588906466955704136e-04 3.458404739306965357e-04 3.232670416588893578e-04 3.171287734292657992e-04 3.233692792196158532e-04 3.219621182394682025e-04 3.148132086845942864e-04 3.107202219252032101e-04 2.672323764897606511e-04 1.893718418331170775e-04
2.047623072904742507e-04 2.656474482412900457e-04 3.186139176290596862e-04 3.429163335211787410e-04 3.444550780549223020e-04 3.438839413595461006e-04 3.378036391457206336e-04 3.148248380764828388e-04 3.006503131770343440e-04 3.123535438458715716e-04 3.257579635313480565e-04 3.404832871739796232e-04 3.580191096069370270e-04 3.579239819692729392e-04 3.428860161571741600e-04 3.305010300664871950e-04 3.224850050315266952e-04 3.207525247779020091e-04 3.287043125449556034e-04 3.319402125783961531e-04 3.208861574466179080e-04 3.144289388503648070e-04 3.111058250415101511e-04 3.003958777495127890e-04 3.001875062876271016e-04 3.206942845097769060e-04 3.475595935980290178e-04 3.674517542733610849e-04 3.590063673769290468e-04 3.348338801644489037e-04 3.313083412940522575e-04 3.359890484935431905e-04 3.376898556001573046e-04 3.364241701029453907e-04 3.361075577862955447e-04 3.388258355205505420e-04 3.262798700268545538e-04 3.060828928814332333e-04 3.016664565849698325e-04 3.224120510656583232e-04 3.504636114813577041e-04 3.568045447255337307e-04 3.475658656476799313e-04 3.357819811132220804e-04 3.219476609437405467e-04 3.062985275136480929e-04 3.091969878879553845e-04 3.353501855788524081e-04 3.445521322238715854e-04 3.356350285356825324e-04 3.305928050053434132e-04 3.325512859852689353e-04 3.258830905675943416e-04 3.146232447197998576e-04 3.213457475720413333e-04 3.283430598941412251e-04 3.326047320148010043e-04 3.449161038616548611e-04 3.467813107052843081e-04 3.346495804915764795e-04 3.188294567793287910e-04 3.235801396107161241e-04 3.282179214170512791e-04 3.276048223959263182e-04 3.315963217283586094e-04 3.277221397206689715e-04 3.195194106252712950e-04 3.213759279033514236e-04 3.261972456403643529e-04 3.369744053634308946e-04 3.479829672676179337e-04 3.407069340939535267e-04 3.207440844563161581e-04 3.075142882966219239e-04 3.089541808368101092e-04 3.207037697684567493e-04 3.310186960206127618e-04 3.461454058413962020e-04 3.540598884714201257e-04 3.472462747714133609e-04 3.297387694064234402e-04 3.174378770775454148e-04 3.195423488000327184e-04 3.284734023020743281e-04 3.347766330830448172e-04 3.356085220435723682e-04 3.316431498919875575e-04 3.253040492429042432e-04 3.351614362277464693e-04 3.439971435099075910e-04 3.482971154744980355e-04 3.461761262005697568e-04 3.336372096404763288e-04 3.303939045840674884e-04 3.303770896921016985e-04 3.202063108948480230e-04 3.175539110966479287e-04 3.218514299687210605e-04 2.730546990676772316e-04 1.818494350519560894e-04
1.968620500625855197e-04 2.662598952720140479e-04 3.218955044206847399e-04 3.355143510020765522e-04 3.245708352646356053e-04 3.205697480205488086e-04 3.227627307806115722e-04 3.066878673873309463e-04 2.960477132505960835e-04 3.162180171242183306e-04 3.372273444698751523e-04 3.426668600271959861e-04 3.407118790358897573e-04 3.384120709014338787e-04 3.413532571965244094e-04 3.396723867271523190e-04 3.302722280380839654e-04 3.286897479887971587e-04 3.352587185349128378e-04 3.310173952015892465e-04 3.135408085977489895e-04 3.159416254509142888e-04 3.302876037631165599e-04 3.265833375873678640e-04 3.192981661019498804e-04 3.271504107210834018e-04 3.413118863529281859e-04 3.542957349380419785e-04 3.473214546359331659e-04 3.222152236993675598e-04 3.167816283712710608e-04 3.268368510839617688e-04 3.326861938258076777e-04 3.327798083240410092e-04 3.446711958945666886e-04 3.652258088992073283e-04 3.601996429420136598e-04 3.396489785565122541e-04 3.242104172762765892e-04 3.235014701238622214e-04 3.398825507636478601e-04 3.425306714233036353e-04 3.307286829887462563e-04 3.235194973993416891e-04 3.200236060093762072e-04 3.139939868700638995e-04 3.204367216385126246e-04 3.407248135261879696e-04 3.419439342386202101e-04 3.274515400724031192e-04 3.209394570261323910e-04 3.288469372890152160e-04 3.310752709510720281e-04 3.189331008395307671e-04 3.204658586287935829e-04 3.321768404133480703e-04 3.328686945404892472e-04 3.396552695474277942e-04 3.395391859154071770e-04 3.159523461843270677e-04 3.037006485973246751e-04 3.243792664112082717e-04 3.379184839478564925e-04 3.346606716770595367e-04 3.352536520935092733e-04 3.323336156272481585e-04 3.282575556636189431e-04 3.271832263349304945e-04 3.166245161085518879e-04 3.164363124183923893e-04 3.331832170546505912e-04 3.351471590635711744e-04 3.146090954637352066e-04 3.020589718290356621e-04 3.133034867309784574e-04 3.288206972611475956e-04 3.262099775061856350e-04 3.299366350472674510e-04 3.490917351390905479e-04 3.652938579616403589e-04 3.581773525128469256e-04 3.331064887512198399e-04 3.167523634547197769e-04 3.183806778324586710e-04 3.341476491020416726e-04 3.475494245511693962e-04 3.521972220106410478e-04 3.473821643849809714e-04 3.383386710796173168e-04 3.301923263547892613e-04 3.321780466868299968e-04 3.399634450031064508e-04 3.397375376348792738e-04 3.383004664647484838e-04 3.321815949506236754e-04 3.212970497778957373e-04 3.251827407525511270e-04 3.300960347626751522e-04 2.733904047621417551e-04 1.743949722810255723e-04
1.987097263255671663e-04 2.687425141800855359e-04 3.247909480831152017e-04 3.301740460375441927e-04 3.207178775469648221e-04 3.233863720643661297e-04 3.277252698330322851e-04 3.143445867570821960e-04 3.080866434557346083e-04 3.308417503100852339e-04 3.502481162754780136e-04 3.397659433125847393e-04 3.200208735645231973e-04 3.181719426444239033e-04 3.364652096193963696e-04 3.439788026792062431e-04 3.300794009138596687e-04 3.280548487635039654e-04 3.327749268737946573e-04 3.191963399016226879e-04 3.040640003560993133e-04 3.190789052771789949e-04 3.427202592618375015e-04 3.457478491440137656e-04 3.344583753338441256e-04 3.306827048055711133e-04 3.338953798712092640e-04 3.403391785509616630e-04 3.340959816413057500e-04 3.088875256357401060e-04 3.000567700949531807e-04 3.112813954447494862e-04 3.231577098608137081e-04 3.342892736704230041e-04 3.563795567229077754e-04 3.811293411826360334e-04 3.822065690388601463e-04 3.651444982447495211e-04 3.387693730729309416e-04 3.184203064717813607e-04 3.286966729837316340e-04 3.371071860092441502e-04 3.274603208747376001e-04 3.145887935779599414e-04 3.112815706769196233e-04 3.128698012922282237e-04 3.208589123385178132e-04 3.322038931595576970e-04 3.257159273068115459e-04 3.161033999710283356e-04 3.229679460781905743e-04 3.354101057369981661e-04 3.467715747335105162e-04 3.414523990741896112e-04 3.306406424114416887e-04 3.319645272273068649e-04 3.283669828665384486e-04 3.330225717560109555e-04 3.303994861718541776e-04 3.039051332960485000e-04 2.918248393015339696e-04 3.161633743236110091e-04 3.396802149400991126e-04 3.382796155378862100e-04 3.346230788761630180e-04 3.324514704044061750e-04 3.304026758210711827e-04 3.246179700698744982e-04 3.143492574953518724e-04 3.201749863421460892e-04 3.384796338612487904e-04 3.411280866422740886e-04 3.205657924635181783e-04 3.125744739146930581e-04 3.278019651748235964e-04 3.381207355232036717e-04 3.276391969640201924e-04 3.265926972884582082e-04 3.487624278645185200e-04 3.711636487637017066e-04 3.701803093219367810e-04 3.491573404540563360e-04 3.256372745007320266e-04 3.146511926873632372e-04 3.290287843996595732e-04 3.492259780497983680e-04 3.590629074101037610e-04 3.516854922309713334e-04 3.276092479228954026e-04 3.144857231301052564e-04 3.240289111607044174e-04 3.407600954226490137e-04 3.523291747923515665e-04 3.525871609080313287e-04 3.316752499249005703e-04 3.091669767768042299e-04 3.156884299554612119e-04 3.224585834401026219e-04 2.628864493095964087e-04 1.663055978042198642e-04
2.037850552397904992e-04 2.770006197878766311e-04 3.360729680083025068e-04 3.373407661454686738e-04 3.244854174526216320e-04 3.263854378950517077e-04 3.338819791926995366e-04 3.322293254785231142e-04 3.305615459223563610e-04 3.498863189876310589e-04 3.666468881467964901e-04 3.462894025248920574e-04 3.178287449120519980e-04 3.101466885483544224e-04 3.248585074345069828e-04 3.421620917101883476e-04 3.398279243720407281e-04 3.401284557006885897e-04 3.361113483660448271e-04 3.127200823913187577e-04 3.053567659944823702e-04 3.307111095220558383e-04 3.514747087128902974e-04 3.500845825750943576e-04 3.309400782129540705e-04 3.252079694001189800e-04 3.318831524085064360e-04 3.284592763951817195e-04 3.128312156433067735e-04 2.944464307361325454e-04 2.961989473450741444e-04 3.126550082977085023e-04 3.227620562533452817e-04 3.339905908132257003e-04 3.519967932920733435e-04 3.661002578818152485e-04 3.628444668613778692e-04 3.440340942886363669e-04 3.207274877111409303e-04 3.015779215812339903e-04 3.127423507127782311e-04 3.339249290802888685e-04 3.343159135670214707e-04 3.154604939212953484e-04 3.011984762341462195e-04 3.005350848022087071e-04 3.098205294051859069e-04 3.166203938167393519e-04 3.086963911825522933e-04 3.104463176217333057e-04 3.239855875396407958e-04 3.290436114173399349e-04 3.478712361972689142e-04 3.626349613103788182e-04 3.489602413447167196e-04 3.260333923998731068e-04 3.129811512901087408e-04 3.292045159780696657e-04 3.374448984743764991e-04 3.190722513962115708e-04 3.016339705321501334e-04 3.107529191227698323e-04 3.294167855313543921e-04 3.279570380737114243e-04 3.297997366355638854e-04 3.438211804501494114e-04 3.473166664023363825e-04 3.298272171970586088e-04 3.123610788209871584e-04 3.218499956179818582e-04 3.442122012408958993e-04 3.482190394557011653e-04 3.294473653534807779e-04 3.212644202728993600e-04 3.269535931402549550e-04 3.316976108829176482e-04 3.283484750364527817e-04 3.308826097227025647e-04 3.451487178134079797e-04 3.533286809807423116e-04 3.493304634724451194e-04 3.375594219309817692e-04 3.176225826298459962e-04 3.043690112670355079e-04 3.159166341660421778e-04 3.376559357401354611e-04 3.507214895589373530e-04 3.412479184181356853e-04 3.134804044536130575e-04 3.003754845822516817e-04 3.142378407291899134e-04 3.391495242983833154e-04 3.615104908022985421e-04 3.665071293989212312e-04 3.367627823354285891e-04 3.010236030607706809e-04 3.017377678175611061e-04 3.066962302182330599e-04 2.500972292337271213e-04 1.621642938015179056e-04
2.045444749894218981e-04 2.781494857842366176e-04 3.355301029229244229e-04 3.410381227036077419e-04 3.305729521424016033e-04 3.294590298987720885e-04 3.363932547520521793e-04 3.414391197291137439e-04 3.415950941018852313e-04 3.561948698648786937e-04 3.674478020898404220e-04 3.413799892119040663e-04 3.118149168144546970e-04 3.029949702527874079e-04 3.079090901526857545e-04 3.324207963426269782e-04 3.596126699275439798e-04 3.702716377056706923e-04 3.554954223129889925e-04 3.246879916753912625e-04 3.195714008194913604e-04 3.404286568724423858e-04 3.490106114817209107e-04 3.436990405132516520e-04 3.282006065578809166e-04 3.245180721684821131e-04 3.328881912973139694e-04 3.226734716837055409e-04 3.043380018138893426e-04 3.033880613093219072e-04 3.210616046421699721e-04 3.353664968006763629e-04 3.324402904322184583e-04 3.322316605486346137e-04 3.412238086033569972e-04 3.453187175338692924e-04 3.283069552655368088e-04 3.072535842157327101e-04 2.995191376954410307e-04 2.907766524783180883e-04 2.964693377862395143e-04 3.160091614344215111e-04 3.317494701079389029e-04 3.354658677889295424e-04 3.278755922300979030e-04 3.221585236991980628e-04 3.209406936397836592e-04 3.139015589704393814e-04 3.074416413906090129e-04 3.176867048823382830e-04 3.193643623067364654e-04 3.080033784685359691e-04 3.264052703993692260e-04 3.578255444153643355e-04 3.581527503045607054e-04 3.301563590228510144e-04 3.124227367991899360e-04 3.326549529428019696e-04 3.480578471676715495e-04 3.381183374454048342e-04 3.187452373377546453e-04 3.163403896760096372e-04 3.240463840111243660e-04 3.179581638064287287e-04 3.230795214397758942e-04 3.524432336665031659e-04 3.635824432058049451e-04 3.377659820420693708e-04 3.100317255880539417e-04 3.170396448328226344e-04 3.412688071853356474e-04 3.479004551714811808e-04 3.337318806550015936e-04 3.200435114041123071e-04 3.141511937424212300e-04 3.194507096883206828e-04 3.223940798279809668e-04 3.217023424291868845e-04 3.257864609476025710e-04 3.247456248936096039e-04 3.223924897328723236e-04 3.140795173381404114e-04 3.007673162507750950e-04 3.000972033682470846e-04 3.206059910937405079e-04 3.500093472823779064e-04 3.630509315321259201e-04 3.457091965740097077e-04 3.182106796883079464e-04 3.039722323057967874e-04 3.104971944933707009e-04 3.356543443137256517e-04 3.602604435124442690e-04 3.661477123845675581e-04 3.404409691146144173e-04 3.050387684283901893e-04 2.963062848258910410e-04 2.937224414479752384e-04 2.460027384145996960e-04 1.691828930408013367e-04
2.031291917537546656e-04 2.740047829778724259e-04 3.280638169227243113e-04 3.404641235419920780e-04 3.402781671535297977e-04 3.427734518541230126e-04 3.475905029907302274e-04 3.486810536060625594e-04 3.443372229718299712e-04 3.486693025624586131e-04 3.523227983685723892e-04 3.278520471252762336e-04 3.057092495508150539e-04 3.099610942126545328e-04 3.172985607293729105e-04 3.345065456867087495e-04 3.644051399077560534e-04 3.761293041245432605e-04 3.569707009508692533e-04 3.294840920322477133e-04 3.296458226167706465e-04 3.435913267917925984e-04 3.377321611313084757e-04 3.275757672245597422e-04 3.187886937805634599e-04 3.155851019266885061e-04 3.274615237434819887e-04 3.264401191211045803e-04 3.171809753012172516e-04 3.307476325347042984e-04 3.496783182667155760e-04 3.466897367119539880e-04 3.308432931694952890e-04 3.272559225626549425e-04 3.336659530758448325e-04 3.322430756478268396e-04 3.083483282202305721e-04 2.940449958315752743e-04 3.052949345159559468e-04 3.089578379230361357e-04 3.055909270469425818e-04 3.118791971184798912e-04 3.364141030855782085e-04 3.615704946130981687e-04 3.632078429747044113e-04 3.543454159302809902e-04 3.452892670780975735e-04 3.332711611372543657e-04 3.309896863043534747e-04 3.391107703596583315e-04 3.247251813179739192e-04 3.018738006070589754e-04 3.114561298509205918e-04 3.428185140755691650e-04 3.552366894731342237e-04 3.397699351269073517e-04 3.305864576892582471e-04 3.476366923922691874e-04 3.566373249907650199e-04 3.460151393978180769e-04 3.361459864148586365e-04 3.402180038794078501e-04 3.371735833310811033e-04 3.199584727585241838e-04 3.158413068709863859e-04 3.414352125149040709e-04 3.573735107948933839e-04 3.350478429640490335e-04 3.112304852886211507e-04 3.226180230337119753e-04 3.425629058212252423e-04 3.415333327271365170e-04 3.284138622304981015e-04 3.193584930422856019e-04 3.148456333460615889e-04 3.167403562192542144e-04 3.161286198010488020e-04 3.165239754555676977e-04 3.214502071068365977e-04 3.239925204404349402e-04 3.291364967142913897e-04 3.204121161737483636e-04 3.089379283342846751e-04 3.114278886659463570e-04 3.285572725960359593e-04 3.601055391655026586e-04 3.776615311891113073e-04 3.624497394762925219e-04 3.377544678576879268e-04 3.186548864712075583e-04 3.181869895435956433e-04 3.396157928225049466e-04 3.532161386614332478e-04 3.495616310229918578e-04 3.370056501780041851e-04 3.170524992094817624e-04 3.049993718072896258e-04 2.958123875510822154e-04 2.507908401591565223e-04 1.790122954190170889e-04
1.836494614930074673e-04 2.505383036868005526e-04 3.063666557616116521e-04 3.237241084976512991e-04 3.320260777355981460e-04 3.435647585696195326e-04 3.496759142601850575e-04 3.484279380463197687e-04 3.426096105793149851e-04 3.378110464647197486e-04 3.401861473975595156e-04 3.271535319836668112e-04 3.146034761932245513e-04 3.267071062814938336e-04 3.363371309595374059e-04 3.378521566590519725e-04 3.447422263466826489e-04 3.435188232889787793e-04 3.241489976499497541e-04 3.134349436008005991e-04 3.285936311751271001e-04 3.395001685141095255e-04 3.252082890564463209e-04 3.127470327491203026e-04 3.045189506128568105e-04 2.994779616254604460e-04 3.135759358232827632e-04 3.274905792608219773e-04 3.340336088595297070e-04 3.523040317898259327e-04 3.528584781845423663e-04 3.272159781663199190e-04 3.107693594437917531e-04 3.174917867874973900e-04 3.286253550027172510e-04 3.283222810238888706e-04 3.114034612783564675e-04 3.082788625117388885e-04 3.307393078986360906e-04 3.378326672946165227e-04 3.272645431263159106e-04 3.273781457287097208e-04 3.430779798729833262e-04 3.510782941382742319e-04 3.461597052188952880e-04 3.449336952520068575e-04 3.447380276714571718e-04 3.429648129231264563e-04 3.457481473464351805e-04 3.485103236960467553e-04 3.353789029163458573e-04 3.192397427957527735e-04 3.244285196209991469e-04 3.435291307097416112e-04 3.485544641584088625e-04 3.356368019823693450e-04 3.321104220617892080e-04 3.433864404804696396e-04 3.474212455158988367e-04 3.439751883443854970e-04 3.541975184750114562e-04 3.665021148497770364e-04 3.485127857636457051e-04 3.213425594275305186e-04 3.112788123507395296e-04 3.243236110968227806e-04 3.399721036147169756e-04 3.290077439401373877e-04 3.178338133869755620e-04 3.297707746578439568e-04 3.356341061953375905e-04 3.254205749463665964e-04 3.185260527682097975e-04 3.289606926449699115e-04 3.406662794179217369e-04 3.365269549781093098e-04 3.223816316515696473e-04 3.202871027960164279e-04 3.278781355943862852e-04 3.375429033388526422e-04 3.530641207855006263e-04 3.486747616812906742e-04 3.267763150033616958e-04 3.072217013454359830e-04 3.061843519895097315e-04 3.372407750565398253e-04 3.673913757873205387e-04 3.658149095535820870e-04 3.407323264562492435e-04 3.167664934038266484e-04 3.222439967959465088e-04 3.437983434754543271e-04 3.431354519749577319e-04 3.253433362807562441e-04 3.244968778702583302e-04 3.289431531657220197e-04 3.293386386543507415e-04 3.198682738438839374e-04 2.627047813825629801e-04 1.815746106557557184e-04
1.633236344049136064e-04 2.267972150405125681e-04 2.852136257728604316e-04 3.076534009798410907e-04 3.185698401871844658e-04 3.260150931544648564e-04 3.236256113962774836e-04 3.246358556075931148e-04 3.245738875829026673e-04 3.227707143530126168e-04 3.326383948710327451e-04 3.365569789313332472e-04 3.302391023251169335e-04 3.314507787905200892e-04 3.329441404382615542e-04 3.337316308938795988e-04 3.353751582051063031e-04 3.236339489968001254e-04 3.011393215274962148e-04 3.048983589505875765e-04 3.320433537948335638e-04 3.356066175135935482e-04 3.168381937074829470e-04 3.108266006361463376e-04 3.097249437750550596e-04 3.109780073540006581e-04 3.230290073921590014e-04 3.372400492220890139e-04 3.472838316636976414e-04 3.587711238098588743e-04 3.425662488678453714e-04 3.098527753451699586e-04 2.990801988477548475e-04 3.109868796550171966e-04 3.238078857307862533e-04 3.253362929318111491e-04 3.187896565053512619e-04 3.225897216848503052e-04 3.446594059327020383e-04 3.526504348294069442e-04 3.429605554001558887e-04 3.382302053465767303e-04 3.390340894560861951e-04 3.255063608685724208e-04 3.113091870235317089e-04 3.131909262060255869e-04 3.186067153039611691e-04 3.239443281190962929e-04 3.282607881898532603e-04 3.305508093186578650e-04 3.320095915783847747e-04 3.340614805858318440e-04 3.465330750738493696e-04 3.529736108901299009e-04 3.381212931587274204e-04 3.200029978518046606e-04 3.177966908187310137e-04 3.175853025694699155e-04 3.193058768567002929e-04 3.338644066283943273e-04 3.589441515525931587e-04 3.680398360779465854e-04 3.419870480707503735e-04 3.217073840896121813e-04 3.233257763304447116e-04 3.275066676750572011e-04 3.327682625752833982e-04 3.317110246157855885e-04 3.285768055439672168e-04 3.291511286212783077e-04 3.215578302414276207e-04 3.113245845758883228e-04 3.156202523781658008e-04 3.396241806717020589e-04 3.617325694960850271e-04 3.564922624297743917e-04 3.356815313731480654e-04 3.254789502231137657e-04 3.274461248815151854e-04 3.341187931077457124e-04 3.539550752230358980e-04 3.648309905388969062e-04 3.420610749820278060e-04 3.030977082321112512e-04 2.873349553595883521e-04 3.185500180844153310e-04 3.537141687368992177e-04 3.567409918539941492e-04 3.350823376726862549e-04 3.226820872782462874e-04 3.400466152725018822e-04 3.515702394942553160e-04 3.285557897012349746e-04 3.003237929969810325e-04 3.054360191383664229e-04 3.275820428859349651e-04 3.516221626257740691e-04 3.502285512768123481e-04 2.775841451925500848e-04 1.825282491567202102e-04
1.672296767434480313e-04 2.306864464905317960e-04 2.892508379536271783e-04 3.143759750679786004e-04 3.177861119765476323e-04 3.119714970457296331e-04 3.021699162013417633e-04 3.060199668513314576e-04 3.118038424624935750e-04 3.155969498545829191e-04 3.262434365358806722e-04 3.355130764806789519e-04 3.350783636107328243e-04 3.341938463032409099e-04 3.306428613714248402e-04 3.349285879683745791e-04 3.436762257460076152e-04 3.327007690978654275e-04 3.128502222601753130e-04 3.191843375717767642e-04 3.409803327263998766e-04 3.346976977632038896e-04 3.155449513036982638e-04 3.189477110003811097e-04 3.309334407702529219e-04 3.425246891358915561e-04 3.485827955532828687e-04 3.481401349755644005e-04 3.451654052942431869e-04 3.476926924669994628e-04 3.364823644502117441e-04 3.185529922531787602e-04 3.153184228629445085e-04 3.199484921491297382e-04 3.248881669308965794e-04 3.258529659173699700e-04 3.246902091126694376e-04 3.250531116076564998e-04 3.376324014369286568e-04 3.497800141298658448e-04 3.449173439954114520e-04 3.319313305885145072e-04 3.292533687045959886e-04 3.192504489801467702e-04 3.050448813113618629e-04 3.043118897386038997e-04 3.093745138679840898e-04 3.130255820927101661e-04 3.113251281151020690e-04 3.108890538987205132e-04 3.211335492716330901e-04 3.336225235871447762e-04 3.508820125732573826e-04 3.503822661733225260e-04 3.243194657940722003e-04 3.088348460813384721e-04 3.132578611107133875e-04 3.053732558789234151e-04 3.043284786751903909e-04 3.318312396921256190e-04 3.591986420147972540e-04 3.572230729112747197e-04 3.308512421644612886e-04 3.205634502545758654e-04 3.362152810545545809e-04 3.452546402444137174e-04 3.431932261052991892e-04 3.419594220905810980e-04 3.387404507202540060e-04 3.328463821099721131e-04 3.231297090538445176e-04 3.161418650384960555e-04 3.261221332102105276e-04 3.441020428011190872e-04 3.587363136906262248e-04 3.555295601364383620e-04 3.445110500476553463e-04 3.408752046529591080e-04 3.372782224058597797e-04 3.270673594733167861e-04 3.325387490883215981e-04 3.515336072985765633e-04 3.521025897769757625e-04 3.263533375642793015e-04 3.077394782840147313e-04 3.256321542180366855e-04 3.450994425982981508e-04 3.413320057235048584e-04 3.264350029063226716e-04 3.281947768777692775e-04 3.517772711941942205e-04 3.546798567573114145e-04 3.201892650784018491e-04 2.934771430090735459e-04 2.975347084386820813e-04 3.166323608037130378e-04 3.494191342435806714e-04 3.564215742124320465e-04 2.799664665935263849e-04 1.777571201180057781e-04
1.840044301766010824e-04 2.510688525637279648e-04 3.116045558534280037e-04 3.389944414220528958e-04 3.327931132193861878e-04 3.139540111182976580e-04 3.028926662552853437e-04 3.087644715826968296e-04 3.208581073804204022e-04 3.294552511766653865e-04 3.340567832645122788e-04 3.333184234386462165e-04 3.274133572032797901e-04 3.312345022483002615e-04 3.363857841433156811e-04 3.402681990085490763e-04 3.404326056643213177e-04 3.306974657672042328e-04 3.240284572519113240e-04 3.305138618798114962e-04 3.401641823561401753e-04 3.277822496464075368e-04 3.136657605721254348e-04 3.279607508480893488e-04 3.482729689742689342e-04 3.573758860722876449e-04 3.534356510563854323e-04 3.435693979386169033e-04 3.374878504836311419e-04 3.450165940120666040e-04 3.469699382831302600e-04 3.393184799571266879e-04 3.367737734075423916e-04 3.358812631892319151e-04 3.378368479359171689e-04 3.414154183197046916e-04 3.419136199146360130e-04 3.296378617415856162e-04 3.256785434358686060e-04 3.368639676593781530e-04 3.390990253088710339e-04 3.257990186455124232e-04 3.257620277928868638e-04 3.281983839887951649e-04 3.184217993099883073e-04 3.131371275331554845e-04 3.160265528158730068e-04 3.176598994908077134e-04 3.130712712157946668e-04 3.114310081483279667e-04 3.154718431999560405e-04 3.177885438275611634e-04 3.308353769039588076e-04 3.382975449350033074e-04 3.228280625616037312e-04 3.129154094859581980e-04 3.222999514595468497e-04 3.191615841624812887e-04 3.153632034173041963e-04 3.388652334716968795e-04 3.603831916397529306e-04 3.504220163337488339e-04 3.232014906371551014e-04 3.093806614081370224e-04 3.277788705040964642e-04 3.518083441140923678e-04 3.546531692478791333e-04 3.449042961213754570e-04 3.389463856219197217e-04 3.415703035982489417e-04 3.344472587473503464e-04 3.227819878454720468e-04 3.255442286406608600e-04 3.290755882984076181e-04 3.335145978795539491e-04 3.309943345031009275e-04 3.294272757483045905e-04 3.370128915218243868e-04 3.340453275809115519e-04 3.168520348223127390e-04 3.127117321788907807e-04 3.289850524191388625e-04 3.468888476896275341e-04 3.444066402028372583e-04 3.365255710467974755e-04 3.379210037363315354e-04 3.353486098066894264e-04 3.258814403068482522e-04 3.173700962777568500e-04 3.212499105091468792e-04 3.414979143245462645e-04 3.524799397262502634e-04 3.369897249793830539e-04 3.197018812776153711e-04 3.130127550156374576e-04 3.149638715528822459e-04 3.346568681968905895e-04 3.372416259076632152e-04 2.644330014682993936e-04 1.636449502664864104e-04
1.943168354935917788e-04 2.607531730459296520e-04 3.208622684542379979e-04 3.529418174105725592e-04 3.442893309320279932e-04 3.157539894624378706e-04 3.072306389066113978e-04 3.160455646328175390e-04 3.291649869183174227e-04 3.403031234209742033e-04 3.425623078919480795e-04 3.369417564039945052e-04 3.274737257244023396e-04 3.281088753369687310e-04 3.383873798436187958e-04 3.474109551094278900e-04 3.433596678945168229e-04 3.319805093630592754e-04 3.273199087024999260e-04 3.252718515827983880e-04 3.285913637879855605e-04 3.265470794084069902e-04 3.216323284401118856e-04 3.333573453751582146e-04 3.443645985236659570e-04 3.405738371836396260e-04 3.288555745577571333e-04 3.202357038515246299e-04 3.276515034005648692e-04 3.455289474007558308e-04 3.517810309383558390e-04 3.481245205930860037e-04 3.434221025587761073e-04 3.401387961068720231e-04 3.457155101876987482e-04 3.527208185364549223e-04 3.514308782820205852e-04 3.345297821529560857e-04 3.257962315152966755e-04 3.296842222024607598e-04 3.312804033721640528e-04 3.212644116899153728e-04 3.226265383167584763e-04 3.362441437112274087e-04 3.316517454372949259e-04 3.186652335106737277e-04 3.199295767257747140e-04 3.283971075930346541e-04 3.340218923251250241e-04 3.406584728082897836e-04 3.321928220044840455e-04 3.150649263784714282e-04 3.229194628949052029e-04 3.393498457567125683e-04 3.353467328038041667e-04 3.282681891966640272e-04 3.370854494859597261e-04 3.393598362176241312e-04 3.297989641598321757e-04 3.383988447816232981e-04 3.533849506453806016e-04 3.466178380406080648e-04 3.223846053385914226e-04 3.044014109981126471e-04 3.171333260381482898e-04 3.422515639120915693e-04 3.472904539690269653e-04 3.374434523260733945e-04 3.322865455692378947e-04 3.399440071394072395e-04 3.377292523115847569e-04 3.281718973675383901e-04 3.200993951819112960e-04 3.102246769057093309e-04 3.132582643359218188e-04 3.152635372726314208e-04 3.147806140911535433e-04 3.209328589007435064e-04 3.224587914962399361e-04 3.124367465385243870e-04 3.061289516754555837e-04 3.094512277898871342e-04 3.208175534533810945e-04 3.361212747974851034e-04 3.511883988113544911e-04 3.507835788437433560e-04 3.377646732140354626e-04 3.263992669114006455e-04 3.256305387577908056e-04 3.232918852195311595e-04 3.252382832241029081e-04 3.438000697111122167e-04 3.529018038416531543e-04 3.394193033987900161e-04 3.209635646843305009e-04 3.092923386576162926e-04 3.154508689082465120e-04 3.127816596511690146e-04 2.506158743691526414e-04 1.602588780084637137e-04
1.996301712042015974e-04 2.608088143068762834e-04 3.182656548956490795e-04 3.498870539933804109e-04 3.457570972155048824e-04 3.207001086415888240e-04 3.167816413780263473e-04 3.242970455745959385e-04 3.320041385673902024e-04 3.415643664645653292e-04 3.397533751973136318e-04 3.340555113700004750e-04 3.307458274975713522e-04 3.284179577789364665e-04 3.317543326317817873e-04 3.448497239841184694e-04 3.512339362901918650e-04 3.396128011995022374e-04 3.264503813792920183e-04 3.176191312093260065e-04 3.202291901058432850e-04 3.328481001118544164e-04 3.348847374701026999e-04 3.351029888126635763e-04 3.329207371005115995e-04 3.201961678475696328e-04 3.045690573117397493e-04 2.972598839611372739e-04 3.143568828542039786e-04 3.337819865848229602e-04 3.347224680905133698e-04 3.383510632869912347e-04 3.376919792191546447e-04 3.292871552093651561e-04 3.321274525197867112e-04 3.391444328128184532e-04 3.420535527059332531e-04 3.321384282292383079e-04 3.246624662475606094e-04 3.219970726198725453e-04 3.236982580340592650e-04 3.242855361295188211e-04 3.298801023551396153e-04 3.460416102024431017e-04 3.442603438877723035e-04 3.284736559385053592e-04 3.273756994578789613e-04 3.405006195781627373e-04 3.567530657182188623e-04 3.681949180389272862e-04 3.524360035968906600e-04 3.271564306139249393e-04 3.265554379756599370e-04 3.362301092084305724e-04 3.390446871301339756e-04 3.426883280408996296e-04 3.513289177870874665e-04 3.510233167927080634e-04 3.335872898889262212e-04 3.227353211655267827e-04 3.315528189193256208e-04 3.388441685097079610e-04 3.276991048197154966e-04 3.125261955891730408e-04 3.160782376091529123e-04 3.312594164198986524e-04 3.265701269261473663e-04 3.186270662166029851e-04 3.220246977235044798e-04 3.300130409328759984e-04 3.326144610719065225e-04 3.356200479757870414e-04 3.329897642115461562e-04 3.212785506746544586e-04 3.248634209251140422e-04 3.248208809726348730e-04 3.127001390983315515e-04 3.088401699226176475e-04 3.193565728950557457e-04 3.226041912171601512e-04 3.138219886978131168e-04 3.012046451906251129e-04 2.970929580862272101e-04 3.179867065257284669e-04 3.481215189983570503e-04 3.532349089888663410e-04 3.448573433251306492e-04 3.411239063727086913e-04 3.489145404806359685e-04 3.406442534681855408e-04 3.226316297765659475e-04 3.341034234927351115e-04 3.475279583692925979e-04 3.271960010690245103e-04 3.034625697490879719e-04 2.960490764674478226e-04 3.091604655107798270e-04 3.179441711206561823e-04 2.676039559195794336e-04 1.765308512010947358e-04
2.000515068733971225e-04 2.574920299431551676e-04 3.131598994848371195e-04 3.381232003264100978e-04 3.380742079844100789e-04 3.299286480796024103e-04 3.314001248651387687e-04 3.298305074113615492e-04 3.318813435795922020e-04 3.403880419292007334e-04 3.324898354880645771e-04 3.253240624960490168e-04 3.287084277601562193e-04 3.252649081337906280e-04 3.213929162645866528e-04 3.312115343453057251e-04 3.420960876019695277e-04 3.311739135748046009e-04 3.163075565299026124e-04 3.175832021458070090e-04 3.214391013010544284e-04 3.279532415619080318e-04 3.277805441607759105e-04 3.285108639634655588e-04 3.296605915158232051e-04 3.173319553298804309e-04 3.008331646472301195e-04 2.956870110467797459e-04 3.109801384274138263e-04 3.210195261182313079e-04 3.154538566828466676e-04 3.213536976551041764e-04 3.200516895033237016e-04 3.072469510165340293e-04 3.075984788659749409e-04 3.206480401787991275e-04 3.395857236842065230e-04 3.373643148377173566e-04 3.213678217783413676e-04 3.164907199859864667e-04 3.285970361158536057e-04 3.413744579462789624e-04 3.455018507387712162e-04 3.497544600386898401e-04 3.479953252896712075e-04 3.432834813257853264e-04 3.406717662287283253e-04 3.452632179953039416e-04 3.578310463167213695e-04 3.599343410700493870e-04 3.412534105495602975e-04 3.176031162942494733e-04 3.084860207657118096e-04 3.130034680502198500e-04 3.277081136434318643e-04 3.470482434799772569e-04 3.590623941918239838e-04 3.551890796358824192e-04 3.328047159395870953e-04 3.062985353266716500e-04 3.081200953809252151e-04 3.286308309796153620e-04 3.342347835676068345e-04 3.170503072125820153e-04 3.073706256523424949e-04 3.219011153199216688e-04 3.188703409414730939e-04 3.120143315468444471e-04 3.230825609507073605e-04 3.304149678764633949e-04 3.262662588163473920e-04 3.263082975888156032e-04 3.324909003547962621e-04 3.345961920163461212e-04 3.419921978431154810e-04 3.349613211879886882e-04 3.138655783197997410e-04 3.043431071315855002e-04 3.205833463947719598e-04 3.351860151236148297e-04 3.313201535175793648e-04 3.161134649173006489e-04 3.029562127476721311e-04 3.130016200843530397e-04 3.300555066705198812e-04 3.289477005143427745e-04 3.326839872522411256e-04 3.498500973989563246e-04 3.650618245181514203e-04 3.555575286408979270e-04 3.348854119203111099e-04 3.353700925000415714e-04 3.358383754483277878e-04 3.079477419640708419e-04 2.868755561938307044e-04 2.969414599482082654e-04 3.266536647150337664e-04 3.428778050841639440e-04 2.888904728164961677e-04 1.881121699628231843e-04
1.996636960368006945e-04 2.562655359411892013e-04 3.094030440052161161e-04 3.274700893296435700e-04 3.250677991957702821e-04 3.283482990389995169e-04 3.343673287927492852e-04 3.253992972079241576e-04 3.232140333364022684e-04 3.355634880049032914e-04 3.298568580911480038e-04 3.224973161153165801e-04 3.305582613424881255e-04 3.298208785201007251e-04 3.181414978270692565e-04 3.133713844338671781e-04 3.170229005460621749e-04 3.142026120803359307e-04 3.150136308178239216e-04 3.287294911416773391e-04 3.234922141183124754e-04 3.132839098463424481e-04 3.156134045117589028e-04 3.263234217165329504e-04 3.304562628349879544e-04 3.239622877473079818e-04 3.152584998845889730e-04 3.132505105761504210e-04 3.208198745009100197e-04 3.213162840226734202e-04 3.136423719615087299e-04 3.168146886103920213e-04 3.176007855011361088e-04 3.098619493253466656e-04 3.013972480909222779e-04 3.071799326536922125e-04 3.309273221834331015e-04 3.348388185297925109e-04 3.166828527151727113e-04 3.122361702339946764e-04 3.296811778252236929e-04 3.459106743217810849e-04 3.473923329883241672e-04 3.438429339026123806e-04 3.403815834537709259e-04 3.419982055549566154e-04 3.376321409149516187e-04 3.311495246169421022e-04 3.368659311353664506e-04 3.321049318614336700e-04 3.170922958092061697e-04 3.043255575315036957e-04 2.979309780670255517e-04 3.040741808985085101e-04 3.224938759692168983e-04 3.417344997759785277e-04 3.507387120228782273e-04 3.413245661332693333e-04 3.198792436120757887e-04 2.968541835111981409e-04 3.012910806861429061e-04 3.302051687812073539e-04 3.457824641254155537e-04 3.222601588869363170e-04 2.991825154339768545e-04 3.116573505029909038e-04 3.276939751805546834e-04 3.330405972136933710e-04 3.364891031461364175e-04 3.308124895218348413e-04 3.158471578634932872e-04 3.099221142700403888e-04 3.178694482797148643e-04 3.267717877268191636e-04 3.390928111880777947e-04 3.416711644805418054e-04 3.330970266852007877e-04 3.206505293753331891e-04 3.291201018937588044e-04 3.453448708796032739e-04 3.439818506145492683e-04 3.315236024005484609e-04 3.215970627136662549e-04 3.235099648893986681e-04 3.190948450388459909e-04 3.082123786493955664e-04 3.182712189023200605e-04 3.387636697880024137e-04 3.451821416957263087e-04 3.373731447123369726e-04 3.318785706056746583e-04 3.346358412693018988e-04 3.288208975170546673e-04 3.049498249495888888e-04 2.953635886822572761e-04 3.179781676164436304e-04 3.451848353110098218e-04 3.486431186430966923e-04 2.883357210849509964e-04 1.914273934530415862e-04
2.020903528719458406e-04 2.626320956631672770e-04 3.171445732165418304e-04 3.337497701243844492e-04 3.259431409466881108e-04 3.202916551074698991e-04 3.233576265715160537e-04 3.231767785062217247e-04 3.305743387878710580e-04 3.467711015815275362e-04 3.401582764429927561e-04 3.305528316619924900e-04 3.412797987287872082e-04 3.384901930850382941e-04 3.128815856461301579e-04 2.983215417446179619e-04 3.046556737687729005e-04 3.146943316689098042e-04 3.294036464975200998e-04 3.451952129325039495e-04 3.339273648046643173e-04 3.172296182952109096e-04 3.239757634384170856e-04 3.378718595156108163e-04 3.332627018220793696e-04 3.286317764973903854e-04 3.311917740854699796e-04 3.373777398301725807e-04 3.447625155747562585e-04 3.395453664274411944e-04 3.271656290415456071e-04 3.272117725653875264e-04 3.379940468332599704e-04 3.415445609705815592e-04 3.201018789850646287e-04 3.046565341623332806e-04 3.148314823709747693e-04 3.175512627669662357e-04 3.049748486740502633e-04 3.002501790281661052e-04 3.155801282974904538e-04 3.313165229911768520e-04 3.349021160687227073e-04 3.384981670865177552e-04 3.356338348504303267e-04 3.263929484196406760e-04 3.107777458039845246e-04 2.971192537689678476e-04 3.030849227739354566e-04 3.084991404187411440e-04 3.083332682410032388e-04 3.103435709356668331e-04 3.118246425088366499e-04 3.238776151127732467e-04 3.402034151183397359e-04 3.449301298256840769e-04 3.439724282637442437e-04 3.289726705512929523e-04 3.102930971204110027e-04 3.018329709134685802e-04 3.158764999769827575e-04 3.469679004221377840e-04 3.585914529394279441e-04 3.306038570969039268e-04 3.055724258044801027e-04 3.116628989388356809e-04 3.344769375048586846e-04 3.497082216723265517e-04 3.430216835668284609e-04 3.255751897801965888e-04 3.088830795102479173e-04 3.044045329430856940e-04 3.131034239298493009e-04 3.208610404781598625e-04 3.374541951006366537e-04 3.563929750747700303e-04 3.580696703606255473e-04 3.356022775805850939e-04 3.293359110533485836e-04 3.425535046602459365e-04 3.411113728862656550e-04 3.319235984010320949e-04 3.280932034596639431e-04 3.239942298317376006e-04 3.124373510392938692e-04 3.047182354164395352e-04 3.157922399931395257e-04 3.245472473046020438e-04 3.146860593731848105e-04 3.029872967551637411e-04 3.130300135329562800e-04 3.333714472716330915e-04 3.358360303895219006e-04 3.192388211805437118e-04 3.180599414173714522e-04 3.400042210996748974e-04 3.485237792710389705e-04 3.306197614706884113e-04 2.683989552341165116e-04 1.807788352571568517e-04
2.069543639734697693e-04 2.773711969386277298e-04 3.325719051344116876e-04 3.424332630858306333e-04 3.289012248960819420e-04 3.117279641441527858e-04 3.092533178695395027e-04 3.171967763076187236e-04 3.352070431865761865e-04 3.529169077808379067e-04 3.463379580043819336e-04 3.362249920196278322e-04 3.490054972614284280e-04 3.458299578140445205e-04 3.150741808337491649e-04 3.010363962657275024e-04 3.114029521724898456e-04 3.241449906574170531e-04 3.410442786739000193e-04 3.590370594215470945e-04 3.552487752731773186e-04 3.360616152431589567e-04 3.341868730655437854e-04 3.438774186199135014e-04 3.364549819111456821e-04 3.285477118096435598e-04 3.382352482122322245e-04 3.558748669668841897e-04 3.627526668772923599e-04 3.545515739212414105e-04 3.426176189622399991e-04 3.377323102199087735e-04 3.481086790812145141e-04 3.564918357036334778e-04 3.335612799399834258e-04 3.079680932482661403e-04 3.089995710087678981e-04 3.109756936797602360e-04 3.024057891673403650e-04 2.968654256225423081e-04 3.075989255216455068e-04 3.177716325017860850e-04 3.187120093580878390e-04 3.240325656035634733e-04 3.258072907834656177e-04 3.188928215172889651e-04 2.999140131850545313e-04 2.800981101916434624e-04 2.845166893106540864e-04 3.078308954477355854e-04 3.243520376237814511e-04 3.260251652242594821e-04 3.232216350061748681e-04 3.353303951097337250e-04 3.477331558316794011e-04 3.424250037035804538e-04 3.370058477041271388e-04 3.259915156002716552e-04 3.199762632781775530e-04 3.264448244348691218e-04 3.414896567229462566e-04 3.688448880376854954e-04 3.748468986113207392e-04 3.424364586400317138e-04 3.193543336410817140e-04 3.253410641233716390e-04 3.378751292412570328e-04 3.475375970885289864e-04 3.445296319781685759e-04 3.302878233034927270e-04 3.158272759852378880e-04 3.074314200773628600e-04 3.123998525613617201e-04 3.238978813776048713e-04 3.465072942160063972e-04 3.658376486632333572e-04 3.560886013801330390e-04 3.262588332006081233e-04 3.203266795729620402e-04 3.408470101801427238e-04 3.462703857646268158e-04 3.376910264491964466e-04 3.277714184120074370e-04 3.158649886955066603e-04 3.107938413701839906e-04 3.133251851585671212e-04 3.267905779010231307e-04 3.307515429973397511e-04 3.166831905725805605e-04 2.995129966462553670e-04 3.147106230271769960e-04 3.520616648275457471e-04 3.575146070874077081e-04 3.339096488616356091e-04 3.278111647472108916e-04 3.451343910343669750e-04 3.494710865528045441e-04 3.222397112257826841e-04 2.479633009762285023e-04 1.566698205245072939e-04
2.203467182252105412e-04 2.885730786819014652e-04 3.356213601878396549e-04 3.364847841356020572e-04 3.235250243384842073e-04 3.100623708386163798e-04 3.024838723934423546e-04 3.037690582901212766e-04 3.210129773759501067e-04 3.393642151511054670e-04 3.404661796649763534e-04 3.359721808418603952e-04 3.470515613580382004e-04 3.475916606566111910e-04 3.270702466633629638e-04 3.205047785142100137e-04 3.299796820841226284e-04 3.309095493003078752e-04 3.341532858033675283e-04 3.509537167857818647e-04 3.499196423495414725e-04 3.285905931508267103e-04 3.221634134693211575e-04 3.337397177465134795e-04 3.334499215058573914e-04 3.237589461296822490e-04 3.336639114226227511e-04 3.549243728384348815e-04 3.625639938372051231e-04 3.583366259552778514e-04 3.504189934846223872e-04 3.393718295739892965e-04 3.422751597426907668e-04 3.505085800267604803e-04 3.382753930459126259e-04 3.241255062427180790e-04 3.323190344272470512e-04 3.376832921002467401e-04 3.259175545904388974e-04 3.153060994028390480e-04 3.189199544649917706e-04 3.199456163032572079e-04 3.134625996881179317e-04 3.136165713680474530e-04 3.188129737072253325e-04 3.248815697014861901e-04 3.175747493673244243e-04 3.031811101521612330e-04 3.053215577881076398e-04 3.328126123078673708e-04 3.507389640704667026e-04 3.414033257400211083e-04 3.328561208127269822e-04 3.390827117747049753e-04 3.406578926988983787e-04 3.331272762442581649e-04 3.312062349426303054e-04 3.227723962241506902e-04 3.230409001618892795e-04 3.380183084777080467e-04 3.533075849946969139e-04 3.766328532599119532e-04 3.791708147078544735e-04 3.455907766998801960e-04 3.257576432591683486e-04 3.380087060318579168e-04 3.441093350652747285e-04 3.423260842259916886e-04 3.423965354366426887e-04 3.354383996274294243e-04 3.270009772497432929e-04 3.162175875837426597e-04 3.155863510227591151e-04 3.303589928636533777e-04 3.497994368333606384e-04 3.543874126441699801e-04 3.342922261761704884e-04 3.104340345629135692e-04 3.101799293482340562e-04 3.364961539265022257e-04 3.572842841526314680e-04 3.520110133856535354e-04 3.273055871353667580e-04 3.117689646166194647e-04 3.191771461259799926e-04 3.279315311187571032e-04 3.368000574557655693e-04 3.416302772462434263e-04 3.397633832890615472e-04 3.254922177147576059e-04 3.363367042656083012e-04 3.742941786096395072e-04 3.728371223368337462e-04 3.379580204266177191e-04 3.235624732604169156e-04 3.370650991650203784e-04 3.447360136766230944e-04 3.158420111518358457e-04 2.332767186921519680e-04 1.411128307226189359e-04
2.326338097387613876e-04 2.830699327124428129e-04 3.210040780971923466e-04 3.311399835592535078e-04 3.349981683035854578e-04 3.318189554009561568e-04 3.130600906031991929e-04 3.003025675054999625e-04 3.136723234449949370e-04 3.337315649872614910e-04 3.367393138542565650e-04 3.300627991522623759e-04 3.307418660544388404e-04 3.273459965383558948e-04 3.204427048804758663e-04 3.289910302948095703e-04 3.402875678750570806e-04 3.279372635253207475e-04 3.151582409083923631e-04 3.263577159751157759e-04 3.230620092605815505e-04 3.095183455610454361e-04 3.169637734517502590e-04 3.381878553606488397e-04 3.400341440779308102e-04 3.281493187579632943e-04 3.285288810664614570e-04 3.406566199954359580e-04 3.513100084753406236e-04 3.493651989424542258e-04 3.382333091977638134e-04 3.258924729590286472e-04 3.301087416005918807e-04 3.411859208703686003e-04 3.417376775024861309e-04 3.475474014795833276e-04 3.627258695072772083e-04 3.616919863963872898e-04 3.466033005093064733e-04 3.405391666725496769e-04 3.436900976127129541e-04 3.387800678851857596e-04 3.289081073136753504e-04 3.336453045266979476e-04 3.450941017989110973e-04 3.515163204644811373e-04 3.424960413591924061e-04 3.326635459388700895e-04 3.333777389199652982e-04 3.526652698861434346e-04 3.656519292638877759e-04 3.534221587850890729e-04 3.444822161480802416e-04 3.439501088332554894e-04 3.331955790919777097e-04 3.218537141880035870e-04 3.269092985010429585e-04 3.246008815520036797e-04 3.228585095545359672e-04 3.320893955141432851e-04 3.384028410887979102e-04 3.452843522036039650e-04 3.414906301201979478e-04 3.294925596996882574e-04 3.344991505258359198e-04 3.526560263511866063e-04 3.513392983719235683e-04 3.390887860653954769e-04 3.361126197195020166e-04 3.319120441450544904e-04 3.311453043609574728e-04 3.267655826313568628e-04 3.289767497807595358e-04 3.413837693762719009e-04 3.470413892725554062e-04 3.354033156795860554e-04 3.148385860142395316e-04 3.049010716896693378e-04 3.065911281405687321e-04 3.196666714390149818e-04 3.411352392493624064e-04 3.448804151797633900e-04 3.252219193541003306e-04 3.194811499495145966e-04 3.338914436423428113e-04 3.372167647279980399e-04 3.320479689807825756e-04 3.340745015741392781e-04 3.422821499075935680e-04 3.323400678797975736e-04 3.342773396465564427e-04 3.582808016152602736e-04 3.494814035501791778e-04 3.250995192254579023e-04 3.233638291483498738e-04 3.394370076754731546e-04 3.408252821560002824e-04 3.081894443593337796e-04 2.361006358269055502e-04 1.557245230561270992e-04
2.269010261813321960e-04 2.740369350685256103e-04 3.088233028943161360e-04 3.284239472507604111e-04 3.498167281499133842e-04 3.560780692203291365e-04 3.329339164515685424e-04 3.116968212664675709e-04 3.168437106566861423e-04 3.315025873304194457e-04 3.335501760909693374e-04 3.242024308035167720e-04 3.172436292681728729e-04 3.101252074879365167e-04 3.134535880987134948e-04 3.321285555964648877e-04 3.395095724552022105e-04 3.198912336213520719e-04 3.019519390496694681e-04 3.069720311040804398e-04 3.055324484984806108e-04 3.060064829706766326e-04 3.281729406785314357e-04 3.494099900984501276e-04 3.446443943271074953e-04 3.318962835598731546e-04 3.232011020421423253e-04 3.273301093312101263e-04 3.358066821952549472e-04 3.288725797452730741e-04 3.140789784990804514e-04 3.028375450737585094e-04 3.064370219020201352e-04 3.169965172339800916e-04 3.274927394598392007e-04 3.457811422550863744e-04 3.569872518245194781e-04 3.452949456988558185e-04 3.358551080181896914e-04 3.441850473870829716e-04 3.529609724274998875e-04 3.510677802969764923e-04 3.492839614615144989e-04 3.590466569290468230e-04 3.684069773438463117e-04 3.706997966621967651e-04 3.505121591931788022e-04 3.289987713645848872e-04 3.232405502432447687e-04 3.376107904748426613e-04 3.528995331817347085e-04 3.450359173225674538e-04 3.371463844306521072e-04 3.320255702384769959e-04 3.185999767056820744e-04 3.116905033529453629e-04 3.282800644784738511e-04 3.439998585008960754e-04 3.467209928706447642e-04 3.405638160705583501e-04 3.271872783419620513e-04 3.111890802206311547e-04 2.976585554279260527e-04 3.078334362407123144e-04 3.376286171456523177e-04 3.530276137766888769e-04 3.422828746123718520e-04 3.351805988932473582e-04 3.339212121503810742e-04 3.269323376315220716e-04 3.296373100999824509e-04 3.306996560989394459e-04 3.379356963521237866e-04 3.455300239876999357e-04 3.381598250549048071e-04 3.224173869850118250e-04 3.111164246934198163e-04 3.148057195116891940e-04 3.151394998103968252e-04 3.047542160917907994e-04 3.059728518692675673e-04 3.179515048942310436e-04 3.259475896980480844e-04 3.407473135574287963e-04 3.531884089082800056e-04 3.411834167546420838e-04 3.248949475233764341e-04 3.250592643631600989e-04 3.315031690366014756e-04 3.205866248985611024e-04 3.149956658398375730e-04 3.248188727536277694e-04 3.172688498421724363e-04 3.146877447567328107e-04 3.336539948060201653e-04 3.577995512230425332e-04 3.534483735617528419e-04 3.143839556948640687e-04 2.486398579174644891e-04 1.775028775755825247e-04
2.200728479819374114e-04 2.726162906390695536e-04 3.059152110609764498e-04 3.222322861855248096e-04 3.432995389660358984e-04 3.516258228782206908e-04 3.365627731127300787e-04 3.182788885517740603e-04 3.157505739563344497e-04 3.216316649610081969e-04 3.298937899462559714e-04 3.315567244529691801e-04 3.259111934979124804e-04 3.166663416399353157e-04 3.192569461675659752e-04 3.358820359313758426e-04 3.441602309096676192e-04 3.350679695004261027e-04 3.231143841506357774e-04 3.161128111995651063e-04 3.124641350808282864e-04 3.188751823539304978e-04 3.357599892745157487e-04 3.409889670906616436e-04 3.323727195614025907e-04 3.283281694342368414e-04 3.280325879329861697e-04 3.386995338467556783e-04 3.410457561165529394e-04 3.284276787268148277e-04 3.118774521851095153e-04 2.929764924133533869e-04 2.865012621931734634e-04 2.916385915202859749e-04 3.051276587652243175e-04 3.280251292432373325e-04 3.352398311596804488e-04 3.181979707925899144e-04 3.095590390663082890e-04 3.246806490677511944e-04 3.456071774661784168e-04 3.526977567359113074e-04 3.542690178815235654e-04 3.573965018485045437e-04 3.554756814480125550e-04 3.556652576283168095e-04 3.374337098117104325e-04 3.137006256364496381e-04 3.088394237983751794e-04 3.171928225672834877e-04 3.200233018710669976e-04 3.118112960873784109e-04 3.121180073418105996e-04 3.122474076837397747e-04 3.060804594411891105e-04 3.128226760197563221e-04 3.390880093707554499e-04 3.627710116986260225e-04 3.590568761605990008e-04 3.345251059573855655e-04 3.131651407017172189e-04 2.966653748004702208e-04 2.884063393277544289e-04 3.058636380023839647e-04 3.348923344218914834e-04 3.394734987340628039e-04 3.237214121616683064e-04 3.232550510118989092e-04 3.242746998329799706e-04 3.176390836358869386e-04 3.223145510156219420e-04 3.285525479418922390e-04 3.393254099451047936e-04 3.458795628216508838e-04 3.376887861732493813e-04 3.316263817643752250e-04 3.311968558066589021e-04 3.352256176064147709e-04 3.220158733118320157e-04 2.941346121184237514e-04 2.865415936887282986e-04 3.075380820316682374e-04 3.293929898957764259e-04 3.459331019986919189e-04 3.488116778912949420e-04 3.326414587897491950e-04 3.208414697504697916e-04 3.215810674634409037e-04 3.184866992298149855e-04 3.071278833398785406e-04 3.076528976839010103e-04 3.177891122013018141e-04 3.152181869466348521e-04 3.133960390207134921e-04 3.292107319136826837e-04 3.542060719189079796e-04 3.514701431489512373e-04 3.137045252379055678e-04 2.478090464968830432e-04 1.772399918345318379e-04
2.224487704602070627e-04 2.695037726871709043e-04 2.985729672545002771e-04 3.138603209806842048e-04 3.324968975517718882e-04 3.474893634996944623e-04 3.497507067208602358e-04 3.362838442614505098e-04 3.246152961400733958e-04 3.210273184312966181e-04 3.295830962390189703e-04 3.395991778830417915e-04 3.324974587128597548e-04 3.176319116916218499e-04 3.174985870994347570e-04 3.341027018222722479e-04 3.537142802687306769e-04 3.598060523198877382e-04 3.483499776129213559e-04 3.274658770563744492e-04 3.224271126417163971e-04 3.330799480623763400e-04 3.372611946043339447e-04 3.224521312992955279e-04 3.144349861664136585e-04 3.270098212938607864e-04 3.469904719917161475e-04 3.621756864565402190e-04 3.522176709091228461e-04 3.387486873818061953e-04 3.338845710553604460e-04 3.199310543909582869e-04 3.066907574304743853e-04 3.013542988255063742e-04 3.108122691494323879e-04 3.295766306119183057e-04 3.299106778448315791e-04 3.114313805585631036e-04 2.987534585885004163e-04 3.078920298211286792e-04 3.304765829980670436e-04 3.362770889093574756e-04 3.320365205683612755e-04 3.344248811665981791e-04 3.335654432489590978e-04 3.306335593667102763e-04 3.198901994401978925e-04 3.114605349376693049e-04 3.207438907263208960e-04 3.284546941361365328e-04 3.117638095540903797e-04 2.946499902905696708e-04 3.013311690105230844e-04 3.128478730236316260e-04 3.120600708803426826e-04 3.189180483327528509e-04 3.428374920706660309e-04 3.580426402794777510e-04 3.395032046441389881e-04 3.074564457077764643e-04 2.902297180612250930e-04 2.886941585072096746e-04 2.998776044210184322e-04 3.200198914632971701e-04 3.370537901411824904e-04 3.363226468641246662e-04 3.220702751737966022e-04 3.131009102691771130e-04 3.020982354440355719e-04 2.944769761966155178e-04 3.075519873122215453e-04 3.275078339300304384e-04 3.379408722260509408e-04 3.389388329960138545e-04 3.375645165068546973e-04 3.376862933846852717e-04 3.398782306185622794e-04 3.423007061198179166e-04 3.224482350353782313e-04 2.969261066813865262e-04 2.970790759623372296e-04 3.213118562104928192e-04 3.362744834206472214e-04 3.376422303314677970e-04 3.318705358835973766e-04 3.235517145752459184e-04 3.245307547621345307e-04 3.259941743635078135e-04 3.135266409496205876e-04 3.051816819222290429e-04 3.159093747724377611e-04 3.330549667790895637e-04 3.329248237755267010e-04 3.201337418014622220e-04 3.188711410641280200e-04 3.323127076362823338e-04 3.322143571686013365e-04 3.037062397136158689e-04 2.359778281855371383e-04 1.605990980326159724e-04
2.293214122984964189e-04 2.699413640368512239e-04 2.930348746463398517e-04 3.072257327526975489e-04 3.290871448521875248e-04 3.520797350520704682e-04 3.611662186904389719e-04 3.463281381498482456e-04 3.282258895590330116e-04 3.220207946057802731e-04 3.261850248497630842e-04 3.320431203106376109e-04 3.238644348919256818e-04 3.107757593453813923e-04 3.074728377074794879e-04 3.174354123217331520e-04 3.413112027906801483e-04 3.573006262525110690e-04 3.478089485655677963e-04 3.246834150731781206e-04 3.229590936366677511e-04 3.360710664107245367e-04 3.356493931075365243e-04 3.222612851869166811e-04 3.202184515500681051e-04 3.370046050737044796e-04 3.599846869887556380e-04 3.624103614588406906e-04 3.434046335003310309e-04 3.393514163023387902e-04 3.577328963452936525e-04 3.626443817731116789e-04 3.475752093937067248e-04 3.310139668604665910e-04 3.311440485241609936e-04 3.379755176415958360e-04 3.290016375856288683e-04 3.129707210248912483e-04 3.056287428158519686e-04 3.071851766529363863e-04 3.174106766487753799e-04 3.195445414307728849e-04 3.179103967268884527e-04 3.233797397485314688e-04 3.264031723083948323e-04 3.239671558848539992e-04 3.164804283543189807e-04 3.161791930119469025e-04 3.345734070715872775e-04 3.497040414623158919e-04 3.303569237547288170e-04 3.055043692590987290e-04 3.122992702761561508e-04 3.326781883110935950e-04 3.295032764461607012e-04 3.150888344892418570e-04 3.224885809029650599e-04 3.375914426402269221e-04 3.349764747323285478e-04 3.244779287179695433e-04 3.135304056335240725e-04 3.083537223588889934e-04 3.199578211660004858e-04 3.403551001917332498e-04 3.492077620235622308e-04 3.438271111885742980e-04 3.332216593186276615e-04 3.187458904916995288e-04 2.920135469754592131e-04 2.797916203072624156e-04 3.072968439722977897e-04 3.409053719566937065e-04 3.378268876878355110e-04 3.203669643660340656e-04 3.224398698774986940e-04 3.252138383723190821e-04 3.291179184717456805e-04 3.397687275666808971e-04 3.369949777717937264e-04 3.251376218988912990e-04 3.180383808910425898e-04 3.268010116971699699e-04 3.412896802456170963e-04 3.456782664938399955e-04 3.383764632802163143e-04 3.329098871331027032e-04 3.402396404992514482e-04 3.423909500806960075e-04 3.230583930617973937e-04 3.165031013621658279e-04 3.307609415788205390e-04 3.494625989461112772e-04 3.471899557330756060e-04 3.316082552597689973e-04 3.218453623705719909e-04 3.219113312745693826e-04 3.209128334498159100e-04 2.958153868044407445e-04 2.269403576773626821e-04 1.501451774247659259e-04
2.210207716871260327e-04 2.650461178662041656e-04 2.945694998769810133e-04 3.118989959572350469e-04 3.287349458982175682e-04 3.384065310648782425e-04 3.359364581219091185e-04 3.272157545582743193e-04 3.219453142898626575e-04 3.255632086161113240e-04 3.298015703295426081e-04 3.274202159442394112e-04 3.224242630274999286e-04 3.151112590694919594e-04 3.012841032609926088e-04 2.986593901067107707e-04 3.220899270181762104e-04 3.419719516024384998e-04 3.349408877102300194e-04 3.157824197208722815e-04 3.157023133253711897e-04 3.285640531453103575e-04 3.329629527468314218e-04 3.383353628978389956e-04 3.442206155558107041e-04 3.464094417940516424e-04 3.489817391876079856e-04 3.376004137534544783e-04 3.254458123934579508e-04 3.315965109501828540e-04 3.539933873145171932e-04 3.711083338539230073e-04 3.651012921754853572e-04 3.473393228471027870e-04 3.351595021255737803e-04 3.329571018958084046e-04 3.253566656829057777e-04 3.171185606693477767e-04 3.223440324611242993e-04 3.228158123788816723e-04 3.228098444959945834e-04 3.269287003037980085e-04 3.286546654487787099e-04 3.242078978296632306e-04 3.201108598749520268e-04 3.241411693828930864e-04 3.249800155333805668e-04 3.245562014863051124e-04 3.380888677220513904e-04 3.574567379507046947e-04 3.498041579714021273e-04 3.295596888033046432e-04 3.346136796881996468e-04 3.510009531265216847e-04 3.420315628250180555e-04 3.168837464065686138e-04 3.155165558733529960e-04 3.370975419197929095e-04 3.555528146337694857e-04 3.624529937018307053e-04 3.539714694832725873e-04 3.348320320024209722e-04 3.270703390127323263e-04 3.425105974090449481e-04 3.516722395993123178e-04 3.436294518283362735e-04 3.385388346749230266e-04 3.322290332327650845e-04 3.088937387475492163e-04 3.028738930950407911e-04 3.401722130938315564e-04 3.679896632775122222e-04 3.380661582959431787e-04 2.984415284604274203e-04 2.952241437411571245e-04 3.066400188243827585e-04 3.200367134306225181e-04 3.382769130911734024e-04 3.507219484489766019e-04 3.455980701501425514e-04 3.237283758067794281e-04 3.144450892768761502e-04 3.324272506807894882e-04 3.499422442202553517e-04 3.458888704474620806e-04 3.374082562651309477e-04 3.435111105429212910e-04 3.465714986728411382e-04 3.272216169677583933e-04 3.209173142645765919e-04 3.381120015749431969e-04 3.571030105533121841e-04 3.509659846954088286e-04 3.372117983418922355e-04 3.241407306995915420e-04 3.193397908716597467e-04 3.244886266283684984e-04 3.032134160937186018e-04 2.371379745646635105e-04 1.621248328821447439e-04
2.106019792952413465e-04 2.623808777316782382e-04 3.080429829803904606e-04 3.282586502222647031e-04 3.277771214854404303e-04 3.136124090637437125e-04 3.002795886729209859e-04 3.040960105130118582e-04 3.178277516799999465e-04 3.335306077618335491e-04 3.416751193738575302e-04 3.339062465798204433e-04 3.277996723074324192e-04 3.247853470416653312e-04 3.156485780513874342e-04 3.117594641506462433e-04 3.236436383762229547e-04 3.279349432203881821e-04 3.151942572428801867e-04 3.008288442116979983e-04 3.024681062455122980e-04 3.193803051457750437e-04 3.341763101997460373e-04 3.472300475373837187e-04 3.520629265197544101e-04 3.392196387414968478e-04 3.238337262430704975e-04 3.107597963492641168e-04 3.094764075068130596e-04 3.177302499905124578e-04 3.273505868827726465e-04 3.454198191907660240e-04 3.554301234946958101e-04 3.461463340572070021e-04 3.276922521864900940e-04 3.238798109110226911e-04 3.286157025369736747e-04 3.396026608007547644e-04 3.490371256936826341e-04 3.387348791096969169e-04 3.329525331352206153e-04 3.367614076056984172e-04 3.289192528696103959e-04 3.099388382599925062e-04 3.012219358021584826e-04 3.153428822943776712e-04 3.328855964209407334e-04 3.367868232844805710e-04 3.390572753292386593e-04 3.510079416416479791e-04 3.500947245199040997e-04 3.416895304489850848e-04 3.462636494746276989e-04 3.524517800385547350e-04 3.416498112248662748e-04 3.266754064951968902e-04 3.285930490839081243e-04 3.499596129186515435e-04 3.645600365692024114e-04 3.585654152551421550e-04 3.457343559291247087e-04 3.308863792745297136e-04 3.173262173546378051e-04 3.213009851763051761e-04 3.320872744500145881e-04 3.361938934270686935e-04 3.383386658951200625e-04 3.375145863609150306e-04 3.281174014357695571e-04 3.346268276395783221e-04 3.711624308965422647e-04 3.861110150969345703e-04 3.438831980233252907e-04 2.996022375460049431e-04 2.883855904497190092e-04 2.937481088786471264e-04 3.049264305123799371e-04 3.276632696803349312e-04 3.464265113216226767e-04 3.455115133379082657e-04 3.258213474212301951e-04 3.140294000009037764e-04 3.235896108112177347e-04 3.365510003388743655e-04 3.301607204512448015e-04 3.150481314832143543e-04 3.145168821355942622e-04 3.175606839966788920e-04 3.087119701518302147e-04 3.087337179063820740e-04 3.284067022137653795e-04 3.458489817287142181e-04 3.392167334984510368e-04 3.309680716784055136e-04 3.215038440377500123e-04 3.185133218432514087e-04 3.272741002165722481e-04 3.146281497396179053e-04 2.597427899248667092e-04 1.856924257213103061e-04
2.135783028918656625e-04 2.689125639946709015e-04 3.179792312098132573e-04 3.264938193999005985e-04 3.132675713573005501e-04 2.984611729855236656e-04 2.849134054340781569e-04 2.889421606438408261e-04 3.080529964138834344e-04 3.293980736660329697e-04 3.377759883098652724e-04 3.227195543798291096e-04 3.081360426599300917e-04 3.084364182559548671e-04 3.129160448249211158e-04 3.124323822843403254e-04 3.188354149237126903e-04 3.144457592239865247e-04 2.921595262019259509e-04 2.771677310986144123e-04 2.827476152121022584e-04 3.066504859045746057e-04 3.271361242330262709e-04 3.321627010880400487e-04 3.273712212504283721e-04 3.110816223301009166e-04 2.957639148338360663e-04 2.855150837390772701e-04 2.843574065278966882e-04 2.859927352302806241e-04 2.863746885594064249e-04 3.056901420192373623e-04 3.278338050138209338e-04 3.272230288874966369e-04 3.154742504307673188e-04 3.146624281748816219e-04 3.189044364803246025e-04 3.343603343892051992e-04 3.377871676120166428e-04 3.237562354082331307e-04 3.246565707256810602e-04 3.264631014583390528e-04 3.061256098836088665e-04 2.823503709233254259e-04 2.820401918433520258e-04 3.074757180920856649e-04 3.326401476284070440e-04 3.349603365582840952e-04 3.219451582470678154e-04 3.153019385982944460e-04 3.116946913855401830e-04 3.145628332185023334e-04 3.248418151000820233e-04 3.287518129941970394e-04 3.159312860626252830e-04 3.041100199496032898e-04 3.070094277100516352e-04 3.236588592204838214e-04 3.269116964374332640e-04 3.088589893284264900e-04 2.984820894444822903e-04 3.040174401210353873e-04 3.036091097890285489e-04 3.008545629848532110e-04 3.116815658764360546e-04 3.268865926585757804e-04 3.250782916709215936e-04 3.164706005602775716e-04 3.148556382134163126e-04 3.294624784393901948e-04 3.559140457848717514e-04 3.576573715497395915e-04 3.272321607823151964e-04 3.033190058645785989e-04 2.944987469420255093e-04 2.875178529603282279e-04 2.872706168577865361e-04 3.102981505275633715e-04 3.325146336797997221e-04 3.343783961990202903e-04 3.174490836949815306e-04 3.097164109667100177e-04 3.168195776740687130e-04 3.231350302423054068e-04 3.136636326792683997e-04 2.925850384068919702e-04 2.796230322177645916e-04 2.809563909034668884e-04 2.854848125056098506e-04 2.935967242476502682e-04 3.100208757954173514e-04 3.180933010628466686e-04 3.092943474209713288e-04 3.017198999071130094e-04 2.999596388184007172e-04 2.993481370749474834e-04 3.005982178723050607e-04 2.965190682680107900e-04 2.574918239304045263e-04 1.847401966428240095e-04
1.809832269802423392e-04 2.289527690260428916e-04 2.659375048631898268e-04 2.648729681780881916e-04 2.556959022871825886e-04 2.541561447156326630e-04 2.473157593607922498e-04 2.470821231150342571e-04 2.560979486120612417e-04 2.661900665957000621e-04 2.690389211629622959e-04 2.560414352274694447e-04 2.436073901818134680e-04 2.462534303780672656e-04 2.481937917370197633e-04 2.416552376290192073e-04 2.513073727173610280e-04 2.577761764011441597e-04 2.418214419683643868e-04 2.303916907258391118e-04 2.374452722814342979e-04 2.588072131974120940e-04 2.713492635256771306e-04 2.651868407860241824e-04 2.552990635171220732e-04 2.427912738730013582e-04 2.349889406358982675e-04 2.292700032741718462e-04 2.272260957556908887e-04 2.245654259126608548e-04 2.282667932612162352e-04 2.496524935539261368e-04 2.630760651663401517e-04 2.577858254996505828e-04 2.567758385138647274e-04 2.631563487702368248e-04 2.622388691462874174e-04 2.664737551808901879e-04 2.645008643257971102e-04 2.578825014460426430e-04 2.690669966601434010e-04 2.756398926978360572e-04 2.506906883143377373e-04 2.233134654769907952e-04 2.269299832905256171e-04 2.500697187986004009e-04 2.671618229807137682e-04 2.683212129290522873e-04 2.549853706834444419e-04 2.438907369118173451e-04 2.410951013009472667e-04 2.466290300232263635e-04 2.586836337422416306e-04 2.610745055269036779e-04 2.454414030375951026e-04 2.313444385842879732e-04 2.310213959927689942e-04 2.418891029159806567e-04 2.475548926354977260e-04 2.380122168079704050e-04 2.341169519870861461e-04 2.510424372362621021e-04 2.593317079463395864e-04 2.594146998364783938e-04 2.677040916112324994e-04 2.750134842027860522e-04 2.629765560114950352e-04 2.487479660615509141e-04 2.480909742681216548e-04 2.576483246352131041e-04 2.657531146570118324e-04 2.591044219901570290e-04 2.506746657489577991e-04 2.490997986893707925e-04 2.455382324968526141e-04 2.393732800961965079e-04 2.394912776057920201e-04 2.580795438874583254e-04 2.750104900624330282e-04 2.712223608967725356e-04 2.527629165192604591e-04 2.495100009387046141e-04 2.572924342211011894e-04 2.584946129830211761e-04 2.521677606433375143e-04 2.361380209146368789e-04 2.167711488664373948e-04 2.138163261702861204e-04 2.229454141524638976e-04 2.366886747755736953e-04 2.529703594359101115e-04 2.534593953336680781e-04 2.400482950337031731e-04 2.308841618191527978e-04 2.369350301681476777e-04 2.368885946808042603e-04 2.256913127930612324e-04 2.205691447128972594e-04 1.943934272441793598e-04 1.365048305218960944e-04
1.158396456463964947e-04 1.474404374421704430e-04 1.715245905480079487e-04 1.741367908291863989e-04 1.732883177979621116e-04 1.745553460577976097e-04 1.738828398414045775e-04 1.775607491525962953e-04 1.787276925776143974e-04 1.732042746034778322e-04 1.690648247162747841e-04 1.671581238615337829e-04 1.651623124054604980e-04 1.663748267284319185e-04 1.569870559987120487e-04 1.422182434350861076e-04 1.507718621867421504e-04 1.681703531521401920e-04 1.708946777938275951e-04 1.731639276456707231e-04 1.810239224843540324e-04 1.931130491101131581e-04 1.974688831372704129e-04 1.858240374362772379e-04 1.705190376935401819e-04 1.567652659301577850e-04 1.550645476970013905e-04 1.562051543048003006e-04 1.562891840323613383e-04 1.564634165564978959e-04 1.681838327913043134e-04 1.856656040039783486e-04 1.832908098631650978e-04 1.742893014620551864e-04 1.805491721789053653e-04 1.881814570272643064e-04 1.860190524666599998e-04 1.834200726430755578e-04 1.800763918059881410e-04 1.779902261876397935e-04 1.940978599635249599e-04 2.088845517455682071e-04 1.843753079134555521e-04 1.544518753221925519e-04 1.553498518729036449e-04 1.614666860245852044e-04 1.593093548933500613e-04 1.578245057592209198e-04 1.564686571276517656e-04 1.586116709437407411e-04 1.629943559013253564e-04 1.668728504132379145e-04 1.762122169951958186e-04 1.760705378145662782e-04 1.585977079434059507e-04 1.461145735416206405e-04 1.457984910360962129e-04 1.546230059684523762e-04 1.702018150777677365e-04 1.738768922706239776e-04 1.716131661514965715e-04 1.826687338363181348e-04 1.873719198520678122e-04 1.928013733109298976e-04 1.965914755804216442e-04 1.895939123986588488e-04 1.743271470831363060e-04 1.627795782633418816e-04 1.599968293315253602e-04 1.619509845504146176e-04 1.613625267018789066e-04 1.587108022384344592e-04 1.660488887346152722e-04 1.679468940679745836e-04 1.595103009664880825e-04 1.566431279364537599e-04 1.673604400039182529e-04 1.856657203246704407e-04 1.920269551874364514e-04 1.793296974360026035e-04 1.627011059123196991e-04 1.611978293300591572e-04 1.624889364372050348e-04 1.578486158375312903e-04 1.544522073288055633e-04 1.465957261410177188e-04 1.352268455620069237e-04 1.351414100197971665e-04 1.425900293197935025e-04 1.570192997695047873e-04 1.720470127989098688e-04 1.705249237691210075e-04 1.598979592437301466e-04 1.530908308856686307e-04 1.619171872200356459e-04 1.621216392167983502e-04 1.445204671712894788e-04 1.341603806672079363e-04 1.174524663450227514e-04 8.497028378474473498e-05
