# 2D Density map on xz plane
1.607943278868918108e-04 1.939460708518837297e-04 2.210558471695288406e-04 2.283973013849238828e-04 2.296154242836213823e-04 2.301748444647703639e-04 2.242108949392019788e-04 2.073384264033720291e-04 2.009603909700827251e-04 2.062833908607960708e-04 1.992799257860043769e-04 1.912217733619283612e-04 1.936306296981722414e-04 2.013589488552664723e-04 2.070179170793849937e-04 1.992698904541435456e-04 1.872447471915264364e-04 1.994497937509557856e-04 2.214346636699738029e-04 2.391394401207003575e-04 2.405958907691994192e-04 2.234635881343386733e-04 2.138752777326612857e-04 2.070205291376203368e-04 2.167809537010278943e-04 2.465501985122506940e-04 2.452579434209161769e-04 2.060700299682431756e-04 1.811283726818628732e-04 1.968818301747432000e-04 2.296798022484741351e-04 2.365422911478528016e-04 2.273054667632157721e-04 2.323435872923595275e-04 2.392011034236194702e-04 2.281510294326951098e-04 2.018455073613407958e-04 1.901734574341578505e-04 2.160248912520289558e-04 2.476903351415320480e-04 2.558543258294998491e-04 2.477749425097379833e-04 2.397093417882217533e-04 2.226236141165387900e-04 1.952627389121175026e-04 1.878728332724480645e-04 2.011631949643163638e-04 2.125968563989650987e-04 2.140111620561869457e-04 2.107054820539314090e-04 2.175809229041160181e-04 2.272918116660110031e-04 2.147345030940211487e-04 1.954952956512710002e-04 1.968494176890123095e-04 2.025836965065148389e-04 1.971792246767473306e-04 2.002843979913638054e-04 2.246084192294588210e-04 2.337941882361510636e-04 2.162475607318802310e-04 2.072728770199366714e-04 1.965142577732519719e-04 1.957657695185201739e-04 2.063137218517387171e-04 2.061346638925303214e-04 2.005299788308300465e-04 1.962524495742951677e-04 1.890969535248401205e-04 1.868948901607113671e-04 2.037743421598033294e-04 2.199432589441269962e-04 2.249643967379661520e-04 2.150766772721723170e-04 2.159382790101590979e-04 2.230564107440330922e-04 2.324402491009379466e-04 2.531248129814859214e-04 2.552108050118620389e-04 2.404025146020737557e-04 2.264346207914169639e-04 2.231775672615223091e-04 2.264096875389847092e-04 2.212965597249602861e-04 2.172201140091747787e-04 2.164317409033856285e-04 2.221349936484111353e-04 2.247519901271487577e-04 2.212576866286070933e-04 2.252080438189823673e-04 2.285723614357296186e-04 2.165765682993870496e-04 2.063389990675797256e-04 2.173740936017545984e-04 2.343044902085364542e-04 2.341386544328633154e-04 2.242093664308753963e-04 2.077030766001957502e-04 1.718766230291495444e-04 1.191754012055155297e-04
1.844174780421915045e-04 2.277659208285106630e-04 2.672776520094082790e-04 2.810753174793873856e-04 2.855781617955914465e-04 2.872082291491431338e-04 2.810760669293196207e-04 2.672541559133163012e-04 2.616305661311638673e-04 2.659872284564347321e-04 2.575906522752624810e-04 2.504701163654633050e-04 2.510095665252944043e-04 2.510243122652554022e-04 2.570162720939374356e-04 2.551748364589918536e-04 2.477559238396040485e-04 2.628380418716447621e-04 2.847439770268764573e-04 3.014034564949551187e-04 3.005200015111716971e-04 2.802848267968226312e-04 2.647214652341376611e-04 2.612094572547539570e-04 2.702274669058590817e-04 2.868332557505284580e-04 2.737211511993542967e-04 2.351091888254005211e-04 2.239519697586556319e-04 2.510555232947445873e-04 2.873079974991424139e-04 2.958301457478760264e-04 2.878820832653275139e-04 2.916228608157711566e-04 2.954434678370642785e-04 2.849667478045775880e-04 2.654885662375474947e-04 2.571203253972981955e-04 2.804109207028450531e-04 3.077863544028458260e-04 3.119639521194074666e-04 2.964300318720518518e-04 2.912711789291040198e-04 2.857124445465947715e-04 2.677431354367188344e-04 2.629393449264848465e-04 2.741359821922734262e-04 2.850277994751887218e-04 2.808459349691114085e-04 2.669342133545775245e-04 2.695843862425499463e-04 2.881894522372509043e-04 2.806482784500510894e-04 2.587414028847917664e-04 2.640090122602168753e-04 2.746428959446787620e-04 2.680035821011150874e-04 2.628121027987496733e-04 2.758526170421954837e-04 2.818027108187855559e-04 2.748418162307785569e-04 2.714824003027506102e-04 2.646540299162954244e-04 2.738316213582012073e-04 2.914312336425629608e-04 2.932260762760788243e-04 2.811685322559088780e-04 2.719910235039107505e-04 2.638893722710095448e-04 2.571263845747175482e-04 2.661420353463854059e-04 2.782790163198642797e-04 2.881760818243138313e-04 2.816582277271454694e-04 2.754707939272624641e-04 2.733104329068859815e-04 2.781738957732596534e-04 2.968506318310366876e-04 3.055080713294203057e-04 3.039714763925770733e-04 2.984605428983277595e-04 2.900671648863237511e-04 2.845128217820065957e-04 2.842457351285338114e-04 2.918388993574870765e-04 2.961753540266104118e-04 2.922597913751299320e-04 2.776723669170640812e-04 2.642476109136571247e-04 2.739270594150843788e-04 2.878632705709576389e-04 2.811338774748672149e-04 2.676844410150952319e-04 2.678692325229281644e-04 2.846379624682825551e-04 2.911399110075869596e-04 2.895161552799401352e-04 2.693980854181293955e-04 2.139351547549455160e-04 1.493955425222645008e-04
1.971435609068358634e-04 2.473989748153312311e-04 2.929333240475009590e-04 3.017913719283460156e-04 3.045439216425450523e-04 3.130860926918895546e-04 3.155423610972620994e-04 3.123263671828462257e-04 3.098530017808141194e-04 3.075859481685680507e-04 2.987500310595822854e-04 2.979032680059517111e-04 3.038951965539455811e-04 3.038859074088889629e-04 3.080378880203417684e-04 3.091455485107140987e-04 3.015534431410533435e-04 3.077262134019558568e-04 3.244633852514409241e-04 3.384225049681889065e-04 3.358950036849896051e-04 3.162442057877041818e-04 2.974250285652494828e-04 2.984275928035287932e-04 3.085014005487063784e-04 3.130108879921316626e-04 2.935987053337294687e-04 2.671534145653467951e-04 2.711354466337277625e-04 2.935105844898749298e-04 3.152010776858765913e-04 3.210898434137712115e-04 3.175407255559021418e-04 3.186655752903190574e-04 3.181594387206379852e-04 3.145663926239525656e-04 3.134859329105921591e-04 3.107306799136554890e-04 3.178543178329765271e-04 3.285977783776210638e-04 3.354197957188239428e-04 3.285895756494884795e-04 3.226899754040121445e-04 3.201394012288859368e-04 3.111664257779833817e-04 3.099539250611275986e-04 3.208685122425073951e-04 3.256238091518217541e-04 3.153858955199888422e-04 3.058319462052387335e-04 3.136014769630417025e-04 3.336086559286601232e-04 3.308666953513781208e-04 3.159138533862932406e-04 3.267005355351507026e-04 3.366792914534928976e-04 3.246850260297985007e-04 3.051798055725410061e-04 3.012149482080155299e-04 3.066958208485148687e-04 3.091303793943952572e-04 3.078868868952244699e-04 3.096737671943661425e-04 3.252854541461370650e-04 3.417254076535451148e-04 3.417613349394062845e-04 3.289882889058112227e-04 3.261161085977248809e-04 3.227575582728073908e-04 3.095722071786182112e-04 3.039151186066142013e-04 3.106368179321509766e-04 3.254814643888154571e-04 3.254628915846927888e-04 3.219364308329241212e-04 3.173081219063924024e-04 3.126959786025666982e-04 3.228469153606195559e-04 3.317573677589841967e-04 3.359034683612685231e-04 3.353926766248722371e-04 3.218355526063742048e-04 3.072523254222911566e-04 3.143910027556631216e-04 3.402487920923197122e-04 3.549141539399463044e-04 3.431386485459570032e-04 3.164998830071075707e-04 2.965036375234323101e-04 3.007682493441637831e-04 3.161714675210499422e-04 3.187372872427219391e-04 3.069556448451720289e-04 2.953328350548731066e-04 3.058787867351820886e-04 3.228054934725305353e-04 3.336124913412711669e-04 3.101612477227538639e-04 2.413271798075192990e-04 1.714898952383284397e-04
2.128748291666834153e-04 2.610544009490281948e-04 3.028887311368726881e-04 3.073126081459738070e-04 3.028984574315335280e-04 3.096207256644658342e-04 3.171486695373025599e-04 3.239886953076729715e-04 3.308550434470751639e-04 3.266447134476506333e-04 3.188697839141471906e-04 3.233370612676321736e-04 3.288476664598885286e-04 3.312001504598520701e-04 3.332096788777995713e-04 3.326522974361656080e-04 3.269843402605985584e-04 3.272129192733400777e-04 3.359152188878484916e-04 3.401426345894895012e-04 3.405724378134655263e-04 3.337859324230893856e-04 3.123733696361281962e-04 3.075075561141762427e-04 3.168955356591178995e-04 3.199365481753910874e-04 3.089615044617194254e-04 3.015127261299993728e-04 3.125642047774603266e-04 3.206299586357234379e-04 3.270455783914599270e-04 3.313223223409389310e-04 3.324329395265306487e-04 3.268577066132328287e-04 3.118526283902221222e-04 3.066705565776652390e-04 3.172221839002988312e-04 3.213460523157347752e-04 3.184803271483500767e-04 3.156615903144636102e-04 3.262771932029403881e-04 3.321416098008171452e-04 3.226738577990590981e-04 3.145236744229078034e-04 3.100735339555912872e-04 3.142164840961050821e-04 3.300174744633697921e-04 3.321323918015203292e-04 3.228722542571860329e-04 3.239513367572412900e-04 3.333011167102953309e-04 3.426110958975575171e-04 3.431546289994265200e-04 3.370362361141929523e-04 3.477475423820312449e-04 3.526096932998247068e-04 3.427278126663377885e-04 3.283585094293084731e-04 3.178899006689671607e-04 3.190682673151231503e-04 3.203482045682937585e-04 3.219678269044874718e-04 3.281558578287191962e-04 3.335437565821520187e-04 3.397059112695112806e-04 3.401996836700606273e-04 3.366841674395520956e-04 3.428382790379496878e-04 3.407290006558370485e-04 3.288940088850577682e-04 3.232204629103952766e-04 3.257777211854565903e-04 3.308538854404133572e-04 3.287017799154415103e-04 3.285668086910791875e-04 3.287972324052669364e-04 3.230390760029488431e-04 3.222830216420683770e-04 3.247653858623708893e-04 3.294765692715684573e-04 3.292214170884984886e-04 3.181258624789450821e-04 3.015353293829906825e-04 3.015124803923647590e-04 3.256447324342119556e-04 3.498084473688188654e-04 3.485002958789155123e-04 3.318529213203462881e-04 3.151573568374544873e-04 3.128517768667945847e-04 3.289421885046808682e-04 3.412046219313758194e-04 3.337795928028263891e-04 3.104763382708674397e-04 2.977505253647535458e-04 3.104485054626798021e-04 3.300118975110191265e-04 3.118598206338876093e-04 2.431783723833980517e-04 1.715170265371176279e-04
2.318353098635154129e-04 2.794390235230431382e-04 3.203064577168941913e-04 3.306439050568878721e-04 3.199604321955177568e-04 3.128327596527599426e-04 3.125597942577029156e-04 3.172973865339155197e-04 3.300512141772880348e-04 3.356351258342522869e-04 3.326482029749372091e-04 3.352032694121951989e-04 3.321908410125624369e-04 3.285412665600727995e-04 3.276577579111457600e-04 3.274443777449306358e-04 3.288932805516624918e-04 3.356148570059359188e-04 3.407965591082709467e-04 3.372681447482007815e-04 3.455199398095370198e-04 3.514116956769311418e-04 3.267023546514088300e-04 3.120531547745868800e-04 3.165463315545887033e-04 3.232886788229605421e-04 3.249018258558510975e-04 3.265107182662450001e-04 3.326890973664532779e-04 3.339465367074978932e-04 3.409452144114299586e-04 3.494698527740711233e-04 3.503050552226356289e-04 3.400682061801709290e-04 3.203262272632251208e-04 3.098826443473650001e-04 3.158138204102234467e-04 3.249548994603306722e-04 3.299437700232296091e-04 3.288721112481325778e-04 3.312734246859881833e-04 3.298679702135756762e-04 3.187885435561037435e-04 3.138784897463218581e-04 3.150542537220399559e-04 3.216118850234286420e-04 3.359760144570993461e-04 3.433899791353554106e-04 3.467175754248339424e-04 3.494684958555102118e-04 3.454910283060167809e-04 3.358802619605977887e-04 3.296993221065893688e-04 3.211660689590113064e-04 3.271694897215859672e-04 3.355634057767393976e-04 3.367701444937575245e-04 3.390120499661377533e-04 3.341419335602009168e-04 3.304228229248565426e-04 3.291486106533724051e-04 3.320654223711176677e-04 3.279232757427323966e-04 3.188726046900367504e-04 3.235411577344806939e-04 3.329904194976790206e-04 3.384371543647794484e-04 3.472104931607708240e-04 3.449126666163784783e-04 3.390994724587667575e-04 3.375166505345429538e-04 3.291812626727491165e-04 3.187529113034440567e-04 3.195820674021685945e-04 3.299996209871051988e-04 3.369505759372695870e-04 3.324550176145023598e-04 3.192247379022785650e-04 3.169876886791860721e-04 3.300498618034516918e-04 3.282894952612490586e-04 3.198546247138937381e-04 3.093675687062512076e-04 2.987780844094456651e-04 3.034998284354202417e-04 3.262016585245295329e-04 3.378019431119821600e-04 3.317217005069378203e-04 3.206459196924146089e-04 3.215867139511613816e-04 3.386771873055478181e-04 3.507657004676777374e-04 3.476073615571176811e-04 3.257759596113610667e-04 2.977117468038521396e-04 2.947105643325236392e-04 3.162528377621029018e-04 3.132241862647856812e-04 2.467543672008342629e-04 1.671268104085763722e-04
2.393289640436364473e-04 2.860424080664873085e-04 3.264820425756738442e-04 3.428310235354379600e-04 3.318403844971690424e-04 3.164077452582239429e-04 3.072282416013353938e-04 3.062486730488133638e-04 3.232278784319702171e-04 3.377937498308664207e-04 3.352516076631755892e-04 3.308659572647564603e-04 3.264592663547126179e-04 3.245300192279542556e-04 3.272693102469649866e-04 3.295331442343553256e-04 3.328880277274088445e-04 3.413650892554189690e-04 3.424425826462092052e-04 3.335202845332602530e-04 3.405843145533496256e-04 3.489281149900295737e-04 3.308856357580797539e-04 3.177462524910400557e-04 3.199501062746029395e-04 3.291171611455548807e-04 3.335272794771622449e-04 3.337413192192003643e-04 3.320252126172563273e-04 3.334367315323611596e-04 3.453411205498617452e-04 3.495567843155148770e-04 3.395126627697890673e-04 3.315835026764636997e-04 3.275853277315982364e-04 3.229765163124170748e-04 3.205534594801902294e-04 3.254894095375849834e-04 3.390474182042843890e-04 3.510433536767978567e-04 3.473558805752635691e-04 3.334848728421016496e-04 3.233330135810368782e-04 3.297951874541482555e-04 3.404011866468170840e-04 3.424421043607435563e-04 3.453077864503199530e-04 3.540639251351442203e-04 3.622160061803016617e-04 3.610954907926589258e-04 3.477717537873054976e-04 3.294090448678249129e-04 3.200514771453869651e-04 3.116715443744192044e-04 3.129157671999941619e-04 3.198513502804352566e-04 3.198044199628773294e-04 3.256110895740304948e-04 3.346139520445256697e-04 3.375271683988354671e-04 3.372970259110743586e-04 3.387417506476618012e-04 3.224451829647851753e-04 3.026619921307216205e-04 3.096951776014047965e-04 3.285979108568181642e-04 3.329141656142795783e-04 3.363964656637819309e-04 3.337755106552039086e-04 3.307519422395823697e-04 3.278040610002677787e-04 3.144807950730667484e-04 3.055782967662671397e-04 3.126798635137671700e-04 3.310891706181636005e-04 3.419786443921557896e-04 3.388577054491579365e-04 3.238605947456059874e-04 3.232528109343522763e-04 3.410037119604897912e-04 3.385071350977808795e-04 3.346957805002506725e-04 3.372490559568488240e-04 3.237183443561180763e-04 3.062400267266748508e-04 3.138165531489169350e-04 3.269839717860919008e-04 3.253252214386533362e-04 3.233637098693887624e-04 3.271010203362044520e-04 3.305513635664554788e-04 3.307535744562168441e-04 3.345542786748838780e-04 3.303223142847135150e-04 3.150901746767706272e-04 3.090732863021448474e-04 3.223747248502298064e-04 3.196863305897634788e-04 2.509916963846950768e-04 1.647200001184503156e-04
2.417235172048920358e-04 2.895848795840298088e-04 3.280767946846952811e-04 3.428731717157223113e-04 3.379594759491094235e-04 3.283257557064829307e-04 3.179696013582759785e-04 3.147282542008349822e-04 3.285869292541538375e-04 3.370856714252693756e-04 3.320222430926593514e-04 3.288644185277285340e-04 3.317080408096767128e-04 3.386645430109427651e-04 3.465554625269782704e-04 3.441182473337734988e-04 3.372599033589816038e-04 3.349068994296888714e-04 3.308332632529482984e-04 3.209561641739068450e-04 3.228358757885747398e-04 3.321473210753271088e-04 3.241924354639471304e-04 3.208398882677330859e-04 3.301087750301516738e-04 3.401085114024304844e-04 3.414520109871676742e-04 3.429555657011411351e-04 3.397494729984939718e-04 3.339915032551373322e-04 3.381555116863507651e-04 3.349383816844078319e-04 3.180757848439550372e-04 3.099127657112818934e-04 3.194190664455785170e-04 3.323642771892142134e-04 3.337382079218267103e-04 3.256168713976742134e-04 3.304491569169612161e-04 3.488637086007140590e-04 3.505181078047791220e-04 3.378808834413803640e-04 3.289590051268032034e-04 3.398733584223960144e-04 3.583540028062010907e-04 3.518795205616353930e-04 3.365588820515454495e-04 3.418162898976838697e-04 3.502581641166578651e-04 3.475090864704795087e-04 3.365126638336991306e-04 3.236752821355258730e-04 3.189944481251941405e-04 3.198884422306583404e-04 3.242578960475921319e-04 3.274146141828643904e-04 3.236500615346639539e-04 3.270828331973365611e-04 3.415756367050332013e-04 3.469828163796416422e-04 3.371440947726414995e-04 3.341652680541397401e-04 3.261121390128408817e-04 3.084275773077480541e-04 3.098208405146868610e-04 3.288633295994519918e-04 3.321436349207181277e-04 3.279509092754048913e-04 3.218182923557663059e-04 3.183586211409316887e-04 3.150343909667967582e-04 3.111545351570176683e-04 3.130590911650675458e-04 3.121489848506025936e-04 3.188775341513669804e-04 3.286336351880467417e-04 3.337111237919947659e-04 3.325579496107768204e-04 3.355507568765268909e-04 3.464064675934464964e-04 3.497021376055445469e-04 3.590939709384887877e-04 3.637381772180220017e-04 3.386941970076014284e-04 3.099352378679297868e-04 3.098144102177911581e-04 3.200114682003685402e-04 3.191088897677464824e-04 3.312979929959006037e-04 3.441761680488662919e-04 3.374978846710626683e-04 3.244254816167350302e-04 3.287487134029832983e-04 3.378841192063906278e-04 3.424830165595825699e-04 3.409760380614595791e-04 3.402000562283936068e-04 3.255031385965868884e-04 2.520217159448164034e-04 1.623080770773104140e-04
2.412860710838820601e-04 2.937977610310165723e-04 3.322670889870747843e-04 3.403054689476468298e-04 3.360723689057285328e-04 3.389402453848890345e-04 3.424350029050825164e-04 3.401081624857020210e-04 3.366184016615370467e-04 3.312429520537138981e-04 3.296791544863929019e-04 3.341464981479665163e-04 3.419133711875112875e-04 3.545245551092448080e-04 3.659771114303586158e-04 3.594710927186218303e-04 3.399391235354834776e-04 3.189079398612044893e-04 3.055815797592093637e-04 3.045981184037155429e-04 3.171164633714702538e-04 3.306468347355819579e-04 3.278835527033640380e-04 3.337594892925458117e-04 3.401420321052751818e-04 3.359398230436081985e-04 3.339969572480002455e-04 3.460065531166348985e-04 3.479702516500072194e-04 3.297315924756704037e-04 3.174798052524406967e-04 3.145659539218530155e-04 3.079398601183421305e-04 3.021871229199041666e-04 3.175678151258794365e-04 3.483889664244750996e-04 3.564768717383388430e-04 3.346404207652856587e-04 3.211226806756556709e-04 3.293818646385580267e-04 3.357137390017412193e-04 3.331708504254973671e-04 3.308044578187578654e-04 3.437772050588488331e-04 3.614526893591299005e-04 3.431737979166190645e-04 3.104344073509364595e-04 3.115569433658980361e-04 3.281465803402746143e-04 3.321401175902027403e-04 3.288707040041815980e-04 3.210855981335909216e-04 3.177917139319002453e-04 3.250186530011180196e-04 3.339787323182403568e-04 3.379400916615155157e-04 3.379856596942482951e-04 3.429273971795660696e-04 3.540878115267518311e-04 3.527523412758990472e-04 3.327310072501417403e-04 3.211790528356318615e-04 3.224311659456926020e-04 3.235258120032736108e-04 3.221818864319801702e-04 3.336728686611703651e-04 3.434094719704675145e-04 3.367511521592869489e-04 3.252926593562863958e-04 3.213008705086529038e-04 3.192549013584376934e-04 3.214425821889034399e-04 3.255620201675360416e-04 3.163888488892355102e-04 3.125455142357240002e-04 3.195708209341364026e-04 3.265357791926721122e-04 3.302992604997032869e-04 3.345655959476921746e-04 3.389096005006083626e-04 3.421777856633135282e-04 3.535828546946536105e-04 3.530023757042929726e-04 3.331859411688617607e-04 3.166380577035050599e-04 3.165301921645649478e-04 3.264688055323819601e-04 3.233858811813394114e-04 3.331671615190936629e-04 3.507201871174612856e-04 3.512454111435157466e-04 3.367985036347448261e-04 3.357178512101404301e-04 3.463228155730493441e-04 3.553265014698979343e-04 3.506242584049783055e-04 3.413517391027178220e-04 3.193917489754608940e-04 2.461038892598394964e-04 1.610862875813932785e-04
2.317686560569706114e-04 2.812329903328466738e-04 3.203462099616428515e-04 3.280880627986182277e-04 3.196900746160048594e-04 3.255906073093223023e-04 3.442542586588355621e-04 3.506803785638190423e-04 3.395962358921515213e-04 3.330645157986197391e-04 3.394732744491555342e-04 3.428515352521562106e-04 3.444556496653029126e-04 3.543360552869026232e-04 3.654989225922963044e-04 3.618250569846403943e-04 3.387369246710985509e-04 3.073012896746563907e-04 2.929419677996275605e-04 3.083379245533836668e-04 3.356930307439258236e-04 3.458921966384859181e-04 3.402777860378953037e-04 3.477997915204380413e-04 3.398779226868342031e-04 3.143682218385931591e-04 3.107975539523951574e-04 3.360120237814208507e-04 3.428167076355858895e-04 3.192731353177686183e-04 3.022117916640222439e-04 3.075901388273314134e-04 3.169988007814622207e-04 3.216001365803148855e-04 3.370775247965150808e-04 3.602148125620484396e-04 3.583873741117677651e-04 3.382041158695415443e-04 3.234172238056291912e-04 3.228709966395876480e-04 3.237663304276862061e-04 3.189364253438303851e-04 3.204580975579637424e-04 3.343368778331646846e-04 3.504395734645882315e-04 3.390560867847190740e-04 3.098634674534187037e-04 3.003225747861516196e-04 3.122734861595451400e-04 3.284560497846125498e-04 3.386505675320449242e-04 3.324269920946341245e-04 3.251737121779637359e-04 3.248923792346331907e-04 3.284058411332704949e-04 3.313888662493284050e-04 3.320541104252151170e-04 3.327359491697050374e-04 3.379550455947731005e-04 3.395115833720030712e-04 3.324384288197268023e-04 3.251269025880571548e-04 3.212194029487272029e-04 3.282215343263588346e-04 3.294768028394012838e-04 3.377574663696709077e-04 3.485885515574919978e-04 3.362190472921456914e-04 3.245412489774086992e-04 3.271902383735112948e-04 3.259811918055766653e-04 3.241595829806470717e-04 3.245008479504806918e-04 3.191240197013985556e-04 3.179752319025960479e-04 3.201336402668462206e-04 3.225882431756935662e-04 3.175507270583499339e-04 3.169183273915594096e-04 3.234855830119499529e-04 3.243724730325439794e-04 3.226181173634995003e-04 3.221264016660993056e-04 3.334341911849816572e-04 3.394393233139392880e-04 3.339700738369534810e-04 3.375897012114969717e-04 3.306620508568760154e-04 3.281233910766254451e-04 3.405808732162102725e-04 3.515012878898221647e-04 3.451410329491493576e-04 3.334566170076022238e-04 3.317836302764915792e-04 3.361972994605627314e-04 3.335940851653100168e-04 3.252389537295520853e-04 3.019771781068763465e-04 2.366872143926270432e-04 1.589720338330334430e-04
2.104857511897766163e-04 2.625707395782833284e-04 3.109755335995025927e-04 3.232777320391618339e-04 3.099139001138105664e-04 3.063327094395702213e-04 3.199972978569982137e-04 3.280627441210762847e-04 3.232400273570527958e-04 3.254217949272575371e-04 3.415428925375985341e-04 3.468192683816701330e-04 3.401205553891570440e-04 3.392995740717681414e-04 3.477290145462463866e-04 3.545760754189461006e-04 3.395625794822642696e-04 3.079779637435971565e-04 2.979899862651991986e-04 3.254950534569515659e-04 3.575561615803579023e-04 3.561503583790628187e-04 3.381754346389253488e-04 3.350391222089213971e-04 3.214439226133798243e-04 2.986274874351997730e-04 3.007595837440983047e-04 3.261571068218137521e-04 3.308210882191535223e-04 3.091218412762235810e-04 2.989382636170216613e-04 3.156936364300844426e-04 3.415079985891238340e-04 3.614438054786395455e-04 3.669447124909754141e-04 3.558266908176648501e-04 3.320479306192572477e-04 3.243023377892138631e-04 3.270514139379392332e-04 3.268283510783449256e-04 3.172508390875319190e-04 3.075701369680073141e-04 3.112571752914139304e-04 3.181643397841096062e-04 3.305107930292545742e-04 3.389423785619047596e-04 3.256706193343371965e-04 3.103092821795458292e-04 3.138762315818161572e-04 3.370606081413048669e-04 3.569209776198440103e-04 3.566212924970547341e-04 3.512042921612350179e-04 3.417211090392824487e-04 3.360575680026112112e-04 3.313731140094857038e-04 3.189667852853302608e-04 3.089781822088702879e-04 3.127091626201812004e-04 3.237080641888511997e-04 3.317232516591493252e-04 3.358583564393359143e-04 3.266239620035706688e-04 3.230391985920931909e-04 3.246888584002664011e-04 3.348107928387393777e-04 3.406591394101916620e-04 3.224235160632208698e-04 3.160144701483130628e-04 3.268039806163608669e-04 3.231686064533178279e-04 3.157796997107991483e-04 3.165394413729924212e-04 3.232451910349031193e-04 3.319305196510366398e-04 3.305863905438420668e-04 3.303640823356533609e-04 3.188915889462192333e-04 3.124410971682697402e-04 3.235254437865358571e-04 3.260170254155042883e-04 3.103614071263717782e-04 3.034536823285348970e-04 3.263206956739483043e-04 3.449137441038876333e-04 3.395879020027260100e-04 3.343819513720498477e-04 3.256187843953461600e-04 3.241241420711089621e-04 3.327191656437984658e-04 3.431984666072700370e-04 3.430905549258019211e-04 3.239780472000969606e-04 3.086711783585827313e-04 3.102410483892041560e-04 3.223532111604843296e-04 3.293330169512366512e-04 3.113086437540980378e-04 2.481726214926006100e-04 1.681529475097714066e-04
1.984451785936858486e-04 2.612810335812610707e-04 3.238385454945658711e-04 3.425405833774642392e-04 3.278702652108521571e-04 3.166725817237751547e-04 3.201301188390218069e-04 3.241619452215550000e-04 3.221889675113790092e-04 3.189465698788168440e-04 3.289352227779814811e-04 3.345290964549029519e-04 3.214865701203325674e-04 3.117330924361695231e-04 3.227040243037179387e-04 3.433620269425841738e-04 3.457422368075943782e-04 3.241167957187833428e-04 3.141725881405904152e-04 3.346522660082720574e-04 3.592540311339986314e-04 3.528966686430480516e-04 3.295514809029109478e-04 3.165632084373674209e-04 3.067336121471275897e-04 3.048115030383289747e-04 3.206547124677923064e-04 3.363177280278444297e-04 3.328340224086878121e-04 3.107423379240498813e-04 2.982302638332453128e-04 3.114608495477060035e-04 3.405399909006244117e-04 3.708946284350982071e-04 3.726574782262613052e-04 3.432552932580389387e-04 3.118673852697981209e-04 3.149577992763188906e-04 3.384180085135921187e-04 3.453671851246778641e-04 3.303885268020764982e-04 3.202808522735914798e-04 3.266783269181126491e-04 3.228542663223983480e-04 3.196325336200627745e-04 3.320573716155673883e-04 3.332379253137204020e-04 3.298375998514667092e-04 3.353225236036594392e-04 3.513495045140478754e-04 3.612800057811847861e-04 3.580652801412493582e-04 3.594490178456183956e-04 3.570876718055477879e-04 3.529753101018149415e-04 3.450006284365793969e-04 3.195037303262966786e-04 3.002159992458932215e-04 3.053122589925533897e-04 3.188406283207375919e-04 3.277066497892371566e-04 3.390026713151662483e-04 3.384597605855619185e-04 3.309536703667213223e-04 3.249958245376768657e-04 3.272489545149815217e-04 3.275896724918379160e-04 3.136057672922276424e-04 3.135358429925965036e-04 3.299339339884033552e-04 3.315316249617041131e-04 3.209769853527803243e-04 3.193311602130145766e-04 3.308536872320656189e-04 3.458237317723675134e-04 3.518194291006740068e-04 3.544714618429747541e-04 3.394524025268086669e-04 3.226180372586225044e-04 3.286043483158204411e-04 3.358399606869662789e-04 3.190849972906753583e-04 3.061579969714072749e-04 3.179892523784733386e-04 3.300555522441519889e-04 3.257435478077544281e-04 3.200086412012626480e-04 3.156103642866675855e-04 3.276740030708277926e-04 3.386921796293481009e-04 3.405291509938553366e-04 3.401578266181509388e-04 3.254983924377726195e-04 3.110596525717304085e-04 3.101916700010105355e-04 3.244826540805115559e-04 3.411106461502714095e-04 3.294837512722353836e-04 2.644111343650318909e-04 1.832330925545270161e-04
2.006996348093685752e-04 2.684584333552935548e-04 3.346956471498413986e-04 3.578718172248988123e-04 3.492447657215486329e-04 3.384721893171666334e-04 3.369798488034507575e-04 3.422363870529250237e-04 3.428563833776787769e-04 3.293259424851583805e-04 3.259200220361349034e-04 3.291509241793588595e-04 3.165785593253860053e-04 3.030726586962606637e-04 3.095591170219128799e-04 3.323397942993112919e-04 3.473751946751941241e-04 3.390893286324430820e-04 3.319176148589176732e-04 3.399203214903245536e-04 3.579183148236487425e-04 3.557580594921064092e-04 3.318149608009347351e-04 3.157622541788641848e-04 3.105608390367248987e-04 3.161233999261797061e-04 3.370771185500063714e-04 3.476756256734751956e-04 3.454264675454499700e-04 3.316953359233581556e-04 3.169482494203199031e-04 3.149056309924343905e-04 3.244591206320122240e-04 3.438902053816858496e-04 3.473127152251044136e-04 3.284700365382725476e-04 3.125811441554502529e-04 3.279245497505931385e-04 3.635709562568871685e-04 3.707686517616762571e-04 3.512733856212325195e-04 3.426888898443786928e-04 3.515029826232718771e-04 3.419521584944858954e-04 3.207966216709668035e-04 3.181227717756571639e-04 3.284488228072629263e-04 3.424083200281503479e-04 3.480555988413781788e-04 3.509535370245258539e-04 3.438544498093412411e-04 3.294643273608497064e-04 3.305361808858661081e-04 3.408307199483582282e-04 3.517752993502895370e-04 3.532246656342540058e-04 3.304616791428553356e-04 3.156158629088917406e-04 3.238090410596070382e-04 3.307049029579575065e-04 3.342787190038872718e-04 3.462913524479730235e-04 3.569161168968644038e-04 3.537389268002526254e-04 3.363682412503777230e-04 3.214665884685833394e-04 3.171041481947536335e-04 3.200372952368689817e-04 3.286029513314352819e-04 3.384019755846932181e-04 3.391069259617386427e-04 3.240209182457608997e-04 3.211879701865376748e-04 3.304391172116407554e-04 3.395191545983485947e-04 3.541605432867645994e-04 3.641184929673686125e-04 3.499993979677234806e-04 3.281236126615661624e-04 3.264846510211088615e-04 3.358288402008467602e-04 3.305541047451854460e-04 3.245616302658632744e-04 3.266517768894307847e-04 3.255006586181815285e-04 3.177890652408808022e-04 3.145216419979206517e-04 3.167250008281870342e-04 3.354582681786483006e-04 3.481162484354281394e-04 3.431256222325154638e-04 3.398802894835483302e-04 3.388057610666880435e-04 3.349564205548865659e-04 3.315560505726419891e-04 3.345562320558814143e-04 3.425086665580856309e-04 3.303366530782351302e-04 2.672964350179433089e-04 1.911537741723657311e-04
2.052727358890332450e-04 2.705714482051099030e-04 3.261476939675597340e-04 3.468883145846080409e-04 3.468582451401263159e-04 3.438854633597755077e-04 3.419604396499079362e-04 3.458513953939447373e-04 3.483323334259734883e-04 3.343209047920697556e-04 3.243761810955118224e-04 3.287245074981241105e-04 3.282274521282604494e-04 3.252553797907750980e-04 3.278454578588995598e-04 3.397313245324778399e-04 3.489355810188924821e-04 3.385723403107069522e-04 3.321138598467407747e-04 3.381567426583291947e-04 3.587238667648958877e-04 3.630115630715222944e-04 3.333098745580781409e-04 3.144187068821483128e-04 3.168259238194230491e-04 3.272601989291489856e-04 3.439569467253950985e-04 3.418840813554735003e-04 3.408268493613220715e-04 3.451078310842135345e-04 3.403093911370913679e-04 3.271033546372412604e-04 3.129227894165397699e-04 3.102092464474496712e-04 3.121222470771702648e-04 3.149616365969980930e-04 3.273713559155961694e-04 3.511134553521440228e-04 3.691133236947967845e-04 3.522552051200919130e-04 3.303353117717974124e-04 3.397484924240316319e-04 3.566155722722838279e-04 3.471134894990388726e-04 3.299451296389716492e-04 3.178770611106752691e-04 3.245520957209411888e-04 3.390723939004262151e-04 3.360651647665304181e-04 3.294908447604617146e-04 3.172765952892938951e-04 3.061593127505259646e-04 3.080989448547838535e-04 3.202880532928838934e-04 3.425459596869853511e-04 3.521067922373988723e-04 3.364183918291778854e-04 3.269059833246066920e-04 3.308545010385363985e-04 3.355453095740731093e-04 3.433026579899555722e-04 3.508766422256958208e-04 3.582809861983874853e-04 3.571090721593467342e-04 3.421912842500769714e-04 3.228233083035821765e-04 3.171634422913383999e-04 3.359933595711770121e-04 3.553057946740602671e-04 3.517801656611627896e-04 3.322876962626638555e-04 3.091304912943239249e-04 3.073178996362916629e-04 3.128119324013281001e-04 3.126557901205914659e-04 3.228998911076581759e-04 3.381063360053347937e-04 3.387049971006885298e-04 3.303707122538023476e-04 3.261355767293543984e-04 3.332436007857771327e-04 3.384035106417199136e-04 3.384014824782926711e-04 3.434581587191203565e-04 3.475494982414153045e-04 3.384024017578620759e-04 3.276328205127246145e-04 3.244619522260223259e-04 3.366780219214564351e-04 3.490602675019223011e-04 3.436317720850735587e-04 3.409823205010261999e-04 3.488458728511419213e-04 3.464150000172471454e-04 3.398209928899583029e-04 3.430900908059592112e-04 3.498475051680703250e-04 3.321840949847547244e-04 2.644710976166043709e-04 1.890136934499031052e-04
2.034710490253142890e-04 2.609964486249574884e-04 3.041097632421413074e-04 3.217753479278465285e-04 3.263113032410740969e-04 3.313505575027245447e-04 3.374443728117304921e-04 3.377648722428054900e-04 3.380215153737311943e-04 3.317601648726721097e-04 3.156894648464408188e-04 3.097600446128266323e-04 3.237250211234708871e-04 3.494654168604142182e-04 3.593468895165928415e-04 3.552064106728818234e-04 3.454191226635959901e-04 3.202401639162691317e-04 3.114907508213118491e-04 3.272528303747265430e-04 3.524591508793311180e-04 3.571650846770821862e-04 3.303492650002606314e-04 3.178180957105811557e-04 3.239573139817395224e-04 3.360284511767439031e-04 3.466022848887130971e-04 3.345363921511599844e-04 3.288287989176454486e-04 3.364771745351235067e-04 3.388868144923093666e-04 3.275039451344025293e-04 3.129636738917214293e-04 3.023002189385697231e-04 3.028325236847899263e-04 3.241194147676099515e-04 3.545026099076045386e-04 3.694309665871894303e-04 3.542603394610081445e-04 3.147417642515998315e-04 2.980441693757426196e-04 3.253715653993346905e-04 3.512567482664590880e-04 3.479965558627365839e-04 3.469082912414662664e-04 3.392760847070663485e-04 3.334073625579906568e-04 3.345023280584903972e-04 3.277740752806421491e-04 3.171001736915324666e-04 3.043064669879475079e-04 3.081877608616798896e-04 3.195725135340320394e-04 3.265862570570630475e-04 3.436820944216245925e-04 3.496738708284903704e-04 3.396268396793649291e-04 3.288047003380594954e-04 3.175139537615444133e-04 3.218435883303353380e-04 3.345173900695670288e-04 3.415434366101058501e-04 3.418427243143054442e-04 3.340922780484866048e-04 3.292148933511940007e-04 3.229215374075779590e-04 3.203542548020799508e-04 3.406335375879130040e-04 3.640290841980358934e-04 3.577039027759827813e-04 3.289315736324322707e-04 3.070072061256748884e-04 3.020510361103114763e-04 3.045006440530217723e-04 3.031952033897766189e-04 3.026455384307685445e-04 3.162672785362607465e-04 3.312554615558988870e-04 3.345844268341486129e-04 3.265257960544775263e-04 3.292768402649497248e-04 3.359119882386736632e-04 3.349922434291251585e-04 3.462738372058163068e-04 3.632870494703705692e-04 3.596666949637942708e-04 3.447423052611791683e-04 3.290460281169700087e-04 3.251272520181548590e-04 3.339300777827403956e-04 3.322275720108129994e-04 3.343473426920122210e-04 3.427180562856637323e-04 3.342647319835739296e-04 3.227007050727379164e-04 3.330026163584906074e-04 3.473270604995637228e-04 3.278660502573061374e-04 2.563695277170526714e-04 1.796429945895189643e-04
2.092982171073869331e-04 2.549694445506555827e-04 2.879476937445990255e-04 3.083467576135671831e-04 3.235020061112682099e-04 3.312941145156277642e-04 3.356196294211721376e-04 3.354392073598640731e-04 3.395476059214487508e-04 3.418137535937961456e-04 3.206156064260156919e-04 2.982671904134447322e-04 3.140957030404801283e-04 3.557997631498961005e-04 3.732753830286294908e-04 3.617757539317157755e-04 3.372996466504523121e-04 3.081949513486985197e-04 3.024712753022893320e-04 3.206696678727323675e-04 3.338090318731093647e-04 3.285857208740205235e-04 3.175378746910844339e-04 3.232566371227678023e-04 3.305591840951723382e-04 3.358213999889124706e-04 3.414222249516497268e-04 3.392494557105248348e-04 3.369890162287872979e-04 3.300730931047571488e-04 3.214083551507065017e-04 3.169057435585699968e-04 3.202540681759405471e-04 3.155430703077583107e-04 3.176930360106068997e-04 3.427522772611186195e-04 3.648741775311898391e-04 3.612753352887719928e-04 3.370443427149450669e-04 3.082791949507047297e-04 3.042267002557653716e-04 3.263228398220600771e-04 3.401934042616825337e-04 3.399648762370876620e-04 3.464495753747943345e-04 3.418620829805372238e-04 3.296089374961108588e-04 3.282668661449018041e-04 3.304130253567343946e-04 3.210824147473226808e-04 3.080233027274565348e-04 3.162661372389917610e-04 3.305877537156451515e-04 3.350860322636768748e-04 3.451613616297592030e-04 3.486705663652627744e-04 3.453077959689108923e-04 3.342523395920238239e-04 3.129497458029219985e-04 3.161199617824726879e-04 3.269046031368777212e-04 3.347984001637386545e-04 3.304291566835958162e-04 3.140889749379131889e-04 3.203547502914898693e-04 3.325230103534133723e-04 3.274477707934149591e-04 3.290747091626078152e-04 3.391600442767838709e-04 3.350333537917237706e-04 3.201964119955045206e-04 3.167726499504870891e-04 3.183474064966398086e-04 3.217385140539575110e-04 3.183942397980750612e-04 3.101844781519792977e-04 3.184085299978358253e-04 3.330309667315816151e-04 3.330374005330471619e-04 3.211624061101613407e-04 3.173387717725862853e-04 3.191022823413613724e-04 3.183044255446168449e-04 3.227560996897856126e-04 3.362348219813430508e-04 3.438272776654937874e-04 3.373907261387500069e-04 3.250181284711572667e-04 3.158694355709385643e-04 3.160193984094709528e-04 3.155774050117209290e-04 3.244842754717131407e-04 3.321567561333546147e-04 3.161832199818103740e-04 2.951874778189450326e-04 3.057671795167505604e-04 3.262012952457863995e-04 3.083191341337866926e-04 2.400672044530761907e-04 1.665806284101130298e-04
2.247910275147544821e-04 2.650548289004879890e-04 2.935022321341115847e-04 3.107621119987739877e-04 3.297305526602922884e-04 3.350042735908883001e-04 3.337487738547395425e-04 3.374899099904143007e-04 3.446699568839181604e-04 3.479678450882227867e-04 3.295233248046251133e-04 3.030906425585734609e-04 3.053735414613105263e-04 3.388585611886228482e-04 3.648515887168948075e-04 3.608937942814686019e-04 3.354086090532433159e-04 3.148982615742611452e-04 3.176346845449401707e-04 3.320165411206532505e-04 3.352116145724861359e-04 3.268480283974893011e-04 3.181122373700336287e-04 3.224155815871105517e-04 3.248949855928039273e-04 3.215690484531130602e-04 3.278893474380755336e-04 3.385214144390905153e-04 3.404204922794383200e-04 3.235846232560910755e-04 3.067467659731567490e-04 3.084551107381367191e-04 3.196850389637598982e-04 3.199541306043655995e-04 3.314610670928833493e-04 3.512164087962115150e-04 3.493685322656892803e-04 3.304389419204689865e-04 3.191116508433024983e-04 3.182920460785307695e-04 3.293741394922792805e-04 3.452873188246905010e-04 3.452631987064918033e-04 3.389048070935560568e-04 3.334034950284069576e-04 3.197096654712983446e-04 3.140332234602983543e-04 3.295348784204983747e-04 3.408668106433276369e-04 3.322464340005132789e-04 3.243699941169477484e-04 3.264657512035760815e-04 3.286930477399600619e-04 3.287292604738532506e-04 3.370763528443048362e-04 3.479280589180170106e-04 3.483820966670744639e-04 3.347679534529569151e-04 3.109983920864838242e-04 3.145199261233544126e-04 3.230307259857645354e-04 3.244152992259468531e-04 3.130871893695875898e-04 2.982403146099065578e-04 3.205210249886524670e-04 3.498388087001551750e-04 3.456180969958642588e-04 3.295741676326458414e-04 3.178482502262628567e-04 3.052703609690638939e-04 3.031923440414637004e-04 3.203862294848562262e-04 3.411162670473635297e-04 3.501371218592549310e-04 3.405465606365909188e-04 3.279937656726397135e-04 3.280918061786508816e-04 3.279682306542007508e-04 3.154241467194921541e-04 3.060672579390943818e-04 3.043776971185379069e-04 3.052509267992353044e-04 3.056851887359501386e-04 3.001121474243252998e-04 3.085790305216176916e-04 3.254796003463128018e-04 3.262655277790689912e-04 3.263133605342481312e-04 3.270770338058008771e-04 3.211876434419656833e-04 3.177510606610236361e-04 3.341606443914259738e-04 3.459828800438681778e-04 3.228147776696450866e-04 2.881161852465295324e-04 2.892037488059141684e-04 3.112162230564752101e-04 2.965235586047896285e-04 2.304656848546995994e-04 1.564163364150536527e-04
2.388172264635614458e-04 2.797478795445744373e-04 3.078949129632625693e-04 3.147499719193844019e-04 3.248322906763159669e-04 3.311379974827864843e-04 3.382227466968977829e-04 3.472555704754668143e-04 3.429755425015415483e-04 3.413665205374501774e-04 3.381159521248843034e-04 3.207856725418198416e-04 3.027622950216173644e-04 3.170333333049449353e-04 3.498985727786604015e-04 3.565519963849725577e-04 3.351871153619345517e-04 3.172862107019468951e-04 3.216113250160645932e-04 3.366035164699731144e-04 3.521953833814007616e-04 3.596312160567237404e-04 3.462679273292943371e-04 3.375104044346139581e-04 3.277375057749373766e-04 3.087597107745403829e-04 3.133198276944389746e-04 3.263214915024452651e-04 3.252304225624907778e-04 3.128260204998589613e-04 3.078411849280927458e-04 3.208089937423842884e-04 3.336485414342457191e-04 3.311635117348645397e-04 3.374451456971861059e-04 3.463845859368821665e-04 3.349729900903548668e-04 3.140723784974312977e-04 3.100794413166473940e-04 3.213095310004717656e-04 3.344699334025654164e-04 3.486023046540892220e-04 3.522682218697697175e-04 3.440020044580532747e-04 3.216187928672726735e-04 2.981957797256146007e-04 3.028632098020546393e-04 3.340395939221256234e-04 3.470265697805066381e-04 3.404808585968699180e-04 3.403024254054869959e-04 3.368361658026001364e-04 3.245555820817993989e-04 3.179931135470952046e-04 3.334067526956751692e-04 3.591398430648458720e-04 3.554296490284330904e-04 3.321767284690166615e-04 3.084674470076767365e-04 3.095662175004327546e-04 3.172352835565139025e-04 3.150016464270216946e-04 3.025860554929499496e-04 2.979167497014200425e-04 3.259820092388572891e-04 3.562377540810875826e-04 3.545503093956507267e-04 3.328852806628169840e-04 3.119298443759358852e-04 2.926715819780463111e-04 2.951320148829127523e-04 3.247943521832256106e-04 3.546821133920985978e-04 3.572107062286609502e-04 3.457263064180691710e-04 3.415121494723777048e-04 3.338676920950146062e-04 3.182050799038666790e-04 3.056764178691271641e-04 3.104499126275061952e-04 3.159436783919133442e-04 3.137138601693529238e-04 3.118101103104519464e-04 3.063827467076025513e-04 3.169924234596782826e-04 3.336894895736657561e-04 3.335378549634156718e-04 3.368249906782277113e-04 3.425985056170911662e-04 3.344733030927515881e-04 3.272509005387785972e-04 3.456505555468252573e-04 3.608791932049540277e-04 3.375900102168206875e-04 3.018252887011286818e-04 2.992146962771627286e-04 3.216648704210002389e-04 3.127264080500360760e-04 2.435819230180925790e-04 1.625900851421558583e-04
2.406150478645934594e-04 2.919803245719246277e-04 3.274123745064817770e-04 3.286099411511516927e-04 3.296939205646080384e-04 3.316441732563431624e-04 3.347272446179605401e-04 3.362124108879679767e-04 3.226631862758490179e-04 3.248145973272142592e-04 3.405254357563245750e-04 3.350479587434714327e-04 3.065373265475533843e-04 3.037114417914688795e-04 3.315375316646431043e-04 3.453526370216892464e-04 3.358681150919590381e-04 3.165030895502095754e-04 3.070385734267244357e-04 3.160939308970538153e-04 3.382970941464208468e-04 3.553312545919921992e-04 3.521932310488192852e-04 3.540259982135544035e-04 3.477645953472348621e-04 3.199363349913282367e-04 3.120540482790903382e-04 3.194267443029580669e-04 3.192812122483325516e-04 3.188671091463463883e-04 3.319805355081098096e-04 3.556800614298843283e-04 3.711633207339157009e-04 3.579393399560594404e-04 3.391535246194865485e-04 3.369414781487770809e-04 3.335057065850477410e-04 3.254220230115391420e-04 3.219831809490284087e-04 3.215276916595997654e-04 3.222633963676113547e-04 3.358944648459718206e-04 3.519667923400096273e-04 3.487308183430905609e-04 3.252278761127396292e-04 3.068536294678139167e-04 3.128488284582615301e-04 3.346100525124489754e-04 3.398066768541069477e-04 3.351491523336211126e-04 3.376088914003438218e-04 3.353619730832580175e-04 3.197211460545387133e-04 3.119431289360958138e-04 3.367192148249578167e-04 3.708152424852262678e-04 3.666271658050271093e-04 3.465422818872628029e-04 3.278755787145178633e-04 3.198925869321950178e-04 3.225902007473112842e-04 3.229708350164504135e-04 3.129377651509161534e-04 3.156245667572648433e-04 3.413533845114184425e-04 3.559583082756442927e-04 3.429326864949040570e-04 3.204296224887547744e-04 3.085131509167472036e-04 2.972750839466324711e-04 3.027204479744995927e-04 3.324638031241007705e-04 3.530717013364265914e-04 3.391223943322642939e-04 3.267840463050342907e-04 3.349378884838507230e-04 3.306440096995094799e-04 3.164130758791123274e-04 3.217092249548640821e-04 3.435691441513482507e-04 3.514556062736432429e-04 3.404201962814056492e-04 3.300547809506730341e-04 3.269912449604504704e-04 3.372782074780111090e-04 3.414203940737019953e-04 3.301079576102863714e-04 3.298617139351761466e-04 3.392215733499729779e-04 3.360581736361092616e-04 3.332015841355508937e-04 3.472735784700966329e-04 3.550226560437436119e-04 3.388832888760003785e-04 3.181493724576713597e-04 3.154541494713589069e-04 3.296237130324044130e-04 3.222797323260569689e-04 2.543857150598032371e-04 1.735463268837007258e-04
2.389860354125809404e-04 3.014312630317219537e-04 3.501056053868398027e-04 3.524584831423320150e-04 3.431974246095318348e-04 3.305208614072333581e-04 3.181161251568441050e-04 3.079660546278441984e-04 3.014459226366502514e-04 3.186466740668023869e-04 3.429152981671211532e-04 3.420300143876292207e-04 3.175110343799111660e-04 3.048729403704208323e-04 3.149520961019700396e-04 3.251868330735555469e-04 3.321092136025319578e-04 3.251967876291009729e-04 3.129376055034255050e-04 3.103667538946070230e-04 3.134768256038906239e-04 3.170433509105056568e-04 3.191072025331099724e-04 3.373481213377802737e-04 3.532003876612681238e-04 3.422262764182243009e-04 3.303198020972774110e-04 3.319840793589491114e-04 3.333067730911124047e-04 3.339619994104555669e-04 3.510653474277754195e-04 3.725706869119295374e-04 3.810908079216884792e-04 3.646952149824099704e-04 3.361926008488734996e-04 3.308598802024404731e-04 3.396388044809546883e-04 3.464096355708888835e-04 3.407634924736699204e-04 3.234450222675650747e-04 3.184330978396299715e-04 3.328304410933288510e-04 3.509884394548396999e-04 3.507951796882903344e-04 3.368683128806822333e-04 3.271340478464341466e-04 3.246516890232235874e-04 3.283889523943372643e-04 3.315229388462146397e-04 3.318570115105806467e-04 3.314264684529602415e-04 3.293422249410030448e-04 3.206429124362659175e-04 3.151653538989326831e-04 3.316850510811055115e-04 3.585700166616683600e-04 3.630860888979071423e-04 3.571251279301031092e-04 3.447475763375522926e-04 3.262198104598007129e-04 3.228097934540695565e-04 3.332187258114054779e-04 3.282444193278088009e-04 3.255338131363572128e-04 3.455653157650923936e-04 3.529308353210133115e-04 3.354009719595971379e-04 3.153281693607843219e-04 3.099692121770203108e-04 3.081779345816549318e-04 3.142222533790496901e-04 3.345214488066987867e-04 3.471686807474900832e-04 3.280302447339830132e-04 3.133996822571985573e-04 3.265553047823245613e-04 3.287938823941890967e-04 3.171166664070900376e-04 3.287916697005573152e-04 3.563013784470190053e-04 3.670298268173465212e-04 3.526460038505284823e-04 3.335169567587264539e-04 3.283707887959854809e-04 3.376977113540273077e-04 3.343784838869783135e-04 3.200069730171501000e-04 3.259842860495303909e-04 3.436911727485448794e-04 3.465201379921862635e-04 3.487177860049716282e-04 3.542029066580338822e-04 3.477295291210756394e-04 3.375614018193709648e-04 3.333386196117742411e-04 3.289918857386459972e-04 3.245790263380957368e-04 3.071327019269847435e-04 2.454099895047599572e-04 1.705489015142416429e-04
2.391726174539974973e-04 3.000390717022572416e-04 3.463297747906502410e-04 3.428423443198000973e-04 3.286203128210804080e-04 3.140235411534744335e-04 3.077346412748386694e-04 3.093507380045206791e-04 3.147530910657842266e-04 3.326230662428308719e-04 3.486020125370086430e-04 3.455652256487446328e-04 3.323732903660619347e-04 3.196776074580691797e-04 3.171981140957981114e-04 3.212271204513977635e-04 3.368704744968196215e-04 3.453471432473243473e-04 3.424285692265133458e-04 3.321644679699408201e-04 3.106231410103806696e-04 2.956866601713171094e-04 2.928706463808304042e-04 3.098468682357905695e-04 3.340828683692767444e-04 3.452052508629203475e-04 3.484622800326813005e-04 3.529317877239568769e-04 3.492198761549150090e-04 3.345268124370786873e-04 3.347217681531399012e-04 3.448968893659758563e-04 3.491323364240455675e-04 3.458842121934748381e-04 3.265169244701825375e-04 3.202417779312598006e-04 3.363326997540552147e-04 3.509600023047835214e-04 3.459503536233670589e-04 3.262816966707592645e-04 3.243103785079415324e-04 3.368030733767448867e-04 3.444053809791744166e-04 3.384071626569359762e-04 3.281414827625595844e-04 3.218297933114206083e-04 3.190348240251828817e-04 3.240684932372773575e-04 3.341763415595954334e-04 3.391294163496261877e-04 3.373985401975092670e-04 3.313960235254981420e-04 3.232323287758673822e-04 3.140570931030251998e-04 3.151328234501771632e-04 3.349278621910948325e-04 3.468535499339405566e-04 3.467904604190057962e-04 3.402694150916108547e-04 3.208056141943050775e-04 3.171372035487000809e-04 3.392258620507100772e-04 3.420114781031151786e-04 3.292766651346152283e-04 3.422787609311730029e-04 3.561279767150021445e-04 3.446556248990008441e-04 3.270481063502462941e-04 3.182067401503872912e-04 3.152685702815849803e-04 3.217527042305971959e-04 3.355194785619921693e-04 3.435905753386980788e-04 3.281640819038314115e-04 3.143657264112818643e-04 3.232600780191141913e-04 3.217165048598550335e-04 3.050182309993638421e-04 3.120964090373596895e-04 3.402739549973729429e-04 3.563017275888401454e-04 3.465799198961603471e-04 3.271144512837479866e-04 3.187246812537201501e-04 3.288219394542177352e-04 3.306554367235849329e-04 3.250361331090003943e-04 3.347700368389702101e-04 3.458488083560280562e-04 3.446873166325144667e-04 3.490733835048736200e-04 3.489010335671298554e-04 3.386984976126032653e-04 3.394619549191780139e-04 3.430160253762108680e-04 3.348760502653253869e-04 3.161320251630994702e-04 2.873655212170216750e-04 2.330149672229170224e-04 1.651231320553614218e-04
2.209652177111366580e-04 2.857425745248384731e-04 3.232060524390756870e-04 3.107933432697874499e-04 3.049985796289873949e-04 3.060796328124785332e-04 3.184809500958475908e-04 3.365413752572510428e-04 3.423372156041361736e-04 3.453091593881110234e-04 3.457748771463102022e-04 3.378929072915997159e-04 3.369021314185711015e-04 3.374120173435510620e-04 3.304989702851086940e-04 3.275121016838565026e-04 3.483087430105677581e-04 3.671519082194528460e-04 3.643968900672793325e-04 3.513544546531239708e-04 3.241512362549333216e-04 3.050814736248191753e-04 3.011654587715872824e-04 3.051297731522685107e-04 3.177158014009270545e-04 3.332745765798910851e-04 3.481632390626049648e-04 3.615307153253542781e-04 3.540309541945875710e-04 3.282722767866313790e-04 3.150523288103861098e-04 3.187082055853433576e-04 3.231256422569787814e-04 3.283030775226398416e-04 3.183786663507071632e-04 3.152368643193447081e-04 3.332710941467455766e-04 3.466735481489346959e-04 3.423990560717096255e-04 3.256822293857874811e-04 3.227600600297515212e-04 3.309108597554494659e-04 3.335355287615533520e-04 3.300679646440459261e-04 3.274591222158487660e-04 3.261745517290177629e-04 3.281078090280086022e-04 3.384381998775646823e-04 3.456240890920907975e-04 3.443638747503434318e-04 3.420856162533751545e-04 3.360167292736183442e-04 3.316046488981129687e-04 3.305463042006309693e-04 3.283778770968719422e-04 3.324979086833035813e-04 3.299705967004905186e-04 3.256102871309816916e-04 3.271635976853000134e-04 3.180804537294214837e-04 3.232738152733961087e-04 3.522019150797847447e-04 3.575237146485033511e-04 3.371937789151189906e-04 3.442062981775832146e-04 3.630284089712275918e-04 3.533642382813505971e-04 3.325231757382598151e-04 3.227434819950735292e-04 3.262192861269906869e-04 3.355197228383274941e-04 3.377684412779268603e-04 3.319049126142901811e-04 3.222267548065885440e-04 3.199038212051910504e-04 3.246527716978132166e-04 3.135016812784995359e-04 2.954001488108072343e-04 3.022521598096292129e-04 3.239119854110671668e-04 3.382295802635029410e-04 3.411629962781793099e-04 3.382593255417315806e-04 3.307743401148754330e-04 3.302779790216532662e-04 3.300321736900637564e-04 3.317213741209869477e-04 3.340470253600257879e-04 3.260806305823716602e-04 3.140973229343447908e-04 3.194498090417327205e-04 3.249488898937739380e-04 3.238641351224216488e-04 3.324236879948713448e-04 3.361522168791202295e-04 3.296666726102729229e-04 3.133252130349547344e-04 2.853598370252730977e-04 2.340283933229965170e-04 1.671692028652698825e-04
1.965413525643182899e-04 2.664897771679093077e-04 3.027723656999828632e-04 2.942820552478968461e-04 3.034607928785713633e-04 3.182751161095751045e-04 3.329083340164726073e-04 3.475246073683150271e-04 3.475177558611499155e-04 3.391191314090020916e-04 3.269618730269818318e-04 3.181123318931200353e-04 3.262242907853020457e-04 3.422742762939612847e-04 3.388674881084852912e-04 3.280464112011481333e-04 3.433530680239643001e-04 3.655057137532186562e-04 3.662363328907081985e-04 3.596679857521167443e-04 3.407928137370220189e-04 3.272226270823198327e-04 3.289219246826087257e-04 3.265967981696018792e-04 3.231829607284529386e-04 3.231069567972929581e-04 3.301317640155839806e-04 3.442323124418786642e-04 3.421890945742090458e-04 3.247273703141100205e-04 3.147975552478026124e-04 3.218009651894170671e-04 3.233390185099942258e-04 3.230965448214523686e-04 3.206334233923823157e-04 3.245527164815027949e-04 3.371499486806737523e-04 3.439130328120384040e-04 3.385786818049086157e-04 3.280031131923714341e-04 3.267895071002357901e-04 3.274582240462176486e-04 3.277386037284159997e-04 3.351763432778945718e-04 3.440756353708664898e-04 3.472432931758987146e-04 3.505192671048640882e-04 3.513249726147867503e-04 3.412332589512519112e-04 3.309273428798400378e-04 3.288960434043983107e-04 3.312078111754529551e-04 3.414429293044679743e-04 3.612526555461002082e-04 3.673362210391265719e-04 3.484058426008711652e-04 3.230194348175357286e-04 3.114122917410162253e-04 3.157571016728523265e-04 3.211005074310046030e-04 3.370945033290535342e-04 3.597676650245636154e-04 3.571413592601143348e-04 3.364916795991765904e-04 3.386994403170257104e-04 3.535476516739741778e-04 3.482516646446491017e-04 3.318651575777811541e-04 3.329028805465318402e-04 3.514024739071124536e-04 3.514975060378534247e-04 3.269813250994913867e-04 3.062966592328705048e-04 3.093630170450091749e-04 3.267845564187930331e-04 3.343998434676339346e-04 3.220434034242311344e-04 3.078341139421727482e-04 3.093120838487966760e-04 3.150632121753770692e-04 3.231518617742190798e-04 3.343950389701853950e-04 3.440138895087681845e-04 3.419723272919893663e-04 3.337267865232067623e-04 3.286041039589769792e-04 3.299833713615146205e-04 3.211910415709213693e-04 3.081562641009282693e-04 2.980844962578369081e-04 3.001157042348476245e-04 3.026093315275337403e-04 3.031541766898209010e-04 3.145190381798276553e-04 3.215867213165656208e-04 3.199596965074649616e-04 3.127853857845510547e-04 2.975823509660959322e-04 2.502528179567389778e-04 1.823050453294738004e-04
2.106898202597619839e-04 2.667537751287847787e-04 2.951183221264810095e-04 2.950781985611653901e-04 3.120697753104249611e-04 3.261206033662403811e-04 3.332790687100089470e-04 3.419874976509140524e-04 3.397863403490446448e-04 3.339460535320002343e-04 3.253919349630255819e-04 3.193616879585757886e-04 3.243052886423350694e-04 3.376937993144987250e-04 3.365728516332023700e-04 3.250006347827994434e-04 3.310108385325323272e-04 3.476020574956137084e-04 3.545084417838521916e-04 3.583440935302464512e-04 3.480516039421272575e-04 3.305550813858200215e-04 3.318726411122635751e-04 3.417229691982277286e-04 3.426540558624165426e-04 3.310353037768530961e-04 3.201108924561779385e-04 3.202204209239219320e-04 3.214941552212308021e-04 3.179209403843170933e-04 3.222060964974347830e-04 3.397092836272712964e-04 3.395753683130413618e-04 3.349810754024384538e-04 3.369751488125007793e-04 3.360355311065317367e-04 3.335851999338764330e-04 3.343108642602839881e-04 3.339686674926947685e-04 3.346102612830344301e-04 3.331058006195880853e-04 3.237566295098511155e-04 3.232615098618007088e-04 3.373424947135876648e-04 3.462607423360040092e-04 3.521000151321307847e-04 3.635809596159693814e-04 3.541529053431048939e-04 3.273224860583076514e-04 3.134947146826702396e-04 3.108765849621852677e-04 3.163320751785945843e-04 3.333193365170921850e-04 3.604402270464603661e-04 3.731722213916066101e-04 3.493654387971236635e-04 3.199579408550922398e-04 3.074165447252825934e-04 3.093189966903326380e-04 3.210065003222264480e-04 3.419434362650517422e-04 3.551838280547264760e-04 3.409578340409304175e-04 3.182919836143547937e-04 3.140501389526003653e-04 3.225009988453785654e-04 3.306987120982750241e-04 3.346619920980815704e-04 3.516321177372636205e-04 3.730307962838399702e-04 3.556335607902352683e-04 3.159472921518526934e-04 2.957817983993059298e-04 3.090651187377914865e-04 3.375288843841088311e-04 3.558244858710733283e-04 3.538079963913159541e-04 3.378959762259472512e-04 3.226256242139106446e-04 3.141421987114036162e-04 3.120907758207084595e-04 3.125158280622136048e-04 3.172948026388553106e-04 3.276446108205891862e-04 3.352960823347526324e-04 3.398147594581840810e-04 3.353937782877607554e-04 3.176636779670358483e-04 3.123230940185686309e-04 3.168137842335496182e-04 3.184201701458765315e-04 3.087506491046357066e-04 3.057870392698974109e-04 3.197990886539783155e-04 3.212958705219124550e-04 3.128933912049418277e-04 3.169064344650712782e-04 3.170139475623074765e-04 2.677430071596765258e-04 1.952678085690688495e-04
2.441031389478978556e-04 2.859377895452105663e-04 3.111050799224284813e-04 3.187728160228660767e-04 3.281832031937124646e-04 3.235598051449849275e-04 3.217497170980985382e-04 3.349922949924972202e-04 3.412106591465371508e-04 3.441953409801800116e-04 3.450504345675573523e-04 3.402553720196315455e-04 3.337674700760222203e-04 3.318252232004129066e-04 3.263297472076662231e-04 3.188972188251587916e-04 3.196742998806920448e-04 3.232559519416769011e-04 3.337094224280461692e-04 3.521757767345284570e-04 3.474283946452714263e-04 3.209637844107519119e-04 3.240930464489135245e-04 3.517900106620383007e-04 3.604426964580534896e-04 3.457752667897161214e-04 3.272834256387679823e-04 3.185822834445809371e-04 3.145671471818797197e-04 3.132575554878050048e-04 3.290942994525380061e-04 3.499427671468460527e-04 3.430149745895316824e-04 3.338391417603309586e-04 3.371435621781426143e-04 3.311912727655832262e-04 3.221553185057011645e-04 3.209671113019628907e-04 3.268355632308171665e-04 3.348676518090988596e-04 3.276831942427831535e-04 3.131016032790593403e-04 3.176960704623057650e-04 3.304401103442970548e-04 3.278287196139728003e-04 3.319642237465300605e-04 3.483215985228883837e-04 3.372668509942336511e-04 3.139181904193974254e-04 3.106713809618784653e-04 3.130123404633750940e-04 3.157795010136343070e-04 3.196817232337485423e-04 3.328034641226378966e-04 3.441412932911810116e-04 3.272891172440462620e-04 3.043460340924685837e-04 2.991884622769234287e-04 3.050256992888089342e-04 3.186904297186317174e-04 3.384063269979490892e-04 3.461890313219374501e-04 3.258604936601007269e-04 2.990671597484987460e-04 2.899541838113905154e-04 2.948244535086243798e-04 3.115611121816706038e-04 3.282141229628874430e-04 3.495603445690208927e-04 3.652517412147274298e-04 3.480366493595384979e-04 3.166290003188006164e-04 3.085069437347869904e-04 3.271214217048033345e-04 3.470544298005704201e-04 3.654027049938577483e-04 3.689378545599650630e-04 3.522043189031442392e-04 3.327254323611134068e-04 3.248494429011851209e-04 3.147863750487565416e-04 2.974439296362192328e-04 2.944040094880297827e-04 3.160639346283324090e-04 3.427207177600907545e-04 3.588206523190703794e-04 3.503433106770272661e-04 3.281451889165433347e-04 3.225745600563464108e-04 3.387605083467654142e-04 3.515232529840340734e-04 3.421154795745513354e-04 3.379710510577558493e-04 3.458921292879477941e-04 3.352912908945890010e-04 3.188411128827489303e-04 3.283420687922577194e-04 3.292021705153451265e-04 2.670038494614605145e-04 1.850815908532134682e-04
2.370515064105080416e-04 2.831492347005539227e-04 3.193190102250555401e-04 3.374628060816502293e-04 3.445797097777277170e-04 3.318791583666509410e-04 3.223090938043849480e-04 3.300096495734942004e-04 3.373616632512796334e-04 3.401061516296185962e-04 3.403079278431674027e-04 3.382402100255755585e-04 3.332154237772754109e-04 3.296418027413366568e-04 3.243767021692238331e-04 3.168399058623169815e-04 3.129711013438018358e-04 3.118559718807853648e-04 3.258276039450961866e-04 3.541771194361976473e-04 3.523075117410856506e-04 3.198318251521173371e-04 3.208910350771599414e-04 3.554375234976089827e-04 3.655919929107717941e-04 3.466101311805434414e-04 3.282601305868890987e-04 3.263514757320407902e-04 3.287740142897190325e-04 3.296006330690007475e-04 3.400550207358551133e-04 3.472383965487380042e-04 3.318086996574224441e-04 3.184340420355019044e-04 3.205748746785394066e-04 3.195651834636676052e-04 3.193369987966427031e-04 3.261619063666113720e-04 3.371660880101621095e-04 3.405926605511525886e-04 3.234694364219317447e-04 3.090378193572838059e-04 3.192008110170363043e-04 3.296479859969531079e-04 3.214764049328013300e-04 3.229092143726578846e-04 3.304200104988232710e-04 3.141833161089069510e-04 3.011718939565903195e-04 3.106368331442684581e-04 3.236082053441843875e-04 3.328376757692902963e-04 3.288735626382083017e-04 3.237005754478167923e-04 3.217191745195368841e-04 3.070074479226559262e-04 2.931943143499832032e-04 2.998180354626792696e-04 3.187610381137426100e-04 3.385309114202392743e-04 3.458645037413324817e-04 3.423104659316553123e-04 3.235471062456772248e-04 3.027811971510642052e-04 2.957825964454616728e-04 3.011097505438665111e-04 3.187256896051202494e-04 3.309599440179383377e-04 3.418790475339937335e-04 3.462213019707374414e-04 3.322191058494650693e-04 3.125272806000012945e-04 3.177175978405532338e-04 3.356949911063053581e-04 3.418505197650276639e-04 3.567828092679245239e-04 3.594238296591420511e-04 3.477597692662270012e-04 3.419129944559723107e-04 3.403175384490174978e-04 3.268217210100581157e-04 3.075687553511195771e-04 3.094394955128704845e-04 3.303375571976347033e-04 3.491633132546475811e-04 3.605462495354605458e-04 3.581574051255802249e-04 3.435442778624241394e-04 3.335864700265519958e-04 3.459005314992857232e-04 3.611469726664372085e-04 3.513395940579952786e-04 3.401891334826297533e-04 3.405688837790637894e-04 3.409252625024489832e-04 3.400697231376776405e-04 3.459082528348229792e-04 3.307265217220046192e-04 2.568156699218217113e-04 1.696420401407455585e-04
2.095853719717222837e-04 2.640032314521802972e-04 3.115557548703568502e-04 3.410572545936822611e-04 3.518189647982272565e-04 3.389733253732948306e-04 3.223126307233131500e-04 3.159690277958493725e-04 3.184763118906016612e-04 3.242029207432294870e-04 3.257922668254006286e-04 3.233301764724550126e-04 3.213395830889959450e-04 3.215894609896222892e-04 3.207627264520979018e-04 3.217068559040409462e-04 3.287230342864509605e-04 3.346808874233377909e-04 3.410017912792271018e-04 3.579729958125123322e-04 3.560720307713174894e-04 3.296515860958434941e-04 3.219126643755748900e-04 3.414424263808149475e-04 3.532717518727114428e-04 3.437523754277574698e-04 3.311635225743940090e-04 3.292767978371259922e-04 3.365202033555394221e-04 3.464554808479415040e-04 3.474615581549990798e-04 3.412184287801386853e-04 3.287465046285056348e-04 3.174190999165766311e-04 3.177972367477089818e-04 3.188927798772613845e-04 3.224806742447582130e-04 3.420485450165275301e-04 3.605441331233901554e-04 3.516917599729038938e-04 3.263043941483733616e-04 3.170426068461539666e-04 3.295630393898194791e-04 3.401691028604316271e-04 3.315162257019790403e-04 3.300099537558066768e-04 3.324912893479781118e-04 3.168434808871005686e-04 3.063576796810232091e-04 3.098352298358570019e-04 3.203020545489053883e-04 3.321901203874703945e-04 3.348530136430223408e-04 3.312084832454090656e-04 3.257152176188279273e-04 3.138594669425446258e-04 3.081437544185577698e-04 3.202183681560782035e-04 3.449472606781627199e-04 3.617788168585675946e-04 3.454286907724365930e-04 3.284518594760302800e-04 3.213998130065499849e-04 3.206727798732275560e-04 3.247083863639852884e-04 3.330296734986379760e-04 3.467382360834226403e-04 3.499326403791801947e-04 3.457796291285720981e-04 3.401880364812563326e-04 3.269252067167902152e-04 3.101173949613002094e-04 3.138112717500276400e-04 3.241516940768600125e-04 3.314668113449864085e-04 3.518169205224231733e-04 3.540866530075015717e-04 3.463171824364174385e-04 3.520329890833192145e-04 3.491983427567476803e-04 3.331550142506264130e-04 3.276603151502373041e-04 3.392611351103900965e-04 3.471254587820811130e-04 3.431883819055835138e-04 3.443378789827130108e-04 3.501279915151980066e-04 3.454906906834253298e-04 3.351541175418237643e-04 3.373315648393711980e-04 3.444706318045059434e-04 3.261144684865186914e-04 3.072571445129787483e-04 3.105731356120896148e-04 3.308100775951210420e-04 3.483104206494680617e-04 3.533648678748735296e-04 3.332238794986917612e-04 2.568106267046395752e-04 1.631535568040089071e-04
1.917944461125217748e-04 2.524119127166112942e-04 3.103435865052647444e-04 3.494731746523982224e-04 3.547522044010926849e-04 3.302432363824696175e-04 3.143663569154452834e-04 3.131342842543255499e-04 3.215413523588699497e-04 3.339127624947802711e-04 3.367662929727881812e-04 3.270981351080946386e-04 3.206766923079477222e-04 3.167729292986763093e-04 3.127914675953634514e-04 3.246854401930099852e-04 3.501730677026649360e-04 3.582703324928770863e-04 3.466856663560302556e-04 3.426040981891426769e-04 3.337252588968524095e-04 3.222856291062461097e-04 3.212116567218239061e-04 3.252332255553092065e-04 3.352851173208089373e-04 3.462119551800143169e-04 3.466817069750050646e-04 3.368097792371742239e-04 3.376445183012899160e-04 3.492728794896263352e-04 3.416775447330377860e-04 3.294226388018850374e-04 3.278890356730538571e-04 3.263501847251133433e-04 3.303217012647885996e-04 3.316762482908328135e-04 3.293955220956119282e-04 3.449826908833780932e-04 3.603506655039864499e-04 3.461807118319814029e-04 3.296621158463405388e-04 3.351991741440715593e-04 3.478022129644265043e-04 3.487403463954721460e-04 3.334448613879390736e-04 3.288807949679027403e-04 3.300775176361884881e-04 3.231763475848785741e-04 3.221208067486757971e-04 3.218705320952531461e-04 3.180755494512477579e-04 3.153284908109751689e-04 3.237287742594150601e-04 3.393441578948480706e-04 3.487436304154390267e-04 3.406647514847122027e-04 3.334246583538969769e-04 3.403727218780854924e-04 3.557143517899241528e-04 3.629485460666739566e-04 3.394977547443567669e-04 3.165359708494394197e-04 3.119050988092420549e-04 3.196627761007455899e-04 3.313566639503948705e-04 3.441807956227675670e-04 3.539206386984770003e-04 3.543950713566246268e-04 3.428749395304282396e-04 3.363592364369507432e-04 3.290386163542321140e-04 3.185778286329764264e-04 3.173548452627583845e-04 3.187374267326919153e-04 3.327032155356576294e-04 3.546697005202093878e-04 3.537861382746881173e-04 3.449563828377944473e-04 3.481845125604418698e-04 3.361081884373605519e-04 3.230382266855419664e-04 3.335855974018133059e-04 3.450979170194697922e-04 3.399864713872107532e-04 3.280342588157070900e-04 3.263705315466669055e-04 3.317378509899101299e-04 3.315034959094051480e-04 3.272939250813032661e-04 3.296970614224399945e-04 3.332677557305934943e-04 3.132067793759255687e-04 2.959521424252390710e-04 3.053144636841800255e-04 3.284736724303915579e-04 3.421770084327387064e-04 3.517338830206579109e-04 3.436853569524059879e-04 2.678221052108592016e-04 1.649432573650335505e-04
1.680509310991759966e-04 2.385436596703411618e-04 3.129054520428004764e-04 3.576665836824556403e-04 3.545288556069110635e-04 3.209683260798657260e-04 3.088402967921946118e-04 3.198532471551851410e-04 3.403697836439124901e-04 3.573036644132821546e-04 3.573005652345722662e-04 3.420056061471052084e-04 3.307943908986603148e-04 3.250617608935472492e-04 3.170708991719337132e-04 3.194312427131399627e-04 3.420658822370499204e-04 3.544171315178677685e-04 3.421272151366149699e-04 3.225750577499225951e-04 2.999124006721006928e-04 2.938998241715235892e-04 3.072571301495771127e-04 3.123553203416613465e-04 3.167477845703756080e-04 3.364736457391846736e-04 3.474432408816450482e-04 3.405041416214287138e-04 3.396668896023725308e-04 3.442269555804433265e-04 3.280309886151580416e-04 3.093883476655250172e-04 3.134836766758907021e-04 3.255248503863701496e-04 3.353077055255151463e-04 3.357615769380475879e-04 3.292514279887630508e-04 3.324375626661954172e-04 3.377041894278473002e-04 3.259594621790752990e-04 3.222570832391778673e-04 3.446679038255503168e-04 3.658407885623305399e-04 3.595125818787143568e-04 3.412077655719411833e-04 3.304430256042112228e-04 3.210694083310702352e-04 3.211546764140698652e-04 3.381464611939876742e-04 3.499745645288077816e-04 3.355366992954189284e-04 3.108508291229427137e-04 3.117795995421724026e-04 3.391881750488830822e-04 3.591668511845354629e-04 3.508448886550785640e-04 3.403721504746293116e-04 3.392652913493875936e-04 3.390408982844548289e-04 3.389687024487548009e-04 3.332436377578010993e-04 3.266993788044821501e-04 3.229066570489367172e-04 3.183039755160310506e-04 3.198139077277735443e-04 3.273735063805036614e-04 3.336158072155518848e-04 3.393966972234159930e-04 3.316992506262613589e-04 3.271369453318061140e-04 3.294051054597883169e-04 3.354868840134924736e-04 3.354424842046727540e-04 3.221483579561077002e-04 3.312800215091811951e-04 3.458293978437637639e-04 3.407355546950410893e-04 3.346171095765625028e-04 3.315724107341055569e-04 3.175608813349664215e-04 3.100764952475881147e-04 3.226731469325792682e-04 3.325495517640702147e-04 3.313580038514429491e-04 3.315715710613642260e-04 3.311323169457900208e-04 3.245458665372532789e-04 3.198563236325766652e-04 3.239395585744583644e-04 3.359994537931337323e-04 3.427896429750440033e-04 3.286007640253105384e-04 3.106620927531043115e-04 3.117221077187557442e-04 3.269239995532900321e-04 3.310697955996842485e-04 3.389612268616863200e-04 3.430123187634263144e-04 2.804670932447808846e-04 1.813756908379754798e-04
1.490319668574316718e-04 2.299192677660373487e-04 3.145119835188413043e-04 3.546211095697389751e-04 3.478713572384418756e-04 3.172379122858953173e-04 3.006298946748377525e-04 3.103587024597609313e-04 3.415659624382145739e-04 3.649719372517013383e-04 3.589352999632818659e-04 3.402212622545713926e-04 3.274533338914402771e-04 3.276212696769872836e-04 3.304021952292931661e-04 3.252503585364414397e-04 3.307802097039790360e-04 3.414707017731242263e-04 3.403854562721029056e-04 3.230264334152994389e-04 2.962562060512178132e-04 2.858463245067800903e-04 3.025298617601533658e-04 3.119329332897159170e-04 3.076402784052856168e-04 3.217427199012203661e-04 3.321432229104613783e-04 3.250849261149803921e-04 3.234772178406943423e-04 3.281993742263823515e-04 3.173379599777128831e-04 2.998032488137423578e-04 3.041499647131571012e-04 3.174885594096244108e-04 3.230184003678989390e-04 3.229023937026733468e-04 3.195609562073126403e-04 3.161915606725720180e-04 3.151226946925485316e-04 3.068969764913532421e-04 3.066190307638037762e-04 3.297202355582588059e-04 3.556334462338330352e-04 3.596296087703825016e-04 3.533935116232120809e-04 3.361905517873152666e-04 3.153153541987943577e-04 3.162755354768167809e-04 3.438069440034143866e-04 3.700238661780570456e-04 3.578384858682828610e-04 3.175365347941062335e-04 3.011187728984913688e-04 3.277578748261577224e-04 3.507014793786405451e-04 3.452309231438325621e-04 3.358015309141111149e-04 3.276293517342511712e-04 3.131272812948254986e-04 3.015513591511158028e-04 3.121311548571216975e-04 3.370009990335343987e-04 3.478010860425508098e-04 3.338544566204876968e-04 3.183085912050754034e-04 3.126605270791182303e-04 3.149911628007125066e-04 3.254864561139985063e-04 3.262453169129233849e-04 3.274145747308559442e-04 3.390877324870376192e-04 3.556133031617711437e-04 3.514064025381418333e-04 3.220418867439754640e-04 3.191478917681104589e-04 3.249426125513269837e-04 3.222091975916398319e-04 3.293858743081660859e-04 3.325450344248151663e-04 3.278124668288142913e-04 3.204697951103066805e-04 3.217376717080270903e-04 3.294452682945773515e-04 3.371096287951044594e-04 3.495199551408929850e-04 3.476831107431286412e-04 3.270606595672168179e-04 3.177743980801289161e-04 3.297738146823396034e-04 3.506544780839073632e-04 3.609527004529007555e-04 3.501612696291200129e-04 3.261542916964977343e-04 3.131511580765973957e-04 3.207820845518211984e-04 3.244603206182737317e-04 3.228788605626068189e-04 3.269384404703678951e-04 2.858909338917338177e-04 1.995422534391435947e-04
1.585000166756607746e-04 2.402524651787094794e-04 3.246660772462306097e-04 3.630418409092836486e-04 3.580329602470835523e-04 3.277647356254546223e-04 2.999639336852649957e-04 2.969459348417720921e-04 3.250703573486370124e-04 3.523255227847616735e-04 3.468319060645366856e-04 3.289078337664010001e-04 3.206578247743733265e-04 3.283622253298954874e-04 3.387886572632107856e-04 3.305596080801098289e-04 3.193616609916955082e-04 3.193317032148131583e-04 3.269142057215211790e-04 3.304528995663277998e-04 3.190270975552525522e-04 3.095530857570464927e-04 3.225775873253583764e-04 3.330409699069335184e-04 3.249695218589669404e-04 3.273912563006898830e-04 3.268100179732991422e-04 3.102740886522094114e-04 3.050666759439617150e-04 3.150929930494950635e-04 3.180419427844314965e-04 3.200116795556411250e-04 3.319559458489002219e-04 3.316045980877142200e-04 3.292465775228818918e-04 3.354294694555246285e-04 3.346094437173141199e-04 3.182535832695491452e-04 3.045548593018272427e-04 2.985906357499133789e-04 3.004740686787296514e-04 3.105198947825705061e-04 3.308880385042388536e-04 3.517048554631872596e-04 3.559122350239176487e-04 3.338562455421459655e-04 3.075826596240734448e-04 3.046066088904958750e-04 3.310872083503910678e-04 3.606417031388576633e-04 3.596248323446555586e-04 3.186092989716462391e-04 2.951563792374960931e-04 3.226987655933313045e-04 3.461247574269222431e-04 3.396887603153533105e-04 3.307580766286933064e-04 3.248145578450446097e-04 3.076661512285195125e-04 2.846455131674152823e-04 2.968511638812293277e-04 3.366882918736538530e-04 3.530146783769957637e-04 3.400598841601823832e-04 3.205887482775409639e-04 3.100857132198025362e-04 3.142405316672029119e-04 3.268282925890850493e-04 3.311927357681792488e-04 3.360717403829504386e-04 3.505724364300543175e-04 3.629252750499515094e-04 3.487947261817953416e-04 3.190969533752427878e-04 3.162500642596922018e-04 3.169102599719267441e-04 3.146182035217196752e-04 3.303901952410871995e-04 3.459299658699338661e-04 3.512340644437352520e-04 3.375022559773772565e-04 3.282994383852552841e-04 3.309295948515202979e-04 3.344439993578530047e-04 3.432146845606486702e-04 3.375562400756517735e-04 3.156536509365034243e-04 3.122623268961008457e-04 3.291891971747212342e-04 3.525047920170824639e-04 3.641158817500418296e-04 3.574947853930382871e-04 3.369156232083931712e-04 3.200538585100973156e-04 3.225034844583379466e-04 3.297193312050375360e-04 3.239219138710370226e-04 3.167322483967368978e-04 2.780218257703764894e-04 2.000229641113144684e-04
2.009159175986632547e-04 2.669348742803897049e-04 3.387814886956988384e-04 3.819431383437445942e-04 3.797408112874280182e-04 3.440630749283375440e-04 3.116637572478756792e-04 3.003243242424348015e-04 3.164948359630030943e-04 3.387468407354263852e-04 3.360273561726851224e-04 3.204507798656881508e-04 3.119315580925765934e-04 3.164447391582058148e-04 3.266742419787155988e-04 3.226490367177450489e-04 3.096177850829559888e-04 3.066051266623104647e-04 3.127622787579050628e-04 3.269252051368284678e-04 3.293584417155732166e-04 3.302073130520562878e-04 3.477662811641003609e-04 3.611851232747156633e-04 3.543001679354966104e-04 3.463648062433756026e-04 3.381977958234788271e-04 3.186388138222834830e-04 3.096774633428338915e-04 3.171066226576760121e-04 3.232625863344206277e-04 3.414710004825155412e-04 3.612833672335048936e-04 3.483880815002830160e-04 3.445665594680448972e-04 3.586745974377892514e-04 3.516582914798605116e-04 3.228519733669602508e-04 3.054219933248033267e-04 3.075904016164746155e-04 3.158488585362101983e-04 3.100699112155991255e-04 3.157365928248321392e-04 3.352401974149079840e-04 3.341712998687311606e-04 3.151960856568246329e-04 3.004793500170358433e-04 3.073864890643323135e-04 3.299433205311569231e-04 3.447920050229124397e-04 3.450590135396695390e-04 3.165869132373182269e-04 3.003404016829710251e-04 3.231172052537722474e-04 3.397230075081080674e-04 3.341789676517566534e-04 3.299778142513086466e-04 3.282192070680461232e-04 3.175793711147328197e-04 2.995789387713148591e-04 3.092591720733891625e-04 3.370373007995534432e-04 3.397692717384874169e-04 3.311552623091845965e-04 3.234959334499753884e-04 3.167456930408827157e-04 3.210577527598018383e-04 3.385516241919805784e-04 3.541676863817980908e-04 3.611883571150434542e-04 3.633751374045499603e-04 3.560510481385392939e-04 3.344878562789714051e-04 3.175246458203542441e-04 3.274083037213486964e-04 3.346236526685063013e-04 3.311544963062802065e-04 3.396585568389599852e-04 3.510017673892300511e-04 3.512727499477568023e-04 3.335571116269278125e-04 3.243602747839120326e-04 3.265950407704456670e-04 3.304854941572997603e-04 3.350979678918553344e-04 3.245287423880680467e-04 3.020763307628914407e-04 2.994764956915407826e-04 3.130427247487760508e-04 3.321897615098804227e-04 3.453737914258441866e-04 3.471303561388893399e-04 3.346909272636352422e-04 3.177320524238277976e-04 3.185605338152882639e-04 3.317264223967485073e-04 3.307822244804850412e-04 3.118516257739494565e-04 2.605748067957639478e-04 1.840637700560153077e-04
2.411892253207944636e-04 2.911016399695566135e-04 3.372894727150059762e-04 3.695074960016488629e-04 3.665296269610958196e-04 3.386477288912027373e-04 3.226055005335700006e-04 3.172861424349483956e-04 3.187586821346339748e-04 3.225471175325040339e-04 3.208688916895378320e-04 3.137999098824786285e-04 3.053261924064013281e-04 3.082733574830882374e-04 3.246151228189015281e-04 3.301170633892306023e-04 3.210111414010307024e-04 3.171956003153058624e-04 3.134997082757468240e-04 3.145763097423009318e-04 3.137450906477738319e-04 3.255917554315307730e-04 3.528859023244281141e-04 3.655681507116758126e-04 3.587632073582786669e-04 3.507224637195634339e-04 3.446486162029461153e-04 3.296036859997807794e-04 3.195212956222451273e-04 3.257605507842147030e-04 3.314338387509543340e-04 3.428036559699971023e-04 3.531818344971234674e-04 3.376584155675597596e-04 3.369774449280851748e-04 3.503508527098777832e-04 3.351885266318470617e-04 3.114194770284847550e-04 3.116390622865534130e-04 3.287177183592258000e-04 3.417843729989745137e-04 3.308372278459733749e-04 3.231962910632586597e-04 3.238031911419974695e-04 3.097754406797587783e-04 2.953589090026415638e-04 2.994104956831865078e-04 3.238269871875017604e-04 3.376081558605183771e-04 3.322105868778546284e-04 3.326350630787205400e-04 3.259957989587282086e-04 3.171913613742301068e-04 3.242184845972575363e-04 3.289591425112803162e-04 3.297213927925283714e-04 3.337159994578711730e-04 3.282919033091986861e-04 3.225009060339226706e-04 3.210438251255651730e-04 3.288112739146200779e-04 3.397230598354832477e-04 3.306805951149114232e-04 3.245505528328454211e-04 3.347537064667525280e-04 3.395742573900467610e-04 3.343884990585385512e-04 3.366772920192862093e-04 3.490196328418434363e-04 3.603086963586909185e-04 3.561374471523297801e-04 3.356841111599827960e-04 3.194739411231904691e-04 3.205119459746214928e-04 3.395010350020348814e-04 3.563823652729892957e-04 3.551617769267213049e-04 3.500022086054695690e-04 3.446824492856531870e-04 3.334834437008231314e-04 3.178657907043682665e-04 3.130697826973825133e-04 3.201417617797680331e-04 3.351626412942839664e-04 3.484891902321327300e-04 3.409988993024333742e-04 3.144097755526397190e-04 3.021300508916071811e-04 3.082769490070783394e-04 3.217233515536815610e-04 3.340641473698560291e-04 3.380559841024991180e-04 3.279697267281365481e-04 3.152700595385195498e-04 3.177448888441285202e-04 3.318013815768947050e-04 3.355198938494112059e-04 3.116033267665273884e-04 2.526800231802005161e-04 1.724468572958512609e-04
2.419393602292786054e-04 2.948966320260130178e-04 3.220858572443451202e-04 3.349993705122613838e-04 3.392745678345546905e-04 3.326058938968769066e-04 3.322353975304932847e-04 3.319652606733944746e-04 3.177293045742789852e-04 3.005764958365813103e-04 3.013611592380529094e-04 3.067259474829559050e-04 3.105508418850505374e-04 3.294541518144802786e-04 3.558692138406006943e-04 3.621509020673027929e-04 3.551535162740089287e-04 3.461325224982699910e-04 3.225797737414495218e-04 3.002484007660319353e-04 2.966609142151667542e-04 3.118704215867833945e-04 3.296811615668942663e-04 3.360576745030509176e-04 3.398702774796126752e-04 3.408341260056824877e-04 3.343996651621644785e-04 3.279705490517666362e-04 3.284335516062090511e-04 3.386114497639535663e-04 3.419465979482471589e-04 3.385277184118894189e-04 3.321837822579789884e-04 3.136898705451723782e-04 3.148326126220795545e-04 3.299754009611237165e-04 3.173036397955796960e-04 3.019927592479669650e-04 3.125901362422106155e-04 3.370888254151688680e-04 3.518061366491826098e-04 3.515119350573097279e-04 3.460408233833453247e-04 3.347145215366766459e-04 3.097480919290220014e-04 2.891170451683962349e-04 3.010513685708698841e-04 3.325924601328740125e-04 3.350002161080124644e-04 3.180232200604394491e-04 3.241535688208866447e-04 3.410766900612280470e-04 3.375127690471401961e-04 3.277413662280271168e-04 3.242338271107701167e-04 3.331758534009047470e-04 3.443901099241666397e-04 3.324708902269494148e-04 3.243800194887243088e-04 3.334279059195238227e-04 3.400507498686421680e-04 3.453982701249557309e-04 3.336044116040710709e-04 3.229016359129522912e-04 3.391201217998298712e-04 3.545742626210703682e-04 3.457973900001559860e-04 3.271089290470870366e-04 3.173917568415541473e-04 3.214100566341179148e-04 3.181818927421759826e-04 3.027950881477681276e-04 2.993877220497549729e-04 3.103656648954971676e-04 3.291454535977430596e-04 3.539762414897850784e-04 3.625719789876627550e-04 3.569641025079207507e-04 3.447431436879373106e-04 3.230686738109055404e-04 3.044219145744542871e-04 3.037790751059652361e-04 3.166940387719036163e-04 3.372955487716113119e-04 3.576653511597206172e-04 3.614836817665183027e-04 3.391888472229082356e-04 3.197080528386237038e-04 3.218884432101416478e-04 3.285028028266320441e-04 3.293295764302700025e-04 3.306847012412866436e-04 3.303938734325408176e-04 3.272122083499371401e-04 3.254857902049607425e-04 3.250814914171744363e-04 3.255355322843105472e-04 3.061371747551468224e-04 2.500553907212617723e-04 1.707369728771673356e-04
2.245222205291889884e-04 2.842918803489173467e-04 3.138975528133118847e-04 3.199562606065928759e-04 3.340656227502546106e-04 3.409478717166147723e-04 3.390824116967616330e-04 3.372117150151970281e-04 3.258413117462662795e-04 3.100017621654071911e-04 3.097694549949772365e-04 3.102748683322132392e-04 3.144548604920298796e-04 3.379465070092879534e-04 3.639710616504204343e-04 3.698464414726635027e-04 3.706606930541968010e-04 3.620102655327124205e-04 3.276604398772885824e-04 3.015596452724837381e-04 3.125497264456195525e-04 3.263986798540842037e-04 3.191841424437732739e-04 3.144205081262722206e-04 3.262428625842890692e-04 3.309249351146140161e-04 3.180893988070413424e-04 3.160650319406959957e-04 3.260883779153521010e-04 3.351378889541292206e-04 3.363944889649454154e-04 3.339121864018930637e-04 3.260866060230017548e-04 3.042109175234906861e-04 3.015222615084031796e-04 3.195435097928153159e-04 3.147932905948547721e-04 3.025423837090619652e-04 3.106210434380450645e-04 3.323020067151176969e-04 3.462904252929258964e-04 3.572291240741579891e-04 3.633572278531734196e-04 3.501362251155521995e-04 3.179579777199636982e-04 2.931116247029561732e-04 3.057304740238247923e-04 3.306711845293708882e-04 3.231758802829327371e-04 3.041199973266840674e-04 3.153425061759876575e-04 3.453050488087119159e-04 3.494617225594888249e-04 3.340267336750181622e-04 3.243885737876704787e-04 3.320197618550924340e-04 3.442072440270903299e-04 3.357378375294568806e-04 3.284478188825291087e-04 3.348877854499501643e-04 3.379282542898755411e-04 3.453105011638676067e-04 3.395300256073734775e-04 3.252274419241472144e-04 3.320927936739398608e-04 3.451269652322937935e-04 3.438919795115129470e-04 3.259296000552100317e-04 3.055311619919707806e-04 3.018227413157420665e-04 3.003570024294740593e-04 2.944105512387734267e-04 2.985180665205812022e-04 3.067682663551353365e-04 3.181840161042647332e-04 3.380690311349985287e-04 3.479333675215194881e-04 3.483745283498438381e-04 3.419834711731372040e-04 3.226263669613755767e-04 3.081644521469562546e-04 3.120981827836424079e-04 3.201840113149118398e-04 3.322859160508303319e-04 3.504819060556487289e-04 3.597943990932692604e-04 3.429818383523766841e-04 3.202397800599285924e-04 3.237119170582016935e-04 3.360142871371317647e-04 3.333521886512687358e-04 3.321891913742882024e-04 3.412230871827420732e-04 3.403837114886921100e-04 3.287901513237820924e-04 3.181534022280697546e-04 3.233193790909660555e-04 3.170329365868908029e-04 2.610957160224266593e-04 1.791679815488188819e-04
2.131064653973621030e-04 2.673289639011217338e-04 3.084558227693342310e-04 3.208552318897234506e-04 3.367676126501864108e-04 3.427790264276117053e-04 3.374609672783763581e-04 3.417997969739883755e-04 3.477621080936287154e-04 3.438562799806103333e-04 3.399484137214693201e-04 3.300057428032852663e-04 3.190813079213110923e-04 3.252985261960170582e-04 3.396180983960047500e-04 3.420546599069612171e-04 3.426094319660533257e-04 3.400623885782339049e-04 3.249440962806357785e-04 3.175941992307996457e-04 3.434867499029078345e-04 3.570044810936163463e-04 3.322175643892279467e-04 3.120056493139597691e-04 3.199582557288054973e-04 3.263581013488303781e-04 3.134092800482722314e-04 3.109124633898413580e-04 3.183124403597074230e-04 3.234642905115348911e-04 3.245161628161615484e-04 3.307272738129899206e-04 3.344252344779254224e-04 3.176611277607913194e-04 3.110816054720792648e-04 3.234903898786010371e-04 3.142920260328096755e-04 2.976800817430360962e-04 3.063002534814034746e-04 3.249466686367031903e-04 3.354823322996085765e-04 3.505782279575204172e-04 3.621831582923345063e-04 3.519261808194478120e-04 3.277857593247266105e-04 3.110296414729355266e-04 3.238189840823221637e-04 3.394548726939034628e-04 3.300560807035493789e-04 3.143495079892213344e-04 3.214060139589292736e-04 3.423429484044449673e-04 3.435592417145118043e-04 3.313601204192539399e-04 3.246399032205153547e-04 3.247358671650870656e-04 3.319968788449734502e-04 3.379479213951000916e-04 3.386556870130452376e-04 3.364114640861188199e-04 3.340928912011954409e-04 3.406941407887252430e-04 3.399269065066063767e-04 3.234362434807114750e-04 3.198750291682602104e-04 3.278014585930058697e-04 3.336516106470448326e-04 3.278283293098147749e-04 3.145511167221539056e-04 3.096803481129531800e-04 3.083889179635291265e-04 3.107198683790067138e-04 3.192087091956857629e-04 3.224508763244527320e-04 3.253514376343569041e-04 3.293324467233779587e-04 3.259571081702813088e-04 3.240148106533623272e-04 3.310794370722955305e-04 3.339627384409926377e-04 3.303580225520269748e-04 3.315376588351233596e-04 3.262936955313641262e-04 3.256235364917666299e-04 3.365470125154144607e-04 3.424045012191860929e-04 3.283379529562496617e-04 3.081781570300376168e-04 3.133950643917228062e-04 3.324621557854144107e-04 3.383939136611131674e-04 3.347191459259191669e-04 3.346910352436301963e-04 3.296176613728009114e-04 3.200092375908076018e-04 3.162095111933770921e-04 3.296004534831997105e-04 3.355238588224458912e-04 2.779802457969760259e-04 1.874954444198695912e-04
2.164481727031500108e-04 2.565929751000455071e-04 2.957654233585003001e-04 3.089009430376089675e-04 3.191974921856707056e-04 3.235267863298298954e-04 3.270079109643400216e-04 3.387409931063664831e-04 3.484313588538573946e-04 3.501835084653790722e-04 3.489635079371680606e-04 3.399865212524132152e-04 3.244492536617744026e-04 3.187549078244416830e-04 3.215818870344877827e-04 3.193977112258643541e-04 3.156780840344762182e-04 3.169637883471703344e-04 3.226689478502398870e-04 3.259784026156680066e-04 3.471113146152757711e-04 3.601899791939076152e-04 3.372068585787662935e-04 3.105211171515544796e-04 3.101107120762395500e-04 3.178251261244165616e-04 3.176637760638860984e-04 3.192879775182482795e-04 3.203450767244528916e-04 3.232663259632956396e-04 3.239454780810982178e-04 3.353146940577228833e-04 3.455594698358999519e-04 3.328831322150364088e-04 3.271354615092294778e-04 3.374568610306696989e-04 3.270646231444988491e-04 3.078019861746914042e-04 3.101064184942865223e-04 3.193545817203544959e-04 3.261108701551033062e-04 3.395048459941262279e-04 3.462970196483327332e-04 3.367669062134176277e-04 3.274291895618306001e-04 3.266220046677762476e-04 3.390293849676486566e-04 3.495434343740235232e-04 3.457743032777024035e-04 3.334987305568751920e-04 3.294707241571538398e-04 3.354264862052708652e-04 3.333502882322119136e-04 3.283920621572997025e-04 3.253284967800550804e-04 3.173971475617628005e-04 3.190901385198629614e-04 3.344176676870611780e-04 3.426118400077591956e-04 3.379505769424873303e-04 3.313412150991680485e-04 3.299411665096204272e-04 3.275523416231119036e-04 3.132152430437471716e-04 3.127267456428026431e-04 3.237495997585495937e-04 3.298481184296028117e-04 3.327697363824156686e-04 3.362855665229354664e-04 3.334937499404439735e-04 3.294600967795033091e-04 3.329208967154225689e-04 3.376234516637921989e-04 3.318417384251127057e-04 3.252749318501257795e-04 3.210469864761766401e-04 3.146017090632474808e-04 3.156353949178021100e-04 3.259748729820820018e-04 3.365621423951422209e-04 3.374554196898586723e-04 3.355782115820609042e-04 3.261855718596795052e-04 3.279315313338192293e-04 3.423288713735855708e-04 3.462585871596166130e-04 3.279955837929713009e-04 3.075246638246767516e-04 3.137320150681912126e-04 3.337864756385534783e-04 3.427064746590750876e-04 3.355560808603649911e-04 3.209211074738972398e-04 3.063556177739145065e-04 3.017074025878023046e-04 3.121238544784778624e-04 3.273967867194781719e-04 3.314255024383803896e-04 2.746851076659812636e-04 1.867338673912119051e-04
2.248992673898858705e-04 2.554104355793051237e-04 2.866566968022714150e-04 2.974322491915558798e-04 3.057549047858332107e-04 3.143217090420125505e-04 3.269189530003327720e-04 3.333179102766218953e-04 3.336057510830369127e-04 3.396012561369813384e-04 3.456783806387514544e-04 3.411217832169868196e-04 3.279307024037245253e-04 3.148983134907219674e-04 3.083155488333487546e-04 3.053555902064831800e-04 3.020146753782667931e-04 3.089483058824652687e-04 3.256243389137042279e-04 3.295972528984697936e-04 3.368282740188856066e-04 3.435907807246458027e-04 3.269398203131950245e-04 3.069578402210802206e-04 3.064706546240747670e-04 3.162699043280529161e-04 3.271742611109576798e-04 3.302084572668604104e-04 3.271323013969282462e-04 3.291899061819089384e-04 3.345730677912746656e-04 3.470624944535345723e-04 3.501237007542203116e-04 3.407456684387951914e-04 3.402969923381415863e-04 3.479842085059142698e-04 3.410937446863104958e-04 3.231347464311866489e-04 3.150943165653513275e-04 3.145750397302736392e-04 3.173142173817228837e-04 3.204204995716325140e-04 3.159164243282194416e-04 3.080045480758541922e-04 3.126916470509174357e-04 3.270456685092904968e-04 3.389831548401805571e-04 3.464106137321727339e-04 3.483902967287987214e-04 3.412813255630654666e-04 3.294284719104517874e-04 3.260722405891888212e-04 3.315806720940540691e-04 3.371451716240683218e-04 3.300706207636154403e-04 3.123280052080822924e-04 3.093312319652503223e-04 3.242864823721448506e-04 3.350477292703172498e-04 3.336231857189279892e-04 3.274714988482577008e-04 3.213976571529011733e-04 3.187494967094897354e-04 3.118141320523194846e-04 3.149196015758870711e-04 3.246350789641504154e-04 3.280355651776380469e-04 3.352442831378053606e-04 3.474422852981461085e-04 3.450910668871125546e-04 3.386047209318729552e-04 3.394712781536874096e-04 3.433825312825713625e-04 3.360618627931394168e-04 3.305267527637461254e-04 3.296936107633445111e-04 3.261133206217963106e-04 3.304966203057801586e-04 3.340983962163449560e-04 3.307782230260231018e-04 3.260971897621837414e-04 3.254798517615162907e-04 3.214034425130970736e-04 3.297403067879746061e-04 3.521571655529433936e-04 3.619444888917755900e-04 3.415131282391324153e-04 3.182893356328683147e-04 3.220329357728416841e-04 3.410704039589592860e-04 3.507336190002426557e-04 3.479959582781033851e-04 3.321527225682060613e-04 3.066523605214355446e-04 2.973412086598931948e-04 3.151297865960686465e-04 3.294605516120027722e-04 3.235189681053164679e-04 2.645402951629511126e-04 1.774915297936799808e-04
2.259460810619778035e-04 2.653289615895258920e-04 2.955284014757444478e-04 3.039488437099089691e-04 3.122745178400968924e-04 3.202871548930531819e-04 3.251351131441764788e-04 3.209901393046950052e-04 3.235265989526180043e-04 3.372167122588398984e-04 3.408420444975404726e-04 3.378381779705343872e-04 3.356336663382684200e-04 3.273030028440733724e-04 3.154966507085603476e-04 3.036393068540682756e-04 2.944463098709119357e-04 3.024768447253142018e-04 3.252554546177475157e-04 3.370278950277098753e-04 3.433367989948404170e-04 3.447930453269026354e-04 3.239834884871517886e-04 3.038058232504688627e-04 3.052200401588911678e-04 3.200011466300378520e-04 3.335796872107450956e-04 3.368103112698207866e-04 3.360176775065381542e-04 3.387437664317839974e-04 3.449226620917047060e-04 3.464555761625120849e-04 3.407065139780208161e-04 3.408950867649720735e-04 3.464770673437332746e-04 3.510445207062033702e-04 3.456234959034793397e-04 3.275011854253275520e-04 3.152939181081432945e-04 3.158437123709100956e-04 3.202157303178938840e-04 3.115887134318327746e-04 3.003712067941425343e-04 3.032697340956613200e-04 3.173698810746986227e-04 3.288572858647556400e-04 3.334641191985568995e-04 3.382444576449116815e-04 3.459409551076725146e-04 3.455004165426109461e-04 3.367941165097379074e-04 3.356731636058061857e-04 3.447519027980049935e-04 3.509212022489132787e-04 3.390657322765697787e-04 3.171339315373439402e-04 3.106310972068276714e-04 3.216047322894502350e-04 3.274230294227512624e-04 3.263319659306136147e-04 3.278657759253710393e-04 3.285977209548770410e-04 3.313502650175657849e-04 3.312303300875160347e-04 3.260405705872513184e-04 3.265415750124349274e-04 3.315356863149027935e-04 3.386299812559110658e-04 3.435405277535841413e-04 3.398296187148551082e-04 3.341195453921802744e-04 3.351775199988768906e-04 3.419475284123338517e-04 3.395911890174777579e-04 3.433522152720035669e-04 3.485121080143857792e-04 3.495471570458589215e-04 3.503833792724630547e-04 3.413262332955745680e-04 3.236589685554769205e-04 3.167544742747152413e-04 3.210098940275820300e-04 3.199362792278971461e-04 3.225873715427438298e-04 3.388871919817692505e-04 3.505498613347937664e-04 3.405520227541854596e-04 3.282521250358949550e-04 3.286137334153017495e-04 3.382978118844635115e-04 3.470532933184477089e-04 3.512659598590588995e-04 3.430818755902193245e-04 3.228860991307023294e-04 3.145643996878285482e-04 3.247281759111611652e-04 3.326016446515246217e-04 3.233511550715138317e-04 2.624193551820982605e-04 1.691478375815064022e-04
2.283082008449209457e-04 2.816135756446118410e-04 3.133588252278786705e-04 3.195690103921073298e-04 3.255488133960835005e-04 3.263513398413550419e-04 3.128098208517448588e-04 2.982717180562907688e-04 3.062304547836776228e-04 3.263310257094908140e-04 3.342807657770882840e-04 3.389335048157718962e-04 3.470098401928639695e-04 3.505761376404128602e-04 3.427400737411763205e-04 3.226066490497314621e-04 3.010076702584569717e-04 2.971039155139846687e-04 3.148350923627569456e-04 3.308115401069894345e-04 3.380262978124452290e-04 3.359164272701388801e-04 3.177462955449825198e-04 3.025956677833424157e-04 3.075869043883631276e-04 3.251854746659490949e-04 3.316195040653826523e-04 3.287615196745335001e-04 3.296637401230107347e-04 3.343376357547161591e-04 3.387125829697866129e-04 3.322122635760497902e-04 3.257574061051352835e-04 3.311194867034573746e-04 3.364785936074262611e-04 3.466439471130890139e-04 3.523656714120292641e-04 3.364959679939185516e-04 3.189730291587241110e-04 3.214035671059079684e-04 3.375356437868463422e-04 3.328139359022487661e-04 3.222766295827317893e-04 3.320164107004567981e-04 3.427776851540866791e-04 3.361163903306028196e-04 3.249610023923157507e-04 3.252996871301634002e-04 3.355119793043391530e-04 3.358711030274350636e-04 3.348969307835504409e-04 3.435395362220484993e-04 3.465528496012239799e-04 3.434393422049709737e-04 3.423115329290555772e-04 3.330405562077225082e-04 3.162815181883904883e-04 3.160242324707347554e-04 3.186322519022707521e-04 3.241160057869601563e-04 3.420889350011258349e-04 3.519782991292238561e-04 3.531089279958627520e-04 3.502894585211084990e-04 3.346077611333690086e-04 3.309894742108280066e-04 3.385546037329060327e-04 3.404300097816939739e-04 3.388568347298893859e-04 3.361808805113262826e-04 3.328421305596104005e-04 3.360570010299695240e-04 3.408666759934285504e-04 3.332778611689235938e-04 3.313672481856648911e-04 3.369629605448875567e-04 3.493646709306216184e-04 3.516386469280228535e-04 3.375964546460301450e-04 3.222827536207271450e-04 3.256211919515221735e-04 3.373520682037772257e-04 3.302471037380494932e-04 3.207301572881096478e-04 3.275907992169237604e-04 3.341559000980240434e-04 3.319053994172059758e-04 3.286165973137669693e-04 3.274937663510518347e-04 3.295337109906088533e-04 3.316396169750583374e-04 3.306378456824808024e-04 3.226767303672535862e-04 3.156288037349441397e-04 3.113149847210123404e-04 3.117807855954772339e-04 3.233677185012467491e-04 3.271109276730142833e-04 2.695195116506143114e-04 1.720854579269053691e-04
2.291350485400582516e-04 2.903991514513446252e-04 3.292846816328328600e-04 3.409966017261962536e-04 3.439046329898773303e-04 3.357244475992063695e-04 3.098394340324979977e-04 2.895815736394647777e-04 2.916032084419321511e-04 3.089625016712905289e-04 3.310234918015527751e-04 3.453295168071611530e-04 3.501405460515922673e-04 3.588448846551864357e-04 3.663659098387620633e-04 3.554132673644717693e-04 3.267902036700887493e-04 3.072541553617101195e-04 3.088626658193432614e-04 3.176688185338378319e-04 3.248987698282329042e-04 3.239504474815168341e-04 3.206650524524487771e-04 3.205347476537526879e-04 3.263383876107679368e-04 3.428713181620930434e-04 3.416129796192856824e-04 3.228498748298509204e-04 3.153545190307958305e-04 3.155006772985996088e-04 3.166102944197253001e-04 3.133862476960925028e-04 3.150993978997560039e-04 3.247522631322058949e-04 3.255552482375791428e-04 3.353776005166905034e-04 3.484015291012337195e-04 3.391522922085631270e-04 3.221511287199878065e-04 3.225123376592622091e-04 3.383199390733725685e-04 3.409156738344095057e-04 3.363183475448199098e-04 3.440390411586989844e-04 3.471753064168229272e-04 3.349571439902057570e-04 3.203243733103371019e-04 3.173743696899116460e-04 3.223882455343984269e-04 3.229826338137471785e-04 3.351725113620629458e-04 3.500156149575061031e-04 3.402026315884836135e-04 3.233890821435608776e-04 3.332639752213906051e-04 3.426618673591050215e-04 3.178357539093800560e-04 3.048808340802890973e-04 3.110466745312062708e-04 3.299736040679340267e-04 3.570472297695054904e-04 3.645727738402066678e-04 3.581049739179764701e-04 3.512219628249020858e-04 3.376385635169315991e-04 3.383165235010949764e-04 3.474954073738848077e-04 3.466105666484889988e-04 3.411860246741062327e-04 3.291591417661798337e-04 3.213839368718938213e-04 3.268985227034054610e-04 3.326196211540047862e-04 3.237290383597409243e-04 3.137856869707411622e-04 3.079794260672670796e-04 3.163569130667478113e-04 3.276688129592207014e-04 3.323795195061050151e-04 3.282628962026096372e-04 3.342494639606937617e-04 3.470242660728758391e-04 3.339862813290673930e-04 3.200429504828072435e-04 3.260196229380853757e-04 3.255308135094250616e-04 3.196526237674686887e-04 3.191239392382157268e-04 3.240433948876604814e-04 3.301165297243559412e-04 3.299626163354400918e-04 3.245861812157097275e-04 3.195770361926952505e-04 3.226742402871608903e-04 3.102296531902100645e-04 2.932482873489203421e-04 3.041391269939354783e-04 3.149522256787451848e-04 2.594133690408384745e-04 1.661239025589619843e-04
2.244874860145846369e-04 2.901203178357896905e-04 3.322958353628718961e-04 3.467065492567489261e-04 3.461287340043639796e-04 3.350288562072706289e-04 3.178297673967260756e-04 3.047209207007619647e-04 2.980569332941063795e-04 3.011579753559417679e-04 3.192959040138460252e-04 3.353687869333038443e-04 3.388439502001961085e-04 3.475553396476632273e-04 3.654764946377670473e-04 3.701817213769204636e-04 3.536206759162937121e-04 3.339410551563716913e-04 3.217858785344125325e-04 3.217858067742899487e-04 3.285621251481135141e-04 3.275819987543533837e-04 3.325865822030909169e-04 3.426126199383420405e-04 3.459294655781145009e-04 3.605231636562880289e-04 3.572682053802637351e-04 3.266718480285080422e-04 3.137966859208361639e-04 3.146466579033582256e-04 3.160704239978510445e-04 3.149865768594542568e-04 3.195417766267405198e-04 3.312035199235397885e-04 3.296574962476761083e-04 3.268273344081429072e-04 3.329429105431157580e-04 3.373774598436911527e-04 3.287154439825015198e-04 3.209221787049656082e-04 3.232224988775142397e-04 3.256181172083306183e-04 3.333425311024208661e-04 3.415791531177224437e-04 3.368271034034880213e-04 3.287133898440996104e-04 3.229079893591968800e-04 3.199395588698650868e-04 3.135149907433287201e-04 3.110325085600595561e-04 3.314502573941951026e-04 3.461536573520506994e-04 3.318631761129294195e-04 3.178231952062507502e-04 3.296263856452359784e-04 3.465207206094097180e-04 3.300794389534239515e-04 3.138488493133726495e-04 3.168789723326087809e-04 3.321720888977250548e-04 3.471574664589862475e-04 3.466372299403005326e-04 3.374766583840687999e-04 3.300438486880279739e-04 3.305919188302210892e-04 3.408725277020738091e-04 3.535042013036044099e-04 3.587421542254322858e-04 3.527318871467846986e-04 3.266090013453398040e-04 3.119543063291701211e-04 3.208283950881492610e-04 3.257853151947401392e-04 3.235895350220572512e-04 3.198304874107965167e-04 3.044244662492556460e-04 2.991882909286452518e-04 3.120913314890438059e-04 3.294555225116319258e-04 3.274200900902357603e-04 3.240386549974491994e-04 3.320383334639325683e-04 3.241764395091443238e-04 3.180658912784409958e-04 3.309927992864193907e-04 3.315604152445468132e-04 3.185010661794586201e-04 3.112498065387845313e-04 3.159594435904752125e-04 3.276321553765426968e-04 3.364798012932744510e-04 3.416897720508058284e-04 3.469574390261112606e-04 3.562018462167003906e-04 3.335725471868484279e-04 3.001221915173657114e-04 2.969546408579859173e-04 2.919625207989508882e-04 2.303933485317237874e-04 1.492463892517907533e-04
2.076041763814290612e-04 2.795110237777031418e-04 3.269973244530210770e-04 3.437176797202068802e-04 3.425002960237484052e-04 3.337111149041099801e-04 3.308335428418882973e-04 3.293455774064051175e-04 3.213142950879362440e-04 3.108945780015198376e-04 3.145611311080099594e-04 3.266871201696974194e-04 3.266013036044078215e-04 3.219444449362940863e-04 3.298927025002171016e-04 3.414982107100591850e-04 3.477380777973099321e-04 3.448463766650667023e-04 3.338007018529543174e-04 3.313768175602322752e-04 3.337933644852889904e-04 3.272542299559826626e-04 3.282974914797786052e-04 3.390963276837782175e-04 3.490724379485133050e-04 3.627890296436178273e-04 3.515564399436074162e-04 3.180178006322463471e-04 3.056087866374182548e-04 3.155450842313473492e-04 3.306637281803046034e-04 3.360648368080932638e-04 3.358868073074330104e-04 3.384819487951881006e-04 3.304930449396909203e-04 3.146147214368259218e-04 3.184433436550153742e-04 3.404517234164974654e-04 3.368067245369856791e-04 3.220487147450947244e-04 3.185746630172024089e-04 3.138905998206479491e-04 3.254401659479255683e-04 3.392899782272106035e-04 3.346505509669595317e-04 3.318395187147117598e-04 3.306294466760469346e-04 3.257760669751855491e-04 3.137044660743905518e-04 3.100335974167839348e-04 3.243720159115703644e-04 3.323558388533508212e-04 3.239393665926496588e-04 3.183629701577613490e-04 3.256769211831977593e-04 3.392139712364064508e-04 3.380271807260730715e-04 3.327088198160234171e-04 3.350223674812112919e-04 3.369711353141485949e-04 3.302002844662716135e-04 3.201770842346905602e-04 3.160685693879058261e-04 3.151040881781060629e-04 3.256657945186657499e-04 3.393959797089151622e-04 3.461579434024056063e-04 3.428954609848234095e-04 3.349014379866962522e-04 3.184443301354592014e-04 3.124725295750856603e-04 3.231581799620331617e-04 3.227934584241191787e-04 3.241237434636432425e-04 3.310479703689148904e-04 3.194694933106231589e-04 3.111184979513681665e-04 3.175441737061194289e-04 3.246369866977314410e-04 3.181541110563255569e-04 3.107009169595909568e-04 3.143903317665025119e-04 3.175816143278244446e-04 3.251092556941429087e-04 3.451786176679570045e-04 3.510298366053610404e-04 3.347864540852429883e-04 3.198750967374889599e-04 3.171226784936144591e-04 3.230072682081357605e-04 3.354787638357090412e-04 3.509930139442038292e-04 3.636653583470837183e-04 3.754648822273285672e-04 3.573822375065639507e-04 3.276097698870035686e-04 3.157274415845514985e-04 2.925822988509401952e-04 2.212195236441685375e-04 1.442226298142234003e-04
1.925539508042857116e-04 2.673817248667013512e-04 3.220372508631722018e-04 3.431278816086479381e-04 3.494324247752184694e-04 3.485568393635335134e-04 3.477315215209914262e-04 3.477468168744115521e-04 3.381563490444123438e-04 3.219102154238992724e-04 3.233555657036688014e-04 3.338464807299422921e-04 3.308887433011265889e-04 3.118717506635972233e-04 2.961632892373474552e-04 2.999454928310381612e-04 3.175014445722759465e-04 3.309461186077070289e-04 3.287578449480056024e-04 3.277956708393370711e-04 3.316232832876864602e-04 3.239963637247465084e-04 3.198068004523377749e-04 3.252141916894631243e-04 3.395069329032046634e-04 3.534192433916197914e-04 3.401549472287566499e-04 3.135695891195952622e-04 3.020881470296366196e-04 3.125068769956668895e-04 3.345780371514617919e-04 3.467394180033461174e-04 3.432273574750877108e-04 3.368328513052747174e-04 3.227226150230988054e-04 3.044085184935932647e-04 3.143705098663460975e-04 3.415960139927054864e-04 3.380413140790189484e-04 3.265607830903317194e-04 3.294102469393323505e-04 3.229320889708300023e-04 3.281868200402924575e-04 3.393938403186582526e-04 3.360324039502981760e-04 3.320142769027099048e-04 3.274206645422261309e-04 3.225155036327754013e-04 3.162150136850845942e-04 3.198130923402999122e-04 3.279570014653587903e-04 3.238657319271987575e-04 3.179319514845634228e-04 3.148809550101319774e-04 3.139460643071433836e-04 3.177381212437804499e-04 3.237402117195137610e-04 3.348092080558571961e-04 3.470995705194734795e-04 3.479427397064950144e-04 3.349808748207217446e-04 3.254042006721043711e-04 3.248109388569368847e-04 3.261726055483138648e-04 3.314285040123842222e-04 3.314408387893611678e-04 3.223014709833308842e-04 3.067352717789454688e-04 3.049930128598900584e-04 3.145860423895020103e-04 3.238612360498682318e-04 3.309841488054999191e-04 3.263697611395323340e-04 3.265301684235143989e-04 3.286798461101230612e-04 3.183292864345449815e-04 3.182944449269601824e-04 3.271230479030351815e-04 3.284231984956012995e-04 3.167951197708836729e-04 3.057130183930980172e-04 3.101675624937325548e-04 3.228383024009053026e-04 3.358382177654389063e-04 3.490960250999372311e-04 3.504789647232585685e-04 3.385538355159071209e-04 3.320436340025223216e-04 3.289353719028220496e-04 3.210893668189582261e-04 3.202778042089927447e-04 3.320908590330943870e-04 3.489629979775599905e-04 3.663271729662302646e-04 3.621393751341441631e-04 3.430160877289992736e-04 3.298098584193664864e-04 3.086584957554197465e-04 2.396961914379204376e-04 1.554182379876903135e-04
1.874328066737665933e-04 2.570161175807821269e-04 3.052860863649086505e-04 3.227106867398030774e-04 3.423799346472820642e-04 3.563371211089901599e-04 3.547463087077582715e-04 3.500395718804408035e-04 3.367202021589702160e-04 3.230198822232430459e-04 3.300703596118997364e-04 3.386961662583328229e-04 3.364341931540203233e-04 3.156641011164346752e-04 2.886311215420219118e-04 2.890794263654323550e-04 3.090819209196224654e-04 3.229456396909615975e-04 3.158553634155641119e-04 3.113482754352868030e-04 3.207305580590386236e-04 3.215960841536125202e-04 3.261633895294979322e-04 3.322391325183063479e-04 3.383012904717353137e-04 3.433278206221568579e-04 3.310394683661276602e-04 3.126279979255981679e-04 3.102879792853585530e-04 3.265124203621814179e-04 3.455063854154671551e-04 3.521803731036941051e-04 3.409760857725971372e-04 3.294975162852142262e-04 3.220455682237112179e-04 3.193066213302164389e-04 3.323803226545803124e-04 3.456885861372593080e-04 3.397662767875960161e-04 3.323303075574182653e-04 3.357677077381750847e-04 3.326675308256111466e-04 3.321074032455282200e-04 3.369677361837155791e-04 3.298300139043917759e-04 3.180719351845127398e-04 3.096659557824481789e-04 3.078646853621156169e-04 3.121371138423807094e-04 3.265928861261217049e-04 3.386995363947046178e-04 3.277233934471979237e-04 3.216206670900098054e-04 3.265338276538422161e-04 3.221693877786853269e-04 3.104223353452565315e-04 3.086911208963318345e-04 3.256532181336576964e-04 3.474097558357494781e-04 3.572822232992645488e-04 3.537853671864207698e-04 3.505665385757420730e-04 3.407191639034695338e-04 3.296470346191604809e-04 3.278361775203377545e-04 3.197999878141436934e-04 3.089457384900541875e-04 3.046390074316947943e-04 3.146639108775771605e-04 3.316069655628505093e-04 3.400161015430600443e-04 3.429476570597262569e-04 3.420606403253613524e-04 3.443746165576582743e-04 3.376212052377684835e-04 3.221381107583787306e-04 3.273049366964096143e-04 3.401894627023872744e-04 3.438019995312007783e-04 3.259130618770608159e-04 3.088961160357522060e-04 3.151191028149340190e-04 3.295924687167404131e-04 3.422086858815772694e-04 3.480351511958726190e-04 3.411491477368543352e-04 3.306312633638657222e-04 3.368167052440260286e-04 3.430075510463679775e-04 3.318820234654225624e-04 3.177239453683022570e-04 3.140755005960208304e-04 3.205411852175841418e-04 3.327752617928993141e-04 3.403388471688991389e-04 3.391731109539618521e-04 3.370077295919132591e-04 3.314776642474047993e-04 2.750872352033260308e-04 1.837636077478403435e-04
1.820028021740113084e-04 2.452437409494168628e-04 2.865434362061367469e-04 3.039015424917452407e-04 3.314520835470984765e-04 3.503857675326501621e-04 3.466350599430244794e-04 3.369986222545486975e-04 3.220638538906760856e-04 3.171246537788345718e-04 3.316900080585328354e-04 3.391092220585200994e-04 3.341313434624259161e-04 3.173157264101493513e-04 3.020100561950026072e-04 3.114250844706123022e-04 3.280960238187961625e-04 3.297850352679024505e-04 3.144163085508475033e-04 3.082570392921794682e-04 3.133860032361221698e-04 3.158850812642025226e-04 3.288767021419456869e-04 3.356442158543739398e-04 3.364750470882995476e-04 3.383797945142817112e-04 3.329969149022971595e-04 3.181599698090541769e-04 3.198858999418485857e-04 3.419798433602671607e-04 3.522672643925942645e-04 3.433809353519955187e-04 3.251405016557824736e-04 3.204330555631934368e-04 3.333016743104502905e-04 3.459035488343084564e-04 3.475745329401709605e-04 3.398632534616249337e-04 3.319775875225725948e-04 3.281845951331860325e-04 3.287606637748377103e-04 3.332241490851020312e-04 3.400745554988061307e-04 3.435176039795275220e-04 3.252940157971293987e-04 3.037288594409449146e-04 2.966740713801963220e-04 2.989521425277201017e-04 3.111070617494277025e-04 3.336414734320715132e-04 3.501724721883373069e-04 3.412336302538297337e-04 3.386273422133014065e-04 3.482407482209800599e-04 3.400208098632068925e-04 3.131812907294385115e-04 3.036031858527225348e-04 3.197699249268349045e-04 3.396174202485748288e-04 3.542017105055055102e-04 3.562403109942897462e-04 3.493710518505386328e-04 3.326556839520423601e-04 3.192629614424099052e-04 3.208178841733694362e-04 3.174853446817484212e-04 3.118113101007649992e-04 3.209620208180036195e-04 3.387477291680263342e-04 3.499626147007320418e-04 3.454082566962184912e-04 3.393968424440571151e-04 3.437683806627057220e-04 3.537896159846608182e-04 3.472183405483153995e-04 3.325841703555520654e-04 3.424154142310516886e-04 3.549775159988355919e-04 3.562253309551793303e-04 3.347641227304452545e-04 3.160322247169117986e-04 3.191403650031231416e-04 3.259973361437084791e-04 3.390731149445041755e-04 3.523182815149236875e-04 3.437823401838843674e-04 3.214763908248308415e-04 3.237081222451645372e-04 3.443163270744305834e-04 3.526025743419840567e-04 3.418653800526169888e-04 3.235594276199523162e-04 3.080878531458837661e-04 3.041058561521539898e-04 3.153850490876067584e-04 3.332756933325676922e-04 3.540991183839362522e-04 3.604822523562493095e-04 3.016887171729421696e-04 2.034594782127244021e-04
1.641696631114027084e-04 2.294937308905863819e-04 2.822756437591328240e-04 3.109734496993527128e-04 3.394445580225810490e-04 3.558414874631269081e-04 3.466332210550471509e-04 3.273518517045357051e-04 3.106052981482908173e-04 3.139949067928248048e-04 3.351482806958099763e-04 3.447982851054218027e-04 3.335170407326554470e-04 3.172846901398947020e-04 3.158515175312030820e-04 3.323300822081849053e-04 3.466638990233794886e-04 3.429483185180887865e-04 3.270376920138684832e-04 3.218575653804172797e-04 3.184380331970971872e-04 3.144900005780867924e-04 3.231122896844469683e-04 3.285916195184565396e-04 3.296822721547814370e-04 3.319788017288425740e-04 3.420195048579858675e-04 3.384385721131394570e-04 3.333458877236837614e-04 3.415997060032642529e-04 3.394624105482317057e-04 3.187838758148868142e-04 2.936704368276733704e-04 3.006330190835535508e-04 3.327482905344179278e-04 3.486410081663855482e-04 3.380109305166983328e-04 3.210473250873901985e-04 3.136141178842774633e-04 3.161133047981906207e-04 3.280108979507948279e-04 3.454121804999752288e-04 3.599715635972235237e-04 3.584223469755233506e-04 3.251743413356307814e-04 2.990505496843870155e-04 3.010767212588864937e-04 3.145662935289952281e-04 3.348109591221212983e-04 3.529449107373572748e-04 3.539937394059855871e-04 3.410676374168998808e-04 3.445718430944859942e-04 3.543789653921564347e-04 3.442244162895096078e-04 3.183373942040251337e-04 3.115759931190617300e-04 3.237772213862467104e-04 3.301146831899968211e-04 3.373671596222174458e-04 3.398506449961014443e-04 3.338849223028171305e-04 3.254112997478340354e-04 3.235986504244184542e-04 3.277546935462939421e-04 3.250397613300449627e-04 3.154530178874606541e-04 3.208026363062670312e-04 3.408290305784813829e-04 3.508724993783301485e-04 3.365637999374908773e-04 3.190991259691917177e-04 3.274808339159121289e-04 3.456363619621095591e-04 3.384549686291120005e-04 3.238019836161689551e-04 3.355173341679116780e-04 3.477466535858149323e-04 3.538562425074395800e-04 3.430846231489680922e-04 3.269832733742126813e-04 3.226521232580954485e-04 3.182280272437393179e-04 3.262800117301414620e-04 3.506356700254463325e-04 3.493416134547639579e-04 3.148645758257798393e-04 3.037993863462969645e-04 3.255742015382493294e-04 3.398242251336500218e-04 3.366127967830232631e-04 3.243823323590647612e-04 3.082091704342350197e-04 3.042960150039417892e-04 3.174257840109314570e-04 3.417599409002342091e-04 3.735964748576842262e-04 3.763842998754079864e-04 3.007009569450407776e-04 1.968342586976509810e-04
1.593756433350268097e-04 2.280489770086022313e-04 2.928022687326506000e-04 3.279507618673319471e-04 3.513095802861529579e-04 3.660591764819702185e-04 3.533326938073892373e-04 3.205187951080875480e-04 3.029740573956152955e-04 3.215747477933409565e-04 3.549282864199491874e-04 3.600938598543295798e-04 3.364007388966962610e-04 3.204567351046679969e-04 3.208657686966537867e-04 3.317332644826027736e-04 3.398417392533714231e-04 3.377716327280527882e-04 3.339805631135696058e-04 3.371861652727701402e-04 3.313853090949699012e-04 3.189382200919252093e-04 3.162760723512738899e-04 3.196893375458970035e-04 3.166929491559953734e-04 3.147769458187245654e-04 3.336489235651471852e-04 3.448605079933771828e-04 3.423617328769685414e-04 3.366407263751311886e-04 3.308904339029261469e-04 3.150604603110371531e-04 2.859640990031396589e-04 2.875684476727723691e-04 3.153127875448616738e-04 3.325151517529957731e-04 3.299197266603055194e-04 3.141793456462392119e-04 3.051147252540967886e-04 3.146537442848685705e-04 3.425004830588831810e-04 3.664041016840568696e-04 3.740477034618777978e-04 3.596103172430217907e-04 3.212692573645201067e-04 3.012949085542641773e-04 3.088672320222182743e-04 3.320453134036183748e-04 3.614887485128441330e-04 3.692192187761932911e-04 3.431587241360524280e-04 3.177450839107307141e-04 3.256019907374953682e-04 3.427612731336963448e-04 3.474335547247535102e-04 3.414320609600540821e-04 3.328870170139343961e-04 3.231326372930847955e-04 3.115005196717448546e-04 3.107161308005698089e-04 3.229811286992498960e-04 3.388929802649067163e-04 3.438642745609114273e-04 3.451663865476380230e-04 3.486924937421344729e-04 3.480693005901515694e-04 3.310444933586079381e-04 3.198940493652581213e-04 3.327784936820861418e-04 3.438842427310585901e-04 3.318764464597050807e-04 3.155183503283923098e-04 3.239635190613359339e-04 3.381732570760052209e-04 3.309909886256575491e-04 3.184689621599096077e-04 3.225217050965067727e-04 3.292561921435031955e-04 3.431954529141227335e-04 3.443680694992224105e-04 3.302419110476565844e-04 3.164959276599316976e-04 3.047921577512671459e-04 3.129133821005799674e-04 3.434336750507555047e-04 3.508430389490861862e-04 3.189319249442410442e-04 3.001479879550079076e-04 3.107433825834770950e-04 3.148765958073393499e-04 3.109460493299044605e-04 3.082553753995538994e-04 3.020550546044839871e-04 3.073989854448816884e-04 3.201358835315834366e-04 3.387165310548637944e-04 3.655951911748714237e-04 3.604504928725369524e-04 2.795775379924075508e-04 1.788304709353460791e-04
1.886642764098428579e-04 2.576270711379112814e-04 3.195603735806017121e-04 3.441086688664102625e-04 3.538928591309175773e-04 3.646158836779204342e-04 3.494909106505905152e-04 3.074851340001788199e-04 2.953970694428398021e-04 3.317540183001699955e-04 3.705191161324272774e-04 3.635807301491835310e-04 3.348319182080305035e-04 3.268151463079424263e-04 3.278112698221936775e-04 3.256281444310254688e-04 3.189560802882318601e-04 3.186843440162782058e-04 3.321623200493237357e-04 3.456989000730057880e-04 3.413535993379046324e-04 3.272946207814119530e-04 3.221505294399035907e-04 3.255443904690966030e-04 3.181776406011472148e-04 3.135282018346942324e-04 3.242270733692003749e-04 3.285016447949916287e-04 3.307829395525181486e-04 3.339090991769809360e-04 3.454770612902023641e-04 3.442660687798261001e-04 3.154038967214147491e-04 3.025331452409042764e-04 3.144063839868673524e-04 3.347553848249408505e-04 3.426896634226672504e-04 3.236071552643639813e-04 3.033732700110495541e-04 3.106926555891030236e-04 3.450546777877704823e-04 3.665909139871817001e-04 3.623528975489973946e-04 3.408445492730871693e-04 3.128652629162475369e-04 3.048610730493798255e-04 3.118137380123651731e-04 3.329739083258934215e-04 3.617264722289826283e-04 3.687486460909982617e-04 3.382324999870414033e-04 3.067999057300228438e-04 3.115982909258648405e-04 3.303264877155775406e-04 3.512646044882783924e-04 3.706157176396711328e-04 3.591784569571801391e-04 3.219373431530022202e-04 2.965647839076485126e-04 2.966305818023872299e-04 3.197937607168231037e-04 3.445341816731978799e-04 3.478773494921350105e-04 3.495918617789213435e-04 3.588355724014881355e-04 3.639073224444694648e-04 3.452496515468482128e-04 3.187634419741208324e-04 3.184882669895049037e-04 3.346377039798142093e-04 3.374437489167788403e-04 3.290918439658947802e-04 3.335585495588659914e-04 3.408934951773998881e-04 3.373927264152740135e-04 3.309443256883993264e-04 3.264255410822064713e-04 3.223677408499166230e-04 3.341505478586682802e-04 3.405527066553227871e-04 3.289093096258625514e-04 3.088370115738830850e-04 3.011669901253284697e-04 3.210972481380024472e-04 3.435617134930591624e-04 3.417940053272694153e-04 3.232190999989784683e-04 3.185663807130657268e-04 3.305012501416547573e-04 3.245563564642947553e-04 3.068249332627581184e-04 2.994711161112710357e-04 2.950386065166578234e-04 3.003111517157169125e-04 3.073549324417539346e-04 3.189918499872304710e-04 3.352039259106765357e-04 3.212975712006252752e-04 2.487618536771005933e-04 1.600913698978775554e-04
2.120015775351998043e-04 2.810600438418645692e-04 3.347012773815326390e-04 3.487460250375052024e-04 3.482377640466295058e-04 3.502152330065663732e-04 3.328125378181703538e-04 2.976040607079675484e-04 2.956106041122549821e-04 3.328670288502135963e-04 3.644187294604466160e-04 3.578033777757074884e-04 3.366049214941713922e-04 3.350481757574837703e-04 3.380850915719166750e-04 3.285320776096957202e-04 3.175347247022961786e-04 3.224321425663712981e-04 3.360103221739449419e-04 3.470979438128322372e-04 3.466482779047964165e-04 3.385765128676417393e-04 3.359710753890211019e-04 3.406900460377538424e-04 3.361856805079673806e-04 3.328636439162950414e-04 3.314032700911039670e-04 3.189023970939017369e-04 3.156197134042667066e-04 3.291261360081926702e-04 3.596013924172033614e-04 3.741884036449586197e-04 3.513955391015421677e-04 3.322446476162141133e-04 3.311394469071110786e-04 3.460153585339972773e-04 3.538184145097305689e-04 3.325036341687268070e-04 3.015331214162348013e-04 3.030570364994334353e-04 3.387091835093096080e-04 3.529920280849708700e-04 3.310084465049092039e-04 3.119847435514814128e-04 3.103969982874764475e-04 3.184476404520904724e-04 3.255271537481767763e-04 3.348178846288593722e-04 3.427313456872470385e-04 3.496282728483912812e-04 3.379079971791999737e-04 3.152253656418755332e-04 3.143161584106772934e-04 3.254549036864887905e-04 3.484082226904138815e-04 3.808949519155875900e-04 3.709043742010102642e-04 3.220967030909327108e-04 2.967858505873666392e-04 3.043632381931496520e-04 3.272961232096844577e-04 3.418757213648664431e-04 3.371145603811704066e-04 3.393183418969002965e-04 3.509470411578032392e-04 3.571737195608074402e-04 3.413884707367298476e-04 3.125874218408428769e-04 3.055570388535550595e-04 3.299333338569398967e-04 3.464279614936298943e-04 3.370145372655477612e-04 3.307151553684790218e-04 3.316266838311683531e-04 3.336979299428361563e-04 3.409467577011445144e-04 3.391108771590292735e-04 3.262482819764504468e-04 3.266444196611924733e-04 3.334252047192341186e-04 3.304355094829919447e-04 3.183961000577960115e-04 3.186454579759145120e-04 3.390398496524211916e-04 3.459687497872675297e-04 3.361294289919715102e-04 3.321846093334357756e-04 3.451342550313824930e-04 3.632326260015846702e-04 3.510797730876913207e-04 3.241672610997145369e-04 3.164003403007439028e-04 3.112326719701143628e-04 3.052274612699262639e-04 3.002323920228473384e-04 3.092750163792094267e-04 3.179853503585100658e-04 2.934613918232139174e-04 2.255508351330918928e-04 1.447582053833568454e-04
1.976471843817366990e-04 2.682874558380927239e-04 3.259603241034439826e-04 3.457263511440003545e-04 3.471009043819799295e-04 3.440977980867311646e-04 3.272574374856566026e-04 3.067880023423244723e-04 3.098885837647605149e-04 3.315893820198876469e-04 3.512792314961731108e-04 3.586041869036382885e-04 3.499857217561548736e-04 3.460644518155499109e-04 3.445844081124953967e-04 3.329762786256609732e-04 3.257088204127058352e-04 3.333591543484049654e-04 3.393966901778202238e-04 3.436860209991176489e-04 3.423073081535444847e-04 3.361031976047955134e-04 3.320248846728450628e-04 3.370600024758525597e-04 3.438242638916573935e-04 3.458980360818912463e-04 3.390731214365225784e-04 3.222195962224815415e-04 3.139692746336189490e-04 3.226654794431505196e-04 3.443771775360068778e-04 3.634322411185780246e-04 3.596593377457977126e-04 3.475870926906720910e-04 3.353278356637378168e-04 3.353728985340740905e-04 3.416736278751275613e-04 3.334996515343961092e-04 3.115864949824816328e-04 3.141967733386104192e-04 3.482965004551365337e-04 3.592432042641391073e-04 3.290934253708323364e-04 3.142352659078020733e-04 3.282060435320265568e-04 3.368546788573988267e-04 3.349680133459548162e-04 3.332139798636661815e-04 3.215933884876434850e-04 3.211745520039834554e-04 3.207308532862289743e-04 3.041281280126298197e-04 2.977902991085229229e-04 3.097542596783718258e-04 3.376734449056868672e-04 3.725022734953558441e-04 3.632914637801727556e-04 3.197734922098243067e-04 3.074626569546560313e-04 3.241218370391887979e-04 3.411832134722897611e-04 3.488085732747072580e-04 3.434386202426777481e-04 3.387351684159800027e-04 3.452959447871865482e-04 3.550910659737037465e-04 3.406780808867316862e-04 3.158935186915270456e-04 3.116820087208147351e-04 3.370016382693393126e-04 3.490458790349541774e-04 3.288744703877290350e-04 3.115652427932230021e-04 3.101744575780029153e-04 3.265840778326040660e-04 3.508140169767624090e-04 3.465502060902355829e-04 3.215121654570193225e-04 3.116897289404343572e-04 3.227265252809247815e-04 3.333573329006907920e-04 3.334920912163657982e-04 3.335336002038217628e-04 3.425931914735473897e-04 3.436342160875423333e-04 3.387087421374797356e-04 3.399902038331455959e-04 3.499745765582680545e-04 3.587534074013843419e-04 3.505688743028339020e-04 3.416272338577761893e-04 3.426665675170028898e-04 3.347433047060668866e-04 3.235579951843614924e-04 3.134164740740083034e-04 3.189665689411047404e-04 3.230156614239918672e-04 2.957335512585245688e-04 2.291201694185286599e-04 1.490363357667905250e-04
1.813766546544506777e-04 2.546355068889789419e-04 3.181027839885261282e-04 3.413040617529064014e-04 3.482122170491796067e-04 3.478397957246907434e-04 3.327900075711668552e-04 3.202105486442227440e-04 3.253118348785441222e-04 3.346799658735379957e-04 3.433182560433116698e-04 3.547714606693795234e-04 3.529678138081503548e-04 3.435195653294125981e-04 3.363626142677440811e-04 3.295259617720739829e-04 3.282847975630243348e-04 3.343782736423219935e-04 3.372846810903500038e-04 3.388063222544802433e-04 3.354176272728655577e-04 3.263379924552139337e-04 3.169420386539069682e-04 3.222160840770976666e-04 3.416937617447908439e-04 3.499132553628368694e-04 3.438863325748257047e-04 3.357905352195430918e-04 3.292309257606247522e-04 3.283935469239570898e-04 3.288417877909056075e-04 3.333438714191230010e-04 3.351890738464886627e-04 3.243802134554810276e-04 3.115644770270487897e-04 3.108847911246363825e-04 3.193398012995117422e-04 3.253982104648340005e-04 3.199426264723853413e-04 3.267202877506401176e-04 3.544295931189805427e-04 3.668614287577913252e-04 3.498945602098255852e-04 3.385550002977800706e-04 3.445863823209982350e-04 3.396200607117098608e-04 3.261852501717316328e-04 3.285984108246141149e-04 3.244185555429701705e-04 3.180598117733877527e-04 3.165159617600824503e-04 3.043638842138073021e-04 2.910678578378223663e-04 2.992807493397429464e-04 3.276089246532974089e-04 3.558648349860260205e-04 3.514743388017743447e-04 3.270312875174017937e-04 3.261476244763603181e-04 3.410799135054641356e-04 3.522147725271607848e-04 3.572990587447580227e-04 3.537754461629405976e-04 3.400619195818159230e-04 3.383270917670372488e-04 3.515078553055340062e-04 3.433497668631671062e-04 3.261609881815605945e-04 3.226356194434634728e-04 3.361900519181051147e-04 3.385113658957767833e-04 3.250758568826919454e-04 3.168174730171102347e-04 3.164088098258857769e-04 3.327450088909974352e-04 3.513769308806635999e-04 3.368785791633361953e-04 3.109708548304591707e-04 2.992011082680194113e-04 3.091285608042109974e-04 3.298235932200890212e-04 3.416724760640528751e-04 3.402770818820179252e-04 3.434433633950578313e-04 3.450545120350526161e-04 3.394612784485341356e-04 3.359319284445709325e-04 3.316018809266890700e-04 3.250175180411426796e-04 3.292659030253809521e-04 3.516734560872351368e-04 3.600423881156179654e-04 3.453867120320821020e-04 3.375471107514408948e-04 3.352285748401837235e-04 3.318302446370032270e-04 3.285276002985193424e-04 3.140317173731520814e-04 2.564205045355025573e-04 1.726368724581846552e-04
1.881777673590285713e-04 2.563198832415250808e-04 3.097249002574401465e-04 3.319652342133625009e-04 3.482101052424965227e-04 3.510546702193679636e-04 3.331397666553334927e-04 3.198390308071140603e-04 3.260507553256705368e-04 3.369851895362245922e-04 3.461965703382514567e-04 3.483474454178307018e-04 3.343989655252857735e-04 3.135161653572254826e-04 3.077584267227443694e-04 3.177084800224853445e-04 3.287504938431306091e-04 3.318976742827785893e-04 3.254565738514724263e-04 3.200616755430896860e-04 3.163107720387510566e-04 3.045852765056337227e-04 2.937197032615614101e-04 3.057180718430952369e-04 3.366366543584926505e-04 3.554833166508003322e-04 3.577482911799839509e-04 3.553228419371666697e-04 3.467428940996751920e-04 3.418898026434978414e-04 3.328712258433414155e-04 3.231674979028865816e-04 3.164063841967199898e-04 3.035893344284016347e-04 3.003349750353667648e-04 3.039038451286333155e-04 3.072641456445264594e-04 3.112729540214357682e-04 3.107601616555641377e-04 3.188194959171202197e-04 3.330743301912616377e-04 3.438916260636626409e-04 3.499360814855882610e-04 3.442218357633279797e-04 3.365296472444447972e-04 3.289441394651962955e-04 3.202744263038959961e-04 3.330202651582820023e-04 3.438052480568257099e-04 3.401477724359565683e-04 3.398816429971805589e-04 3.300258287763317006e-04 3.029069927604765037e-04 2.984010320818958470e-04 3.212482222773481097e-04 3.405603563761619304e-04 3.405471505142179688e-04 3.340698364578657971e-04 3.361371795883786977e-04 3.428069119225988191e-04 3.568967927798029523e-04 3.627934943830769918e-04 3.569212332568497147e-04 3.385739054812940017e-04 3.263263061814332270e-04 3.319733810958381019e-04 3.355210050150962773e-04 3.334450001141629413e-04 3.290330976363367381e-04 3.299457687558535711e-04 3.331042757305074107e-04 3.393433209819605003e-04 3.452289521500286301e-04 3.391669650063245355e-04 3.369373976655045733e-04 3.363864086167000340e-04 3.216626385536500718e-04 3.100995145021323996e-04 3.021090892738119253e-04 3.080523038144172658e-04 3.308614577143539426e-04 3.453591343127591006e-04 3.388910915893587287e-04 3.340284051637649456e-04 3.313639535097911894e-04 3.214485705316478073e-04 3.174509843512443325e-04 3.108519978883767573e-04 3.055082628272041360e-04 3.194339165120548777e-04 3.496418279905876957e-04 3.596695035718480270e-04 3.463867145568619364e-04 3.419562074712291923e-04 3.461141801193482696e-04 3.349794881147518570e-04 3.233658457697359762e-04 3.185077126127025082e-04 2.691134343481716568e-04 1.848566107077289689e-04
2.043436140054192673e-04 2.636824599323608605e-04 3.009391546225002011e-04 3.180991726044617748e-04 3.398954911381295665e-04 3.481226907637447322e-04 3.310311613497373589e-04 3.153175344419746336e-04 3.165329751905830821e-04 3.319056057983536616e-04 3.475469927941375451e-04 3.383505242860534393e-04 3.133699179389989832e-04 2.927898948172554536e-04 2.926504332504092747e-04 3.130135979810042923e-04 3.307600304944907058e-04 3.297457346164356026e-04 3.168583091246100184e-04 3.116844843045546366e-04 3.164000943601992261e-04 3.082682687289843202e-04 2.949829893882801278e-04 3.052540705360609619e-04 3.339017199040410027e-04 3.573705060506990414e-04 3.637867273783362224e-04 3.583369218364982549e-04 3.442176622698922073e-04 3.408115052517357406e-04 3.381720053075463681e-04 3.307875097321417795e-04 3.217101412644965278e-04 3.148427020032913996e-04 3.220374944891308015e-04 3.220566107848939425e-04 3.121582328732978905e-04 3.106819850994844501e-04 3.089990435964248784e-04 3.077414426598654618e-04 3.029445772859235778e-04 3.092481749204976059e-04 3.362186925287965686e-04 3.393125465975163602e-04 3.238095902333476463e-04 3.200172505417992440e-04 3.234985044775547536e-04 3.403222388952242394e-04 3.549344340856500752e-04 3.581167828973613721e-04 3.574312476661199939e-04 3.435085881766227140e-04 3.123358453670187478e-04 3.005287948175598516e-04 3.161403009386619216e-04 3.297213760305525037e-04 3.285282736227233521e-04 3.319200012728633050e-04 3.327748432994856714e-04 3.316285085071354237e-04 3.495971858352320163e-04 3.565743815325000564e-04 3.468514369802485524e-04 3.296867353682317900e-04 3.170014758513838731e-04 3.174642205974244368e-04 3.267591483359588928e-04 3.404103096499226482e-04 3.424300120907309902e-04 3.357587230315883971e-04 3.376189017538092432e-04 3.476666583952031046e-04 3.518114169949813474e-04 3.441536352542504985e-04 3.377563550687395300e-04 3.281362305982411624e-04 3.155996180268475925e-04 3.145940301527812765e-04 3.136129783656133561e-04 3.202201633241253493e-04 3.355581272889716958e-04 3.379853551072446727e-04 3.271132577496781786e-04 3.184668049010952614e-04 3.150171283105604285e-04 3.045671731042667060e-04 2.997738206262160463e-04 3.030437679417357201e-04 3.138715311988665951e-04 3.245449806544511051e-04 3.311757499365956380e-04 3.347465537045684388e-04 3.394336942163956195e-04 3.470574260277744811e-04 3.479731563765100589e-04 3.307016917290889701e-04 3.180748071943176845e-04 3.127886141454542602e-04 2.606966987730573062e-04 1.786178393559268319e-04
2.031077378704434621e-04 2.632160549742171632e-04 2.995870664224832124e-04 3.128310642460450214e-04 3.304337799979757532e-04 3.416679460345378510e-04 3.292785144279094644e-04 3.131502419221515775e-04 3.103837629117086466e-04 3.268292898850540555e-04 3.395687547474382116e-04 3.217294886201580969e-04 3.042862284123214666e-04 3.016801638733169599e-04 3.045371549936876044e-04 3.188695307852997722e-04 3.292730627371350839e-04 3.257686411344004412e-04 3.240483349825214968e-04 3.297282805651771545e-04 3.406339828931596197e-04 3.369180446158303059e-04 3.192310897748933097e-04 3.175371092943541718e-04 3.317673669216347418e-04 3.474477194970998885e-04 3.505306423891092933e-04 3.419473998616538767e-04 3.313518406522580027e-04 3.358836741610299889e-04 3.456316115888768167e-04 3.462121666008850904e-04 3.365324741725420608e-04 3.358392278975054403e-04 3.505233127287555889e-04 3.540228399490421836e-04 3.369956246765403482e-04 3.268846513450524341e-04 3.188366653214053581e-04 3.083981004454259406e-04 3.005553108743745129e-04 3.106841354540771359e-04 3.390544977647785970e-04 3.428157571670677087e-04 3.275675163715757233e-04 3.183101459194587332e-04 3.159855381999888795e-04 3.327390556893341936e-04 3.557186880254319681e-04 3.601729647749117818e-04 3.494058400529069085e-04 3.368343753544979658e-04 3.213203788189573700e-04 3.103430118743733175e-04 3.163406286856244713e-04 3.272527086357968421e-04 3.251698353141728014e-04 3.266129255305532351e-04 3.279067601323923473e-04 3.351805966327866051e-04 3.552389550362212382e-04 3.572714253025682709e-04 3.424213880344562718e-04 3.252030867680049276e-04 3.159381398886217194e-04 3.176544908793814729e-04 3.250869470589470909e-04 3.459313491546813554e-04 3.513792889456046641e-04 3.339647182855800655e-04 3.258872703028565057e-04 3.255927336345006791e-04 3.246623086418041473e-04 3.326620904721109846e-04 3.399335393001633914e-04 3.256110494340403675e-04 3.102528338434385347e-04 3.150935280364967027e-04 3.235093808878837691e-04 3.331290733938494170e-04 3.358692899139893327e-04 3.257542818141473612e-04 3.217929986515385239e-04 3.238768636663107376e-04 3.254732282610722132e-04 3.118934140107922732e-04 3.000873687327716265e-04 3.080811747854232023e-04 3.278258765891468775e-04 3.301441161825101073e-04 3.171304058130208227e-04 3.131942974482213645e-04 3.310664807311542433e-04 3.491439039757771013e-04 3.454572886707962202e-04 3.307186259060973781e-04 3.273337629121268830e-04 3.209889409943684959e-04 2.619335131632989102e-04 1.789136033454958512e-04
1.962925943027905569e-04 2.632351909711594146e-04 3.075291985840060806e-04 3.185349321528693073e-04 3.277261566331019144e-04 3.369862161099828842e-04 3.287166976730795205e-04 3.197571940842773444e-04 3.257167543096123677e-04 3.398837253198672354e-04 3.414011771068292764e-04 3.209940671632204165e-04 3.136913089053514417e-04 3.230579690214484441e-04 3.259821520300347714e-04 3.297154500204162869e-04 3.260068765530463970e-04 3.242858222955862803e-04 3.395599407083433816e-04 3.490335740209708423e-04 3.446422169457197282e-04 3.390454138286039297e-04 3.294115044366559600e-04 3.242390281773219500e-04 3.204560523201103713e-04 3.221886338935312519e-04 3.263669835245905718e-04 3.231256729456662125e-04 3.186670040542860039e-04 3.271968707878533666e-04 3.473018287975776063e-04 3.562579099195646234e-04 3.454203180999212779e-04 3.444435772347423678e-04 3.589537347061096616e-04 3.691198240037160639e-04 3.552157937039827256e-04 3.348186849790044713e-04 3.220991523176164805e-04 3.157546401144752189e-04 3.207921955083570362e-04 3.397767040169461070e-04 3.518541662569016609e-04 3.478932066462215081e-04 3.372535252287134724e-04 3.203125658987611250e-04 3.030708057261517156e-04 3.166058348545315029e-04 3.542142067362593445e-04 3.635434653957426944e-04 3.432805218297569835e-04 3.302461855980676447e-04 3.309448096249396898e-04 3.266642948374535527e-04 3.268140681067108417e-04 3.369808297130666604e-04 3.351457025672138421e-04 3.235090058221883622e-04 3.190734152039861687e-04 3.407967260040669581e-04 3.723515380393070499e-04 3.767673849678724327e-04 3.566835922418384701e-04 3.304171034842119268e-04 3.120472957693082175e-04 3.129946113592603409e-04 3.212796433398024901e-04 3.398408189649116187e-04 3.402895904449449111e-04 3.180903207137444465e-04 3.097637829557022340e-04 3.071985511529323840e-04 3.073809506522099484e-04 3.265564646699167838e-04 3.408473243535486020e-04 3.300331487859184572e-04 3.173977802941503352e-04 3.213723027057597626e-04 3.331884803230119371e-04 3.410155627328711114e-04 3.322509102321532940e-04 3.224318633011561785e-04 3.322586259048681255e-04 3.492939860903971402e-04 3.562281221010661202e-04 3.352006937305310446e-04 3.128259362513741452e-04 3.178382178616317587e-04 3.365139050787922760e-04 3.356694164152121277e-04 3.248098479211075271e-04 3.196729715249895919e-04 3.297854890140144773e-04 3.387920755457060618e-04 3.271500481252999251e-04 3.174912896088368441e-04 3.289911021591451247e-04 3.261188471186188742e-04 2.628554841344565266e-04 1.773242958761720041e-04
2.030817959140135453e-04 2.706082549166939633e-04 3.178684748097748442e-04 3.261006550569338380e-04 3.304547408114817024e-04 3.393370573722411746e-04 3.298205021674095803e-04 3.283423616330918750e-04 3.454311947974607073e-04 3.543969028503335438e-04 3.515870788169395134e-04 3.385553122605851600e-04 3.341860269275845536e-04 3.369798150041088515e-04 3.379557524580626272e-04 3.445133578833131671e-04 3.339957700500765635e-04 3.265370271957747199e-04 3.403246143812148784e-04 3.463277250863654676e-04 3.290541407824738515e-04 3.216301371958869165e-04 3.323004883092855848e-04 3.424077896618197962e-04 3.325771431727954212e-04 3.192662403151660033e-04 3.182547684924759467e-04 3.119873506388260321e-04 3.000625410167448871e-04 3.043923527993648180e-04 3.340736867194901358e-04 3.541428127534917850e-04 3.378975780238047989e-04 3.289457910993117936e-04 3.444068541055793483e-04 3.617350963936769677e-04 3.597681916293331717e-04 3.423912583823982090e-04 3.300338785289521444e-04 3.242270419727317794e-04 3.333689167011214352e-04 3.542991990157512297e-04 3.521949341868635093e-04 3.394899144517567234e-04 3.270321416300938245e-04 3.079723119523688829e-04 2.913107395437664776e-04 2.991144807575068934e-04 3.374788709341650615e-04 3.581981636913533881e-04 3.445534006000791974e-04 3.303800090573759613e-04 3.354895978290401912e-04 3.374616888980008734e-04 3.396097089621641428e-04 3.510725352779106080e-04 3.513768166089705804e-04 3.318068921972528460e-04 3.164190373668469966e-04 3.304666601241863962e-04 3.587775019380248461e-04 3.671915364854067194e-04 3.511141248174790789e-04 3.295630395065309156e-04 3.088371542786166944e-04 3.081291768809995700e-04 3.247541624573751498e-04 3.420185066882210339e-04 3.312065169254131865e-04 3.096167328159086748e-04 3.086166149643517951e-04 3.126642528516031402e-04 3.179940309444110333e-04 3.321574944203039854e-04 3.388018636284473046e-04 3.361196264322655015e-04 3.335018896158022930e-04 3.396923800848403369e-04 3.513591787290687983e-04 3.522309602924684623e-04 3.342067496029135732e-04 3.212920127420780493e-04 3.321434092912371543e-04 3.551174633132075237e-04 3.706724740396352951e-04 3.521606992882818105e-04 3.279997586678285262e-04 3.345825536101855154e-04 3.489967800398657794e-04 3.420787427811948413e-04 3.314726600477794268e-04 3.284788142945602694e-04 3.327053599010629790e-04 3.308585017234610178e-04 3.106404891674117031e-04 2.994165643973980607e-04 3.161617876536362403e-04 3.176678873232501878e-04 2.586659877443323887e-04 1.734881197784217898e-04
2.107566007862699215e-04 2.720687340308041140e-04 3.197745431296726299e-04 3.280792501982120299e-04 3.295315726439421253e-04 3.379675998732371281e-04 3.292399087290608008e-04 3.279534994069171561e-04 3.429276907145132865e-04 3.486790710657140368e-04 3.513741668060500929e-04 3.519592908192337079e-04 3.517344777434389157e-04 3.467304515050107427e-04 3.398205637545870759e-04 3.463993962906092164e-04 3.353016445045211300e-04 3.168041232523582007e-04 3.183672033263570088e-04 3.246487416485836644e-04 3.178288432305434756e-04 3.160828293273336138e-04 3.370313326338031032e-04 3.562028536180252393e-04 3.487185308136128768e-04 3.344032070230593839e-04 3.308132879911434708e-04 3.171602967926622028e-04 3.000405866589110192e-04 3.002060764619270865e-04 3.222046685029367977e-04 3.401961802425204195e-04 3.184390267078744696e-04 3.057284585777689766e-04 3.264833223651232271e-04 3.468494611431281174e-04 3.553451537919165596e-04 3.533242331732229383e-04 3.401256520195950405e-04 3.198605765002295975e-04 3.206746054650397174e-04 3.436610935142892908e-04 3.495524276835034567e-04 3.377972267582184628e-04 3.211227127279255261e-04 3.081968310428245643e-04 3.025080099079362314e-04 3.026767199159727424e-04 3.254556073741051055e-04 3.406388998326460990e-04 3.291859265402478051e-04 3.193443257449799779e-04 3.295689348118917132e-04 3.354891182042233320e-04 3.386304675891010398e-04 3.457612411299819605e-04 3.510359313334076138e-04 3.446792837408452432e-04 3.290935971510492320e-04 3.228808166379887844e-04 3.292396933344816749e-04 3.326546308294695974e-04 3.223059236777987965e-04 3.174368460034907198e-04 3.155244582958878627e-04 3.213590846949297914e-04 3.385611157267326941e-04 3.507393714926355672e-04 3.347236338591528691e-04 3.184597009136819071e-04 3.197830348657208495e-04 3.209671180951337885e-04 3.230000588447865103e-04 3.289341767279473452e-04 3.283685541760644104e-04 3.243094809588127625e-04 3.339587629498704663e-04 3.555935504455447985e-04 3.613473691555122921e-04 3.436440282837098926e-04 3.207438226855110390e-04 3.119353222566795128e-04 3.236478339106736279e-04 3.433796634966474826e-04 3.614444034827488843e-04 3.528132729464796523e-04 3.386650098107679588e-04 3.468116426156453045e-04 3.454391050507448066e-04 3.301183179455755880e-04 3.234580119261238717e-04 3.282430563157259893e-04 3.373242226994144222e-04 3.351377350718677409e-04 3.125387834644166151e-04 3.000684935409106283e-04 3.089116333297687667e-04 3.054603110505854820e-04 2.548464562178891831e-04 1.766347769905912007e-04
2.003882323274867503e-04 2.622904459572354251e-04 3.184144089845723281e-04 3.306315471489581527e-04 3.274645742158567964e-04 3.347251254867512709e-04 3.258110270621289743e-04 3.104040968409666878e-04 3.125950331624556219e-04 3.220163764416381167e-04 3.296329577038156159e-04 3.344442749910190899e-04 3.385168768784416801e-04 3.400355281044829207e-04 3.348628561029039609e-04 3.413761401000069595e-04 3.369701548446760024e-04 3.147690646930115894e-04 3.071935674100417877e-04 3.157271817682511883e-04 3.247940251597533439e-04 3.277371101376965259e-04 3.348677611385088054e-04 3.382961397035283424e-04 3.308445136935119955e-04 3.277073321251270949e-04 3.323188396113184711e-04 3.285927249673361097e-04 3.259417927088483803e-04 3.269384459767714964e-04 3.313518756258539621e-04 3.350666653526025696e-04 3.129433536053559763e-04 3.012519267456866944e-04 3.150578618047096698e-04 3.252597110358618052e-04 3.317122896434469880e-04 3.435430192033660842e-04 3.362711037105230996e-04 3.087207558024315573e-04 3.028360848185866283e-04 3.277731038462172774e-04 3.499475711626980588e-04 3.485736700028804584e-04 3.363113166125818003e-04 3.313815283758675856e-04 3.256232420407385625e-04 3.166205877632740739e-04 3.264564275005767471e-04 3.279538960777343345e-04 3.094397043107385316e-04 3.017323188770922970e-04 3.202230646900255397e-04 3.375813155936610598e-04 3.449975897964703336e-04 3.449186634023620091e-04 3.460110825955043474e-04 3.455377531826770701e-04 3.309424730005721175e-04 3.164518614488922915e-04 3.190966849359845527e-04 3.286356014710344097e-04 3.192804640377644508e-04 3.135213876234506803e-04 3.248189146818574835e-04 3.394695989594862960e-04 3.474891072803578621e-04 3.454333916862030278e-04 3.330434251487043168e-04 3.289436497873228504e-04 3.340164597330392573e-04 3.350696582535419655e-04 3.295096318665036378e-04 3.232051561994206054e-04 3.173926709625838867e-04 3.085124801620872182e-04 3.263542397965353298e-04 3.593004029797573166e-04 3.540231359177204058e-04 3.218843915879515010e-04 3.061485736128711338e-04 3.107331963660601255e-04 3.198791771576466438e-04 3.293565060266884833e-04 3.434118461099394995e-04 3.408960383772642946e-04 3.379353313769890908e-04 3.454250122827457912e-04 3.312458692425893428e-04 3.119292075135083990e-04 3.161019286926428627e-04 3.283946728497581964e-04 3.387038250306489279e-04 3.342680904221696217e-04 3.157882585872987696e-04 3.121892424490751820e-04 3.114228067375469380e-04 2.962520498282787598e-04 2.481922306450799103e-04 1.779538290648551067e-04
1.920894948615637786e-04 2.611625137510135237e-04 3.224866742906883099e-04 3.326697049092814545e-04 3.270883777955991764e-04 3.373897758806970433e-04 3.298103724167113899e-04 3.085519420106363868e-04 3.058326117084855366e-04 3.181049994864610861e-04 3.232154298442122681e-04 3.243618518489200771e-04 3.260797484331299850e-04 3.300964839775822864e-04 3.306445117592003388e-04 3.358262013876632795e-04 3.366021302902597826e-04 3.201929090984069731e-04 3.118776796400743716e-04 3.227095574216732893e-04 3.430537226096125108e-04 3.476965584936211277e-04 3.324797429660013835e-04 3.150508563613913459e-04 3.083812214057625261e-04 3.151789539079325126e-04 3.328763768535974435e-04 3.527383305504971402e-04 3.638179207938723597e-04 3.563254956640012723e-04 3.494918648049066736e-04 3.454345183335638279e-04 3.238719685574487517e-04 3.117604844804298513e-04 3.185391674544850189e-04 3.214182318312457337e-04 3.159379839623706961e-04 3.273753655976782456e-04 3.275926058309028364e-04 3.008860878355536011e-04 2.925718280455671602e-04 3.170190613905651388e-04 3.396287255705940800e-04 3.422194959506884467e-04 3.424098187000532882e-04 3.454769669354293459e-04 3.327612956443711748e-04 3.175955944905891324e-04 3.263530757211064522e-04 3.286232965248756183e-04 3.126185699972934724e-04 3.032026354480798179e-04 3.147408339408311437e-04 3.352181261628523834e-04 3.503894700489123323e-04 3.531358046846611075e-04 3.465093807117062457e-04 3.380967150912404231e-04 3.255148547604520891e-04 3.142900721451503693e-04 3.237143734611651618e-04 3.462584966911223718e-04 3.418779524733206801e-04 3.273870876440736948e-04 3.300945259460515363e-04 3.418041527055196388e-04 3.474037367700546141e-04 3.387806738501050611e-04 3.292308608916738838e-04 3.345526121994469573e-04 3.479570691784898435e-04 3.537664461430847567e-04 3.426602563411970778e-04 3.241404219158815149e-04 3.129728653091550699e-04 3.034238036599146973e-04 3.173471847376273724e-04 3.424105319962872157e-04 3.309229119953220220e-04 3.078858069294585116e-04 3.124863258529401739e-04 3.255018711701617926e-04 3.210014966421832826e-04 3.139383842611961472e-04 3.148638192209886506e-04 3.150700500519781639e-04 3.285054976781795239e-04 3.460837029892956411e-04 3.394989394982976614e-04 3.209308668357919265e-04 3.257808170394505963e-04 3.381882756345668288e-04 3.465009959776333944e-04 3.360644426914929060e-04 3.209480149916413283e-04 3.289359265078486126e-04 3.263365756027797283e-04 3.051669999423071772e-04 2.506571301650548913e-04 1.767816261573791885e-04
1.989194172962653433e-04 2.723162834511699652e-04 3.210843222167725957e-04 3.169252444368272437e-04 3.120860279721684657e-04 3.306665787664629999e-04 3.357571597805267044e-04 3.306018473401411148e-04 3.362875973786148918e-04 3.453781736650900387e-04 3.402480346178648075e-04 3.344574853808065379e-04 3.298868567365108285e-04 3.288681419044728283e-04 3.299951503442021764e-04 3.264646170559888758e-04 3.196733121989059150e-04 3.056315542644435883e-04 3.025941787481856290e-04 3.214269898533130129e-04 3.552296827682610743e-04 3.640010330720446418e-04 3.363599557342574105e-04 3.123583782237601388e-04 3.092281103988414777e-04 3.163773522048848419e-04 3.346835007486342428e-04 3.615856709944650026e-04 3.692650807897016659e-04 3.510868294518788369e-04 3.436049873470107489e-04 3.488672750827613578e-04 3.377027550926563703e-04 3.267357253664704289e-04 3.309215151991185813e-04 3.330759060950345659e-04 3.219062119643607270e-04 3.292809102588460462e-04 3.329134513633460611e-04 3.070637737580883065e-04 2.902084612271778937e-04 3.075106196438710327e-04 3.289012513027951296e-04 3.404227287055251760e-04 3.471090227671943932e-04 3.429197076581310018e-04 3.272727762337238706e-04 3.175580644534725184e-04 3.278005741909821406e-04 3.364932799771023662e-04 3.349220159720443010e-04 3.261421885221564587e-04 3.126191615435719592e-04 3.139371277555970353e-04 3.308566333101379251e-04 3.429323913889642094e-04 3.359736074498038266e-04 3.277580696266467215e-04 3.271034246376863710e-04 3.221405930312836417e-04 3.275123869991820131e-04 3.447506811930218075e-04 3.440481263357033563e-04 3.319005905824946282e-04 3.243079254484405611e-04 3.314769045637534729e-04 3.435686008085039552e-04 3.410452497559499150e-04 3.294701030824769093e-04 3.342025071174470167e-04 3.522500733692312874e-04 3.549965687505793484e-04 3.407088720396593464e-04 3.193874701634666141e-04 3.100099191826826382e-04 3.137639519730407592e-04 3.254487557698658440e-04 3.301033260174599838e-04 3.155315513950851612e-04 3.119552056625565827e-04 3.366229604382102079e-04 3.534695519764674901e-04 3.358783529597776825e-04 3.097170266048471124e-04 2.945738112345584921e-04 2.965031607970729666e-04 3.219022784653288076e-04 3.486268279547858869e-04 3.536389746862157756e-04 3.377756801376214182e-04 3.349276978894026808e-04 3.473146538383653829e-04 3.580580406163364317e-04 3.483853319586235594e-04 3.383565375332440962e-04 3.497206577934933733e-04 3.479940313098283896e-04 3.258522172343430458e-04 2.617831807419519741e-04 1.759151947666911500e-04
2.108252339403062425e-04 2.880065414633603072e-04 3.226861870236876406e-04 3.021434065767794564e-04 2.959098364237105821e-04 3.179965272822542861e-04 3.301134278204451286e-04 3.382720016034450545e-04 3.610632728433941542e-04 3.787541084195241987e-04 3.628395765630449202e-04 3.356427600956794137e-04 3.190404883490878746e-04 3.206940561381732145e-04 3.312497358587320070e-04 3.345356549262753837e-04 3.248816583236690788e-04 3.010714116503882334e-04 2.914113779357982090e-04 3.086598252506621591e-04 3.436977615387987227e-04 3.582775671404383978e-04 3.378060906417987112e-04 3.183913035357240160e-04 3.193149344307300713e-04 3.239006781328444872e-04 3.311067284044079276e-04 3.439034490186671953e-04 3.366438858695851213e-04 3.148538128286386276e-04 3.160039207635924633e-04 3.385905329095284045e-04 3.451578387460874108e-04 3.379104594283760077e-04 3.343917899789638267e-04 3.327064492166439675e-04 3.231877390660007352e-04 3.306638611591596359e-04 3.421591665296963656e-04 3.269943795649626786e-04 3.089255997800839843e-04 3.177495338329560130e-04 3.376856585420613807e-04 3.570747058930063503e-04 3.584983122590657814e-04 3.379556182399977965e-04 3.262170584198356574e-04 3.311461190582411750e-04 3.381258630382657365e-04 3.418449697879495999e-04 3.471179420722589381e-04 3.445794246616030510e-04 3.256465182682050097e-04 3.133956546575235617e-04 3.194416174435933849e-04 3.241282587192582812e-04 3.139426229625135486e-04 3.128949297004500647e-04 3.287687982692523024e-04 3.371079768431864822e-04 3.397903044858182025e-04 3.401592709588378664e-04 3.312314365216423198e-04 3.189334741225654580e-04 3.089507635877554188e-04 3.261669449699340292e-04 3.565444895860330984e-04 3.557804262293093735e-04 3.306383067544571910e-04 3.305391920733312264e-04 3.503180703102711305e-04 3.484804119910368510e-04 3.338962102237745620e-04 3.177246686286991427e-04 3.093330543031197954e-04 3.231214974373126936e-04 3.376123561586345323e-04 3.319471678452413661e-04 3.209655555553088836e-04 3.281747875066363777e-04 3.586987069667286077e-04 3.746334400588646491e-04 3.537560194195237071e-04 3.180569904690062292e-04 2.934609562841516365e-04 2.942391508758324028e-04 3.192485666096842511e-04 3.419496022075647684e-04 3.447216363121963830e-04 3.300668674046680108e-04 3.280015015887225620e-04 3.433178848506537872e-04 3.531145174194320283e-04 3.481263471809432084e-04 3.460159467448740934e-04 3.501252644639373619e-04 3.440403027626030125e-04 3.208008287236326778e-04 2.530844473458932300e-04 1.679240612816690977e-04
2.180154656874057708e-04 2.975228793343487050e-04 3.333985668443406125e-04 3.111737107406088200e-04 3.001714503928876003e-04 3.123559175689213973e-04 3.183571758011328892e-04 3.281243328839921858e-04 3.638385174720955642e-04 3.952054928665661715e-04 3.748772734974129993e-04 3.286224701927198139e-04 3.064731254118294992e-04 3.155276409289287619e-04 3.351351597325302311e-04 3.543755204508501492e-04 3.552309040453253616e-04 3.316832578963986697e-04 3.126243812684834805e-04 3.135943599108814727e-04 3.271403510324081805e-04 3.383466072294950963e-04 3.367852992433876462e-04 3.256287381074678394e-04 3.267857057014187522e-04 3.350273491104966447e-04 3.372205418767962011e-04 3.365915814767245348e-04 3.160199369567812154e-04 2.848748483502523080e-04 2.854941097393645828e-04 3.147786632619410706e-04 3.366640825515182750e-04 3.388831555980244834e-04 3.333889774778369536e-04 3.337028067367338508e-04 3.275182568308186064e-04 3.272143814524150528e-04 3.353497539608130845e-04 3.324946071780065680e-04 3.298384731525164570e-04 3.331306160512468575e-04 3.414912138047745309e-04 3.547142460170555830e-04 3.474975271670750722e-04 3.274028362267910122e-04 3.318020585090514099e-04 3.480379490203699814e-04 3.440793362041055271e-04 3.320903251428608777e-04 3.330971592775453893e-04 3.410518254364160889e-04 3.404211271183262130e-04 3.293936283194355791e-04 3.227257164470606924e-04 3.140745445990027911e-04 3.016756686318359344e-04 3.090388358757173611e-04 3.406550360741160627e-04 3.641198596272175953e-04 3.679316837950748686e-04 3.526296229813512132e-04 3.264795036964070825e-04 3.061557041082126648e-04 2.980994832333276135e-04 3.235447462861156323e-04 3.615121565555414569e-04 3.534584937918693352e-04 3.219853660749217878e-04 3.254237399845784189e-04 3.448397422536144709e-04 3.413135555971202753e-04 3.326408216522180926e-04 3.312731668409623080e-04 3.264798255730901044e-04 3.325188288322729595e-04 3.397701961938505346e-04 3.368643779372380159e-04 3.316804938777380722e-04 3.327969481023012070e-04 3.506944633388028995e-04 3.620231335093273455e-04 3.527870862862314376e-04 3.266195425899288225e-04 3.029134351288963255e-04 3.034341667203244446e-04 3.261417316446995306e-04 3.426159277038552491e-04 3.365240131952401941e-04 3.183770443672457218e-04 3.177275774717769016e-04 3.316224328980133928e-04 3.405795022405309360e-04 3.373945444137525524e-04 3.311177695936678945e-04 3.232398519629316939e-04 3.177963877913181725e-04 2.982490622223088993e-04 2.343728296217351050e-04 1.590541889305441682e-04
2.223863226922516445e-04 2.966428314794623865e-04 3.399037690521960727e-04 3.272316901555274386e-04 3.119664733715215069e-04 3.125302142041045316e-04 3.142819913090963554e-04 3.234395474088123078e-04 3.565743431322237166e-04 3.876668775957918794e-04 3.724622569167765351e-04 3.303617205923801894e-04 3.114157806405162040e-04 3.156149171037486061e-04 3.256772521319587768e-04 3.458450870235154620e-04 3.573060657448217476e-04 3.505980307541454663e-04 3.364388181577582237e-04 3.258719511701414946e-04 3.194157959828969762e-04 3.269410767810081728e-04 3.408619595081746026e-04 3.392947440248315124e-04 3.387815980253200952e-04 3.471672012899628388e-04 3.465253016177111470e-04 3.409207720646751944e-04 3.202383949034190262e-04 2.852413552046580473e-04 2.857268973867617239e-04 3.161891042452001773e-04 3.374812175909367405e-04 3.349813909931714708e-04 3.258384439635141246e-04 3.304213740807065828e-04 3.311628597460915648e-04 3.252461265386078892e-04 3.240651432695730800e-04 3.291492828389956486e-04 3.378143161149865380e-04 3.336803139656670941e-04 3.311840265644228000e-04 3.380270900922181581e-04 3.290500568025483442e-04 3.207643190416360670e-04 3.426667492193674700e-04 3.636368546173690324e-04 3.530092626925639848e-04 3.301368237257440528e-04 3.201145895663761115e-04 3.272718543255333495e-04 3.355456108586221762e-04 3.344232968687222926e-04 3.365583156209161608e-04 3.311520619531096109e-04 3.145390541909560489e-04 3.122433175333080499e-04 3.409679051723009001e-04 3.694047152359239156e-04 3.753173613658172727e-04 3.536326333456634493e-04 3.207683795980005234e-04 3.041876386062446333e-04 3.075191239952999975e-04 3.332177315329165092e-04 3.557465210443252449e-04 3.331005778668708018e-04 3.051368970795750261e-04 3.162255824380903269e-04 3.342607124201186814e-04 3.297155407379283483e-04 3.261786102934397468e-04 3.371469955010159589e-04 3.420074753678057407e-04 3.438825536246182071e-04 3.437578614583695728e-04 3.416007284582646929e-04 3.343102976166446427e-04 3.230466848147271796e-04 3.201122353591033011e-04 3.244996429853624475e-04 3.309603266473672384e-04 3.266150769710093622e-04 3.164165215098051491e-04 3.227989868061317174e-04 3.445600737833036257e-04 3.492530005265329172e-04 3.297358411068828732e-04 3.123698105304305913e-04 3.163601252472302439e-04 3.276610740144096515e-04 3.310751396952041998e-04 3.231032757325157448e-04 3.160371853489445495e-04 3.090863457346064999e-04 3.042046907611442239e-04 2.830050126878481324e-04 2.255643017477148519e-04 1.543344112629422703e-04
2.416788051354523128e-04 3.024279059827222980e-04 3.451733619702162213e-04 3.427576821088475527e-04 3.246832642145000320e-04 3.179340221726528423e-04 3.186017178340443839e-04 3.241702603727617980e-04 3.391861640686715191e-04 3.581106929741099238e-04 3.537671416119741031e-04 3.278169981015920239e-04 3.175747019023955186e-04 3.193618913693141827e-04 3.157463047637078636e-04 3.194206905426849922e-04 3.316199242905715000e-04 3.417619889563776152e-04 3.434828356877945611e-04 3.371863478226208642e-04 3.244528022728851999e-04 3.262306257837495793e-04 3.396374982035737199e-04 3.453784118748920743e-04 3.453768097671404890e-04 3.465002707445436663e-04 3.417997228279955361e-04 3.394616428103101836e-04 3.318334953188630931e-04 3.142943457031551315e-04 3.265055828875877979e-04 3.526334626261474429e-04 3.576038268309982655e-04 3.373343508880510431e-04 3.179298232750726785e-04 3.207923877445048805e-04 3.218160442115458792e-04 3.152230787125993730e-04 3.175359396531665028e-04 3.320184895927772405e-04 3.395289733516415479e-04 3.307286694814315234e-04 3.251314644552552764e-04 3.296513061750653683e-04 3.306514325446267464e-04 3.357625718400846990e-04 3.582075432053516656e-04 3.698982907814502572e-04 3.563468442397899538e-04 3.339024243214358057e-04 3.177985862315255584e-04 3.182747765878571810e-04 3.250772824044314419e-04 3.324893487623993798e-04 3.469007883701569466e-04 3.538069705649247824e-04 3.391505001925386236e-04 3.167646616350246322e-04 3.219889895096599681e-04 3.422314228724699205e-04 3.520662198416314444e-04 3.426710726114455150e-04 3.242107284067056268e-04 3.183246399965066744e-04 3.274571228419594429e-04 3.460702770791358653e-04 3.502716116959815541e-04 3.183156892121387534e-04 2.918940012194654542e-04 3.038712829585440110e-04 3.297752907814758628e-04 3.359157417716618875e-04 3.255956807564000109e-04 3.266080510643920142e-04 3.345374346332040871e-04 3.427728348225599075e-04 3.479518588057120814e-04 3.452224081909206353e-04 3.323960221289762708e-04 3.181740731999303361e-04 3.081387566791389532e-04 3.092666455294437993e-04 3.247199701001529919e-04 3.337381060802027634e-04 3.314681565568211824e-04 3.432487666149398138e-04 3.660861113514635905e-04 3.592270718964752046e-04 3.269465832564070898e-04 3.131955893835003911e-04 3.213181338289177987e-04 3.257885286066308306e-04 3.184503330727510902e-04 3.147524148370652096e-04 3.265466119772347168e-04 3.286051044128626220e-04 3.144938632335305545e-04 2.855595734338491325e-04 2.292598727694392341e-04 1.535516694905665353e-04
2.565783843471144466e-04 3.045201656579366056e-04 3.374643120172575103e-04 3.396357516980525685e-04 3.224375538066660699e-04 3.172061324124916684e-04 3.232489289859972244e-04 3.247448373457571509e-04 3.243316887300357531e-04 3.330314387535084769e-04 3.330460621800126943e-04 3.164452113111359578e-04 3.168439023254939748e-04 3.269893755861538352e-04 3.204680367837496255e-04 3.102753668118497137e-04 3.160992235032294029e-04 3.326482673023125583e-04 3.486993796984104660e-04 3.528228711112330919e-04 3.377044591914330103e-04 3.224151671925277757e-04 3.219026012742402451e-04 3.295841538715727718e-04 3.320103135280457439e-04 3.322684678329774740e-04 3.307772948610038124e-04 3.347734172236164021e-04 3.383746700730045796e-04 3.381330015844027578e-04 3.513866126892181262e-04 3.617500094111298454e-04 3.540390550759674442e-04 3.326448432263267034e-04 3.109441536698340832e-04 3.080965697720598273e-04 3.079148825539726182e-04 3.075800453748000606e-04 3.189383563521264110e-04 3.361991257729853673e-04 3.382986017459091292e-04 3.320636943172795147e-04 3.267357794910550717e-04 3.237098485947720750e-04 3.320385144046455019e-04 3.438795942339186416e-04 3.533376384729614668e-04 3.568317142656271665e-04 3.496860396290822279e-04 3.407210843255086994e-04 3.366032599242469369e-04 3.323821360642939906e-04 3.248480240145972539e-04 3.230222333407741777e-04 3.332629566374494543e-04 3.515518260836115322e-04 3.554038421293010926e-04 3.309448204138471092e-04 3.192268446359367495e-04 3.286484913538931349e-04 3.406482386024821006e-04 3.460918669263840638e-04 3.397381202072960677e-04 3.335841878393222722e-04 3.383238925424183032e-04 3.508314688552129708e-04 3.466104456866992063e-04 3.148955433334781301e-04 2.900377175482332214e-04 2.988042789638332150e-04 3.357190508134981054e-04 3.552282615103659552e-04 3.306032801271720071e-04 3.123600603648558254e-04 3.207763141517445417e-04 3.365576385230309138e-04 3.481023548411334547e-04 3.474143417985031744e-04 3.334809852528024515e-04 3.197945999652392545e-04 3.147439481847864699e-04 3.179033556557213673e-04 3.299191526793145276e-04 3.316481723836592474e-04 3.192307809650044622e-04 3.262874638634344544e-04 3.540391769609208547e-04 3.605925242256079839e-04 3.406462411385052184e-04 3.284315739154964123e-04 3.266575392024123744e-04 3.228085202371828175e-04 3.143188521578710770e-04 3.248998441298974046e-04 3.501746145481679680e-04 3.507890326568646310e-04 3.344514295694718314e-04 3.044188603736513229e-04 2.370245439242790839e-04 1.520590003950973820e-04
2.404365941526840429e-04 2.973514183307426114e-04 3.305553269881888676e-04 3.229972081428321776e-04 2.996317636616733040e-04 3.043758056839449737e-04 3.211802122083412970e-04 3.159205157910999597e-04 3.076144113776521031e-04 3.126723514586129222e-04 3.167475885001129346e-04 3.111074398214868221e-04 3.180672820636145466e-04 3.315533497303658171e-04 3.238056915487534096e-04 3.090485243793565325e-04 3.151244425930390010e-04 3.381208166661905327e-04 3.524461886158580326e-04 3.538589869046875015e-04 3.433533649110158100e-04 3.217673799822931731e-04 3.078925630463332300e-04 3.077689806323952041e-04 3.127643080930379415e-04 3.208732352111812094e-04 3.245912758189182655e-04 3.263889058802291123e-04 3.284772325897958724e-04 3.337842673387811593e-04 3.446842657859875607e-04 3.490539194249828647e-04 3.416617908868590896e-04 3.356732032577259542e-04 3.210371994563045368e-04 3.096987360120925423e-04 3.121748338954125979e-04 3.185749773417519246e-04 3.275418736769012112e-04 3.402156001251905844e-04 3.456883395844560693e-04 3.464114689165815361e-04 3.357871390704312122e-04 3.195833828368852599e-04 3.252223605194236788e-04 3.302351885359737916e-04 3.239214407480088542e-04 3.345660656837785201e-04 3.472859043560173387e-04 3.472384711149890729e-04 3.522600329078358176e-04 3.467301072351929025e-04 3.296445117085902449e-04 3.186236459798770949e-04 3.185539373485173379e-04 3.364936973434605829e-04 3.572283806372358850e-04 3.494053375830157471e-04 3.297992373824559006e-04 3.240816194151696986e-04 3.362257731052165641e-04 3.469312442292764808e-04 3.421168800493025854e-04 3.327146085783277193e-04 3.352647216460755185e-04 3.496523459020029964e-04 3.453094866153374586e-04 3.191248598177075409e-04 3.001243706415290531e-04 3.081388421707919895e-04 3.458895754347653161e-04 3.581555960079369351e-04 3.213622228488385076e-04 2.996214003071939920e-04 3.130985648732588348e-04 3.299565577220531752e-04 3.398982883413824451e-04 3.431672712541733818e-04 3.385364448779948614e-04 3.286837182597895056e-04 3.211252863198734223e-04 3.217771705758203744e-04 3.308640804154781455e-04 3.260823912580355726e-04 3.043121093037362513e-04 2.999946069086757011e-04 3.208947943448653374e-04 3.424957640880436026e-04 3.455134046530492246e-04 3.370136909731259863e-04 3.304418276472143837e-04 3.312158051949459217e-04 3.307371758505951004e-04 3.424546936189069510e-04 3.579958921202200947e-04 3.493873615930614767e-04 3.414217578434907709e-04 3.178527204979114196e-04 2.390346968225086051e-04 1.494795207047769272e-04
2.268463289598757811e-04 2.992643033389851557e-04 3.375753666835800988e-04 3.152959078762553437e-04 2.861211666734215587e-04 3.050493102894062561e-04 3.305088691852931578e-04 3.135341194390936764e-04 2.943687358394031202e-04 3.012977439247073843e-04 3.171748033596736346e-04 3.230038777354586263e-04 3.265467408552667154e-04 3.345504745357760984e-04 3.256922679961063568e-04 3.086209325531801950e-04 3.143471826514349153e-04 3.376000567248985075e-04 3.400048342300580591e-04 3.344424463998165874e-04 3.393349251177692292e-04 3.347100450806119311e-04 3.172837841596676104e-04 3.074409329549065506e-04 3.152101177508884796e-04 3.300335701796915230e-04 3.372485380228616757e-04 3.326067316700750520e-04 3.273358460213168005e-04 3.306803980318796712e-04 3.383770020431974283e-04 3.401820304590204682e-04 3.341747973525810043e-04 3.403975152144053597e-04 3.377101178586046750e-04 3.266886338951518641e-04 3.327724251707154255e-04 3.353177561815542376e-04 3.300882744365054504e-04 3.365341687685826462e-04 3.482389241113401394e-04 3.544579530279296019e-04 3.379956813328025738e-04 3.157288877025435630e-04 3.187617711267851268e-04 3.157083679307130710e-04 3.019595967530541171e-04 3.186955427673853142e-04 3.427141213957541656e-04 3.378240061401052664e-04 3.330145721316181981e-04 3.293302171159343547e-04 3.257606106571853252e-04 3.256244219922393816e-04 3.201481208843544183e-04 3.218787643733821320e-04 3.427951516903642222e-04 3.541307040055884439e-04 3.348950116086393271e-04 3.115075963531104865e-04 3.143176461269922345e-04 3.230230296026707654e-04 3.262614905904948764e-04 3.261475592627911270e-04 3.316925074715007158e-04 3.438136173291789829e-04 3.399942208050517984e-04 3.285348767819051179e-04 3.221130135081602588e-04 3.286030396014258826e-04 3.538004167895275132e-04 3.564614806742861554e-04 3.216914067793104652e-04 3.010487178774518685e-04 3.107131460125769798e-04 3.193760971488485492e-04 3.224485303079093748e-04 3.315622826194650295e-04 3.422630490631689321e-04 3.386577032178296367e-04 3.219509942878301216e-04 3.206922837003686700e-04 3.382921088287380875e-04 3.408690841308482759e-04 3.222566504311674077e-04 3.129706553637968481e-04 3.153034781179488372e-04 3.266214239408996673e-04 3.351721091741282428e-04 3.335523967411625811e-04 3.398905862830933896e-04 3.507932934473299261e-04 3.510370764604340199e-04 3.530380660325155729e-04 3.486193341076353203e-04 3.303303702217792216e-04 3.304874401115899356e-04 3.139727318785370857e-04 2.377650524441394966e-04 1.559483291994389134e-04
2.199145873240147624e-04 2.928334797675755411e-04 3.316186981614003236e-04 3.140239418484730991e-04 2.955166154253015482e-04 3.229543508987906810e-04 3.487944446975347994e-04 3.298416520237873809e-04 3.073039181986947387e-04 3.161601619119739628e-04 3.393831939957337156e-04 3.509403377286174222e-04 3.461918519166604590e-04 3.405550077250598306e-04 3.302350342832863998e-04 3.157474406986211617e-04 3.173939864705539130e-04 3.259334646294993016e-04 3.178356937924248053e-04 3.166962427963345697e-04 3.366367385353634736e-04 3.492802389790406479e-04 3.404771477872595349e-04 3.315832512177646759e-04 3.305414665843704291e-04 3.345721243524381718e-04 3.454992201250286447e-04 3.458254393549239870e-04 3.380831559354950211e-04 3.299079939232224231e-04 3.227810617744124744e-04 3.214564727883826830e-04 3.248367858596192459e-04 3.355918867091195338e-04 3.365432293617930332e-04 3.265795539722914521e-04 3.338242695000789720e-04 3.376564853163039432e-04 3.311804803078642655e-04 3.336141022919599311e-04 3.414825130182259851e-04 3.470695379454661472e-04 3.346921588275639887e-04 3.183156745618893153e-04 3.218661566843226594e-04 3.184863072969285579e-04 3.026524821085490344e-04 3.119222228163205830e-04 3.340342179196867248e-04 3.287093791855382743e-04 3.136134814381624151e-04 3.070822671430126520e-04 3.156155051509587075e-04 3.306784686607703964e-04 3.255749213743531394e-04 3.143613785372353919e-04 3.282971612090125743e-04 3.464890759362696513e-04 3.387393290617994124e-04 3.148608585910113076e-04 3.043637179664497334e-04 3.014376196528108275e-04 3.048091049877542911e-04 3.161118819966750185e-04 3.331590270472283618e-04 3.433825991045859143e-04 3.382315674949257613e-04 3.379610199708335387e-04 3.391843834951001205e-04 3.387191758611931419e-04 3.463119307576588510e-04 3.506542481037190954e-04 3.296833229978497065e-04 3.114758681346877487e-04 3.166770009704120820e-04 3.169241636704049235e-04 3.127295899132379216e-04 3.225220816098431234e-04 3.334221940187928872e-04 3.305635578687212426e-04 3.160479399967447943e-04 3.185507855083520665e-04 3.434702161259795428e-04 3.571592092957065392e-04 3.491315541559956970e-04 3.437272056483370070e-04 3.347942093591205009e-04 3.290231103479109411e-04 3.290640454204937066e-04 3.271077113688744889e-04 3.390361135253967904e-04 3.503170732681278390e-04 3.475453555609361563e-04 3.491272415251257116e-04 3.380505114565730612e-04 3.163895112411888510e-04 3.164141140792708202e-04 3.008720160007959457e-04 2.366620083146502701e-04 1.657292109796251398e-04
2.039270527130085874e-04 2.675798299213769495e-04 3.134570443841626906e-04 3.221257007715806666e-04 3.221018332568498428e-04 3.416495166428772101e-04 3.534391898512322713e-04 3.404779041691523636e-04 3.242495612488553117e-04 3.291648922305054153e-04 3.501919290983721532e-04 3.668768028949991587e-04 3.592359304494016203e-04 3.375380916636843125e-04 3.244948694306705114e-04 3.226799412943035482e-04 3.274698122704828543e-04 3.247736675057173554e-04 3.171869024068842526e-04 3.254992868647492757e-04 3.423270990912922638e-04 3.472793433018541006e-04 3.448049439576891285e-04 3.449270176686612655e-04 3.320042642699574270e-04 3.173721080851568286e-04 3.272070755053716352e-04 3.407605682638047834e-04 3.415819367378449879e-04 3.248996407298508160e-04 2.993140948594527184e-04 2.988717977929450744e-04 3.178224326804890334e-04 3.262710986338680482e-04 3.230908080837486228e-04 3.225339490193674958e-04 3.394368045076783923e-04 3.438246049618258124e-04 3.297319637545831827e-04 3.209898751318835579e-04 3.229362929979530611e-04 3.322850265621089382e-04 3.366328030394377473e-04 3.375824346635127103e-04 3.446270795539375670e-04 3.400078109810328970e-04 3.146139094385451873e-04 3.069862036658097806e-04 3.231038329989567451e-04 3.261915818136332766e-04 3.168626196342138961e-04 3.098269928284050172e-04 3.175952858539770967e-04 3.364143336441785233e-04 3.307678804474452425e-04 3.148226872586825558e-04 3.214075542489326729e-04 3.380384725752640009e-04 3.437715382103981093e-04 3.369131239165254151e-04 3.271618095895884775e-04 3.108546186150660216e-04 2.936040686748540960e-04 2.955958491547371991e-04 3.235094257968589081e-04 3.436360981167862084e-04 3.386486083027806927e-04 3.361693096621411843e-04 3.361236585329711759e-04 3.357520616841682239e-04 3.345841792703278242e-04 3.325682607135429223e-04 3.219922961533878405e-04 3.161210300889253201e-04 3.249472811348564066e-04 3.255464921850820953e-04 3.224222310969981973e-04 3.329424103201130357e-04 3.393125312275767184e-04 3.252969487206873347e-04 3.071385778369159969e-04 3.102076523402873178e-04 3.338167415220761811e-04 3.531814888387528346e-04 3.545104757834034444e-04 3.538230163069008881e-04 3.434561101496667987e-04 3.295616822878755280e-04 3.241524633276639646e-04 3.206839547217629023e-04 3.249124568558975769e-04 3.332440484135030341e-04 3.343749714145550990e-04 3.355075990982884192e-04 3.267198248706044928e-04 3.130848585201605476e-04 3.101024180243943762e-04 2.913314338431609199e-04 2.331410641177511435e-04 1.645119859314297028e-04
1.915402760804511698e-04 2.531615262995032299e-04 3.107380834491457787e-04 3.388274548449775325e-04 3.509529102108514299e-04 3.582040032007396285e-04 3.488893305485435197e-04 3.340912493443822830e-04 3.256294919136307827e-04 3.276517422174234106e-04 3.383057522677756948e-04 3.506634393846492972e-04 3.472679623836021252e-04 3.246524164247938798e-04 3.191508727202547113e-04 3.366970515741939227e-04 3.465824306255526417e-04 3.358470575986332316e-04 3.275839680969580645e-04 3.383247993301834048e-04 3.423576515538466849e-04 3.286171849046697698e-04 3.236872541064288438e-04 3.283583133233117972e-04 3.158865872779127466e-04 3.047494252339757364e-04 3.163381204289828592e-04 3.353888110297091520e-04 3.414677019813095360e-04 3.226975130976915494e-04 2.911053360166443579e-04 2.882951155505363060e-04 3.101514996518061956e-04 3.175715248741603014e-04 3.143408110583910506e-04 3.227463096174461050e-04 3.468779745109362407e-04 3.481921077118488696e-04 3.227839867229990870e-04 2.982988719233060264e-04 2.946912188010641009e-04 3.157025661709310545e-04 3.416472123251371174e-04 3.596759080848120453e-04 3.699152305656018330e-04 3.616930686469728255e-04 3.303432405454373878e-04 3.152960128364003028e-04 3.237078277321843445e-04 3.286211419348276843e-04 3.288933970512191839e-04 3.254340127310844581e-04 3.318719851062554337e-04 3.489817816807404792e-04 3.430311305239167508e-04 3.242291774142674020e-04 3.217387123205484815e-04 3.331635573140227118e-04 3.428763707517306280e-04 3.497103405536559515e-04 3.504942687057822567e-04 3.356221322000697859e-04 3.110110992481375752e-04 2.995315714924903913e-04 3.241338924487401204e-04 3.515492103066573341e-04 3.470540236882754229e-04 3.312200775483731220e-04 3.225174042086397875e-04 3.314282489219503116e-04 3.364226168050450400e-04 3.243577019102385347e-04 3.178565430153393323e-04 3.278059668131790179e-04 3.410778494333252878e-04 3.477763578504894197e-04 3.517542233183474504e-04 3.622193114758378478e-04 3.690565291295387802e-04 3.429663090572151454e-04 3.076000572822403076e-04 3.039956518697866576e-04 3.177672707734194692e-04 3.330385650531500681e-04 3.424577260922531674e-04 3.472960849634896706e-04 3.389359473170449645e-04 3.238270437751532629e-04 3.160209312325421146e-04 3.162789833654962605e-04 3.221544325439454912e-04 3.281614368059239959e-04 3.220868858000491613e-04 3.099108889101032322e-04 3.017843055076108367e-04 3.028775336310984096e-04 3.067867670336044648e-04 2.913501608457758334e-04 2.338289675563927784e-04 1.634174917034612699e-04
2.031245699588242796e-04 2.628874921470278347e-04 3.129981891705706882e-04 3.318642285269965539e-04 3.445209766695527562e-04 3.552872708909365559e-04 3.469195221802003418e-04 3.326185171759060699e-04 3.263022517071337541e-04 3.264824328097445418e-04 3.240347890558673656e-04 3.268212767860972229e-04 3.312612497966415000e-04 3.135412027124807790e-04 3.097975225765331551e-04 3.357657081388025011e-04 3.529122987815980802e-04 3.406894717544225581e-04 3.285716586160362701e-04 3.337451044601809401e-04 3.301693007294777271e-04 3.147116496814492798e-04 3.131000917445369018e-04 3.150034068184054121e-04 3.045590722380720058e-04 3.048607695258539595e-04 3.212309503260003330e-04 3.402531891656984555e-04 3.437743430419580451e-04 3.234779093904906113e-04 2.952490663755033247e-04 2.867449933886329809e-04 3.024623192743729769e-04 3.124888435673236131e-04 3.107671968274141640e-04 3.169997934305368668e-04 3.403167766244158312e-04 3.439210766425660620e-04 3.200397132442433872e-04 2.908727633670782787e-04 2.857851949099648927e-04 3.103161002055293549e-04 3.370376371380786164e-04 3.554165804736096634e-04 3.684277436593981145e-04 3.650653225910162119e-04 3.426416085433055107e-04 3.292849052989020326e-04 3.319145639897016142e-04 3.374690256266765255e-04 3.406726153432742535e-04 3.380178614888852467e-04 3.415767156629000460e-04 3.496705746211131206e-04 3.460833993887365602e-04 3.390869356014151342e-04 3.354198964845762931e-04 3.258192364057988866e-04 3.241431092035027299e-04 3.342732396683420872e-04 3.390727979473141763e-04 3.393767679526324865e-04 3.360700966102818940e-04 3.291830869332293148e-04 3.351820071906535126e-04 3.511586251496972687e-04 3.504209681346950747e-04 3.225426789949068385e-04 3.054850611470935531e-04 3.284930822714535528e-04 3.479724354967240725e-04 3.328106446571451639e-04 3.244307424200489499e-04 3.379394434417872959e-04 3.481466128159756146e-04 3.542371634699575987e-04 3.636201677851131058e-04 3.752429779790412523e-04 3.815552643580109610e-04 3.571898007937542767e-04 3.168492468882671154e-04 3.073007280084162889e-04 3.092121707890274043e-04 3.153711994953893377e-04 3.304878276295512320e-04 3.427960457635338340e-04 3.382042549005612056e-04 3.243699357107096776e-04 3.172211665027062800e-04 3.223182677855794499e-04 3.318736064454406304e-04 3.347494892768480574e-04 3.236226326900368353e-04 3.040527579562510622e-04 2.935219746224054967e-04 3.044172165596741335e-04 3.181094060782078568e-04 3.046099409799012136e-04 2.443586081094501318e-04 1.691923096730031174e-04
2.212524250859183579e-04 2.785304838012254590e-04 3.152918765605763896e-04 3.130318160616677500e-04 3.101456911749316935e-04 3.234700686477355721e-04 3.379116843820089474e-04 3.420616622092017569e-04 3.366898808151868889e-04 3.344673397545965487e-04 3.267633271918311258e-04 3.227005931334945058e-04 3.240808085286699331e-04 3.099306292009543413e-04 3.108941423612799184e-04 3.344762214187299229e-04 3.441921632627513005e-04 3.277189456090270165e-04 3.165932565144424955e-04 3.197346491151805640e-04 3.132662471517394824e-04 3.051106312422217806e-04 3.138263467045344533e-04 3.174526218575718069e-04 3.084144570012381948e-04 3.078260105219719962e-04 3.182959635325613695e-04 3.343254714285037732e-04 3.423725911320027980e-04 3.325765737354844775e-04 3.155725226492973965e-04 3.126644860651779483e-04 3.302032529832859544e-04 3.339420502198562095e-04 3.194567579590788277e-04 3.171665909701287551e-04 3.364904752526104307e-04 3.456565971620994041e-04 3.364689302752370834e-04 3.183026402118115323e-04 3.129874059724505118e-04 3.200403731752659220e-04 3.243179416772037351e-04 3.271014433655282079e-04 3.341791332032827003e-04 3.446559022202197301e-04 3.449642673650389212e-04 3.369314950682655201e-04 3.390894263356973148e-04 3.471881244311444351e-04 3.441485773830755537e-04 3.344351791644319940e-04 3.322063257919610465e-04 3.330447912908810772e-04 3.314532748408683250e-04 3.410752326597727780e-04 3.485044524354976182e-04 3.208030619766655375e-04 3.047670726067738421e-04 3.123520865656288044e-04 3.157351433211469274e-04 3.285920628389157666e-04 3.446456247082474575e-04 3.482836267918980192e-04 3.377680642669902847e-04 3.313875998283184613e-04 3.283706715859395042e-04 3.059371264027815202e-04 2.979947874402513438e-04 3.321538044480025855e-04 3.591730815564150078e-04 3.417179368442444963e-04 3.214015636505119199e-04 3.211139460570531590e-04 3.210986218423976372e-04 3.177817132085539002e-04 3.243272941820789386e-04 3.400134450986983621e-04 3.507549551341425636e-04 3.466903972016757685e-04 3.273985162975325707e-04 3.161174502066509129e-04 3.058778839618658623e-04 3.066685199975324044e-04 3.243973703351083144e-04 3.393077191648803800e-04 3.389252538105648081e-04 3.321774488047407820e-04 3.286201917505405298e-04 3.325116319681626579e-04 3.420933645669752606e-04 3.458402503350301396e-04 3.402047349374060555e-04 3.200275295979550802e-04 2.998402231943626253e-04 3.140738646774867294e-04 3.400799120754966929e-04 3.284533726196757096e-04 2.616405861839393287e-04 1.799906836385009958e-04
2.259673089312394360e-04 2.837334648449557021e-04 3.172250970728605186e-04 3.076319980496624424e-04 2.910011057718153932e-04 2.973051485265138828e-04 3.227509236692021168e-04 3.383041312533343107e-04 3.330121530721880520e-04 3.332612438669099080e-04 3.368584475483227757e-04 3.365726316709585298e-04 3.287596361761332313e-04 3.157934463212929430e-04 3.255420883905864706e-04 3.469403394624120734e-04 3.415632056324822020e-04 3.176796068634454200e-04 3.064627472166152095e-04 3.089692861287346133e-04 3.074293723379897727e-04 3.083343149828130045e-04 3.245845152112964175e-04 3.335099186731448344e-04 3.286955289625383722e-04 3.269777229817194650e-04 3.295752305570048314e-04 3.316860522270904726e-04 3.390215209273193526e-04 3.452075364438420826e-04 3.424161814825628196e-04 3.466533785510968711e-04 3.655679051286219740e-04 3.645280371354725165e-04 3.419460930086370694e-04 3.252445856216503806e-04 3.301338143811879521e-04 3.468617040581017073e-04 3.598391028743189082e-04 3.573478712070275731e-04 3.486655986294524964e-04 3.337427333489144626e-04 3.189373357691267894e-04 3.055025818456458047e-04 2.962808502652510044e-04 3.129332163135222097e-04 3.349659442809793664e-04 3.340045170759673256e-04 3.391557728981605129e-04 3.476591314165143349e-04 3.321590233358345150e-04 3.154897587143822967e-04 3.245392237310172102e-04 3.367409365939131888e-04 3.277419201259303551e-04 3.267639877546096470e-04 3.408756037388628634e-04 3.223813115203917872e-04 3.044493466511913522e-04 3.060938974849418989e-04 3.098455165592882898e-04 3.298303249566234365e-04 3.509742984855123934e-04 3.489860653561369206e-04 3.256827002737661017e-04 3.064664769646589879e-04 3.007589237232282612e-04 2.992908011285422645e-04 3.139064069929834496e-04 3.501477247479498392e-04 3.679656536093367297e-04 3.492408564991972600e-04 3.299142885002656145e-04 3.218125755542224336e-04 3.111781103377086501e-04 3.006637641321847779e-04 2.981163410188440396e-04 3.035443660359172808e-04 3.103569813664427209e-04 3.243497062633898202e-04 3.374202902759783351e-04 3.319050314128586571e-04 3.100903432078189973e-04 3.076619945346565407e-04 3.218994971775299965e-04 3.279853038791760386e-04 3.311760979722864540e-04 3.365232642712286289e-04 3.356530716224117705e-04 3.340131086836397537e-04 3.433833014024091634e-04 3.509944688239352204e-04 3.497591201425634833e-04 3.324054738811419276e-04 3.051327115050421175e-04 3.142482990407288019e-04 3.510328827628716271e-04 3.526985679800258896e-04 2.827997547425141738e-04 1.892107650740652576e-04
2.213028571024686325e-04 2.774005548527165273e-04 3.123054091060395443e-04 3.134709692372093640e-04 3.055109650007372443e-04 3.083892855551558605e-04 3.189745969254293052e-04 3.229515588067833221e-04 3.157877217563445681e-04 3.142380724849678933e-04 3.227703831391331600e-04 3.332440663365121938e-04 3.343422630890438823e-04 3.275755293830468731e-04 3.332611345645433254e-04 3.447475614906891873e-04 3.347115413928874040e-04 3.171331778385042184e-04 3.058288321667790755e-04 3.051529008357749479e-04 3.127609327321373834e-04 3.210110062137469175e-04 3.398741547363185855e-04 3.547501139535797843e-04 3.522541619576193862e-04 3.485354055222043270e-04 3.450789625999039936e-04 3.308837102932405891e-04 3.257009758184950749e-04 3.377218025648390503e-04 3.451953987082570204e-04 3.436159882269450684e-04 3.478706139949578648e-04 3.522909436481409676e-04 3.491303108077819769e-04 3.313196775662318036e-04 3.227671372965929398e-04 3.407963865937361711e-04 3.610664200463577244e-04 3.628832072708516746e-04 3.545355492263959230e-04 3.386057189749936509e-04 3.225631169249673158e-04 3.029198550488060825e-04 2.850035064135853641e-04 2.983439968575842308e-04 3.252291384229924823e-04 3.284459276439227944e-04 3.336479023994558452e-04 3.371923815408843289e-04 3.203588259643038133e-04 3.066602550959750999e-04 3.292400260053238289e-04 3.550964847862004442e-04 3.412151732149659895e-04 3.229785485654823422e-04 3.341708205598344431e-04 3.352414064538703550e-04 3.195578440100891844e-04 3.067942284641271100e-04 3.067648481564408652e-04 3.310649165829714687e-04 3.586519453614336449e-04 3.493717851753444601e-04 3.181769374110632537e-04 2.981972869488514442e-04 2.962980185792997347e-04 3.091284018931094888e-04 3.339868934386716615e-04 3.603225692518117551e-04 3.575906149121905802e-04 3.407203093636241046e-04 3.442659194017666448e-04 3.510657689524341847e-04 3.393635198901923350e-04 3.249732549843531784e-04 3.123971298866479434e-04 2.997804229757472343e-04 3.006018928125195029e-04 3.205737612228489646e-04 3.532174302335995770e-04 3.572113044988278101e-04 3.249706296456347310e-04 3.160811737495080112e-04 3.222092869987597773e-04 3.148378014935378742e-04 3.160060610836598009e-04 3.258753061866179906e-04 3.267747958515831476e-04 3.277031430472171275e-04 3.350941025155092928e-04 3.408264851572844834e-04 3.436909894312885393e-04 3.390487535151097886e-04 3.157491396764716034e-04 3.097035897526740906e-04 3.363964767654212869e-04 3.414492498210531840e-04 2.744967621596749400e-04 1.783502892570205966e-04
2.163633608845305536e-04 2.679155947952195594e-04 3.044713686079221319e-04 3.187785079358239652e-04 3.260571561753166422e-04 3.280757344058129023e-04 3.195015996106293529e-04 3.121468302468749555e-04 3.125542171905310116e-04 3.149231088748785613e-04 3.172477523487025907e-04 3.262448935983980249e-04 3.358368879590790967e-04 3.360645789258136056e-04 3.349332776254373826e-04 3.350563129532660835e-04 3.262576086407848429e-04 3.185764585630091730e-04 3.129415461203714300e-04 3.111068044847487956e-04 3.188965590813100468e-04 3.274811823380137377e-04 3.437250918161850462e-04 3.597385524802703717e-04 3.566747263806490102e-04 3.484394441763439014e-04 3.386337741371712182e-04 3.200567908400513638e-04 3.119250793270212491e-04 3.240518295678886714e-04 3.342771380779700763e-04 3.282440193226610352e-04 3.196753653237208235e-04 3.208235788772675467e-04 3.268601347386476457e-04 3.153571716225263537e-04 3.066695741931106754e-04 3.213872003852561495e-04 3.411533781251035124e-04 3.494006421496573776e-04 3.479356151122822444e-04 3.385464588124125493e-04 3.293533885567690106e-04 3.146371728163910699e-04 3.006078036982722033e-04 3.091920681323401731e-04 3.266239298179007952e-04 3.293662707412680453e-04 3.308622782270365342e-04 3.263128719529006594e-04 3.149203019259768418e-04 3.039160586311589508e-04 3.205011189239751596e-04 3.489540386297862798e-04 3.480185883659385037e-04 3.374550806876060790e-04 3.465161464975595809e-04 3.567287466009883392e-04 3.417420796656256269e-04 3.146920362128058542e-04 3.055938986532550001e-04 3.235957853817116861e-04 3.507499770466882645e-04 3.451198814150053412e-04 3.218355561506744747e-04 3.081425778027509221e-04 3.081312699953222775e-04 3.218930287000749393e-04 3.416421886654793637e-04 3.516617991489299393e-04 3.353693075517221746e-04 3.210262919690067777e-04 3.380611601877612908e-04 3.613854514024953356e-04 3.600572060166323547e-04 3.426837595515344463e-04 3.216471365249940471e-04 3.030974511820688127e-04 3.093197695563732266e-04 3.352454627224048462e-04 3.674710066195326866e-04 3.707538025437683449e-04 3.387491516344380300e-04 3.303894268622246553e-04 3.317597724689810260e-04 3.185018355080135289e-04 3.130995135676779189e-04 3.208848122652033534e-04 3.245378456736453280e-04 3.289367252239217107e-04 3.253907563033167942e-04 3.214005137387841585e-04 3.297550951816653276e-04 3.400057591350186216e-04 3.318652689934460968e-04 3.210062615730455409e-04 3.275739941337239120e-04 3.150619024040687312e-04 2.466469475114247312e-04 1.588369036365313062e-04
2.163903703113502757e-04 2.711415832188852665e-04 3.103672574346528915e-04 3.222555539318256715e-04 3.269187742053421318e-04 3.273289391341384510e-04 3.220262481183341430e-04 3.221048452133231906e-04 3.300373633165648601e-04 3.341721773534669124e-04 3.259570645917398172e-04 3.228517478810519312e-04 3.322274620907694461e-04 3.401257958676700936e-04 3.430271473416177282e-04 3.385792143719868353e-04 3.305907210045141943e-04 3.326869159843893640e-04 3.424321151340212850e-04 3.393574142117149867e-04 3.275208999128522260e-04 3.206862908332872887e-04 3.235301210751426832e-04 3.328667348855479983e-04 3.313930262679987116e-04 3.258679105353818771e-04 3.224615117702130281e-04 3.155922792243347989e-04 3.151875583624236558e-04 3.217236588070711755e-04 3.217632038348382521e-04 3.188004983910540098e-04 3.225773387347159477e-04 3.226476315263283727e-04 3.204691638420245669e-04 3.143427588735112381e-04 3.094796894706431040e-04 3.158928845182183438e-04 3.340681309168078584e-04 3.522060850266763282e-04 3.550019560768596883e-04 3.442354412255654969e-04 3.405980109334592778e-04 3.345954992295126326e-04 3.215625227465120474e-04 3.209852011112540376e-04 3.316916415259979663e-04 3.396794926374711388e-04 3.417057833440537758e-04 3.309249682742780498e-04 3.164752045726189171e-04 3.042742543370882766e-04 3.110373794891517561e-04 3.373771338247794158e-04 3.519417771699507734e-04 3.525723617857341816e-04 3.509746262079025260e-04 3.562773239706218181e-04 3.483859389832230907e-04 3.244965008605946079e-04 3.117300352077863649e-04 3.203649264440148851e-04 3.386664026930274150e-04 3.410885565569618917e-04 3.320667692572581552e-04 3.213134939433796248e-04 3.187067030572448894e-04 3.309954234173915328e-04 3.420999423622695496e-04 3.386419697255798776e-04 3.169256514162359676e-04 3.036845850015173088e-04 3.198866738171857703e-04 3.464787654331448171e-04 3.545152825850555784e-04 3.413946201115875857e-04 3.215712550497695950e-04 3.059064979101681144e-04 3.149417224153200617e-04 3.396437483289189464e-04 3.602535883660794302e-04 3.575807500004604201e-04 3.348014083953675677e-04 3.329480661394666904e-04 3.354773246815073067e-04 3.285070262661463395e-04 3.227063262863278954e-04 3.283374767092971970e-04 3.313218025078544212e-04 3.317967370666505310e-04 3.191120794824890889e-04 3.106168311741385173e-04 3.217826263280036247e-04 3.350380094170413246e-04 3.380296919230536823e-04 3.369618871608453170e-04 3.317645428715244437e-04 3.001612434354764903e-04 2.298230850212210595e-04 1.488498430369696035e-04
2.153832629930487331e-04 2.786088632172511103e-04 3.298693345312576171e-04 3.413374257884325491e-04 3.343245721380892852e-04 3.250839878063704370e-04 3.262098304079350626e-04 3.393485646073024302e-04 3.475377236127966661e-04 3.403496456217384070e-04 3.160924743077207799e-04 3.080437241222770380e-04 3.251744288711452087e-04 3.417660394437441358e-04 3.542644519395944940e-04 3.516507303933004295e-04 3.436827416165988544e-04 3.527659376264066391e-04 3.719612708488685324e-04 3.679941220947346731e-04 3.441918397872112726e-04 3.228622889546784759e-04 3.069025745591576941e-04 3.022884723592473145e-04 2.974552449051632783e-04 2.977472449885506123e-04 3.131207719509674064e-04 3.223572306461817364e-04 3.250224370261029210e-04 3.230950733234505242e-04 3.117445615038226883e-04 3.072516469538703887e-04 3.233398826897043309e-04 3.325798589722368196e-04 3.295920793402553652e-04 3.316642463904464176e-04 3.345129000507265742e-04 3.319694186135345080e-04 3.344563605819762895e-04 3.469211655157755994e-04 3.510914174691683281e-04 3.477034259041813223e-04 3.507358785604638225e-04 3.487925473500430064e-04 3.381817309616825737e-04 3.302468886967288597e-04 3.342993828482162698e-04 3.411964996091599147e-04 3.370284680052983736e-04 3.264074946279976524e-04 3.192893355067182178e-04 3.131364915494791175e-04 3.156217050088109665e-04 3.356867553216909055e-04 3.507387876300385168e-04 3.491930295541781988e-04 3.368232474627428264e-04 3.360525515642842501e-04 3.360610472816234068e-04 3.252864479399165390e-04 3.184166651135973041e-04 3.229763322857115253e-04 3.306379894733067282e-04 3.302302943878707847e-04 3.292229324504178769e-04 3.258789595573874723e-04 3.244115302130220688e-04 3.349440280661584437e-04 3.359253139823341035e-04 3.226587721219948942e-04 3.027082365762616759e-04 2.898614160539779807e-04 2.985694549796055254e-04 3.217274272469369985e-04 3.356310870498765021e-04 3.323016329517452854e-04 3.214349804852130931e-04 3.111735335549882606e-04 3.190320862113224412e-04 3.318975283195334095e-04 3.394974653082449704e-04 3.346613739025299092e-04 3.199438154971835039e-04 3.201551616721017316e-04 3.224258891666591828e-04 3.213293429229583395e-04 3.214267651566579589e-04 3.272604201734177678e-04 3.275871895677645411e-04 3.258296854804297159e-04 3.187176379364382037e-04 3.128327914608862795e-04 3.189912680440132233e-04 3.270546657896393657e-04 3.330886129239149030e-04 3.391491407427375750e-04 3.296820425404270514e-04 2.939966440978616707e-04 2.295887081682184273e-04 1.514002677937049566e-04
2.082855214269892078e-04 2.787716983274382792e-04 3.453497737710063643e-04 3.661203880055304808e-04 3.590784494141211858e-04 3.397975954664696164e-04 3.256917737868096066e-04 3.325081370996764690e-04 3.372132226926135342e-04 3.250770405184184864e-04 3.003047381603711962e-04 3.000650229961055837e-04 3.225467050929062599e-04 3.356705499503126553e-04 3.472485461607347271e-04 3.466785755922402153e-04 3.432032923544572531e-04 3.534096552073199356e-04 3.600326875574114886e-04 3.538698919927881544e-04 3.478559164782064721e-04 3.368989376434636577e-04 3.140101346447669991e-04 2.980384827899719901e-04 2.881765171155315614e-04 2.933355943934963734e-04 3.219420817154363670e-04 3.383117096922262038e-04 3.326303471860513300e-04 3.232389505930382016e-04 3.143341476677158808e-04 3.082465030249505536e-04 3.179696981561582424e-04 3.286507044783924434e-04 3.287658951046728509e-04 3.345257694661363831e-04 3.416608527566686966e-04 3.331148743663495289e-04 3.195067830037765086e-04 3.178086334463872936e-04 3.206114366440510999e-04 3.303434942220429883e-04 3.448337439873673830e-04 3.494071935588097515e-04 3.491948834233845125e-04 3.445480258163758063e-04 3.393476873360594219e-04 3.394167949264674695e-04 3.292445166786100736e-04 3.239233743874171136e-04 3.331964362433283665e-04 3.315154847851284900e-04 3.253372968094300939e-04 3.335805248170184444e-04 3.361006158347544319e-04 3.281805298831540294e-04 3.222395940453101106e-04 3.256778219673895714e-04 3.315649791018227964e-04 3.333144529580888164e-04 3.338822829620983861e-04 3.332720194646170012e-04 3.315986683931686175e-04 3.273920872205847302e-04 3.320110873928164025e-04 3.384635885248522260e-04 3.338320737779913640e-04 3.348838554026497671e-04 3.337805147776444947e-04 3.252167935302363371e-04 3.126735754906614386e-04 2.968099338666313610e-04 2.946035489799405521e-04 3.149474973461247247e-04 3.344919346710573680e-04 3.341583061526834267e-04 3.249117382923172488e-04 3.136772125697486944e-04 3.163493767261345031e-04 3.185431669849061705e-04 3.170209517109152594e-04 3.187234885627939851e-04 3.192371202631195514e-04 3.193893897656030403e-04 3.145265979362455236e-04 3.129865943612000832e-04 3.186230657744894539e-04 3.234803759942829222e-04 3.234640388989245326e-04 3.218782838806720590e-04 3.236649100175177044e-04 3.254493352173153391e-04 3.267267630178325669e-04 3.229568839968079402e-04 3.216112702003441626e-04 3.295806627643298528e-04 3.308773306717446893e-04 3.124334942230872414e-04 2.549319752429457693e-04 1.729725785004041253e-04
1.963068402035705233e-04 2.719023638537375852e-04 3.426923870614144050e-04 3.663311057902305387e-04 3.665005673508400460e-04 3.517973811138696227e-04 3.285812557299271335e-04 3.215406069014864650e-04 3.227549161739428837e-04 3.228269222083802602e-04 3.164516054032643949e-04 3.201958728554190258e-04 3.306963336026115790e-04 3.295141679879637527e-04 3.220799580173930267e-04 3.117418487080535791e-04 3.161913482161208232e-04 3.309200200874374198e-04 3.292443330540386877e-04 3.246055089202201475e-04 3.369714363160553712e-04 3.406630969150321528e-04 3.233719717196210323e-04 3.063906460921054608e-04 2.986078043987820088e-04 3.110750909296313500e-04 3.423885584961979130e-04 3.581622264356640870e-04 3.454794716581882988e-04 3.265765420193675653e-04 3.175069283076882120e-04 3.181623159276571167e-04 3.252606766010920610e-04 3.276178143080962584e-04 3.267459607958593526e-04 3.364822243377561979e-04 3.420428292284524805e-04 3.262529481737600672e-04 3.085379202301113542e-04 3.039648309861666970e-04 3.034172409166784783e-04 3.083132905561055976e-04 3.216203334958727365e-04 3.342949003182371800e-04 3.435928046103642699e-04 3.422922748356979367e-04 3.318033442799274641e-04 3.348383183293843993e-04 3.332134225592026447e-04 3.359180099310102156e-04 3.473507776415584196e-04 3.373448818334206850e-04 3.220242559541636445e-04 3.248767134178807449e-04 3.231871358337949033e-04 3.146925628939564778e-04 3.165683296708871964e-04 3.229128640719083855e-04 3.323650316323331936e-04 3.423015843987072026e-04 3.509339029162205736e-04 3.498379128560465904e-04 3.397571054327287840e-04 3.336640032238767954e-04 3.386678152665240646e-04 3.454027317889026656e-04 3.411022921876437916e-04 3.432072661108063463e-04 3.504856245417819951e-04 3.512532342271143136e-04 3.395491547791250342e-04 3.155358962997091826e-04 3.007653994973081028e-04 3.202550024629297921e-04 3.471938748471946681e-04 3.462090732779163869e-04 3.299971191473910145e-04 3.136108297245136789e-04 3.110034805711053884e-04 3.126301723877333134e-04 3.135373596510252869e-04 3.269751559631094173e-04 3.458115404398000216e-04 3.494650274019658713e-04 3.347363579575833624e-04 3.202385021442235875e-04 3.188215404454336878e-04 3.230934787141508851e-04 3.314588169837216921e-04 3.344367363923676784e-04 3.375002367193067720e-04 3.367311435889941548e-04 3.291305213487427835e-04 3.193832129267463451e-04 3.232594986106531484e-04 3.417233395582595966e-04 3.531419209749229104e-04 3.413691225609393745e-04 2.750687424546088638e-04 1.885706685882389635e-04
1.804808729101509341e-04 2.558201182987461519e-04 3.210331424405405646e-04 3.432498477889953711e-04 3.449336823922316553e-04 3.368766793236566853e-04 3.239228125333676626e-04 3.209371319980250121e-04 3.289547226487219041e-04 3.431244865545664833e-04 3.486417385715627525e-04 3.454731800572100314e-04 3.403583797050095910e-04 3.319685242299601994e-04 3.088516922157390080e-04 2.857580431813013053e-04 2.942160415703563457e-04 3.166539961896474480e-04 3.221061186209464621e-04 3.170993947274702678e-04 3.284280304096388035e-04 3.364182852639644177e-04 3.280281245835681364e-04 3.228938261569326193e-04 3.228797351364287105e-04 3.308892459286802618e-04 3.535059046103371564e-04 3.724748153496465486e-04 3.641324849111765636e-04 3.368439888634663449e-04 3.155504296323396324e-04 3.200138033389798246e-04 3.343465282203120139e-04 3.304492933206157551e-04 3.208330984704383152e-04 3.345250285603055011e-04 3.475964007250264415e-04 3.358898415833178139e-04 3.190604088071137285e-04 3.185220008186441000e-04 3.171615754454271434e-04 3.060602345588371229e-04 3.095260166743618330e-04 3.263953403020035306e-04 3.347448391161747571e-04 3.260426840012866203e-04 3.092880165912613075e-04 3.112837467449073182e-04 3.207410270132425925e-04 3.369962415326218080e-04 3.474474300605253545e-04 3.307916348642933905e-04 3.129151698764654150e-04 3.148026314137292842e-04 3.191067548229249663e-04 3.169259281557840744e-04 3.241488520339049243e-04 3.296198696956451069e-04 3.277977628192060280e-04 3.300106649530351729e-04 3.434544131942186222e-04 3.525731652969228648e-04 3.446416063956109395e-04 3.327198981117356806e-04 3.281559706732213848e-04 3.297200438149136461e-04 3.297211884289767908e-04 3.347283686980253550e-04 3.457491239566710039e-04 3.566253998125501002e-04 3.537452795806828596e-04 3.343868592092183066e-04 3.125035285997488786e-04 3.192113232032599626e-04 3.418385305360176945e-04 3.474617222905422359e-04 3.377212857066772575e-04 3.280825972487623216e-04 3.283737174491330028e-04 3.331599907762707318e-04 3.374283728773398673e-04 3.482011412272842843e-04 3.658096656288907988e-04 3.700044935689658122e-04 3.507763556298254103e-04 3.219416592126528483e-04 3.107396428741779175e-04 3.206004107511489006e-04 3.402850502988040340e-04 3.486481947665705065e-04 3.497459214720431394e-04 3.367371182082591380e-04 3.163679823289831461e-04 3.176416165344726891e-04 3.425071197917492526e-04 3.646702697156126811e-04 3.672943192674911852e-04 3.425615130633014407e-04 2.660320402966748817e-04 1.825370853326647666e-04
1.776713643047003527e-04 2.508993089321993322e-04 3.072110824644488404e-04 3.206609485424948306e-04 3.162103028304211498e-04 3.126558767881666007e-04 3.160296788970095249e-04 3.223713982250601398e-04 3.362189704949152241e-04 3.551928441101560646e-04 3.653116620655284851e-04 3.565113946704000962e-04 3.430624519413607350e-04 3.347306789273354010e-04 3.145906039656632975e-04 2.922800564749389427e-04 2.988722743398569779e-04 3.263777897070223050e-04 3.437189192544817438e-04 3.334017998600240142e-04 3.281048195677325422e-04 3.291048394480290858e-04 3.298969708694952452e-04 3.460706853493151938e-04 3.542462411121387279e-04 3.440529688155239177e-04 3.430126906215417949e-04 3.590967350412025924e-04 3.634732283832283525e-04 3.459031290847869658e-04 3.208477457460048518e-04 3.174867534537280812e-04 3.315959131811926767e-04 3.272092568304871794e-04 3.084937164764277361e-04 3.212922618102796593e-04 3.429520071837023013e-04 3.426629423354958558e-04 3.300895469184455264e-04 3.311353549150421595e-04 3.313505081437937566e-04 3.119185905562329346e-04 3.090709913745948233e-04 3.279622445543203184e-04 3.356020375801454332e-04 3.226840770164397776e-04 3.018548452689883755e-04 2.933474079079711897e-04 2.985691936620778501e-04 3.233486024133056490e-04 3.440410910823703326e-04 3.361865636135115843e-04 3.173091156054390610e-04 3.059121609058814816e-04 3.082759311153402109e-04 3.152839073368995937e-04 3.299676324288756198e-04 3.343457031364571513e-04 3.201219789915654744e-04 3.176206634046563077e-04 3.347817334205372254e-04 3.533340931837857359e-04 3.520839479569822764e-04 3.306520240465839157e-04 3.135742738229626257e-04 3.110568408827687819e-04 3.125325296553377319e-04 3.132951267865210078e-04 3.230937534798492515e-04 3.425063916956254417e-04 3.539538749055694917e-04 3.561467112453993835e-04 3.446428139830840995e-04 3.300444711238145886e-04 3.306036366659834483e-04 3.395394816019324091e-04 3.427692799589728175e-04 3.438783910694989850e-04 3.478478316749958311e-04 3.520266332219849047e-04 3.525387902186737045e-04 3.491777393928180168e-04 3.494054299713224418e-04 3.459774486499066389e-04 3.305214894487513468e-04 3.117044414529093798e-04 3.093733892379062775e-04 3.193964225408135391e-04 3.355013350622293574e-04 3.486988078712363126e-04 3.534681220270760637e-04 3.353474799603116743e-04 3.101812101443705231e-04 3.192310034250964764e-04 3.460559839909326863e-04 3.514390176710851838e-04 3.417181082707907401e-04 3.105519142276026408e-04 2.374318640844672241e-04 1.631655304091260449e-04
1.884632192861662259e-04 2.576093844288253679e-04 3.039986664990756418e-04 3.102914170998020450e-04 3.061371710077464832e-04 3.111714173180371752e-04 3.263402345790140870e-04 3.308246348074845352e-04 3.347970427364562601e-04 3.485482955455394415e-04 3.591906862125248540e-04 3.481245014396477282e-04 3.346525244848555102e-04 3.328038904236468214e-04 3.287356165066547303e-04 3.206404940961723625e-04 3.278827675727895513e-04 3.522766564981883852e-04 3.685486372038025357e-04 3.448793274279196054e-04 3.157928257347299020e-04 3.115067085732115752e-04 3.283718071072595432e-04 3.551808762729670270e-04 3.575309600867545646e-04 3.350255776129304388e-04 3.164064444353561177e-04 3.219412396581262025e-04 3.366255020529188881e-04 3.414528492270657405e-04 3.317204515327202598e-04 3.206451045782625440e-04 3.234702869411073948e-04 3.210042534837968375e-04 3.075234268462225147e-04 3.272776404208495478e-04 3.513750375841083679e-04 3.474073669438448734e-04 3.330136690197339853e-04 3.341354856436140261e-04 3.382485983538202449e-04 3.226350327207767616e-04 3.138880323965608172e-04 3.293317305403104097e-04 3.404244814480514888e-04 3.357828725195300605e-04 3.234448611549291469e-04 3.067610789658156700e-04 2.944795404709860511e-04 3.081563828475853079e-04 3.354115876328012287e-04 3.477370942173232688e-04 3.377224611665410881e-04 3.107787096525419695e-04 3.019734136202014340e-04 3.162431113758318031e-04 3.373632710218906145e-04 3.423566974904956308e-04 3.246064015798626407e-04 3.176926959536852590e-04 3.261663198537475129e-04 3.427904100413020627e-04 3.513857833042094295e-04 3.299664877431158117e-04 3.112377533368180182e-04 3.121497744836981576e-04 3.196086083692410316e-04 3.174108423844465522e-04 3.204888612829693271e-04 3.356789542911965815e-04 3.500956937919949118e-04 3.673409298621670995e-04 3.750298077464587262e-04 3.561805984978998890e-04 3.385388672178335587e-04 3.373690748781665080e-04 3.351015484127402170e-04 3.361256899547439975e-04 3.394818665733725601e-04 3.410217672625970439e-04 3.378831639810359749e-04 3.305947719798708970e-04 3.239984435415032595e-04 3.110942154906660420e-04 3.002719421054489499e-04 3.073910890721488114e-04 3.224065694444873485e-04 3.252197957183983082e-04 3.293463683209466052e-04 3.448067886787114416e-04 3.507480117706206213e-04 3.311282488540722010e-04 3.084614727741582553e-04 3.141143792932643260e-04 3.286946487547386586e-04 3.246766145718941142e-04 3.139493777502993014e-04 2.851568999866716187e-04 2.208247364685223685e-04 1.537925325810294967e-04
1.967876144630735199e-04 2.566839613118581959e-04 2.955828364239204849e-04 3.053670027882965767e-04 3.074477407973744245e-04 3.135252903750558053e-04 3.299228036991871341e-04 3.343564191646944449e-04 3.320250006287344844e-04 3.372145160064788250e-04 3.417203885771534196e-04 3.306579553546102972e-04 3.229139664847600379e-04 3.304090053770951862e-04 3.409187420938221066e-04 3.416015668397250852e-04 3.424274152009772979e-04 3.528711849441032618e-04 3.610560487267904591e-04 3.340683396574730193e-04 2.983223673072871326e-04 2.985742283097074208e-04 3.282766590177943955e-04 3.501443027149197412e-04 3.425936980630737939e-04 3.201261780570286526e-04 3.025972094395986290e-04 3.013937831458807790e-04 3.088596843180697448e-04 3.201140956562568735e-04 3.332901659113020332e-04 3.341040851504694644e-04 3.288010054075994290e-04 3.166429298609121814e-04 3.065372715505007908e-04 3.250572188204244690e-04 3.453550373348002796e-04 3.392827896909249514e-04 3.297598862557358439e-04 3.406478245402525017e-04 3.485587614473760780e-04 3.359826241973017796e-04 3.223559970412051036e-04 3.286864951471994093e-04 3.426120108356769250e-04 3.546615542681545784e-04 3.561524442063347348e-04 3.353759421931461009e-04 3.092252691225958936e-04 3.043112198048510044e-04 3.273710255767202327e-04 3.496951408432632863e-04 3.508953363334739234e-04 3.270080633671475722e-04 3.124829097184917207e-04 3.237289593184560681e-04 3.441484095091476873e-04 3.506173348394024691e-04 3.312197422032457498e-04 3.120850765322128904e-04 3.092059288790141840e-04 3.208673471694011535e-04 3.348955116241880410e-04 3.274482127732895875e-04 3.242403767601996977e-04 3.341876962572046727e-04 3.421013323696360823e-04 3.329064062729034492e-04 3.269934549480260069e-04 3.319479593490600160e-04 3.426281750711683235e-04 3.557893080101921313e-04 3.621250330005692164e-04 3.506819209845110251e-04 3.372924374740465673e-04 3.350205608588291612e-04 3.323617554086111367e-04 3.286514403905662534e-04 3.231267401730753604e-04 3.209118384028774012e-04 3.207162632566604187e-04 3.215423314661140699e-04 3.224343892639253703e-04 3.084980046959561210e-04 2.969417406355675257e-04 3.148267950975976084e-04 3.332707184521664515e-04 3.321568926585655645e-04 3.339403538167884941e-04 3.482039936830683916e-04 3.487409440383771458e-04 3.303896254099539112e-04 3.152789506767475014e-04 3.166200259598049311e-04 3.227966741371482624e-04 3.269102771446558294e-04 3.261896993222676870e-04 3.034877418205778011e-04 2.422454566090105935e-04 1.685948699968507574e-04
2.099825205475049452e-04 2.634696159782419457e-04 3.001591923435357762e-04 3.072355258730081118e-04 3.073231162894312350e-04 3.106855292352889457e-04 3.201687643589134179e-04 3.220091969366877145e-04 3.182625257909060769e-04 3.225474307910179434e-04 3.339622203549693366e-04 3.324529757558170821e-04 3.284537646902420437e-04 3.316978219796678628e-04 3.398185595779850549e-04 3.416311789684678760e-04 3.339833444445564721e-04 3.327110152980678999e-04 3.383803127804073103e-04 3.196073324295565566e-04 2.890511585389054410e-04 2.926431271511221338e-04 3.272515515952592428e-04 3.477153749405593542e-04 3.411930790123859870e-04 3.239182828898784310e-04 3.160229682432433990e-04 3.174585630055048015e-04 3.160867744988360862e-04 3.180145158419536060e-04 3.366043159459817841e-04 3.559174828547261200e-04 3.533037197248888061e-04 3.242679991147601540e-04 3.052724941056414801e-04 3.101031370937836406e-04 3.260628139560837503e-04 3.330569635673350567e-04 3.404392279328003444e-04 3.582321007498753427e-04 3.583705024665143589e-04 3.404240713804392981e-04 3.292426023107946536e-04 3.342554088455986427e-04 3.486296443685921610e-04 3.682086208070662042e-04 3.703523506667717778e-04 3.451170569542637702e-04 3.213847342350656215e-04 3.178841596456304227e-04 3.340274439968922903e-04 3.418187063839385107e-04 3.419064753574269262e-04 3.363137631498019009e-04 3.258290129947782410e-04 3.263798560183786990e-04 3.401010731435571716e-04 3.441653581040294576e-04 3.259262740913066543e-04 3.044582443793586186e-04 3.019766627673985495e-04 3.118959887562849855e-04 3.246541234593985871e-04 3.299737003155317006e-04 3.424441360644124121e-04 3.543478046822398143e-04 3.508928051419561451e-04 3.315295439515478703e-04 3.201257908697670166e-04 3.240306155424338636e-04 3.362231339287884927e-04 3.382551247642287670e-04 3.293456585996522843e-04 3.196105137467877984e-04 3.198357403936352662e-04 3.298194636613339037e-04 3.363606292672400525e-04 3.292782765612264624e-04 3.162300230628556884e-04 3.093984770151446775e-04 3.060827085288001935e-04 3.146809547933398935e-04 3.363184328589462245e-04 3.388662162714413525e-04 3.244486963031191344e-04 3.306618610250092096e-04 3.437633746263038504e-04 3.419348364617428703e-04 3.344666157319756659e-04 3.353030579037716329e-04 3.382127594739051590e-04 3.378857468724803196e-04 3.359334451563527626e-04 3.371402149547206772e-04 3.363145944456381051e-04 3.435493091487819457e-04 3.500033217179578191e-04 3.361717938165019156e-04 2.777500912821974062e-04 1.932702820798056376e-04
2.280063988668601664e-04 2.879620965784654993e-04 3.277680293016886626e-04 3.229059990331251736e-04 3.175495836851929842e-04 3.248396779262208546e-04 3.283587393989195356e-04 3.222902808566864108e-04 3.098714013525973986e-04 3.096358775552895569e-04 3.287314622329283323e-04 3.382752102231662093e-04 3.384122662439002565e-04 3.308853569681034063e-04 3.286830785643299249e-04 3.333183872394897512e-04 3.271498462073842693e-04 3.224693836020766768e-04 3.231373963697125305e-04 3.070372100656673566e-04 2.843224326398126941e-04 2.942790576184835987e-04 3.297846723056014479e-04 3.499647312630492718e-04 3.483752436206706180e-04 3.374136477167701421e-04 3.369057190426590466e-04 3.431975755565147210e-04 3.403117247997741691e-04 3.336959449202423758e-04 3.422870518480179963e-04 3.655501199765791493e-04 3.629670467544445097e-04 3.271105990151564101e-04 3.079346292920265250e-04 3.077604232865685779e-04 3.188523774295934409e-04 3.355337699661293757e-04 3.526704889605990299e-04 3.637741447311416531e-04 3.551284183692785304e-04 3.342582284029391778e-04 3.261749972611419773e-04 3.324351209870434745e-04 3.453657143822771135e-04 3.636440224638171461e-04 3.622458981209580550e-04 3.363187981095097428e-04 3.188802860798891714e-04 3.244743581248145771e-04 3.380524577915801788e-04 3.374039043023010186e-04 3.340865822304490062e-04 3.384968079023908537e-04 3.304733457624776417e-04 3.240026285716828686e-04 3.343468614233745945e-04 3.368680762863457715e-04 3.254008981162383836e-04 3.122961373620805788e-04 3.135397619350256465e-04 3.231686778117988552e-04 3.329168196536908897e-04 3.393659439236895378e-04 3.549516909804826810e-04 3.618933555731105190e-04 3.477067161513064776e-04 3.266435048001653150e-04 3.210073331786455868e-04 3.322714357846378447e-04 3.416675747902091697e-04 3.265567803162841174e-04 3.022182574917518100e-04 2.906572678970830359e-04 3.020136664159473383e-04 3.235936840511946522e-04 3.303019704681579502e-04 3.251523224103840281e-04 3.227041296947932001e-04 3.208046670442168458e-04 3.118979288545164130e-04 3.158708339068619082e-04 3.436039564281314056e-04 3.584976634406068612e-04 3.465485191991811691e-04 3.378457224446446095e-04 3.441535042880940133e-04 3.417426361697092191e-04 3.229271020361767965e-04 3.124810660776881129e-04 3.247993170187421681e-04 3.396819037088692826e-04 3.445305824832361336e-04 3.507354762031870401e-04 3.477806621125960947e-04 3.453336091451616888e-04 3.426107471060339674e-04 3.290163517024420267e-04 2.790728912496864660e-04 1.983203293450301824e-04
2.307009141397468877e-04 2.958445859371279952e-04 3.376752387616168772e-04 3.323252324253349061e-04 3.305249788637835496e-04 3.399957555127315319e-04 3.407757336533848722e-04 3.337159920062211446e-04 3.209868809537584481e-04 3.183882278391890453e-04 3.308071206511700637e-04 3.323360954285991837e-04 3.286480267117823238e-04 3.163866532513998488e-04 3.108360649385444405e-04 3.207310511989737065e-04 3.253278129337641256e-04 3.327902888653532041e-04 3.326815595758920606e-04 3.074476047477698454e-04 2.865609753364897891e-04 3.084883376557071510e-04 3.479567879755511963e-04 3.627657330324451012e-04 3.531343546683852206e-04 3.348989864041366257e-04 3.328252106041374001e-04 3.447158618809671986e-04 3.490370818627744386e-04 3.441208192446110117e-04 3.483934702550801118e-04 3.622188700211873436e-04 3.509561496621166083e-04 3.271217969350754271e-04 3.230191993991491208e-04 3.259460206305260141e-04 3.270739228090885201e-04 3.342758881991083177e-04 3.443980639968115308e-04 3.442604056456201626e-04 3.362981085070884711e-04 3.246921158407988818e-04 3.178002187910634185e-04 3.156138583246458030e-04 3.222346166997376278e-04 3.380321495944040759e-04 3.391777406565916900e-04 3.196955460902147633e-04 3.058413468180167438e-04 3.119208375899380900e-04 3.210928857392975348e-04 3.251898124241355947e-04 3.277880666302185136e-04 3.361851127905031954e-04 3.281597718044465930e-04 3.179540768177284600e-04 3.305287165987991433e-04 3.435085167649779957e-04 3.471431795453133566e-04 3.395987016317103969e-04 3.320317965000828958e-04 3.316356268349095453e-04 3.322449114986008667e-04 3.336037484946295824e-04 3.463175526803466495e-04 3.522761526445690764e-04 3.411436622340765189e-04 3.280360005710075168e-04 3.331129669217283316e-04 3.467717551717877916e-04 3.492830708461440383e-04 3.270506260994184662e-04 2.962941966619698640e-04 2.875461707398054467e-04 3.061586066260133161e-04 3.288751737692880870e-04 3.278608103307412234e-04 3.222383940085158912e-04 3.343200062069416828e-04 3.449676366266795475e-04 3.343274154182906814e-04 3.226282020220564610e-04 3.343496919462435281e-04 3.496881541798895756e-04 3.465587141569222498e-04 3.342358872076849779e-04 3.368170455700924561e-04 3.375302976271595196e-04 3.192524747624690424e-04 3.033231376592011863e-04 3.153435749653508762e-04 3.358200776199202230e-04 3.483557161008208475e-04 3.606278254796515680e-04 3.553612031069429953e-04 3.346729290946442613e-04 3.151831242011464591e-04 2.997924730687213544e-04 2.616291031278543855e-04 1.933888392294705978e-04
2.244221241507770616e-04 2.789409331076713535e-04 3.122295269402613040e-04 3.195228686934863203e-04 3.331088107749026017e-04 3.463589531556890942e-04 3.517768879469783568e-04 3.493923433791092364e-04 3.377293587297641470e-04 3.319261554322558449e-04 3.357129382627344885e-04 3.332179522702800097e-04 3.250350274110129609e-04 3.105720583713025905e-04 3.075147753934286609e-04 3.172351437620777844e-04 3.258327436236549152e-04 3.487769077097341145e-04 3.575972674059890331e-04 3.289703591871072927e-04 3.014264299477131576e-04 3.256295879995106494e-04 3.698779112476562264e-04 3.778615790184185587e-04 3.561050344317205022e-04 3.336841220733339163e-04 3.229935021986193215e-04 3.278545188801104096e-04 3.387239241665440485e-04 3.446660465613652063e-04 3.519761440300594102e-04 3.463863264148126734e-04 3.248308560747167765e-04 3.238511525724806369e-04 3.356917097146050054e-04 3.369579445604000897e-04 3.290435577911582062e-04 3.247232022637236881e-04 3.244146264533746089e-04 3.186084800564009450e-04 3.149033347196386742e-04 3.155241606962900115e-04 3.157435810135414802e-04 3.067269164723666420e-04 3.075078497179348442e-04 3.215230526476536973e-04 3.232170136357712695e-04 3.090153174014590603e-04 3.013182695148548958e-04 3.082326180474383951e-04 3.111985971148934437e-04 3.195692985495224140e-04 3.348937740179196978e-04 3.451483002511105238e-04 3.310444664702423805e-04 3.177334801716408946e-04 3.394386741689213840e-04 3.619034859561315711e-04 3.627936201110470191e-04 3.490057456862782383e-04 3.310804526903134929e-04 3.216489985170337129e-04 3.157817056387672030e-04 3.130459352465397947e-04 3.247218750730814711e-04 3.336346352942737552e-04 3.330967770262488557e-04 3.327304969254300522e-04 3.435386612994518877e-04 3.536762921786583630e-04 3.582889453402428358e-04 3.455665675356846310e-04 3.143169104970271969e-04 3.043881903995122916e-04 3.234592061712191022e-04 3.397327983820381397e-04 3.322887379782249982e-04 3.252546733190774409e-04 3.397664454491293234e-04 3.536265871630971743e-04 3.462754371794435262e-04 3.269297881453220095e-04 3.212286170676695394e-04 3.287188233122829116e-04 3.299695305327862119e-04 3.261163688188592350e-04 3.341331427724834185e-04 3.382869113416682883e-04 3.233492281514348211e-04 3.008128129087817037e-04 3.053923446459226197e-04 3.341400933038631395e-04 3.560381860447301133e-04 3.648821987557632250e-04 3.581608309513810537e-04 3.328889289759921484e-04 3.114676761092178246e-04 2.975824324732846801e-04 2.583908578845584740e-04 1.906717268296206371e-04
2.250992250346533542e-04 2.685536310898489873e-04 2.882723317462816031e-04 3.014421311620034231e-04 3.284749503980764675e-04 3.436366725218844556e-04 3.494182611099057182e-04 3.497250818202550559e-04 3.378794943037304564e-04 3.240713448693827202e-04 3.234380826689924764e-04 3.347443040973557956e-04 3.362553463103131477e-04 3.264412714930686006e-04 3.246277768880017050e-04 3.249145713431848804e-04 3.230034256162184138e-04 3.389236060230289404e-04 3.511783482717414744e-04 3.389973129770648989e-04 3.150223003775413965e-04 3.267565475949496230e-04 3.619686229045296615e-04 3.642616610442296642e-04 3.416174292484670176e-04 3.314987650583696866e-04 3.168215004327015792e-04 3.110072364353480513e-04 3.237576468729947690e-04 3.368004136955032022e-04 3.448692960987538407e-04 3.298704127197795875e-04 3.109987713202042601e-04 3.233988662398322748e-04 3.372210592617095421e-04 3.322719139344985874e-04 3.217676134617237864e-04 3.190402546840610939e-04 3.203636489943932153e-04 3.182334824263833607e-04 3.163920359742636908e-04 3.230844669840950145e-04 3.290118696835479806e-04 3.142499546674833643e-04 3.052628845697011708e-04 3.129937487456893814e-04 3.163259721186701800e-04 3.140029033436123897e-04 3.126635467960159342e-04 3.172487137524992789e-04 3.243482141106747386e-04 3.391478487505846092e-04 3.548698418372970903e-04 3.545767552481053761e-04 3.278118903125167537e-04 3.090081496197046940e-04 3.328916475144828770e-04 3.569514302349639117e-04 3.516131402234279986e-04 3.363737406701726006e-04 3.204695755821550013e-04 3.094716716308231873e-04 3.011139605564555448e-04 2.986567651783108581e-04 3.118067075357992932e-04 3.261616728049211472e-04 3.373114337064278372e-04 3.419533343872458494e-04 3.462465963554502970e-04 3.477826186555339587e-04 3.533997356384637823e-04 3.558961957689952215e-04 3.357540544455582619e-04 3.244784323116273661e-04 3.365939594656814325e-04 3.439189679617981948e-04 3.370914764439074136e-04 3.359407406921953074e-04 3.450226463174384836e-04 3.545934051151559919e-04 3.535926647964556359e-04 3.343435718759432142e-04 3.199175018224355142e-04 3.153921065640249706e-04 3.095300412703303871e-04 3.116996692797179350e-04 3.286364726850917947e-04 3.409616841412257439e-04 3.324800900290705852e-04 3.079381499048145865e-04 3.072512159807894356e-04 3.346575153518388177e-04 3.507020203086782324e-04 3.436333130894164613e-04 3.348351258240294878e-04 3.274653862939395270e-04 3.285518837804900401e-04 3.241194713162152139e-04 2.701230262825702385e-04 1.846335499415556111e-04
2.403799773664511282e-04 2.884644918469920030e-04 3.014586825715478936e-04 3.024938035198891130e-04 3.201556879641829362e-04 3.218078340712325625e-04 3.184671472878210577e-04 3.248234969883633493e-04 3.269194304884334799e-04 3.210039509876406213e-04 3.211664624104033786e-04 3.384501559770851029e-04 3.501185766822277525e-04 3.436300877574803613e-04 3.350311147542898494e-04 3.274553148066582141e-04 3.212253569300686871e-04 3.228484801673117102e-04 3.266781947678657947e-04 3.245355414663096509e-04 3.100202625671148499e-04 3.107660912036559276e-04 3.294113342858520860e-04 3.292531256637581537e-04 3.150770987037690950e-04 3.228264308480676336e-04 3.219195818890399283e-04 3.152662646294056552e-04 3.187848856915885543e-04 3.234943638284820070e-04 3.271437504565325371e-04 3.178977600117153276e-04 3.157836714293020585e-04 3.342775464871408707e-04 3.407741024167665420e-04 3.309375551420345616e-04 3.214125511186950376e-04 3.229100555605792866e-04 3.314961712224144736e-04 3.367396710269770555e-04 3.344529720246927802e-04 3.373872379924257076e-04 3.411708288674112450e-04 3.305215985023446509e-04 3.193711171546959266e-04 3.189445425639383718e-04 3.199356907201139502e-04 3.240263827078806221e-04 3.253699295773549729e-04 3.234537871999904361e-04 3.334366035173888390e-04 3.497064827216066945e-04 3.588908536889234271e-04 3.514184184755952565e-04 3.224403110347215883e-04 3.021572595032592139e-04 3.172979082445329894e-04 3.450083873625578836e-04 3.542091399408253357e-04 3.424291333994413928e-04 3.219607050776126015e-04 3.060606303859012283e-04 3.005603487333790430e-04 3.045598060494550288e-04 3.142880904404612421e-04 3.277957995351623351e-04 3.435864507899417247e-04 3.464260072478040752e-04 3.446354975896575570e-04 3.352617696457988079e-04 3.304251382647091116e-04 3.412165528870318189e-04 3.391444660225488832e-04 3.336377098010073761e-04 3.382307377367574992e-04 3.394715329901232172e-04 3.382037270852299420e-04 3.433510513590616836e-04 3.441291600948812382e-04 3.463401225821533523e-04 3.491219871065902400e-04 3.388691895857500911e-04 3.291446690119008010e-04 3.169885258031988678e-04 3.019089766579498096e-04 2.992752873931501818e-04 3.125414901513193277e-04 3.331173705265411599e-04 3.428717475783927627e-04 3.338247893955195809e-04 3.338993236727048723e-04 3.465146875324151381e-04 3.457384829669953377e-04 3.277658992435326544e-04 3.138568755818333268e-04 3.119151590639831877e-04 3.228083002841241212e-04 3.230854230257720460e-04 2.634905952733541143e-04 1.741076402731000605e-04
2.443284197682857057e-04 3.044385007295632019e-04 3.271660430975776353e-04 3.223910444466951278e-04 3.173200994442325297e-04 2.961610649829576804e-04 2.861396178951349390e-04 3.035110890900591298e-04 3.238959952059081767e-04 3.319112777864970392e-04 3.319033909901452457e-04 3.434783878318211628e-04 3.562526825127648278e-04 3.463712669262231439e-04 3.300919356039842822e-04 3.240252859576375354e-04 3.303505673525470839e-04 3.337470485815596886e-04 3.233763982978074439e-04 3.088725841917150427e-04 3.002986010148274280e-04 3.069778519103905914e-04 3.189853392950186585e-04 3.192360549513671101e-04 3.131668377176092871e-04 3.294463074933915380e-04 3.435322082977156815e-04 3.351558972647310057e-04 3.205388008773127503e-04 3.144165224807316189e-04 3.183181320715327981e-04 3.135993119410169800e-04 3.195179384770730825e-04 3.405271825436203843e-04 3.432909559689542806e-04 3.346960333203742328e-04 3.271541400738476680e-04 3.248097654702807621e-04 3.315438120149246000e-04 3.431952823234988583e-04 3.419606335623142507e-04 3.354816048268168265e-04 3.402509252664175782e-04 3.448180003558142187e-04 3.414022136892178863e-04 3.353934880492611802e-04 3.315593488576215435e-04 3.315313933409564122e-04 3.322017566976203208e-04 3.289872984216702821e-04 3.389790082996795148e-04 3.530385035514149381e-04 3.554127780307690340e-04 3.451469352145661133e-04 3.211738947556320089e-04 3.048943370796531422e-04 3.146485306055696275e-04 3.485222842933123968e-04 3.752195678240123513e-04 3.646561799006634171e-04 3.317685268502488919e-04 3.095122829063938008e-04 3.124512088340218466e-04 3.251264707767984215e-04 3.325240568372377732e-04 3.381592826984320321e-04 3.422104454968810487e-04 3.364301084501289526e-04 3.325493310580533842e-04 3.201917368181036528e-04 3.095814389207749047e-04 3.182031367017378498e-04 3.279700428521355963e-04 3.368441749793777101e-04 3.381440140271951703e-04 3.332139168843435239e-04 3.327105795762422009e-04 3.412546332408653797e-04 3.367384824918666104e-04 3.250194562347695406e-04 3.271720945489547429e-04 3.391260758324053833e-04 3.427111893418548498e-04 3.313996744643893030e-04 3.169239564570833353e-04 3.080246630352055735e-04 3.082816003550667514e-04 3.265778494350388963e-04 3.452830285524670795e-04 3.461529849454512780e-04 3.482051831780740318e-04 3.527753783268073240e-04 3.427864681889812169e-04 3.310856759563872778e-04 3.204190808543166328e-04 3.063263816910288752e-04 3.020454494760188222e-04 2.924523402308743013e-04 2.377933899916483010e-04 1.620081281973661321e-04
2.366012907496735710e-04 3.010927731933862525e-04 3.353502981221993372e-04 3.357960792137162833e-04 3.208527634408618492e-04 2.938596637606641013e-04 2.871121546921841499e-04 3.117484202375487906e-04 3.399782149844361809e-04 3.464517503892840288e-04 3.337671697414765215e-04 3.325099400181039761e-04 3.403077186315553383e-04 3.299620616388687015e-04 3.185378617867326090e-04 3.229565135249023999e-04 3.413006204256318786e-04 3.515004388715869997e-04 3.347803505682040944e-04 3.088612396454797938e-04 2.964566901304057939e-04 3.054575351251009960e-04 3.186724303354622392e-04 3.268266263091748288e-04 3.303591241139542615e-04 3.418086137250957862e-04 3.527475153633558751e-04 3.403392381131084901e-04 3.192680143207412549e-04 3.172967520105804949e-04 3.286334264804713226e-04 3.282178587904728767e-04 3.264928865346108629e-04 3.369550130521771795e-04 3.449855925587411339e-04 3.459132762172172234e-04 3.360059618080760060e-04 3.177670214637435923e-04 3.148098932223875892e-04 3.321758813735833666e-04 3.359519280592604320e-04 3.225903896473018774e-04 3.294811673174554215e-04 3.422375663353326982e-04 3.386538822586689654e-04 3.331710053632986170e-04 3.410282825540854367e-04 3.434233216913298598e-04 3.393110721779207762e-04 3.343419397596375563e-04 3.411875756986472398e-04 3.512662276808474092e-04 3.417915952133546045e-04 3.250710113049387747e-04 3.123272668469077905e-04 3.064832550941850057e-04 3.174131228900533902e-04 3.492012912141929980e-04 3.711419807292328128e-04 3.593930607332024903e-04 3.337354688290348819e-04 3.184248986991554983e-04 3.236334365184693573e-04 3.418151168399833056e-04 3.541201145634869296e-04 3.491117108016858332e-04 3.336963993283836990e-04 3.196336753592316947e-04 3.108536094459263288e-04 3.024743454353862461e-04 3.007999116727228060e-04 3.075240908745040399e-04 3.188155310709266175e-04 3.345703303122596036e-04 3.364135097947576567e-04 3.304219018597252594e-04 3.249665721065248523e-04 3.304152318941052909e-04 3.254749953491498570e-04 3.069452704736208050e-04 3.065260584127845909e-04 3.275836913711923900e-04 3.398988376126552786e-04 3.447365579066026444e-04 3.418679699275119352e-04 3.275737664413170451e-04 3.145177501281502938e-04 3.202205571987239759e-04 3.308261486644462524e-04 3.304535533817228531e-04 3.341569332613605024e-04 3.423864903093565087e-04 3.332507559647672349e-04 3.310638682133182267e-04 3.322209209092691308e-04 3.198823929681443102e-04 3.052331462900635282e-04 2.782179347291210731e-04 2.221707213310127656e-04 1.537129228549946743e-04
2.350048315562587218e-04 3.001708167999839259e-04 3.350876802620565090e-04 3.290987637130614318e-04 3.111622730311532688e-04 2.994866686455071930e-04 3.040196032728698008e-04 3.252365605248093081e-04 3.479526362107146498e-04 3.471293925308334156e-04 3.242520463243404936e-04 3.140912797924196595e-04 3.205133040510441339e-04 3.179360235180126782e-04 3.201582318146788553e-04 3.335601152275171960e-04 3.489340776731053237e-04 3.537211878493227773e-04 3.404310455191459413e-04 3.227535917035571954e-04 3.030317732853120239e-04 3.043060412995954810e-04 3.230841745760011825e-04 3.392647488614650630e-04 3.488231905254641162e-04 3.497791556212482959e-04 3.509510334769216011e-04 3.438801865766654342e-04 3.293235941704112952e-04 3.318177819711838074e-04 3.434660420983378986e-04 3.439649296529405549e-04 3.337116484184034335e-04 3.336693969562073048e-04 3.478433517358620313e-04 3.586474194542441487e-04 3.506525761884614887e-04 3.197202346624660081e-04 3.049770245657562259e-04 3.199223014017668707e-04 3.280485879051881827e-04 3.175228973310265817e-04 3.247708175461159249e-04 3.355403377700027796e-04 3.254712504216041090e-04 3.209300253925141330e-04 3.413561327579676128e-04 3.533897951881667383e-04 3.505086018662161799e-04 3.399565876721698612e-04 3.313576678602690468e-04 3.246371936077412914e-04 3.085313330392515222e-04 3.028720262808351840e-04 3.114694079187115949e-04 3.185144395220530777e-04 3.289063856035448204e-04 3.443054118957995227e-04 3.462836967253870918e-04 3.349225264228331434e-04 3.266864665110712782e-04 3.257058372135351789e-04 3.288414139243953744e-04 3.418183462324299055e-04 3.561716949515681503e-04 3.483479538684689566e-04 3.216782847445333370e-04 3.053696597082221830e-04 3.027748635087722023e-04 3.018044187129164161e-04 3.060461170257637847e-04 3.141468145108056555e-04 3.206140940098885141e-04 3.251849554018448321e-04 3.250555508141545250e-04 3.290541103788182926e-04 3.334327795766689950e-04 3.381151862224109701e-04 3.349002381967644592e-04 3.217184501837064194e-04 3.114252764765041196e-04 3.123677319687868784e-04 3.167522575457423339e-04 3.362662645562128697e-04 3.485698108937945652e-04 3.339857481291947381e-04 3.126402210473349383e-04 3.073501657191399250e-04 3.123516641957973117e-04 3.226400703036463283e-04 3.351898431133339823e-04 3.411926832760001061e-04 3.298671981022027917e-04 3.268728282056448768e-04 3.330056944691849453e-04 3.344931526247891607e-04 3.256794602426942671e-04 2.905387570479161250e-04 2.298032448246389641e-04 1.605825634740440508e-04
2.355078997910710857e-04 2.994929237421960688e-04 3.305125748174988121e-04 3.168271534735039733e-04 2.957684627781220483e-04 2.946657114072122720e-04 3.070030624469309013e-04 3.262031893893910586e-04 3.451702570937353019e-04 3.420163905546247732e-04 3.194198209395970487e-04 3.047357058114252447e-04 3.054246036099722214e-04 3.093869585736407470e-04 3.261537401483789256e-04 3.487403282467730226e-04 3.561219522126935562e-04 3.467767274162421786e-04 3.349860086657683602e-04 3.299871909359791688e-04 3.156513773144315068e-04 3.175822053695307986e-04 3.377581238696588479e-04 3.499896530554200570e-04 3.541642613668492443e-04 3.438922890958761918e-04 3.421761080287520932e-04 3.434873931877198633e-04 3.288859975125270124e-04 3.204961977405549711e-04 3.229850077368001584e-04 3.278322288277491360e-04 3.236934285186722667e-04 3.209294022435536407e-04 3.326859958955441358e-04 3.509306069775021712e-04 3.564191487244259670e-04 3.291614920495081415e-04 3.079352559636140316e-04 3.125993927566542868e-04 3.230076833966551760e-04 3.269656393525613696e-04 3.341385389960145873e-04 3.337382110963641661e-04 3.209523191401305545e-04 3.129484195983962434e-04 3.231684371052687349e-04 3.395078973366718873e-04 3.468079408252105729e-04 3.385483977234453627e-04 3.243144331266247069e-04 3.063265775567121938e-04 2.959482580880783945e-04 3.116434689019908686e-04 3.343225608998870446e-04 3.438883019588906019e-04 3.430805141879555075e-04 3.351675019733869410e-04 3.243318167184301585e-04 3.185165183300359810e-04 3.174343788404085441e-04 3.226532162704026847e-04 3.212146815402417820e-04 3.215709191965364583e-04 3.387305218740001007e-04 3.428533749896958758e-04 3.219029745828416158e-04 3.100668332592681803e-04 3.185419154945540654e-04 3.247878489740989132e-04 3.283603003689158093e-04 3.375289414990072538e-04 3.391087771921018736e-04 3.262668988200098175e-04 3.173609960925216546e-04 3.240114079796846207e-04 3.419454466889168868e-04 3.517379305674880538e-04 3.494603938943609267e-04 3.412502641957173601e-04 3.209015248639459348e-04 3.070088758694529732e-04 3.042970497208808724e-04 3.230265876117965895e-04 3.418440675023535352e-04 3.392634587946132701e-04 3.233689682569628734e-04 3.112430928309475203e-04 3.089401795440492853e-04 3.288222409327122477e-04 3.492758338496853915e-04 3.475779406680501362e-04 3.341732543240773148e-04 3.278658259616456421e-04 3.315360532703051644e-04 3.384506478372671353e-04 3.364129367639703393e-04 3.067482516316146586e-04 2.461199559475992838e-04 1.753437888115832771e-04
2.248706077737149347e-04 2.889165059857033788e-04 3.249053106490470749e-04 3.195184267579307237e-04 3.055977453669836376e-04 3.061377831240087830e-04 3.117283197747282297e-04 3.202485800794981356e-04 3.341914389390546582e-04 3.392404431388936197e-04 3.291803639466393079e-04 3.161035204947262910e-04 3.066730350362486244e-04 3.032331662812374519e-04 3.218827945364374624e-04 3.536641403498849874e-04 3.607987023296324505e-04 3.393712849890228190e-04 3.254007204002177731e-04 3.354004015014294552e-04 3.417060495490080148e-04 3.424580779362018917e-04 3.431210017323237538e-04 3.409726108103433182e-04 3.357290964558195655e-04 3.211005551970707705e-04 3.260044060508977305e-04 3.347479950893891831e-04 3.203227528783382863e-04 3.028283002579727767e-04 2.919260084024262935e-04 2.968069634076555630e-04 3.076355228919694742e-04 3.115340022900504489e-04 3.179955797800552444e-04 3.325824798321030821e-04 3.410879500103666069e-04 3.233722237239473473e-04 3.082578965910112191e-04 3.098680025653448365e-04 3.248031459257769691e-04 3.383445617492631795e-04 3.398415964292874833e-04 3.316893537825821975e-04 3.254066111173441016e-04 3.178457123277095980e-04 3.114585293393306404e-04 3.207125124749805444e-04 3.300892927610003282e-04 3.290969944831899927e-04 3.265368049365972945e-04 3.136888507443357735e-04 3.134519100712156170e-04 3.398002790498463464e-04 3.580749535823107713e-04 3.588789291336460813e-04 3.523528811383562389e-04 3.371483272527487762e-04 3.230593847176474942e-04 3.170560275965743531e-04 3.156848315198464085e-04 3.208860686870448117e-04 3.143204454727455913e-04 3.048552705728505095e-04 3.185886029062226879e-04 3.322287262377444797e-04 3.335355034377870476e-04 3.364952171552448726e-04 3.440757217860419066e-04 3.496283888990843166e-04 3.536635072605630271e-04 3.610937421407752596e-04 3.563334974527027467e-04 3.337010923064435172e-04 3.183712331208849735e-04 3.202666854447422384e-04 3.391412126867134535e-04 3.435071104057687858e-04 3.364135447174636598e-04 3.324526270861132417e-04 3.171122398215454169e-04 3.116080891707630066e-04 3.163263752796010892e-04 3.278857074130801363e-04 3.385330832345516492e-04 3.454472602909847579e-04 3.427938565969945988e-04 3.275033507750666926e-04 3.150670904134866314e-04 3.306623946788352000e-04 3.432875121295658142e-04 3.355271460293877614e-04 3.295929725014220277e-04 3.252332303449540158e-04 3.257031106013387922e-04 3.318475547996493870e-04 3.323554411577656444e-04 3.129078831965713967e-04 2.578451725445926363e-04 1.863822481082512753e-04
2.088695596392889126e-04 2.775345170783170292e-04 3.266446616260212888e-04 3.361270528006790603e-04 3.317786180314180556e-04 3.301488975786268185e-04 3.230736634691627491e-04 3.122737537946571832e-04 3.189082785624282410e-04 3.394234824619443572e-04 3.461264745486172930e-04 3.369130170310461608e-04 3.208646472205035601e-04 3.116146077667861052e-04 3.248986554065713054e-04 3.491488390743908315e-04 3.525199037501792164e-04 3.296539065854761879e-04 3.170981734031311878e-04 3.418114962956528193e-04 3.652492898555961213e-04 3.556163850258123446e-04 3.327686756239264299e-04 3.208122634838187111e-04 3.095199688690226242e-04 2.983861372816005693e-04 3.196174143359791137e-04 3.427569311000490003e-04 3.375360708365279295e-04 3.232406113070832162e-04 2.985414747714558057e-04 2.895855615725411543e-04 3.083044704942267166e-04 3.257181357815481289e-04 3.296248824796000699e-04 3.264262086054228610e-04 3.216589917867715811e-04 3.147249394919345022e-04 3.159615705707574359e-04 3.206185323518623525e-04 3.304176173610710691e-04 3.356723690845759655e-04 3.371845086461462281e-04 3.383962634979714658e-04 3.379547666062665415e-04 3.273935835973280570e-04 3.099372476825032344e-04 3.126973704824405342e-04 3.182307610048147953e-04 3.138891043567273369e-04 3.177443512831926511e-04 3.228752805376238128e-04 3.351627769916282781e-04 3.556199824338782253e-04 3.581566851847386903e-04 3.541412160976115217e-04 3.562534135283087155e-04 3.508752026652731852e-04 3.419225802958600130e-04 3.293681984207944111e-04 3.185609346571023235e-04 3.181920020093302755e-04 3.153285576733447053e-04 3.111640979782388620e-04 3.171360569139458673e-04 3.258564433356941296e-04 3.422688327042841712e-04 3.571748637078864404e-04 3.565940346840061094e-04 3.568194921905210601e-04 3.630078750642537402e-04 3.645020787772723040e-04 3.495577591603264136e-04 3.325594882592295548e-04 3.283473239480110407e-04 3.305984775461064812e-04 3.423220097189556138e-04 3.381119931797416166e-04 3.243497367663960825e-04 3.183169039465662742e-04 3.163696717839628147e-04 3.304131285198231975e-04 3.470204839668964737e-04 3.489675210234416706e-04 3.433880808383481405e-04 3.432810632251802677e-04 3.424850625574289210e-04 3.318739354879896974e-04 3.215726748598376128e-04 3.313148161717639414e-04 3.354537188544959368e-04 3.310155545986274810e-04 3.322572841522596380e-04 3.228649803032012625e-04 3.161648007675962923e-04 3.250046327321731276e-04 3.332019640786565168e-04 3.199205766229936158e-04 2.617440901237967242e-04 1.826357989414112404e-04
1.989698298591295058e-04 2.723400936870370081e-04 3.311521482115693501e-04 3.511905928742252219e-04 3.489205644957272482e-04 3.435644190776543936e-04 3.360946717225242811e-04 3.239474184355039046e-04 3.226117422137738853e-04 3.351852710977854932e-04 3.453371172015828883e-04 3.453935509178932732e-04 3.329205943069458908e-04 3.270343596330964418e-04 3.324745019287877329e-04 3.324536853553339234e-04 3.277968339212528970e-04 3.154071542231349384e-04 3.110050893497892806e-04 3.421290512889091449e-04 3.682103175134338936e-04 3.484511314183417053e-04 3.152133238325228147e-04 2.991176586917972352e-04 2.855682590736070641e-04 2.841974456175898420e-04 3.179513408063085406e-04 3.423329339556910930e-04 3.394291736856402302e-04 3.375870277246146830e-04 3.174165923040445135e-04 3.047751211217000940e-04 3.269968893628020156e-04 3.484804177014320069e-04 3.498193207538811576e-04 3.376609778802129374e-04 3.229533127966131649e-04 3.208274881763521899e-04 3.299137301661050252e-04 3.326114912136043152e-04 3.337432679713845632e-04 3.367021078826411100e-04 3.455741284356006102e-04 3.546231961007019571e-04 3.521082001427121473e-04 3.321618829215034125e-04 3.079032244831042477e-04 3.094396140920892485e-04 3.195844904693974451e-04 3.126092206211898163e-04 3.113603679245743796e-04 3.235884336073877130e-04 3.384429745388930480e-04 3.507952022541174710e-04 3.466900326989381508e-04 3.385361601081341744e-04 3.392528353398215762e-04 3.443840093375501437e-04 3.530037344813993197e-04 3.464175292914148017e-04 3.249569134032774358e-04 3.113970702820579922e-04 3.178049405777335734e-04 3.346637380009635809e-04 3.432792631249065654e-04 3.439012698302549545e-04 3.503930079409643510e-04 3.557928891479639807e-04 3.459696392543311176e-04 3.415440161874409223e-04 3.464600295988228907e-04 3.439273653301486763e-04 3.326612962152926834e-04 3.314720174087429859e-04 3.368312967726481240e-04 3.361996691665389910e-04 3.394214240584064062e-04 3.386126827359438058e-04 3.297150644845394090e-04 3.220033159159331839e-04 3.293189810034883431e-04 3.507755330349251197e-04 3.671876596611352251e-04 3.598918541971786889e-04 3.394460501283339676e-04 3.241935000815736627e-04 3.183159473839952051e-04 3.192800941168013945e-04 3.206216233262581682e-04 3.286055183901635205e-04 3.387262192004732251e-04 3.446962615183239449e-04 3.376521781458917816e-04 3.143982701073936127e-04 3.072400184301015942e-04 3.259344254151486380e-04 3.399258489726838563e-04 3.220827965122278211e-04 2.535975308778506227e-04 1.679731235195151720e-04
1.887788755480734014e-04 2.610948682463995994e-04 3.232108286203262074e-04 3.510158364987718202e-04 3.490120811766055835e-04 3.417630276864038700e-04 3.402085247001296374e-04 3.365670993903059540e-04 3.252269575857101819e-04 3.174677533602556770e-04 3.239950588710675708e-04 3.342627418938258791e-04 3.327539779335317652e-04 3.311537843623630836e-04 3.313321904812531037e-04 3.187880002190480577e-04 3.075624835650473733e-04 2.979412922074943927e-04 2.968641146012715969e-04 3.222492968899601370e-04 3.404716499466495195e-04 3.277596215977637167e-04 3.095891905213163679e-04 2.987338404372056428e-04 2.873462552589002355e-04 2.980572510460934282e-04 3.339935818034134828e-04 3.431445593598201065e-04 3.285246515443722339e-04 3.294112439302937642e-04 3.233851530287821727e-04 3.193864232051157621e-04 3.367630040572495054e-04 3.457420868346453881e-04 3.443082335856567687e-04 3.404811129372128670e-04 3.277818328860464519e-04 3.206014504896502514e-04 3.208379953413565138e-04 3.201473875565271363e-04 3.245684526167919330e-04 3.381303725067648716e-04 3.441678669912338374e-04 3.413040425139439275e-04 3.362765227245643617e-04 3.199096667821528777e-04 3.096551537272346525e-04 3.191198670042547179e-04 3.269101561048154067e-04 3.195778196391999156e-04 3.191478886265085172e-04 3.287675323278860815e-04 3.386785987988263046e-04 3.431693399340404911e-04 3.318063168155532035e-04 3.172413910379271980e-04 3.135679864339140999e-04 3.215169560478319823e-04 3.399839137041939306e-04 3.495041711628335199e-04 3.323398162443688794e-04 3.074893248800788766e-04 3.114702161484078722e-04 3.346425230293159419e-04 3.453223834914565925e-04 3.461847957660153970e-04 3.445691097687974321e-04 3.408542571784644779e-04 3.240314415503090266e-04 3.105796267714850366e-04 3.072903886965958455e-04 3.092220800763332070e-04 3.211355985942353306e-04 3.332166107314019771e-04 3.306419989779450785e-04 3.209174187174776731e-04 3.178296329725828180e-04 3.191404608836629774e-04 3.200315806133544050e-04 3.191707899074331051e-04 3.288947544422286730e-04 3.472050580693159102e-04 3.592784200894929073e-04 3.491060824683679242e-04 3.271665108318862767e-04 3.161799502270200984e-04 3.189262019932525031e-04 3.245028141868040272e-04 3.260913512706160888e-04 3.284222230228759721e-04 3.419276280581001097e-04 3.499369043116788355e-04 3.267827516843383254e-04 2.938525039052359970e-04 2.940820254514667611e-04 3.229894769431553058e-04 3.411964081057890620e-04 3.207274834361744818e-04 2.506848027335017819e-04 1.671558201199455280e-04
1.664694528873861571e-04 2.310222376130309204e-04 2.903257414030732892e-04 3.221339327191573895e-04 3.226942192155694139e-04 3.136667346399362203e-04 3.159212974757976702e-04 3.175860092729090108e-04 2.993092510677318073e-04 2.866279668643521633e-04 2.928891508544109474e-04 3.048655159637449577e-04 3.145294071176930970e-04 3.166897107371014863e-04 3.095584201274006759e-04 2.968958697649848430e-04 2.903628521396484042e-04 2.835975305598476990e-04 2.844236763760922440e-04 2.960996323471995310e-04 3.010507067744965393e-04 3.002288402140809677e-04 3.020692662080093826e-04 3.016576118034376523e-04 3.006343237600402974e-04 3.225182140654673287e-04 3.513785907936061575e-04 3.423113848076673755e-04 3.169808357188992664e-04 3.137578645168201765e-04 3.123150137809892288e-04 3.072707130076897863e-04 3.100753647812580852e-04 3.104804897416281332e-04 3.117949531877055270e-04 3.148437282363142223e-04 3.078444991373568149e-04 2.949264033027439993e-04 2.819434117971969219e-04 2.762856280024625615e-04 2.886032660049877999e-04 3.101469391119725618e-04 3.074649177268944469e-04 2.949459761987396986e-04 2.975623851899399704e-04 2.988666124421652951e-04 3.088250662898474569e-04 3.221193000904600738e-04 3.127423937437871088e-04 2.957668861256601946e-04 3.030718792799153970e-04 3.207104989688891396e-04 3.316499657975416002e-04 3.260367673177563515e-04 3.024103244662491429e-04 2.838452621596733276e-04 2.854507556998304302e-04 2.943240856677793987e-04 3.055691493607759729e-04 3.209309873548857632e-04 3.168849002299036128e-04 2.943650655950074985e-04 2.892837746022177510e-04 2.972962665086159107e-04 3.031919919653035364e-04 3.120349250650779663e-04 3.116720827068044384e-04 3.044549181151329199e-04 2.907927128814118372e-04 2.774609242889894108e-04 2.705885072890231173e-04 2.808286169515402590e-04 3.103547830198127161e-04 3.204052498107096136e-04 3.043683388233070952e-04 2.898651153569188317e-04 2.788595666745735929e-04 2.739187496621793951e-04 2.841986927163925943e-04 2.903798880523840225e-04 2.949218886526903515e-04 3.093030607620377926e-04 3.212043340593453001e-04 3.146617001500703415e-04 3.029579662618921338e-04 3.081262432198277252e-04 3.147066137845855403e-04 3.099424089293177165e-04 3.101418176169505950e-04 3.162538043558955924e-04 3.261070831008604622e-04 3.286867567297211659e-04 3.035241573381363919e-04 2.767769412137765757e-04 2.820196222224704858e-04 3.065400663872132206e-04 3.197348244729016379e-04 3.047773395127142742e-04 2.458132730424301905e-04 1.716261018627482436e-04
1.303225694177084499e-04 1.805336744528398510e-04 2.246721805500438078e-04 2.445446532178482697e-04 2.471545150384250747e-04 2.429865778164884979e-04 2.450303844938637532e-04 2.463353962258868772e-04 2.349592184995968587e-04 2.345435170921051444e-04 2.399492852033785354e-04 2.469335129941810586e-04 2.581969075612732911e-04 2.613262903373959282e-04 2.489961329416375967e-04 2.313763755445317127e-04 2.280237414578044374e-04 2.344497202931222573e-04 2.440846154246618504e-04 2.432479309276735818e-04 2.350658010457487893e-04 2.338093124839116005e-04 2.399948455774388446e-04 2.465646936583363973e-04 2.547190122898682725e-04 2.798920504994355349e-04 3.001096652143167998e-04 2.855829122223470760e-04 2.614665935392072242e-04 2.517863154020348300e-04 2.429763850663758116e-04 2.318187991289190797e-04 2.312412201737487844e-04 2.371115879139075531e-04 2.389714296896527685e-04 2.388674776861333536e-04 2.379988557260710920e-04 2.296185456086886098e-04 2.141566725645671502e-04 2.033218248386098900e-04 2.140083119542388773e-04 2.318059766289483066e-04 2.265769066270095311e-04 2.176664526161084241e-04 2.326375580265967755e-04 2.530963869983042427e-04 2.674312810088533342e-04 2.680354713553648053e-04 2.460669907385727500e-04 2.248804947887871736e-04 2.344935185747384139e-04 2.555842679397571848e-04 2.635928411694123293e-04 2.508585973790904925e-04 2.272907240808128059e-04 2.126675410718779913e-04 2.186689560246987381e-04 2.307316043202735075e-04 2.407332172390153242e-04 2.557460737793782780e-04 2.557925560447115972e-04 2.393041117986427968e-04 2.303206321947810667e-04 2.259506308698193194e-04 2.283575393498315836e-04 2.383050572822473755e-04 2.359262962619384206e-04 2.276422228291484300e-04 2.198596873243380528e-04 2.135586411651708191e-04 2.104355305879173797e-04 2.244063801000897689e-04 2.551463511053614049e-04 2.593506688231935397e-04 2.426040162174761163e-04 2.321622848503923013e-04 2.161808055068707387e-04 2.075588508996909247e-04 2.192586945955535532e-04 2.229915028190616356e-04 2.200460050071972938e-04 2.264368505972695384e-04 2.351971078435748683e-04 2.345911816039153138e-04 2.343494403329216978e-04 2.436729769619411495e-04 2.418797934711347910e-04 2.318590897992863918e-04 2.377377553754017321e-04 2.491768704817137162e-04 2.584549582372514583e-04 2.657116802309233646e-04 2.472816328980972315e-04 2.274582272806671495e-04 2.335670398872606579e-04 2.472676511289022229e-04 2.495400238110037595e-04 2.414976831932512077e-04 2.026845425700459251e-04 1.470236432123501135e-04
9.131871030086004932e-05 1.258147340866606521e-04 1.516186589891563047e-04 1.548266182719587472e-04 1.585712886353220609e-04 1.679050809851548201e-04 1.678294900692099397e-04 1.590042048154867525e-04 1.527064842873218718e-04 1.615349254704807024e-04 1.672960656564085788e-04 1.739615183245924856e-04 1.825861804642872209e-04 1.812396614766144268e-04 1.691726352226853645e-04 1.503558242546766308e-04 1.455678209613788584e-04 1.602812865273789368e-04 1.748795492033690521e-04 1.673692944052452484e-04 1.531248390715597707e-04 1.510012542000064217e-04 1.559838997870886964e-04 1.582741233103238890e-04 1.638705038915611685e-04 1.835953797739194179e-04 1.981629561496582462e-04 1.892671354759299152e-04 1.719208275523490968e-04 1.571577833851638129e-04 1.467028684606692566e-04 1.388450608623889029e-04 1.405147451238369298e-04 1.495279961005560089e-04 1.500173218281884041e-04 1.475256465783768799e-04 1.505216780868914915e-04 1.524910230609134091e-04 1.490907588088057176e-04 1.426288430657673208e-04 1.480669392636943028e-04 1.525575328809868644e-04 1.400315432008608532e-04 1.326095731063201900e-04 1.506063733467706415e-04 1.779993042143954022e-04 1.898797584094535137e-04 1.812909115633090152e-04 1.598838270435168287e-04 1.428370854076484978e-04 1.491312662388716531e-04 1.621539045834682479e-04 1.636405114511329628e-04 1.525458308077068891e-04 1.383681540804470916e-04 1.321324344486870151e-04 1.390879783400775487e-04 1.520020456832375604e-04 1.666963731109604807e-04 1.818380268432523688e-04 1.802733687725334519e-04 1.663383956024463419e-04 1.560614485337577517e-04 1.497416290243904109e-04 1.559688654716161486e-04 1.619529109025398767e-04 1.551876165517926561e-04 1.511635030095707932e-04 1.479206181411294352e-04 1.453703994917518796e-04 1.419389348019888366e-04 1.495685758841480554e-04 1.755477151998076260e-04 1.837276579469716018e-04 1.743437092365074490e-04 1.661353162779350833e-04 1.468673516004464184e-04 1.370998811274748669e-04 1.431966899383383968e-04 1.408123171374121223e-04 1.354228910584610716e-04 1.349667964644716135e-04 1.377148728687981180e-04 1.401824829914672223e-04 1.462843944396690482e-04 1.537073850419185396e-04 1.494623659654495678e-04 1.456864063008958283e-04 1.555632072896838457e-04 1.633971015992008349e-04 1.705486219671930475e-04 1.834203171915749827e-04 1.686243908043901277e-04 1.472600265892719858e-04 1.509788752058223286e-04 1.607463062076251693e-04 1.596315731493474306e-04 1.545846553392309433e-04 1.334719412242272706e-04 1.015103637752229121e-04
