# 2D Density map on xy plane
1.371975243467453117e-04 1.810794848940149471e-04 2.010397942835215747e-04 2.023047396656156420e-04 2.140913741571855069e-04 2.372270277871537194e-04 2.349745297482694654e-04 2.078011158908190205e-04 1.956253199708293984e-04 1.972223118449586456e-04 1.875554449302608228e-04 1.923063113352088595e-04 2.134857929078721930e-04 2.128761089059922425e-04 2.117125718545037139e-04 2.321137735144865040e-04 2.534066256722578925e-04 2.577543645648661553e-04 2.434113174220500883e-04 2.238581989956783987e-04 2.138357384882939556e-04 2.191943224142907701e-04 2.341016820865217179e-04 2.399463960048009957e-04 2.384549525603356813e-04 2.357671481744962809e-04 2.339265942733922379e-04 2.313430224513144729e-04 2.274907302853553599e-04 2.303640055398414996e-04 2.355776160417934217e-04 2.364018656476378423e-04 2.335598326004639064e-04 2.250292261520044209e-04 2.090373866350637251e-04 2.053167483119932733e-04 2.026428923547923832e-04 1.979074028203065038e-04 2.007382198531359964e-04 2.074009299471532997e-04 2.145095838371799792e-04 2.133754558003761708e-04 2.001071394010971519e-04 1.921913700344574246e-04 2.013230252442179812e-04 2.076589378916003442e-04 2.057563221100652102e-04 2.015623465892573676e-04 1.846559392652810444e-04 1.872881520895924119e-04 2.181833542034731870e-04 2.510354697535767334e-04 2.590479928718397457e-04 2.430332671158065810e-04 2.203029138717306967e-04 2.037885376598925135e-04 2.022184673463636967e-04 2.012341672974597988e-04 1.970265358182479189e-04 2.107618633466145871e-04 2.413370276177950920e-04 2.560899412403213954e-04 2.409304377007777072e-04 2.254692425958782062e-04 2.167517384631539065e-04 2.078064674343194096e-04 2.046015952029811959e-04 2.104027670798302063e-04 2.174104472689392727e-04 2.308038393749467379e-04 2.355936378951887437e-04 2.202153168765932749e-04 2.044352009736443191e-04 2.047455673633890368e-04 2.183168493234022181e-04 2.270200452411947744e-04 2.159322033000687880e-04 2.243233417411283023e-04 2.508744962827201032e-04 2.505205653913438303e-04 2.244443851704886785e-04 2.004543201021145220e-04 2.007107865980747288e-04 2.127677710730412910e-04 2.057177305877363137e-04 1.912154507457369639e-04 1.917726738045561971e-04 2.009294736763393631e-04 2.138751018357681519e-04 2.211821519247187339e-04 2.228603176236023775e-04 2.226841436654318029e-04 2.118848295962697653e-04 2.018574159531567945e-04 2.005840572601493292e-04 2.019771069346219588e-04 2.038628422771384644e-04 2.021697060691112543e-04 1.673634992591057811e-04 1.136745187089740035e-04
1.771891306705465814e-04 2.306415133337798512e-04 2.620337903747802216e-04 2.717092209047265012e-04 2.792386641209517123e-04 2.933904172839658800e-04 2.934691383409695174e-04 2.661553362511039620e-04 2.476523023749781444e-04 2.448929666225953066e-04 2.446183264193037450e-04 2.545681399335236912e-04 2.686502722354168786e-04 2.690567406103278872e-04 2.745431143619134163e-04 2.956612757892714254e-04 3.142936669408968181e-04 3.108200830524052941e-04 2.916059110317516766e-04 2.774613643999499987e-04 2.683817189868890050e-04 2.713297407434095941e-04 2.887070055653198240e-04 2.946750154700239640e-04 2.895563079517812126e-04 2.905011084677241442e-04 2.923405028503023957e-04 2.858653144433302620e-04 2.764882432896867632e-04 2.756566875612334708e-04 2.840070666147591393e-04 2.950949613758839345e-04 2.971936956913672108e-04 2.896358838851545220e-04 2.778975431195583189e-04 2.793654444104091408e-04 2.722986380284380531e-04 2.603783025314218092e-04 2.657141671150695149e-04 2.796073154658767503e-04 2.823503855515617110e-04 2.699808530127173868e-04 2.607629590259349407e-04 2.627474169096727158e-04 2.719927422400782993e-04 2.762458132405911293e-04 2.766483724650804776e-04 2.709011916976915074e-04 2.539311518957160490e-04 2.549110723218223854e-04 2.708854196290204483e-04 2.877578343302670139e-04 3.012439597967203750e-04 3.062609968853244368e-04 2.977531285600630876e-04 2.789081800933688408e-04 2.673751135404820638e-04 2.612550765323210671e-04 2.547532031014438443e-04 2.664639004061107683e-04 2.973326423801644480e-04 3.042143283577307335e-04 2.856565386974326535e-04 2.738917905480632749e-04 2.743078899938550903e-04 2.764434466914675293e-04 2.747002453759892306e-04 2.777229285968242124e-04 2.840447926276490689e-04 2.870070881541160988e-04 2.816267067901231632e-04 2.728740852546196515e-04 2.657509577162474345e-04 2.660591746518547410e-04 2.736105100110099641e-04 2.836196038562281869e-04 2.770758685795935566e-04 2.775055860633770209e-04 2.920874879777808609e-04 2.861081817005690659e-04 2.654680848408337264e-04 2.592698924394266262e-04 2.774809082508897869e-04 3.051870031608865412e-04 3.034053358758376944e-04 2.721409168006766422e-04 2.534459888941953008e-04 2.565891768752739683e-04 2.699078108380078504e-04 2.826246507165999441e-04 2.873561417215537137e-04 2.825775919920395923e-04 2.717706918533096226e-04 2.659802099571462576e-04 2.638581946839361884e-04 2.620610867166217953e-04 2.599169288508104041e-04 2.502140377535306756e-04 2.030324857558437148e-04 1.318167275295474973e-04
2.114614029284231573e-04 2.611011910240133588e-04 2.995666998992287675e-04 3.181747962975972578e-04 3.297708803971415373e-04 3.381146669773968513e-04 3.311898883158981245e-04 3.085017855376070007e-04 2.959940017258894497e-04 2.874541131754340065e-04 2.867462262759199799e-04 2.948053419978212105e-04 2.996978393501941937e-04 3.051459621143548127e-04 3.158152076218679379e-04 3.340730942351187839e-04 3.516226578296318067e-04 3.458295318929272976e-04 3.240146052152147139e-04 3.096645147344521324e-04 2.998478943019268418e-04 3.014448148881644293e-04 3.183016062079445201e-04 3.232300726656307625e-04 3.154042168753558675e-04 3.190061301167534599e-04 3.271223365880876455e-04 3.244023465020829961e-04 3.125012850906486476e-04 3.036758633475794035e-04 3.093500284916897046e-04 3.261579591122259342e-04 3.347528970268766162e-04 3.347219376234459622e-04 3.278149895347156175e-04 3.273498519365592753e-04 3.197082639980052422e-04 3.057456938909409159e-04 3.078144846879562243e-04 3.245841661114615487e-04 3.325874763205273650e-04 3.167697283671660623e-04 3.065879510119041387e-04 3.126679199222802581e-04 3.178252110216209540e-04 3.210335281920511600e-04 3.304022896382991696e-04 3.280778936433751975e-04 3.135198511196945299e-04 3.065439728968014739e-04 2.962484968726655028e-04 2.875555611972597722e-04 3.045830899473586780e-04 3.362605704866070740e-04 3.516628424643162805e-04 3.358410702448769982e-04 3.089001231149728337e-04 2.946040774467765990e-04 2.927201675579518911e-04 3.084720939001264544e-04 3.344377030174648094e-04 3.336323873290840012e-04 3.150142295129527677e-04 3.054337774889133396e-04 3.092440633624096887e-04 3.175731228963034076e-04 3.172807503324707144e-04 3.159212303238148026e-04 3.142236674856589522e-04 3.006326521257861014e-04 2.926401681018030295e-04 3.007561227281681281e-04 3.058347046888256838e-04 3.062421211907546698e-04 3.044328758014300642e-04 3.117189377818269103e-04 3.140926958547531327e-04 3.120973555988345075e-04 3.167852479141319150e-04 3.066071506953160623e-04 2.944485531531401516e-04 3.052193806478915904e-04 3.346707282676208159e-04 3.664745695155032131e-04 3.675290465090974741e-04 3.299943582737541008e-04 2.964884121104948431e-04 2.906353466732576173e-04 3.083668434183931993e-04 3.319732485100259809e-04 3.361175660924213462e-04 3.193134843834361360e-04 3.088757244325536716e-04 3.138028203532044905e-04 3.124966583851947763e-04 3.051969199186038402e-04 2.993212969266252849e-04 2.841523753164114938e-04 2.275901566575776246e-04 1.451953706655364400e-04
2.198768449028525496e-04 2.654095688080215505e-04 3.054606772887723948e-04 3.291601259999981407e-04 3.484841985261195678e-04 3.535061626142500411e-04 3.342918849137151279e-04 3.184380636479749007e-04 3.227731570076567617e-04 3.254681543756474463e-04 3.251299509601670136e-04 3.222158060143256401e-04 3.173963411748518333e-04 3.179299672517779110e-04 3.180122136327072856e-04 3.281486928035414266e-04 3.457420090119361737e-04 3.435490237764789005e-04 3.257015638511925339e-04 3.153857840801424506e-04 3.078824756205001149e-04 3.028822609657495302e-04 3.131024757972874183e-04 3.229975878248098758e-04 3.212776297431107608e-04 3.232890101602817288e-04 3.327330876038668561e-04 3.332366756850558588e-04 3.188166325476346377e-04 3.040845644251909769e-04 3.088302794081722270e-04 3.275818767600808439e-04 3.365069711761786817e-04 3.425204671846992588e-04 3.410009579054986773e-04 3.321093856313107667e-04 3.193506986773150423e-04 3.143424633942202466e-04 3.208355430184418444e-04 3.332414829356067235e-04 3.458706301080475198e-04 3.376357523001345434e-04 3.278318776100916398e-04 3.308051968846750551e-04 3.289404634779615269e-04 3.329500063117310201e-04 3.445531404993898927e-04 3.410086345720310559e-04 3.267998652421337589e-04 3.122886568943578946e-04 2.953258773183698978e-04 2.817452737323712089e-04 2.989614640458982103e-04 3.393836960194838688e-04 3.614412358917099173e-04 3.500123027363422025e-04 3.219413808554339547e-04 3.057555523265205683e-04 3.076363705522386534e-04 3.215182085699136395e-04 3.368840507833215266e-04 3.385246008374790403e-04 3.281784059026099593e-04 3.161364007811956218e-04 3.149935714315951416e-04 3.202148281684812558e-04 3.255208530421810961e-04 3.285044273754021823e-04 3.201679426068463090e-04 2.974193252394439308e-04 2.912367959083044335e-04 3.080756410288260972e-04 3.184204908190597970e-04 3.236510141236848557e-04 3.181555124336087081e-04 3.177873448802501569e-04 3.276891654990231090e-04 3.342352109025571380e-04 3.377871280447708414e-04 3.223247077568796052e-04 3.117996505004274775e-04 3.227408821315049577e-04 3.363891421833138228e-04 3.492174845859716921e-04 3.533929247364435682e-04 3.336004706020866822e-04 3.087165002827493669e-04 3.062234885781186080e-04 3.306547309311400453e-04 3.568894318910673883e-04 3.541456238581372333e-04 3.281048655098349866e-04 3.168225926920575659e-04 3.249876429492086277e-04 3.238028649708457499e-04 3.172955713343414809e-04 3.113970665135333831e-04 2.973880161625206417e-04 2.438331380355343049e-04 1.628887590903324242e-04
2.168001334359506412e-04 2.686236610875548220e-04 3.049888617255967099e-04 3.204451458534889399e-04 3.376028297998785472e-04 3.454750589149116133e-04 3.305666194244224728e-04 3.216639270655969511e-04 3.330509187737042435e-04 3.501758832708980326e-04 3.580457980208034963e-04 3.439984664139673258e-04 3.274435194461505511e-04 3.223819646107348776e-04 3.154130743278034171e-04 3.148169577513893619e-04 3.260367053261196469e-04 3.298570730287204641e-04 3.208555270566465262e-04 3.165852802947844856e-04 3.118636185812272621e-04 3.031659105047567566e-04 3.105898432678869461e-04 3.262958156798239154e-04 3.311428196996910262e-04 3.322287453757006735e-04 3.401313460746320321e-04 3.438261229336491928e-04 3.299355458515487532e-04 3.111379440714587708e-04 3.148683162069338412e-04 3.382250578413641259e-04 3.513701765090905386e-04 3.523639430592689827e-04 3.410135137882045094e-04 3.218712828922236932e-04 3.060832380557738409e-04 3.142330031191255344e-04 3.305125711911814125e-04 3.348850997098798822e-04 3.402261426588367344e-04 3.355098360026616310e-04 3.271835794846923696e-04 3.266987065321398090e-04 3.267527134203861128e-04 3.362150978763397426e-04 3.447728288817017992e-04 3.432856657896018668e-04 3.417193016127832370e-04 3.324111898592496455e-04 3.150741890905034946e-04 3.060358810568983030e-04 3.179942335982368284e-04 3.408444062191515016e-04 3.476986349904189876e-04 3.398835524079446080e-04 3.295030314521151969e-04 3.201124912855065263e-04 3.185637747523015445e-04 3.215069303857361126e-04 3.230358400051578250e-04 3.276449544019601140e-04 3.323838869905996812e-04 3.256821735419095109e-04 3.173600879536067837e-04 3.134069271213222197e-04 3.259324149603841109e-04 3.463244982634587719e-04 3.485828909021486616e-04 3.299942275333157685e-04 3.189911358490869937e-04 3.245626294680626625e-04 3.254932170800973286e-04 3.300081889519798379e-04 3.303852378638833095e-04 3.314400041548533392e-04 3.449825192000489189e-04 3.525811237053960018e-04 3.492173337499048565e-04 3.284547596619703694e-04 3.216951274600910815e-04 3.263852508879901246e-04 3.126683064153914821e-04 3.066978417970351082e-04 3.215970993835837372e-04 3.252611880513059470e-04 3.177888769574794539e-04 3.239506898449480247e-04 3.454349020264525414e-04 3.582417976467585675e-04 3.474783707205470027e-04 3.261304651817794860e-04 3.161856865669502876e-04 3.199702609069916912e-04 3.233186924436291928e-04 3.259783680303918489e-04 3.206442356919569198e-04 3.020221547304350511e-04 2.481268955804487113e-04 1.694893022116166425e-04
2.165367743678204920e-04 2.790962407609698620e-04 3.103833636444302277e-04 3.087697269477888279e-04 3.181708747179623400e-04 3.316078460016161312e-04 3.239800497038837750e-04 3.150283281899737527e-04 3.208601103151198465e-04 3.392697233855335019e-04 3.533380760576483766e-04 3.408155992605752535e-04 3.243494012903304813e-04 3.238887457187802237e-04 3.215785377122121484e-04 3.148189125695579184e-04 3.197051541450875254e-04 3.304244240817019989e-04 3.296871167934592927e-04 3.297502839859637247e-04 3.309839434881351383e-04 3.258586315044766915e-04 3.273723679938135176e-04 3.363221320377018540e-04 3.355035166192196425e-04 3.282711647278384543e-04 3.287576702539498318e-04 3.409424827180789451e-04 3.390047916922276803e-04 3.236174607605131872e-04 3.271289304260533034e-04 3.496591655532799549e-04 3.621773287620350503e-04 3.596003233371414167e-04 3.409477184616537503e-04 3.143110541770195937e-04 2.987559825201234693e-04 3.064556171317300154e-04 3.209877477408770372e-04 3.274621849546813343e-04 3.371777069195201824e-04 3.324070967500455335e-04 3.128131442319569458e-04 3.065347891468711301e-04 3.226865178250018788e-04 3.459417809770838387e-04 3.520001873931178325e-04 3.500099964005439716e-04 3.566343152977583756e-04 3.558532541962530727e-04 3.365277643770501928e-04 3.292380242220479592e-04 3.376140841935443586e-04 3.391607872339782808e-04 3.293836179057584479e-04 3.253783757521808628e-04 3.332533305392303613e-04 3.351676662729839804e-04 3.321594444609783864e-04 3.282019858813606770e-04 3.209679585543109229e-04 3.189728502151843292e-04 3.223196589368351652e-04 3.221049994631881332e-04 3.157699579911778459e-04 3.065618586231389593e-04 3.160232202351829210e-04 3.438225781075179410e-04 3.645100832827458982e-04 3.607834321158433699e-04 3.449608975833220710e-04 3.346709076584609976e-04 3.319447684188729436e-04 3.369481199077655202e-04 3.432415965285241571e-04 3.470378808512549645e-04 3.502590438203211868e-04 3.406517848970492396e-04 3.287721966561421788e-04 3.155947792080999407e-04 3.200791621297498072e-04 3.287019864318983862e-04 3.110652087983934149e-04 3.019666048945065292e-04 3.178556747300321800e-04 3.252233592544846947e-04 3.252044748188302487e-04 3.356339301256960851e-04 3.459391006570512392e-04 3.372232382414260920e-04 3.198373565848034133e-04 3.155163952724375086e-04 3.220979410698508196e-04 3.298984536564662524e-04 3.328545382352278122e-04 3.366713684576379110e-04 3.325016053359665944e-04 3.086218098191656359e-04 2.461375623807921680e-04 1.630718910676475224e-04
2.110501698832849640e-04 2.874853904291870032e-04 3.241120394198635218e-04 3.157541392428756520e-04 3.187443574513426506e-04 3.290551844600873681e-04 3.241757496359269609e-04 3.184917218684602544e-04 3.206435973407946796e-04 3.291673488073651541e-04 3.353892978592822255e-04 3.332553027516309144e-04 3.291923283351079780e-04 3.314090574306111136e-04 3.263335739510503635e-04 3.164445491033704471e-04 3.226648500957863121e-04 3.376034265064308806e-04 3.426496180831012936e-04 3.491955544165824743e-04 3.608714163730344883e-04 3.593260900420318631e-04 3.469506737009158586e-04 3.408779391002232130e-04 3.283781236842678438e-04 3.115207512271166721e-04 3.073344557840232438e-04 3.260090380780286744e-04 3.360673258946256367e-04 3.327080451744753530e-04 3.372855332789711060e-04 3.449290240872167086e-04 3.435968769440888465e-04 3.493350846027361550e-04 3.461362568654086438e-04 3.226445094031039776e-04 3.088743039743473183e-04 3.096005812364322385e-04 3.153600033664628053e-04 3.243023392887998003e-04 3.444512890907791059e-04 3.439299171486408669e-04 3.129219053073041329e-04 2.953600829669776259e-04 3.158725889195280806e-04 3.487885821296216288e-04 3.541892607135065357e-04 3.468221162936888113e-04 3.455543997535002456e-04 3.424386594219644376e-04 3.286096588991203752e-04 3.277688414135898273e-04 3.361582664134815830e-04 3.293624325909235134e-04 3.180471742792816657e-04 3.216693596200322796e-04 3.374562956848171013e-04 3.451899015552897104e-04 3.395691606697133881e-04 3.370959115506800283e-04 3.369509623619701476e-04 3.305462202241923734e-04 3.182722727387199326e-04 3.182970654657250637e-04 3.248906252074206533e-04 3.189358504413078790e-04 3.181303206554647644e-04 3.342416398888178094e-04 3.558586886047986368e-04 3.583935279239262362e-04 3.467157767918869343e-04 3.386794379540616212e-04 3.408275932263063294e-04 3.442292243643962435e-04 3.482134863864630014e-04 3.505728489424168024e-04 3.438991956727283409e-04 3.244437013284179718e-04 3.141911760551935502e-04 3.136310016166385514e-04 3.267705819015744419e-04 3.403845094451963139e-04 3.313060730950868026e-04 3.259092833499935738e-04 3.324110275255158964e-04 3.289347616596735016e-04 3.252097392719831173e-04 3.367128079459825486e-04 3.422020365132686466e-04 3.237123037682301677e-04 3.023844321374832920e-04 3.070146061002149238e-04 3.282410293438470716e-04 3.418248199430798081e-04 3.372479858904326518e-04 3.373864290142154949e-04 3.448469654664938593e-04 3.305414609452659571e-04 2.612543854594742243e-04 1.698865243561615244e-04
1.954479445651206599e-04 2.809101909048239507e-04 3.252937806378374572e-04 3.197651616682049315e-04 3.227308624979390310e-04 3.325838854895546296e-04 3.357452891269067474e-04 3.341531817733307732e-04 3.316541126910448837e-04 3.292950062781444648e-04 3.291834767074736622e-04 3.363421054098809102e-04 3.350763111869056862e-04 3.338264809044695245e-04 3.291923687657177930e-04 3.249118757495220470e-04 3.309257690264209200e-04 3.336764711616274897e-04 3.293289984509883256e-04 3.317144903192348554e-04 3.488081659944701073e-04 3.590405064756591871e-04 3.463507973773262113e-04 3.327816520086886143e-04 3.165487206361738276e-04 3.067796508427176900e-04 3.153695405231825505e-04 3.347215210852843605e-04 3.432475786304704443e-04 3.469243273621554777e-04 3.451490013989217754e-04 3.392809977314008795e-04 3.334087338374720614e-04 3.479450135010604618e-04 3.587304754391583417e-04 3.414272926619125494e-04 3.282065238150382687e-04 3.337400889754139639e-04 3.456047659832449381e-04 3.448438308495842329e-04 3.509951596849639243e-04 3.482220599090109399e-04 3.245674191164546474e-04 3.088230243533585844e-04 3.201784028662983282e-04 3.455099869326016442e-04 3.447778856625110990e-04 3.353635748590394743e-04 3.293727411184250694e-04 3.196330711734780752e-04 3.131388155874746410e-04 3.243251014574057727e-04 3.351215557874009303e-04 3.229957036841156091e-04 3.139079603398867028e-04 3.238193903581677033e-04 3.411852112844148571e-04 3.509597866244903433e-04 3.429932816112426673e-04 3.445153355812265346e-04 3.546527677658957867e-04 3.452506310509506062e-04 3.219595968886274171e-04 3.203416419081948126e-04 3.363191173356026766e-04 3.344831801605962964e-04 3.254811625388379353e-04 3.281430246247949659e-04 3.345666097805828068e-04 3.292557303474222198e-04 3.293699946485506265e-04 3.367896205914545178e-04 3.391812442120530633e-04 3.372226176791198521e-04 3.381349817383745397e-04 3.346160593315131550e-04 3.247294957058288159e-04 3.168177315377273661e-04 3.184950075622832843e-04 3.231919182910353511e-04 3.365673415649169937e-04 3.458731983109341484e-04 3.341892148666226851e-04 3.278717173369842790e-04 3.307525193330852374e-04 3.276878328718057110e-04 3.229691311616670214e-04 3.298583930094798168e-04 3.370000793387972022e-04 3.333416643599208286e-04 3.183708495368492907e-04 3.114854063127343430e-04 3.208500606880219561e-04 3.306042342837301872e-04 3.262172151522562107e-04 3.249565252676953845e-04 3.424159038508396528e-04 3.429820739387523954e-04 2.779261804639138948e-04 1.862729503959439589e-04
1.856458069772062651e-04 2.681998301422216721e-04 3.131089137112714506e-04 3.097304781658094964e-04 3.147465583476634853e-04 3.307299666752126256e-04 3.424822702138433442e-04 3.355802978861280187e-04 3.204850965913301139e-04 3.150393917561332066e-04 3.246951189807133643e-04 3.356095911109766320e-04 3.285874231278192170e-04 3.250111997548334923e-04 3.266915307832901974e-04 3.330596740150125554e-04 3.372864234855683452e-04 3.289125421529996837e-04 3.120602692378029682e-04 2.970063982928595721e-04 3.084645662967470644e-04 3.333608960824916215e-04 3.375477554692796894e-04 3.323596792290989168e-04 3.210525097714618070e-04 3.174552275722357028e-04 3.324356991021758462e-04 3.467311120995849021e-04 3.480454365848927012e-04 3.502587491037512449e-04 3.417382644704706563e-04 3.381837074565191862e-04 3.427091359229947169e-04 3.538103666671585249e-04 3.568860657582389670e-04 3.404614394135504866e-04 3.315312021212871900e-04 3.501629183379790112e-04 3.757279674265847128e-04 3.687693636265456688e-04 3.516758527707671109e-04 3.374839147896421159e-04 3.270580932002210579e-04 3.230865316295002858e-04 3.276788090158759136e-04 3.424879160247090368e-04 3.434259920518618414e-04 3.358471391154970202e-04 3.218766862941900087e-04 3.041979913211166403e-04 3.012421018801134630e-04 3.205537664453036594e-04 3.356234327573023326e-04 3.254086481812337424e-04 3.203746337020051561e-04 3.286234392259904319e-04 3.392557846548202886e-04 3.456193864823252273e-04 3.372452646039018464e-04 3.380556717496371725e-04 3.463797459387493662e-04 3.397108615392734196e-04 3.261520023176033749e-04 3.237014099605213914e-04 3.393797779834440559e-04 3.421312401833472992e-04 3.224731707313626284e-04 3.095533464413881188e-04 3.074209476589413173e-04 3.062144864096540565e-04 3.192713030391216146e-04 3.313673823680846238e-04 3.275610925719461245e-04 3.249284987590101022e-04 3.322816160378298236e-04 3.288570396586453989e-04 3.170035082168122216e-04 3.131785962084545705e-04 3.182978921937217260e-04 3.208484283597111885e-04 3.256161376694444555e-04 3.307368409452062516e-04 3.240887134946737616e-04 3.223980460578903563e-04 3.292906413056290301e-04 3.296795366722956189e-04 3.234752936142054744e-04 3.236722460499050604e-04 3.324864964295914460e-04 3.489168253375501526e-04 3.462714899384872333e-04 3.265049613249274615e-04 3.190626985376514443e-04 3.218810412790638160e-04 3.204800033195786017e-04 3.151975338713869021e-04 3.269244258704344873e-04 3.333575720231828901e-04 2.791937516427145491e-04 1.925456384900314289e-04
1.794984355676123005e-04 2.527009763745767458e-04 3.001602738740549985e-04 3.078348793228530235e-04 3.207558770190490054e-04 3.392116452864857193e-04 3.472012176230786272e-04 3.333347841879125400e-04 3.073703523865345096e-04 2.999702979119361033e-04 3.155591524352690299e-04 3.246746251389317790e-04 3.236203068083497712e-04 3.257347577337928613e-04 3.247446871126338460e-04 3.314473134174548714e-04 3.408065522657433661e-04 3.394095802655517431e-04 3.277348697224943168e-04 3.071358628751828107e-04 3.065056463557154715e-04 3.235978191113306418e-04 3.341348048997339233e-04 3.407035275098111490e-04 3.309658393042079613e-04 3.210213306853173468e-04 3.305094849027241373e-04 3.385650173901969028e-04 3.352002683126687572e-04 3.312314998844843655e-04 3.274643684277998455e-04 3.382486969613492881e-04 3.497157760188231027e-04 3.438241583943626827e-04 3.289785655377148099e-04 3.135152431757071059e-04 3.123645265055298003e-04 3.348170009610078064e-04 3.615005393940611596e-04 3.588784948621233676e-04 3.376023339756728525e-04 3.236757422358289447e-04 3.261560884119295506e-04 3.273732832969940970e-04 3.215183704641330783e-04 3.250920166544356131e-04 3.351318887299548771e-04 3.362941294974719931e-04 3.203993907099466211e-04 3.014313825681834121e-04 2.982693489144155755e-04 3.093154775556485655e-04 3.232578330138302495e-04 3.306972141463240139e-04 3.351605502324653675e-04 3.297704351861474896e-04 3.257775491867700296e-04 3.295726780228067716e-04 3.254960445054088953e-04 3.221075055903528661e-04 3.243871761846744712e-04 3.299533494253308096e-04 3.346050023395994604e-04 3.285051980333586865e-04 3.351542883766797914e-04 3.408540146571105130e-04 3.168182185720865517e-04 2.983242337354873302e-04 3.038309688397521817e-04 3.133128480507409576e-04 3.286239070590009359e-04 3.376376556680427609e-04 3.331510969559623109e-04 3.317215911557105826e-04 3.371487271150632598e-04 3.372879042093295063e-04 3.302813997010481699e-04 3.233963685866183039e-04 3.256447572080858801e-04 3.229379339173490829e-04 3.103170138926970552e-04 3.110766196208478770e-04 3.245562443332012824e-04 3.395143914613751044e-04 3.456064325146888700e-04 3.364860392117234307e-04 3.226858646880956662e-04 3.183981912849835768e-04 3.264478587344603311e-04 3.526618600945459221e-04 3.635539756863437506e-04 3.441397676511002719e-04 3.253141235668565584e-04 3.213837897134216187e-04 3.222601124931220168e-04 3.138884058139269104e-04 3.146256426898706325e-04 3.219892485148010330e-04 2.746156130212437109e-04 1.865614824392738242e-04
1.865179600575943264e-04 2.502034579563035786e-04 3.035275836958284835e-04 3.286351271088067431e-04 3.455259541976637636e-04 3.512414810519488926e-04 3.453174208940538092e-04 3.361163181051423439e-04 3.184080688882366455e-04 3.138339626362389662e-04 3.263799960608871047e-04 3.333275121409844219e-04 3.431892867183157936e-04 3.503297641412137647e-04 3.350119234034852622e-04 3.262305856860726102e-04 3.341178239806360953e-04 3.400860969598039243e-04 3.405177456953990172e-04 3.333717273122423913e-04 3.300847792069989657e-04 3.296331148297922879e-04 3.337972260467603463e-04 3.418955619189484297e-04 3.263057654532298675e-04 3.114536214591644581e-04 3.152811237690106034e-04 3.205534810541440073e-04 3.194369160696936081e-04 3.130869076053964550e-04 3.180375012707567462e-04 3.369257329403631501e-04 3.457992381411212303e-04 3.297176133842842161e-04 3.122027099555840443e-04 3.103677833877614310e-04 3.171451997633710604e-04 3.241257340805942487e-04 3.328200708986299048e-04 3.357945485974463780e-04 3.270001216192274180e-04 3.226597606402786160e-04 3.322340840665213672e-04 3.325478389962600390e-04 3.185281662887545187e-04 3.146474832645504861e-04 3.252129980738989890e-04 3.342719511326506382e-04 3.333154320749854259e-04 3.220344045895646642e-04 3.102490737308316246e-04 3.060592594789976603e-04 3.156417534517474673e-04 3.351640149019574806e-04 3.423226083257220912e-04 3.229759502626924038e-04 3.106320521891244718e-04 3.215271185498537986e-04 3.285210230476719195e-04 3.215634806411247441e-04 3.168184227113208769e-04 3.239722337003204423e-04 3.389765347693932118e-04 3.338684230407796757e-04 3.259041918629104490e-04 3.299613817434228773e-04 3.189632853006202752e-04 3.102963338738512532e-04 3.257630478623978741e-04 3.338037000009019990e-04 3.352208297220388026e-04 3.431057470477903433e-04 3.489354684392260270e-04 3.537550578464268439e-04 3.509730823967752503e-04 3.438044857946712172e-04 3.340089952925118233e-04 3.285355410309702667e-04 3.375660905946575082e-04 3.346449890212627176e-04 3.099693378898816555e-04 3.061723557210240974e-04 3.340311400703696240e-04 3.632396402573468243e-04 3.669869760443575596e-04 3.472389039578650891e-04 3.267068608023026058e-04 3.236474850061305669e-04 3.298033226941456423e-04 3.469301981840542510e-04 3.609374965007301002e-04 3.506643605044730506e-04 3.236428551687938132e-04 3.185935407224333446e-04 3.288889409011786381e-04 3.227620782445476521e-04 3.172204182523608073e-04 3.220416834447068768e-04 2.727850347104734258e-04 1.802901734448513599e-04
1.970138291571428535e-04 2.591941417616731727e-04 3.217579821004386688e-04 3.529160347095263166e-04 3.606437246170141335e-04 3.541025502470392496e-04 3.417114435394570833e-04 3.388585691364207043e-04 3.332092608890985198e-04 3.325696160732471659e-04 3.438845450443361916e-04 3.543578266266942008e-04 3.692989486486537723e-04 3.709226763329179308e-04 3.406711700045800392e-04 3.170437314233662436e-04 3.147875854126585822e-04 3.201630803440236339e-04 3.321570514628861153e-04 3.467253355877928907e-04 3.515859330554899293e-04 3.357477387525599488e-04 3.282731228571329068e-04 3.397309607007539768e-04 3.299045679166637875e-04 3.133189332165797346e-04 3.096704887904370616e-04 3.157037882115959503e-04 3.191581649250752745e-04 3.176343478153874551e-04 3.297474649502275964e-04 3.398318094114656063e-04 3.314073134635775030e-04 3.205157218664462333e-04 3.197554471146611763e-04 3.390120822025759900e-04 3.585973055829821997e-04 3.493139513193503024e-04 3.327127208640328899e-04 3.335935561554846510e-04 3.353592226528351056e-04 3.294223100502998922e-04 3.321088496714178179e-04 3.367682018724860518e-04 3.299354094616231410e-04 3.288609139526620789e-04 3.369941837642189764e-04 3.436354583678322551e-04 3.507917969876123902e-04 3.483552692625070473e-04 3.335702841995636693e-04 3.245342110219672817e-04 3.247049726641482669e-04 3.333536653706694686e-04 3.385341096611553004e-04 3.267882988123333322e-04 3.185976713356718942e-04 3.294152874179483853e-04 3.367366011805315949e-04 3.298680093617959320e-04 3.211683207891501113e-04 3.175940269753580185e-04 3.310759176572175316e-04 3.302314977944851605e-04 3.167443632753922322e-04 3.213098704371778304e-04 3.269144012213070810e-04 3.307399583773682210e-04 3.464980822271994843e-04 3.402517326042385775e-04 3.209680804626542606e-04 3.256654190382252817e-04 3.437913498391137620e-04 3.554923776194113304e-04 3.511142176317086881e-04 3.396246495037399211e-04 3.256910543938300664e-04 3.244143130602133605e-04 3.419128609833948108e-04 3.454312600002954836e-04 3.245819211933448053e-04 3.198967099654681035e-04 3.426457750277253568e-04 3.693201269414077650e-04 3.738815963683515733e-04 3.542594735499377586e-04 3.371249059470541980e-04 3.401386781916739639e-04 3.413482746023853713e-04 3.357004434711208024e-04 3.357877409218372727e-04 3.350914022247126101e-04 3.192535896084454827e-04 3.225657796330343185e-04 3.411812625268614407e-04 3.404779463001922314e-04 3.312137181774329575e-04 3.219653873580296697e-04 2.643093007351256110e-04 1.744481217321257164e-04
1.934780565266747457e-04 2.622854197003618806e-04 3.272854581792508546e-04 3.492562502081145268e-04 3.465061267073042683e-04 3.414385672551204865e-04 3.334271360145017087e-04 3.302585724586945917e-04 3.250926521202396682e-04 3.196467962502616165e-04 3.297249523883315995e-04 3.499808243081370548e-04 3.675197747131685785e-04 3.596686317502029856e-04 3.242702105833236573e-04 2.985623411829005543e-04 2.952489264042440237e-04 3.055202320775470557e-04 3.252662949939598143e-04 3.536420377425212799e-04 3.633797620589581919e-04 3.342143931574959753e-04 3.164060271030646717e-04 3.361331777558802889e-04 3.442162529992575022e-04 3.336558466630226531e-04 3.319572913325333132e-04 3.383298287097798954e-04 3.328905138715895599e-04 3.297852708925485469e-04 3.506066545770721759e-04 3.546246669630888685e-04 3.244859549402917260e-04 3.172418445328809185e-04 3.313543193757544254e-04 3.550526754214709379e-04 3.760045485565063038e-04 3.604273835602946063e-04 3.361492040096972613e-04 3.388063210086651603e-04 3.471440206649277450e-04 3.358046486852249869e-04 3.230095241690841379e-04 3.298258428875055137e-04 3.432703371185758510e-04 3.498246225963807989e-04 3.473604734619229958e-04 3.418216597290703838e-04 3.463859790828674587e-04 3.535694284320944100e-04 3.516389097187102306e-04 3.465561628355498741e-04 3.357690766963780660e-04 3.321629798665242869e-04 3.415811618608539111e-04 3.424334003984019401e-04 3.338947708883377007e-04 3.365069063263170356e-04 3.394367604583706254e-04 3.420932099471316393e-04 3.385277290627085670e-04 3.200279642821301281e-04 3.171302956129720295e-04 3.217130871045449864e-04 3.197912347842515445e-04 3.206650853742566893e-04 3.220272239495416489e-04 3.341777457291826786e-04 3.503072032131829402e-04 3.348660269179281343e-04 3.124021542310167739e-04 3.215429482261263267e-04 3.414175414651714202e-04 3.451054945509503865e-04 3.326268592152208732e-04 3.229132102694857185e-04 3.201841961544958540e-04 3.220461554887576517e-04 3.344887054707984509e-04 3.390868743833490902e-04 3.247042162061819590e-04 3.260911293551678860e-04 3.433064212923556385e-04 3.556019550694935289e-04 3.544306038956345959e-04 3.425392812326313614e-04 3.327637636304671539e-04 3.358005137583479609e-04 3.359204107170590185e-04 3.258309949170813810e-04 3.195780953591060777e-04 3.203040889635202408e-04 3.168822742334240477e-04 3.264868839257456046e-04 3.489285573100768621e-04 3.570759030970451636e-04 3.485666212945024139e-04 3.233203213905257254e-04 2.549929482263868963e-04 1.688418346831567171e-04
1.816619625151841809e-04 2.600422875205303757e-04 3.241330677246520532e-04 3.364153639367735231e-04 3.289691313803806694e-04 3.270302193891771992e-04 3.221973272033919634e-04 3.176272733251726214e-04 3.089715274658151730e-04 2.961368874984158074e-04 3.027662238881125793e-04 3.318650755309032361e-04 3.536596078372293713e-04 3.442417519288273756e-04 3.118857781007073737e-04 2.893671838851880106e-04 2.910540742430247144e-04 3.069067952937371349e-04 3.278391060736743834e-04 3.542801938647834417e-04 3.553765623533604052e-04 3.187713354286185029e-04 3.077953446213552461e-04 3.445919041760402406e-04 3.657702429591949342e-04 3.564364362894623084e-04 3.519936890624803492e-04 3.508204454197631989e-04 3.342532159603273795e-04 3.272173576380699644e-04 3.528860931323162670e-04 3.629046980266137173e-04 3.308635444548354166e-04 3.204435163203492223e-04 3.337530946809972015e-04 3.459107047464890852e-04 3.539140403493638105e-04 3.365804469752092928e-04 3.202393513443557846e-04 3.304538130676608083e-04 3.439528376287466537e-04 3.361210560580348309e-04 3.194974113604615029e-04 3.209806523077221672e-04 3.441372646718102949e-04 3.564886330268241758e-04 3.425762827855736384e-04 3.286509816803920791e-04 3.297591139910934725e-04 3.377483112482780386e-04 3.437136317217708622e-04 3.401639093695424387e-04 3.305273753443412760e-04 3.352694652785962685e-04 3.509620009698049300e-04 3.520872737829088927e-04 3.375986176353566390e-04 3.313591204539798898e-04 3.344996424663580921e-04 3.482742085790330394e-04 3.504984588140788292e-04 3.234187168680063211e-04 3.098675608375524174e-04 3.223873717164850005e-04 3.338470190548925554e-04 3.274981010977635843e-04 3.159974291899128747e-04 3.284888697529988327e-04 3.454898621613073382e-04 3.388275747470430766e-04 3.310571429861833845e-04 3.419408301257671669e-04 3.495717832619443625e-04 3.384869985882901669e-04 3.169786382024353841e-04 3.096750037459318743e-04 3.212080748601116179e-04 3.271023379426779240e-04 3.339483943559348788e-04 3.346485702766373261e-04 3.174899941563418936e-04 3.208191016075932897e-04 3.389178850385040666e-04 3.409088026219348529e-04 3.276962358985961634e-04 3.146810853618944512e-04 3.083131451245991334e-04 3.151013431260273512e-04 3.211470981995451549e-04 3.196255582893811186e-04 3.218252459614442213e-04 3.209390012767696088e-04 3.111297730568860246e-04 3.149667309303888258e-04 3.374688672709698313e-04 3.590407172019873926e-04 3.628723279860557186e-04 3.347541461075021147e-04 2.578390817259985229e-04 1.698723437071803953e-04
1.742866724000453698e-04 2.522263507692926610e-04 3.117183712793865748e-04 3.203870816181696819e-04 3.168720893017018276e-04 3.156858949968088259e-04 3.102408254928088046e-04 3.069410138671642267e-04 3.003731241089024006e-04 2.910658964264660085e-04 3.000167808620060866e-04 3.302625619231385574e-04 3.492969938349296333e-04 3.469380756999699243e-04 3.312478258648735669e-04 3.155136691748995333e-04 3.106907864907521044e-04 3.131916225085229098e-04 3.249589102323870507e-04 3.399172097636060262e-04 3.315822907961243470e-04 3.018591321609639467e-04 3.082966396875276159e-04 3.543746373851708667e-04 3.742654431991934184e-04 3.581692029423192867e-04 3.411421815995669890e-04 3.314024415263088505e-04 3.205534918719303442e-04 3.211018203165541735e-04 3.456418290342048853e-04 3.599685697621738626e-04 3.349210522085073341e-04 3.240555753220753128e-04 3.391118715049540452e-04 3.443427900776213592e-04 3.396699961487240722e-04 3.246866426723548152e-04 3.145055868676733526e-04 3.214046449573366299e-04 3.344298348769058011e-04 3.370589369658073473e-04 3.308614781884966689e-04 3.225050021112014619e-04 3.263622650893525587e-04 3.335150165565384153e-04 3.283636356471185186e-04 3.227214516025677759e-04 3.199118088610586243e-04 3.154544756561986248e-04 3.161162011602367634e-04 3.186012600707062437e-04 3.173116897184694290e-04 3.184932338619923678e-04 3.311332419427224236e-04 3.435322711869325191e-04 3.389565727031434929e-04 3.310784342164856337e-04 3.335905994537168451e-04 3.462833068854390085e-04 3.448035747815410192e-04 3.172628873436621026e-04 3.097071600378055933e-04 3.376284672852689918e-04 3.573050053591689821e-04 3.446652220734555119e-04 3.258725481325419051e-04 3.284125039647445960e-04 3.349020895406819298e-04 3.369150076440101220e-04 3.405489975628061021e-04 3.453269754818321042e-04 3.465601216747799408e-04 3.362881941373492252e-04 3.172938968857127919e-04 3.104694874605097403e-04 3.219055357501627006e-04 3.297460457295474379e-04 3.390400405250232579e-04 3.410254267418436395e-04 3.201899856111471883e-04 3.148241668929365974e-04 3.298895818658830435e-04 3.294618665363354933e-04 3.086299436433524116e-04 2.922642668087195735e-04 2.892615972453776866e-04 3.061136497583481471e-04 3.215162300394758471e-04 3.288297833243470562e-04 3.327347071704615691e-04 3.212878565164128779e-04 3.027006469201363147e-04 3.023157864380300358e-04 3.177017959873887267e-04 3.379872138642373426e-04 3.528968920051094287e-04 3.346005360224182934e-04 2.562599040618354857e-04 1.681673284040230963e-04
1.809932879823523272e-04 2.549586162726481548e-04 3.092857202501476813e-04 3.173833854068231755e-04 3.189422932409591944e-04 3.157610172212849597e-04 3.073713408099360131e-04 3.055325986137125962e-04 3.061633485102037986e-04 3.062975662750058075e-04 3.155149717456508804e-04 3.359960643743491941e-04 3.469906861312659898e-04 3.507122012446223518e-04 3.500733502410465674e-04 3.437334443332209165e-04 3.353534002164518159e-04 3.258958679379193261e-04 3.280462851005507214e-04 3.269361326675670381e-04 3.101545528989112102e-04 2.950499626303005316e-04 3.106862014479279052e-04 3.474524760822752666e-04 3.598624890070588767e-04 3.383565534390679547e-04 3.161200990057583737e-04 3.048624117326134263e-04 3.043329417643527400e-04 3.137291439746302908e-04 3.328523086234977065e-04 3.455395265314436756e-04 3.243596688104643426e-04 3.226860148245850072e-04 3.511344193383306774e-04 3.613395965363165097e-04 3.533873408613279698e-04 3.422678594854278644e-04 3.303726889422112234e-04 3.198739658642465252e-04 3.249879115506563521e-04 3.390620298431757285e-04 3.418211034660815334e-04 3.233165390166597899e-04 3.061715870188682406e-04 3.079403084358725280e-04 3.190149374155044383e-04 3.266763951888592039e-04 3.242901892654056215e-04 3.107863610889343223e-04 3.074976380252441828e-04 3.204958040026673538e-04 3.253338209614600241e-04 3.108707821881541824e-04 3.130495734072337812e-04 3.373329122501746808e-04 3.474088572867326018e-04 3.393047100778527614e-04 3.328893256765955589e-04 3.338317053623395913e-04 3.285936786657933390e-04 3.107359021805990249e-04 3.126076186066015011e-04 3.469871742484556066e-04 3.652328337202922961e-04 3.534730567419738399e-04 3.402120445599388565e-04 3.344532816904210613e-04 3.245952792418976222e-04 3.161595941220973240e-04 3.163120978417082222e-04 3.230185291543392185e-04 3.302579368793918078e-04 3.308716559691306279e-04 3.249742394937264007e-04 3.169819099241801994e-04 3.179607241564169585e-04 3.227560894435315721e-04 3.362031320652284698e-04 3.391565440986900022e-04 3.174156489032490961e-04 3.086536642156238416e-04 3.247564488511120321e-04 3.254745475245444421e-04 3.049195770361436521e-04 2.964493636628626888e-04 3.029570531014046412e-04 3.242473120574959470e-04 3.399467679972604465e-04 3.487557403833082279e-04 3.448805361083372395e-04 3.213111151570111112e-04 3.023758794600903826e-04 2.983771080547243542e-04 3.028953361604802769e-04 3.122066481303625157e-04 3.306716855499873759e-04 3.270160569166866019e-04 2.555744856008242030e-04 1.671826049102795135e-04
2.021616018213693417e-04 2.744866362875959093e-04 3.227289570565150295e-04 3.243026974476466732e-04 3.262546773146661559e-04 3.315541523620931744e-04 3.291282424283882742e-04 3.197371675093200593e-04 3.169204549356779369e-04 3.221578697865692649e-04 3.250828285382148454e-04 3.280224458845752179e-04 3.283112254520406843e-04 3.301496350638264635e-04 3.332340920213417877e-04 3.344978987733712716e-04 3.384701481269779722e-04 3.426604628710755635e-04 3.499848153183122285e-04 3.386390039049666902e-04 3.162041660120448196e-04 3.103650405557116217e-04 3.169738658424190998e-04 3.346032668372321550e-04 3.433133942231021175e-04 3.240176009276983472e-04 3.063753703905053825e-04 2.986984955860598392e-04 3.043698942897106702e-04 3.132626548801086073e-04 3.212628186817632252e-04 3.295647085918984999e-04 3.157014306751631128e-04 3.220702576894485941e-04 3.503043563514288464e-04 3.603204198966054612e-04 3.590778617493737548e-04 3.551449315667943533e-04 3.418920909869682841e-04 3.185427433953158462e-04 3.161286586772359564e-04 3.361800615264996578e-04 3.411378031745123957e-04 3.187424086124289457e-04 3.049949529553954764e-04 3.149203505077428390e-04 3.301900142245262418e-04 3.372794142500104954e-04 3.363318189948928888e-04 3.249828631097208742e-04 3.228995203192539095e-04 3.389831949299911516e-04 3.488133137955673935e-04 3.318993727013456714e-04 3.228081659798453769e-04 3.381497040322609202e-04 3.462747818850362477e-04 3.353782872090134079e-04 3.226047415724656964e-04 3.169618221791079340e-04 3.180458241834509606e-04 3.157911025539602776e-04 3.157486393040824643e-04 3.307165549321017858e-04 3.356535794528951104e-04 3.313483054271149954e-04 3.334944874436245694e-04 3.334071315603355707e-04 3.225527937815455236e-04 3.031329446564023748e-04 2.939905563487793245e-04 3.098993399118579739e-04 3.294358465392998605e-04 3.404783447271334104e-04 3.496719353829639762e-04 3.433213024479963909e-04 3.372630338524876259e-04 3.333381178195406625e-04 3.419525064635210460e-04 3.426195148827387740e-04 3.198350965388982708e-04 3.085867832092718680e-04 3.271102598398830394e-04 3.298431671760749780e-04 3.167965608068914790e-04 3.178442259617056875e-04 3.314134176270753032e-04 3.485709335384274202e-04 3.513272445394496901e-04 3.514358432403074262e-04 3.421735682236073592e-04 3.231753911268687757e-04 3.161621121435457919e-04 3.099295136565552444e-04 3.040326185987097239e-04 3.029853195062649513e-04 3.174426929432173201e-04 3.282757789758424319e-04 2.711623352737871167e-04 1.833621247008331121e-04
2.180402407094681383e-04 2.836415324617999698e-04 3.190702108548844080e-04 3.156929259871538835e-04 3.218665878597308082e-04 3.424234359711225500e-04 3.511718682397868725e-04 3.340677299060323827e-04 3.211130503555566251e-04 3.295904618168653418e-04 3.352896640367337023e-04 3.280103142933016151e-04 3.133805245532278244e-04 3.057542340015458830e-04 3.071905599411274188e-04 3.112197604277847085e-04 3.278330926864495834e-04 3.473194480068412734e-04 3.587718228242155801e-04 3.481030305037300732e-04 3.329655597418438662e-04 3.364782377571958480e-04 3.323769882577393186e-04 3.296830903264464036e-04 3.315896702533639045e-04 3.230295071234525655e-04 3.177452986020856858e-04 3.084062600533319515e-04 3.091287111400312874e-04 3.166478135707203202e-04 3.198942529861565839e-04 3.258606011146977593e-04 3.218413912225485626e-04 3.279695413502316812e-04 3.374797561775066913e-04 3.369179694093930909e-04 3.406557834103218947e-04 3.426762921464710063e-04 3.337554740505790972e-04 3.201904493245934106e-04 3.197677740587783271e-04 3.316621626459910054e-04 3.346240134219848235e-04 3.201758553552366891e-04 3.206752703106559950e-04 3.427280274467799179e-04 3.556278542068374952e-04 3.498398926176927146e-04 3.439885546513241511e-04 3.381571698833561431e-04 3.399030114768038431e-04 3.546145456649901382e-04 3.674169360944023717e-04 3.587225204590960260e-04 3.417559528259951976e-04 3.369630438235411154e-04 3.317426553523986467e-04 3.139641494288759210e-04 2.992413183986802547e-04 2.980721907106011486e-04 3.127107473732260840e-04 3.246610189831982741e-04 3.273705207497515932e-04 3.254458049499989614e-04 3.142911631098504587e-04 3.102679611452388402e-04 3.225124501705266744e-04 3.316164175815321420e-04 3.277192423516689227e-04 3.136281148192693671e-04 3.061616118111963754e-04 3.198655112066062494e-04 3.395371363904274879e-04 3.582469901801041412e-04 3.798005817975955221e-04 3.749655580737962669e-04 3.613110685140728980e-04 3.468548056798684796e-04 3.436641737905323478e-04 3.446494781880039913e-04 3.287727672701230494e-04 3.126421914478964012e-04 3.245905778458339341e-04 3.350236209045557374e-04 3.358121517213361268e-04 3.371356914300016497e-04 3.453413779141666345e-04 3.537477117130141116e-04 3.455814866889330480e-04 3.370138028405643676e-04 3.330792014692914049e-04 3.321872974455867796e-04 3.380614768579489216e-04 3.359884794903353041e-04 3.244799198810032056e-04 3.126873802958209537e-04 3.203723242426954930e-04 3.324951206528148134e-04 2.776250553202480424e-04 1.901826977070303370e-04
2.173887656363088011e-04 2.770063763336906072e-04 3.067164336424337652e-04 3.051981900033625046e-04 3.157116867403272431e-04 3.432848443714698944e-04 3.545663575105603336e-04 3.394795101511126042e-04 3.286795410341741288e-04 3.383205995271728879e-04 3.442518935585629249e-04 3.373878973017487189e-04 3.251216408278070446e-04 3.148467035466135733e-04 3.093553134911538076e-04 3.099724772709146767e-04 3.252548717573122521e-04 3.376753416107514680e-04 3.420719037087678648e-04 3.394112411593461481e-04 3.429855466726403936e-04 3.563372554693322938e-04 3.493855336548816947e-04 3.387463001720860930e-04 3.364551468402294729e-04 3.347485905641143763e-04 3.342019853323879549e-04 3.192399968085961391e-04 3.165943509619640380e-04 3.263366978397286983e-04 3.286084423005596576e-04 3.325839325766338740e-04 3.313545847875073850e-04 3.329514521226401664e-04 3.257730783090754915e-04 3.160324184382880871e-04 3.238833036056080637e-04 3.306458569733652800e-04 3.253717302442326762e-04 3.305078412326992350e-04 3.462221900544119662e-04 3.475765692316923209e-04 3.297791060249294923e-04 3.149887311878294543e-04 3.277105091678592878e-04 3.575708049334545054e-04 3.692298426972163679e-04 3.541818669530353647e-04 3.439576396580130676e-04 3.414898481687799435e-04 3.415167402542909581e-04 3.462447615525140847e-04 3.549065150527725603e-04 3.607486158274575330e-04 3.481312956843758601e-04 3.354377122468599681e-04 3.288894115947497802e-04 3.121957841304007220e-04 2.975353439606854308e-04 2.939585617599038735e-04 3.111056529178540028e-04 3.320717917590408977e-04 3.447670992049780550e-04 3.393551978709117190e-04 3.193769920873123797e-04 3.139195749704379746e-04 3.309485979390606406e-04 3.456028284014610102e-04 3.396718913505161232e-04 3.291618221115820051e-04 3.291593908955695860e-04 3.313355922532590066e-04 3.304754258781428602e-04 3.451333080264951158e-04 3.743426930961179892e-04 3.756762001453630372e-04 3.562400801751285984e-04 3.348526616764225953e-04 3.285961117872693380e-04 3.355325246264439436e-04 3.309326208085492434e-04 3.177992028463553923e-04 3.240254966898959473e-04 3.405806529001013830e-04 3.487343802647692838e-04 3.438518503306043218e-04 3.393944711472524208e-04 3.360736992578932259e-04 3.265962377312280019e-04 3.154896230850323148e-04 3.168439316869358551e-04 3.310153593464968281e-04 3.468118048940879955e-04 3.553617216342970248e-04 3.457257013882428557e-04 3.264356294386740621e-04 3.201398423795419812e-04 3.118467478252399472e-04 2.527283689945908200e-04 1.711298900347989617e-04
2.073333753611194402e-04 2.732305940153814910e-04 3.093305672925547502e-04 3.017063666776462552e-04 3.012082948543726006e-04 3.238801441513393799e-04 3.399318879583310181e-04 3.408373816202444413e-04 3.412442610892917755e-04 3.432523008349753655e-04 3.365008826010144568e-04 3.319819284362599118e-04 3.376429559476361308e-04 3.386678780943701262e-04 3.264238095498204107e-04 3.206817707525534298e-04 3.271635007404099637e-04 3.243458554300501177e-04 3.247198466580499899e-04 3.327578544352403737e-04 3.490856667691279842e-04 3.637996338306159132e-04 3.542531564030527384e-04 3.447199887102423712e-04 3.463298718046528123e-04 3.442388675589560100e-04 3.401651155963265850e-04 3.337241660996450297e-04 3.454573194644252601e-04 3.559305608461815784e-04 3.459730327617052030e-04 3.370565463328526216e-04 3.308073464350153514e-04 3.342846112745456429e-04 3.296211419749466584e-04 3.225907243463698175e-04 3.355799483520298474e-04 3.401991883332119949e-04 3.275087108816673431e-04 3.336922650999581694e-04 3.596235198445594844e-04 3.615724956225362845e-04 3.259454772217883559e-04 3.035507626774602277e-04 3.168229202402989171e-04 3.468930259217252975e-04 3.610806272526863748e-04 3.467053750988356134e-04 3.334273935771604638e-04 3.301782145227194487e-04 3.235593477443448316e-04 3.165208796301358595e-04 3.195503929813783839e-04 3.379569413644518180e-04 3.408397416216847522e-04 3.322943952340240165e-04 3.333737159236433204e-04 3.300491047082250657e-04 3.237001326400448971e-04 3.185925551879090212e-04 3.276371624495330267e-04 3.455155020053320668e-04 3.578473424354952203e-04 3.471430410220564724e-04 3.259966738907102164e-04 3.235706388494043336e-04 3.403780949183446815e-04 3.570199910539669516e-04 3.529438780354808959e-04 3.422462534701564739e-04 3.375480847978106066e-04 3.274701135096144754e-04 3.121034421355783559e-04 3.208173547329512803e-04 3.496773830628299435e-04 3.546681449708488426e-04 3.323370631202000251e-04 3.107568719589193251e-04 3.127437581608822573e-04 3.270457960729728246e-04 3.259509368009716837e-04 3.149871069233783254e-04 3.190400531453730119e-04 3.294845957638368149e-04 3.368717434858696925e-04 3.357100850811755265e-04 3.278910140022248034e-04 3.148363814377219357e-04 3.076500269458000533e-04 3.023401407529752562e-04 3.027560054312202517e-04 3.166384162734842697e-04 3.315158820583338165e-04 3.417614245537690357e-04 3.385257226346758959e-04 3.297412878569799376e-04 3.173338240394608998e-04 2.887358180595847330e-04 2.273999825812898605e-04 1.533408575216479747e-04
2.104094691446264649e-04 2.833102202993752552e-04 3.290242079945395869e-04 3.164862455477471118e-04 2.976477158390024454e-04 3.040953024076496975e-04 3.247457954119694528e-04 3.437415333619015206e-04 3.520202766170083594e-04 3.423275999627290920e-04 3.190859185548710394e-04 3.120161470854930117e-04 3.302262111147107070e-04 3.482972924748794553e-04 3.414551775721217774e-04 3.324327809488023889e-04 3.249010977397134023e-04 3.048471881862033998e-04 3.037561212253755191e-04 3.204320474545026189e-04 3.391713235272714698e-04 3.527303471858151372e-04 3.445025678628397614e-04 3.392476953073117127e-04 3.402785460946007026e-04 3.292338003196165243e-04 3.247252007444848291e-04 3.403219182271971684e-04 3.703820556742965452e-04 3.805573495880132774e-04 3.555762240666483992e-04 3.274707082964041201e-04 3.175797133981810407e-04 3.285349583088594677e-04 3.389462501326455704e-04 3.422780164548491527e-04 3.567146672544860937e-04 3.564255839641502599e-04 3.318207006238816964e-04 3.265008129891334467e-04 3.476382068609495338e-04 3.485378564901971251e-04 3.186197138762520776e-04 2.984663493502051211e-04 3.043635510861560241e-04 3.302440774659356213e-04 3.434154533722704621e-04 3.333602343635934124e-04 3.254042500350918100e-04 3.258190421281789077e-04 3.189162981391227992e-04 3.101413548075646737e-04 3.060058675499295546e-04 3.157477637003732970e-04 3.292343464432419048e-04 3.343349073133312249e-04 3.394759097592962155e-04 3.426299607641217996e-04 3.478284722806067710e-04 3.528384865310661526e-04 3.594304445171546858e-04 3.690905841636734665e-04 3.669764676992112056e-04 3.389414854386041832e-04 3.178941099919640394e-04 3.263342240852131772e-04 3.467910467392810048e-04 3.639760243967262972e-04 3.648780827658684982e-04 3.550307891464855653e-04 3.410042112418425978e-04 3.269149744687172877e-04 3.148784186716593967e-04 3.170070213082345372e-04 3.324236993537563688e-04 3.313025403727500257e-04 3.125726445091357329e-04 3.022268551127439630e-04 3.144198152132148308e-04 3.306214364381994007e-04 3.231234035854692191e-04 3.087501041026632269e-04 3.112475847916937582e-04 3.127036408308312213e-04 3.179413762004643053e-04 3.277375197121223330e-04 3.300974853184566538e-04 3.137482372224767750e-04 3.032341038888445662e-04 3.065126118212460594e-04 3.131402117490846839e-04 3.227428918674144420e-04 3.260721983776368590e-04 3.262408802158101181e-04 3.276577869172043285e-04 3.342643680783844730e-04 3.285961057148976744e-04 2.941632072903070530e-04 2.275403918049667055e-04 1.557336676512124408e-04
2.119027811690070082e-04 2.819979899388857245e-04 3.346686075360834952e-04 3.345775514247882284e-04 3.131501387597476109e-04 3.044470085073128088e-04 3.180013414276455352e-04 3.396153650666038255e-04 3.510512815545984940e-04 3.350267750549281017e-04 3.057827228403003049e-04 3.015540569869348039e-04 3.209785322550951165e-04 3.410964718131428508e-04 3.444987409085332498e-04 3.405016925369838666e-04 3.286403019684621144e-04 3.031681042623261303e-04 2.980125446373833214e-04 3.123123792621492747e-04 3.298940374517554111e-04 3.447358658911055468e-04 3.389887033918430629e-04 3.367720990415002009e-04 3.307637263252024879e-04 3.086169559352387910e-04 3.015730878300041957e-04 3.280152530461933973e-04 3.666489563457761341e-04 3.771044757762286492e-04 3.463908320543295383e-04 3.089989870366378595e-04 2.956151882743680414e-04 3.077133900254913276e-04 3.278124293373546475e-04 3.361619901172713427e-04 3.490144865382741090e-04 3.569088051645891548e-04 3.349345186046599233e-04 3.213739761747056453e-04 3.320782037540015463e-04 3.311401643575313867e-04 3.201013103147494184e-04 3.072733843476442572e-04 3.036303886615033089e-04 3.207409200358743310e-04 3.267333503236468858e-04 3.218695393244302939e-04 3.272071708563241920e-04 3.363451620192381333e-04 3.341591124179065235e-04 3.312900474777254536e-04 3.250213847055320694e-04 3.162787318481813641e-04 3.237169380413349178e-04 3.401961451083464747e-04 3.480563016612412503e-04 3.462018550598724357e-04 3.490912441765042611e-04 3.528407720318959759e-04 3.588349476113240856e-04 3.691070841963693065e-04 3.586548083180497812e-04 3.186440425810981329e-04 2.975877148083943147e-04 3.137456799849612813e-04 3.371781451262442905e-04 3.549589540751658208e-04 3.619035361299705045e-04 3.601046510415840127e-04 3.461066845732891110e-04 3.363543958123527003e-04 3.342341411982596125e-04 3.263036346552567434e-04 3.203199437605428130e-04 3.147951298671257175e-04 3.116101475324778046e-04 3.187058780946943064e-04 3.331117127730881403e-04 3.428037481057868768e-04 3.333159337119425509e-04 3.160401362769141949e-04 3.091291271584509790e-04 3.050727676182120318e-04 3.106123900695008833e-04 3.259964952047466756e-04 3.405052488094729773e-04 3.304737064590727380e-04 3.134994473860283582e-04 3.198294880279674204e-04 3.399676078449886908e-04 3.549016798231812786e-04 3.495314247371629057e-04 3.332952542828983397e-04 3.286233560486357796e-04 3.394333668178638858e-04 3.418936616771084099e-04 3.094654970167106441e-04 2.408050213046680136e-04 1.723196138334294404e-04
1.875456419916827502e-04 2.528381700174271328e-04 3.139791175753680989e-04 3.377910135614096369e-04 3.317063181005025616e-04 3.197094014608140261e-04 3.220454866292929300e-04 3.327818561142733157e-04 3.419098433373565955e-04 3.276760036525990004e-04 3.085756788717751529e-04 3.147322523966645711e-04 3.298668702474863261e-04 3.371834389992582376e-04 3.340882968021156169e-04 3.334041706351449381e-04 3.408375020470253477e-04 3.323988793456685714e-04 3.189358016591948186e-04 3.168471984723582151e-04 3.286073851683016787e-04 3.448891883955658823e-04 3.441787715856254671e-04 3.443115174001613746e-04 3.358464583164188838e-04 3.079722702890600123e-04 2.886660815654134172e-04 3.042091540337901181e-04 3.416578557224046503e-04 3.579380613560903751e-04 3.394901320291878388e-04 3.140097345901412878e-04 3.021767598548569613e-04 3.146342996504572758e-04 3.356044803962473936e-04 3.339747589329540361e-04 3.337178564594336233e-04 3.461716148230011480e-04 3.367123611330147389e-04 3.241218888026305297e-04 3.242707644069631667e-04 3.256610729145039546e-04 3.357035536687466137e-04 3.310599346112533823e-04 3.176181448410589944e-04 3.267790584326037227e-04 3.337744741339496103e-04 3.322095690671840853e-04 3.357562576305745230e-04 3.466692645332518277e-04 3.535098642202234940e-04 3.540149290015305854e-04 3.460094773696552935e-04 3.281890556302933387e-04 3.233489727362331913e-04 3.376027140853465154e-04 3.468190045392449032e-04 3.406140532692198070e-04 3.319114691162322432e-04 3.234908380924319963e-04 3.203548276941953167e-04 3.272063210855043463e-04 3.246209109678785702e-04 3.020005766450556211e-04 2.946207831928265592e-04 3.087202240709386279e-04 3.175000166157304583e-04 3.237000715554264139e-04 3.390025218395365664e-04 3.523562596931218913e-04 3.386916010849384557e-04 3.263514158502897025e-04 3.319959052468527067e-04 3.209063976626714892e-04 3.029584572208146847e-04 3.067508655396367100e-04 3.239599406253296536e-04 3.410585470193072243e-04 3.522852201898773235e-04 3.530427203871704068e-04 3.466268963726718867e-04 3.313589015143630738e-04 3.154830251445779089e-04 3.043787322831120832e-04 3.056613312207037908e-04 3.228549065516496896e-04 3.486430943808979427e-04 3.531190007643385622e-04 3.358440121732568333e-04 3.372861131463261936e-04 3.621077237939462944e-04 3.799959959408019932e-04 3.681090746778172430e-04 3.401824004624667526e-04 3.265771019941351300e-04 3.353579089949834452e-04 3.416193732628145744e-04 3.132312389867205737e-04 2.487422703377533610e-04 1.841561610938955915e-04
1.838786215511125570e-04 2.482307878483690634e-04 3.118492377211339039e-04 3.404864787880285170e-04 3.389145430231439758e-04 3.279933993072211337e-04 3.271397982602378043e-04 3.272614237566277384e-04 3.254500574989531046e-04 3.173032570051680231e-04 3.124386540964424345e-04 3.192880581948740869e-04 3.291889880897267990e-04 3.345504477320672149e-04 3.284540457190421011e-04 3.298907884110587161e-04 3.547066876717058087e-04 3.628181436205114201e-04 3.383333362166241636e-04 3.162533975503135876e-04 3.210818102925315021e-04 3.426668846185069615e-04 3.518756057482662456e-04 3.492967637317547294e-04 3.374208841671652147e-04 3.157237914504859447e-04 2.981767400991992508e-04 2.987007075168728303e-04 3.172958676879976143e-04 3.320090691082559818e-04 3.313633219239507047e-04 3.234414377775509135e-04 3.203212516292684589e-04 3.431454005967928748e-04 3.698191496227994654e-04 3.594141170228592422e-04 3.401311655138165467e-04 3.378739388126581833e-04 3.315429694643714023e-04 3.245684004552813621e-04 3.226918304045105126e-04 3.254458832492818175e-04 3.387213313837543656e-04 3.389016615920528567e-04 3.290863212736854166e-04 3.418707749742402489e-04 3.532983605690468332e-04 3.457816608837781247e-04 3.360645320606092884e-04 3.432491204309588316e-04 3.589003865854994480e-04 3.643083436603507556e-04 3.541614988542393563e-04 3.273707538900687579e-04 3.114776218516176164e-04 3.233494793586702814e-04 3.364470158841092670e-04 3.302127163926943279e-04 3.145378381463911997e-04 3.010420059414963272e-04 2.870799391458094939e-04 2.833674980219531847e-04 2.944460315886552682e-04 3.009603141097810103e-04 3.121875781257839105e-04 3.249674540599656325e-04 3.202831038549777687e-04 3.144951708941680964e-04 3.269992401932711608e-04 3.357999510607713846e-04 3.157001561119680009e-04 3.030083514225777883e-04 3.200056697828138432e-04 3.194855332030596077e-04 3.039076862551742851e-04 3.142173497763487170e-04 3.364840476580069481e-04 3.529063430868628463e-04 3.605194010384824878e-04 3.493310341143247887e-04 3.399559883673581380e-04 3.334635621337700222e-04 3.296034168962584904e-04 3.231206933332206798e-04 3.193079829184270000e-04 3.327667991887885710e-04 3.534286964542047776e-04 3.553648630891977620e-04 3.428417623131311100e-04 3.433493646216461445e-04 3.611462919093250687e-04 3.703346113606258020e-04 3.582871723842062954e-04 3.385213766470089309e-04 3.230334614641389504e-04 3.245296149220080030e-04 3.313981808862386056e-04 3.071459581852898886e-04 2.426475146312445977e-04 1.773516191133499861e-04
2.215205866288943396e-04 2.813470819632700893e-04 3.332933187442671140e-04 3.475589677682546755e-04 3.402518592210499598e-04 3.320391495163208841e-04 3.342156440614509928e-04 3.341044472413550598e-04 3.307285997244630927e-04 3.300514217858425145e-04 3.230050208789462651e-04 3.145854825613365229e-04 3.164088116702323383e-04 3.282249175085280362e-04 3.356169298944133221e-04 3.375594469901340051e-04 3.555260964441794630e-04 3.660121504550739959e-04 3.438765387490812751e-04 3.137579104644752539e-04 3.097428486119386442e-04 3.311284027549704113e-04 3.451502096258489199e-04 3.373128750626993699e-04 3.220707671096441826e-04 3.175994590085332286e-04 3.187764388870069224e-04 3.209805166003971240e-04 3.279930485195282951e-04 3.344658884338269850e-04 3.323406228754945970e-04 3.185802354812619880e-04 3.144418370832193031e-04 3.442834817232801048e-04 3.786562912624105129e-04 3.718919174214673612e-04 3.439535760664932593e-04 3.309209422806724983e-04 3.283270969815532160e-04 3.231286123001213045e-04 3.187091561417779205e-04 3.176883479741659730e-04 3.192212832291959680e-04 3.192853177919000984e-04 3.251256178888658338e-04 3.478891100313408528e-04 3.615680041684133815e-04 3.470535791786517063e-04 3.263293661337620744e-04 3.224023308658605959e-04 3.369972973185125418e-04 3.567248407863794248e-04 3.561497995785376522e-04 3.241958549796530430e-04 3.036590782768100157e-04 3.172068324549532216e-04 3.359351699549319517e-04 3.353256912858043485e-04 3.200826525816707381e-04 3.055430989405611732e-04 2.890271714238514282e-04 2.876906452066148659e-04 3.103947259659158237e-04 3.267177000733887142e-04 3.366017310008911781e-04 3.434939282882083994e-04 3.380847448114817472e-04 3.323590225009236034e-04 3.349131163138767669e-04 3.224140262126554525e-04 2.960530990140296205e-04 2.941903477824771339e-04 3.245886509822328578e-04 3.411431287673887024e-04 3.389503521452388304e-04 3.442142421162615231e-04 3.461822676688841279e-04 3.464421527128042902e-04 3.461848859004784413e-04 3.286074369030053850e-04 3.223487692058130561e-04 3.301947607343761176e-04 3.459356904337127121e-04 3.555287789201580029e-04 3.503706086871590745e-04 3.511466202265095711e-04 3.519332111683084454e-04 3.361386096502615205e-04 3.246258932748689397e-04 3.288611056889653998e-04 3.350810497915232122e-04 3.309958634480683051e-04 3.241032849248716300e-04 3.246110628346608002e-04 3.247320093381871184e-04 3.245291391335510846e-04 3.288479832229680537e-04 3.048429929594458337e-04 2.304773761765182758e-04 1.555947349604009712e-04
2.349411417035245509e-04 2.880408100283697245e-04 3.354863121887430299e-04 3.492249061285039114e-04 3.407254999218578182e-04 3.315333873246605837e-04 3.352674147803644472e-04 3.391082594463822042e-04 3.450957403383197986e-04 3.551122021505727410e-04 3.405561787595419963e-04 3.222596719298601465e-04 3.181139442179954256e-04 3.271670953146587875e-04 3.383551074934740104e-04 3.320065011959057199e-04 3.376151725910943964e-04 3.525522346309459742e-04 3.471690628194312256e-04 3.211564368561430158e-04 3.114748173296203859e-04 3.229888719259166319e-04 3.296896918900608497e-04 3.238782538919323176e-04 3.150635734618120829e-04 3.195338418881886033e-04 3.246292422612801539e-04 3.339695903680656728e-04 3.565770470292004240e-04 3.699889524239590582e-04 3.573810565909441559e-04 3.241803954334956570e-04 3.053643691690066967e-04 3.241814220669489281e-04 3.562133285200249581e-04 3.584703442645359884e-04 3.335642429844434451e-04 3.208206988062361651e-04 3.274032269878021260e-04 3.310360744317979035e-04 3.317501026433199640e-04 3.296626828609452412e-04 3.239390328126856501e-04 3.218771731434476400e-04 3.291142106906105001e-04 3.480749034395884682e-04 3.653241894608228314e-04 3.571604543136570366e-04 3.247483136884965396e-04 2.967664346391839215e-04 3.047217958537136993e-04 3.376231787036624394e-04 3.502969111090972884e-04 3.279563216297212442e-04 3.158178438757529424e-04 3.322959281904008712e-04 3.511405103541696804e-04 3.518489994089884923e-04 3.388677352369745674e-04 3.247197452937001876e-04 3.137575834600702545e-04 3.235036524205730200e-04 3.462010419565099634e-04 3.532928944454352574e-04 3.518554705712721459e-04 3.481357193601039958e-04 3.407111884550204127e-04 3.382211720935325528e-04 3.377678105401814073e-04 3.156810389417391040e-04 2.930562888382946254e-04 2.997520494816690055e-04 3.282149817331487260e-04 3.538531177885881297e-04 3.677488177553637399e-04 3.675408615602495971e-04 3.486170027283940214e-04 3.360544251232701557e-04 3.287300846820052284e-04 3.100330080111865266e-04 3.059388358721498269e-04 3.185310958800331238e-04 3.372328459106024422e-04 3.567007864917395160e-04 3.581621113329862640e-04 3.506198484995310923e-04 3.366582346757194914e-04 3.128748094226433719e-04 3.037276723386628805e-04 3.166916715641608562e-04 3.232756695179747901e-04 3.115858279436823286e-04 3.008097576880182562e-04 3.086641571100339106e-04 3.298980449348431370e-04 3.426918247253446059e-04 3.445939879970659134e-04 3.123404235935152255e-04 2.281333199863972349e-04 1.400707880330050669e-04
2.194520485126562120e-04 2.748964746941008185e-04 3.262229920325413271e-04 3.434882483818323291e-04 3.326703253980277755e-04 3.142047707108331007e-04 3.146516349693897780e-04 3.282000337283179987e-04 3.467820840667502663e-04 3.654201880557222341e-04 3.572297025229534710e-04 3.403781509462759994e-04 3.245900503388467325e-04 3.164125955286357559e-04 3.160729066479699492e-04 3.077929944344465554e-04 3.133721573272332936e-04 3.397362901441767385e-04 3.515259884838808956e-04 3.323419474262657449e-04 3.202423601620953391e-04 3.221685425365857077e-04 3.231721553447434048e-04 3.244782936184694962e-04 3.240522952318758052e-04 3.273630031615506683e-04 3.243393440206709315e-04 3.280632761374540143e-04 3.582323744525365726e-04 3.842509669004810563e-04 3.738523075280394221e-04 3.330725365554555685e-04 3.049358092867662838e-04 3.139317282343572976e-04 3.440665520652505787e-04 3.541734788297316687e-04 3.339290594454710141e-04 3.186167076400600747e-04 3.260647582679185481e-04 3.430783062446591050e-04 3.558766346552461957e-04 3.559252113947668087e-04 3.494500485278893994e-04 3.439550297855587403e-04 3.404134023323683437e-04 3.436916269038297646e-04 3.562962751542980873e-04 3.606914160358635352e-04 3.367709208571459780e-04 3.003071405429535599e-04 2.932128584926129876e-04 3.173119076509332251e-04 3.411115194277123839e-04 3.370655539661944217e-04 3.307645796581391894e-04 3.458930980155376384e-04 3.603184423500958313e-04 3.586861628025476891e-04 3.556118579296170860e-04 3.503170714637936505e-04 3.394751563244077894e-04 3.432021268610152076e-04 3.500357462616228692e-04 3.465252052214457196e-04 3.469431158019155846e-04 3.481844536129443789e-04 3.423367051938042268e-04 3.411730413106637194e-04 3.431153758502805424e-04 3.221499305272109304e-04 3.050106875658437598e-04 3.111367812088312369e-04 3.225735090280257202e-04 3.363162916347488176e-04 3.537865215251366924e-04 3.557515817322222515e-04 3.324763341983740048e-04 3.211791070383970760e-04 3.204558326872963738e-04 3.109648952198337552e-04 3.024395415916420263e-04 3.037451736327495761e-04 3.119627504949368051e-04 3.300252289542905432e-04 3.401179050628715681e-04 3.350298340777117714e-04 3.253913737452814839e-04 3.142223843359595028e-04 3.053019656287102486e-04 3.131259189663045638e-04 3.232599046228240266e-04 3.160629165887033579e-04 3.049786225591337137e-04 3.101263146604144559e-04 3.364233577134377292e-04 3.622050819748885665e-04 3.662382000110207250e-04 3.249428715901823451e-04 2.381262590249740127e-04 1.447544895297808644e-04
2.058350638040689858e-04 2.682454219354370737e-04 3.196407398071651230e-04 3.341473767327299976e-04 3.220110573905699751e-04 2.954948274156764341e-04 2.899015633921122204e-04 3.165851039024463040e-04 3.496333386211186852e-04 3.651218731624152449e-04 3.586264838095952695e-04 3.481951918902727512e-04 3.331462879120636409e-04 3.176403345921696188e-04 3.081076822315802124e-04 3.037256042256668113e-04 3.092362468152365482e-04 3.312350773377721819e-04 3.460279126504807413e-04 3.348410657405153550e-04 3.165905192350289992e-04 3.111241431596581440e-04 3.212947768448404804e-04 3.358694088572641585e-04 3.354504648912900100e-04 3.313261242873840468e-04 3.278515450145411906e-04 3.253809944542199856e-04 3.420401995085596818e-04 3.675083766670770376e-04 3.640660853251586346e-04 3.300199837347885879e-04 3.089440756801273280e-04 3.185122791841728121e-04 3.451790273076546555e-04 3.538676203216617727e-04 3.368586713054588593e-04 3.162365447229672122e-04 3.174345121037835428e-04 3.388268131455110738e-04 3.537307610046735735e-04 3.572356145424488479e-04 3.556043731982011622e-04 3.512026891734378303e-04 3.450810362506838902e-04 3.292516655049130278e-04 3.237046210258030104e-04 3.370939303090351091e-04 3.433477937922983086e-04 3.241772394583664215e-04 2.998729440168288645e-04 2.991162959510024070e-04 3.261253082087854508e-04 3.406320955887339233e-04 3.355955867008326120e-04 3.432378866280580074e-04 3.526149540751993871e-04 3.484597419494725825e-04 3.537414592143944565e-04 3.632633696572543048e-04 3.542047745789615168e-04 3.437637595822605019e-04 3.323996600664891376e-04 3.239585403208778336e-04 3.311792306469594528e-04 3.464257831216678053e-04 3.527624866366254816e-04 3.526413305568443755e-04 3.474899705309413998e-04 3.243958697478746328e-04 3.167990376788822450e-04 3.325028614917818108e-04 3.384829503679224094e-04 3.314745713646667386e-04 3.315954512260508940e-04 3.293498809642536889e-04 3.100281740830737012e-04 3.081137506895874193e-04 3.226462947681675575e-04 3.233014674495442555e-04 3.103430618182980729e-04 3.010192297247291744e-04 3.017474731407453832e-04 3.172762515948645331e-04 3.295477842310362516e-04 3.280307414423359012e-04 3.306666235084820089e-04 3.324441857645685401e-04 3.236730016846865862e-04 3.194710098906191850e-04 3.228279908079428298e-04 3.225327809269671838e-04 3.157524483402569370e-04 3.104478524180963317e-04 3.265225677858313064e-04 3.531732840897558717e-04 3.579260637032540991e-04 3.180418496197929493e-04 2.385501177444618564e-04 1.521063959096977634e-04
2.051606187035484846e-04 2.699910893367840343e-04 3.206674038252112918e-04 3.354659415996949848e-04 3.227954950278691349e-04 2.962349074447202064e-04 2.892136486216270817e-04 3.146227757562781958e-04 3.445624028315962852e-04 3.481113589609960337e-04 3.357813997826816256e-04 3.358693083014509164e-04 3.391655053327915581e-04 3.331791579548284326e-04 3.245986946031412788e-04 3.185965786296983925e-04 3.175251376834197121e-04 3.274953184159929212e-04 3.389968384527041216e-04 3.352948510280324198e-04 3.066488495159460010e-04 2.942026736494902754e-04 3.187568387788289001e-04 3.466830346288534695e-04 3.445450200647510509e-04 3.331406176739333752e-04 3.313968869214430502e-04 3.293005071237417982e-04 3.317725043015206082e-04 3.466660642606920681e-04 3.443816170404589245e-04 3.219069724302721066e-04 3.168823099242564986e-04 3.276559328017339054e-04 3.429660140243831045e-04 3.461921346162009938e-04 3.360650153150125793e-04 3.171491691438200122e-04 3.111773234105471957e-04 3.231263110117162411e-04 3.268920828611167990e-04 3.261083291392023048e-04 3.313561012254417014e-04 3.363813588059012946e-04 3.317639573735655170e-04 3.083298493440004401e-04 2.960124974789903052e-04 3.087849442694067968e-04 3.315184698341064004e-04 3.377096919634001550e-04 3.221124279588206117e-04 3.137780345356746842e-04 3.308771848092086640e-04 3.396781160902251568e-04 3.270071943998683088e-04 3.259032706116779770e-04 3.314429882387929789e-04 3.251221610029549004e-04 3.257002768272388143e-04 3.433185637485241084e-04 3.503447106987929395e-04 3.455148141083245355e-04 3.282223665292650309e-04 3.141061074926503375e-04 3.222863550970867419e-04 3.479793591506530077e-04 3.656761494770725926e-04 3.575033442519689542e-04 3.349056178665440944e-04 3.134115342381409608e-04 3.197188835761031024e-04 3.475296487492594583e-04 3.573861857715541828e-04 3.375933413435726208e-04 3.193913663571939631e-04 3.171051747347334443e-04 3.125143915982135558e-04 3.157919805618570794e-04 3.282305897183741697e-04 3.312325434388724505e-04 3.266207006461534679e-04 3.122539125367996171e-04 2.981752870265689322e-04 3.052839930279975566e-04 3.185591389758829365e-04 3.289896297429707869e-04 3.442619904854855167e-04 3.480633462920130951e-04 3.403483373321402228e-04 3.269732598592221817e-04 3.205625442897436315e-04 3.299496664835096117e-04 3.286556876272182575e-04 3.135834736493415187e-04 3.195175598955567946e-04 3.405558758901284198e-04 3.431531789608811747e-04 3.076091803298500399e-04 2.325844334775124377e-04 1.494054208902715524e-04
2.132099555103174186e-04 2.801460747687251171e-04 3.356987162614078748e-04 3.536764851623251703e-04 3.400911563346578322e-04 3.150743751882955105e-04 3.030283633316843456e-04 3.116553317423545987e-04 3.232771899426690847e-04 3.174439602098287389e-04 3.084454317973591179e-04 3.204443267303879947e-04 3.335417251846683074e-04 3.360186163052065154e-04 3.347031150739342110e-04 3.279314545609498090e-04 3.240105836556268770e-04 3.332601404094992850e-04 3.448366367520456794e-04 3.369096010273386118e-04 2.995197793760559241e-04 2.932128900643880755e-04 3.313049150126399687e-04 3.567589326113413859e-04 3.481721368645781015e-04 3.300700468158201169e-04 3.212334666826644966e-04 3.204343286787383893e-04 3.239364554855958924e-04 3.359977484537941014e-04 3.370455907004537297e-04 3.250965622411284162e-04 3.260832430772364686e-04 3.284668820256742006e-04 3.365754405887305743e-04 3.424675450122085943e-04 3.366729969257944034e-04 3.264311560675952815e-04 3.256867085842182633e-04 3.305245395018053265e-04 3.291300981986396102e-04 3.229057942297666023e-04 3.151592259767367491e-04 3.109682197780759007e-04 3.083649586003264949e-04 3.025302723971876702e-04 3.038588003600585052e-04 3.132686223500198903e-04 3.334979606453004853e-04 3.500820784721242387e-04 3.485793408855350885e-04 3.435843624962432773e-04 3.491713503782311028e-04 3.412646764408230372e-04 3.179311237237212933e-04 3.102889963778862658e-04 3.111386113055594239e-04 3.072603632985704356e-04 3.065887617189097351e-04 3.210375299452695617e-04 3.378132917625645878e-04 3.414993810548174651e-04 3.238388742702748941e-04 3.065531183681155384e-04 3.168261272178271798e-04 3.463224242972417458e-04 3.632157394793620870e-04 3.458724940293009730e-04 3.201606547455541039e-04 3.143203761223927655e-04 3.279273613741212666e-04 3.424081943878171412e-04 3.402703143208064092e-04 3.258244928430712069e-04 3.165996967672473966e-04 3.257279318569010983e-04 3.379221885617675943e-04 3.417532350903152490e-04 3.403943551303027087e-04 3.370042471279709878e-04 3.423167112938695685e-04 3.314317494506373242e-04 3.042048353390017223e-04 2.998711006533332727e-04 3.134612576233248129e-04 3.309641816185811746e-04 3.468896178369971855e-04 3.499133755462922337e-04 3.443999896975386108e-04 3.263267696445927872e-04 3.197361078017621895e-04 3.372177685518273839e-04 3.365903858859017926e-04 3.230137715756363687e-04 3.303847295421046514e-04 3.411597294793596805e-04 3.329046282253583138e-04 2.987498417187853922e-04 2.282008864527939988e-04 1.421690311135204382e-04
2.286867615266922362e-04 2.894986482335681812e-04 3.421582138571439206e-04 3.628949236622707993e-04 3.529238315961076718e-04 3.308230765868531249e-04 3.118233062530054037e-04 3.048512157169750705e-04 3.048132796969849978e-04 2.995040220549791241e-04 3.023879626804279854e-04 3.245825055175736735e-04 3.323799596680171962e-04 3.299133664468931583e-04 3.299738641102110178e-04 3.296388623599574678e-04 3.307600356939922881e-04 3.393514933266577878e-04 3.482981387396436664e-04 3.366694601133246633e-04 3.066042872661866757e-04 3.154963987901429601e-04 3.548927843874194812e-04 3.695047199003548147e-04 3.556831543318513650e-04 3.293969934194832601e-04 3.122826982319375352e-04 3.141123362593604344e-04 3.250107263888857073e-04 3.300913581538137027e-04 3.282819938303669976e-04 3.269430184489477767e-04 3.326469709593778677e-04 3.292743257207176016e-04 3.333976947911260333e-04 3.419221432161100157e-04 3.384440972996367999e-04 3.383475805867103454e-04 3.480635642050232143e-04 3.532361793905475461e-04 3.570310616480891442e-04 3.547997337618607225e-04 3.262911654059980180e-04 3.007425326921927666e-04 3.048055166806988830e-04 3.242194096729019868e-04 3.401011031641793902e-04 3.455400376907529457e-04 3.485192613446820489e-04 3.477409128819905146e-04 3.455359907302614519e-04 3.510846919071981364e-04 3.596168650560970068e-04 3.466916973835281954e-04 3.199196894665613149e-04 3.080296825313270578e-04 3.024482748792199464e-04 2.978220516180092332e-04 2.997661241046374581e-04 3.070407952847118522e-04 3.173192378309404771e-04 3.207226636986007539e-04 3.092749589222571990e-04 2.977958519470086038e-04 3.107517604728218200e-04 3.379110854427079058e-04 3.447160687223437990e-04 3.228561800257155265e-04 3.092639567287161582e-04 3.235485792822320999e-04 3.411886508238518153e-04 3.377177983775426443e-04 3.181725537070468224e-04 3.111700365299838351e-04 3.179073763036276666e-04 3.333096342588533949e-04 3.497322494739824386e-04 3.499964920505054715e-04 3.437878928968454576e-04 3.401427053732765902e-04 3.441950045776341637e-04 3.412776060170425027e-04 3.175810054511588325e-04 3.073323517475755155e-04 3.167156793294125666e-04 3.295178110355914246e-04 3.361263208351798889e-04 3.383875987569689710e-04 3.340067642813105211e-04 3.208437174964393957e-04 3.304079743260996283e-04 3.537866670040178585e-04 3.459116217918630767e-04 3.303876066937193713e-04 3.366405527727583686e-04 3.405700895353899532e-04 3.235285734928798227e-04 2.909391083104842122e-04 2.311805479536132484e-04 1.483109758367745533e-04
2.362355954418050245e-04 2.914718919857482455e-04 3.352548609162073548e-04 3.554411120711442628e-04 3.525288047543981675e-04 3.366975450983966558e-04 3.197547899642210465e-04 3.077693050557769178e-04 3.007683019062427129e-04 2.971005466495778291e-04 3.152272002028331079e-04 3.523566965782942446e-04 3.552299479710851310e-04 3.356673341472456770e-04 3.286255674370303385e-04 3.393598729163530394e-04 3.373236449651250855e-04 3.283833270382721312e-04 3.321041572186701069e-04 3.338391344454903851e-04 3.263783151787692577e-04 3.358938303602915709e-04 3.504708937127543793e-04 3.518654371288826039e-04 3.468783758199989360e-04 3.302280374127383906e-04 3.196464226820905363e-04 3.273278962159884443e-04 3.416719798993850385e-04 3.286127303256672827e-04 3.186423813368095717e-04 3.278006046788373823e-04 3.394532652186827131e-04 3.371499009216131571e-04 3.308446354690274482e-04 3.331428025141168221e-04 3.336165688618056009e-04 3.337636077463591476e-04 3.374253927141795104e-04 3.411284967277710073e-04 3.521812200537090005e-04 3.641515109922362128e-04 3.434504202034695404e-04 3.124106967407287499e-04 3.136983746813029150e-04 3.443235614467396346e-04 3.682780424368159292e-04 3.623352187618254739e-04 3.361152438648315434e-04 3.161228543245076829e-04 3.193739038150768912e-04 3.391348712839216883e-04 3.521316721334103914e-04 3.393269258599154650e-04 3.164577099549595362e-04 3.050403900223486392e-04 2.959872474263981063e-04 2.926975123996881836e-04 2.998435250420583825e-04 3.110216500981723186e-04 3.179919027044986603e-04 3.176753014521197871e-04 3.127682537166754338e-04 3.067004921353995179e-04 3.147497444911400875e-04 3.373533569751502662e-04 3.379161967430584852e-04 3.120119916761384012e-04 3.029976271479124859e-04 3.250727347388175648e-04 3.435875387873175112e-04 3.356684204682662824e-04 3.172483661470836902e-04 3.118592286083577726e-04 3.141193529806097671e-04 3.275406790344645869e-04 3.436008182862256748e-04 3.360587316413697493e-04 3.341438301734390688e-04 3.480471457980189318e-04 3.531106039404879101e-04 3.513368962788493682e-04 3.326862152035513285e-04 3.190102200579524885e-04 3.225368926641993981e-04 3.295760368281120019e-04 3.261613446545478449e-04 3.207671609986514362e-04 3.149201386702778433e-04 3.176161501847557479e-04 3.425887613848010798e-04 3.632633002536807048e-04 3.502152636454670780e-04 3.311828781071142719e-04 3.329626095828422806e-04 3.384694405183043850e-04 3.228189544577069869e-04 2.955339738607504554e-04 2.429440015258729985e-04 1.644015293939575994e-04
2.156200339840007524e-04 2.773302828832202149e-04 3.194609551710441819e-04 3.359811941476317353e-04 3.413623190777328792e-04 3.394322015486399453e-04 3.323991634829008687e-04 3.226585860737087421e-04 3.123682061750213254e-04 3.025137832796278127e-04 3.150826393360376732e-04 3.557277898419292919e-04 3.664962305912035844e-04 3.412668719502387460e-04 3.283304885215833704e-04 3.446107347244428210e-04 3.381942216277436042e-04 3.198431510082101617e-04 3.243122084997193287e-04 3.330909452338562176e-04 3.347557397025867289e-04 3.356322902012715296e-04 3.248516660534752016e-04 3.122943822004029609e-04 3.171667841314306500e-04 3.213284476720976992e-04 3.214723839542693671e-04 3.341307284959494652e-04 3.532164289588074404e-04 3.323745366388519262e-04 3.176438650132675521e-04 3.301024057904791047e-04 3.433184147810202486e-04 3.430259036200965575e-04 3.251273887660252647e-04 3.178709373988425129e-04 3.202275099173771712e-04 3.165213182172264958e-04 3.141630713201267323e-04 3.141679834881159952e-04 3.258353638171167460e-04 3.476226314999284264e-04 3.486114919429863200e-04 3.271409598667561350e-04 3.207915785475777505e-04 3.461404354625931116e-04 3.679142946996177919e-04 3.542818727928651263e-04 3.178273774059097107e-04 3.033743277405537980e-04 3.185108499383581767e-04 3.331351309061396891e-04 3.345381524697703174e-04 3.242316787437942620e-04 3.147089019983094005e-04 3.109530782231270749e-04 3.052930595906798764e-04 3.105657854057925459e-04 3.231441612613403626e-04 3.355219315980686274e-04 3.386926814642147315e-04 3.322330869103485218e-04 3.274029672240300016e-04 3.217197975289809398e-04 3.212990489635498366e-04 3.366596835932054825e-04 3.404701400447747114e-04 3.208039050107384807e-04 3.148134922848896608e-04 3.355612797198930897e-04 3.415535333598882384e-04 3.285718269705093734e-04 3.282733503823308621e-04 3.281792294246975049e-04 3.141787887977912173e-04 3.210091462793370344e-04 3.381809870075642120e-04 3.294909786968581392e-04 3.267331201241695671e-04 3.428456769621319013e-04 3.501861882745887881e-04 3.490383679587620125e-04 3.400802391013854837e-04 3.362702003328033019e-04 3.410160974500725637e-04 3.392623620564108990e-04 3.218449742023080746e-04 3.067284377968331095e-04 3.019164512382233826e-04 3.105345853204053764e-04 3.281170360854632337e-04 3.416566054157103719e-04 3.392513818429523801e-04 3.271161808828149282e-04 3.278425734224392615e-04 3.339370631254303095e-04 3.216080566616495761e-04 3.015893361873987766e-04 2.516355221319380533e-04 1.756382294965378637e-04
1.960409515185754117e-04 2.629735900583175323e-04 3.002264470735550514e-04 3.056811624675545222e-04 3.120919248555902416e-04 3.252453781592613315e-04 3.395389331119089897e-04 3.498600536015855330e-04 3.489513308793300251e-04 3.315324373040980403e-04 3.155742435907164974e-04 3.330955046068579751e-04 3.482590970962227321e-04 3.311895442586990524e-04 3.223031169317935873e-04 3.409745775406496007e-04 3.386159642354643782e-04 3.213899077150950872e-04 3.217950813928767504e-04 3.304467219410152975e-04 3.383908688686316016e-04 3.353237868908848641e-04 3.116234046494291659e-04 2.924464830813706126e-04 2.985054048361741484e-04 3.119166260506158351e-04 3.211973183777645357e-04 3.427726907314916204e-04 3.627771453029981488e-04 3.380772202993207734e-04 3.133268227440529552e-04 3.197436463868853600e-04 3.324546872789579596e-04 3.365272259701405878e-04 3.222858199111409971e-04 3.146443289529899474e-04 3.197795239006039590e-04 3.136272611222283568e-04 3.093297038601951774e-04 3.097545066451971797e-04 3.205293696777958691e-04 3.396997257677816491e-04 3.494042715681339650e-04 3.403226693073503725e-04 3.351210654941309168e-04 3.523420164302921943e-04 3.636679015498577982e-04 3.444470755396377543e-04 3.137685381795670683e-04 3.132336705986178151e-04 3.333051707970489160e-04 3.348278761620460705e-04 3.250410033201003596e-04 3.183829998138434534e-04 3.206717019030077415e-04 3.257438551949406623e-04 3.266021330729083254e-04 3.377521842268852402e-04 3.530253116418009905e-04 3.602380506427051740e-04 3.555188229874836972e-04 3.416343631410933158e-04 3.313690597985236952e-04 3.238249661276342830e-04 3.226016138326446496e-04 3.325132295942108233e-04 3.363063533231997740e-04 3.268937468510028921e-04 3.272817186137485981e-04 3.418920719556375193e-04 3.378874369690896412e-04 3.259295460797740946e-04 3.379190557080181696e-04 3.383813177518957705e-04 3.199432276895312335e-04 3.260308070999277377e-04 3.457438312456614146e-04 3.417123241466554101e-04 3.279228694971649373e-04 3.256672035126903942e-04 3.298943917988360602e-04 3.280091072532905958e-04 3.307058641066494466e-04 3.449904078951469551e-04 3.545054429832809927e-04 3.426169128719067157e-04 3.165780181770459995e-04 3.072613299596809681e-04 3.071292857048946992e-04 2.990727303561045865e-04 2.946751868648704673e-04 3.031473424817548458e-04 3.163488401652352761e-04 3.249289861693691918e-04 3.344043977236459066e-04 3.386697904808802896e-04 3.262158589265686838e-04 3.049544240836624142e-04 2.503981208581534381e-04 1.755244903037596511e-04
1.956341891527175005e-04 2.606840334948872700e-04 2.968071467679393336e-04 2.976971005107301974e-04 2.988091142181162254e-04 3.098415300005415997e-04 3.338607207136946213e-04 3.656634138417207787e-04 3.810441102961389546e-04 3.628837862524685563e-04 3.265662907439269031e-04 3.198299606573596406e-04 3.284178824839456296e-04 3.190146745529341861e-04 3.194766577091006851e-04 3.370451056588368325e-04 3.326640945123515974e-04 3.132399091866542272e-04 3.076368756660665337e-04 3.185494381190531916e-04 3.358253766603181605e-04 3.412770771532868709e-04 3.254421526793366271e-04 3.105279606047643020e-04 3.138330826352083705e-04 3.235353716811336907e-04 3.327269747948331628e-04 3.519205885446544503e-04 3.657657249785244168e-04 3.489942697225306462e-04 3.219521936565773973e-04 3.142693282530483823e-04 3.193547859480502316e-04 3.256218921350022711e-04 3.226684429243634948e-04 3.237683248860047033e-04 3.341930071202229126e-04 3.228730358750492931e-04 3.128529722713585494e-04 3.166328552187165505e-04 3.224619631006188022e-04 3.293572092787819781e-04 3.372591147776908419e-04 3.371927287560988083e-04 3.375979560708757075e-04 3.488627479757266253e-04 3.506947761315948385e-04 3.294904889229420542e-04 3.070190809801109726e-04 3.101805885671295648e-04 3.280724403575219304e-04 3.330774744402644014e-04 3.272439177641366711e-04 3.242251703196469292e-04 3.321093308725367541e-04 3.389941170457435541e-04 3.395628976843402319e-04 3.470349465272050556e-04 3.589203360458329646e-04 3.645735712602519735e-04 3.588386668186497718e-04 3.427440329112485117e-04 3.336189175170346148e-04 3.301005053530744375e-04 3.331314660236414085e-04 3.413127527751275798e-04 3.384180479195160636e-04 3.241243632706186260e-04 3.200092830874133251e-04 3.310995399539515141e-04 3.357062422944188636e-04 3.320061075079311385e-04 3.368507341033498610e-04 3.303361820241103872e-04 3.211072456439120586e-04 3.306270418704895016e-04 3.491294238563122420e-04 3.461321090629067353e-04 3.269202522834513663e-04 3.166043027769425760e-04 3.129961978774729891e-04 3.016804867509693087e-04 3.067502435861772184e-04 3.297457150683632404e-04 3.435479331102531640e-04 3.372011942568679419e-04 3.233806194412967155e-04 3.306180424140250625e-04 3.373877088679420747e-04 3.148259769798029614e-04 2.939506721208903729e-04 2.936237361235089546e-04 3.070370550342623253e-04 3.291913854493661094e-04 3.466666306136135514e-04 3.447193010165149410e-04 3.274256529629375749e-04 3.034152723166685852e-04 2.439902604847133077e-04 1.689508972577164901e-04
2.023130729137362187e-04 2.565998992947282988e-04 2.932700339830053636e-04 3.032198078121359480e-04 3.110125611308676248e-04 3.181954373038663620e-04 3.319296847005970144e-04 3.554733443333886011e-04 3.699693782773195105e-04 3.557789794492231231e-04 3.232581227812898967e-04 3.111485383378872582e-04 3.137889885237028472e-04 3.104908720700018951e-04 3.169730080531807511e-04 3.280242320155322771e-04 3.174304272182178351e-04 2.987852347451342805e-04 2.973415273957067621e-04 3.161252781406865891e-04 3.380856621693653597e-04 3.469451158076245910e-04 3.427240714070418264e-04 3.357101128996912466e-04 3.352405699831509508e-04 3.336573007049785031e-04 3.364297946525354114e-04 3.444948801168072183e-04 3.521036808938075228e-04 3.511353553850628815e-04 3.320805435885119906e-04 3.143976344910880388e-04 3.139163481882582493e-04 3.195248232353469289e-04 3.238389544855866092e-04 3.402000422956873269e-04 3.576335915694773193e-04 3.413353876746801291e-04 3.241249959732494189e-04 3.248122185409039130e-04 3.241553156506910937e-04 3.185489887148582901e-04 3.187450826167659117e-04 3.268411489299204490e-04 3.371083890923845311e-04 3.400037900420287227e-04 3.351304824535458618e-04 3.227237079143654942e-04 3.122367359626084253e-04 3.135652333813946377e-04 3.249459868821647337e-04 3.373157497354422186e-04 3.371324694031247382e-04 3.340283597603663484e-04 3.405198479290550513e-04 3.429320588476838898e-04 3.385867799056006995e-04 3.388692517179362059e-04 3.427965126619866225e-04 3.419917071918490660e-04 3.320063951933636352e-04 3.177998158418542628e-04 3.251730282711769561e-04 3.354504941704111298e-04 3.374696758660287966e-04 3.438757531505445310e-04 3.417224198921498912e-04 3.246409606919837100e-04 3.159050741852703994e-04 3.258087675784737311e-04 3.406179032275564230e-04 3.385718168011784732e-04 3.259741154019707822e-04 3.165991098297585510e-04 3.231542737852997459e-04 3.364474544905828902e-04 3.418221149854379273e-04 3.299110662328680462e-04 3.190758129987359771e-04 3.193854265649781563e-04 3.169333587355897190e-04 3.019054347761993538e-04 2.982094946021419208e-04 3.111870401267157393e-04 3.241219232395836018e-04 3.308447151018140868e-04 3.354770575080662752e-04 3.565797761250331000e-04 3.740710464194876286e-04 3.562026707473599598e-04 3.278079080160116649e-04 3.101493953105467901e-04 3.041382382177661181e-04 3.175991568987334866e-04 3.374668381428902941e-04 3.355519643035823106e-04 3.149414280281813720e-04 2.921127283279004562e-04 2.368755524746010590e-04 1.668927041221366281e-04
2.126385804052359366e-04 2.640656305164782889e-04 3.004072970215156580e-04 3.084594791210931914e-04 3.157788504486036410e-04 3.235046593377307461e-04 3.282772061101337088e-04 3.300969715101506391e-04 3.316870741859113719e-04 3.258335576087821009e-04 3.082578886964713796e-04 3.009370637099633393e-04 3.073934652384453054e-04 3.149343442277481434e-04 3.229899359187575676e-04 3.293341042071289571e-04 3.247317448282396445e-04 3.114606925417798397e-04 3.107755252185379373e-04 3.268628968032315316e-04 3.411860461298957432e-04 3.420008710251156597e-04 3.368668867746137108e-04 3.318454680757135971e-04 3.304316510840070832e-04 3.207630167417745842e-04 3.232481835149098037e-04 3.354589616111029325e-04 3.440663196640147362e-04 3.448891255255960185e-04 3.306473242085439029e-04 3.179473832221526978e-04 3.209510553455548914e-04 3.219165644379728139e-04 3.258935945139351028e-04 3.541441026015202461e-04 3.767397377984271290e-04 3.569516428079874942e-04 3.319661244483350458e-04 3.299770521323441928e-04 3.363784461198204715e-04 3.287977254556606350e-04 3.165029288621054224e-04 3.227096226836551974e-04 3.418474783154790706e-04 3.408176012526236299e-04 3.309577006449445648e-04 3.272381420052744420e-04 3.276283350563091419e-04 3.315945471713245768e-04 3.340333469017284446e-04 3.434346784189370137e-04 3.473741171838847321e-04 3.423603122412129151e-04 3.411614961510953418e-04 3.371805544343837871e-04 3.287424479658086849e-04 3.288503065009502685e-04 3.314810001274609281e-04 3.241814659513341489e-04 3.132316260273464679e-04 3.013097604987318443e-04 3.105749495263038684e-04 3.228315089422619097e-04 3.213346341296767169e-04 3.296065119970642944e-04 3.382083334370381239e-04 3.301465685770118815e-04 3.235091478442388949e-04 3.266661081896816933e-04 3.395467815117580090e-04 3.373310327104657512e-04 3.159861805145587382e-04 3.108107234942454307e-04 3.290078284383263240e-04 3.440440127991384323e-04 3.374190315834249380e-04 3.229461797449258739e-04 3.238192589405415730e-04 3.269138350788703849e-04 3.245022690825205385e-04 3.162731614863056634e-04 3.121787312210094474e-04 3.169773065002805300e-04 3.210859641508288700e-04 3.244631437637069261e-04 3.316260330984255973e-04 3.518569418757676467e-04 3.776129560465001480e-04 3.806055117235760082e-04 3.578472804018155949e-04 3.272643913925939152e-04 3.031111900530834109e-04 3.007392785466807923e-04 3.157692734739830204e-04 3.175953079904219548e-04 3.025416523741044196e-04 2.840998427523167762e-04 2.367939414332194750e-04 1.737802777823811424e-04
2.232885883059624655e-04 2.866719342334450604e-04 3.244091701680639427e-04 3.200619227692746852e-04 3.156835460286304385e-04 3.205965592613144828e-04 3.221375191714706890e-04 3.145569875807454415e-04 3.128023367712753000e-04 3.184736430318867422e-04 3.186610937286925901e-04 3.175534793499730046e-04 3.248133819268443937e-04 3.377320940052038877e-04 3.473700515084980991e-04 3.541918344786291117e-04 3.556386993222504164e-04 3.430043940261949705e-04 3.361455616768644575e-04 3.317648217826586494e-04 3.293663276512421201e-04 3.332444830315579041e-04 3.314351823554037677e-04 3.211462485037621826e-04 3.169455642845019462e-04 3.072085381165242713e-04 3.105525790030758083e-04 3.302326381722581672e-04 3.438971473167706165e-04 3.375468993692083220e-04 3.240041219096370857e-04 3.231247592207429605e-04 3.350850668544596254e-04 3.308938024021365067e-04 3.207932229733665395e-04 3.405389333855174069e-04 3.622430077505313850e-04 3.442558783631281252e-04 3.230957303468792968e-04 3.304264052254384746e-04 3.452397887925624147e-04 3.399231312953762143e-04 3.274930775734391985e-04 3.291675726145477932e-04 3.453670529274487349e-04 3.441813722143143191e-04 3.383459880624672261e-04 3.365225759322942748e-04 3.321677112037383912e-04 3.321570662114678657e-04 3.268874191156148157e-04 3.337013639841468005e-04 3.473511273433819080e-04 3.462735618036900725e-04 3.429440267187844945e-04 3.384835701541748947e-04 3.232977049050801124e-04 3.178245532695912453e-04 3.222414426791840201e-04 3.243683671426193208e-04 3.306094397534284877e-04 3.219756318221803559e-04 3.146477981117985854e-04 3.161415268518483700e-04 3.180344333008667829e-04 3.318412201933899799e-04 3.424430847311266297e-04 3.325110880404864291e-04 3.268307507089909152e-04 3.295137144985110572e-04 3.356371189338635836e-04 3.310212806279185004e-04 3.110034321099118884e-04 3.095560992553786578e-04 3.297944210758378875e-04 3.440772874866776174e-04 3.378252765849946385e-04 3.351859419813041537e-04 3.448970968180487375e-04 3.326193738460746295e-04 3.141583687218419416e-04 3.134906624348223641e-04 3.236323725881673713e-04 3.313358490305180759e-04 3.265713946821803852e-04 3.203887182014925365e-04 3.202880763383931335e-04 3.248899266687898515e-04 3.475398690118860589e-04 3.679929907387858613e-04 3.625938703983469600e-04 3.430116036685729739e-04 3.240217647144188161e-04 3.138175470893153456e-04 3.155305855530464356e-04 3.159052947876349543e-04 3.078578575793838390e-04 2.904830600939146707e-04 2.434149069915198232e-04 1.815047653444022495e-04
2.317416977676614565e-04 3.039354172804380368e-04 3.405771770301408200e-04 3.277926157601627295e-04 3.186667675940493046e-04 3.274198115292985853e-04 3.332742757268530734e-04 3.255883063246265536e-04 3.223743287460167917e-04 3.288481114011083018e-04 3.392986287236470682e-04 3.442958638274616514e-04 3.458031679742681712e-04 3.512243542520081230e-04 3.551548575233294124e-04 3.569854395427219740e-04 3.586087180977573703e-04 3.498329089831618598e-04 3.408485995706829648e-04 3.238975866546315772e-04 3.169919918194031650e-04 3.308236354839187428e-04 3.356091917463088314e-04 3.186071508267457266e-04 3.081795515785486824e-04 3.024358390026455571e-04 3.073335411377731206e-04 3.234594552275659915e-04 3.320106789325660791e-04 3.226576891293743985e-04 3.146706613398078623e-04 3.189499232843483472e-04 3.315459734291803994e-04 3.278723300997492870e-04 3.158457958134837243e-04 3.232053620711580148e-04 3.306701028901360036e-04 3.099351767447771321e-04 3.044772396150561417e-04 3.330020730287258559e-04 3.527181276490162689e-04 3.445391204105240426e-04 3.366993729098510389e-04 3.377796501417120248e-04 3.438338966657209341e-04 3.434837461217729853e-04 3.466892787731945926e-04 3.419374728230690575e-04 3.244002991895884392e-04 3.146351049139852266e-04 3.135827486459102052e-04 3.247996951399571711e-04 3.332025790733507929e-04 3.315218298243819382e-04 3.381837713946671481e-04 3.464628954151269908e-04 3.304787170455060225e-04 3.115065196969789415e-04 3.098732056307540212e-04 3.264527807059663164e-04 3.460994046080013943e-04 3.385697475695458080e-04 3.272548429318998661e-04 3.234191550339204088e-04 3.240288924405936152e-04 3.356909390927856102e-04 3.408311423826652182e-04 3.250786505867422687e-04 3.194790731626233208e-04 3.315551006511811621e-04 3.428586774918085606e-04 3.377508358062231652e-04 3.144436135557039354e-04 3.100212798685266337e-04 3.261918884133723634e-04 3.359674436424684688e-04 3.364595696082889201e-04 3.480942823236622425e-04 3.599230895627198736e-04 3.335858039112299693e-04 3.075612372217996363e-04 3.176658330645501386e-04 3.325015453707706996e-04 3.323018022587820460e-04 3.234030487041945337e-04 3.188990943540367202e-04 3.173655229002428618e-04 3.110931864582449193e-04 3.195284956447368629e-04 3.326189999953849119e-04 3.398241054643845850e-04 3.449413668390138941e-04 3.460728714387132396e-04 3.417387857132636163e-04 3.331611093696731528e-04 3.267354123370747303e-04 3.186402384241932288e-04 2.992630154577284379e-04 2.476483645577386497e-04 1.811974817277583983e-04
2.225511462171746028e-04 2.956386365544131072e-04 3.327821324179697096e-04 3.216792685301778109e-04 3.199578258339361744e-04 3.356008516845479452e-04 3.404990414123120228e-04 3.298866209654287545e-04 3.279211612403446505e-04 3.294418231652155487e-04 3.304664933364937439e-04 3.344398011082955462e-04 3.413596770172567184e-04 3.447889978351320736e-04 3.363626113594117605e-04 3.292524277996605351e-04 3.384993855701832295e-04 3.437040929396907888e-04 3.331968142411079279e-04 3.137187601628982792e-04 3.131089218351013471e-04 3.303472875550780429e-04 3.343027474846940131e-04 3.177033896955707521e-04 3.125499036661169442e-04 3.151499397581695311e-04 3.178366241805841153e-04 3.185554064184253778e-04 3.136289873229037043e-04 3.146362673887470769e-04 3.189955427258778882e-04 3.183113100334936107e-04 3.232376147393113035e-04 3.214995752874999220e-04 3.188309385495251887e-04 3.266059617385494158e-04 3.227911005963920088e-04 2.956448691336897860e-04 2.971385865130630652e-04 3.381492118906707445e-04 3.604350522200106379e-04 3.471802673531294826e-04 3.408935111887434520e-04 3.415788476973646566e-04 3.388684645505778918e-04 3.361633049094783082e-04 3.356948508573719060e-04 3.269719253256088984e-04 3.150125264796790111e-04 3.148408211148145844e-04 3.293566253656389888e-04 3.419077836010631240e-04 3.299531213080606732e-04 3.193291256108914036e-04 3.300888064715360110e-04 3.443461979254763957e-04 3.372912614367373644e-04 3.235334899507810442e-04 3.177460590934832975e-04 3.239722795463215914e-04 3.304769004485536227e-04 3.257186722743311618e-04 3.283133773812634991e-04 3.301114166886935436e-04 3.250161639739033775e-04 3.285380992492696823e-04 3.339754388054140153e-04 3.242280435590863237e-04 3.192616700707297966e-04 3.359797154217003729e-04 3.593244706689729300e-04 3.601827223720275532e-04 3.269252168192151881e-04 3.109717486012991694e-04 3.235779721067714044e-04 3.296483840539813108e-04 3.363412066202467747e-04 3.548613541416992994e-04 3.596966876091181424e-04 3.289889061934705245e-04 3.100600644742125588e-04 3.313681639982370445e-04 3.450625550630251489e-04 3.361598124514822211e-04 3.270801178762690136e-04 3.246769369956955305e-04 3.211620893561201043e-04 3.150629843590911053e-04 3.105410325624008080e-04 3.046579103036270810e-04 3.137839122605937678e-04 3.362923890215807621e-04 3.537885857488749764e-04 3.545930044903593086e-04 3.371442783713321121e-04 3.222147520072812365e-04 3.168431198395672268e-04 3.033448708249774370e-04 2.463754220979680809e-04 1.712721686868014074e-04
2.015251774735008806e-04 2.685060320766908658e-04 3.052649816409816865e-04 3.082255245649506378e-04 3.261601713579238707e-04 3.406974933895940403e-04 3.332147322830409796e-04 3.249822706789236380e-04 3.332377069916371711e-04 3.361805275544766086e-04 3.248144735415287271e-04 3.162349400423085160e-04 3.211505205397008345e-04 3.295450532605361622e-04 3.258358617383363552e-04 3.218292094640971476e-04 3.342817508923690288e-04 3.404512454727946758e-04 3.268901669241677755e-04 3.123106796435029314e-04 3.163714569192234557e-04 3.295847818176143450e-04 3.294824148438037594e-04 3.187559404800430121e-04 3.217748887139372798e-04 3.301926913781410297e-04 3.324737494640808157e-04 3.249642838628361377e-04 3.149776254919745976e-04 3.239129611776877735e-04 3.263952460004789337e-04 3.162390928886596063e-04 3.213261668377510047e-04 3.276336776564075766e-04 3.307529476545267031e-04 3.415273140230090372e-04 3.369401431797332432e-04 3.126663253210039319e-04 3.142148381203692734e-04 3.428341729935779902e-04 3.500901505528656427e-04 3.336388511830913834e-04 3.328756199005646369e-04 3.380601933516730502e-04 3.331050897701127739e-04 3.288016141457072018e-04 3.205419143613890461e-04 3.127099392287884840e-04 3.227384897734598924e-04 3.448189972694508756e-04 3.619742633137063839e-04 3.563539986910485959e-04 3.337742498280649259e-04 3.289828739233643007e-04 3.357225148302062393e-04 3.383341825249626227e-04 3.388574842361797711e-04 3.462024182109672572e-04 3.418383811405535959e-04 3.212734589458149576e-04 3.053776142464016403e-04 3.049982334243120071e-04 3.256438072342386809e-04 3.409566130822725642e-04 3.355265460709655175e-04 3.287197738726307938e-04 3.308544131867195400e-04 3.279754922888968114e-04 3.246793481351318601e-04 3.378822725906599662e-04 3.665436528407902067e-04 3.712424614612818189e-04 3.314476060755322225e-04 3.085487676826585051e-04 3.229852975132705556e-04 3.284346942360382923e-04 3.352678314852651216e-04 3.489744271363252751e-04 3.426978773198492982e-04 3.157399901873585331e-04 3.099621917893043252e-04 3.381769318166135438e-04 3.535584665375191395e-04 3.459414519384261901e-04 3.352279293789189917e-04 3.257668937628464584e-04 3.185648991870473250e-04 3.203027098959191320e-04 3.168974530706352203e-04 2.988025254650742064e-04 3.033870740016845688e-04 3.334954832011185533e-04 3.572787228613238486e-04 3.489546328987321814e-04 3.196236793940468251e-04 3.039167751139576056e-04 3.130859063592611371e-04 3.133903270921205124e-04 2.490659173399238321e-04 1.622203464938939358e-04
2.017034791848645479e-04 2.568484446277061314e-04 2.878572503817754041e-04 3.034777909389350286e-04 3.286122036064386114e-04 3.325046453870602681e-04 3.221066547140664991e-04 3.251102958883035328e-04 3.384363272419724624e-04 3.417587317181220233e-04 3.265579276217534964e-04 3.034052125320285155e-04 2.978151975698331002e-04 3.096632466424724568e-04 3.179795746075042909e-04 3.170811673003625644e-04 3.207256057254434935e-04 3.198176391693721243e-04 3.116030338138341431e-04 3.128949323867278600e-04 3.260190053957923032e-04 3.378567147870572196e-04 3.391618013818141399e-04 3.345856749284452001e-04 3.356193325130378286e-04 3.362415105056184455e-04 3.357211055996270040e-04 3.363564235387986540e-04 3.347686122860222754e-04 3.356299396779753997e-04 3.223902724559917768e-04 3.044821269415600904e-04 3.079015194405530353e-04 3.273022520467376659e-04 3.443460134261410984e-04 3.562012091888836635e-04 3.487500379773949850e-04 3.311226868225825232e-04 3.332270090500421959e-04 3.424566266965397036e-04 3.295872445717978189e-04 3.133813046463789246e-04 3.221753005649392139e-04 3.329869862615662986e-04 3.307107241371165995e-04 3.325691273496261856e-04 3.269730200493348475e-04 3.245248896922910565e-04 3.425605046805631822e-04 3.648810108131269291e-04 3.652736203759946593e-04 3.380946934330930024e-04 3.225842444108042040e-04 3.362809005609098062e-04 3.404966051220267333e-04 3.299302756415341004e-04 3.322821385156865927e-04 3.551569086519370307e-04 3.606856681975643573e-04 3.345774535711086963e-04 3.116899959637266151e-04 3.067672834821083918e-04 3.234126706058435604e-04 3.422645277556248477e-04 3.445005067183459107e-04 3.345918200180239381e-04 3.311713460963236423e-04 3.314761616747053980e-04 3.271737271265536765e-04 3.285550620002606801e-04 3.439414192704724586e-04 3.420917856370799025e-04 3.143310309903856554e-04 3.073437047498554938e-04 3.224918880624769082e-04 3.225055898320080541e-04 3.266079088400428002e-04 3.364278817548084738e-04 3.320962980776959216e-04 3.147876051939917834e-04 3.112585367969219834e-04 3.329994621614011641e-04 3.464306004489234401e-04 3.396425579227422111e-04 3.265076051813204988e-04 3.211276634272485116e-04 3.232782042197982213e-04 3.285337456536483575e-04 3.271132104650242844e-04 3.111388572172259963e-04 3.143304106273507332e-04 3.415251889507609829e-04 3.579618577348502246e-04 3.366791585039141969e-04 3.065963858441617595e-04 3.035729183486135171e-04 3.235534496651580518e-04 3.303321253139328631e-04 2.675332587162090750e-04 1.758655690514411519e-04
2.083857340637754001e-04 2.560643067792405404e-04 2.862876426436436819e-04 3.070469770599540491e-04 3.244608904404662009e-04 3.202147279567666783e-04 3.162306244203794700e-04 3.279774191291722537e-04 3.426676081636834256e-04 3.466688602378817504e-04 3.348153317980384516e-04 3.087112266388448230e-04 2.988155183322281768e-04 3.095849939191661093e-04 3.183251914027142608e-04 3.115638241481347723e-04 3.071593921581537061e-04 3.067665025587635219e-04 3.031411351410709040e-04 3.091098414631947072e-04 3.317857012618316125e-04 3.464350382483232091e-04 3.474137505747714729e-04 3.432336010796307557e-04 3.367362966106984823e-04 3.307743243996346923e-04 3.285915355983808983e-04 3.344716472899574499e-04 3.393682453175392256e-04 3.342709237498537461e-04 3.225150840169830387e-04 3.080043932175484346e-04 3.013987126992264884e-04 3.179951594949222138e-04 3.384017761926531214e-04 3.499128674908741311e-04 3.467630667089951395e-04 3.419386769504286741e-04 3.458320763048133980e-04 3.411992700764699066e-04 3.199901674147783066e-04 3.134291296572770994e-04 3.287158583004238838e-04 3.327370557527905637e-04 3.288521417382595045e-04 3.366006847306270665e-04 3.370749985806746705e-04 3.402337145323879085e-04 3.479794461807321146e-04 3.509355989367122109e-04 3.386794557013186814e-04 3.119453591274172531e-04 3.113622773564291967e-04 3.344635996485544570e-04 3.347589963384413250e-04 3.171338325302921427e-04 3.172493297791072046e-04 3.428596915322370100e-04 3.616316792981574997e-04 3.501758049497147264e-04 3.316681980886115096e-04 3.189822353085242828e-04 3.229668686459974142e-04 3.388353141530382230e-04 3.472895573660846297e-04 3.422919865107460239e-04 3.404427411171597655e-04 3.389922396375075198e-04 3.272428461071615969e-04 3.162310104744503968e-04 3.134666169773026728e-04 3.088978504139942502e-04 3.041475960474533105e-04 3.129253774346721969e-04 3.226165002122665347e-04 3.237462796927984086e-04 3.253443082955427752e-04 3.264165874723571649e-04 3.277391625849979421e-04 3.218281038226560617e-04 3.174683673245401461e-04 3.304688595630951749e-04 3.373022282162625556e-04 3.259986134227071931e-04 3.162273938206191072e-04 3.257784371587195806e-04 3.357767841108584691e-04 3.322192025437963221e-04 3.278297810484481615e-04 3.240329078346523188e-04 3.265003061493187541e-04 3.396690175468803068e-04 3.449696614616813641e-04 3.264358969763306957e-04 3.131718792885718585e-04 3.221335333787094185e-04 3.296011914381192674e-04 3.231392037004968566e-04 2.673727505806462344e-04 1.824653582029502476e-04
2.081000227913437531e-04 2.553792151068168758e-04 2.966320004415030779e-04 3.272765344477312848e-04 3.431001302972631504e-04 3.334523311057358518e-04 3.262855829772994074e-04 3.323174167529295260e-04 3.454249670515292868e-04 3.552052545834732651e-04 3.502155166828588447e-04 3.366643850321727311e-04 3.315756410898986926e-04 3.333980850359212250e-04 3.323453284963328409e-04 3.220138387536258069e-04 3.129897231410982798e-04 3.117450461168390710e-04 3.103090325133217738e-04 3.116691881807296663e-04 3.302938855060209974e-04 3.394155823327462893e-04 3.275382935957256870e-04 3.154356758045484218e-04 3.148114789478632675e-04 3.243801932384000886e-04 3.306641480353056297e-04 3.362463145971852766e-04 3.403231536848362474e-04 3.362131504683032101e-04 3.379545729987309933e-04 3.406310633681226916e-04 3.276069735311081389e-04 3.224862527023637836e-04 3.227825791207489421e-04 3.263559311383936725e-04 3.331364873769400111e-04 3.422564083318411967e-04 3.460641651922666436e-04 3.335846024175669446e-04 3.172498795973772729e-04 3.247449831909688181e-04 3.436192567510097532e-04 3.417745543717175694e-04 3.299581508378848674e-04 3.310874188544977808e-04 3.337864921747590429e-04 3.364363048961025219e-04 3.349801049592800043e-04 3.333881934081411738e-04 3.257476387104988073e-04 3.057893550791944502e-04 3.121211108906809715e-04 3.328409077262617149e-04 3.264020700101352181e-04 3.096537034008420329e-04 3.126416809156741094e-04 3.328603931247770160e-04 3.482319003096045985e-04 3.417223161658241313e-04 3.280721255036749429e-04 3.164342292924548551e-04 3.193488818818894601e-04 3.410006391937510373e-04 3.574213581099709497e-04 3.559726225848570676e-04 3.510560810206921978e-04 3.425291292919081798e-04 3.268115372328100356e-04 3.171293897875701465e-04 3.102872209089586799e-04 3.121361765943086422e-04 3.252079733483023401e-04 3.330208934130795802e-04 3.330113570833678933e-04 3.373630755470232020e-04 3.337933946063917053e-04 3.227931448213009857e-04 3.208476691544205942e-04 3.176697638678546275e-04 3.209505538084266030e-04 3.393210884764883556e-04 3.432904390391418488e-04 3.226061323847530292e-04 3.118619110515417989e-04 3.266773894398574134e-04 3.369837535424556564e-04 3.313719997504024819e-04 3.314487365984476307e-04 3.356658096235911161e-04 3.316366850974095831e-04 3.292956695712630829e-04 3.280065764368163468e-04 3.188809996021905275e-04 3.227745057802313463e-04 3.304941369776899030e-04 3.206615697864076430e-04 3.053897455669279514e-04 2.533083416971791723e-04 1.744075212631678690e-04
2.130909546195608711e-04 2.591844759438695790e-04 3.093091985429700583e-04 3.494209893591231899e-04 3.693210077231220924e-04 3.597756218705733776e-04 3.478750804285980118e-04 3.369100337259369176e-04 3.346451019688388142e-04 3.429242477679955584e-04 3.438992624270578355e-04 3.469874645159473441e-04 3.490884401089274945e-04 3.462578652620738927e-04 3.418867683454471749e-04 3.345966987817347799e-04 3.233059680796517834e-04 3.152706180680201397e-04 3.148812714157790487e-04 3.171890657236857728e-04 3.286940097718718231e-04 3.342191489407841509e-04 3.125577777742028808e-04 2.898348531442036021e-04 2.928109835156915332e-04 3.173946856957491811e-04 3.364866215023577063e-04 3.464054998040107204e-04 3.479029851241450502e-04 3.386239193548035761e-04 3.442229494024997985e-04 3.633430342585542393e-04 3.516003660095788001e-04 3.354638072044274148e-04 3.244159508773376875e-04 3.135055930028431744e-04 3.163811803822971715e-04 3.311954331449426590e-04 3.409682145868542865e-04 3.296768419724710117e-04 3.146388480806819668e-04 3.250857309662150965e-04 3.455880535262073096e-04 3.468768774995594287e-04 3.311622106164300292e-04 3.244079585214515275e-04 3.248576348721789273e-04 3.190536608134296611e-04 3.146184542190044926e-04 3.240240336301721739e-04 3.320040612795505542e-04 3.189889512278999174e-04 3.263761233049523695e-04 3.457066853184299210e-04 3.382839255767012610e-04 3.230139323972094955e-04 3.275669084959468755e-04 3.406473152359980783e-04 3.408194195906780839e-04 3.275805649231672235e-04 3.199183714497521236e-04 3.125215493276508162e-04 3.119131175419505449e-04 3.356340378010758195e-04 3.626030092151476042e-04 3.649355146320290913e-04 3.476693181415432691e-04 3.278893588417230911e-04 3.161013997754762335e-04 3.166043407054112101e-04 3.174813520203478671e-04 3.327901297918645020e-04 3.540360052151705905e-04 3.475445288960513903e-04 3.342457547618133198e-04 3.361766631458507743e-04 3.296086350755556265e-04 3.207334222076162200e-04 3.218767174783845582e-04 3.147922870166098511e-04 3.188162466054307153e-04 3.428495919339826208e-04 3.488915107049556921e-04 3.246966016140304806e-04 3.081222503486399597e-04 3.171451734184642813e-04 3.297795737387077897e-04 3.337150415626644962e-04 3.404462397887628470e-04 3.453667038558416117e-04 3.354278015751848210e-04 3.244611236166991888e-04 3.223353205481016082e-04 3.229954233277348118e-04 3.349829620286188213e-04 3.351102648490780073e-04 3.191829606156076698e-04 3.020333002190926956e-04 2.459673934885464727e-04 1.684285602432828983e-04
2.154727409148290279e-04 2.583773441239080359e-04 3.112931303237835871e-04 3.532712543707518379e-04 3.712202420726113728e-04 3.621942426815728984e-04 3.486062429435263016e-04 3.277359065354463249e-04 3.108790370511595202e-04 3.124854572117320033e-04 3.216895354385714673e-04 3.314519291979250602e-04 3.330794455412299003e-04 3.305479290451983484e-04 3.345843563278631241e-04 3.407180710299020660e-04 3.333856417256721746e-04 3.196084320246819592e-04 3.141465350211049040e-04 3.150780239966197356e-04 3.286272963819290458e-04 3.490493191540524004e-04 3.379512586937848898e-04 3.115718401188502084e-04 3.039128764021115678e-04 3.182822494865854973e-04 3.319465218864966474e-04 3.413655300170532450e-04 3.425793433248736043e-04 3.273830400183102727e-04 3.227457699431363070e-04 3.375892160041868775e-04 3.360207881692802464e-04 3.377875875548029712e-04 3.351820084165685527e-04 3.138678345554422313e-04 3.080456772778092031e-04 3.275946655374841810e-04 3.509334933511338130e-04 3.427485063232732173e-04 3.137106721092940316e-04 3.150769675918334962e-04 3.396722772744094972e-04 3.527643730564962161e-04 3.431029795512430930e-04 3.283812668138170110e-04 3.180387561773965035e-04 3.053962237509815977e-04 2.995590527364079829e-04 3.146739052259920526e-04 3.346843822766694355e-04 3.301913017098992214e-04 3.328611271288434191e-04 3.474149327027920529e-04 3.523896595209953693e-04 3.445448564979444132e-04 3.391118320309442096e-04 3.376689733939809311e-04 3.271933924997524087e-04 3.215454078343871506e-04 3.326309941951369610e-04 3.276419082052406569e-04 3.138368424080619900e-04 3.218303872961820501e-04 3.465444212376378777e-04 3.592106845975162610e-04 3.411974926377966651e-04 3.139138356834277055e-04 3.065730525096748652e-04 3.126766971044279064e-04 3.181859125985232436e-04 3.401349161203705567e-04 3.604783886672826166e-04 3.465338619826353319e-04 3.287085498057911023e-04 3.262691241602953427e-04 3.169828644101279442e-04 3.131728979472590997e-04 3.247403630066989302e-04 3.229321933257804644e-04 3.242843546608853910e-04 3.465438025622623536e-04 3.538775025826095899e-04 3.340320205946641606e-04 3.158681242012367166e-04 3.153071638026602058e-04 3.223723946429470880e-04 3.258687094658029373e-04 3.347948268445254854e-04 3.459851525478982925e-04 3.376705564051450865e-04 3.223642030215096571e-04 3.214677681265742590e-04 3.315192345154622882e-04 3.485016951981202921e-04 3.495841630998551878e-04 3.355032650906185267e-04 3.119278047102459045e-04 2.475998070520393324e-04 1.707963593621920450e-04
2.124633286151687156e-04 2.546058041360992129e-04 3.066228308178581882e-04 3.406368635071308805e-04 3.463528634018865193e-04 3.330129280639026806e-04 3.204524065400068868e-04 3.078624390752463772e-04 2.932854324831896771e-04 2.911712668700299346e-04 3.068173095912328312e-04 3.170380245750957114e-04 3.175410122655195067e-04 3.214840151687379296e-04 3.298036177073501544e-04 3.363945726086425814e-04 3.339811473710523320e-04 3.317416132327573059e-04 3.323350003895374780e-04 3.285884247864986115e-04 3.357754075142794451e-04 3.597864883565170778e-04 3.591041553781275288e-04 3.429703440269438186e-04 3.329419494080647075e-04 3.299007720919981332e-04 3.252513609694433891e-04 3.252388650499787436e-04 3.265174100303412956e-04 3.169501362446691716e-04 3.065512393933770424e-04 3.088445274150031770e-04 3.166011121542760057e-04 3.348439026741844562e-04 3.404001229576815056e-04 3.285608233667473800e-04 3.217487406880522975e-04 3.282912542494738828e-04 3.472878808561057724e-04 3.460727394410391096e-04 3.185051266902452771e-04 3.140170238211513628e-04 3.387965084716925259e-04 3.617720248405533389e-04 3.576319194611697638e-04 3.341306015679675599e-04 3.143250527447393047e-04 3.036646092029989582e-04 3.005501100041203561e-04 3.123729417589368902e-04 3.292867350306465145e-04 3.314387885239794898e-04 3.332632347942411080e-04 3.446175633077577230e-04 3.597376703476703325e-04 3.519109113999815096e-04 3.283635903860707876e-04 3.124611420042568664e-04 3.046486764350764915e-04 3.212504130704736346e-04 3.533624297280575774e-04 3.518749823168666963e-04 3.262505789212667619e-04 3.065883394963836960e-04 3.085513018396616710e-04 3.243596167005710108e-04 3.255917237285926467e-04 3.123145687781995116e-04 3.112267173678159252e-04 3.170666894824219649e-04 3.237377024759713210e-04 3.382075364323801066e-04 3.492873347531397503e-04 3.451494855469400551e-04 3.427088644021128211e-04 3.433936555605766319e-04 3.236936122905260667e-04 3.047333485379321422e-04 3.139341245602292438e-04 3.259629373684074568e-04 3.319481015069560394e-04 3.485023831321814626e-04 3.556807898253271398e-04 3.435307040018987005e-04 3.302284785022894511e-04 3.262941888862645702e-04 3.270365017210701843e-04 3.201516202227872639e-04 3.203421017982768836e-04 3.319433071947678498e-04 3.334528341615073158e-04 3.235351077199093931e-04 3.247580441260360194e-04 3.371732921555741121e-04 3.526267792351640601e-04 3.576365463505303986e-04 3.468966540006395262e-04 3.182276256012920440e-04 2.504261438952871694e-04 1.733034940326119429e-04
2.078052302509012514e-04 2.580995260622215856e-04 3.093765104070542822e-04 3.269276822785746974e-04 3.140932081203073813e-04 3.020865401452881103e-04 3.017706701864979646e-04 3.078188641155126643e-04 3.072049378025534902e-04 3.041960418866525252e-04 3.197068556459607192e-04 3.286234532099551885e-04 3.271984723549820669e-04 3.370549661118795587e-04 3.383489912374078898e-04 3.284208802598971490e-04 3.269024737185730035e-04 3.389659122139852213e-04 3.511853371074407097e-04 3.439010852897601443e-04 3.375706266646281029e-04 3.461835920387055111e-04 3.435700312445651682e-04 3.420653248406281500e-04 3.430949200152106672e-04 3.401815289162743320e-04 3.325964161379137856e-04 3.269612238990135490e-04 3.257642015000261713e-04 3.255812572637581739e-04 3.199865579855604484e-04 3.134537079384757405e-04 3.164611730333770465e-04 3.313135363378969097e-04 3.403910940051755522e-04 3.470579340928759185e-04 3.450455482714474354e-04 3.334590220034190861e-04 3.369683298648623029e-04 3.421805319846446839e-04 3.277492844760197897e-04 3.198578133408485529e-04 3.378885302707191002e-04 3.619162977444780483e-04 3.591447029914128465e-04 3.373505241317429314e-04 3.185095163478397252e-04 3.077676810481990875e-04 3.080613757997197836e-04 3.200029783851499727e-04 3.281463023157131791e-04 3.311322786756652130e-04 3.379321663777867541e-04 3.486589407604399893e-04 3.572131850460778498e-04 3.393281293656584454e-04 3.118986878859969850e-04 2.998748439704708164e-04 3.003617072834111664e-04 3.264915395990137885e-04 3.597316915180477550e-04 3.587510069733039139e-04 3.353118162241999116e-04 3.099051923172708002e-04 2.971914773675715595e-04 2.987988440039562096e-04 3.083794219760481892e-04 3.127629255142170888e-04 3.154590696928819210e-04 3.223165800263376240e-04 3.358194149369409312e-04 3.435676750373068940e-04 3.480521032449783838e-04 3.534789780381699352e-04 3.623608467018016007e-04 3.650386420252552631e-04 3.367272299209911443e-04 3.020612791244539175e-04 3.033655067984715632e-04 3.243471600699211884e-04 3.318023325830410418e-04 3.394291207096551948e-04 3.479061509801111571e-04 3.426480082895615588e-04 3.307551277712631474e-04 3.247690908528847657e-04 3.267125120279947633e-04 3.260822188227246966e-04 3.244255646877894058e-04 3.245331557312276143e-04 3.286088650570839981e-04 3.242366858655489699e-04 3.239070132451955363e-04 3.336369029896505030e-04 3.422692264150687400e-04 3.485966163204255296e-04 3.409310465067054343e-04 3.103602700228070416e-04 2.441008941716563932e-04 1.674831040713251886e-04
2.110358339455643665e-04 2.781670402198566420e-04 3.280973403714065829e-04 3.289523743376387716e-04 3.077500351808372739e-04 3.086246331883976744e-04 3.261959819871112446e-04 3.400656948620340864e-04 3.462242391153704728e-04 3.433700672167033546e-04 3.483747284799882825e-04 3.470429059012546070e-04 3.395704056034325440e-04 3.488086459312129614e-04 3.428261976610285635e-04 3.274314333193508223e-04 3.285160809048424469e-04 3.341417605049184104e-04 3.322019608401481270e-04 3.178425422552572273e-04 3.170895918742637921e-04 3.285831619057082631e-04 3.289606911339134406e-04 3.281771147132282545e-04 3.308624957299618726e-04 3.373527075756286957e-04 3.388990705885348907e-04 3.351133328362664704e-04 3.358841396701254525e-04 3.474016730811464856e-04 3.502703550841303041e-04 3.349075417701942014e-04 3.207578919554292946e-04 3.229246189325527113e-04 3.336571292153268681e-04 3.494510971234531861e-04 3.570293607632352845e-04 3.460654350168262732e-04 3.394994324330836413e-04 3.449140359576796351e-04 3.367400417317005924e-04 3.222848500681799026e-04 3.327866433741912249e-04 3.550941409559874137e-04 3.579100810790085451e-04 3.460373025097314512e-04 3.344460316486749080e-04 3.207275818559071319e-04 3.179754144050663239e-04 3.329781932811104591e-04 3.349791812890073580e-04 3.263119647071442741e-04 3.277092645697780079e-04 3.339887325957928551e-04 3.360897570342100322e-04 3.247867283848886221e-04 3.119788112825322294e-04 3.116037005464149636e-04 3.152244524938218337e-04 3.327555959048594282e-04 3.508365319374379858e-04 3.456184751705769411e-04 3.327064720366096654e-04 3.231011149554044708e-04 3.185045428551618626e-04 3.110336091650740169e-04 3.175867262140280589e-04 3.249970702125412310e-04 3.216431603927487077e-04 3.281699305229085180e-04 3.437232656735018498e-04 3.414086746244299631e-04 3.401235352145679869e-04 3.513632950369746048e-04 3.603781571090406864e-04 3.564079820905567643e-04 3.326757933278289350e-04 3.077674048305659030e-04 3.100074120232082509e-04 3.310142210250708846e-04 3.343638385018705408e-04 3.325476090254048545e-04 3.427912402506747740e-04 3.427078050823956982e-04 3.254941987401752069e-04 3.090642735413094569e-04 3.050956649393130483e-04 3.193006241298695404e-04 3.371725060309922316e-04 3.359515641711767042e-04 3.301969996925754056e-04 3.211263455301157786e-04 3.158644373929725456e-04 3.219045370897989861e-04 3.280407525220454742e-04 3.376162963228478251e-04 3.343279630006399370e-04 3.057772365844800035e-04 2.428787564272064906e-04 1.667279077558141793e-04
2.318311482423414947e-04 3.081117902723049711e-04 3.512242354285296684e-04 3.421764404575898056e-04 3.229042344691454309e-04 3.344314582027329685e-04 3.637164802686432535e-04 3.761468210246243717e-04 3.759750951618822984e-04 3.663157114511786014e-04 3.569439749526794351e-04 3.477200258116083147e-04 3.342361565406249345e-04 3.364111235229469182e-04 3.348584839383456123e-04 3.308402986379444487e-04 3.374699998456468864e-04 3.298401069638666645e-04 3.030490451493310020e-04 2.822572312016282683e-04 2.975058689757534335e-04 3.276288980040262841e-04 3.380859421596646430e-04 3.300996311835917600e-04 3.230133915427828208e-04 3.286896468508342453e-04 3.325567551518748615e-04 3.282745102320834530e-04 3.331690053612679290e-04 3.535561765866284995e-04 3.644592928732418545e-04 3.471972703792317429e-04 3.180290647739764391e-04 3.095918161207153441e-04 3.252767294096415673e-04 3.415555506802843639e-04 3.455719091253642663e-04 3.378519523031604430e-04 3.342926075816907735e-04 3.466781279679902118e-04 3.477910063907285135e-04 3.298806373315555382e-04 3.278455604796523841e-04 3.424100863510491644e-04 3.506355099787716889e-04 3.488054203907459691e-04 3.482060560670664014e-04 3.417212439849837092e-04 3.379740826741105047e-04 3.462230760871758887e-04 3.379758826893579826e-04 3.177212363590381115e-04 3.078692047738284306e-04 3.132016869616939493e-04 3.291390502847787222e-04 3.341551492425931524e-04 3.238430118775048757e-04 3.221003729510352035e-04 3.264144784041398935e-04 3.369963375139020233e-04 3.427591026358116225e-04 3.293281683060296375e-04 3.204806659592786570e-04 3.224591405432367542e-04 3.268027099707592723e-04 3.211548162305291111e-04 3.259687073618351152e-04 3.337489636938302789e-04 3.332857943817634991e-04 3.394765883992963682e-04 3.438048774663053620e-04 3.278465324892319800e-04 3.164949602074402070e-04 3.257006509217371401e-04 3.387437968040174800e-04 3.341341841596390727e-04 3.156769519435004582e-04 3.068053846900096657e-04 3.193256259249282851e-04 3.380580791445286261e-04 3.367678972309550291e-04 3.330115496709784117e-04 3.468033346602417588e-04 3.478185724217967129e-04 3.211368087423751216e-04 2.968804254364775679e-04 2.903370019409216483e-04 3.142858500302829006e-04 3.524243032087625671e-04 3.627055471488876710e-04 3.497801909558653256e-04 3.296180242099390673e-04 3.142560863692021086e-04 3.116171768544526675e-04 3.196526647188388049e-04 3.313909140277182964e-04 3.291199035602391664e-04 3.067571955591601781e-04 2.480565927718182554e-04 1.691789712669922066e-04
2.393626129648152338e-04 3.068196130885587122e-04 3.444648694415755391e-04 3.414994268717377098e-04 3.302443457495614593e-04 3.398515465067137534e-04 3.653882902200174167e-04 3.748851954139270507e-04 3.693990983533733158e-04 3.565658815717762846e-04 3.463761558607429507e-04 3.443021227458897306e-04 3.320684382840192453e-04 3.254118861654052759e-04 3.330245130959656871e-04 3.388300031239032967e-04 3.460003742010668961e-04 3.356050176240808476e-04 3.015236640228262464e-04 2.802531129930763230e-04 3.014672399036153437e-04 3.376130026006602552e-04 3.519151698423229934e-04 3.440417530406810354e-04 3.295951565855210976e-04 3.203947915726963291e-04 3.214530361148892641e-04 3.211721099208895503e-04 3.313270325324732101e-04 3.526137791320695103e-04 3.629251447267609022e-04 3.472961519110392796e-04 3.153558950239067869e-04 3.080107382728188557e-04 3.313616950059883760e-04 3.435841067364119408e-04 3.301424080898780365e-04 3.208106097738308614e-04 3.303920582787452098e-04 3.491890450084811750e-04 3.576834005713987207e-04 3.463203557405751857e-04 3.337962841350887487e-04 3.299531707611405964e-04 3.320652307315999363e-04 3.361431426145313601e-04 3.436666988386498844e-04 3.448907067992538220e-04 3.459651475820838679e-04 3.506755021196266385e-04 3.365991162117324374e-04 3.147617793424895677e-04 3.028224863333831875e-04 3.096689114165059910e-04 3.369760615675947255e-04 3.482215383665660750e-04 3.334203158908865443e-04 3.229522356012401712e-04 3.237190901180144863e-04 3.340352374842786576e-04 3.424741871826640096e-04 3.317801212231944038e-04 3.231492460689085276e-04 3.200672294506530817e-04 3.166351948436263745e-04 3.121796575474262243e-04 3.168693455618424920e-04 3.254654999771449059e-04 3.341685273790855819e-04 3.464468662920864423e-04 3.468902770639731444e-04 3.259496145237470669e-04 3.107284823874946651e-04 3.182815616037124387e-04 3.340832148725294843e-04 3.267168698058520258e-04 3.092057701509223159e-04 3.067070598831598215e-04 3.259288315471445784e-04 3.431922887375027419e-04 3.399030867448484612e-04 3.380676253671274409e-04 3.504542256609223918e-04 3.467804898336032410e-04 3.141297382088159215e-04 2.906890468861092610e-04 2.919981356227756156e-04 3.192401724317177076e-04 3.563415720323108785e-04 3.744166617427026550e-04 3.683093448364616182e-04 3.416230305189631622e-04 3.197443810285507861e-04 3.163941626997329249e-04 3.254056113656615115e-04 3.313571171357185567e-04 3.207522732168135342e-04 2.957117970371219459e-04 2.361419890024335933e-04 1.573484209122890981e-04
2.213659951015147041e-04 2.789039668880873859e-04 3.162255505848339662e-04 3.202143887558021613e-04 3.130254171861324066e-04 3.163642189534933251e-04 3.322790176082685162e-04 3.423018916964501186e-04 3.399235055349413871e-04 3.271371957564901418e-04 3.181962254565942312e-04 3.294922710346320977e-04 3.330357552487312562e-04 3.269011065418506385e-04 3.345638672268868349e-04 3.388364280117611444e-04 3.528675708557769096e-04 3.563177152316156704e-04 3.216034185655136874e-04 2.938534056580351106e-04 3.073800055674976361e-04 3.377516920168373467e-04 3.517694400961237549e-04 3.466599083454122631e-04 3.297720306045525155e-04 3.060505776648420528e-04 3.057511310806131002e-04 3.216406958134126830e-04 3.429672163853691612e-04 3.556174432552793984e-04 3.479075315775657668e-04 3.277456709348814919e-04 3.095532292800439074e-04 3.192100738567341524e-04 3.457107143477608437e-04 3.562785986946410293e-04 3.365944872238542623e-04 3.227835405912719857e-04 3.328801047297481192e-04 3.423755745579623653e-04 3.450578942606156042e-04 3.388915609362776974e-04 3.292049479254352366e-04 3.214737805324646876e-04 3.227528350936081317e-04 3.257043606197939116e-04 3.335004051734988392e-04 3.384507390173026624e-04 3.428366262404162492e-04 3.468405726511511141e-04 3.327857630416526419e-04 3.175821167593496485e-04 3.173548069410138438e-04 3.201155021568691944e-04 3.311793168008994462e-04 3.383534277652293300e-04 3.314484277508598269e-04 3.179892053762805107e-04 3.114485422063608408e-04 3.202776161170335818e-04 3.430193556146477721e-04 3.548669918966350454e-04 3.478502349162323798e-04 3.291446571174805650e-04 3.133119432858812994e-04 3.097496060116832232e-04 3.155919285101134626e-04 3.214726457583130890e-04 3.304805671546672723e-04 3.443128896614171199e-04 3.491167896635687020e-04 3.325345826617646461e-04 3.178807975666208055e-04 3.295217465745660487e-04 3.499239978487892508e-04 3.405655140452447686e-04 3.219915968799331616e-04 3.202441127371039053e-04 3.348441532962149634e-04 3.435016977003632664e-04 3.350580477051088007e-04 3.351502233448784953e-04 3.495173620592388532e-04 3.459244043594742390e-04 3.223477100692358948e-04 3.051576901842881044e-04 3.075994529561708150e-04 3.268168125904913780e-04 3.455985373463999269e-04 3.590322456122148798e-04 3.607153444639702648e-04 3.334257768977534186e-04 3.117664318140802573e-04 3.159038354132487521e-04 3.319019830285128720e-04 3.359562964826914725e-04 3.150321984972534939e-04 2.803473102004890114e-04 2.154634824845267174e-04 1.406156016433318017e-04
2.069446139597794763e-04 2.634578183617025497e-04 3.006855104875254866e-04 3.005430688370927224e-04 2.890054392696289739e-04 2.952967289221513844e-04 3.162496180186838098e-04 3.263491593096140867e-04 3.221988205182444885e-04 3.078338808564051558e-04 2.992086499704847951e-04 3.154915106869972397e-04 3.313035017820088702e-04 3.297337061960813444e-04 3.267128923523876733e-04 3.242408837724469338e-04 3.465473842135127313e-04 3.639697550359940244e-04 3.306441055842478886e-04 3.004492516400056497e-04 3.128910917741958104e-04 3.425421164873457443e-04 3.568833746726070722e-04 3.469741127857115448e-04 3.265485688041506085e-04 2.981498354606938934e-04 2.935209250361923072e-04 3.172882267519262518e-04 3.476201469979037944e-04 3.504268832772165949e-04 3.255832260658070277e-04 3.023449425526496628e-04 2.973655619621252814e-04 3.185305515232014859e-04 3.388289974590632104e-04 3.507132779750917850e-04 3.426488763516513246e-04 3.297696582404260803e-04 3.318237541493381090e-04 3.296621255916954525e-04 3.223340132196918012e-04 3.180161717278836078e-04 3.186972290296019800e-04 3.198196967537242103e-04 3.250997343784960830e-04 3.268552589930855232e-04 3.325875009532316615e-04 3.333889845597180421e-04 3.336016541920918755e-04 3.367033820160739849e-04 3.290523733677733643e-04 3.241158205690408125e-04 3.328570371806130685e-04 3.272441945121652446e-04 3.138381200974731306e-04 3.147950794857247350e-04 3.223470035743890576e-04 3.173546275219674920e-04 3.118907534459767214e-04 3.121022070566326643e-04 3.356715589193856055e-04 3.688468757383782837e-04 3.718450651084934003e-04 3.455233642384130093e-04 3.205404460870738730e-04 3.143874609755078846e-04 3.212301265248618623e-04 3.276104896818914872e-04 3.333521782905925516e-04 3.372172880973129403e-04 3.407578334099378671e-04 3.390919854926010679e-04 3.273563416144142750e-04 3.324588626379155207e-04 3.548013901389986558e-04 3.531257652675669038e-04 3.342219863408840740e-04 3.298004715059705454e-04 3.389782305650355758e-04 3.427116692848791377e-04 3.303485673225093938e-04 3.303165714246441339e-04 3.464316661879480856e-04 3.443519007113080119e-04 3.388434641445463324e-04 3.340823391585121785e-04 3.312183139642933512e-04 3.347793296264513522e-04 3.330441774694273965e-04 3.371895557920319723e-04 3.397928060314286697e-04 3.181933177724832751e-04 3.077861336809227738e-04 3.182752453333905635e-04 3.344270263465571940e-04 3.383018909705789437e-04 3.208616356790479503e-04 2.892804757126459739e-04 2.237674790885514783e-04 1.510968560680446635e-04
2.053782977041531971e-04 2.714336561267135226e-04 3.110321956268132914e-04 3.060095031367362031e-04 2.903261311987546988e-04 3.008967010703847292e-04 3.268325778414676993e-04 3.314061410450389478e-04 3.243965506755031513e-04 3.144765015251195592e-04 3.089872679925355402e-04 3.192183004088681563e-04 3.329809856481157244e-04 3.329170500479039833e-04 3.223685209856044440e-04 3.166605024937299692e-04 3.353290181927692185e-04 3.487443811329669907e-04 3.191369098617649527e-04 3.019938526590186609e-04 3.248133609608859864e-04 3.501134781936220564e-04 3.530891594741577362e-04 3.393705082200309175e-04 3.306554283054857074e-04 3.160201023260094007e-04 3.083720333908778529e-04 3.229802328576947702e-04 3.471801466659235396e-04 3.415728478568233256e-04 3.184388828165211557e-04 3.029055067247754356e-04 2.946265807307176183e-04 3.041327156037668166e-04 3.134796901870137947e-04 3.277039258366459449e-04 3.391413309465021340e-04 3.328009894008391017e-04 3.243839975264204345e-04 3.188129755229516128e-04 3.176346742040285043e-04 3.269233186027611579e-04 3.347483485267685357e-04 3.316642329314583703e-04 3.290649952635120185e-04 3.283383050876889577e-04 3.326719396617887955e-04 3.302160444658062922e-04 3.271044075613851847e-04 3.299846783531466213e-04 3.285616499617197541e-04 3.259495480004338417e-04 3.307863296675569390e-04 3.253377731162318738e-04 3.118882114814843084e-04 3.134538117879753782e-04 3.256757071897742849e-04 3.263440031873940383e-04 3.218710294975090855e-04 3.093394567523214040e-04 3.145074706125194431e-04 3.465873646092269052e-04 3.668094242879465778e-04 3.506046516358163985e-04 3.190333747789636477e-04 3.097006037178741335e-04 3.266733506066597879e-04 3.427252290539647018e-04 3.466170981621159329e-04 3.345774815878855288e-04 3.253714361603839318e-04 3.346831413749669164e-04 3.353198258843979179e-04 3.337138381038740834e-04 3.474090036826264359e-04 3.466513785601785507e-04 3.277452110132741828e-04 3.218860002283082181e-04 3.323775196946469283e-04 3.435366481873512040e-04 3.399031319330776506e-04 3.424846126140643991e-04 3.506488417901261652e-04 3.381113419146003539e-04 3.355063049449185557e-04 3.474806888032488136e-04 3.527253322712736684e-04 3.469644150351537128e-04 3.274435601415175492e-04 3.177236493332714039e-04 3.178172459981410975e-04 3.125832067471321220e-04 3.185627637998632452e-04 3.338485519110238604e-04 3.498926164540412187e-04 3.556073500403674316e-04 3.443774985621397464e-04 3.180973660567481599e-04 2.516546742523150318e-04 1.740686819646679925e-04
2.094853414985674116e-04 2.880937433898941922e-04 3.260049806113219251e-04 3.169055994159870361e-04 3.086590922007434326e-04 3.240648206940169697e-04 3.460713250433225400e-04 3.457537150926503718e-04 3.396832052874206552e-04 3.340691743031805479e-04 3.272291306260615698e-04 3.271132469230087023e-04 3.324409586496505833e-04 3.309980280228934585e-04 3.218848015212026907e-04 3.238538215388942366e-04 3.381019821018402217e-04 3.381023847824334103e-04 3.093806353063062562e-04 3.051484115748846196e-04 3.359509909500272835e-04 3.568318481761957269e-04 3.442257245495978146e-04 3.229311133580892884e-04 3.277841084828677807e-04 3.313173473498103451e-04 3.301225862608247932e-04 3.465891653866898150e-04 3.623016961966013310e-04 3.421838523718916830e-04 3.209380898825608085e-04 3.192115565505678561e-04 3.162639683917321505e-04 3.184857580873539295e-04 3.148076342065506215e-04 3.189616088938555674e-04 3.339905475588185371e-04 3.294892920215589278e-04 3.087127085618587038e-04 3.041916988889930532e-04 3.266493070903058035e-04 3.564927227547882299e-04 3.631041620069356429e-04 3.439362768864541757e-04 3.293444735824471530e-04 3.290445786806184682e-04 3.355044807146454226e-04 3.342170943720549183e-04 3.310010931153074408e-04 3.307511847488823218e-04 3.299681678591262664e-04 3.321762924758840598e-04 3.350839581417904261e-04 3.267498746314256462e-04 3.260797542786108227e-04 3.363698383956594202e-04 3.458884596139591211e-04 3.479052716284280534e-04 3.333750836913011348e-04 3.000072834831424805e-04 2.886968498917642399e-04 3.186060739968914375e-04 3.517546235315327421e-04 3.429518611320027583e-04 3.096339422763729442e-04 3.021203103342409583e-04 3.281436544047670618e-04 3.560275097048297465e-04 3.649627309126735725e-04 3.440140143271528707e-04 3.166374303132142446e-04 3.191659540141724002e-04 3.340878512599084848e-04 3.370017093432185707e-04 3.356083769957999641e-04 3.262917061989285827e-04 3.163947258147852340e-04 3.165046489576760127e-04 3.220953106568776080e-04 3.341451263430980862e-04 3.427333217222247748e-04 3.480714407341851859e-04 3.468806423327021500e-04 3.272743249557899352e-04 3.117900239368591084e-04 3.210413961445786660e-04 3.404333688927350552e-04 3.518732542133532187e-04 3.354041994614822999e-04 3.174851763870864150e-04 3.158451323257498947e-04 3.192586953172547263e-04 3.224383713910926623e-04 3.323399580762896534e-04 3.555752069790160761e-04 3.684776835085125683e-04 3.596454833205277139e-04 3.344916855133075973e-04 2.663982787359375900e-04 1.807213649307463812e-04
2.105402762012554977e-04 2.920491329735610446e-04 3.281953606438307554e-04 3.177615914838105614e-04 3.171298495440970497e-04 3.388486022467693736e-04 3.592726837248644842e-04 3.556126571128074144e-04 3.480135343897484794e-04 3.434989021640926952e-04 3.361167038227429443e-04 3.328418574807528053e-04 3.331321088449020395e-04 3.276049655457725159e-04 3.212203054743023654e-04 3.307825107906864999e-04 3.378722688784528347e-04 3.252611762522087118e-04 3.008711878372636195e-04 3.058441898853406270e-04 3.398711319861420126e-04 3.629239837509030259e-04 3.484450760250737845e-04 3.175668934589796809e-04 3.144027482111651467e-04 3.235271570851694107e-04 3.363784419247060550e-04 3.637154775349646656e-04 3.779291141051189552e-04 3.512379023285791633e-04 3.238439260034484363e-04 3.294620814614654869e-04 3.460375172842547042e-04 3.611657794541920426e-04 3.493514976430242515e-04 3.293403349533912099e-04 3.296062970408802570e-04 3.290015261196685458e-04 3.088890978653455101e-04 3.052982996106394292e-04 3.372103036975760987e-04 3.685382572935462378e-04 3.659039595197047896e-04 3.405315543788277116e-04 3.283683592766125812e-04 3.294495459790554737e-04 3.341318181560818269e-04 3.318155961764124437e-04 3.311726984409864359e-04 3.361343755714191021e-04 3.395579225042090780e-04 3.440867744973779728e-04 3.444449791777519669e-04 3.286706040564067103e-04 3.288357222399411169e-04 3.451327503647867462e-04 3.621926500994845574e-04 3.746835804929830047e-04 3.565373971423235083e-04 3.101737835885531609e-04 2.907161272211626949e-04 3.137096419615196564e-04 3.395577411263429012e-04 3.299123979458244271e-04 3.070095777830215283e-04 3.100574196128234135e-04 3.303211300255320731e-04 3.516510008819318683e-04 3.651933805715159090e-04 3.565743966725509447e-04 3.270642657683942283e-04 3.148224482697405298e-04 3.319319402335128366e-04 3.366241266043864199e-04 3.224796671339341149e-04 3.104275850770402568e-04 3.107618087915727250e-04 3.121460922303580243e-04 3.152460048392349530e-04 3.294951927084965827e-04 3.387965462094777534e-04 3.331047615343378423e-04 3.231538719519137359e-04 3.121478956824745641e-04 2.979769091786877745e-04 2.995716687476668847e-04 3.170811102380171015e-04 3.405659231302122754e-04 3.372035522242523863e-04 3.231782380729994399e-04 3.229062813800382759e-04 3.224340762448545290e-04 3.171862605200964982e-04 3.226740814387934336e-04 3.420500325079484745e-04 3.487027309923115999e-04 3.462403798423030563e-04 3.352815154104662500e-04 2.742880914782635767e-04 1.842363717910992663e-04
2.036989254916433511e-04 2.838156990390425585e-04 3.242979800011916089e-04 3.202438414365112911e-04 3.225987356593515280e-04 3.428955277826560826e-04 3.569316984183107085e-04 3.465783148134469593e-04 3.345228086874083994e-04 3.333581458951674365e-04 3.367874265821149682e-04 3.438242299561612161e-04 3.434086940204168900e-04 3.299595463170332276e-04 3.204989104294370334e-04 3.236854261219881609e-04 3.227432178992876532e-04 3.118711007880605379e-04 2.959768830229258163e-04 2.999484280284710333e-04 3.279858697204705398e-04 3.478811208291105773e-04 3.393201850153809967e-04 3.099067130955476010e-04 2.960082508448020179e-04 3.049232183928344371e-04 3.243335902553299644e-04 3.514145374344179121e-04 3.662934015035509581e-04 3.503181286433347703e-04 3.291579021425112541e-04 3.367169128406601909e-04 3.533985805007778657e-04 3.654762176054538879e-04 3.576919326087831018e-04 3.310683053656049901e-04 3.181400714033953084e-04 3.251472911798635552e-04 3.233773360988870748e-04 3.234561204873775226e-04 3.405449076799194237e-04 3.516052253236441345e-04 3.440513320978816412e-04 3.285597970693118893e-04 3.244688212138371235e-04 3.282023491933483222e-04 3.332995390873424286e-04 3.316341393641555543e-04 3.344161978239907273e-04 3.407899303683767193e-04 3.381020076301369292e-04 3.356063768171577296e-04 3.323437100325952456e-04 3.174337195038712993e-04 3.119834525442859510e-04 3.266268487584569088e-04 3.508007077579098579e-04 3.643609725958183235e-04 3.530486987853019326e-04 3.240319399972578897e-04 3.154556647590999472e-04 3.313995900928485162e-04 3.381040905112265389e-04 3.267587227563548374e-04 3.238037201707543063e-04 3.364423358027872715e-04 3.382655554149462140e-04 3.327723701525967838e-04 3.393796630912167592e-04 3.477030277958567499e-04 3.323779183125836556e-04 3.141240297788878413e-04 3.224915791697725246e-04 3.265079525746058609e-04 3.136428577651200443e-04 3.104795999029586417e-04 3.170338609892463548e-04 3.175821614732415258e-04 3.259123543210896458e-04 3.415775133511103449e-04 3.472884852819773218e-04 3.349789263787292509e-04 3.124345625216078505e-04 3.047034730026551910e-04 3.043928717074819226e-04 3.091155987345779732e-04 3.137203150948274797e-04 3.317186295628870088e-04 3.414541825011189677e-04 3.371707670419710895e-04 3.383966980132076491e-04 3.355199690480478031e-04 3.322006467827563108e-04 3.348225565862384973e-04 3.358120011016156549e-04 3.269212353142863224e-04 3.230312959794480812e-04 3.182891363856790376e-04 2.666055537159406656e-04 1.860981623333817013e-04
2.021044853173237514e-04 2.733194361185823317e-04 3.144416156993556965e-04 3.227530694209770012e-04 3.310817050304172907e-04 3.422106027495971600e-04 3.400903698672299745e-04 3.223287039614344818e-04 3.096084901396932171e-04 3.173748359813410511e-04 3.347029385738361455e-04 3.428613425473514553e-04 3.361112254712011116e-04 3.248985052116530083e-04 3.185788536796568295e-04 3.152801473327196771e-04 3.174409088321812752e-04 3.203647331551165434e-04 3.128952294546470062e-04 3.083649247644476804e-04 3.181215915125251443e-04 3.249810195055540842e-04 3.227250236422763395e-04 3.059870026849860459e-04 2.923527941505451927e-04 2.986767008682909190e-04 3.129331375480588198e-04 3.297515711195759831e-04 3.389925605865260210e-04 3.343038679625216130e-04 3.278977506352158855e-04 3.326146163750860188e-04 3.335726925204558269e-04 3.324538050232350543e-04 3.387668290577277447e-04 3.288574903051286365e-04 3.085439883430102876e-04 3.078693254285596453e-04 3.170894641925647568e-04 3.292690859608870440e-04 3.423121774168073721e-04 3.383454310880136887e-04 3.293743901416488129e-04 3.204369564649469640e-04 3.118045422563177002e-04 3.168799530312383988e-04 3.346755009605492919e-04 3.384496252926043683e-04 3.323803101718048655e-04 3.258769720469788331e-04 3.165673042314821493e-04 3.166651963131895996e-04 3.199336274237419772e-04 3.186483986861374782e-04 3.171342280814779153e-04 3.250692268741383869e-04 3.344553019193259613e-04 3.304987239312794306e-04 3.295471689705502466e-04 3.272509145002290283e-04 3.337138010510353131e-04 3.479868992559311111e-04 3.461658128783929103e-04 3.422257462144279606e-04 3.499631204211475647e-04 3.548443310424500099e-04 3.391912637462591250e-04 3.168284543450040121e-04 3.145408970774632917e-04 3.263372308212926379e-04 3.221943224240849746e-04 3.096175434864434448e-04 3.121299894831202964e-04 3.196039304438591218e-04 3.185669190908217317e-04 3.236966575346489610e-04 3.332497062459522166e-04 3.419553068891817795e-04 3.501568867179125424e-04 3.489245364178712445e-04 3.493685716503532133e-04 3.486620937258418833e-04 3.244071922961140630e-04 3.065346691904391897e-04 3.066012293265399499e-04 3.119529775956754155e-04 3.112655904945659186e-04 3.285137944215639635e-04 3.538769021188445624e-04 3.575447917566616481e-04 3.563199193986996572e-04 3.542931179160507208e-04 3.542857653309767346e-04 3.509294985694445595e-04 3.358363949281206436e-04 3.218005084087326639e-04 3.141130519126081430e-04 2.996306970536876139e-04 2.429178992040277986e-04 1.689853510763107323e-04
1.998549610809270422e-04 2.652605134603289606e-04 3.106132127532966990e-04 3.302543756233736454e-04 3.430791602142837745e-04 3.450442629611613350e-04 3.281815665936487695e-04 3.063629503180483396e-04 2.974972858385780414e-04 3.134309325113848006e-04 3.334671296918484580e-04 3.314581528396032479e-04 3.179610788624098890e-04 3.169757802625530752e-04 3.231414946331659030e-04 3.256872370462619197e-04 3.327944918435475781e-04 3.425737174697907604e-04 3.405238644674942437e-04 3.302840118119379541e-04 3.216999910497172241e-04 3.163835029175984586e-04 3.208641924935518833e-04 3.195262347137466379e-04 3.104916011984422452e-04 3.103302225261526069e-04 3.150126261152245933e-04 3.201871463878221006e-04 3.225535153183041416e-04 3.240101267043380036e-04 3.266379590273052252e-04 3.278026135805995537e-04 3.203696452691813306e-04 3.164854959377106877e-04 3.332808924208743753e-04 3.410351834970290442e-04 3.269744662302524882e-04 3.171665035612755961e-04 3.137522344872137586e-04 3.268470997088370627e-04 3.438024466889376147e-04 3.398595606006502923e-04 3.403277486017835586e-04 3.376146736781024762e-04 3.169655808260114717e-04 3.144452502604869236e-04 3.387247319911803342e-04 3.470189509540715003e-04 3.318306748136085017e-04 3.132138450632674211e-04 3.065990835077317183e-04 3.144012164136729122e-04 3.241540555419011567e-04 3.361171360518930935e-04 3.427316048636073163e-04 3.518880228129217069e-04 3.470248178122608673e-04 3.203148051592507781e-04 3.136572311032809440e-04 3.186637660961547840e-04 3.257847185617716856e-04 3.346964706679686789e-04 3.386787539109993562e-04 3.497703976895955632e-04 3.564882594040997285e-04 3.460622660854153739e-04 3.282224145378303073e-04 3.152873148499268701e-04 3.082770318548939156e-04 3.134008752100631966e-04 3.162106667246017801e-04 3.124853525338474247e-04 3.130929611423607993e-04 3.212702572215215538e-04 3.300805555604735585e-04 3.389708887206464068e-04 3.447924805080081808e-04 3.567469454184799557e-04 3.641084138009243300e-04 3.499366992578749835e-04 3.391429350645215396e-04 3.411885044278819244e-04 3.337129662535400767e-04 3.280497771536799675e-04 3.273995940810064216e-04 3.210051422790987882e-04 3.117994918757781460e-04 3.209683756553969062e-04 3.493137887448671298e-04 3.619260317548993189e-04 3.606842703595837920e-04 3.596592349972220601e-04 3.587477036813853772e-04 3.478689575651407163e-04 3.266152301501903986e-04 3.154204387507512919e-04 3.076759556109697337e-04 2.900297778074734014e-04 2.284112906339434311e-04 1.482550207362957602e-04
1.860781615865662333e-04 2.552858252247852677e-04 3.112369326294553797e-04 3.334557308618734880e-04 3.448130618145650974e-04 3.480463031963547632e-04 3.320614311959581484e-04 3.112922403700863708e-04 3.052360912111905808e-04 3.176390519520266506e-04 3.290505187789209197e-04 3.264906962682720144e-04 3.140803177225123094e-04 3.154765614901598953e-04 3.305911639007337848e-04 3.415248443077470398e-04 3.468696605735704279e-04 3.554984423731806118e-04 3.571820802400940795e-04 3.459983921145194869e-04 3.304760002267674015e-04 3.238509234358864439e-04 3.313835618131603738e-04 3.364474193016442675e-04 3.365746842851382844e-04 3.380798221814662738e-04 3.343816024692287166e-04 3.300180047225009924e-04 3.307772305330178948e-04 3.296501108938118367e-04 3.285960886810613104e-04 3.309084176036245157e-04 3.221605676574383539e-04 3.165380258772631118e-04 3.338516032882843723e-04 3.473141020477535368e-04 3.475277539793110958e-04 3.426709094713475132e-04 3.228295134855140459e-04 3.219635236042779169e-04 3.350715003951487561e-04 3.364628638285681837e-04 3.505831857900721434e-04 3.572316229794443533e-04 3.333901101652027841e-04 3.176843503645892727e-04 3.278566350148506663e-04 3.360814723008211840e-04 3.295195908833383120e-04 3.143754361210851934e-04 3.085640280089852090e-04 3.100708543448932970e-04 3.160899252772513858e-04 3.329736241277263600e-04 3.465942729839152398e-04 3.639067267104855114e-04 3.601126788175509409e-04 3.266999415182129593e-04 3.077787121022647213e-04 3.083435148338534854e-04 3.133255998325260288e-04 3.185649748097190781e-04 3.267786139778860099e-04 3.422821589120820748e-04 3.496467296377866107e-04 3.378878738644391835e-04 3.236692363973844226e-04 3.204210489303409943e-04 3.199670328515584906e-04 3.267319761314937498e-04 3.298269414107149770e-04 3.255772645568000409e-04 3.213813705212034862e-04 3.201987401806565122e-04 3.266461056399885539e-04 3.418239818614375288e-04 3.466433765513706453e-04 3.444163521467956141e-04 3.460601382676248110e-04 3.405655520512609088e-04 3.336082016006820523e-04 3.381100144527286462e-04 3.481596310478374777e-04 3.561599195775644756e-04 3.528270223946390421e-04 3.388767969446350664e-04 3.238185835517894866e-04 3.206744387496922441e-04 3.407147257691620990e-04 3.602141175562846706e-04 3.561025505329327859e-04 3.462862945365420856e-04 3.411037467850708380e-04 3.298507324612026605e-04 3.170446959168834143e-04 3.135626899877440006e-04 3.048787211097912005e-04 2.923130061557013197e-04 2.374546487853025341e-04 1.524861978936276627e-04
1.899801798185366821e-04 2.599782986451617791e-04 3.134050662028991727e-04 3.277115990486295020e-04 3.373719441449831618e-04 3.483444515559586379e-04 3.439781785104634561e-04 3.307540936244629439e-04 3.261609946246333408e-04 3.310914442763253016e-04 3.335600306056583052e-04 3.392020184508681485e-04 3.318263781475383110e-04 3.220263624423535783e-04 3.259007258947645516e-04 3.371317910550288358e-04 3.453425750743180822e-04 3.540647492380304129e-04 3.551497197500625260e-04 3.432638345061547812e-04 3.293735688182303570e-04 3.327714311462782277e-04 3.441425636121769752e-04 3.423611005622135151e-04 3.405443247405401472e-04 3.470927663764734753e-04 3.462600300359769965e-04 3.437898364687504366e-04 3.421218796985088886e-04 3.276749464690898632e-04 3.173221011952736051e-04 3.255200395000921489e-04 3.279873849099906153e-04 3.241097548995748676e-04 3.265672034184149714e-04 3.290604509933273158e-04 3.361790323073489428e-04 3.439855808436261203e-04 3.311159502325080662e-04 3.249518502410465946e-04 3.265636956218844053e-04 3.237587019741889542e-04 3.337710374680730912e-04 3.418537394293411427e-04 3.300934185857555742e-04 3.137346046609686763e-04 3.127538440932592975e-04 3.278229690475579832e-04 3.381709623693329291e-04 3.332827415570777455e-04 3.259678361998590620e-04 3.172063151119333441e-04 3.128716926376891132e-04 3.236216704354643713e-04 3.352749178986375121e-04 3.472590147618767695e-04 3.467958013737417822e-04 3.292865957664296026e-04 3.139716287809305004e-04 3.152105428165847710e-04 3.252693489436404677e-04 3.257792442845523296e-04 3.244705105294106188e-04 3.364372808965025957e-04 3.500467342973944979e-04 3.505276231917852856e-04 3.355679145581253516e-04 3.196504667689330659e-04 3.224702811037758301e-04 3.393802622268964671e-04 3.462439597761325779e-04 3.478628965544218465e-04 3.444906071328721650e-04 3.241675886992492761e-04 3.083530863177389066e-04 3.218962961609241904e-04 3.327716690949254503e-04 3.218346523430345258e-04 3.175153901520964871e-04 3.206973313518197304e-04 3.244782621147599159e-04 3.386106710896377302e-04 3.484975228769603378e-04 3.455941121817939768e-04 3.357804321731499555e-04 3.311611572052573392e-04 3.313585831388347132e-04 3.319258410447254587e-04 3.415005738143698870e-04 3.512682757292257050e-04 3.385970908837379785e-04 3.220354049729059337e-04 3.201672387609312727e-04 3.175879514793626722e-04 3.171460284356150574e-04 3.264416434345958741e-04 3.278764018676521143e-04 3.216165016997535645e-04 2.678841774744471649e-04 1.783613227906901007e-04
2.088582814977376343e-04 2.755730348186597139e-04 3.168906863824019890e-04 3.262743941156373020e-04 3.397957525783179642e-04 3.518340156424550297e-04 3.549249426951542026e-04 3.506875860875762830e-04 3.417210576900195536e-04 3.396796771543885091e-04 3.442387828523466617e-04 3.574182103175992456e-04 3.497960718058081356e-04 3.261665366699718839e-04 3.124491268872829782e-04 3.154659398949067120e-04 3.249311048581068808e-04 3.316780381393568712e-04 3.322443880577681963e-04 3.268418687861128990e-04 3.176037349665143672e-04 3.235635202182631258e-04 3.369147952286895460e-04 3.336852601121695567e-04 3.262429401862623106e-04 3.306467213416365201e-04 3.387310269026502394e-04 3.517758153762364989e-04 3.502057709583297545e-04 3.269774502889204052e-04 3.135259007289888902e-04 3.206264440463808991e-04 3.322994732213644222e-04 3.351371797880757573e-04 3.258765784022963903e-04 3.184583478004764947e-04 3.239127334078664320e-04 3.390093852442461510e-04 3.440190678447678767e-04 3.404854579933554431e-04 3.273150567020439994e-04 3.114194997797153962e-04 3.124664532026946240e-04 3.258244768343628505e-04 3.262052106663688826e-04 3.119232708580529207e-04 3.081089484879045623e-04 3.307174033477072424e-04 3.521466382366651368e-04 3.547622183247973711e-04 3.495332061640913485e-04 3.392399680983528617e-04 3.275190268134987610e-04 3.265541129549343101e-04 3.264357607163637359e-04 3.276290451231790276e-04 3.322425052987565668e-04 3.340265010709813276e-04 3.281053525678574809e-04 3.255525219953556886e-04 3.323748671409272864e-04 3.295626197766386885e-04 3.261139489022903473e-04 3.377190978142532757e-04 3.553785583455795131e-04 3.615038304424998661e-04 3.407394562257998194e-04 3.096297521248182229e-04 3.031242103382854108e-04 3.224259449877908083e-04 3.437342723511807238e-04 3.619852565175403882e-04 3.621882605420051753e-04 3.307860812996288270e-04 3.030320519380997712e-04 3.104881741825046685e-04 3.229287743324008204e-04 3.173864420470942551e-04 3.125471638200728918e-04 3.101956059374284683e-04 3.152357129920002653e-04 3.362931215600424551e-04 3.417946124170178420e-04 3.282690624278067500e-04 3.143691366460364439e-04 3.125551360672448246e-04 3.247433739054704461e-04 3.340800029991668326e-04 3.375710319224768663e-04 3.368894407316233358e-04 3.220277954217988601e-04 3.105073756263727934e-04 3.133565838829413313e-04 3.171153257034685109e-04 3.224181796790455022e-04 3.366072805122394653e-04 3.467045658245107055e-04 3.423852762635071971e-04 2.872199561501134735e-04 1.987549450622616988e-04
2.135254358554461896e-04 2.808885584663966335e-04 3.136496072830035524e-04 3.163057385791278849e-04 3.278799831523923386e-04 3.352012266654318985e-04 3.411974447115034142e-04 3.492952804087740633e-04 3.432445380498349197e-04 3.373743044063544924e-04 3.413950766708265683e-04 3.494052417418443222e-04 3.388534922384083621e-04 3.152429056213417813e-04 3.046684334845609814e-04 3.107820522436367241e-04 3.138282267228116314e-04 3.079079576514447483e-04 3.134222552517670923e-04 3.278608626161233562e-04 3.254715946589439141e-04 3.214987122845109182e-04 3.260356228502539217e-04 3.263691837315059398e-04 3.194293673906466397e-04 3.159563499135697399e-04 3.299039018697175131e-04 3.542605150832921126e-04 3.500283226891350193e-04 3.294139818336338978e-04 3.240062064399661969e-04 3.264342032486392854e-04 3.283438969920267000e-04 3.286897941593029996e-04 3.256630249125788516e-04 3.262663974616082999e-04 3.254097263873437489e-04 3.313415505517732494e-04 3.414158221437949611e-04 3.423891696397657943e-04 3.299840575100636232e-04 3.138152537345900370e-04 3.181105568632376255e-04 3.366840964361477676e-04 3.304809119753897035e-04 3.121278409934699475e-04 3.064186564329699717e-04 3.227460698198791021e-04 3.451535506988033519e-04 3.626427097178637851e-04 3.740577474101682205e-04 3.645160524509124872e-04 3.449304679456196643e-04 3.324459340674193377e-04 3.225244837972458941e-04 3.228009871635910909e-04 3.343807939345809000e-04 3.411788135344791272e-04 3.342503209125809258e-04 3.262427877529838543e-04 3.271011635190823868e-04 3.247847793863303757e-04 3.270895951659365795e-04 3.399562520981371612e-04 3.557022948692896880e-04 3.516107487803244499e-04 3.237137120327691128e-04 2.955198210501157547e-04 2.927251179291100809e-04 3.145602933346285839e-04 3.359791327730076251e-04 3.491037506158863090e-04 3.489098318662918908e-04 3.337339148191153290e-04 3.243537504551389930e-04 3.338380968317808590e-04 3.394473899140442938e-04 3.314228214499705984e-04 3.247361928919588101e-04 3.165261310591351409e-04 3.205207692804582648e-04 3.405316641371748708e-04 3.448056908686164415e-04 3.365039323672786931e-04 3.290570852311531938e-04 3.198308782329841175e-04 3.224827521925213974e-04 3.241934578179340260e-04 3.227395696648754399e-04 3.292444761071192452e-04 3.243384500806385817e-04 3.183313315404185306e-04 3.208577022657849338e-04 3.276269745568661119e-04 3.307495877602152547e-04 3.317308025127328861e-04 3.336763035564887375e-04 3.283802452350694174e-04 2.772543411232344761e-04 1.955881257569646410e-04
2.059403458391189767e-04 2.773220559185430017e-04 3.099050993910997020e-04 3.068483094679435403e-04 3.109492889374502805e-04 3.093665800130371572e-04 3.131488343764914735e-04 3.341591195810548532e-04 3.420364337317195291e-04 3.369777502133179236e-04 3.298980321379310068e-04 3.241960275870211117e-04 3.162378398221577002e-04 3.047751275053954783e-04 3.113198984817392096e-04 3.322402551378837244e-04 3.319892273720261369e-04 3.092292225312594277e-04 3.104957544408011062e-04 3.385662636972119584e-04 3.442306203684505688e-04 3.389853159638282157e-04 3.407463658646737417e-04 3.409379641569189410e-04 3.250220491058375665e-04 3.066159463918834713e-04 3.188884253967804372e-04 3.432818768772609832e-04 3.375952794897382064e-04 3.310879922901315020e-04 3.428925035237768417e-04 3.454344115629047821e-04 3.354331188336736940e-04 3.284370349351288998e-04 3.337429476027445807e-04 3.451341171531977121e-04 3.380194250590133273e-04 3.264925355374858349e-04 3.257988188822102775e-04 3.278904542025598470e-04 3.277533762565197194e-04 3.248100437067799780e-04 3.409988542363064372e-04 3.603396652869148530e-04 3.399537945679351452e-04 3.166716676129143642e-04 3.114078955232617014e-04 3.163130689385948826e-04 3.287109762019562549e-04 3.525781052448822379e-04 3.752221481856074276e-04 3.673292613119333067e-04 3.509276566537394230e-04 3.379007432910968852e-04 3.258868686557672744e-04 3.258228701549920319e-04 3.389197604422071138e-04 3.468186210161760229e-04 3.387591616600329082e-04 3.299397518396785271e-04 3.231120092196601025e-04 3.165343840096934442e-04 3.218382639169782957e-04 3.381872660399019067e-04 3.514707425164276776e-04 3.365321257956331970e-04 3.099618368320587085e-04 2.968333471527681566e-04 3.048964570756438025e-04 3.234064682642634513e-04 3.266485664489542236e-04 3.226209775943451267e-04 3.264811252501150689e-04 3.402404591858481536e-04 3.497933298255187745e-04 3.568571011009283853e-04 3.560360427269699700e-04 3.472161496586539768e-04 3.456941484807095669e-04 3.417717765081601175e-04 3.399413727145370392e-04 3.451252900497234427e-04 3.415871598763635256e-04 3.390050198646985067e-04 3.445899941688274656e-04 3.381319958033938240e-04 3.289444265847947914e-04 3.170031541303061206e-04 3.127483534302788666e-04 3.272573310759917232e-04 3.340830757765888811e-04 3.347175365049830185e-04 3.395359950670816512e-04 3.438799779077250174e-04 3.361557116979242091e-04 3.230946558800869024e-04 3.152060511729664217e-04 3.054684138620628216e-04 2.581557673377889422e-04 1.838667618883438955e-04
1.917143801118525851e-04 2.694533449947754877e-04 3.094673612952520271e-04 3.099971883636047231e-04 3.144791190990932133e-04 3.087449799888069115e-04 3.064752931566427962e-04 3.270777677660012734e-04 3.392559840113310802e-04 3.326829830645577609e-04 3.217187493180275739e-04 3.146458251316807623e-04 3.090785320848692857e-04 3.024467351994191366e-04 3.199818496509144019e-04 3.568058834678896349e-04 3.668078640023703812e-04 3.353564721506034781e-04 3.189986180673485736e-04 3.402731302285027723e-04 3.451639246491732026e-04 3.397381854028536791e-04 3.453228504791603076e-04 3.486263530224995716e-04 3.296026058291420813e-04 3.043915139654340078e-04 3.120880954917954310e-04 3.334234377079093150e-04 3.282981441013930698e-04 3.281027773191422508e-04 3.462640729042069129e-04 3.495901500570618744e-04 3.408851265978497976e-04 3.371914289796337479e-04 3.462746595236292167e-04 3.576457363283226101e-04 3.468553001457864516e-04 3.309578397841279754e-04 3.256613315274784685e-04 3.241823697330763567e-04 3.259356917967904960e-04 3.300576319464487577e-04 3.499785335716975969e-04 3.661157424041765196e-04 3.445212382633239235e-04 3.218629436731675108e-04 3.171694296659523520e-04 3.162882932480356817e-04 3.177686550248371702e-04 3.309740286496436852e-04 3.425581525363777030e-04 3.383889551886572959e-04 3.400275977693101954e-04 3.342180920342985350e-04 3.182572703896948589e-04 3.128748729987065142e-04 3.286250976317815439e-04 3.483447984762559234e-04 3.471870698116714124e-04 3.378611094306232642e-04 3.216074506505086760e-04 3.084735396468957724e-04 3.146069846559258493e-04 3.310666977623572026e-04 3.368724590812637769e-04 3.225482485788254135e-04 3.133411275041097220e-04 3.200391973627238641e-04 3.280536910480277455e-04 3.296598341785268141e-04 3.179560418882109883e-04 3.101002413519075374e-04 3.212420606731360151e-04 3.494530228809373282e-04 3.598264781432712264e-04 3.550787442676241927e-04 3.495589263688341029e-04 3.535850831995039916e-04 3.663985388322009559e-04 3.652194400146899548e-04 3.539417254747689412e-04 3.487265770141392092e-04 3.384268692816038001e-04 3.264574231037528206e-04 3.301239992216565178e-04 3.375223027243781562e-04 3.341738847292159958e-04 3.177251090230824300e-04 3.112157393984268114e-04 3.230107368307248922e-04 3.356320856141889030e-04 3.414837562221283303e-04 3.472423730166470778e-04 3.518217588310911621e-04 3.434765605476945271e-04 3.315563706769209017e-04 3.160749441482518319e-04 2.931718696583702219e-04 2.450118516059317719e-04 1.769629705805568607e-04
1.791879669264032342e-04 2.651304883210932827e-04 3.159341518770747469e-04 3.218734799496071565e-04 3.292090941560140522e-04 3.290457180366920939e-04 3.248833292000065419e-04 3.345455229185421292e-04 3.376730425313289674e-04 3.278521781995515820e-04 3.250513931180202079e-04 3.308538066669713235e-04 3.269996857104519794e-04 3.152373687049319327e-04 3.244274108733127653e-04 3.566415849773230812e-04 3.740671674283191014e-04 3.490411535135384369e-04 3.242232317807383765e-04 3.294372746019921024e-04 3.255060786143072131e-04 3.168935523093518482e-04 3.221844148517665905e-04 3.311195973259418003e-04 3.310691807250403179e-04 3.212451135027289762e-04 3.272153497229615855e-04 3.398305867267015700e-04 3.295637352505250165e-04 3.184820626180358424e-04 3.264217920095622335e-04 3.327115033763293549e-04 3.347122826574710271e-04 3.374641068250407768e-04 3.405369560274096427e-04 3.450216817591743312e-04 3.414552251798510596e-04 3.396830220829435672e-04 3.410207518408035201e-04 3.378808923296655999e-04 3.309588936402062254e-04 3.300765569959558709e-04 3.427638435012048080e-04 3.498594140582706336e-04 3.393398719026240185e-04 3.323185562298732083e-04 3.295868700457830710e-04 3.209249903373361640e-04 3.141112565431397607e-04 3.207120506418335154e-04 3.223508835276744184e-04 3.202236873092887065e-04 3.305126331134476637e-04 3.243137783008995419e-04 3.017545896762482581e-04 2.920915367876080349e-04 3.081744088825484596e-04 3.314361911719432415e-04 3.368497348787071084e-04 3.398189483996969700e-04 3.340233926191598095e-04 3.172648132617923722e-04 3.135014096143106700e-04 3.204160857218981838e-04 3.209820651386789941e-04 3.229504584561445919e-04 3.318349900618355018e-04 3.399705435706757610e-04 3.373728504218890590e-04 3.317418228260992285e-04 3.254296020622960317e-04 3.236177885120982822e-04 3.315780666069065297e-04 3.450289382189613879e-04 3.394820203497656008e-04 3.267462924907768161e-04 3.235264642058503868e-04 3.386372415360468908e-04 3.591169115184140613e-04 3.602533421964101458e-04 3.485389050163796706e-04 3.436029467960715917e-04 3.381759126677339974e-04 3.261963029536432430e-04 3.268498938403808758e-04 3.398536474022331548e-04 3.393586166225481598e-04 3.213110369326897765e-04 3.072679675703843933e-04 3.075669379914681913e-04 3.132286233602239300e-04 3.194262456899365360e-04 3.300983838979776666e-04 3.406873770561054675e-04 3.408119840717501944e-04 3.329151593974621686e-04 3.154571103369299668e-04 2.917453642638299753e-04 2.459455600510009813e-04 1.758807262764923191e-04
1.734297953888298415e-04 2.611070212839462909e-04 3.220085598583831074e-04 3.342107707340109422e-04 3.389137750495857483e-04 3.400940787220559872e-04 3.371050929068711397e-04 3.453189218420494753e-04 3.429355492604996541e-04 3.261227346824310271e-04 3.263753522308589054e-04 3.470646426133786977e-04 3.581943505731623439e-04 3.451971312587450249e-04 3.307083748872790760e-04 3.373502398700198301e-04 3.500749454911243272e-04 3.361595686683349063e-04 3.207330611975925329e-04 3.214319986680644293e-04 3.121535130767670173e-04 3.004768583795238606e-04 3.024529254496517911e-04 3.132891969760964192e-04 3.290589495631966472e-04 3.370136205751440546e-04 3.439014626714829125e-04 3.500556556695462126e-04 3.405872135510582899e-04 3.165158922411721821e-04 3.050963694892070604e-04 3.125362029976692154e-04 3.257321957820595278e-04 3.339214212768280279e-04 3.301924103669352426e-04 3.255850898909933922e-04 3.284129504046100862e-04 3.368442387156387165e-04 3.451400624693391826e-04 3.493166941885083405e-04 3.377601866217509220e-04 3.288690181991710910e-04 3.360654943852272843e-04 3.378855590186948411e-04 3.383450566500325251e-04 3.438859335266658459e-04 3.389641936226019223e-04 3.219193536377940078e-04 3.135277594764513689e-04 3.273378451117404356e-04 3.309591400152361949e-04 3.256905582452567774e-04 3.314588760552494720e-04 3.271497905986247559e-04 3.145364797224640355e-04 3.099039208337316846e-04 3.134977025206438011e-04 3.155001346618873520e-04 3.209525526944324836e-04 3.449969229450417646e-04 3.529092375205327477e-04 3.296349590549115319e-04 3.130163816093962091e-04 3.150723515073177816e-04 3.206049656935825495e-04 3.343217098110787288e-04 3.469572447321256836e-04 3.418814168421770291e-04 3.272725791222107238e-04 3.267632374408781454e-04 3.347757874926108267e-04 3.355464838988841134e-04 3.307353733161180059e-04 3.206135251460833315e-04 3.059932761824610790e-04 3.015867803098945619e-04 3.089098062736690383e-04 3.241977920483510322e-04 3.346405176069354838e-04 3.383094668650861577e-04 3.374526878383503716e-04 3.339484426964550506e-04 3.334528924818451869e-04 3.330245876899180129e-04 3.391193395557214616e-04 3.504052919183664634e-04 3.480160620706531792e-04 3.337586792965630900e-04 3.160453587179125117e-04 3.073065481080762616e-04 3.040609491351944698e-04 3.075089791301153759e-04 3.190473983579588529e-04 3.277676266780138112e-04 3.325894510590748530e-04 3.262407429706519002e-04 3.145659950373674374e-04 3.015024560018383817e-04 2.547329803345392682e-04 1.774443875182157490e-04
1.824680317726106674e-04 2.621337345858857238e-04 3.209613447862510148e-04 3.360623487522756839e-04 3.406586382247527001e-04 3.375659691417066217e-04 3.298648951328375612e-04 3.388578413438228694e-04 3.356597091923172642e-04 3.143618436745226940e-04 3.180272719114123547e-04 3.510733926259416646e-04 3.753373821893381756e-04 3.591778158208360915e-04 3.264504902087860460e-04 3.165506671372633708e-04 3.246519676872818873e-04 3.178194603350647184e-04 3.157914334202827902e-04 3.242054513493924212e-04 3.192378224100586668e-04 3.085909922680899311e-04 3.068071985243309586e-04 3.178496711062983940e-04 3.382485589428777992e-04 3.489432681892688575e-04 3.485852953752367452e-04 3.479949899674523225e-04 3.447449896366248912e-04 3.203935165175040949e-04 2.949884757687724576e-04 2.997473275951737545e-04 3.252476675358539297e-04 3.407443334888139589e-04 3.339324103776566618e-04 3.201658497408351725e-04 3.194732740276479263e-04 3.287688107428743184e-04 3.356264631391815212e-04 3.400934454452118286e-04 3.338956678755543544e-04 3.269724838970998254e-04 3.306065533861051679e-04 3.375689128934640602e-04 3.497982560677775649e-04 3.558110025087392412e-04 3.433147150794744204e-04 3.229697054842031647e-04 3.187741814602659970e-04 3.386230380903379315e-04 3.486034722345780572e-04 3.377004378794301121e-04 3.327897302103515506e-04 3.319909003760083944e-04 3.350812633760540246e-04 3.399587365774811511e-04 3.297811808489938944e-04 3.113243561659655655e-04 3.152584017894914442e-04 3.405263890976346040e-04 3.439569743585270466e-04 3.288867286795752517e-04 3.252509055487384435e-04 3.349550191473791650e-04 3.370073931862250681e-04 3.361995935278941751e-04 3.403150988331540600e-04 3.325537301347379062e-04 3.206079156631615472e-04 3.242307734089866522e-04 3.330619244174366431e-04 3.308248963734877128e-04 3.157732965959760647e-04 2.980381959397400546e-04 2.954924221354625542e-04 3.073788953829590439e-04 3.179575947621391210e-04 3.252365462916131434e-04 3.241881890300441610e-04 3.302134912163611435e-04 3.373692731549615556e-04 3.295100563830604193e-04 3.223199817295443938e-04 3.232730203746806276e-04 3.271352251310351159e-04 3.340737960377007610e-04 3.417238065532045895e-04 3.463110330790504835e-04 3.388804270889131257e-04 3.333527217334706521e-04 3.282811166496022327e-04 3.227214539432050086e-04 3.233638291233446481e-04 3.272203718820652636e-04 3.316572868801229146e-04 3.261172958406865379e-04 3.193621527263921980e-04 3.057769308390900060e-04 2.461011866683527390e-04 1.660432552076441300e-04
1.872487522758908797e-04 2.523218914175195645e-04 3.024844104032612334e-04 3.257445713960303076e-04 3.412639268247226161e-04 3.396908971086676481e-04 3.263638901929280848e-04 3.297707762893026511e-04 3.248116728082804877e-04 3.090573702719995363e-04 3.202920193362583049e-04 3.568632642896875352e-04 3.776549166402104040e-04 3.526581559815554685e-04 3.148717183667381530e-04 3.016890113724246536e-04 3.074613764781786314e-04 3.159790207183191821e-04 3.293057394145621364e-04 3.362565475202800372e-04 3.280002460810672567e-04 3.201075900338574151e-04 3.167014268522650301e-04 3.278652424794375629e-04 3.453870518640877909e-04 3.500167238741633876e-04 3.425901794010174093e-04 3.358109079339369348e-04 3.389357431965163794e-04 3.315386955035154394e-04 3.121972405694359060e-04 3.115237359595261421e-04 3.345664734785839308e-04 3.490427201382310398e-04 3.417698377529653202e-04 3.262273086213256582e-04 3.219777876217719856e-04 3.325526428889422331e-04 3.334041586268370700e-04 3.233135346190524643e-04 3.180313582794677034e-04 3.113235949032144324e-04 3.100607217823917990e-04 3.264637570169852659e-04 3.472609364943818311e-04 3.550824370139962251e-04 3.430023476107389876e-04 3.270244552011537667e-04 3.308568407047135593e-04 3.477441000816135523e-04 3.575949422251204412e-04 3.433176751431520979e-04 3.302553778164524960e-04 3.271942377664314875e-04 3.307385868000664543e-04 3.390555509507873783e-04 3.306961876302916270e-04 3.144182024928778366e-04 3.171880819581224037e-04 3.233884427360155206e-04 3.173546387637506041e-04 3.213068910336623705e-04 3.404010451711170053e-04 3.609747978889552272e-04 3.591770485052224286e-04 3.401451005307873929e-04 3.269303484644441645e-04 3.169866400802365388e-04 3.160919291702168486e-04 3.220883082596163972e-04 3.246644649447556633e-04 3.245137163539837423e-04 3.167390757339923375e-04 3.097291212398545429e-04 3.187838681645483894e-04 3.317441474864335754e-04 3.295504860309486292e-04 3.215099863879972023e-04 3.167339106594808528e-04 3.295677168490849856e-04 3.407759693372809911e-04 3.306801100147067343e-04 3.157832977990840937e-04 3.112981750837946846e-04 3.110059261605913018e-04 3.121943821297328177e-04 3.225762796119734229e-04 3.333936317977907043e-04 3.353415681115520103e-04 3.458457294939709875e-04 3.501268187224243576e-04 3.302819541191946533e-04 3.131395619645989175e-04 3.206020497013116607e-04 3.298273598514412730e-04 3.280936339775403915e-04 3.270103540572902963e-04 3.095838888857675567e-04 2.378500075764508137e-04 1.529300526541086270e-04
1.906497090248178449e-04 2.442816375904782993e-04 2.887620242419446310e-04 3.225281594585057386e-04 3.506113513280478388e-04 3.506468571772528194e-04 3.296074238753703405e-04 3.254537337496314370e-04 3.221898154384063209e-04 3.164201332871466018e-04 3.294110236920908181e-04 3.520735608240611837e-04 3.555728285107717787e-04 3.312529197992825081e-04 3.081321191945843481e-04 3.025817139231590431e-04 3.070578727791692603e-04 3.244897369553871938e-04 3.412455712658931002e-04 3.397044549315353943e-04 3.288460495400759688e-04 3.241748853050432943e-04 3.210222118022581497e-04 3.263217905117000127e-04 3.323285090513695321e-04 3.352868924982753320e-04 3.358098942402112409e-04 3.347391960898678351e-04 3.400797741776168917e-04 3.420970522046588641e-04 3.354995591540665349e-04 3.313566210029474058e-04 3.343708162170170011e-04 3.397183147181469720e-04 3.349513512783724913e-04 3.211153906399686871e-04 3.218074218768822957e-04 3.381126994894114932e-04 3.383445804605421793e-04 3.243164988311509765e-04 3.175155903281276200e-04 2.997718266487058676e-04 2.908872637593510387e-04 3.097543625806167648e-04 3.286420992022642167e-04 3.378312556118895902e-04 3.359133782187547846e-04 3.345292719265560016e-04 3.454657715944713537e-04 3.527041763093620918e-04 3.594448043376909032e-04 3.507358735392848747e-04 3.341566258680170299e-04 3.250536949902840247e-04 3.229579460112825661e-04 3.304153037429197323e-04 3.380058649066358407e-04 3.349639385615784163e-04 3.287404487613486111e-04 3.147736751060530003e-04 3.072465104080602779e-04 3.157175445728914193e-04 3.308290615600426943e-04 3.518622560544725332e-04 3.597220161778307045e-04 3.448082285210989583e-04 3.247997811120431752e-04 3.117420154886955562e-04 3.120280728200920803e-04 3.149920908195857341e-04 3.186212796226786876e-04 3.248824394936654977e-04 3.336627413807408474e-04 3.440896005998258459e-04 3.495327856553532208e-04 3.466059137364741177e-04 3.310084170194812700e-04 3.173015370827672339e-04 3.200074474040783316e-04 3.419873595249722700e-04 3.511938408677641680e-04 3.361944385701825036e-04 3.184213572675425284e-04 3.135671575181781358e-04 3.192345430430536127e-04 3.211228452280631782e-04 3.213222970222283435e-04 3.197663233325939627e-04 3.195433081485354833e-04 3.334764825870951532e-04 3.419284937978979942e-04 3.219607548517795402e-04 3.048783412613145804e-04 3.185758173375595904e-04 3.339966275125239633e-04 3.374973758841713612e-04 3.401857654628774466e-04 3.252879920315991788e-04 2.524886026083531226e-04 1.585236707563297516e-04
1.926549823661719181e-04 2.403792704696612451e-04 2.825541964977183978e-04 3.228620965546614421e-04 3.620734502883658670e-04 3.642347713746178360e-04 3.352949378164020965e-04 3.215717488739918859e-04 3.175868076777743979e-04 3.181228483574850656e-04 3.313136585787584943e-04 3.390000638330112510e-04 3.244311871828292658e-04 3.061265185040557067e-04 3.028403146263433914e-04 3.142649350717400614e-04 3.280544054373073031e-04 3.399431945934814053e-04 3.378041212709562559e-04 3.299020367119017750e-04 3.301475048435859711e-04 3.294167568441188623e-04 3.271110071180651901e-04 3.240572279668556157e-04 3.132664589092924896e-04 3.117843052623037788e-04 3.187130854133158340e-04 3.291001127360615648e-04 3.357503480278343101e-04 3.376311717928217964e-04 3.425241282822665120e-04 3.374390363937164157e-04 3.223691720693576531e-04 3.229834365515412212e-04 3.249133403636036456e-04 3.131438585447072175e-04 3.190565159740004668e-04 3.343242566039319975e-04 3.337333045868805768e-04 3.330261409579742351e-04 3.332569846633428147e-04 3.135780567920812495e-04 3.055202539707031805e-04 3.204350444544684174e-04 3.306877219518793284e-04 3.340642149428038089e-04 3.352251472784548701e-04 3.405809355200878786e-04 3.453107472922985568e-04 3.409645920740919807e-04 3.472242609465863144e-04 3.417086615031226528e-04 3.188403640249188003e-04 3.136922258032413032e-04 3.198075584810457749e-04 3.250523017236072441e-04 3.390454386512435333e-04 3.409309843459832267e-04 3.284782147841431026e-04 3.130206391509887621e-04 3.138377349285154756e-04 3.185074593102963313e-04 3.183414047892444212e-04 3.291330423662163916e-04 3.385565602014100565e-04 3.360539760266024242e-04 3.300240054797167746e-04 3.269304660463765821e-04 3.240236533750390203e-04 3.172777045510917623e-04 3.181805751357835547e-04 3.232112759447864497e-04 3.359091070827655186e-04 3.540139916054772817e-04 3.560306690323841988e-04 3.490596141029398119e-04 3.337747150256221052e-04 3.195767248829879626e-04 3.251108007541814778e-04 3.510948706152886662e-04 3.633368507995542542e-04 3.483562065775165639e-04 3.336513298179386608e-04 3.305995056304837686e-04 3.391596933987952060e-04 3.440022034395571289e-04 3.381047516764767460e-04 3.266793399550946405e-04 3.164861137492602739e-04 3.169725260731019647e-04 3.213120392165364609e-04 3.140418202817145529e-04 3.117266820222901148e-04 3.227064795310673846e-04 3.327805583187581646e-04 3.407264360852389545e-04 3.501644163075777970e-04 3.455358177881306210e-04 2.773997746408699548e-04 1.752124794467722977e-04
1.961793975229954442e-04 2.470415877344218762e-04 2.877232079865102671e-04 3.216256945685334098e-04 3.570326253186024198e-04 3.626060868725933923e-04 3.378570712955310034e-04 3.204437826732684349e-04 3.123596206882184420e-04 3.179419950822769646e-04 3.354612260020767593e-04 3.397360514420358943e-04 3.208181989909764239e-04 3.034347987839221945e-04 3.050326213965819794e-04 3.258656868647528439e-04 3.506332055485347245e-04 3.578060425691905865e-04 3.424577249748503392e-04 3.339510288965050634e-04 3.377793970754264870e-04 3.369078290649154660e-04 3.385896426447297289e-04 3.293555581904667557e-04 3.047480772049281908e-04 2.941121251563956289e-04 2.973284746627645209e-04 3.164718668137653235e-04 3.317866288964279198e-04 3.355705761287968922e-04 3.432834607933840263e-04 3.333022483076573689e-04 3.091306871010829696e-04 3.070581441275444532e-04 3.178418211491666973e-04 3.224156296795865711e-04 3.317599643813440888e-04 3.323643873674473411e-04 3.250943127965596514e-04 3.303913390537965150e-04 3.344779298654045269e-04 3.294462033015791336e-04 3.337780382431214127e-04 3.411410543460080460e-04 3.384512718715415309e-04 3.296467750118884949e-04 3.230815203900138689e-04 3.274530136421935052e-04 3.266957565784428009e-04 3.191308852825608432e-04 3.233352816721162481e-04 3.144434418333760632e-04 2.938519513738547259e-04 3.022170304059990315e-04 3.209665566826799907e-04 3.272118416655747414e-04 3.331850219509299000e-04 3.235545984607690996e-04 3.078289395057124387e-04 3.045391888690052260e-04 3.180705197470528461e-04 3.249912109102020153e-04 3.164569994214162926e-04 3.173314519787860102e-04 3.241775688630341894e-04 3.285808609944131640e-04 3.326976077785482634e-04 3.341848576730382329e-04 3.319057657986287891e-04 3.273797416644397534e-04 3.287305795714094789e-04 3.319613779552395088e-04 3.358293716840227519e-04 3.423664635425256340e-04 3.402907837613054591e-04 3.394050262152202959e-04 3.397902925401090238e-04 3.363037007269955615e-04 3.337241164735899740e-04 3.401390537245272587e-04 3.475299337113056598e-04 3.420496036296102492e-04 3.368045849043695768e-04 3.332944120197677885e-04 3.355118017792402567e-04 3.412142416368289300e-04 3.416691086920235461e-04 3.360637609815304459e-04 3.264378225493735084e-04 3.219810007237702658e-04 3.230202492026333356e-04 3.197566755845364806e-04 3.212787544366719171e-04 3.201231414945565883e-04 3.173327208371645660e-04 3.273698090897196903e-04 3.423156687993743254e-04 3.444404689070230756e-04 2.811593715642429249e-04 1.779162248432610027e-04
2.136992999901808914e-04 2.743211107265680561e-04 3.128138118023868165e-04 3.309567717089903103e-04 3.440293554565622240e-04 3.437752667385419471e-04 3.329659176120291749e-04 3.260362239983721311e-04 3.203784667042913845e-04 3.297429222215721677e-04 3.491976890226185671e-04 3.490338122610488984e-04 3.289504037646820075e-04 3.113830045907138057e-04 3.155829537500197315e-04 3.377619561147560600e-04 3.607805207599866721e-04 3.638026685804801336e-04 3.469069605090546325e-04 3.366161008179113421e-04 3.352853551459881922e-04 3.433581976303699563e-04 3.583318591700671582e-04 3.476801412463614545e-04 3.203846854684660062e-04 3.057086969928589576e-04 2.992232797230537930e-04 3.194028244352150724e-04 3.449201449426212438e-04 3.460424324612994826e-04 3.432572070241253514e-04 3.330655729315384851e-04 3.147335017898442514e-04 3.071731081760365367e-04 3.190646158945033999e-04 3.460690803523948323e-04 3.573377643907970757e-04 3.376173253712202180e-04 3.214760528260634121e-04 3.255489942030268110e-04 3.291624124948917905e-04 3.313958982378414279e-04 3.430775479730815243e-04 3.482681102330600865e-04 3.405504351268280800e-04 3.214915445930060828e-04 3.027894275879494538e-04 3.075483628480466837e-04 3.192004237191666937e-04 3.232987336389894772e-04 3.220655132716719778e-04 3.039572515359910279e-04 2.938324066638347155e-04 3.094444561490311725e-04 3.237692711141160846e-04 3.291208961463668232e-04 3.309963385933698812e-04 3.179470600068475374e-04 3.057236426419213809e-04 3.084656427827025616e-04 3.239604930822717176e-04 3.332026927203756350e-04 3.196963251708822553e-04 3.154574276288511108e-04 3.264465171818172677e-04 3.338053301219460079e-04 3.319360251115586807e-04 3.232089473585752809e-04 3.227929229495306806e-04 3.313783229505942295e-04 3.417312507162938206e-04 3.454318120530457852e-04 3.411681329623738419e-04 3.312805494389797593e-04 3.194754210994031770e-04 3.186222417030757531e-04 3.331664175289061718e-04 3.494590256265465555e-04 3.450059627614390475e-04 3.272528994114835398e-04 3.193298550230907725e-04 3.200220792429977904e-04 3.214229755741899270e-04 3.210842433213245868e-04 3.250708585561465900e-04 3.311607889764884649e-04 3.309636761678339456e-04 3.263672756678197761e-04 3.271275361524767725e-04 3.383141624899192387e-04 3.455143758186905115e-04 3.393495918776126422e-04 3.316764695173644818e-04 3.152974623161649789e-04 3.044369706865277902e-04 3.147234154714111153e-04 3.261027635652131627e-04 3.224344927988203290e-04 2.595372639730544125e-04 1.625804347330385544e-04
2.169778672300089759e-04 2.788609272654320507e-04 3.194478792470284217e-04 3.324853805381535452e-04 3.290909887087195866e-04 3.214931346501721495e-04 3.201655332325525904e-04 3.268600839859849396e-04 3.327770612572033323e-04 3.438751869294605140e-04 3.594168904292025283e-04 3.519963494285371941e-04 3.278902486550780340e-04 3.120565430636496680e-04 3.166574311029242200e-04 3.306466129639817420e-04 3.467132842796482282e-04 3.581929674659971958e-04 3.490738448070137157e-04 3.269483463348241831e-04 3.154104333417632610e-04 3.321198271833587790e-04 3.561762994776488831e-04 3.527234686308869079e-04 3.397610153302715592e-04 3.293166341558972986e-04 3.127217826003995949e-04 3.266995616056282779e-04 3.555050793115661499e-04 3.541957193287039894e-04 3.421433787212908666e-04 3.353652503358142646e-04 3.350463631860174782e-04 3.313203741042634832e-04 3.324736634155417534e-04 3.564365415312959482e-04 3.604585566510898299e-04 3.320634067170319154e-04 3.171590618510585803e-04 3.233301041192806168e-04 3.252155529489120364e-04 3.256663458373749683e-04 3.385934023381776282e-04 3.460357605006622985e-04 3.426324682231020498e-04 3.241978505991519586e-04 3.060197153538120329e-04 3.147125737730360057e-04 3.324089881592826642e-04 3.376783092692730616e-04 3.306791589696419847e-04 3.114579644375664938e-04 3.095732624343782097e-04 3.202114614051408074e-04 3.248033817164200018e-04 3.323965627298143999e-04 3.338312309389147295e-04 3.211819291607150842e-04 3.183448371559450163e-04 3.295866305818321781e-04 3.413991427961307569e-04 3.467651455168458243e-04 3.348005002952636651e-04 3.271695856857156763e-04 3.316915525161905206e-04 3.371050929649373759e-04 3.322116671648101677e-04 3.185283621782730463e-04 3.138982766468695926e-04 3.231125813540833822e-04 3.342132355131947549e-04 3.375809170210106983e-04 3.340828451196719206e-04 3.224543129421978305e-04 3.070304440432949922e-04 3.009122079555658210e-04 3.126249619073052802e-04 3.348519343688967581e-04 3.370201793836475257e-04 3.253609523654823902e-04 3.205177445953513401e-04 3.188225134958950742e-04 3.136270145740249543e-04 3.131907075608588364e-04 3.225313628434700922e-04 3.324128366345170107e-04 3.273110906644857362e-04 3.120016322456519472e-04 3.107122047144019947e-04 3.315501916180679928e-04 3.477543407253292761e-04 3.443478394421081658e-04 3.317105629969195179e-04 3.124007887037051601e-04 3.085501856124474957e-04 3.226372038514542387e-04 3.258587016621829419e-04 3.129482006650443813e-04 2.482553994685147590e-04 1.526443436304500607e-04
2.104801560089882028e-04 2.682275815664088596e-04 3.153845809978040541e-04 3.269234803535885710e-04 3.163072079354007694e-04 3.096178027798766864e-04 3.107282062417528125e-04 3.222054924667838195e-04 3.369203879741576222e-04 3.460298228828758565e-04 3.526020287134664830e-04 3.437731570339795867e-04 3.242484543614706106e-04 3.125499248185223465e-04 3.122032513619770692e-04 3.161204429566530491e-04 3.292770063795373591e-04 3.493819848556532553e-04 3.484120055579794078e-04 3.167764057076268404e-04 2.973033898034029986e-04 3.094205365526600787e-04 3.287448628497783437e-04 3.365504252052785609e-04 3.404965703169598101e-04 3.352920617180632241e-04 3.192282284680207204e-04 3.288754584013795835e-04 3.477504840567948331e-04 3.385657785122478673e-04 3.186121305560918890e-04 3.138821015285305654e-04 3.336515004169529055e-04 3.459820233081709268e-04 3.404102602887066871e-04 3.514953233427185481e-04 3.498324962952395045e-04 3.240268683267497410e-04 3.138786090303463021e-04 3.223371422865014971e-04 3.250742957876671035e-04 3.297504207921405717e-04 3.459014299231832836e-04 3.470201842795714959e-04 3.346265169965078647e-04 3.206853446246988107e-04 3.216045561393466711e-04 3.388243748594650228e-04 3.471776445951454352e-04 3.376462420869135979e-04 3.280615698803940024e-04 3.212650957504631626e-04 3.233272096768470549e-04 3.254385496671398175e-04 3.274496058814743878e-04 3.414707820295989236e-04 3.434050175123863125e-04 3.223967696885350967e-04 3.208139850872030862e-04 3.426867327627756196e-04 3.552478020297982018e-04 3.567920945822531439e-04 3.472089491378462260e-04 3.333231543713470382e-04 3.267906793280717483e-04 3.342186979878750217e-04 3.390803418342116658e-04 3.317779427196424803e-04 3.225082009203400946e-04 3.191031949295402258e-04 3.173749247390551202e-04 3.198720588415029757e-04 3.221913903817701422e-04 3.228745780224134745e-04 3.148408077169401946e-04 3.012449882099897951e-04 3.021958303511798529e-04 3.241437175697211887e-04 3.333227908406197074e-04 3.363954610929157686e-04 3.392078265151022426e-04 3.260248488952950489e-04 3.119629061309488584e-04 3.183637513909436069e-04 3.304079227564914525e-04 3.322301374581090047e-04 3.238166066445022557e-04 3.157974637458670509e-04 3.163470807644783557e-04 3.269735354613305368e-04 3.380282409961443560e-04 3.382883912543407316e-04 3.278984897270501692e-04 3.158349909512117928e-04 3.214372575929267989e-04 3.375115417008087496e-04 3.341167398630735005e-04 3.107797803916760452e-04 2.435274668068874711e-04 1.506296679723629663e-04
2.106369284509038262e-04 2.642536615340372857e-04 3.175003550572752129e-04 3.294973795949565892e-04 3.154346083397554308e-04 3.120828142823043293e-04 3.165602167969467327e-04 3.230400804901872392e-04 3.306827609566570644e-04 3.366761705885725105e-04 3.417516379045859804e-04 3.388738412323211678e-04 3.297018907441128617e-04 3.212090214200488203e-04 3.155420923231164730e-04 3.187555946512919593e-04 3.330266915445196122e-04 3.504416950213041821e-04 3.524737936143980052e-04 3.250605505574687094e-04 3.021622092918331299e-04 2.991707088514418693e-04 3.066524182728529082e-04 3.247921052107752759e-04 3.394047593102489727e-04 3.323618679250778750e-04 3.192705464328391058e-04 3.271941075683926139e-04 3.336322968629374915e-04 3.220912461258360103e-04 3.024685458193733328e-04 2.972654198119339757e-04 3.190522799450969506e-04 3.368372672389970319e-04 3.324026458693468624e-04 3.424454549399496769e-04 3.505622329553431758e-04 3.376093951599029542e-04 3.296168991499157878e-04 3.343993893877095572e-04 3.364023544899886553e-04 3.405599317729867195e-04 3.461846340645450409e-04 3.349027084299226751e-04 3.168406988431413237e-04 3.116591977644511289e-04 3.287932410701137082e-04 3.508892044306910246e-04 3.553096986177918136e-04 3.425410627101229278e-04 3.299483304441427987e-04 3.266654173996094137e-04 3.304936885804721095e-04 3.282397968939341137e-04 3.256163615201397598e-04 3.427348424237703110e-04 3.467418505225749147e-04 3.180818596684261866e-04 3.126190676549742706e-04 3.341401077830484598e-04 3.468438388980372988e-04 3.488779935101776514e-04 3.388500700186617906e-04 3.240426770673467127e-04 3.195422650472303904e-04 3.287919744590203554e-04 3.419480619321845459e-04 3.440111855712400931e-04 3.361649448224073391e-04 3.251893054284887407e-04 3.175968660107360633e-04 3.240880161965813936e-04 3.296362750516162077e-04 3.335483989278525290e-04 3.306194054642304825e-04 3.183508075506282691e-04 3.123840328527237656e-04 3.237418160234778507e-04 3.267918297218366970e-04 3.383911568681097085e-04 3.517105565204162090e-04 3.338942340493167098e-04 3.167575006135654432e-04 3.297967619917184599e-04 3.375776308680202421e-04 3.236827832210665569e-04 3.149730976393220507e-04 3.281433224600997789e-04 3.431967604136339548e-04 3.450739899421688146e-04 3.426176074670456628e-04 3.362819110841062855e-04 3.246134688190845368e-04 3.189462936305360831e-04 3.300871659712153539e-04 3.456276418524139270e-04 3.378689631040434141e-04 3.052683659477670218e-04 2.368910935668698341e-04 1.510640639244875726e-04
2.031877931590138006e-04 2.646361201020530369e-04 3.261462350128742100e-04 3.460500964034523685e-04 3.355703396114560776e-04 3.244814995537752440e-04 3.216884956437795324e-04 3.265179432498399072e-04 3.289698564932736304e-04 3.330392303156554708e-04 3.449657190239460974e-04 3.455717442862664369e-04 3.357928855840418758e-04 3.245962273488251708e-04 3.176999921433473588e-04 3.258896946404588654e-04 3.412091220279611734e-04 3.524086005981186200e-04 3.542818475281189934e-04 3.401923048426534106e-04 3.220584953916995168e-04 3.070522665985268244e-04 3.032295719743425839e-04 3.242042254850424502e-04 3.429383379180339837e-04 3.336207068698471821e-04 3.181410248557700322e-04 3.223830678091331794e-04 3.256055246500209888e-04 3.223589790788824409e-04 3.140191306191195413e-04 3.130281325208205149e-04 3.195879428842848379e-04 3.228094123603841392e-04 3.168672954336999381e-04 3.246230872414360927e-04 3.432146099541308207e-04 3.489363937889668156e-04 3.443442018103702899e-04 3.413826582659262431e-04 3.413174437666019142e-04 3.375478478835266258e-04 3.232483622959608565e-04 3.079923910276164702e-04 2.982806968509127453e-04 3.029650501911346520e-04 3.210248422642731324e-04 3.434491678828663114e-04 3.602052788885359066e-04 3.601191368418656916e-04 3.417866827368825017e-04 3.295017236087430766e-04 3.306597847137488074e-04 3.266214218594659007e-04 3.253364389656555628e-04 3.421442159188641777e-04 3.380676230526399179e-04 3.065206664244065032e-04 3.009046804533573472e-04 3.158981853551221506e-04 3.259586491659454441e-04 3.297222681707016401e-04 3.245560741911269163e-04 3.184508939999797466e-04 3.191778287360013430e-04 3.217947868233362240e-04 3.317461223022833230e-04 3.346808083652423800e-04 3.242336700120711582e-04 3.132951293258188271e-04 3.154761235491152470e-04 3.357442815459890130e-04 3.491178455452679423e-04 3.491999219808346842e-04 3.443120309074325846e-04 3.341675342920857948e-04 3.291676133999753458e-04 3.324042287058201353e-04 3.272355624997809595e-04 3.395672276224191060e-04 3.576280122316912715e-04 3.436532709465960761e-04 3.230177233311313069e-04 3.247852484776342624e-04 3.228558212389094346e-04 3.049887794951253086e-04 2.971859560294315590e-04 3.134035226723547998e-04 3.345434293316526661e-04 3.411240887437507873e-04 3.383825592484634298e-04 3.305072069884547629e-04 3.190475191120736766e-04 3.114541428147976024e-04 3.220620798573538236e-04 3.413600319247481348e-04 3.379755303469602116e-04 3.040331418222190019e-04 2.348947504432268517e-04 1.530914527355480546e-04
1.955025202873404049e-04 2.711812436913648349e-04 3.391527810234066555e-04 3.639239134464636967e-04 3.618764420681307614e-04 3.392044798050153939e-04 3.198074547692497877e-04 3.285272633423153552e-04 3.388814405183923498e-04 3.433146215513359530e-04 3.547672903645187519e-04 3.489527648446878304e-04 3.294747925267919788e-04 3.160817419820130059e-04 3.150898859066814605e-04 3.305397703622253735e-04 3.446306043568908247e-04 3.478495195728551273e-04 3.474382382393617673e-04 3.464045730055059715e-04 3.392232117362089573e-04 3.258191445169418489e-04 3.234615705797922749e-04 3.387914827182961783e-04 3.462175181475354120e-04 3.354758593774006311e-04 3.181841961859137617e-04 3.188661785592419970e-04 3.257663446951995865e-04 3.344709925489312429e-04 3.377343014454767776e-04 3.369308114199161090e-04 3.252470119308981892e-04 3.146621706657970908e-04 3.106974525682318290e-04 3.172858097081691074e-04 3.381823277104126484e-04 3.513987761104711907e-04 3.440470629010097532e-04 3.286253002555951592e-04 3.221389980338033041e-04 3.161133439961987413e-04 3.062061190377227148e-04 3.039291030664755845e-04 3.032977281389144584e-04 3.079002466808408505e-04 3.157864811334348256e-04 3.290913298890150822e-04 3.512317575054807852e-04 3.625234810447671829e-04 3.454977634578569948e-04 3.292405792004742156e-04 3.307692259889625326e-04 3.329319534579357198e-04 3.372040139443004863e-04 3.452362625765810966e-04 3.290709677022480781e-04 2.988573579882794029e-04 2.960352336719226257e-04 3.132262118000264097e-04 3.213609462948065925e-04 3.162581769616186781e-04 3.159579251684326517e-04 3.251570164518845230e-04 3.263311908664502659e-04 3.183805005695567771e-04 3.218968820273373534e-04 3.193070899732284771e-04 3.004043740697557945e-04 2.966482827982105724e-04 3.151708813978939400e-04 3.443536603713781737e-04 3.591227309924062221e-04 3.547102450401543429e-04 3.486152729054785792e-04 3.346069853081633889e-04 3.276586035694263577e-04 3.333097632427850033e-04 3.360570243965895236e-04 3.491518744346267227e-04 3.607203295123832831e-04 3.526731973971453582e-04 3.305105138898157429e-04 3.175291616784473654e-04 3.069463994153653636e-04 2.931971369695759045e-04 2.924400864632122261e-04 3.019287197649683026e-04 3.152233775451494411e-04 3.265165509046412439e-04 3.289083347499122947e-04 3.273356650835153835e-04 3.219571971055776760e-04 3.087033165073970213e-04 3.106408447236347304e-04 3.311707700284707173e-04 3.329858046801476533e-04 3.001984619992945080e-04 2.296596976176573039e-04 1.484351648772759872e-04
1.925270925070227210e-04 2.721099993044665205e-04 3.375515733595004018e-04 3.601359388034578043e-04 3.640203881865182499e-04 3.453917747857540685e-04 3.254864757234531372e-04 3.293928504777943840e-04 3.325177401052728044e-04 3.339883641331922552e-04 3.441323236764948180e-04 3.426598043697718396e-04 3.271294559219460889e-04 3.130295336839387715e-04 3.121933170237542509e-04 3.301145749450241570e-04 3.414572720194202610e-04 3.472722332748225593e-04 3.521724630648529982e-04 3.505297778202141933e-04 3.447184831667124113e-04 3.341924686138284884e-04 3.361924513500425958e-04 3.460705932089234147e-04 3.425210562536024528e-04 3.322428768860748280e-04 3.234035936875789092e-04 3.291285389923613060e-04 3.381954431856957263e-04 3.478454943403823775e-04 3.477698989530355429e-04 3.366953481264905535e-04 3.156449984722387156e-04 3.032109301480326443e-04 3.057804474794882134e-04 3.200334480837317436e-04 3.412914045100276018e-04 3.498681205187251318e-04 3.356654291082613131e-04 3.151202951552952293e-04 3.122665115791669493e-04 3.167100315927893605e-04 3.158926976816773678e-04 3.161372127873210468e-04 3.190587650963743784e-04 3.227633618746899896e-04 3.227519123339833988e-04 3.196809736178404587e-04 3.306914584608000671e-04 3.454598131567785117e-04 3.359707842283238786e-04 3.220217717591222382e-04 3.319986220879956066e-04 3.477313480479310198e-04 3.523306660053107252e-04 3.493862702739265898e-04 3.294384871735666644e-04 3.038165437196710048e-04 3.066055545881105114e-04 3.328055982461541494e-04 3.422424518172633790e-04 3.270566997023426634e-04 3.246921235072428046e-04 3.426513350118374677e-04 3.455117187919021443e-04 3.341459765598309324e-04 3.320818801167504963e-04 3.237119900599968406e-04 3.031711848775206562e-04 3.079745664831002585e-04 3.264345753394469409e-04 3.424242392393087291e-04 3.518963444717752484e-04 3.497042889246834924e-04 3.432143064279595014e-04 3.235616307910746349e-04 3.102866370680371078e-04 3.192025632981801116e-04 3.317693093273405306e-04 3.481166943934380260e-04 3.604608081267820195e-04 3.601881090848337236e-04 3.428579951497691901e-04 3.248680019211275033e-04 3.095777822519828150e-04 3.049925878160848931e-04 3.148959250934140223e-04 3.172338932795982841e-04 3.206916042976118517e-04 3.333106820607387990e-04 3.357867003855589841e-04 3.348908781102945612e-04 3.335330786976296912e-04 3.205699473298423245e-04 3.131043357063901795e-04 3.262514645539449582e-04 3.275639698225646574e-04 2.994819528731917967e-04 2.338428859261261082e-04 1.511398075661635491e-04
1.996720152825660335e-04 2.674494108243768574e-04 3.156468984102029415e-04 3.337425069907568216e-04 3.524226765711929179e-04 3.560999843560865713e-04 3.398403210439482607e-04 3.219820816870473798e-04 3.026442197025031771e-04 3.002252790630083714e-04 3.164059274728729340e-04 3.320700584063591867e-04 3.339013243039987491e-04 3.257246388365267562e-04 3.212798954215445807e-04 3.285592345134447654e-04 3.322391863067962860e-04 3.392396224560968341e-04 3.455612889008824722e-04 3.368573602617734065e-04 3.301195563765891433e-04 3.225158540795575093e-04 3.242609873908303825e-04 3.350824810548149076e-04 3.391017937991088740e-04 3.346170345291515089e-04 3.282115515057881057e-04 3.311868735418916775e-04 3.360838073446727648e-04 3.460506174525734271e-04 3.528488166240201489e-04 3.425140981059298273e-04 3.203567433622665924e-04 3.071397559143238670e-04 3.092811394699911749e-04 3.254289895814811056e-04 3.397484589221676969e-04 3.423084344759982998e-04 3.292331607847087996e-04 3.151510705804989702e-04 3.241669267774020813e-04 3.391061384154114996e-04 3.362047265160937539e-04 3.269980757012161312e-04 3.283252935221966451e-04 3.357195100709088522e-04 3.337484542227547087e-04 3.222943730395146306e-04 3.268092481422192911e-04 3.360284729586628365e-04 3.238387635147248721e-04 3.057331930065798837e-04 3.147464678550508958e-04 3.375681916156625774e-04 3.503657853886584027e-04 3.510042468570798374e-04 3.344878839831755702e-04 3.111268791004348651e-04 3.098168849453473376e-04 3.336689758312084454e-04 3.469391019986907366e-04 3.375085163442954807e-04 3.338512842989107198e-04 3.480306284182658159e-04 3.551229313575623948e-04 3.525974089311103947e-04 3.484594257884020057e-04 3.366646496955397997e-04 3.264157718917679897e-04 3.366091070845499697e-04 3.420597084378508351e-04 3.351969539084650833e-04 3.350820549133838458e-04 3.399802460058512499e-04 3.396443345669012586e-04 3.252298620882348502e-04 3.126589176181878696e-04 3.198943429542353608e-04 3.256198821831747916e-04 3.262442217377972881e-04 3.329961541260007072e-04 3.430121190685760319e-04 3.437118452821633454e-04 3.330946984393691988e-04 3.217159479919511392e-04 3.295085016247361644e-04 3.416117382346547959e-04 3.308963873245030483e-04 3.220231121236651734e-04 3.299164162864053887e-04 3.402160028884121216e-04 3.516422908141898329e-04 3.548488717216195863e-04 3.402089731073893657e-04 3.234701102169559687e-04 3.239067626382258983e-04 3.294160621862998566e-04 3.191151680959161165e-04 2.583274916805086805e-04 1.670161043469966481e-04
2.161354024989725229e-04 2.645010006071456211e-04 2.936370083066853305e-04 3.100391410356036779e-04 3.425203233979915124e-04 3.643101333701713115e-04 3.518868565472071160e-04 3.227360969900250147e-04 2.930163828015192712e-04 2.899559054139474817e-04 3.071244977481874840e-04 3.300978120273268435e-04 3.410730966892676548e-04 3.405452078777372539e-04 3.352575925425687144e-04 3.249004348929098070e-04 3.189066034491153155e-04 3.229328763732846556e-04 3.248297358943728940e-04 3.160173169930964110e-04 3.135012043386825771e-04 3.100159219971940520e-04 3.121526276236440307e-04 3.245881441809841581e-04 3.381873568704456224e-04 3.448783917155512314e-04 3.349959304912566776e-04 3.203416121275953852e-04 3.148635356828383353e-04 3.305458367016841882e-04 3.548868070466584552e-04 3.527388897745087478e-04 3.337221743302897338e-04 3.191780016269873759e-04 3.191300865608204035e-04 3.313330024029692697e-04 3.390867052824674639e-04 3.416489007295889571e-04 3.319303260832344449e-04 3.226770426862126924e-04 3.383607507032849147e-04 3.522743682499726928e-04 3.450268432184440295e-04 3.306240322020401992e-04 3.276120068685676925e-04 3.445840096162021415e-04 3.507509263722116753e-04 3.385057137723454404e-04 3.380944343333744341e-04 3.369850724583424266e-04 3.179514749841449170e-04 2.979048289209019020e-04 2.971030167820249389e-04 3.111440797445036584e-04 3.311469938588028090e-04 3.412706190873327937e-04 3.327013868019260178e-04 3.129419061532542770e-04 2.999059903666650290e-04 3.132269136014689988e-04 3.286094630504791426e-04 3.290400860630838045e-04 3.255950686379051762e-04 3.306505722416321590e-04 3.378694461724543159e-04 3.451304871366316215e-04 3.481206050555387061e-04 3.397813511093872698e-04 3.379540034714758300e-04 3.486585196691935904e-04 3.536904548245509974e-04 3.430302422153432961e-04 3.284820919668690739e-04 3.244807289034567273e-04 3.224946664927506846e-04 3.175719609460282613e-04 3.195289558464717641e-04 3.285075722144149748e-04 3.228186546545366875e-04 3.061876347389277334e-04 3.012228345178538788e-04 3.167689724184191572e-04 3.382605959577815002e-04 3.442594703041478108e-04 3.413938279892558283e-04 3.450668856679713547e-04 3.435668051662992039e-04 3.293390050463421408e-04 3.172801522282741736e-04 3.111333868513467505e-04 3.231546626140079093e-04 3.506697221091690229e-04 3.642958603171734524e-04 3.560941473111213593e-04 3.408255934138310983e-04 3.276380288950690592e-04 3.333603352551092573e-04 3.364788079395104057e-04 2.713187144480452601e-04 1.699270439961988023e-04
2.209059180181379616e-04 2.598642497316258453e-04 2.841028532921596392e-04 3.066137120358780263e-04 3.425688108881777484e-04 3.666875959346751232e-04 3.618705090186970143e-04 3.380077559781377063e-04 3.094120427492868695e-04 3.081347747576213946e-04 3.236239469811851878e-04 3.433731142764873687e-04 3.482775116045498209e-04 3.466986964153990288e-04 3.377829003394381075e-04 3.107726559855633532e-04 2.977746424957604778e-04 3.073921368431284905e-04 3.139919195699318209e-04 3.096524684181893778e-04 3.126450374992519260e-04 3.191392842120062195e-04 3.242610723801689744e-04 3.336682371884135676e-04 3.471098941520380692e-04 3.565958150530235235e-04 3.440707626428346033e-04 3.162426543746172628e-04 2.989101816931832270e-04 3.115775943145937966e-04 3.375931338684397352e-04 3.371931605362806211e-04 3.288734222172168438e-04 3.274610005672512437e-04 3.380923221176390008e-04 3.468962714088694122e-04 3.445109001401704292e-04 3.390401965639675561e-04 3.254950563837446511e-04 3.216419668121918885e-04 3.425476269651932617e-04 3.484355970935304556e-04 3.380315283497895679e-04 3.277169958709569113e-04 3.251160488783877422e-04 3.499300846762048826e-04 3.657710431704538977e-04 3.504072837964960227e-04 3.397047232310703270e-04 3.319060309128445802e-04 3.168011677034333526e-04 3.056110256216338413e-04 3.010848286182737335e-04 3.036955964627401322e-04 3.224979167912115632e-04 3.379529966357323629e-04 3.375177239719957031e-04 3.247170602080625768e-04 3.040452990402547646e-04 3.056684327495200171e-04 3.215968513377261747e-04 3.308908714351096450e-04 3.300371020038060481e-04 3.252719540548047999e-04 3.233051273267221592e-04 3.278968122930073182e-04 3.341270222110076992e-04 3.312895946855297347e-04 3.334391373541125032e-04 3.416590183626520187e-04 3.485185436324557016e-04 3.480686872399716249e-04 3.305158223967620480e-04 3.105893709488414178e-04 2.933743645524936614e-04 2.911270466188794039e-04 3.083588850495994765e-04 3.258858765370136953e-04 3.253708979276432201e-04 3.070071797161248858e-04 2.916377577855318879e-04 3.040523832329874131e-04 3.315878550456600299e-04 3.491965216459046086e-04 3.545366135214620632e-04 3.481322028970149649e-04 3.350878755178762682e-04 3.277003018859750904e-04 3.233280663681429743e-04 3.125126235013937228e-04 3.127051207270870547e-04 3.291355035686139847e-04 3.452419640913865139e-04 3.559629680278391262e-04 3.526038159477285980e-04 3.310791038507033927e-04 3.313278681175357778e-04 3.362671537807321374e-04 2.714135646925710491e-04 1.710974581325850556e-04
2.189512302972285510e-04 2.633003998608350930e-04 2.918176795563884708e-04 3.162956953349022526e-04 3.460492970324243931e-04 3.661151233874300210e-04 3.669104237284094789e-04 3.494425511399193397e-04 3.270925334206224158e-04 3.298007408834209044e-04 3.401027103230405170e-04 3.476297655666323472e-04 3.418865535026144147e-04 3.358165916998684213e-04 3.301142964014528651e-04 3.069588459969475967e-04 2.963856739924232084e-04 3.105226519785406875e-04 3.207209013695740108e-04 3.172138568303948299e-04 3.203917309843436418e-04 3.354298493580037867e-04 3.453426360989203373e-04 3.519170772974874063e-04 3.587980960657542176e-04 3.591678738395472428e-04 3.450379901077689623e-04 3.175919218028664488e-04 2.949979101099475505e-04 3.011849423215090396e-04 3.190093158568765505e-04 3.186357808343408173e-04 3.191938206383687876e-04 3.284284544510830683e-04 3.476485815862025803e-04 3.522728314149517958e-04 3.408601137615001244e-04 3.311289357259625666e-04 3.161151821376811900e-04 3.122951914893412877e-04 3.292746931064249611e-04 3.329260113763354107e-04 3.294929421461073008e-04 3.280885905756229445e-04 3.278362004118557001e-04 3.484636269841111418e-04 3.598964648791001244e-04 3.406843860347036671e-04 3.238569573275845801e-04 3.177691793879368776e-04 3.187832189651749852e-04 3.185226753123380702e-04 3.147000199531607657e-04 3.156758497665984120e-04 3.317003258978240120e-04 3.448427308083577749e-04 3.485956355975330934e-04 3.396540161569386318e-04 3.098709809470579163e-04 2.973764363901092904e-04 3.111654016950245400e-04 3.338830634190214329e-04 3.476057011058103063e-04 3.404481262868704235e-04 3.274647489263739003e-04 3.256511654342451770e-04 3.285450959316781484e-04 3.227589680331514974e-04 3.216067599835586120e-04 3.271086496201185481e-04 3.334214781866828283e-04 3.344065848693479224e-04 3.247136628134599532e-04 3.090869786001079322e-04 2.842334422594550245e-04 2.805200600606069642e-04 3.099838720263343918e-04 3.428865236612102974e-04 3.498902803549745321e-04 3.244226183936865641e-04 2.984398796666733319e-04 3.022018617988954728e-04 3.168364983845704027e-04 3.301764187989339591e-04 3.407568227087211373e-04 3.379271922785789827e-04 3.323523060099562582e-04 3.338313574811874835e-04 3.359213545285344438e-04 3.298976416248032041e-04 3.239871326154843221e-04 3.239786957331470315e-04 3.277390763426591509e-04 3.407181139673322616e-04 3.441895137046558609e-04 3.272388216368176512e-04 3.260564324833017990e-04 3.271105177412164124e-04 2.675972029707402106e-04 1.735622127836890954e-04
2.287701113208669872e-04 2.854437210049456052e-04 3.141124531211754185e-04 3.223821888457562707e-04 3.347825955584110124e-04 3.491168843787886356e-04 3.565847118909172683e-04 3.505823683204019542e-04 3.375563081062175463e-04 3.399259996765003613e-04 3.442325095482293281e-04 3.424620870177969684e-04 3.302384914291423934e-04 3.179272353803747173e-04 3.188141271309440647e-04 3.172806629319526307e-04 3.232778357560405608e-04 3.348508936568347655e-04 3.380337212374915582e-04 3.342806395012257420e-04 3.287120819260997404e-04 3.328771752487720689e-04 3.390382287285379566e-04 3.404092575905169095e-04 3.420620869466835419e-04 3.401717694688768056e-04 3.353891091534831918e-04 3.268108935495778319e-04 3.171100316119120945e-04 3.211415524269110671e-04 3.304024305864607862e-04 3.300102995714579652e-04 3.219733158322877608e-04 3.175767033433926113e-04 3.337732895954857661e-04 3.429862917755386112e-04 3.371151312940736766e-04 3.359813742629445908e-04 3.283461734474858425e-04 3.240153435997680841e-04 3.301231707686700214e-04 3.294124861350829908e-04 3.320458281277128849e-04 3.342685142666971306e-04 3.305037296591180687e-04 3.426203992761046608e-04 3.463993865072820732e-04 3.234047531199446719e-04 3.080145040250080457e-04 3.154304585834002105e-04 3.304096075201084256e-04 3.278782420666200926e-04 3.218987742828096753e-04 3.302230966183404299e-04 3.469559618493489486e-04 3.537813241251780926e-04 3.558826140953777039e-04 3.440738044761757495e-04 3.120667816798013486e-04 2.974325026594528873e-04 3.063250929903207171e-04 3.329274966581665307e-04 3.597624048747148249e-04 3.589316040038616250e-04 3.409930232160472956e-04 3.339447854348113467e-04 3.352727427452437386e-04 3.238643259295743873e-04 3.116154994604437649e-04 3.159368277173083277e-04 3.333182793427177763e-04 3.336691745274168578e-04 3.245818038519323939e-04 3.195021546358330468e-04 2.974017371035600271e-04 2.902993951295062018e-04 3.237773427886807146e-04 3.647402781977902245e-04 3.690580222291811856e-04 3.333295063374479283e-04 3.087838953154006761e-04 3.127305026539299766e-04 3.124196483614342891e-04 3.110720235424359239e-04 3.210550902450537208e-04 3.302897850612449568e-04 3.379501160460071695e-04 3.418887321230520602e-04 3.416632911058019783e-04 3.331531186072997494e-04 3.243561186426814364e-04 3.261847424958724904e-04 3.288735583160674577e-04 3.336942070321350273e-04 3.342339962642681007e-04 3.250187891983327671e-04 3.228632594571139987e-04 3.102120566217969090e-04 2.488448359729284322e-04 1.614487362615021947e-04
2.423942881914185074e-04 3.014426530891842594e-04 3.283706027178001229e-04 3.274588506231610277e-04 3.291437388243682242e-04 3.296810652193893679e-04 3.339433142405150222e-04 3.401007486102781236e-04 3.357125643951031904e-04 3.345277968678461679e-04 3.371349166740322551e-04 3.340066251824398615e-04 3.219861615598882060e-04 3.113080978998353145e-04 3.186019289742132634e-04 3.340445915536387309e-04 3.490756780824515312e-04 3.499384529924123486e-04 3.453403687134268935e-04 3.418859694451489373e-04 3.317324711293546599e-04 3.280833697344067833e-04 3.284232971670177146e-04 3.219699429369010527e-04 3.223738201622313544e-04 3.242169171441384133e-04 3.284491704145281639e-04 3.381133931992857597e-04 3.437532535546792330e-04 3.450917736274313288e-04 3.482899069787314837e-04 3.472956700438520686e-04 3.244680830444987519e-04 3.030885848387715638e-04 3.131339654978158643e-04 3.297894382833468268e-04 3.361885357385670757e-04 3.371166309815156695e-04 3.358480546198558663e-04 3.404211979492591288e-04 3.386208313663101386e-04 3.312709388134626163e-04 3.328818798038691218e-04 3.332115768173577993e-04 3.261996048805449562e-04 3.354250316139322646e-04 3.417500451822577689e-04 3.213279450400470267e-04 3.074200282871404058e-04 3.212968041696026480e-04 3.411822178960798556e-04 3.363368702460865778e-04 3.332784307590390643e-04 3.491216429939694092e-04 3.553333178843439506e-04 3.511404426519804480e-04 3.495396695724258809e-04 3.407088483370587003e-04 3.233891236674133764e-04 3.140933730859604440e-04 3.180563616826583700e-04 3.400200390053533233e-04 3.625958866152991975e-04 3.596174509993508303e-04 3.417849756200376445e-04 3.356884316555343436e-04 3.375252771753625551e-04 3.216534340750981094e-04 3.055133131052892954e-04 3.142369709262585187e-04 3.427447362823563427e-04 3.468475209562652223e-04 3.341135780202456312e-04 3.282527114278056238e-04 3.073021573707100163e-04 2.979474900492652852e-04 3.243757784396749267e-04 3.609870113161139579e-04 3.710418795867230241e-04 3.428999380746263577e-04 3.275172852108957419e-04 3.354953639764894093e-04 3.271695630619488298e-04 3.103175215412204251e-04 3.137394422264506077e-04 3.303290900188460841e-04 3.408212554289626441e-04 3.387642566924045531e-04 3.349858872041303580e-04 3.261129502806168752e-04 3.162807157797121408e-04 3.228386691532742826e-04 3.333906223183397957e-04 3.350670705955115691e-04 3.310412235213371990e-04 3.228874739787246503e-04 3.172412338976300043e-04 2.993161826208782638e-04 2.402328312990495624e-04 1.570395345587328757e-04
2.352806105974019420e-04 2.954508528234745445e-04 3.299904003025926720e-04 3.303153511364960437e-04 3.292556043105914539e-04 3.278876806615951345e-04 3.321484871833330554e-04 3.372262728163139597e-04 3.329987512181645909e-04 3.284986010901238401e-04 3.282420568073068164e-04 3.269687956539016143e-04 3.247597259916466675e-04 3.196247146749015217e-04 3.204136684567968291e-04 3.374651459007821331e-04 3.481218503523306608e-04 3.382305196405150987e-04 3.352762002268290607e-04 3.388939026970586455e-04 3.335658537369990870e-04 3.292722633416262572e-04 3.300463634775036470e-04 3.275768258538879841e-04 3.260510834730434180e-04 3.228191906794424101e-04 3.245284835833834409e-04 3.368626713616305153e-04 3.510183347405358874e-04 3.510709472231616536e-04 3.444510648516408888e-04 3.381766152772158231e-04 3.175303229838974438e-04 3.016545973074345743e-04 3.076074363877139397e-04 3.240104172253326347e-04 3.377334230904979122e-04 3.261028139658927235e-04 3.173962924639427748e-04 3.313951566205636939e-04 3.353023517995446239e-04 3.330666471683001498e-04 3.315595187485636782e-04 3.307060904259561665e-04 3.256505201389870850e-04 3.323182117470086655e-04 3.417228846104646651e-04 3.326057473470680516e-04 3.220222893024818063e-04 3.221485119152420955e-04 3.324738516030399985e-04 3.363811982450495711e-04 3.484999407384055219e-04 3.668836644692485892e-04 3.517402246046499458e-04 3.287891364963862009e-04 3.210134970964744817e-04 3.260378052963988421e-04 3.315633601289263510e-04 3.291045220287295821e-04 3.288612509407628603e-04 3.360917480548408949e-04 3.414881729742845614e-04 3.353439345055379394e-04 3.291175401986875669e-04 3.358036073382229770e-04 3.380898784334217819e-04 3.180519207467206425e-04 3.106707301162477119e-04 3.287291053753686309e-04 3.587247126077989308e-04 3.664018958807700992e-04 3.511516100860198565e-04 3.379669655743303266e-04 3.199850619595231852e-04 3.094036934053883705e-04 3.178758054016575995e-04 3.410350762436196569e-04 3.619350157060942179e-04 3.519573665201173891e-04 3.414227335401012991e-04 3.493383233934360351e-04 3.440132232861721592e-04 3.197820665911949153e-04 3.134160115674163591e-04 3.294801458984905509e-04 3.344659463315311941e-04 3.241589642516163878e-04 3.215996067866221369e-04 3.233015310221292772e-04 3.230862659140044013e-04 3.276970977973159846e-04 3.294345318545371677e-04 3.216403462015766197e-04 3.212819862110801697e-04 3.185448086980281713e-04 3.104817221028392587e-04 2.989196414078000574e-04 2.493624098569702371e-04 1.689625574785374399e-04
2.234867983942380996e-04 2.857262698050406493e-04 3.316554584158941475e-04 3.381360970236726819e-04 3.385971397219466293e-04 3.462110225188416864e-04 3.515219991485314189e-04 3.387124919313820419e-04 3.284666680615777601e-04 3.284201088521501700e-04 3.294282824970542773e-04 3.304980308190294362e-04 3.356570973573589386e-04 3.360164654191574404e-04 3.272283430209695847e-04 3.272070043761019517e-04 3.276937116762394190e-04 3.212015330031670101e-04 3.228622523061967006e-04 3.347079433063150644e-04 3.344685002704131859e-04 3.259786062620024486e-04 3.300083632630504069e-04 3.412152700682189463e-04 3.412390872598647156e-04 3.306934831764272130e-04 3.255601226572910284e-04 3.328816945415630831e-04 3.524012396099469174e-04 3.574166817491292040e-04 3.369289764578563143e-04 3.155682663899281402e-04 3.021522614441281502e-04 3.016208868743677296e-04 3.095707289043990841e-04 3.278794977605846450e-04 3.474966302097521492e-04 3.255851978775689114e-04 3.021228403993594155e-04 3.138625032172143560e-04 3.276709054118385599e-04 3.355004583014578427e-04 3.324168390734608689e-04 3.325503114962426784e-04 3.274015241646321679e-04 3.235278883262452396e-04 3.261045020542916069e-04 3.295536903193299182e-04 3.384876806716824297e-04 3.367602063404104371e-04 3.296440559151710701e-04 3.278601682642551989e-04 3.399121126731416984e-04 3.546095309055909530e-04 3.400612702309947083e-04 3.160037519600084510e-04 3.062421966357692718e-04 3.163534133228869416e-04 3.297049090118740733e-04 3.368984833262771931e-04 3.389046508956609438e-04 3.240394624447533135e-04 3.149151098445094948e-04 3.184868500528002713e-04 3.266362714620422384e-04 3.436500905195089125e-04 3.489092247067725064e-04 3.297251418304110275e-04 3.204236237017100346e-04 3.383418813446142383e-04 3.686328176585558568e-04 3.785829357904569800e-04 3.647618690679512430e-04 3.497678069349061157e-04 3.362268955898247021e-04 3.201601614737288083e-04 3.097877939496081591e-04 3.199743968914453779e-04 3.448647965702172414e-04 3.507250161498284640e-04 3.392152308391272429e-04 3.411235291772014410e-04 3.444123438601719937e-04 3.260055459505505895e-04 3.194595800471583275e-04 3.305034614864829287e-04 3.263096785468454978e-04 3.186863347354137489e-04 3.288511854337443818e-04 3.429796839243750162e-04 3.516729229415985029e-04 3.426136797155393543e-04 3.209138240932073389e-04 3.052482645742635821e-04 3.108375327284539124e-04 3.145406657332781636e-04 3.051943876135947099e-04 2.918292555235391366e-04 2.465306209733996671e-04 1.773112957695827997e-04
2.136754203923275062e-04 2.712472154708279884e-04 3.202448310720939747e-04 3.354037317974206895e-04 3.404391669274394253e-04 3.486251788538104819e-04 3.445770108996919472e-04 3.181274086593394125e-04 3.113451582857234851e-04 3.252877408437980424e-04 3.357474431714602050e-04 3.363578116799323240e-04 3.330605332799504038e-04 3.361008636963130750e-04 3.372279776321390364e-04 3.295498208221246238e-04 3.207914561379004667e-04 3.161437612747696889e-04 3.147156065437505803e-04 3.273489467511747283e-04 3.368400566121881705e-04 3.376708543074595568e-04 3.434432950123753395e-04 3.472902651735815423e-04 3.372688600009267519e-04 3.253522800556714139e-04 3.191647085822257000e-04 3.221079896799151931e-04 3.424215922238048066e-04 3.574768722853248265e-04 3.397679827111949589e-04 3.134660656564858738e-04 3.016945483969606838e-04 3.079366396487499564e-04 3.235562738382596480e-04 3.471050673097910463e-04 3.647884528802350541e-04 3.372458332512076303e-04 3.054853031950123705e-04 3.115420999118648530e-04 3.234331753416389184e-04 3.268129589475084239e-04 3.289992402827699304e-04 3.397158646854716441e-04 3.332464664060197498e-04 3.116344542186840188e-04 2.988775020483281134e-04 3.121407693313091379e-04 3.460764610637963659e-04 3.588302166808765071e-04 3.447321431373833399e-04 3.287817280739119730e-04 3.258587347304063402e-04 3.350713569403181136e-04 3.360972865642589125e-04 3.289283308419910972e-04 3.252409812187557385e-04 3.252217603520770857e-04 3.265351530762523879e-04 3.365403457412417072e-04 3.428314720631281008e-04 3.191537439004426277e-04 3.109013429883520589e-04 3.246449115678302975e-04 3.337962162964436198e-04 3.480174536514288666e-04 3.564031487653109790e-04 3.435597683557393934e-04 3.217601077851901521e-04 3.206061204198444245e-04 3.391429621638547337e-04 3.501921382176492238e-04 3.519404569764941022e-04 3.478628061747956459e-04 3.367588747120677417e-04 3.192084520245360444e-04 3.038552883231898779e-04 3.040888574880719689e-04 3.213628048246203097e-04 3.291603952928400184e-04 3.167867660888262727e-04 3.173255132836766586e-04 3.290652827099428256e-04 3.272636789438138224e-04 3.326086565834667115e-04 3.365749484314947649e-04 3.230835366511791663e-04 3.210109701678940915e-04 3.420109456104067770e-04 3.653534575838632260e-04 3.772429056670942348e-04 3.517020961689550302e-04 3.173475809607011460e-04 3.109263840852312822e-04 3.223541278835771653e-04 3.219693287937982519e-04 3.075126320782528761e-04 2.911255103173357407e-04 2.419033325770411473e-04 1.752267702459001076e-04
1.936366742230168948e-04 2.559457391077157753e-04 3.057349661183853765e-04 3.209199238512944240e-04 3.258046738990735477e-04 3.311868846171990154e-04 3.239998306656966540e-04 3.032676071436890249e-04 3.030432174124638106e-04 3.193238660182464187e-04 3.377380381061661965e-04 3.417767789633046824e-04 3.289544675306623053e-04 3.276010621764652124e-04 3.362587375459058373e-04 3.334133160932367776e-04 3.199201201887834183e-04 3.148156137073953686e-04 3.140078084160340295e-04 3.188301706911136771e-04 3.355897407485665049e-04 3.547675180791882467e-04 3.593144123529958879e-04 3.463713362096058858e-04 3.293594602588713685e-04 3.220737421903851908e-04 3.163494245078294449e-04 3.115427013385888141e-04 3.218665214222577722e-04 3.359458900498788880e-04 3.332318860451957861e-04 3.259753989214355936e-04 3.242650188241666853e-04 3.308813814785180915e-04 3.480802365527282667e-04 3.660127082341945218e-04 3.673103256896222222e-04 3.359112276261590679e-04 3.054226932367304619e-04 3.137975308029838603e-04 3.269042731033332825e-04 3.231896722231334795e-04 3.334247661419038498e-04 3.550116556419603397e-04 3.420476123994047870e-04 3.042913084473089719e-04 2.853528328904591854e-04 3.091959568764515113e-04 3.507094252501047078e-04 3.644678628975456182e-04 3.480610713798725398e-04 3.286650300001129200e-04 3.211582719553748768e-04 3.284299307307952595e-04 3.386566693167136028e-04 3.435243445587259515e-04 3.463323415783605167e-04 3.406774278370202106e-04 3.319059175838276737e-04 3.345250618369076238e-04 3.369817287290727769e-04 3.225332699072422913e-04 3.293872846959512712e-04 3.467512790705962362e-04 3.459106709310597874e-04 3.476304728502552926e-04 3.541948059583544754e-04 3.476203087537606045e-04 3.244471004455380149e-04 3.026469202940882254e-04 3.005703808091863259e-04 3.123782033729920410e-04 3.301830185779821496e-04 3.358724084046956675e-04 3.266603781182633639e-04 3.189249253766409265e-04 3.129098487291368793e-04 3.034216710050070993e-04 3.088004740104552609e-04 3.108382045661018181e-04 3.002888162506379445e-04 3.064676149995900368e-04 3.208337700587149508e-04 3.276157923749245309e-04 3.399644564429245806e-04 3.376362292058153426e-04 3.219511726303279551e-04 3.185313018466187076e-04 3.317809307925013952e-04 3.556355157262950902e-04 3.685618318191113095e-04 3.402229046642467770e-04 3.118170576466777278e-04 3.223722516944336016e-04 3.441189570566465265e-04 3.412401900011214229e-04 3.243968683202185866e-04 3.075719183026081899e-04 2.467147438374106484e-04 1.664217776663773232e-04
1.847555400192382995e-04 2.582903962486655480e-04 3.096490394620915292e-04 3.217236160724210470e-04 3.270485964593721579e-04 3.321075822251013526e-04 3.328804643310793619e-04 3.318254518605998288e-04 3.328953470995911382e-04 3.311237174225894423e-04 3.426825426170350950e-04 3.513269249234838350e-04 3.388043973213969245e-04 3.313539883785977130e-04 3.328802646956550136e-04 3.290193041278977808e-04 3.130062858240853247e-04 3.097278778267543043e-04 3.163281761482120624e-04 3.160579425964243211e-04 3.306636462981386252e-04 3.508961047415707865e-04 3.470788179959099530e-04 3.303063783852746562e-04 3.273106407770446334e-04 3.327284560819587290e-04 3.245528364008364811e-04 3.071154381832020197e-04 3.079658473902456431e-04 3.211765804886577958e-04 3.290718743054314461e-04 3.353107897406689243e-04 3.395600790479264973e-04 3.407836870506722069e-04 3.448169232448509720e-04 3.482990347133252526e-04 3.424538801958285994e-04 3.243661174799215472e-04 3.082147775852813344e-04 3.196261911226732895e-04 3.373329707766261612e-04 3.357752368613475553e-04 3.501375516954750421e-04 3.682974272252591448e-04 3.424453102850266543e-04 3.040830771260925360e-04 2.945590347340033355e-04 3.207767238930851164e-04 3.495132461029579174e-04 3.548391946073882778e-04 3.403235701754231120e-04 3.260961355085893244e-04 3.233078281999118083e-04 3.291923383454351806e-04 3.394258003353929805e-04 3.452813777579293378e-04 3.493385171158895869e-04 3.456320557942933530e-04 3.377382965247187037e-04 3.378550642055156567e-04 3.367118143087364981e-04 3.280471553886492525e-04 3.383542823850193594e-04 3.497142485890561794e-04 3.395736861562551013e-04 3.283040303710560589e-04 3.284930058068727919e-04 3.328923418369628129e-04 3.270472197392078014e-04 3.024136862785393879e-04 2.891403326423843539e-04 3.006984518704165863e-04 3.232708730608620630e-04 3.309681001013852495e-04 3.267801540811976014e-04 3.269351043871953797e-04 3.273787424058286757e-04 3.137228407561714455e-04 3.077631845229769365e-04 3.027111688514265973e-04 3.026391070480687604e-04 3.233340822355526144e-04 3.434983619498552026e-04 3.518380698568011585e-04 3.510010795381569675e-04 3.314746314636575182e-04 3.150539656157695071e-04 3.143682964072981568e-04 3.199922967790477975e-04 3.361604277349411691e-04 3.486723360536532869e-04 3.326427154028587701e-04 3.162921617011720649e-04 3.283191989192532330e-04 3.495982839104159654e-04 3.484777178739818619e-04 3.365146676311350522e-04 3.184053362306805707e-04 2.480636041128001759e-04 1.570557976754965307e-04
1.933862857311210363e-04 2.735203396302848572e-04 3.234551622966735495e-04 3.282967472772381381e-04 3.290171461912189859e-04 3.333466807788981962e-04 3.458451821197668649e-04 3.607085421526259644e-04 3.562365875621286804e-04 3.360776787898190048e-04 3.346566406940798912e-04 3.427955785508434773e-04 3.411931577244568109e-04 3.412745344079723278e-04 3.356190630915408890e-04 3.242701298462919053e-04 3.133234333716135604e-04 3.130626538796892370e-04 3.200579789901028538e-04 3.169403610544237020e-04 3.221436439563845765e-04 3.345542730082278230e-04 3.315336810587139944e-04 3.203927007100115169e-04 3.268243243773391983e-04 3.434951413792874855e-04 3.384568554799793363e-04 3.127573101644601293e-04 3.051898404362514438e-04 3.174383436892093272e-04 3.275956100778577222e-04 3.328655924048625836e-04 3.357019922874792252e-04 3.377446948699013214e-04 3.316621443160351797e-04 3.185110568361523213e-04 3.097481905570346594e-04 3.067553330105823525e-04 3.098655445141316350e-04 3.251457475407912496e-04 3.400865115972620816e-04 3.386827166831702556e-04 3.525117527604275727e-04 3.607697180264816299e-04 3.277714766045711063e-04 3.004545978366884320e-04 3.025748707118347796e-04 3.238519946521057962e-04 3.360639631060624013e-04 3.320119889932098131e-04 3.227781838129832994e-04 3.228094820074487847e-04 3.288480925103944930e-04 3.339419195786008003e-04 3.473842636703693989e-04 3.526028962522633056e-04 3.453957054200417929e-04 3.322294638342742322e-04 3.257189521184540256e-04 3.353760673378985719e-04 3.415362649439271803e-04 3.297522003915730692e-04 3.254856555393457118e-04 3.304028946629395834e-04 3.213712036312649364e-04 3.027886815223865009e-04 2.910560224180007644e-04 3.000117446839274627e-04 3.158270109673479305e-04 3.089805809103810907e-04 3.042488302336548468e-04 3.139069549454994389e-04 3.252613176112552503e-04 3.278090699133969898e-04 3.321863770872649987e-04 3.398812206364163575e-04 3.402284385318051982e-04 3.235836470736709125e-04 3.093126267494658121e-04 3.057646162493938896e-04 3.160027173876016489e-04 3.361776268695208141e-04 3.598804518152615584e-04 3.751400273000643796e-04 3.622342512743514931e-04 3.264162997426241133e-04 3.036034755958842354e-04 3.054336192781807388e-04 3.138399082200199171e-04 3.238007448820143155e-04 3.367754059747627999e-04 3.391196173154662451e-04 3.336622013025247573e-04 3.313752587982012033e-04 3.421275122683028764e-04 3.479929278393606657e-04 3.417090980571526118e-04 3.246342551126507538e-04 2.572106267794970228e-04 1.649922343974070103e-04
2.017214699601370788e-04 2.840281747938689120e-04 3.310834742255913872e-04 3.252001062293631865e-04 3.221373135349794013e-04 3.352848435318368661e-04 3.503651502292010923e-04 3.513393062935178299e-04 3.311557730710036661e-04 3.107846822420875154e-04 3.110987765730974892e-04 3.214753607347784685e-04 3.312070802259342692e-04 3.383051084694792829e-04 3.307192110831206440e-04 3.194497803019228721e-04 3.227444009872381227e-04 3.348936378295981186e-04 3.426659319304477692e-04 3.334535575992539271e-04 3.238625589595903751e-04 3.288806278787889279e-04 3.304068509444473868e-04 3.250978609023497828e-04 3.286224344464017447e-04 3.434981550001145467e-04 3.447271680825951187e-04 3.282791041827585088e-04 3.204597253064994742e-04 3.273337984957644820e-04 3.388233589890188822e-04 3.426224701246836490e-04 3.370019468536619581e-04 3.393061681161464315e-04 3.333855345982821537e-04 3.096236812266345913e-04 2.988912893602534452e-04 3.057869984747099788e-04 3.211668018035141077e-04 3.337467895794711406e-04 3.300724275391910554e-04 3.167832867425108721e-04 3.277644691128248945e-04 3.373770347027520980e-04 3.196381065531585133e-04 3.100585501021951786e-04 3.170371292924486486e-04 3.273258214945184074e-04 3.266217333817695136e-04 3.154034736845736232e-04 3.109665058457232499e-04 3.236479589569876973e-04 3.351954986684669169e-04 3.363661792152578120e-04 3.494954853863636575e-04 3.575867923176010289e-04 3.392325750516298703e-04 3.156743132321000885e-04 3.137551140634402052e-04 3.303672466599953022e-04 3.357676850988890768e-04 3.238081545312489358e-04 3.238362649460594842e-04 3.367236072677329880e-04 3.290162156399171730e-04 3.072329960380375865e-04 2.879850629250302460e-04 2.902752146789752750e-04 3.138143865832211513e-04 3.267151209975085535e-04 3.313812759096722294e-04 3.252128099858295641e-04 3.166483640471989564e-04 3.187844171550679919e-04 3.341825706495812789e-04 3.530230939468087178e-04 3.468818721671061158e-04 3.234590788294473720e-04 3.174310863057909276e-04 3.276180410920647075e-04 3.335468231831569420e-04 3.274907453645915507e-04 3.377460085922109152e-04 3.601893018982811308e-04 3.622137302883543216e-04 3.340745170741463176e-04 3.054612924379281839e-04 3.003509292715838999e-04 3.099125787942428093e-04 3.163769896893607863e-04 3.281422768698734533e-04 3.390793367966909565e-04 3.338892793408294131e-04 3.217947088076833669e-04 3.319746037919209377e-04 3.454285508465873653e-04 3.406133069732623746e-04 3.277139804986696535e-04 2.720280221226880181e-04 1.855812098423310495e-04
2.050218349616663230e-04 2.809085142434698161e-04 3.242331816823458687e-04 3.188599896463432861e-04 3.199177045389634856e-04 3.376847467682898255e-04 3.451664462681737770e-04 3.287362346127585197e-04 3.008124207443200462e-04 2.866124967925885660e-04 2.956007064727023083e-04 3.107637872636527933e-04 3.188211928322766788e-04 3.204673386062751326e-04 3.190016009847221291e-04 3.209416490869448262e-04 3.336657708033733023e-04 3.499258786992940533e-04 3.623037657075246385e-04 3.580637546512932144e-04 3.403449565453683240e-04 3.303333460935419918e-04 3.249671773028065588e-04 3.266424519282563541e-04 3.327959751270685978e-04 3.373373865372522921e-04 3.362454002668964406e-04 3.427170552090528025e-04 3.485609668138680423e-04 3.480511593411024789e-04 3.528962678326503762e-04 3.516267994161744901e-04 3.402240632119688359e-04 3.425703689731332915e-04 3.390435563212610033e-04 3.142751559046154256e-04 3.022942254078953006e-04 3.199536054008086852e-04 3.478947625127769457e-04 3.533370293062175092e-04 3.257446085801447106e-04 2.983273457013096248e-04 3.032725543029511335e-04 3.234555930467589440e-04 3.342234832304640272e-04 3.400276509702878898e-04 3.377010664892790733e-04 3.297512208709349121e-04 3.248093063664776649e-04 3.184288722216663606e-04 3.151424947740791554e-04 3.193276407067226490e-04 3.228930770622535375e-04 3.274987614154630834e-04 3.449789465327892301e-04 3.535588970483873050e-04 3.294844128942005517e-04 3.060087250990204061e-04 3.096641950991127230e-04 3.226539984243555637e-04 3.206010980852151910e-04 3.117125540220367025e-04 3.220361755072076622e-04 3.421045338077619664e-04 3.386816648326262534e-04 3.238194779441478928e-04 3.131100000398115944e-04 3.137470830034035378e-04 3.324335832295610346e-04 3.508174864694223747e-04 3.513756732051764083e-04 3.253645427986875320e-04 3.055369080347811791e-04 3.141425589557018212e-04 3.399690186446425490e-04 3.608036298525157731e-04 3.433924183669496803e-04 3.196397353442189272e-04 3.260320774435846109e-04 3.380011902358664392e-04 3.320336568539494033e-04 3.089798414070818911e-04 3.071842376278985376e-04 3.313272400641223566e-04 3.530451694747186201e-04 3.458363841350057871e-04 3.220512334582915546e-04 3.070361079893604069e-04 3.125962451430566247e-04 3.196109065967771539e-04 3.323856375343663735e-04 3.375585281444785186e-04 3.174114949703742855e-04 3.029134647748933000e-04 3.173963432508530966e-04 3.316298610860405303e-04 3.327770060282742633e-04 3.215482284820640572e-04 2.655782791853999341e-04 1.862214878603810314e-04
2.011730839601740656e-04 2.736376403157845757e-04 3.175362769520748162e-04 3.159093452721391812e-04 3.187778918357395499e-04 3.337442775042510999e-04 3.410143485721354008e-04 3.310032445736711725e-04 3.108466339073371427e-04 2.961930637502714885e-04 3.014126259364136289e-04 3.113482049003976756e-04 3.111715584726881313e-04 3.128533985034677271e-04 3.262152613514085388e-04 3.387091230968348890e-04 3.487921550677503652e-04 3.519831578524717564e-04 3.577239776619626208e-04 3.619210493739799138e-04 3.420363028479614874e-04 3.152216788790365059e-04 3.097396822966746273e-04 3.260771568227251367e-04 3.378512180859276955e-04 3.323385505908898314e-04 3.210619007617118367e-04 3.360647537715149452e-04 3.549110374273928541e-04 3.482435650451792450e-04 3.366474717438956059e-04 3.292217010811351874e-04 3.232219853554547289e-04 3.320714178051820250e-04 3.357411417655018675e-04 3.171592781230900596e-04 2.983459484300176180e-04 3.230756077574026513e-04 3.659108588519275089e-04 3.689822302347400850e-04 3.304419117409373085e-04 2.991630627035689761e-04 2.982528484438861554e-04 3.167371817413309554e-04 3.377618571135025216e-04 3.535386534519809770e-04 3.415503551788467637e-04 3.229236528011982139e-04 3.278010382951047322e-04 3.362010484369327436e-04 3.344453784170530646e-04 3.268189839835629654e-04 3.170760875680954187e-04 3.217087409264154669e-04 3.425999870275927596e-04 3.475071245777262190e-04 3.237796100320293989e-04 3.097404107158900893e-04 3.163786359591201896e-04 3.211270934474036139e-04 3.181106783964093355e-04 3.116720381296433570e-04 3.200353165173552752e-04 3.350431281372546425e-04 3.343223334364682844e-04 3.282805616723794180e-04 3.344414342049852181e-04 3.470478748809916673e-04 3.568480385292517251e-04 3.619100557587430099e-04 3.520352941199348957e-04 3.269323965215734356e-04 3.075909453016973261e-04 3.122880800857769069e-04 3.372110423564725172e-04 3.570949480776830043e-04 3.432240924832400796e-04 3.248797160439779400e-04 3.287191310393379039e-04 3.324792048216095421e-04 3.245402318793261850e-04 3.077663368148453359e-04 3.042301688962186857e-04 3.232587363247502914e-04 3.489256350179424562e-04 3.547463735719543171e-04 3.374631245388610805e-04 3.167386686438921012e-04 3.219185717548916719e-04 3.369375515976021107e-04 3.473315434864179645e-04 3.371427373969858852e-04 3.038728925972940991e-04 2.924234425172780177e-04 3.097297815588953627e-04 3.228603282670556912e-04 3.239836839826957496e-04 3.018010573960785915e-04 2.377809915221875325e-04 1.647911172462141632e-04
2.064864560905566807e-04 2.853951633920711142e-04 3.278053546321450708e-04 3.161596230225215869e-04 3.117109026994494599e-04 3.256607594611139202e-04 3.431224709135286162e-04 3.485356183348337165e-04 3.341623620288108366e-04 3.214487050094117469e-04 3.307897517540465526e-04 3.384480780999417522e-04 3.300343438312145763e-04 3.256280054049910232e-04 3.399667174142584564e-04 3.541765368180008504e-04 3.595359217546172602e-04 3.490057517496589386e-04 3.441907385325120245e-04 3.528634530579996716e-04 3.312931335888878097e-04 2.957625560889720487e-04 2.922251843815298076e-04 3.118392384008367851e-04 3.294336072665086869e-04 3.346860358187399558e-04 3.271743944885329401e-04 3.332586746497924251e-04 3.502443236653014725e-04 3.459771050434699868e-04 3.290098570055667256e-04 3.177742675720599376e-04 3.140068862979440278e-04 3.245371776492365890e-04 3.335701533957555632e-04 3.258509362363380007e-04 3.093574250535583358e-04 3.327276825208842661e-04 3.741109089126195197e-04 3.734264870190871126e-04 3.396055861925580208e-04 3.161911259815538113e-04 3.190057579330935378e-04 3.268386854183747033e-04 3.341895029496262095e-04 3.515321386821773902e-04 3.377676783322294102e-04 3.133395424197898461e-04 3.232437031176443702e-04 3.419152156751966505e-04 3.493183196848510114e-04 3.448527153325943581e-04 3.315975638958602260e-04 3.268645072538482526e-04 3.371714147420902139e-04 3.398440815018354531e-04 3.259891075470601777e-04 3.224490036838931315e-04 3.349235143123232986e-04 3.405267090418950338e-04 3.371563802063678767e-04 3.326461266578409261e-04 3.358372479191758741e-04 3.403071958046594123e-04 3.385311264317282477e-04 3.311100118029643331e-04 3.384563337499308495e-04 3.588279338509218694e-04 3.618720095170956151e-04 3.489659098852428512e-04 3.293166836958627444e-04 3.171698874071846941e-04 3.086172368862486436e-04 3.141124314953582875e-04 3.351751506031862824e-04 3.526614743462381683e-04 3.468626534273277356e-04 3.308245167357771219e-04 3.284259290512294219e-04 3.313631319261062073e-04 3.298209828458251083e-04 3.233577838099309419e-04 3.150340596110044527e-04 3.186532525976313018e-04 3.388796726910305295e-04 3.474985498122654982e-04 3.347612003747769808e-04 3.239174901724458278e-04 3.369017259298845825e-04 3.524395701757619291e-04 3.506672092585981699e-04 3.299593101065850537e-04 3.014645236384074682e-04 2.973580451568832864e-04 3.097143283404835416e-04 3.183658308412975948e-04 3.143500338559719240e-04 2.806509437496214386e-04 2.133400743849118996e-04 1.441876059632357459e-04
2.161750386046726910e-04 2.933692205625583731e-04 3.245883318435515558e-04 3.048391657491824453e-04 2.983966367502078254e-04 3.177314292112933761e-04 3.437288070325838401e-04 3.509203974465151601e-04 3.402043737893534030e-04 3.410417025474200229e-04 3.609030319406556701e-04 3.684230721040676095e-04 3.523069586130150692e-04 3.374596681736637192e-04 3.398702108643870783e-04 3.458762273119292147e-04 3.435688008257966686e-04 3.269110789445892973e-04 3.268300247121720464e-04 3.482767000581629257e-04 3.353628654919290665e-04 3.032309244250547156e-04 2.976087255646144535e-04 3.069279415960605864e-04 3.211210230530036833e-04 3.388327608393360436e-04 3.433766376702633810e-04 3.448496764082807772e-04 3.573217033734145962e-04 3.617174626365231185e-04 3.466182216748192688e-04 3.233093700174446668e-04 3.120737824635156981e-04 3.228267614458494228e-04 3.370138401198808286e-04 3.405644319445970750e-04 3.336173029439819400e-04 3.413185881100627792e-04 3.582242708954263481e-04 3.549008955243906525e-04 3.420139913429504986e-04 3.361261685183039799e-04 3.435446593702167276e-04 3.383468161752497833e-04 3.279200801669264736e-04 3.392139080544623450e-04 3.318790706854094419e-04 3.071638994371642334e-04 3.083411265843059791e-04 3.287356418088251912e-04 3.497826719958936972e-04 3.505558458927864876e-04 3.381955155721147422e-04 3.259944944970973729e-04 3.271880789275937482e-04 3.347476562245203465e-04 3.312534296763532484e-04 3.310185874226166604e-04 3.472813757996876579e-04 3.614051840742224715e-04 3.551382922067515937e-04 3.427124314813960850e-04 3.368103459224378255e-04 3.386640512850636747e-04 3.404158132713334690e-04 3.281414738527500081e-04 3.172370297358559203e-04 3.274385334007528115e-04 3.332661745698768142e-04 3.233424391026480226e-04 3.072786855066507602e-04 3.088771894242453228e-04 3.153971736866426263e-04 3.273590824754087124e-04 3.411978126433335996e-04 3.459295462174784481e-04 3.372818372054073072e-04 3.233533577159877640e-04 3.175943227328959992e-04 3.254724947961154741e-04 3.388411561326294934e-04 3.433086217100770427e-04 3.324769898685764899e-04 3.195758013103907648e-04 3.250862116219617459e-04 3.284294176159669636e-04 3.183709902630904977e-04 3.268841612778388989e-04 3.577058181383130017e-04 3.693363872543784692e-04 3.523184393505515016e-04 3.277563064775334666e-04 3.094243498967844900e-04 3.083315502389591184e-04 3.101401649170259806e-04 3.135319820903344342e-04 3.150184584790438180e-04 2.902229037573887237e-04 2.268096456844279248e-04 1.541526608800386391e-04
2.105112772298894399e-04 2.810187696046440768e-04 3.076514698113618374e-04 2.932171310003776682e-04 2.908137937482089879e-04 3.176700411449734818e-04 3.486626589174671555e-04 3.449261016908707414e-04 3.276678413962604095e-04 3.278059255144978004e-04 3.455299310455336569e-04 3.583670666756902032e-04 3.457427675900900791e-04 3.295850682520494890e-04 3.233458433943601031e-04 3.121540779803700250e-04 2.976052236965698880e-04 2.893969432593069581e-04 3.138673787412039353e-04 3.547995674493028672e-04 3.573386015913364386e-04 3.296400807782561221e-04 3.126903294746830129e-04 3.090621047899112621e-04 3.137086197348980558e-04 3.277982577294659373e-04 3.357431721040371854e-04 3.374953981626706333e-04 3.453779695263102111e-04 3.498905224589175453e-04 3.333174391998742440e-04 3.086529158510542548e-04 3.027109093275158263e-04 3.179324550616234113e-04 3.336583214518743651e-04 3.382532845736981584e-04 3.364654763754691127e-04 3.318523968665623930e-04 3.250121155409510586e-04 3.189379444273264226e-04 3.202619184140180833e-04 3.285107644919901771e-04 3.397250530305607140e-04 3.295155218951400654e-04 3.105473062179500785e-04 3.136129296456832477e-04 3.199035422077309331e-04 3.108850692808587759e-04 3.052404698991400232e-04 3.174500086201779677e-04 3.404075095881645618e-04 3.388674049869126780e-04 3.187040840723396424e-04 3.004730307145371364e-04 3.034113707835074799e-04 3.241710011169937557e-04 3.340304240097230828e-04 3.313190815985646060e-04 3.352115207688845851e-04 3.463530161444090339e-04 3.398333247208744270e-04 3.275698467818151252e-04 3.268088832719412569e-04 3.321012398615197630e-04 3.315451927466071249e-04 3.208740266937375163e-04 3.024250850733516756e-04 2.990255122862664310e-04 3.039992239714026231e-04 3.052089323456959368e-04 3.016216239699787312e-04 3.169856891398288492e-04 3.343540258063659731e-04 3.386879785939980497e-04 3.316833665328449169e-04 3.189295163045563139e-04 3.094172326678249841e-04 3.133512983123729750e-04 3.179878707643978052e-04 3.280095811158735032e-04 3.461092473525634967e-04 3.541507618113213986e-04 3.490886721394500028e-04 3.315154492139063070e-04 3.223274445318222332e-04 3.189453210514195565e-04 3.081029945472187623e-04 3.202716699029711052e-04 3.596347262380480579e-04 3.740335024551159947e-04 3.507930934215531139e-04 3.296756182960425968e-04 3.210393912828342182e-04 3.225735234806898833e-04 3.257849363509420101e-04 3.324275869949155048e-04 3.438785457042396526e-04 3.286981153101496559e-04 2.581113571505415046e-04 1.744764973351146204e-04
1.910087502005952740e-04 2.484787569530165453e-04 2.790261535842388407e-04 2.846810370000659959e-04 2.859463688610631429e-04 3.045489591261555306e-04 3.295806637587434971e-04 3.194141415835309930e-04 2.931268448079222926e-04 2.836223456190759776e-04 2.997041753332981484e-04 3.226566582762736553e-04 3.214031261919989609e-04 3.076186034356988785e-04 2.957583517692084036e-04 2.765243561383655944e-04 2.588859769365666765e-04 2.589331738901527475e-04 2.908278494006893370e-04 3.293671080842194235e-04 3.440694720631003222e-04 3.304360320114190473e-04 3.037445169034565587e-04 2.859804219862741264e-04 2.865124046294575955e-04 2.997549541121176039e-04 3.088528286716807304e-04 3.081966239128421819e-04 3.034857779286993622e-04 2.970054126935137823e-04 2.847896497474579043e-04 2.817112367941659542e-04 2.895722950840148250e-04 2.965753766843129587e-04 3.007217005301846382e-04 3.071662144010068153e-04 3.180812882120288474e-04 3.135615777539937509e-04 2.946261143190527943e-04 2.876514291965820706e-04 2.933317160084555160e-04 3.046083520820273187e-04 3.141015340129326761e-04 3.003594594328849537e-04 2.769279904538244795e-04 2.766850353356511104e-04 2.962608240261763539e-04 3.059475935322154448e-04 2.994564046967744921e-04 2.989329090996139648e-04 3.143492475670135559e-04 3.103486850398350832e-04 2.826582420394307374e-04 2.591770043123858185e-04 2.642381920123740725e-04 2.970642711889839079e-04 3.219342929643079893e-04 3.226982913221912571e-04 3.160269124373274213e-04 3.124205456501029485e-04 3.007901186897408139e-04 2.931778448075086051e-04 2.994296930581915477e-04 3.048439941187505980e-04 3.062521834275618981e-04 3.076082724693349766e-04 2.956126201210488051e-04 2.854479339330025277e-04 2.830128977975111598e-04 2.826725808585496070e-04 2.862096333828393919e-04 3.111529445360159481e-04 3.323501346326077164e-04 3.271068939006941561e-04 3.082497617230218123e-04 2.922010183411275159e-04 2.860095635859166967e-04 3.000757430232131769e-04 3.140921295698370923e-04 3.195632598744904468e-04 3.260066538257311818e-04 3.258743684326170201e-04 3.225645991302990940e-04 3.138525238652904378e-04 3.108866136614516417e-04 3.093859139343094374e-04 2.999734347551199077e-04 3.048135451628009940e-04 3.271039752697980007e-04 3.337045849678388050e-04 3.137267243426240327e-04 3.033785568859964448e-04 3.045222478859169754e-04 3.123172930235381035e-04 3.256955869317810408e-04 3.406110578366539727e-04 3.546495456180197444e-04 3.310903699337425232e-04 2.494943659304016013e-04 1.651523211528072629e-04
1.474547959262404850e-04 1.893786739603681201e-04 2.153942228705522997e-04 2.272981986689191162e-04 2.287835151170057807e-04 2.376074130893719575e-04 2.561570528291642955e-04 2.521401583395508706e-04 2.301298286788652249e-04 2.185568672746702242e-04 2.323902055879595145e-04 2.529994879993662936e-04 2.588430657487065297e-04 2.488626830239899367e-04 2.294721922867879881e-04 2.137523857626764099e-04 2.052164611363580297e-04 2.031427421636309400e-04 2.196095565483922830e-04 2.436440098169624017e-04 2.600773770764159328e-04 2.600509998877162496e-04 2.413651830874203371e-04 2.205527328851969188e-04 2.170124126552000379e-04 2.303405762710692686e-04 2.426408646397531545e-04 2.428794070235175276e-04 2.290420946008458135e-04 2.163316192546361214e-04 2.173154398056084246e-04 2.317907306485519165e-04 2.415610030105246639e-04 2.342598845678376871e-04 2.249104981645950107e-04 2.343283910063674851e-04 2.573726028684244680e-04 2.585003647533063841e-04 2.396218810530875579e-04 2.337892214901057233e-04 2.381660737645205838e-04 2.460535758115367814e-04 2.508995491805506559e-04 2.374717003391671423e-04 2.169085626897965897e-04 2.168784385116059800e-04 2.304348988224314237e-04 2.426377274418142251e-04 2.439132195912300269e-04 2.445647052660276108e-04 2.574370308369524664e-04 2.510157273566406781e-04 2.248403273470038282e-04 2.068927071243346428e-04 2.101729569370818548e-04 2.335808215221896818e-04 2.516017308748894781e-04 2.585958620319633622e-04 2.639955767998384108e-04 2.543355551343970660e-04 2.317847907168085330e-04 2.207097605380137554e-04 2.218353980823968867e-04 2.307295172344860828e-04 2.487448759590434348e-04 2.585864253527294862e-04 2.479171794446001888e-04 2.375554802876604708e-04 2.343381453650756133e-04 2.305910797408053641e-04 2.312741019331587540e-04 2.473146890286751507e-04 2.602937868554127320e-04 2.576072219733799187e-04 2.509001544200561962e-04 2.457410069211267076e-04 2.378876005726812074e-04 2.386910861249083343e-04 2.492548598885940001e-04 2.560627229652793742e-04 2.536164134332165006e-04 2.436204986764247814e-04 2.357738323469351304e-04 2.350881242709019418e-04 2.468074626404008530e-04 2.529687015476768928e-04 2.494662776907242562e-04 2.499594172700464337e-04 2.476071867258057189e-04 2.421716782322579629e-04 2.301745596519777374e-04 2.248969510419140407e-04 2.255546360582899568e-04 2.285597682295708644e-04 2.434328576280794711e-04 2.700116215560583182e-04 2.877405516845314790e-04 2.590922481215682596e-04 1.891122798451821171e-04 1.261528166075701735e-04
9.162534892965204937e-05 1.214843362799545299e-04 1.382795280812275319e-04 1.433160718404223588e-04 1.433754243699557633e-04 1.507126722448094908e-04 1.673644965294997591e-04 1.726823299143007509e-04 1.607207493451424615e-04 1.483161568634756941e-04 1.555401142253205727e-04 1.694202024295363639e-04 1.761114659185086437e-04 1.708294175894991944e-04 1.483100196186484701e-04 1.362704901874701178e-04 1.342437200685462750e-04 1.293202357545777405e-04 1.353492866493226810e-04 1.507221788936417329e-04 1.589897952421707853e-04 1.573214881759577000e-04 1.505346803535703758e-04 1.415650155620602844e-04 1.358429663932403386e-04 1.424270421783267325e-04 1.574705954115986550e-04 1.661066122380217393e-04 1.563146774813791644e-04 1.455167606455717508e-04 1.514481749028684376e-04 1.624133755442270686e-04 1.630249403135360770e-04 1.522160116318547346e-04 1.428833169172033166e-04 1.496414585239873329e-04 1.704414456529235438e-04 1.776211308142983981e-04 1.670665060628195278e-04 1.605551406485328562e-04 1.582536011606332812e-04 1.623330887798427090e-04 1.684571161690150034e-04 1.650808284052018154e-04 1.553352511856758724e-04 1.538734422986139214e-04 1.504504670719724051e-04 1.547786518543145594e-04 1.630443165996287220e-04 1.693004606833477743e-04 1.800181387909060107e-04 1.743634289837927946e-04 1.561255760791928804e-04 1.443251128089020831e-04 1.439602324628042930e-04 1.522104316526915987e-04 1.577449211025238164e-04 1.705632535990440402e-04 1.888823239555537060e-04 1.801980427664465916e-04 1.505832785582446450e-04 1.344701795647709893e-04 1.324025970100235002e-04 1.479453955202705276e-04 1.755393967674444213e-04 1.837429863150048521e-04 1.727427723807888917e-04 1.636162509320959572e-04 1.583294574239870562e-04 1.535966788685050690e-04 1.542436507037355572e-04 1.609456772842926802e-04 1.649560041942374706e-04 1.661432568838973713e-04 1.730233029519980827e-04 1.784364586090270806e-04 1.676951628898910689e-04 1.531522096401854061e-04 1.552197627017500969e-04 1.678555081984592920e-04 1.670040962944575446e-04 1.525224672054677417e-04 1.403776187431961253e-04 1.397458087305013339e-04 1.551107577386118437e-04 1.668456440103207043e-04 1.697189837850100703e-04 1.699396942191520540e-04 1.579895144009272711e-04 1.494337773289953380e-04 1.451138049697003711e-04 1.422188854312217497e-04 1.393299127716697105e-04 1.354877760567543940e-04 1.466575135667229910e-04 1.761486072784937624e-04 1.920148158212727689e-04 1.699184548298035080e-04 1.241273775956465626e-04 8.535246323432853276e-05
