# Atom index	RMSF (Å)
0.000000000000000000e+00 2.861791151856379400e+01
1.000000000000000000e+00 2.742639549742748528e+01
2.000000000000000000e+00 2.419066039197016238e+01
3.000000000000000000e+00 3.123896441071721952e+01
4.000000000000000000e+00 3.305790708103877762e+01
5.000000000000000000e+00 2.773677578796197096e+01
6.000000000000000000e+00 1.636872050097700537e+01
7.000000000000000000e+00 2.486131877916406907e+01
8.000000000000000000e+00 2.664929203363252697e+01
9.000000000000000000e+00 2.721085089800461887e+01
1.000000000000000000e+01 2.045035684248354713e+01
1.100000000000000000e+01 1.709918902744112756e+01
1.200000000000000000e+01 2.131428697893343838e+01
1.300000000000000000e+01 2.126684926317527413e+01
1.400000000000000000e+01 2.289572927955965298e+01
1.500000000000000000e+01 2.279797042009784747e+01
1.600000000000000000e+01 2.284412652019179291e+01
1.700000000000000000e+01 2.390845627181868949e+01
1.800000000000000000e+01 1.756146833379481365e+01
1.900000000000000000e+01 2.301519953151521491e+01
2.000000000000000000e+01 1.331171244290133338e+01
2.100000000000000000e+01 2.663196603259486395e+01
2.200000000000000000e+01 2.489551693812877886e+01
2.300000000000000000e+01 2.193370222152997684e+01
2.400000000000000000e+01 2.132722432808046520e+01
2.500000000000000000e+01 1.732523267626132224e+01
2.600000000000000000e+01 2.248689144060731948e+01
2.700000000000000000e+01 1.377014362250850610e+01
2.800000000000000000e+01 2.395858494532513205e+01
2.900000000000000000e+01 2.264747107996884878e+01
3.000000000000000000e+01 3.170543729825526924e+01
3.100000000000000000e+01 2.248156821826772855e+01
3.200000000000000000e+01 2.282717045210118556e+01
3.300000000000000000e+01 2.389691822829491485e+01
3.400000000000000000e+01 1.950885808806456723e+01
3.500000000000000000e+01 2.470164622605972937e+01
3.600000000000000000e+01 2.230724929202986928e+01
3.700000000000000000e+01 2.324613977049564184e+01
3.800000000000000000e+01 3.159010618731452880e+01
3.900000000000000000e+01 1.428296017210847246e+01
4.000000000000000000e+01 1.528492935850865209e+01
4.100000000000000000e+01 1.675293264505050672e+01
4.200000000000000000e+01 2.254854071691004336e+01
4.300000000000000000e+01 2.707491494735311477e+01
4.400000000000000000e+01 1.940770867333142036e+01
4.500000000000000000e+01 1.926806356501149864e+01
4.600000000000000000e+01 1.992990826171747898e+01
4.700000000000000000e+01 2.483871666825153568e+01
4.800000000000000000e+01 2.070572082915364831e+01
4.900000000000000000e+01 2.109038610211691989e+01
5.000000000000000000e+01 1.245850969009997833e+01
5.100000000000000000e+01 2.605199534893367996e+01
5.200000000000000000e+01 1.863929311574296221e+01
5.300000000000000000e+01 2.082292085242364976e+01
5.400000000000000000e+01 3.801019718921651958e+01
5.500000000000000000e+01 2.340930261535116585e+01
5.600000000000000000e+01 2.099970906775702773e+01
5.700000000000000000e+01 2.949325515706072309e+01
5.800000000000000000e+01 2.726800706212306125e+01
5.900000000000000000e+01 1.614134024279265134e+01
6.000000000000000000e+01 2.298506083202991235e+01
6.100000000000000000e+01 2.703043989027282379e+01
6.200000000000000000e+01 2.183089083531563901e+01
6.300000000000000000e+01 2.510199524300112728e+01
6.400000000000000000e+01 3.495159708748568050e+01
6.500000000000000000e+01 2.439076964224848609e+01
6.600000000000000000e+01 2.030087081917606184e+01
6.700000000000000000e+01 2.564236808070354812e+01
6.800000000000000000e+01 2.194215352409025854e+01
6.900000000000000000e+01 1.796956794636816213e+01
7.000000000000000000e+01 1.597021119820580637e+01
7.100000000000000000e+01 1.677982844427086206e+01
7.200000000000000000e+01 1.983142163972205196e+01
7.300000000000000000e+01 2.535325007598599001e+01
7.400000000000000000e+01 2.134073905742804200e+01
7.500000000000000000e+01 2.628196579395118349e+01
7.600000000000000000e+01 2.745270954404811192e+01
7.700000000000000000e+01 2.789729614091516297e+01
7.800000000000000000e+01 2.187064748373504841e+01
7.900000000000000000e+01 1.671799814868949952e+01
8.000000000000000000e+01 1.732522113831769062e+01
8.100000000000000000e+01 2.333615478758067852e+01
8.200000000000000000e+01 1.994478870454594954e+01
8.300000000000000000e+01 1.988366887621648615e+01
8.400000000000000000e+01 2.473326840479800737e+01
8.500000000000000000e+01 2.415507987426528302e+01
8.600000000000000000e+01 2.514244309037307090e+01
8.700000000000000000e+01 1.880276132255837140e+01
8.800000000000000000e+01 1.777875081647146160e+01
8.900000000000000000e+01 1.142950855991531789e+01
9.000000000000000000e+01 2.217172349613195692e+01
9.100000000000000000e+01 2.007901542191237354e+01
9.200000000000000000e+01 1.684536674160306902e+01
9.300000000000000000e+01 1.824448922050402899e+01
9.400000000000000000e+01 2.392534837462752506e+01
9.500000000000000000e+01 1.633188368709558702e+01
9.600000000000000000e+01 2.705849751777368795e+01
9.700000000000000000e+01 1.691775757116103307e+01
9.800000000000000000e+01 2.409478737055492914e+01
9.900000000000000000e+01 1.976778103328554081e+01
1.000000000000000000e+02 1.443150345344822227e+01
1.010000000000000000e+02 2.288039457289462675e+01
1.020000000000000000e+02 1.020088553225069639e+01
1.030000000000000000e+02 3.029258461100807764e+01
1.040000000000000000e+02 1.935748914402347509e+01
1.050000000000000000e+02 2.429101678096742489e+01
1.060000000000000000e+02 2.815233176099162193e+01
1.070000000000000000e+02 1.976041512596613714e+01
1.080000000000000000e+02 2.180496013790131471e+01
1.090000000000000000e+02 2.975812386098348838e+01
1.100000000000000000e+02 2.504973392725944592e+01
1.110000000000000000e+02 2.766682606315770698e+01
1.120000000000000000e+02 2.910946491378318868e+01
1.130000000000000000e+02 2.737975507423373500e+01
1.140000000000000000e+02 1.706771998741680108e+01
1.150000000000000000e+02 2.137320154106055270e+01
1.160000000000000000e+02 2.181712535588215829e+01
1.170000000000000000e+02 2.459293266963617697e+01
1.180000000000000000e+02 2.447188288318133687e+01
1.190000000000000000e+02 2.262830092287111583e+01
1.200000000000000000e+02 1.436045964210009274e+01
1.210000000000000000e+02 1.730773182911602603e+01
1.220000000000000000e+02 1.657834448961534335e+01
1.230000000000000000e+02 2.478759583677723199e+01
1.240000000000000000e+02 2.851694832266726820e+01
1.250000000000000000e+02 2.561563688395591498e+01
1.260000000000000000e+02 2.179645450222381697e+01
1.270000000000000000e+02 2.114215702331220470e+01
1.280000000000000000e+02 3.011013573047735647e+01
1.290000000000000000e+02 1.505343984015056868e+01
1.300000000000000000e+02 1.626112494999870606e+01
1.310000000000000000e+02 2.833677915918564594e+01
1.320000000000000000e+02 2.203623964320735240e+01
1.330000000000000000e+02 1.048055938245042462e+01
1.340000000000000000e+02 1.811599631975500557e+01
1.350000000000000000e+02 2.446606465144949638e+01
1.360000000000000000e+02 1.571781869644950191e+01
1.370000000000000000e+02 2.374582960412039156e+01
1.380000000000000000e+02 2.962799886300967955e+01
1.390000000000000000e+02 3.344079849812054306e+01
1.400000000000000000e+02 2.209339274658846364e+01
1.410000000000000000e+02 1.331242988292193452e+01
1.420000000000000000e+02 1.236386823239590704e+01
1.430000000000000000e+02 2.278868486591993658e+01
1.440000000000000000e+02 1.783446294281899469e+01
1.450000000000000000e+02 2.107131721343559505e+01
1.460000000000000000e+02 2.350835736198038006e+01
1.470000000000000000e+02 2.012719659662439042e+01
1.480000000000000000e+02 2.649008164780704533e+01
1.490000000000000000e+02 1.450343155646303295e+01
1.500000000000000000e+02 1.413894914750552978e+01
1.510000000000000000e+02 2.630029372287558331e+01
1.520000000000000000e+02 1.991399876404235059e+01
1.530000000000000000e+02 2.807339214879521805e+01
1.540000000000000000e+02 2.875183132323266832e+01
1.550000000000000000e+02 2.000953824046549201e+01
1.560000000000000000e+02 2.455244197347576574e+01
1.570000000000000000e+02 2.219289827051682096e+01
1.580000000000000000e+02 2.249863834950568986e+01
1.590000000000000000e+02 1.683283979940320663e+01
1.600000000000000000e+02 1.696279975446303823e+01
1.610000000000000000e+02 1.257598403120055153e+01
1.620000000000000000e+02 1.987002024695538083e+01
1.630000000000000000e+02 2.416615188363523714e+01
1.640000000000000000e+02 2.121934050735146116e+01
1.650000000000000000e+02 1.549820468375052229e+01
1.660000000000000000e+02 2.610552008928829437e+01
1.670000000000000000e+02 2.723467821508083730e+01
1.680000000000000000e+02 1.520560507000250006e+01
1.690000000000000000e+02 2.923930285969882803e+01
1.700000000000000000e+02 1.571810253678736125e+01
1.710000000000000000e+02 2.719738995731247044e+01
1.720000000000000000e+02 2.111275905887912785e+01
1.730000000000000000e+02 1.948608280336519272e+01
1.740000000000000000e+02 2.462071183853834810e+01
1.750000000000000000e+02 2.228115476403681328e+01
1.760000000000000000e+02 2.152723353507910531e+01
1.770000000000000000e+02 2.608911874707505518e+01
1.780000000000000000e+02 1.912417685325640804e+01
1.790000000000000000e+02 2.502293225139339938e+01
1.800000000000000000e+02 2.386683829377820132e+01
1.810000000000000000e+02 3.037237656884834180e+01
1.820000000000000000e+02 2.077053651775844401e+01
1.830000000000000000e+02 1.617405630876994138e+01
1.840000000000000000e+02 2.216274844274035516e+01
1.850000000000000000e+02 2.253442748556183517e+01
1.860000000000000000e+02 2.427110268316888408e+01
1.870000000000000000e+02 2.635258501962506017e+01
1.880000000000000000e+02 9.173788690113607203e+00
1.890000000000000000e+02 2.937190761047666143e+01
1.900000000000000000e+02 2.432108550354163512e+01
1.910000000000000000e+02 2.186640617911113438e+01
1.920000000000000000e+02 2.707275916940317373e+01
1.930000000000000000e+02 2.602709610396296824e+01
1.940000000000000000e+02 2.222388280940322147e+01
1.950000000000000000e+02 2.130159252809648152e+01
1.960000000000000000e+02 1.910463351679738508e+01
1.970000000000000000e+02 2.480899126405566690e+01
1.980000000000000000e+02 1.920606054905583804e+01
1.990000000000000000e+02 1.347001178076972749e+01
2.000000000000000000e+02 3.121259579498117986e+01
2.010000000000000000e+02 3.220824019467062982e+01
2.020000000000000000e+02 2.823207390894336299e+01
2.030000000000000000e+02 2.434082178270971042e+01
2.040000000000000000e+02 2.159677210780072087e+01
2.050000000000000000e+02 2.807883544218907090e+01
2.060000000000000000e+02 1.300858131187661826e+01
2.070000000000000000e+02 2.300854051931716882e+01
2.080000000000000000e+02 2.634657155679906637e+01
2.090000000000000000e+02 2.140084403930424273e+01
2.100000000000000000e+02 3.200234982076936774e+01
2.110000000000000000e+02 1.997391018723976686e+01
2.120000000000000000e+02 2.576296896678828219e+01
2.130000000000000000e+02 3.153496318993354564e+01
2.140000000000000000e+02 1.712150116797669952e+01
2.150000000000000000e+02 2.438783226154829009e+01
2.160000000000000000e+02 1.887243449141003637e+01
2.170000000000000000e+02 1.970597811040917691e+01
2.180000000000000000e+02 2.259877567060951620e+01
2.190000000000000000e+02 2.346995582480475306e+01
2.200000000000000000e+02 1.912379698457559130e+01
2.210000000000000000e+02 1.707979763537846551e+01
2.220000000000000000e+02 2.583217580977633787e+01
2.230000000000000000e+02 2.421498132426372507e+01
2.240000000000000000e+02 1.950041281564090312e+01
2.250000000000000000e+02 1.421109738217658247e+01
2.260000000000000000e+02 1.853578724773660014e+01
2.270000000000000000e+02 2.581643844766576024e+01
2.280000000000000000e+02 3.237068370917672411e+01
2.290000000000000000e+02 1.808843550392107602e+01
2.300000000000000000e+02 1.376379308583952010e+01
2.310000000000000000e+02 1.134208076496195261e+01
2.320000000000000000e+02 1.977200848179766979e+01
2.330000000000000000e+02 3.032955421472397362e+01
2.340000000000000000e+02 2.607563829933422284e+01
2.350000000000000000e+02 2.544961240649717737e+01
2.360000000000000000e+02 1.118823559927758815e+01
2.370000000000000000e+02 2.979620353881050221e+01
2.380000000000000000e+02 1.896708283474544743e+01
2.390000000000000000e+02 1.834428115351025568e+01
2.400000000000000000e+02 2.911546663469297513e+01
2.410000000000000000e+02 1.943093482029100727e+01
2.420000000000000000e+02 2.742066962106196470e+01
2.430000000000000000e+02 2.342862081278848052e+01
2.440000000000000000e+02 1.090951105198874060e+01
2.450000000000000000e+02 2.451225687758923755e+01
2.460000000000000000e+02 3.132179636157455604e+01
2.470000000000000000e+02 9.667653151872283246e+00
2.480000000000000000e+02 1.789059687965785628e+01
2.490000000000000000e+02 1.179016088787781058e+01
2.500000000000000000e+02 1.712453135228245671e+01
2.510000000000000000e+02 2.343855086309478963e+01
2.520000000000000000e+02 1.758323919618508668e+01
2.530000000000000000e+02 2.355721727628389317e+01
2.540000000000000000e+02 3.031926408186979671e+01
2.550000000000000000e+02 2.346239322141009609e+01
2.560000000000000000e+02 1.793046870550245941e+01
2.570000000000000000e+02 2.911061783101410327e+01
2.580000000000000000e+02 1.189680135485168044e+01
2.590000000000000000e+02 3.114830994594049685e+01
2.600000000000000000e+02 3.433286961289499573e+01
2.610000000000000000e+02 2.106860968269261392e+01
2.620000000000000000e+02 2.103728961373817086e+01
2.630000000000000000e+02 1.208984006924219656e+01
2.640000000000000000e+02 2.354206336782771913e+01
2.650000000000000000e+02 2.425804509758645366e+01
2.660000000000000000e+02 2.649702642197255997e+01
2.670000000000000000e+02 1.536044176549723339e+01
2.680000000000000000e+02 1.409545889543932873e+01
2.690000000000000000e+02 1.113309657211234160e+01
2.700000000000000000e+02 1.859694584949195573e+01
2.710000000000000000e+02 1.324250681053944056e+01
2.720000000000000000e+02 2.278416584120458310e+01
2.730000000000000000e+02 2.048418887202303651e+01
2.740000000000000000e+02 1.899516629834135273e+01
2.750000000000000000e+02 2.082815251651146582e+01
2.760000000000000000e+02 2.546226149626369306e+01
2.770000000000000000e+02 2.149204418484462309e+01
2.780000000000000000e+02 1.514576699106388702e+01
2.790000000000000000e+02 1.895556895594526381e+01
2.800000000000000000e+02 3.250802735858763270e+01
2.810000000000000000e+02 2.411124242863413869e+01
2.820000000000000000e+02 1.086941708001618423e+01
2.830000000000000000e+02 2.549878890477383564e+01
2.840000000000000000e+02 2.963486091669362210e+01
2.850000000000000000e+02 2.028334581312151741e+01
2.860000000000000000e+02 1.407012452270556224e+01
2.870000000000000000e+02 2.239629553763479564e+01
2.880000000000000000e+02 2.182280860687868440e+01
2.890000000000000000e+02 2.584076277727155002e+01
2.900000000000000000e+02 2.290994692719148063e+01
2.910000000000000000e+02 1.617010507751111703e+01
2.920000000000000000e+02 2.770194953785019010e+01
2.930000000000000000e+02 2.081984766721156532e+01
2.940000000000000000e+02 2.089223696086741811e+01
2.950000000000000000e+02 1.290929776300787246e+01
2.960000000000000000e+02 1.966790315728661653e+01
2.970000000000000000e+02 1.408250799600683401e+01
2.980000000000000000e+02 1.802940664355299205e+01
2.990000000000000000e+02 2.726147844866394365e+01
3.000000000000000000e+02 2.657339277648664222e+01
3.010000000000000000e+02 3.072194713282804557e+01
3.020000000000000000e+02 1.477845558294917261e+01
3.030000000000000000e+02 2.432799287772932573e+01
3.040000000000000000e+02 2.578312953490104675e+01
3.050000000000000000e+02 2.332767137117280498e+01
3.060000000000000000e+02 1.773472945142945889e+01
3.070000000000000000e+02 2.243503558322222347e+01
3.080000000000000000e+02 1.534052142639334093e+01
3.090000000000000000e+02 1.114844491836201712e+01
3.100000000000000000e+02 2.424459854902731948e+01
3.110000000000000000e+02 2.703091365572688431e+01
3.120000000000000000e+02 2.616488602490769466e+01
3.130000000000000000e+02 3.408210701836258494e+01
3.140000000000000000e+02 2.043848078176856475e+01
3.150000000000000000e+02 1.271813927754412532e+01
3.160000000000000000e+02 1.682045237446933683e+01
3.170000000000000000e+02 1.992707443166572645e+01
3.180000000000000000e+02 2.855256082953510699e+01
3.190000000000000000e+02 3.395368974907005821e+01
3.200000000000000000e+02 2.425873897970679138e+01
3.210000000000000000e+02 2.823594121901027876e+01
3.220000000000000000e+02 1.426123061137671399e+01
3.230000000000000000e+02 3.032508046413679281e+01
3.240000000000000000e+02 1.939446859942350443e+01
3.250000000000000000e+02 1.770566230450050682e+01
3.260000000000000000e+02 2.557229022544427011e+01
3.270000000000000000e+02 1.631593989799284472e+01
3.280000000000000000e+02 2.455020829559136430e+01
3.290000000000000000e+02 2.034617340015947562e+01
3.300000000000000000e+02 1.271082226837728513e+01
3.310000000000000000e+02 1.333288181019926810e+01
3.320000000000000000e+02 1.979519592097532765e+01
3.330000000000000000e+02 2.583747847525935626e+01
3.340000000000000000e+02 2.567948159436527433e+01
3.350000000000000000e+02 2.696084049446317721e+01
3.360000000000000000e+02 2.979651244634892748e+01
3.370000000000000000e+02 2.105368590724448197e+01
3.380000000000000000e+02 1.212799774396730434e+01
3.390000000000000000e+02 2.069835649256015486e+01
3.400000000000000000e+02 2.773786502177595636e+01
3.410000000000000000e+02 2.837569060527907894e+01
3.420000000000000000e+02 1.420345575286538597e+01
3.430000000000000000e+02 2.270620734995508982e+01
3.440000000000000000e+02 2.918424120108720743e+01
3.450000000000000000e+02 1.888972102106826867e+01
3.460000000000000000e+02 2.338009954121086409e+01
3.470000000000000000e+02 3.057419910359750759e+01
3.480000000000000000e+02 1.939781738878146911e+01
3.490000000000000000e+02 1.567915572530906765e+01
3.500000000000000000e+02 2.522388863862110853e+01
3.510000000000000000e+02 2.655066921237912680e+01
3.520000000000000000e+02 2.090309396616388682e+01
3.530000000000000000e+02 1.033805074356443221e+01
3.540000000000000000e+02 2.559048732530443360e+01
3.550000000000000000e+02 2.522179436123697016e+01
3.560000000000000000e+02 1.150114715131469367e+01
3.570000000000000000e+02 2.411392331719050830e+01
3.580000000000000000e+02 2.727085089151571395e+01
3.590000000000000000e+02 2.348948785092413161e+01
3.600000000000000000e+02 1.522583582238263844e+01
3.610000000000000000e+02 2.073262385569573851e+01
3.620000000000000000e+02 1.977314113376921867e+01
3.630000000000000000e+02 2.957313545167887625e+01
3.640000000000000000e+02 2.518712350416040024e+01
3.650000000000000000e+02 2.451989988157714606e+01
3.660000000000000000e+02 1.627528455748895908e+01
3.670000000000000000e+02 1.460767139186622288e+01
3.680000000000000000e+02 2.346610298944582595e+01
3.690000000000000000e+02 2.203776259934920390e+01
3.700000000000000000e+02 2.996097796667336155e+01
3.710000000000000000e+02 2.741971993620669679e+01
3.720000000000000000e+02 1.693602843472357122e+01
3.730000000000000000e+02 1.335424495193738004e+01
3.740000000000000000e+02 2.814047650437910519e+01
3.750000000000000000e+02 1.430037108908824095e+01
3.760000000000000000e+02 2.958334991693942229e+01
3.770000000000000000e+02 2.641884351864926828e+01
3.780000000000000000e+02 2.107807675384200863e+01
3.790000000000000000e+02 1.277312720897324105e+01
3.800000000000000000e+02 1.491152653216915169e+01
3.810000000000000000e+02 2.547000254894913596e+01
3.820000000000000000e+02 2.558973230841255742e+01
3.830000000000000000e+02 2.861377355766166275e+01
3.840000000000000000e+02 1.519883276700814356e+01
3.850000000000000000e+02 3.538726198721883520e+01
3.860000000000000000e+02 2.252708004847514900e+01
3.870000000000000000e+02 2.167262783999109388e+01
3.880000000000000000e+02 3.295352146823274353e+01
3.890000000000000000e+02 2.562726263319679276e+01
3.900000000000000000e+02 2.526147919940668984e+01
3.910000000000000000e+02 2.391479292225103848e+01
3.920000000000000000e+02 2.097194648330288658e+01
3.930000000000000000e+02 3.061746184622313294e+01
3.940000000000000000e+02 2.104168323244314465e+01
3.950000000000000000e+02 2.949619996765449059e+01
3.960000000000000000e+02 1.822578595902578869e+01
3.970000000000000000e+02 2.289917143608599304e+01
3.980000000000000000e+02 2.099944827686372406e+01
3.990000000000000000e+02 1.844281289500285936e+01
4.000000000000000000e+02 2.660998878651004418e+01
4.010000000000000000e+02 2.201193864405870926e+01
4.020000000000000000e+02 1.462474950132691021e+01
4.030000000000000000e+02 3.446919411841351888e+01
4.040000000000000000e+02 2.787781038255598531e+01
4.050000000000000000e+02 9.678843623803579987e+00
4.060000000000000000e+02 2.578117533550737051e+01
4.070000000000000000e+02 2.567799683312472325e+01
4.080000000000000000e+02 2.243381564869307709e+01
4.090000000000000000e+02 2.192851696082897561e+01
4.100000000000000000e+02 2.136886850259063308e+01
4.110000000000000000e+02 2.573128345554506780e+01
4.120000000000000000e+02 1.542891095879258856e+01
4.130000000000000000e+02 2.595604874607342083e+01
4.140000000000000000e+02 3.041830572777711694e+01
4.150000000000000000e+02 2.399319399799686536e+01
4.160000000000000000e+02 2.666423010012029238e+01
4.170000000000000000e+02 1.814735500022280945e+01
4.180000000000000000e+02 9.081398922757330183e+00
4.190000000000000000e+02 2.327439146354449662e+01
4.200000000000000000e+02 2.098152629998797636e+01
4.210000000000000000e+02 2.553843025272044187e+01
4.220000000000000000e+02 2.042729639500612748e+01
4.230000000000000000e+02 3.140305537758891674e+01
4.240000000000000000e+02 3.014883701882965994e+01
4.250000000000000000e+02 2.954323469670223190e+01
4.260000000000000000e+02 2.300211472480959785e+01
4.270000000000000000e+02 2.408501256491676656e+01
4.280000000000000000e+02 2.393097894806734161e+01
4.290000000000000000e+02 2.410263770764075630e+01
4.300000000000000000e+02 2.757464081059011818e+01
4.310000000000000000e+02 1.103281449035031869e+01
4.320000000000000000e+02 9.987797644913628758e+00
4.330000000000000000e+02 2.158939248553052437e+01
4.340000000000000000e+02 2.833468997861725214e+01
4.350000000000000000e+02 1.266716316714332891e+01
4.360000000000000000e+02 2.368983638487707566e+01
4.370000000000000000e+02 1.999203600776282741e+01
4.380000000000000000e+02 2.017959123645274744e+01
4.390000000000000000e+02 2.583236742980820111e+01
4.400000000000000000e+02 1.594668116720708895e+01
4.410000000000000000e+02 2.386904019278407674e+01
4.420000000000000000e+02 2.546990565346967017e+01
4.430000000000000000e+02 3.411245045058042535e+01
4.440000000000000000e+02 1.187309174206186491e+01
4.450000000000000000e+02 2.032505107389807364e+01
4.460000000000000000e+02 1.882016554632388150e+01
4.470000000000000000e+02 2.857326474331878785e+01
4.480000000000000000e+02 1.940207576044879545e+01
4.490000000000000000e+02 2.544031891095189479e+01
4.500000000000000000e+02 1.407555780571864901e+01
4.510000000000000000e+02 2.172400434424703519e+01
4.520000000000000000e+02 1.886929244053086663e+01
4.530000000000000000e+02 2.129476790076966708e+01
4.540000000000000000e+02 1.424375268374897452e+01
4.550000000000000000e+02 1.456322770497816599e+01
4.560000000000000000e+02 1.735527034407823521e+01
4.570000000000000000e+02 9.852392270505593075e+00
4.580000000000000000e+02 2.642514983205227352e+01
4.590000000000000000e+02 2.583005154804354220e+01
4.600000000000000000e+02 1.856087630390022980e+01
4.610000000000000000e+02 2.571138480142761296e+01
4.620000000000000000e+02 2.889810561087746876e+01
4.630000000000000000e+02 2.929615606867368527e+01
4.640000000000000000e+02 3.427779833720298797e+01
4.650000000000000000e+02 2.993116995639205768e+01
4.660000000000000000e+02 2.091718490934561814e+01
4.670000000000000000e+02 2.514868815699584204e+01
4.680000000000000000e+02 2.424657215479044936e+01
4.690000000000000000e+02 2.473025261456378843e+01
4.700000000000000000e+02 2.485427741926020317e+01
4.710000000000000000e+02 1.760199278155339542e+01
4.720000000000000000e+02 1.490294734980419733e+01
4.730000000000000000e+02 2.342189374057423024e+01
4.740000000000000000e+02 2.824098259630861563e+01
4.750000000000000000e+02 1.455105061173124525e+01
4.760000000000000000e+02 1.862482545705855586e+01
4.770000000000000000e+02 2.314142365424990544e+01
4.780000000000000000e+02 2.471051445405766600e+01
4.790000000000000000e+02 1.944469398295726847e+01
4.800000000000000000e+02 2.058155738794393841e+01
4.810000000000000000e+02 1.833528125980153334e+01
4.820000000000000000e+02 1.831114639713696590e+01
4.830000000000000000e+02 1.790766236099577924e+01
4.840000000000000000e+02 2.388896435142928354e+01
4.850000000000000000e+02 1.800926558926852650e+01
4.860000000000000000e+02 3.283210462448914058e+01
4.870000000000000000e+02 1.448181566484157656e+01
4.880000000000000000e+02 2.333555637151476603e+01
4.890000000000000000e+02 2.455963764885337852e+01
4.900000000000000000e+02 1.073004228871466559e+01
4.910000000000000000e+02 3.162826230938319938e+01
4.920000000000000000e+02 1.783166967905303579e+01
4.930000000000000000e+02 2.280521112522796656e+01
4.940000000000000000e+02 1.067298048909982455e+01
4.950000000000000000e+02 1.808493100534869669e+01
4.960000000000000000e+02 2.224071282904914781e+01
4.970000000000000000e+02 2.654016105137927184e+01
4.980000000000000000e+02 2.874757350344218665e+01
4.990000000000000000e+02 2.609255119173243997e+01
5.000000000000000000e+02 3.176533937863031198e+01
5.010000000000000000e+02 3.350865394883382464e+01
5.020000000000000000e+02 2.248883860010484881e+01
5.030000000000000000e+02 1.800424170006195723e+01
5.040000000000000000e+02 2.435200700626657522e+01
5.050000000000000000e+02 3.110011849191387512e+01
5.060000000000000000e+02 2.987443382502498679e+01
5.070000000000000000e+02 1.588664617572916171e+01
5.080000000000000000e+02 2.017107348285448865e+01
5.090000000000000000e+02 2.456029655970418446e+01
5.100000000000000000e+02 1.132708841386111587e+01
5.110000000000000000e+02 2.183923813588378593e+01
5.120000000000000000e+02 2.755614605625610736e+01
5.130000000000000000e+02 2.878065336599397028e+01
5.140000000000000000e+02 2.865223718539602871e+01
5.150000000000000000e+02 2.360490100625451149e+01
5.160000000000000000e+02 2.677080831332856192e+01
5.170000000000000000e+02 2.177595347695849881e+01
5.180000000000000000e+02 2.626730870941818807e+01
5.190000000000000000e+02 3.066868416612630810e+01
5.200000000000000000e+02 2.801317110200880833e+01
5.210000000000000000e+02 1.845873151763004216e+01
5.220000000000000000e+02 1.599330803086525421e+01
5.230000000000000000e+02 1.269959040086006219e+01
5.240000000000000000e+02 2.589413627376227822e+01
5.250000000000000000e+02 2.639829471889746770e+01
5.260000000000000000e+02 2.855012953094571415e+01
5.270000000000000000e+02 2.288294698371900182e+01
5.280000000000000000e+02 2.177078513288697081e+01
5.290000000000000000e+02 1.080392522167777614e+01
5.300000000000000000e+02 2.165304132573398732e+01
5.310000000000000000e+02 3.175501550750752955e+01
5.320000000000000000e+02 1.968363730407819290e+01
5.330000000000000000e+02 2.501100333711284662e+01
5.340000000000000000e+02 3.029228462164756053e+01
5.350000000000000000e+02 1.781200931467215298e+01
5.360000000000000000e+02 2.709417482984045122e+01
5.370000000000000000e+02 2.449590475455322647e+01
5.380000000000000000e+02 1.281170104462045245e+01
5.390000000000000000e+02 2.356437954591985573e+01
5.400000000000000000e+02 1.243427775983063910e+01
5.410000000000000000e+02 2.389109656245688029e+01
5.420000000000000000e+02 2.853742290364827383e+01
5.430000000000000000e+02 1.180743789053849291e+01
5.440000000000000000e+02 1.883345590221177090e+01
5.450000000000000000e+02 2.365486933352709542e+01
5.460000000000000000e+02 2.497543613903923188e+01
5.470000000000000000e+02 3.111982720291405968e+01
5.480000000000000000e+02 2.565477476094764597e+01
5.490000000000000000e+02 1.769432870610764041e+01
5.500000000000000000e+02 1.794851182326814154e+01
5.510000000000000000e+02 2.944571844793416915e+01
5.520000000000000000e+02 2.838114513254474858e+01
5.530000000000000000e+02 2.466376977247912805e+01
5.540000000000000000e+02 2.481926929944858173e+01
5.550000000000000000e+02 2.443479303763810151e+01
5.560000000000000000e+02 1.799080054035536236e+01
5.570000000000000000e+02 1.905524017803865178e+01
5.580000000000000000e+02 2.825914337696594458e+01
5.590000000000000000e+02 3.204717727925682169e+01
5.600000000000000000e+02 1.236687739086949378e+01
5.610000000000000000e+02 2.844854177013018415e+01
5.620000000000000000e+02 2.811683518803984327e+01
5.630000000000000000e+02 2.186054175910933139e+01
5.640000000000000000e+02 2.370635819291261726e+01
5.650000000000000000e+02 2.703102190041027697e+01
5.660000000000000000e+02 2.680574037640063167e+01
5.670000000000000000e+02 2.779007223035938168e+01
5.680000000000000000e+02 2.520984553850766829e+01
5.690000000000000000e+02 1.505631232532942221e+01
5.700000000000000000e+02 1.545272141424113244e+01
5.710000000000000000e+02 2.691964077711803327e+01
5.720000000000000000e+02 1.498918702093186539e+01
5.730000000000000000e+02 8.629285136730898031e+00
5.740000000000000000e+02 1.369054136817587342e+01
5.750000000000000000e+02 3.141260367066766790e+01
5.760000000000000000e+02 2.470433791139809543e+01
5.770000000000000000e+02 1.967348979307075396e+01
5.780000000000000000e+02 2.035852437219465472e+01
5.790000000000000000e+02 3.303936992747111390e+01
5.800000000000000000e+02 1.531570124494938412e+01
5.810000000000000000e+02 1.794855065369108615e+01
5.820000000000000000e+02 1.838406690978368729e+01
5.830000000000000000e+02 3.655882958438775887e+01
5.840000000000000000e+02 2.074357836611500971e+01
5.850000000000000000e+02 1.855761163723927609e+01
5.860000000000000000e+02 2.342880649822630090e+01
5.870000000000000000e+02 2.801603223053294300e+01
5.880000000000000000e+02 9.670255371131366573e+00
5.890000000000000000e+02 2.267691808767400019e+01
5.900000000000000000e+02 1.247604633996070511e+01
5.910000000000000000e+02 2.251790411589422192e+01
5.920000000000000000e+02 2.387332851879266826e+01
5.930000000000000000e+02 1.750104429032640496e+01
5.940000000000000000e+02 3.090427348367041915e+01
5.950000000000000000e+02 2.819136477957316700e+01
5.960000000000000000e+02 1.718724420833800082e+01
5.970000000000000000e+02 2.421180301178922178e+01
5.980000000000000000e+02 2.351080749923795565e+01
5.990000000000000000e+02 2.255374744796390374e+01
6.000000000000000000e+02 1.372651151471948339e+01
6.010000000000000000e+02 1.356939250832638955e+01
6.020000000000000000e+02 3.348475061403662068e+01
6.030000000000000000e+02 2.823622403302896444e+01
6.040000000000000000e+02 2.059606346874798533e+01
6.050000000000000000e+02 1.507293765882177539e+01
6.060000000000000000e+02 2.016749677431599608e+01
6.070000000000000000e+02 1.317838591775177015e+01
6.080000000000000000e+02 1.003261700220078545e+01
6.090000000000000000e+02 2.604600648563166132e+01
6.100000000000000000e+02 1.932218404253347899e+01
6.110000000000000000e+02 2.377903955384370249e+01
6.120000000000000000e+02 2.192858948465616464e+01
6.130000000000000000e+02 2.681445006660194963e+01
6.140000000000000000e+02 2.562517509039389907e+01
6.150000000000000000e+02 2.548524416126428349e+01
6.160000000000000000e+02 2.117545783877032406e+01
6.170000000000000000e+02 2.481381103196050475e+01
6.180000000000000000e+02 3.104132993529993101e+01
6.190000000000000000e+02 2.600720247887842973e+01
6.200000000000000000e+02 2.151399278081548516e+01
6.210000000000000000e+02 1.801200065894539648e+01
6.220000000000000000e+02 2.984375837581649549e+01
6.230000000000000000e+02 3.028087276895671565e+01
6.240000000000000000e+02 3.077481887618672118e+01
6.250000000000000000e+02 2.431360655136950655e+01
6.260000000000000000e+02 2.311610993517355794e+01
6.270000000000000000e+02 2.070902967606635059e+01
6.280000000000000000e+02 2.730243119325664480e+01
6.290000000000000000e+02 2.416586337238882365e+01
6.300000000000000000e+02 2.711787321166297815e+01
6.310000000000000000e+02 2.918203320758330221e+01
6.320000000000000000e+02 2.659477067791501526e+01
6.330000000000000000e+02 2.154938225087727588e+01
6.340000000000000000e+02 1.835295575910346599e+01
6.350000000000000000e+02 2.627116938769067289e+01
6.360000000000000000e+02 3.044690511261285337e+01
6.370000000000000000e+02 2.879970361245958799e+01
6.380000000000000000e+02 2.914290517545633108e+01
6.390000000000000000e+02 2.491315097272383383e+01
6.400000000000000000e+02 2.418872935211971509e+01
6.410000000000000000e+02 1.414603349742464289e+01
6.420000000000000000e+02 1.814715412178039600e+01
6.430000000000000000e+02 2.817204720054457567e+01
6.440000000000000000e+02 2.811886892627298096e+01
6.450000000000000000e+02 1.359990807844465266e+01
6.460000000000000000e+02 2.529786002424972224e+01
6.470000000000000000e+02 2.641684125664959382e+01
6.480000000000000000e+02 2.470485308295118543e+01
6.490000000000000000e+02 2.459809186877528830e+01
6.500000000000000000e+02 2.221913977656250339e+01
6.510000000000000000e+02 2.005887683416179357e+01
6.520000000000000000e+02 2.130843742421079057e+01
6.530000000000000000e+02 1.709011851274762250e+01
6.540000000000000000e+02 2.246320053293455743e+01
6.550000000000000000e+02 2.673234947761459068e+01
6.560000000000000000e+02 2.102733028079195421e+01
6.570000000000000000e+02 2.651608231577665364e+01
6.580000000000000000e+02 1.974868959138894908e+01
6.590000000000000000e+02 2.007562356539509452e+01
6.600000000000000000e+02 1.766323970217119310e+01
6.610000000000000000e+02 2.409568553862852269e+01
6.620000000000000000e+02 1.798325882113507390e+01
6.630000000000000000e+02 3.135920547820969517e+01
6.640000000000000000e+02 2.548543222130620833e+01
6.650000000000000000e+02 2.822857897449748776e+01
6.660000000000000000e+02 1.333210105122269695e+01
6.670000000000000000e+02 1.114596383004261426e+01
6.680000000000000000e+02 2.510179273601253769e+01
6.690000000000000000e+02 2.374491828318359410e+01
6.700000000000000000e+02 2.726435823444900919e+01
6.710000000000000000e+02 2.539129402864395146e+01
6.720000000000000000e+02 2.565469454995939813e+01
6.730000000000000000e+02 2.214164742582045875e+01
6.740000000000000000e+02 2.876361909776197123e+01
6.750000000000000000e+02 2.146467940970474331e+01
6.760000000000000000e+02 1.981244908208835653e+01
6.770000000000000000e+02 2.663563920643817085e+01
6.780000000000000000e+02 2.256984952158009605e+01
6.790000000000000000e+02 1.301969025677010627e+01
6.800000000000000000e+02 1.222769437333401932e+01
6.810000000000000000e+02 8.902674017842123533e+00
6.820000000000000000e+02 9.479086014898923551e+00
6.830000000000000000e+02 2.684502845993667819e+01
6.840000000000000000e+02 2.585970109040632536e+01
6.850000000000000000e+02 2.170506156938784414e+01
6.860000000000000000e+02 2.334019348374414093e+01
6.870000000000000000e+02 2.447331296102952081e+01
6.880000000000000000e+02 1.384196075367586865e+01
6.890000000000000000e+02 1.995585675268513981e+01
6.900000000000000000e+02 1.959560264832599685e+01
6.910000000000000000e+02 1.344025178217138361e+01
6.920000000000000000e+02 1.896046760711163159e+01
6.930000000000000000e+02 2.113826931247270835e+01
6.940000000000000000e+02 2.516895873901691516e+01
6.950000000000000000e+02 1.965435755027633036e+01
6.960000000000000000e+02 2.917046070442199124e+01
6.970000000000000000e+02 1.693122987512307986e+01
6.980000000000000000e+02 2.398746800099403131e+01
6.990000000000000000e+02 2.747885502908587441e+01
7.000000000000000000e+02 2.711354616627345138e+01
7.010000000000000000e+02 1.908321974272128685e+01
7.020000000000000000e+02 2.716412252856805054e+01
7.030000000000000000e+02 1.990089602470639463e+01
7.040000000000000000e+02 3.091061797922857579e+01
7.050000000000000000e+02 2.139532668012052241e+01
7.060000000000000000e+02 2.773731968756017352e+01
7.070000000000000000e+02 2.352093242563287134e+01
7.080000000000000000e+02 2.750153066908637811e+01
7.090000000000000000e+02 3.170610616513848967e+01
7.100000000000000000e+02 2.927419548065681809e+01
7.110000000000000000e+02 2.469487937013779444e+01
7.120000000000000000e+02 2.099465554544219259e+01
7.130000000000000000e+02 2.178272237038011028e+01
7.140000000000000000e+02 2.880586059552466338e+01
7.150000000000000000e+02 1.831912332503778629e+01
7.160000000000000000e+02 1.382534777220477373e+01
7.170000000000000000e+02 2.347731239326634523e+01
7.180000000000000000e+02 3.230637025695085640e+01
7.190000000000000000e+02 9.489570078048870982e+00
7.200000000000000000e+02 1.318234626166070278e+01
7.210000000000000000e+02 1.996277923667623710e+01
7.220000000000000000e+02 2.088960562402552057e+01
7.230000000000000000e+02 2.286099733680126533e+01
7.240000000000000000e+02 3.148625180117645783e+01
7.250000000000000000e+02 2.825480544102340374e+01
7.260000000000000000e+02 2.791860138282395454e+01
7.270000000000000000e+02 2.760902682044327605e+01
7.280000000000000000e+02 2.642711017309768451e+01
7.290000000000000000e+02 3.470385133210017159e+01
7.300000000000000000e+02 2.297673451788902454e+01
7.310000000000000000e+02 1.854601207119853257e+01
7.320000000000000000e+02 1.723825584685397772e+01
7.330000000000000000e+02 1.930536785122717092e+01
7.340000000000000000e+02 1.979212282480922269e+01
7.350000000000000000e+02 3.048122239538077238e+01
7.360000000000000000e+02 3.386178105762606094e+01
7.370000000000000000e+02 1.297139523173281717e+01
7.380000000000000000e+02 3.225704030593706051e+01
7.390000000000000000e+02 3.003093180233114623e+01
7.400000000000000000e+02 1.456908812442105017e+01
7.410000000000000000e+02 1.069420805529033736e+01
7.420000000000000000e+02 2.214588923591524150e+01
7.430000000000000000e+02 3.019160092181433797e+01
7.440000000000000000e+02 1.815977978386390035e+01
7.450000000000000000e+02 2.676852195204455143e+01
7.460000000000000000e+02 2.429790328301182001e+01
7.470000000000000000e+02 2.137134987575736034e+01
7.480000000000000000e+02 2.379337207325243853e+01
7.490000000000000000e+02 2.104472795673418517e+01
7.500000000000000000e+02 2.303289168112729612e+01
7.510000000000000000e+02 1.462874706200429209e+01
7.520000000000000000e+02 2.356392567158845708e+01
7.530000000000000000e+02 1.796634936352809220e+01
7.540000000000000000e+02 2.757943067106325685e+01
7.550000000000000000e+02 1.241323596493404580e+01
7.560000000000000000e+02 3.408623436562816522e+01
7.570000000000000000e+02 3.119676741522526342e+01
7.580000000000000000e+02 2.161836676960072978e+01
7.590000000000000000e+02 2.969875458772667542e+01
7.600000000000000000e+02 2.574427538548103911e+01
7.610000000000000000e+02 1.670521032218719526e+01
7.620000000000000000e+02 2.351983889319098964e+01
7.630000000000000000e+02 2.549537346457995213e+01
7.640000000000000000e+02 1.891137349518437460e+01
7.650000000000000000e+02 2.860225417122500247e+01
7.660000000000000000e+02 2.141336046027041462e+01
7.670000000000000000e+02 2.171431849546170056e+01
7.680000000000000000e+02 1.413730226039609583e+01
7.690000000000000000e+02 1.537044400965037205e+01
7.700000000000000000e+02 3.365259772616453660e+01
7.710000000000000000e+02 1.271441933445246164e+01
7.720000000000000000e+02 1.693779714336446318e+01
7.730000000000000000e+02 1.509632841312954810e+01
7.740000000000000000e+02 2.550613516863986519e+01
7.750000000000000000e+02 2.947770797109865626e+01
7.760000000000000000e+02 1.937776581314726698e+01
7.770000000000000000e+02 2.404482917848750390e+01
7.780000000000000000e+02 1.830236762603492551e+01
7.790000000000000000e+02 1.493299810187244070e+01
7.800000000000000000e+02 2.348443775378186871e+01
7.810000000000000000e+02 2.582460524630048937e+01
7.820000000000000000e+02 2.895654835089587209e+01
7.830000000000000000e+02 2.659600538974140349e+01
7.840000000000000000e+02 2.829095663087594303e+01
7.850000000000000000e+02 1.946681330281817068e+01
7.860000000000000000e+02 1.817083250450852461e+01
7.870000000000000000e+02 2.572160350600728762e+01
7.880000000000000000e+02 1.943567919299648139e+01
7.890000000000000000e+02 2.659722542548124835e+01
7.900000000000000000e+02 1.890374965512267735e+01
7.910000000000000000e+02 2.960607853774220644e+01
7.920000000000000000e+02 1.544619355830855589e+01
7.930000000000000000e+02 2.013846821573584478e+01
7.940000000000000000e+02 2.245761979539556563e+01
7.950000000000000000e+02 1.557837288534512510e+01
7.960000000000000000e+02 2.969269958716197522e+01
7.970000000000000000e+02 2.254381075680208113e+01
7.980000000000000000e+02 2.029625074079876867e+01
7.990000000000000000e+02 1.921266711934091731e+01
8.000000000000000000e+02 2.127666997796232806e+01
8.010000000000000000e+02 1.633478379034216843e+01
8.020000000000000000e+02 1.651754169169014119e+01
8.030000000000000000e+02 2.278464628135622760e+01
8.040000000000000000e+02 1.890615987411477761e+01
8.050000000000000000e+02 2.963429721907996495e+01
8.060000000000000000e+02 2.535998039938554882e+01
8.070000000000000000e+02 2.319305520033958246e+01
8.080000000000000000e+02 2.406548709676991749e+01
8.090000000000000000e+02 1.388645756994004721e+01
8.100000000000000000e+02 2.929850596157433529e+01
8.110000000000000000e+02 1.443604104485159922e+01
8.120000000000000000e+02 2.932330330218994519e+01
8.130000000000000000e+02 1.915633393962642472e+01
8.140000000000000000e+02 1.126963879004709312e+01
8.150000000000000000e+02 1.560336875833768389e+01
8.160000000000000000e+02 2.841935193552465932e+01
8.170000000000000000e+02 2.837189422469306166e+01
8.180000000000000000e+02 2.529850789740095962e+01
8.190000000000000000e+02 2.152984015259827189e+01
8.200000000000000000e+02 1.578900606018369324e+01
8.210000000000000000e+02 2.697683551198441165e+01
8.220000000000000000e+02 1.797001218628565766e+01
8.230000000000000000e+02 2.215920094612214442e+01
8.240000000000000000e+02 1.074264507616034336e+01
8.250000000000000000e+02 2.318108569487389303e+01
8.260000000000000000e+02 1.315674356243951060e+01
8.270000000000000000e+02 2.527140620188388098e+01
8.280000000000000000e+02 2.062857417754316458e+01
8.290000000000000000e+02 1.753337542745035904e+01
8.300000000000000000e+02 1.825866142100567302e+01
8.310000000000000000e+02 2.271022688480344698e+01
8.320000000000000000e+02 2.529984679997478025e+01
8.330000000000000000e+02 1.859698806905782220e+01
8.340000000000000000e+02 2.747665286136166785e+01
8.350000000000000000e+02 1.951508453527861064e+01
8.360000000000000000e+02 1.359880918895868618e+01
8.370000000000000000e+02 2.145038776823531634e+01
8.380000000000000000e+02 2.648638354817926199e+01
8.390000000000000000e+02 2.387599669343359921e+01
8.400000000000000000e+02 1.351445565207465549e+01
8.410000000000000000e+02 2.933392369773606134e+01
8.420000000000000000e+02 1.890548905323514006e+01
8.430000000000000000e+02 2.480334107965234836e+01
8.440000000000000000e+02 2.779517083156679291e+01
8.450000000000000000e+02 2.454796812238962644e+01
8.460000000000000000e+02 1.243965435195639380e+01
8.470000000000000000e+02 9.210167590743770560e+00
8.480000000000000000e+02 2.115601967893839586e+01
8.490000000000000000e+02 1.284134002891179271e+01
8.500000000000000000e+02 2.946587566035905681e+01
8.510000000000000000e+02 2.500380890118305999e+01
8.520000000000000000e+02 1.347436779933152451e+01
8.530000000000000000e+02 2.799080420365831046e+01
8.540000000000000000e+02 2.431310523170339621e+01
8.550000000000000000e+02 2.823437383114680799e+01
8.560000000000000000e+02 1.946851857248359607e+01
8.570000000000000000e+02 2.368055544607183904e+01
8.580000000000000000e+02 3.101270158744901551e+01
8.590000000000000000e+02 2.524859042273221377e+01
8.600000000000000000e+02 1.897501797493660547e+01
8.610000000000000000e+02 2.230827931750556203e+01
8.620000000000000000e+02 2.171384034806737162e+01
8.630000000000000000e+02 1.877642150768458862e+01
8.640000000000000000e+02 2.335410234552975695e+01
8.650000000000000000e+02 1.722132600101262057e+01
8.660000000000000000e+02 2.106511728002097072e+01
8.670000000000000000e+02 1.697149424287955455e+01
8.680000000000000000e+02 2.205853462428384759e+01
8.690000000000000000e+02 2.181953796612783592e+01
8.700000000000000000e+02 1.560806754708151978e+01
8.710000000000000000e+02 1.796033131668586336e+01
8.720000000000000000e+02 1.897619202874183841e+01
8.730000000000000000e+02 2.101555817746025667e+01
8.740000000000000000e+02 3.199166143230805304e+01
8.750000000000000000e+02 2.763906352124018539e+01
8.760000000000000000e+02 3.065291852678286233e+01
8.770000000000000000e+02 3.517601620129633488e+01
8.780000000000000000e+02 1.132485276721070022e+01
8.790000000000000000e+02 1.891389812817102722e+01
8.800000000000000000e+02 2.735116270888321566e+01
8.810000000000000000e+02 3.114628295502327049e+01
8.820000000000000000e+02 1.873657499331245191e+01
8.830000000000000000e+02 3.127542389372188580e+01
8.840000000000000000e+02 2.427867073992105063e+01
8.850000000000000000e+02 1.430181456429515130e+01
8.860000000000000000e+02 2.695790664701141637e+01
8.870000000000000000e+02 1.919778644536475198e+01
8.880000000000000000e+02 2.984076767136881969e+01
8.890000000000000000e+02 2.059502083347138424e+01
8.900000000000000000e+02 2.674121201213442944e+01
8.910000000000000000e+02 2.231063393093338476e+01
8.920000000000000000e+02 2.038866899244622033e+01
8.930000000000000000e+02 1.982093718841866448e+01
8.940000000000000000e+02 2.754423371072331506e+01
8.950000000000000000e+02 2.373163512177402268e+01
8.960000000000000000e+02 1.514798823552435536e+01
8.970000000000000000e+02 2.388374687286863463e+01
8.980000000000000000e+02 2.577964706443738407e+01
8.990000000000000000e+02 1.202595224428166176e+01
9.000000000000000000e+02 1.819325828543157897e+01
9.010000000000000000e+02 3.498346896386873794e+01
9.020000000000000000e+02 2.516180167569501336e+01
9.030000000000000000e+02 1.443460626862974827e+01
9.040000000000000000e+02 1.516463617498185457e+01
9.050000000000000000e+02 2.369795238788758951e+01
9.060000000000000000e+02 1.788100083918130068e+01
9.070000000000000000e+02 2.186092013464796580e+01
9.080000000000000000e+02 3.273980340250639642e+01
9.090000000000000000e+02 2.152344264116297268e+01
9.100000000000000000e+02 2.334663096639121349e+01
9.110000000000000000e+02 2.181414982059756014e+01
9.120000000000000000e+02 1.256710758011377926e+01
9.130000000000000000e+02 9.579552805465612053e+00
9.140000000000000000e+02 2.892737426873249618e+01
9.150000000000000000e+02 2.913555367519795070e+01
9.160000000000000000e+02 1.920375134892081803e+01
9.170000000000000000e+02 1.428431796421210365e+01
9.180000000000000000e+02 2.638431181395951697e+01
9.190000000000000000e+02 1.752693755655339913e+01
9.200000000000000000e+02 2.836366661232530717e+01
9.210000000000000000e+02 2.460008084512937643e+01
9.220000000000000000e+02 2.097262308250000018e+01
9.230000000000000000e+02 2.412688974639356232e+01
9.240000000000000000e+02 1.695837875089844005e+01
9.250000000000000000e+02 1.926522488074696682e+01
9.260000000000000000e+02 1.784978018737916372e+01
9.270000000000000000e+02 1.561075511282847827e+01
9.280000000000000000e+02 2.433353906075885220e+01
9.290000000000000000e+02 1.647931662831982180e+01
9.300000000000000000e+02 2.357960536981026323e+01
9.310000000000000000e+02 2.952253311919892553e+01
9.320000000000000000e+02 2.495034996277585648e+01
9.330000000000000000e+02 1.619816123742048575e+01
9.340000000000000000e+02 2.291837115075393427e+01
9.350000000000000000e+02 2.002933139820686037e+01
9.360000000000000000e+02 2.093715431891127920e+01
9.370000000000000000e+02 1.608774468149176329e+01
9.380000000000000000e+02 2.682827320479255562e+01
9.390000000000000000e+02 2.368598187693186929e+01
9.400000000000000000e+02 2.428496975423046322e+01
9.410000000000000000e+02 1.472856893733350780e+01
9.420000000000000000e+02 2.936879375116611257e+01
9.430000000000000000e+02 2.782344370192645400e+01
9.440000000000000000e+02 1.825098712389924671e+01
9.450000000000000000e+02 3.171391593746288251e+01
9.460000000000000000e+02 2.790812985719365713e+01
9.470000000000000000e+02 3.151575573843569344e+01
9.480000000000000000e+02 2.171058761289089745e+01
9.490000000000000000e+02 2.000324245429453995e+01
9.500000000000000000e+02 2.626230237383294863e+01
9.510000000000000000e+02 2.780508007623781452e+01
9.520000000000000000e+02 1.434981313293473271e+01
9.530000000000000000e+02 1.841571851672745552e+01
9.540000000000000000e+02 2.578658999367177174e+01
9.550000000000000000e+02 2.268527119731581010e+01
9.560000000000000000e+02 2.086447328949985902e+01
9.570000000000000000e+02 1.813813043443025919e+01
9.580000000000000000e+02 2.003051410416867384e+01
9.590000000000000000e+02 2.798916530984835305e+01
9.600000000000000000e+02 8.553001840709439918e+00
9.610000000000000000e+02 2.209262468853915351e+01
9.620000000000000000e+02 1.597729817556887078e+01
9.630000000000000000e+02 2.084356018279098421e+01
9.640000000000000000e+02 2.158728690295117048e+01
9.650000000000000000e+02 2.431174769811429570e+01
9.660000000000000000e+02 3.387748104525547177e+01
9.670000000000000000e+02 2.330779281687879134e+01
9.680000000000000000e+02 2.418931345628937990e+01
9.690000000000000000e+02 2.074673847768378465e+01
9.700000000000000000e+02 1.904061327419749361e+01
9.710000000000000000e+02 9.744889651926367691e+00
9.720000000000000000e+02 1.978900394282923614e+01
9.730000000000000000e+02 2.979164415532967070e+01
9.740000000000000000e+02 2.440261080657253956e+01
9.750000000000000000e+02 3.005577211507514335e+01
9.760000000000000000e+02 2.366656758980533226e+01
9.770000000000000000e+02 1.827527400674854974e+01
9.780000000000000000e+02 2.145981746284407521e+01
9.790000000000000000e+02 8.308783767541042309e+00
9.800000000000000000e+02 1.425087174366026233e+01
9.810000000000000000e+02 2.327759991773262627e+01
9.820000000000000000e+02 1.682962470982202419e+01
9.830000000000000000e+02 2.710217686135764481e+01
9.840000000000000000e+02 2.244799306722266508e+01
9.850000000000000000e+02 3.090211445662767176e+01
9.860000000000000000e+02 2.814299304822316472e+01
9.870000000000000000e+02 2.758312287057616174e+01
9.880000000000000000e+02 1.447972347633598922e+01
9.890000000000000000e+02 2.324609611216078520e+01
9.900000000000000000e+02 1.962620386454162968e+01
9.910000000000000000e+02 2.317337801346437942e+01
9.920000000000000000e+02 2.192306144759119491e+01
9.930000000000000000e+02 2.409101743563126519e+01
9.940000000000000000e+02 1.371844774663067668e+01
9.950000000000000000e+02 1.716866216478197060e+01
9.960000000000000000e+02 2.223810462228318485e+01
9.970000000000000000e+02 1.771016560171592502e+01
9.980000000000000000e+02 2.202470766262477042e+01
9.990000000000000000e+02 1.870931978662238038e+01
1.000000000000000000e+03 2.628759977808666548e+01
1.001000000000000000e+03 1.442339225319382479e+01
1.002000000000000000e+03 2.683127881933370773e+01
1.003000000000000000e+03 2.372274543515114331e+01
1.004000000000000000e+03 2.188166736255782041e+01
1.005000000000000000e+03 2.436388883069409417e+01
1.006000000000000000e+03 3.509191666444913693e+01
1.007000000000000000e+03 2.591889993113445811e+01
1.008000000000000000e+03 3.090614289107976731e+01
1.009000000000000000e+03 2.697773928230859752e+01
1.010000000000000000e+03 1.519452922857972155e+01
1.011000000000000000e+03 2.671723828787468946e+01
1.012000000000000000e+03 1.177153535384259619e+01
1.013000000000000000e+03 1.173671418462368798e+01
1.014000000000000000e+03 2.779564556437810907e+01
1.015000000000000000e+03 1.602378638930662547e+01
1.016000000000000000e+03 2.907859706883967021e+01
1.017000000000000000e+03 2.042485304650755040e+01
1.018000000000000000e+03 1.175714222215476923e+01
1.019000000000000000e+03 2.012718054938550338e+01
1.020000000000000000e+03 1.986459683540450882e+01
1.021000000000000000e+03 1.780909236526887796e+01
1.022000000000000000e+03 3.335786021926452349e+01
1.023000000000000000e+03 2.522907202418711137e+01
1.024000000000000000e+03 2.516764038039097429e+01
1.025000000000000000e+03 2.852863546616704227e+01
1.026000000000000000e+03 2.447101166617894563e+01
1.027000000000000000e+03 3.030206118556355221e+01
1.028000000000000000e+03 2.628761924439239905e+01
1.029000000000000000e+03 2.830724187938936964e+01
1.030000000000000000e+03 1.751543146572435816e+01
1.031000000000000000e+03 1.443798273564659596e+01
1.032000000000000000e+03 2.415917792031887146e+01
1.033000000000000000e+03 2.436831051199921205e+01
1.034000000000000000e+03 1.434500541674532137e+01
1.035000000000000000e+03 3.362563937399507807e+01
1.036000000000000000e+03 2.146699441348515691e+01
1.037000000000000000e+03 1.356329700161106189e+01
1.038000000000000000e+03 1.467823862107058019e+01
1.039000000000000000e+03 2.071037860269728981e+01
1.040000000000000000e+03 1.897450849243631765e+01
1.041000000000000000e+03 2.279514867920402921e+01
1.042000000000000000e+03 2.782760038457372787e+01
1.043000000000000000e+03 1.923687998233282670e+01
1.044000000000000000e+03 2.087140090942701676e+01
1.045000000000000000e+03 2.274790971368403447e+01
1.046000000000000000e+03 2.483210838319008928e+01
1.047000000000000000e+03 2.701353374156998655e+01
1.048000000000000000e+03 2.452368901124781075e+01
1.049000000000000000e+03 2.600103926194390880e+01
1.050000000000000000e+03 2.495302917509390284e+01
1.051000000000000000e+03 3.491728246667572222e+01
1.052000000000000000e+03 2.865707157959517914e+01
1.053000000000000000e+03 2.977783521304104752e+01
1.054000000000000000e+03 2.474559214086606218e+01
1.055000000000000000e+03 2.083196135865049214e+01
1.056000000000000000e+03 2.561675340641077270e+01
1.057000000000000000e+03 2.369554207626973863e+01
1.058000000000000000e+03 2.439402014776897687e+01
1.059000000000000000e+03 2.272222245976158206e+01
1.060000000000000000e+03 2.108182129109452418e+01
1.061000000000000000e+03 2.529713448570169732e+01
1.062000000000000000e+03 1.639715467335535237e+01
1.063000000000000000e+03 2.220007817497677749e+01
1.064000000000000000e+03 2.490107783690412191e+01
1.065000000000000000e+03 2.681253462330431603e+01
1.066000000000000000e+03 1.332472197237925826e+01
1.067000000000000000e+03 1.591752075286757773e+01
1.068000000000000000e+03 2.858206437505038267e+01
1.069000000000000000e+03 1.258264043034660595e+01
1.070000000000000000e+03 2.095584941051453498e+01
1.071000000000000000e+03 2.090661616062419981e+01
1.072000000000000000e+03 2.736830745050204783e+01
1.073000000000000000e+03 1.747266835757071490e+01
1.074000000000000000e+03 1.703013625728099711e+01
1.075000000000000000e+03 2.670640465292377996e+01
1.076000000000000000e+03 2.459328426832764336e+01
1.077000000000000000e+03 2.484808898781104958e+01
1.078000000000000000e+03 2.034499604435239206e+01
1.079000000000000000e+03 2.141317435463141194e+01
1.080000000000000000e+03 1.838212373568434899e+01
1.081000000000000000e+03 1.613690419974210144e+01
1.082000000000000000e+03 2.460979133496169169e+01
1.083000000000000000e+03 2.016837964142429840e+01
1.084000000000000000e+03 1.365091022695846412e+01
1.085000000000000000e+03 2.449504295404920029e+01
1.086000000000000000e+03 1.833480457904477845e+01
1.087000000000000000e+03 1.582421727054210336e+01
1.088000000000000000e+03 1.991775667135931371e+01
1.089000000000000000e+03 1.980569209666110453e+01
1.090000000000000000e+03 1.152494007296490608e+01
1.091000000000000000e+03 2.738615759727206012e+01
1.092000000000000000e+03 2.234199268620128009e+01
1.093000000000000000e+03 2.771511579657931179e+01
1.094000000000000000e+03 2.227668522480040636e+01
1.095000000000000000e+03 2.526590263757194066e+01
1.096000000000000000e+03 1.368746522181955605e+01
1.097000000000000000e+03 1.423483104047303449e+01
1.098000000000000000e+03 2.366122421875722637e+01
1.099000000000000000e+03 2.085565713375121888e+01
1.100000000000000000e+03 2.602715390291063713e+01
1.101000000000000000e+03 2.366262800369801411e+01
1.102000000000000000e+03 1.741067748563385820e+01
1.103000000000000000e+03 1.631570345196731964e+01
1.104000000000000000e+03 2.139701827281919222e+01
1.105000000000000000e+03 2.707998996531992830e+01
1.106000000000000000e+03 1.134333528749779774e+01
1.107000000000000000e+03 3.196616630842543572e+01
1.108000000000000000e+03 1.109761038590585791e+01
1.109000000000000000e+03 1.202458546916097681e+01
1.110000000000000000e+03 2.216136429746942937e+01
1.111000000000000000e+03 2.803595411376080904e+01
1.112000000000000000e+03 2.925082522998466317e+01
1.113000000000000000e+03 2.121429967133500227e+01
1.114000000000000000e+03 2.687624167129425246e+01
1.115000000000000000e+03 2.130304490030877673e+01
1.116000000000000000e+03 2.447881612802670404e+01
1.117000000000000000e+03 1.587878302530008945e+01
1.118000000000000000e+03 2.370019560087064292e+01
1.119000000000000000e+03 2.194850970524258216e+01
1.120000000000000000e+03 2.650733286912450382e+01
1.121000000000000000e+03 9.051280982304639622e+00
1.122000000000000000e+03 8.645430697001053488e+00
1.123000000000000000e+03 1.947426756743451293e+01
1.124000000000000000e+03 2.571937638204909149e+01
1.125000000000000000e+03 2.876747330268815617e+01
1.126000000000000000e+03 1.948258360990611138e+01
1.127000000000000000e+03 2.137925097505557304e+01
1.128000000000000000e+03 1.871995595152299785e+01
1.129000000000000000e+03 1.695487691083373960e+01
1.130000000000000000e+03 1.792609480095838848e+01
1.131000000000000000e+03 2.304475002699231467e+01
1.132000000000000000e+03 2.269791819017854095e+01
1.133000000000000000e+03 2.986324682824793442e+01
1.134000000000000000e+03 1.562336768973165846e+01
1.135000000000000000e+03 2.019926338042216329e+01
1.136000000000000000e+03 2.353535721129147973e+01
1.137000000000000000e+03 2.859581447576315938e+01
1.138000000000000000e+03 3.027193985602001902e+01
1.139000000000000000e+03 2.470855331020439749e+01
1.140000000000000000e+03 2.316164481173341372e+01
1.141000000000000000e+03 2.014507207376712827e+01
1.142000000000000000e+03 2.295167096149273078e+01
1.143000000000000000e+03 2.123625456311004100e+01
1.144000000000000000e+03 2.166798305788332968e+01
1.145000000000000000e+03 2.110117060197132943e+01
1.146000000000000000e+03 1.285930971077825014e+01
1.147000000000000000e+03 1.373083079628772296e+01
1.148000000000000000e+03 1.658750685779033773e+01
1.149000000000000000e+03 1.144965241989131499e+01
1.150000000000000000e+03 1.979283968999870069e+01
1.151000000000000000e+03 1.551298436073988540e+01
1.152000000000000000e+03 1.188776830661071671e+01
1.153000000000000000e+03 2.678026409797602980e+01
1.154000000000000000e+03 9.411505872004061857e+00
1.155000000000000000e+03 2.180244118952884946e+01
1.156000000000000000e+03 2.166526216342617417e+01
1.157000000000000000e+03 1.998793413318510304e+01
1.158000000000000000e+03 1.857611848677369082e+01
1.159000000000000000e+03 2.893873318549018236e+01
1.160000000000000000e+03 1.555911626507289469e+01
1.161000000000000000e+03 2.458879196760207719e+01
1.162000000000000000e+03 2.593513459440337954e+01
1.163000000000000000e+03 2.685991935058310887e+01
1.164000000000000000e+03 3.046754138094633291e+01
1.165000000000000000e+03 9.581482390541719241e+00
1.166000000000000000e+03 1.230641593564301672e+01
1.167000000000000000e+03 2.408416871453106367e+01
1.168000000000000000e+03 1.588337489510865375e+01
1.169000000000000000e+03 1.353418173943598113e+01
1.170000000000000000e+03 2.761630361700489189e+01
1.171000000000000000e+03 2.495551653152089600e+01
1.172000000000000000e+03 2.421059640552695313e+01
1.173000000000000000e+03 2.758668044813940767e+01
1.174000000000000000e+03 8.873197972657706600e+00
1.175000000000000000e+03 1.334828231672842414e+01
1.176000000000000000e+03 2.096139776626958451e+01
1.177000000000000000e+03 2.847947210283330932e+01
1.178000000000000000e+03 3.190603171098241120e+01
1.179000000000000000e+03 1.765620857438364055e+01
1.180000000000000000e+03 2.770814880451680295e+01
1.181000000000000000e+03 3.265823388808479422e+01
1.182000000000000000e+03 2.536404527218099503e+01
1.183000000000000000e+03 2.246800642200532749e+01
1.184000000000000000e+03 2.141270525652948820e+01
1.185000000000000000e+03 2.517044064480938559e+01
1.186000000000000000e+03 2.918856054936599165e+01
1.187000000000000000e+03 2.458538664353213932e+01
1.188000000000000000e+03 2.903053109177546531e+01
1.189000000000000000e+03 3.298397684624887916e+01
1.190000000000000000e+03 1.940862667570757338e+01
1.191000000000000000e+03 2.786973416285643168e+01
1.192000000000000000e+03 2.280830096358736014e+01
1.193000000000000000e+03 2.200524129957290143e+01
1.194000000000000000e+03 2.350220300934347506e+01
1.195000000000000000e+03 2.499034314216335417e+01
1.196000000000000000e+03 2.330585749749745972e+01
1.197000000000000000e+03 2.646352697496271489e+01
1.198000000000000000e+03 2.775872471996780533e+01
1.199000000000000000e+03 2.189864012614483357e+01
1.200000000000000000e+03 2.529182618759084633e+01
1.201000000000000000e+03 2.923042659960908907e+01
1.202000000000000000e+03 1.770546449997455696e+01
1.203000000000000000e+03 2.428057572897983007e+01
1.204000000000000000e+03 1.731340797193825409e+01
1.205000000000000000e+03 3.275719737827331812e+01
1.206000000000000000e+03 3.229190388673346490e+01
1.207000000000000000e+03 1.144020335458218973e+01
1.208000000000000000e+03 2.038651410794934193e+01
1.209000000000000000e+03 3.016665714995182412e+01
1.210000000000000000e+03 1.568648323655381382e+01
1.211000000000000000e+03 2.156458232852056156e+01
1.212000000000000000e+03 2.623031126757744502e+01
1.213000000000000000e+03 2.564582181715818265e+01
1.214000000000000000e+03 2.018795133560705679e+01
1.215000000000000000e+03 1.310829109159999639e+01
1.216000000000000000e+03 1.669765567151439001e+01
1.217000000000000000e+03 1.830425073049206475e+01
1.218000000000000000e+03 2.798192782108862531e+01
1.219000000000000000e+03 1.173269294071843305e+01
1.220000000000000000e+03 2.294853283256418308e+01
1.221000000000000000e+03 2.426448259917498262e+01
1.222000000000000000e+03 2.742312456000564325e+01
1.223000000000000000e+03 2.601502821114084085e+01
1.224000000000000000e+03 3.014350699271123801e+01
1.225000000000000000e+03 2.666234796524435779e+01
1.226000000000000000e+03 1.971813045576830348e+01
1.227000000000000000e+03 2.333448424967150814e+01
1.228000000000000000e+03 2.363458192360973342e+01
1.229000000000000000e+03 1.694362838620243750e+01
1.230000000000000000e+03 2.162622224494421275e+01
1.231000000000000000e+03 1.473307224908442414e+01
1.232000000000000000e+03 1.686036674467118246e+01
1.233000000000000000e+03 1.895381538647134789e+01
1.234000000000000000e+03 2.251015586430476034e+01
1.235000000000000000e+03 2.600067913327632141e+01
1.236000000000000000e+03 1.918967518057544197e+01
1.237000000000000000e+03 3.144100106236781400e+01
1.238000000000000000e+03 2.080421280678844553e+01
1.239000000000000000e+03 3.144646260807883564e+01
1.240000000000000000e+03 1.514459923424806753e+01
1.241000000000000000e+03 2.131928415107839214e+01
1.242000000000000000e+03 2.873079972858560183e+01
1.243000000000000000e+03 2.209869064057538779e+01
1.244000000000000000e+03 1.909008519687655436e+01
1.245000000000000000e+03 1.785249950580795186e+01
1.246000000000000000e+03 2.175730547606436360e+01
1.247000000000000000e+03 2.396820062554016673e+01
1.248000000000000000e+03 1.550049674254789878e+01
1.249000000000000000e+03 1.902770882667485353e+01
1.250000000000000000e+03 2.903395836935315799e+01
1.251000000000000000e+03 3.098976230219661332e+01
1.252000000000000000e+03 2.370522857013087048e+01
1.253000000000000000e+03 2.843064093938679804e+01
1.254000000000000000e+03 3.156056062349038172e+01
1.255000000000000000e+03 1.184334367022910151e+01
1.256000000000000000e+03 2.956447709248910272e+01
1.257000000000000000e+03 1.658378590651290807e+01
1.258000000000000000e+03 2.580937972183370377e+01
1.259000000000000000e+03 2.288709354662075057e+01
1.260000000000000000e+03 2.715965629194914044e+01
1.261000000000000000e+03 1.666177541256832129e+01
1.262000000000000000e+03 1.164846374593909317e+01
1.263000000000000000e+03 2.876216304816412617e+01
1.264000000000000000e+03 2.577236866495012890e+01
1.265000000000000000e+03 2.203828561788958496e+01
1.266000000000000000e+03 2.461929718958394631e+01
1.267000000000000000e+03 2.604332090495850593e+01
1.268000000000000000e+03 1.730020977421982664e+01
1.269000000000000000e+03 2.037148263034409013e+01
1.270000000000000000e+03 1.212167866872804112e+01
1.271000000000000000e+03 1.084757677632894612e+01
1.272000000000000000e+03 2.177725586249009382e+01
1.273000000000000000e+03 3.225536176062083626e+01
1.274000000000000000e+03 1.919885336118579744e+01
1.275000000000000000e+03 2.561178895536568589e+01
1.276000000000000000e+03 2.016079086396299402e+01
1.277000000000000000e+03 2.307237259930382578e+01
1.278000000000000000e+03 2.145334190246328276e+01
1.279000000000000000e+03 2.423044747272075483e+01
1.280000000000000000e+03 2.668684165996661761e+01
1.281000000000000000e+03 1.546976751182998377e+01
1.282000000000000000e+03 2.017149732412882202e+01
1.283000000000000000e+03 2.109348501124070907e+01
1.284000000000000000e+03 2.449076760661123231e+01
1.285000000000000000e+03 1.768191014312604636e+01
1.286000000000000000e+03 1.512956075625379171e+01
1.287000000000000000e+03 2.419435875869710273e+01
1.288000000000000000e+03 2.819358901349069413e+01
1.289000000000000000e+03 2.261481886868723024e+01
1.290000000000000000e+03 1.642621176490690615e+01
1.291000000000000000e+03 2.341719780029624332e+01
1.292000000000000000e+03 2.411110531353045872e+01
1.293000000000000000e+03 2.922910983688666775e+01
1.294000000000000000e+03 2.043830597041549169e+01
1.295000000000000000e+03 2.568205198777093656e+01
1.296000000000000000e+03 1.321519918925199732e+01
1.297000000000000000e+03 1.818170934215302026e+01
1.298000000000000000e+03 2.065145640217454925e+01
1.299000000000000000e+03 2.540750758234321438e+01
1.300000000000000000e+03 3.453298812343012969e+01
1.301000000000000000e+03 2.137465735326984984e+01
1.302000000000000000e+03 2.335139020063959592e+01
1.303000000000000000e+03 3.023584895241352299e+01
1.304000000000000000e+03 1.982753852121804172e+01
1.305000000000000000e+03 3.329341479532743620e+01
1.306000000000000000e+03 1.467471785808127827e+01
1.307000000000000000e+03 1.442616047390030865e+01
1.308000000000000000e+03 3.142318444515653653e+01
1.309000000000000000e+03 1.429168362656089464e+01
1.310000000000000000e+03 1.231032785176185662e+01
1.311000000000000000e+03 1.979725367095218047e+01
1.312000000000000000e+03 2.500102871164223117e+01
1.313000000000000000e+03 2.457299148558348278e+01
1.314000000000000000e+03 2.530785068511390179e+01
1.315000000000000000e+03 3.074772940784733422e+01
1.316000000000000000e+03 1.808296732710388355e+01
1.317000000000000000e+03 1.619987586437780891e+01
1.318000000000000000e+03 2.307095708393577027e+01
1.319000000000000000e+03 1.958646486626972205e+01
1.320000000000000000e+03 2.238367942898813823e+01
1.321000000000000000e+03 2.791660653921941559e+01
1.322000000000000000e+03 2.419022956766828969e+01
1.323000000000000000e+03 2.754757118782325875e+01
1.324000000000000000e+03 1.193118393769860219e+01
1.325000000000000000e+03 2.383547921976240502e+01
1.326000000000000000e+03 1.162644278544045662e+01
1.327000000000000000e+03 2.316414864328781320e+01
1.328000000000000000e+03 1.869527753424690886e+01
1.329000000000000000e+03 2.177250311087615131e+01
1.330000000000000000e+03 2.453861497163430627e+01
1.331000000000000000e+03 1.344876720756941957e+01
1.332000000000000000e+03 2.394716740129723220e+01
1.333000000000000000e+03 2.677137821931138362e+01
1.334000000000000000e+03 3.251928241892875349e+01
1.335000000000000000e+03 2.259517613487252063e+01
1.336000000000000000e+03 1.678345090835290421e+01
1.337000000000000000e+03 3.176468351211090280e+01
1.338000000000000000e+03 1.397082356123869218e+01
1.339000000000000000e+03 1.320164053205702182e+01
1.340000000000000000e+03 1.753863891349616466e+01
1.341000000000000000e+03 1.800804593857150238e+01
1.342000000000000000e+03 2.600267552943913785e+01
1.343000000000000000e+03 2.467712550051412634e+01
1.344000000000000000e+03 1.823016803903063376e+01
1.345000000000000000e+03 2.458327792950276702e+01
1.346000000000000000e+03 2.064493305608905160e+01
1.347000000000000000e+03 2.985556455138611653e+01
1.348000000000000000e+03 1.976483107056509425e+01
1.349000000000000000e+03 2.456573437662438053e+01
1.350000000000000000e+03 1.539835641452866000e+01
1.351000000000000000e+03 2.197374322484649412e+01
1.352000000000000000e+03 1.815417721614832658e+01
1.353000000000000000e+03 2.385941738615428065e+01
1.354000000000000000e+03 1.562657753351967749e+01
1.355000000000000000e+03 2.830938635759845923e+01
1.356000000000000000e+03 2.386664919652545436e+01
1.357000000000000000e+03 2.098077861877967720e+01
1.358000000000000000e+03 2.133552331646821543e+01
1.359000000000000000e+03 2.411261433614119909e+01
1.360000000000000000e+03 1.988101894531022751e+01
1.361000000000000000e+03 2.537285379495607174e+01
1.362000000000000000e+03 3.052812593219436010e+01
1.363000000000000000e+03 2.017112458764500715e+01
1.364000000000000000e+03 2.905756963428961015e+01
1.365000000000000000e+03 2.839442992473569660e+01
1.366000000000000000e+03 1.291252234587483372e+01
1.367000000000000000e+03 1.776927139049416837e+01
1.368000000000000000e+03 2.004575343926759956e+01
1.369000000000000000e+03 2.370708333114978572e+01
1.370000000000000000e+03 2.980433039565583186e+01
1.371000000000000000e+03 1.136318594618107980e+01
1.372000000000000000e+03 1.945668956465056354e+01
1.373000000000000000e+03 1.720735911938024998e+01
1.374000000000000000e+03 2.171076396616856030e+01
1.375000000000000000e+03 2.262371860043795380e+01
1.376000000000000000e+03 2.278265021861648165e+01
1.377000000000000000e+03 2.054370344128367520e+01
1.378000000000000000e+03 2.255951379324384476e+01
1.379000000000000000e+03 1.710880554319129132e+01
1.380000000000000000e+03 1.451444958696215259e+01
1.381000000000000000e+03 2.563948431935179784e+01
1.382000000000000000e+03 2.023503001627826947e+01
1.383000000000000000e+03 1.822301499011120285e+01
1.384000000000000000e+03 1.808439244347462349e+01
1.385000000000000000e+03 2.349008445081191709e+01
1.386000000000000000e+03 2.868074807779444413e+01
1.387000000000000000e+03 2.747780201350702001e+01
1.388000000000000000e+03 2.714356922694996399e+01
1.389000000000000000e+03 2.887603776363460284e+01
1.390000000000000000e+03 2.496985749712562708e+01
1.391000000000000000e+03 1.534249851715843427e+01
1.392000000000000000e+03 2.397482567842624945e+01
1.393000000000000000e+03 2.176073154842070778e+01
1.394000000000000000e+03 2.535371742627849656e+01
1.395000000000000000e+03 1.773104026805149758e+01
1.396000000000000000e+03 2.290366062412858028e+01
1.397000000000000000e+03 2.968264015938458655e+01
1.398000000000000000e+03 1.304423501802798668e+01
1.399000000000000000e+03 3.026281884756126672e+01
1.400000000000000000e+03 2.217707777611332176e+01
1.401000000000000000e+03 2.119224576415368233e+01
1.402000000000000000e+03 1.746835866682163640e+01
1.403000000000000000e+03 2.600262749357396785e+01
1.404000000000000000e+03 1.612753464871384068e+01
1.405000000000000000e+03 2.766374358524018362e+01
1.406000000000000000e+03 2.714523021053679130e+01
1.407000000000000000e+03 1.897858891180356622e+01
1.408000000000000000e+03 1.944365020837730285e+01
1.409000000000000000e+03 2.868713647704743508e+01
1.410000000000000000e+03 1.583373027202422634e+01
1.411000000000000000e+03 2.571689290570601827e+01
1.412000000000000000e+03 3.246095618651860093e+01
1.413000000000000000e+03 2.113853839001905044e+01
1.414000000000000000e+03 2.303238504455462632e+01
1.415000000000000000e+03 2.948420814158840031e+01
1.416000000000000000e+03 2.718688537935421934e+01
1.417000000000000000e+03 2.236800223119238851e+01
1.418000000000000000e+03 1.985386212160447528e+01
1.419000000000000000e+03 1.901575364565061577e+01
1.420000000000000000e+03 2.779386815034410319e+01
1.421000000000000000e+03 3.286985710112445958e+01
1.422000000000000000e+03 2.027415632663653611e+01
1.423000000000000000e+03 2.786822740648895191e+01
1.424000000000000000e+03 2.485796304684381042e+01
1.425000000000000000e+03 3.442514728307241256e+01
1.426000000000000000e+03 2.759366155813797405e+01
1.427000000000000000e+03 2.657944870311195018e+01
1.428000000000000000e+03 2.056637197392322847e+01
1.429000000000000000e+03 2.365011553879908845e+01
1.430000000000000000e+03 1.244200287856850728e+01
1.431000000000000000e+03 1.466891092502216765e+01
1.432000000000000000e+03 2.465013971404607318e+01
1.433000000000000000e+03 2.811975574493115815e+01
1.434000000000000000e+03 2.848219564827694583e+01
1.435000000000000000e+03 2.636464222929273404e+01
1.436000000000000000e+03 2.046565243079982821e+01
1.437000000000000000e+03 2.426411105364801557e+01
1.438000000000000000e+03 2.524573079825220390e+01
1.439000000000000000e+03 1.928765643045758438e+01
1.440000000000000000e+03 2.803963880350714888e+01
1.441000000000000000e+03 1.869029629722818697e+01
1.442000000000000000e+03 2.167116886622614658e+01
1.443000000000000000e+03 1.967306916996527733e+01
1.444000000000000000e+03 2.217167073163496482e+01
1.445000000000000000e+03 3.031994370613903556e+01
1.446000000000000000e+03 2.258852699687002641e+01
1.447000000000000000e+03 1.029121284288502025e+01
1.448000000000000000e+03 1.708578155748318750e+01
1.449000000000000000e+03 1.957734000765745108e+01
1.450000000000000000e+03 9.866078775676371038e+00
1.451000000000000000e+03 1.200673100547667360e+01
1.452000000000000000e+03 1.833614285856221215e+01
1.453000000000000000e+03 2.394346634480454128e+01
1.454000000000000000e+03 1.664090935182381159e+01
1.455000000000000000e+03 2.449939198739472346e+01
1.456000000000000000e+03 2.187029494058529622e+01
1.457000000000000000e+03 2.582259314571460962e+01
1.458000000000000000e+03 2.036651584012233229e+01
1.459000000000000000e+03 2.269063220368001410e+01
1.460000000000000000e+03 2.411221754432518694e+01
1.461000000000000000e+03 2.607764825516090212e+01
1.462000000000000000e+03 3.267012636931610814e+01
1.463000000000000000e+03 2.838044697210185419e+01
1.464000000000000000e+03 2.805886786371910802e+01
1.465000000000000000e+03 2.804897008732904240e+01
1.466000000000000000e+03 2.454628361472210329e+01
1.467000000000000000e+03 1.765763773550993321e+01
1.468000000000000000e+03 2.406595308516651244e+01
1.469000000000000000e+03 2.718202511910839902e+01
1.470000000000000000e+03 1.788022250232779342e+01
1.471000000000000000e+03 2.191548134002093207e+01
1.472000000000000000e+03 1.689252457975591781e+01
1.473000000000000000e+03 2.294788735285673553e+01
1.474000000000000000e+03 1.879823637232526323e+01
1.475000000000000000e+03 2.618010732391444151e+01
1.476000000000000000e+03 1.256991395220000918e+01
1.477000000000000000e+03 1.381598177965040186e+01
1.478000000000000000e+03 2.617496349059732452e+01
1.479000000000000000e+03 2.355522405697547583e+01
1.480000000000000000e+03 2.533078265095153370e+01
1.481000000000000000e+03 2.134746275511528069e+01
1.482000000000000000e+03 1.761948079892167129e+01
1.483000000000000000e+03 2.724909815353190368e+01
1.484000000000000000e+03 2.203546144596950995e+01
1.485000000000000000e+03 2.425839157956751890e+01
1.486000000000000000e+03 1.900565253314357150e+01
1.487000000000000000e+03 1.166315973328148381e+01
1.488000000000000000e+03 2.093806369657687938e+01
1.489000000000000000e+03 1.600276687134986631e+01
1.490000000000000000e+03 2.442322310721054990e+01
1.491000000000000000e+03 2.532584691790804143e+01
1.492000000000000000e+03 2.354885568463813073e+01
1.493000000000000000e+03 1.222892712119384484e+01
1.494000000000000000e+03 1.571535168364252577e+01
1.495000000000000000e+03 1.850192824828734928e+01
1.496000000000000000e+03 9.094832133710449185e+00
1.497000000000000000e+03 2.351703639237349464e+01
1.498000000000000000e+03 1.490280336326946831e+01
1.499000000000000000e+03 1.815745345514407560e+01
1.500000000000000000e+03 2.007188324843073701e+01
1.501000000000000000e+03 1.852109775636582256e+01
1.502000000000000000e+03 2.956512362688462048e+01
1.503000000000000000e+03 2.495094740317806981e+01
1.504000000000000000e+03 1.647769356435532728e+01
1.505000000000000000e+03 2.767943793133137476e+01
1.506000000000000000e+03 1.592523860037589856e+01
1.507000000000000000e+03 2.322214920832556118e+01
1.508000000000000000e+03 1.921380309768253980e+01
1.509000000000000000e+03 2.109069415433028638e+01
1.510000000000000000e+03 1.665028130991657918e+01
1.511000000000000000e+03 2.132878587954147420e+01
1.512000000000000000e+03 2.661755075600501286e+01
1.513000000000000000e+03 2.191393669240080300e+01
1.514000000000000000e+03 2.031237593927974672e+01
1.515000000000000000e+03 2.220914952051302294e+01
1.516000000000000000e+03 1.776806760381240125e+01
1.517000000000000000e+03 8.806773598764445765e+00
1.518000000000000000e+03 2.962744003537003579e+01
1.519000000000000000e+03 2.591642062989060236e+01
1.520000000000000000e+03 2.592271045644808325e+01
1.521000000000000000e+03 3.271837926170481836e+01
1.522000000000000000e+03 2.492479835898064877e+01
1.523000000000000000e+03 2.224173245562596080e+01
1.524000000000000000e+03 1.898963169156060005e+01
1.525000000000000000e+03 2.586141617955710004e+01
1.526000000000000000e+03 2.427794114641889323e+01
1.527000000000000000e+03 1.434634151885067155e+01
1.528000000000000000e+03 2.077774316481577088e+01
1.529000000000000000e+03 2.373083185542333595e+01
1.530000000000000000e+03 2.280863325799314012e+01
1.531000000000000000e+03 2.402887621897069792e+01
1.532000000000000000e+03 9.662215928017143796e+00
1.533000000000000000e+03 2.290858254702212449e+01
1.534000000000000000e+03 2.878818167715686371e+01
1.535000000000000000e+03 2.720583261903900052e+01
1.536000000000000000e+03 2.887895786841205847e+01
1.537000000000000000e+03 2.788885538022461219e+01
1.538000000000000000e+03 2.014061272510765122e+01
1.539000000000000000e+03 3.433493553383977570e+01
1.540000000000000000e+03 1.946524677619145649e+01
1.541000000000000000e+03 1.823850133087458047e+01
1.542000000000000000e+03 2.135494806362446596e+01
1.543000000000000000e+03 2.536690041813178098e+01
1.544000000000000000e+03 2.057087598938043271e+01
1.545000000000000000e+03 2.366204861985401919e+01
1.546000000000000000e+03 3.306356392178801684e+01
1.547000000000000000e+03 2.215297498240286700e+01
1.548000000000000000e+03 2.743401804126331456e+01
1.549000000000000000e+03 2.278299055021020436e+01
1.550000000000000000e+03 8.581372656708802893e+00
1.551000000000000000e+03 1.191017184891659220e+01
1.552000000000000000e+03 1.165677010579923767e+01
1.553000000000000000e+03 2.529486555748998455e+01
1.554000000000000000e+03 1.799627853471629635e+01
1.555000000000000000e+03 2.538627773933338716e+01
1.556000000000000000e+03 2.733496547457134085e+01
1.557000000000000000e+03 3.260260672802907322e+01
1.558000000000000000e+03 2.616484582172394369e+01
1.559000000000000000e+03 2.793688417259034296e+01
1.560000000000000000e+03 2.288576808010115826e+01
1.561000000000000000e+03 2.109984328334494208e+01
1.562000000000000000e+03 1.916663572723957998e+01
1.563000000000000000e+03 1.406239847982135593e+01
1.564000000000000000e+03 2.351951373926205946e+01
1.565000000000000000e+03 3.216316018799838616e+01
1.566000000000000000e+03 1.553088564695237217e+01
1.567000000000000000e+03 2.416123232221710282e+01
1.568000000000000000e+03 2.218393020668221638e+01
1.569000000000000000e+03 9.504166666712915656e+00
1.570000000000000000e+03 1.792665257811630752e+01
1.571000000000000000e+03 2.388936387702883479e+01
1.572000000000000000e+03 1.173781821353571608e+01
1.573000000000000000e+03 2.312379716681045139e+01
1.574000000000000000e+03 2.378983965238251130e+01
1.575000000000000000e+03 1.756746267098045422e+01
1.576000000000000000e+03 3.183268901264677808e+01
1.577000000000000000e+03 1.494421810431629360e+01
1.578000000000000000e+03 1.816918418660112167e+01
1.579000000000000000e+03 2.514223612222387771e+01
1.580000000000000000e+03 2.782931210780428444e+01
1.581000000000000000e+03 2.098259572707891252e+01
1.582000000000000000e+03 2.535568016957720516e+01
1.583000000000000000e+03 1.365060750383597643e+01
1.584000000000000000e+03 2.993367048653444584e+01
1.585000000000000000e+03 1.978170940909198450e+01
1.586000000000000000e+03 2.177232259057569408e+01
1.587000000000000000e+03 1.203501662034199704e+01
1.588000000000000000e+03 2.830380787857854585e+01
1.589000000000000000e+03 2.984034519479470760e+01
1.590000000000000000e+03 1.894789737625203685e+01
1.591000000000000000e+03 1.134796578557022251e+01
1.592000000000000000e+03 2.669322637938928011e+01
1.593000000000000000e+03 2.303902830521585798e+01
1.594000000000000000e+03 1.415736467851006530e+01
1.595000000000000000e+03 2.621822794605257556e+01
1.596000000000000000e+03 2.458437413787801873e+01
1.597000000000000000e+03 2.377223848321057176e+01
1.598000000000000000e+03 2.217369638494279727e+01
1.599000000000000000e+03 2.200119665037647110e+01
1.600000000000000000e+03 2.259843758349231280e+01
1.601000000000000000e+03 2.578921027333723970e+01
1.602000000000000000e+03 2.374163349847773219e+01
1.603000000000000000e+03 3.160103008148241699e+01
1.604000000000000000e+03 2.037124636448900006e+01
1.605000000000000000e+03 2.969575548989598701e+01
1.606000000000000000e+03 2.182336819401132999e+01
1.607000000000000000e+03 2.671609546263434964e+01
1.608000000000000000e+03 1.765028433280203757e+01
1.609000000000000000e+03 3.256293418813975649e+01
1.610000000000000000e+03 2.548853799543477194e+01
1.611000000000000000e+03 2.093777152374820361e+01
1.612000000000000000e+03 1.597935515265506012e+01
1.613000000000000000e+03 2.511643012030155475e+01
1.614000000000000000e+03 3.367789170318732772e+01
1.615000000000000000e+03 2.297572744751746399e+01
1.616000000000000000e+03 8.275576345663386846e+00
1.617000000000000000e+03 1.794164740745218722e+01
1.618000000000000000e+03 3.015378916129733966e+01
1.619000000000000000e+03 1.991553767938692232e+01
1.620000000000000000e+03 2.808072540569007813e+01
1.621000000000000000e+03 2.707044402743201417e+01
1.622000000000000000e+03 2.591468058489132531e+01
1.623000000000000000e+03 3.212995902779014301e+01
1.624000000000000000e+03 1.898684650291418663e+01
1.625000000000000000e+03 1.340008559583140269e+01
1.626000000000000000e+03 2.301805994691584445e+01
1.627000000000000000e+03 3.486286443688234016e+01
1.628000000000000000e+03 1.271554996623719269e+01
1.629000000000000000e+03 3.204440909432199192e+01
1.630000000000000000e+03 1.057642108149985916e+01
1.631000000000000000e+03 2.422149464830356536e+01
1.632000000000000000e+03 3.047876946404048581e+01
1.633000000000000000e+03 1.641283347362727696e+01
1.634000000000000000e+03 2.618850251808611418e+01
1.635000000000000000e+03 2.357729120993277405e+01
1.636000000000000000e+03 1.710197683892247156e+01
1.637000000000000000e+03 1.739125589413665551e+01
1.638000000000000000e+03 1.300036809359988155e+01
1.639000000000000000e+03 1.164205901852330349e+01
1.640000000000000000e+03 2.041292557786167094e+01
1.641000000000000000e+03 2.719685064223480708e+01
1.642000000000000000e+03 2.457742538782734698e+01
1.643000000000000000e+03 2.459937032185363393e+01
1.644000000000000000e+03 1.533890764696151621e+01
1.645000000000000000e+03 1.236742980693102290e+01
1.646000000000000000e+03 2.591817617957788755e+01
1.647000000000000000e+03 1.669484886122453204e+01
1.648000000000000000e+03 1.304688008396845333e+01
1.649000000000000000e+03 2.532625591455540004e+01
1.650000000000000000e+03 1.457978916918422918e+01
1.651000000000000000e+03 2.897392885661597361e+01
1.652000000000000000e+03 2.694694975034590101e+01
1.653000000000000000e+03 1.398190842220762420e+01
1.654000000000000000e+03 2.333020230886339519e+01
1.655000000000000000e+03 2.349640770829736880e+01
1.656000000000000000e+03 3.328337082176019379e+01
1.657000000000000000e+03 1.847398455698173336e+01
1.658000000000000000e+03 2.663998807505234367e+01
1.659000000000000000e+03 3.032795007095518613e+01
1.660000000000000000e+03 2.456487363530865053e+01
1.661000000000000000e+03 2.060036197014204262e+01
1.662000000000000000e+03 2.518118678413213019e+01
1.663000000000000000e+03 2.124356599405760448e+01
1.664000000000000000e+03 1.815661384640078069e+01
1.665000000000000000e+03 9.099356510521621644e+00
1.666000000000000000e+03 2.349346117946973678e+01
1.667000000000000000e+03 2.576104279674128605e+01
1.668000000000000000e+03 9.687409365208736745e+00
1.669000000000000000e+03 3.154519406493614042e+01
1.670000000000000000e+03 2.028576501610184124e+01
1.671000000000000000e+03 2.327463019390514276e+01
1.672000000000000000e+03 2.463333087138049748e+01
1.673000000000000000e+03 2.475342761193782692e+01
1.674000000000000000e+03 2.871121753736510485e+01
1.675000000000000000e+03 2.502105843016346043e+01
1.676000000000000000e+03 1.317859011224627785e+01
1.677000000000000000e+03 2.258995227811847073e+01
1.678000000000000000e+03 3.209590995219438270e+01
1.679000000000000000e+03 3.074980804439351090e+01
1.680000000000000000e+03 1.710198969736893204e+01
1.681000000000000000e+03 2.950352865429400495e+01
1.682000000000000000e+03 1.671705053365121429e+01
1.683000000000000000e+03 2.370249022355036317e+01
1.684000000000000000e+03 1.829941601574316579e+01
1.685000000000000000e+03 2.662601408616067999e+01
1.686000000000000000e+03 2.324421451336085553e+01
1.687000000000000000e+03 2.370740469248183402e+01
1.688000000000000000e+03 3.302352349671313192e+01
1.689000000000000000e+03 2.131506288218276879e+01
1.690000000000000000e+03 2.755033349107900165e+01
1.691000000000000000e+03 1.592988442649125425e+01
1.692000000000000000e+03 2.700773533748408894e+01
1.693000000000000000e+03 2.263368222377847161e+01
1.694000000000000000e+03 2.498440945324479046e+01
1.695000000000000000e+03 2.876023399270372138e+01
1.696000000000000000e+03 2.597616020495791744e+01
1.697000000000000000e+03 2.372282200938266783e+01
1.698000000000000000e+03 3.451787791746463085e+01
1.699000000000000000e+03 2.448022824993179469e+01
1.700000000000000000e+03 2.552174915886750384e+01
1.701000000000000000e+03 1.452894368344715303e+01
1.702000000000000000e+03 2.136930949193848761e+01
1.703000000000000000e+03 2.314020669000766972e+01
1.704000000000000000e+03 3.119246768746214826e+01
1.705000000000000000e+03 2.280170020126357855e+01
1.706000000000000000e+03 2.001853980747390693e+01
1.707000000000000000e+03 2.267722483371220576e+01
1.708000000000000000e+03 2.381919141716677402e+01
1.709000000000000000e+03 1.273882184495156267e+01
1.710000000000000000e+03 1.172300606934720690e+01
1.711000000000000000e+03 1.750551164975279761e+01
1.712000000000000000e+03 2.746507317439749229e+01
1.713000000000000000e+03 2.809920579713643818e+01
1.714000000000000000e+03 2.798609898951474051e+01
1.715000000000000000e+03 2.839666137226704734e+01
1.716000000000000000e+03 1.943701177561906945e+01
1.717000000000000000e+03 1.835792459297459089e+01
1.718000000000000000e+03 1.803699969093462130e+01
1.719000000000000000e+03 1.895508626364439309e+01
1.720000000000000000e+03 1.928043113863348168e+01
1.721000000000000000e+03 2.399739213396569681e+01
1.722000000000000000e+03 2.420628869149271978e+01
1.723000000000000000e+03 2.905172583850933066e+01
1.724000000000000000e+03 3.257691978949905831e+01
1.725000000000000000e+03 2.467854593614877956e+01
1.726000000000000000e+03 1.648463686463820821e+01
1.727000000000000000e+03 2.465996014701197225e+01
1.728000000000000000e+03 2.206572315136664741e+01
1.729000000000000000e+03 2.026448798769707693e+01
1.730000000000000000e+03 1.466082240786641755e+01
1.731000000000000000e+03 2.115695149386308671e+01
1.732000000000000000e+03 1.446770944682371329e+01
1.733000000000000000e+03 3.475472727781992432e+01
1.734000000000000000e+03 1.834797210089208264e+01
1.735000000000000000e+03 1.895968476908095113e+01
1.736000000000000000e+03 2.849741974519790588e+01
1.737000000000000000e+03 2.644974366333662985e+01
1.738000000000000000e+03 2.247805690672000267e+01
1.739000000000000000e+03 2.208449014825702150e+01
1.740000000000000000e+03 2.510092541008062739e+01
1.741000000000000000e+03 1.862099539514307622e+01
1.742000000000000000e+03 2.610456961456533520e+01
1.743000000000000000e+03 1.967918917111294164e+01
1.744000000000000000e+03 1.283260106144993884e+01
1.745000000000000000e+03 2.412221736541877704e+01
1.746000000000000000e+03 1.875667532900559564e+01
1.747000000000000000e+03 2.755048885627455846e+01
1.748000000000000000e+03 2.022533559668737269e+01
1.749000000000000000e+03 1.562309237197331413e+01
1.750000000000000000e+03 2.301023635756580532e+01
1.751000000000000000e+03 1.643825009110209123e+01
1.752000000000000000e+03 1.472974308281552069e+01
1.753000000000000000e+03 1.825382044470087095e+01
1.754000000000000000e+03 3.195815281196875546e+01
1.755000000000000000e+03 1.882292331460187995e+01
1.756000000000000000e+03 3.072798343156561529e+01
1.757000000000000000e+03 1.956230784378766785e+01
1.758000000000000000e+03 3.684286709372825186e+01
1.759000000000000000e+03 3.734766457829870490e+01
1.760000000000000000e+03 1.726157826594554479e+01
1.761000000000000000e+03 1.644394851268305757e+01
1.762000000000000000e+03 2.173853015225099128e+01
1.763000000000000000e+03 1.970623243982109685e+01
1.764000000000000000e+03 2.511738328776833029e+01
1.765000000000000000e+03 2.804592555992868341e+01
1.766000000000000000e+03 2.272123135340550704e+01
1.767000000000000000e+03 3.447297974267531373e+01
1.768000000000000000e+03 1.480984016158064698e+01
1.769000000000000000e+03 2.184788100396363930e+01
1.770000000000000000e+03 1.918482893282169144e+01
1.771000000000000000e+03 1.980126036734016637e+01
1.772000000000000000e+03 1.864540509002127777e+01
1.773000000000000000e+03 2.865511401320464557e+01
1.774000000000000000e+03 2.262730706646457790e+01
1.775000000000000000e+03 2.211276804166146448e+01
1.776000000000000000e+03 2.184719458792216074e+01
1.777000000000000000e+03 2.618307768230786792e+01
1.778000000000000000e+03 2.368750609520558115e+01
1.779000000000000000e+03 1.544270249515595239e+01
1.780000000000000000e+03 2.753530633495981661e+01
1.781000000000000000e+03 3.432581079551501091e+01
1.782000000000000000e+03 2.446316099944909439e+01
1.783000000000000000e+03 2.910211203391710200e+01
1.784000000000000000e+03 2.495317596832811446e+01
1.785000000000000000e+03 2.100466718509607844e+01
1.786000000000000000e+03 2.037913138832510995e+01
1.787000000000000000e+03 1.599140473681902463e+01
1.788000000000000000e+03 2.293856715985364758e+01
1.789000000000000000e+03 1.738053024490501741e+01
1.790000000000000000e+03 2.296665545965154465e+01
1.791000000000000000e+03 1.515432798453190877e+01
1.792000000000000000e+03 1.279801551542964511e+01
1.793000000000000000e+03 2.758761245760666014e+01
1.794000000000000000e+03 2.598300305730236204e+01
1.795000000000000000e+03 2.911403025622773910e+01
1.796000000000000000e+03 1.864087944978811251e+01
1.797000000000000000e+03 2.987016816114018880e+01
1.798000000000000000e+03 1.882918671437272451e+01
1.799000000000000000e+03 2.505836566366802032e+01
1.800000000000000000e+03 1.950292881482541318e+01
1.801000000000000000e+03 1.510094809324533749e+01
1.802000000000000000e+03 2.238013609151571259e+01
1.803000000000000000e+03 2.422530103821971892e+01
1.804000000000000000e+03 2.957776116356819429e+01
1.805000000000000000e+03 2.705635062677552582e+01
1.806000000000000000e+03 1.774918116597404349e+01
1.807000000000000000e+03 1.785012553079343789e+01
1.808000000000000000e+03 2.264163718421649918e+01
1.809000000000000000e+03 2.249169150916821280e+01
1.810000000000000000e+03 3.285375166401487945e+01
1.811000000000000000e+03 2.511168629278792963e+01
1.812000000000000000e+03 1.837394699044126511e+01
1.813000000000000000e+03 1.704031961926044403e+01
1.814000000000000000e+03 2.032080706015485205e+01
1.815000000000000000e+03 2.445623734645622349e+01
1.816000000000000000e+03 1.932008173924955585e+01
1.817000000000000000e+03 2.820415159912962011e+01
1.818000000000000000e+03 2.058250560390379036e+01
1.819000000000000000e+03 1.220152376470261935e+01
1.820000000000000000e+03 1.007042175272284190e+01
1.821000000000000000e+03 2.228561525711440439e+01
1.822000000000000000e+03 1.553739672462134713e+01
1.823000000000000000e+03 1.897846961475190497e+01
1.824000000000000000e+03 2.360410564745523843e+01
1.825000000000000000e+03 2.416002914566874793e+01
1.826000000000000000e+03 2.362679692984448465e+01
1.827000000000000000e+03 1.161826846220657750e+01
1.828000000000000000e+03 2.650732042234487906e+01
1.829000000000000000e+03 2.307327812906935094e+01
1.830000000000000000e+03 1.712472745780153005e+01
1.831000000000000000e+03 2.438239293577796118e+01
1.832000000000000000e+03 2.634032248202207072e+01
1.833000000000000000e+03 2.086362332378655537e+01
1.834000000000000000e+03 2.494939648552556477e+01
1.835000000000000000e+03 1.999243673071172367e+01
1.836000000000000000e+03 1.765294209715120388e+01
1.837000000000000000e+03 2.745737669139534631e+01
1.838000000000000000e+03 1.812299859870423546e+01
1.839000000000000000e+03 2.132784736232752110e+01
1.840000000000000000e+03 2.865115560369970638e+01
1.841000000000000000e+03 1.993885316165264143e+01
1.842000000000000000e+03 2.405630264352187808e+01
1.843000000000000000e+03 2.567924203496056990e+01
1.844000000000000000e+03 2.538616888673258742e+01
1.845000000000000000e+03 2.285481295881166020e+01
1.846000000000000000e+03 2.583756877973491939e+01
1.847000000000000000e+03 2.417841524396638775e+01
1.848000000000000000e+03 2.778513252483445939e+01
1.849000000000000000e+03 2.800798340339535031e+01
1.850000000000000000e+03 2.697511346375972963e+01
1.851000000000000000e+03 2.585606543956950887e+01
1.852000000000000000e+03 1.608020672604973811e+01
1.853000000000000000e+03 3.500176133648264454e+01
1.854000000000000000e+03 1.719754185564411486e+01
1.855000000000000000e+03 2.251522421989041334e+01
1.856000000000000000e+03 1.938825406848924615e+01
1.857000000000000000e+03 1.183350453943991099e+01
1.858000000000000000e+03 1.430076568701683826e+01
1.859000000000000000e+03 1.824662614025076834e+01
1.860000000000000000e+03 2.310646912743522918e+01
1.861000000000000000e+03 2.750626952266294722e+01
1.862000000000000000e+03 2.406109122205887019e+01
1.863000000000000000e+03 1.792977944238101173e+01
1.864000000000000000e+03 2.503090327520819969e+01
1.865000000000000000e+03 2.602165376202456670e+01
1.866000000000000000e+03 2.292987114760353151e+01
1.867000000000000000e+03 2.458991689631888633e+01
1.868000000000000000e+03 1.473112537381076592e+01
1.869000000000000000e+03 2.632846907188291397e+01
1.870000000000000000e+03 1.791731184526067011e+01
1.871000000000000000e+03 1.838180815296423631e+01
1.872000000000000000e+03 1.354548460173531588e+01
1.873000000000000000e+03 9.566413561700453982e+00
1.874000000000000000e+03 1.496263619799390376e+01
1.875000000000000000e+03 1.737378079353301175e+01
1.876000000000000000e+03 2.179861989264626132e+01
1.877000000000000000e+03 2.268232489143377961e+01
1.878000000000000000e+03 2.839233659941860211e+01
1.879000000000000000e+03 2.509087544512181367e+01
1.880000000000000000e+03 2.756441468751512858e+01
1.881000000000000000e+03 2.289909884857387468e+01
1.882000000000000000e+03 2.661434586891572707e+01
1.883000000000000000e+03 2.319896165588238901e+01
1.884000000000000000e+03 2.067726008829587414e+01
1.885000000000000000e+03 3.463584100348766270e+01
1.886000000000000000e+03 1.977273867434939802e+01
1.887000000000000000e+03 2.449727119310092149e+01
1.888000000000000000e+03 1.524775585313693860e+01
1.889000000000000000e+03 2.306926995276811709e+01
1.890000000000000000e+03 1.801654785549383675e+01
1.891000000000000000e+03 2.409083577098762774e+01
1.892000000000000000e+03 1.777572520389343325e+01
1.893000000000000000e+03 2.055597041882933596e+01
1.894000000000000000e+03 8.777558352563310962e+00
1.895000000000000000e+03 2.649117255550185135e+01
1.896000000000000000e+03 1.014062005860175475e+01
1.897000000000000000e+03 1.526745750966192006e+01
1.898000000000000000e+03 1.188128551203230998e+01
1.899000000000000000e+03 2.352904648306872559e+01
1.900000000000000000e+03 2.727630331400217756e+01
1.901000000000000000e+03 1.787861280169241596e+01
1.902000000000000000e+03 1.544197735062334864e+01
1.903000000000000000e+03 1.798989224655580088e+01
1.904000000000000000e+03 2.833069798939864725e+01
1.905000000000000000e+03 3.278759261425206262e+01
1.906000000000000000e+03 2.625243231233198316e+01
1.907000000000000000e+03 3.055914552390135341e+01
1.908000000000000000e+03 2.173952321821303713e+01
1.909000000000000000e+03 2.281712799577816497e+01
1.910000000000000000e+03 2.569045160015362228e+01
1.911000000000000000e+03 2.415227709486564933e+01
1.912000000000000000e+03 2.108153848941530129e+01
1.913000000000000000e+03 2.747209391538997991e+01
1.914000000000000000e+03 2.502031525982248183e+01
1.915000000000000000e+03 1.855136022558719233e+01
1.916000000000000000e+03 2.200031376575947561e+01
1.917000000000000000e+03 2.853019154073574626e+01
1.918000000000000000e+03 2.772193015305251507e+01
1.919000000000000000e+03 1.441165571099505804e+01
1.920000000000000000e+03 2.881056302108873268e+01
1.921000000000000000e+03 1.950144611137282524e+01
1.922000000000000000e+03 1.258057212231933697e+01
1.923000000000000000e+03 2.033108870396365475e+01
1.924000000000000000e+03 1.583957276024880656e+01
1.925000000000000000e+03 1.486206996683127635e+01
1.926000000000000000e+03 2.574306007639134464e+01
1.927000000000000000e+03 2.278518367169692382e+01
1.928000000000000000e+03 1.852888800316701179e+01
1.929000000000000000e+03 2.002421681747780369e+01
1.930000000000000000e+03 2.541626733497005119e+01
1.931000000000000000e+03 1.957178603682577034e+01
1.932000000000000000e+03 1.589126120482561788e+01
1.933000000000000000e+03 2.472951720261103503e+01
1.934000000000000000e+03 1.620747259248983951e+01
1.935000000000000000e+03 1.959322939305396716e+01
1.936000000000000000e+03 2.322189743366967463e+01
1.937000000000000000e+03 1.412046177909953570e+01
1.938000000000000000e+03 2.726906553070612560e+01
1.939000000000000000e+03 1.829655518659317082e+01
1.940000000000000000e+03 1.332083977346351666e+01
1.941000000000000000e+03 1.639760977961979194e+01
1.942000000000000000e+03 2.913217578866490243e+01
1.943000000000000000e+03 2.811082231939153431e+01
1.944000000000000000e+03 1.906008849254393667e+01
1.945000000000000000e+03 2.808056774146201207e+01
1.946000000000000000e+03 1.236742962895690390e+01
1.947000000000000000e+03 2.105744632385381720e+01
1.948000000000000000e+03 1.517976658136732482e+01
1.949000000000000000e+03 3.431880008712789731e+01
1.950000000000000000e+03 2.976619999441855313e+01
1.951000000000000000e+03 2.033334116585161766e+01
1.952000000000000000e+03 1.862998044666149866e+01
1.953000000000000000e+03 2.203517733421181291e+01
1.954000000000000000e+03 2.498003635940674272e+01
1.955000000000000000e+03 2.428021724914546198e+01
1.956000000000000000e+03 2.350806958697455329e+01
1.957000000000000000e+03 2.854148169394589729e+01
1.958000000000000000e+03 2.045740934976080538e+01
1.959000000000000000e+03 2.582734412495042164e+01
1.960000000000000000e+03 1.412344147836876118e+01
1.961000000000000000e+03 1.907682232968736713e+01
1.962000000000000000e+03 3.317362545759098680e+01
1.963000000000000000e+03 1.958622060816244570e+01
1.964000000000000000e+03 3.057543183615063853e+01
1.965000000000000000e+03 1.696898222402145251e+01
1.966000000000000000e+03 3.564181513332854223e+01
1.967000000000000000e+03 2.680341555066016568e+01
1.968000000000000000e+03 2.638078755828269095e+01
1.969000000000000000e+03 1.921024997804805778e+01
1.970000000000000000e+03 1.062058973133681050e+01
1.971000000000000000e+03 1.831874101306730296e+01
1.972000000000000000e+03 1.808926661597920216e+01
1.973000000000000000e+03 2.021327967680809223e+01
1.974000000000000000e+03 2.686633572622440980e+01
1.975000000000000000e+03 2.234748655759982583e+01
1.976000000000000000e+03 2.054532059742066608e+01
1.977000000000000000e+03 1.109326165103264827e+01
1.978000000000000000e+03 2.163535941736793333e+01
1.979000000000000000e+03 3.008306667364805165e+01
1.980000000000000000e+03 9.511289212685444028e+00
1.981000000000000000e+03 2.536638635323214075e+01
1.982000000000000000e+03 1.041367352982326189e+01
1.983000000000000000e+03 1.789941711653924727e+01
1.984000000000000000e+03 1.283057690755512148e+01
1.985000000000000000e+03 1.275643470253562484e+01
1.986000000000000000e+03 1.969176741768996663e+01
1.987000000000000000e+03 2.705106476546749050e+01
1.988000000000000000e+03 2.029782420879070415e+01
1.989000000000000000e+03 2.027836029844242915e+01
1.990000000000000000e+03 3.447748612228160425e+01
1.991000000000000000e+03 2.362841808627274176e+01
1.992000000000000000e+03 1.375237435413881215e+01
1.993000000000000000e+03 2.157760505271455997e+01
1.994000000000000000e+03 1.252541598390869027e+01
1.995000000000000000e+03 2.538071727871068006e+01
1.996000000000000000e+03 2.009744748379336343e+01
1.997000000000000000e+03 1.908048506345738105e+01
1.998000000000000000e+03 2.491820390497925430e+01
1.999000000000000000e+03 2.869848487491195854e+01
2.000000000000000000e+03 1.153558332562417910e+01
2.001000000000000000e+03 1.345911550762976994e+01
2.002000000000000000e+03 1.401393901784489593e+01
2.003000000000000000e+03 2.727744320249364307e+01
2.004000000000000000e+03 1.941410472665486608e+01
2.005000000000000000e+03 1.677701302919736648e+01
2.006000000000000000e+03 2.552550276192893719e+01
2.007000000000000000e+03 2.202543474812476276e+01
2.008000000000000000e+03 1.333271761351654838e+01
2.009000000000000000e+03 3.033580391440801094e+01
2.010000000000000000e+03 1.904050440420494894e+01
2.011000000000000000e+03 2.413770511799559770e+01
2.012000000000000000e+03 1.638238574082007659e+01
2.013000000000000000e+03 2.680524704976011563e+01
2.014000000000000000e+03 2.340057383217767040e+01
2.015000000000000000e+03 2.090394385514100861e+01
2.016000000000000000e+03 2.093276560221999105e+01
2.017000000000000000e+03 2.519718663792125923e+01
2.018000000000000000e+03 2.632765471161739512e+01
2.019000000000000000e+03 1.891210606155541640e+01
2.020000000000000000e+03 2.130978254544321970e+01
2.021000000000000000e+03 2.458877974087702611e+01
2.022000000000000000e+03 1.670718007586699372e+01
2.023000000000000000e+03 2.662059109937804990e+01
2.024000000000000000e+03 2.862026805954949182e+01
2.025000000000000000e+03 2.378377234329955670e+01
2.026000000000000000e+03 2.296735474619186945e+01
2.027000000000000000e+03 1.741972281094734498e+01
2.028000000000000000e+03 1.751347226217311004e+01
2.029000000000000000e+03 1.910094841880216165e+01
2.030000000000000000e+03 1.987093556260568405e+01
2.031000000000000000e+03 2.286605842605812100e+01
2.032000000000000000e+03 1.813218983973004583e+01
2.033000000000000000e+03 1.701701697988888995e+01
2.034000000000000000e+03 3.866813479838271661e+01
2.035000000000000000e+03 2.170301741244032101e+01
2.036000000000000000e+03 2.467287147697744842e+01
2.037000000000000000e+03 2.535362751531441816e+01
2.038000000000000000e+03 2.532159452903217556e+01
2.039000000000000000e+03 1.505642811743570419e+01
2.040000000000000000e+03 2.098524093905198384e+01
2.041000000000000000e+03 1.232390748312741913e+01
2.042000000000000000e+03 2.915667663199187132e+01
2.043000000000000000e+03 1.584555376307658570e+01
2.044000000000000000e+03 1.489496309835179133e+01
2.045000000000000000e+03 1.955046291499511923e+01
2.046000000000000000e+03 1.718823954616209093e+01
2.047000000000000000e+03 1.979004570151598585e+01
2.048000000000000000e+03 2.659479590990684272e+01
2.049000000000000000e+03 2.709463146492791452e+01
2.050000000000000000e+03 2.760181544124161590e+01
2.051000000000000000e+03 1.804520839533169863e+01
2.052000000000000000e+03 2.218619677204704743e+01
2.053000000000000000e+03 2.197648313353386129e+01
2.054000000000000000e+03 3.112472915714793231e+01
2.055000000000000000e+03 1.839368065773955863e+01
2.056000000000000000e+03 2.353257760931002096e+01
2.057000000000000000e+03 2.129116173678899315e+01
2.058000000000000000e+03 1.653528806345490665e+01
2.059000000000000000e+03 2.962662259695276035e+01
2.060000000000000000e+03 2.753662296394708875e+01
2.061000000000000000e+03 2.914034731080701590e+01
2.062000000000000000e+03 1.734854721992298465e+01
2.063000000000000000e+03 2.046706717378326346e+01
2.064000000000000000e+03 2.075002871958821160e+01
2.065000000000000000e+03 2.531739769336823542e+01
2.066000000000000000e+03 1.904983794794077312e+01
2.067000000000000000e+03 2.162490858470884803e+01
2.068000000000000000e+03 1.575128793924827519e+01
2.069000000000000000e+03 3.042792087890148522e+01
2.070000000000000000e+03 2.903826474770896127e+01
2.071000000000000000e+03 1.749030570922408501e+01
2.072000000000000000e+03 2.824652157988417400e+01
2.073000000000000000e+03 2.310555751994292706e+01
2.074000000000000000e+03 2.583817334776967201e+01
2.075000000000000000e+03 2.645158948656551701e+01
2.076000000000000000e+03 2.585207588067787299e+01
2.077000000000000000e+03 1.356035949705487909e+01
2.078000000000000000e+03 2.357123589696739074e+01
2.079000000000000000e+03 1.138401851024938338e+01
2.080000000000000000e+03 1.734751522247068323e+01
2.081000000000000000e+03 2.200957127276742753e+01
2.082000000000000000e+03 3.050637372893194410e+01
2.083000000000000000e+03 2.190719855897670243e+01
2.084000000000000000e+03 2.379195509865001412e+01
2.085000000000000000e+03 1.860519701804726722e+01
2.086000000000000000e+03 1.880110359765940942e+01
2.087000000000000000e+03 2.481952648992997368e+01
2.088000000000000000e+03 1.403126210255875250e+01
2.089000000000000000e+03 2.703239299276846808e+01
2.090000000000000000e+03 1.482951713917549164e+01
2.091000000000000000e+03 3.029037430894495131e+01
2.092000000000000000e+03 2.495416468290040157e+01
2.093000000000000000e+03 1.772958499875011285e+01
2.094000000000000000e+03 1.204525859680948585e+01
2.095000000000000000e+03 1.704750507953556848e+01
2.096000000000000000e+03 2.003186163158619593e+01
2.097000000000000000e+03 2.680790173938631682e+01
2.098000000000000000e+03 2.766542665506877796e+01
2.099000000000000000e+03 2.655563873022027721e+01
2.100000000000000000e+03 2.156651764605025079e+01
2.101000000000000000e+03 2.420956478346500518e+01
2.102000000000000000e+03 2.637253369228609401e+01
2.103000000000000000e+03 1.630044705735163646e+01
2.104000000000000000e+03 2.992601029984845695e+01
2.105000000000000000e+03 2.019439284319472350e+01
2.106000000000000000e+03 2.623531581342594521e+01
2.107000000000000000e+03 3.032546898164784110e+01
2.108000000000000000e+03 1.752717034099372384e+01
2.109000000000000000e+03 2.479657351459366765e+01
2.110000000000000000e+03 2.185388948931783304e+01
2.111000000000000000e+03 2.139843042934158390e+01
2.112000000000000000e+03 1.759155326788189910e+01
2.113000000000000000e+03 2.740953746716759554e+01
2.114000000000000000e+03 1.602662729168174849e+01
2.115000000000000000e+03 1.361681975624542851e+01
2.116000000000000000e+03 1.658735397367971487e+01
2.117000000000000000e+03 8.427046913277655094e+00
2.118000000000000000e+03 2.060194941563640825e+01
2.119000000000000000e+03 1.837956090072146864e+01
2.120000000000000000e+03 1.184311658453580307e+01
2.121000000000000000e+03 2.201941671391918121e+01
2.122000000000000000e+03 1.328758670449642310e+01
2.123000000000000000e+03 1.802796474874655175e+01
2.124000000000000000e+03 2.350545980475799368e+01
2.125000000000000000e+03 1.813535437144049567e+01
2.126000000000000000e+03 2.504565926784267305e+01
2.127000000000000000e+03 2.157691320799502321e+01
2.128000000000000000e+03 2.397089321249330141e+01
2.129000000000000000e+03 3.048655993491721361e+01
2.130000000000000000e+03 2.821861646515664646e+01
2.131000000000000000e+03 2.644296272444753626e+01
2.132000000000000000e+03 2.163050334400235286e+01
2.133000000000000000e+03 2.432936336093861129e+01
2.134000000000000000e+03 1.582511278905135654e+01
2.135000000000000000e+03 1.951376473360005548e+01
2.136000000000000000e+03 3.002788545560534317e+01
2.137000000000000000e+03 2.721435545083317464e+01
2.138000000000000000e+03 2.791427479169847103e+01
2.139000000000000000e+03 1.212353330758531733e+01
2.140000000000000000e+03 2.678501423387823621e+01
2.141000000000000000e+03 1.961480834749455937e+01
2.142000000000000000e+03 1.947050397448949610e+01
2.143000000000000000e+03 2.437013194758488766e+01
2.144000000000000000e+03 1.508117649641148716e+01
2.145000000000000000e+03 2.777515390768295589e+01
2.146000000000000000e+03 2.810901804297948203e+01
2.147000000000000000e+03 2.835682682363846752e+01
2.148000000000000000e+03 1.822937683273810094e+01
2.149000000000000000e+03 1.926973149917066763e+01
2.150000000000000000e+03 2.951877555347238413e+01
2.151000000000000000e+03 1.381007996233037893e+01
2.152000000000000000e+03 2.001300664891232017e+01
2.153000000000000000e+03 1.875936391804981440e+01
2.154000000000000000e+03 2.416853286164683112e+01
2.155000000000000000e+03 2.500836514011965050e+01
2.156000000000000000e+03 2.522507000838409041e+01
2.157000000000000000e+03 2.826638708536522770e+01
2.158000000000000000e+03 2.351641194881651131e+01
2.159000000000000000e+03 3.006001876046880028e+01
2.160000000000000000e+03 2.393414971061808316e+01
2.161000000000000000e+03 2.719504624538168613e+01
2.162000000000000000e+03 2.245459350463433168e+01
2.163000000000000000e+03 1.428949619905634627e+01
2.164000000000000000e+03 2.047006170997028107e+01
2.165000000000000000e+03 2.156713519332204854e+01
2.166000000000000000e+03 2.182784514333555848e+01
2.167000000000000000e+03 2.152879625140898412e+01
2.168000000000000000e+03 2.047926763219409096e+01
2.169000000000000000e+03 2.102624622127822462e+01
2.170000000000000000e+03 2.232214263809393984e+01
2.171000000000000000e+03 2.165567658394807538e+01
2.172000000000000000e+03 1.952896940973973017e+01
2.173000000000000000e+03 2.405669004356102292e+01
2.174000000000000000e+03 2.787846743040971731e+01
2.175000000000000000e+03 3.110149323021782664e+01
2.176000000000000000e+03 2.539746250764772739e+01
2.177000000000000000e+03 1.308681884062350598e+01
2.178000000000000000e+03 2.276728431573767253e+01
2.179000000000000000e+03 3.203735617043346195e+01
2.180000000000000000e+03 2.294801060269895387e+01
2.181000000000000000e+03 2.126132978594499079e+01
2.182000000000000000e+03 1.569902938292102945e+01
2.183000000000000000e+03 1.906615376946425400e+01
2.184000000000000000e+03 2.122988469373429865e+01
2.185000000000000000e+03 2.073877833755463129e+01
2.186000000000000000e+03 3.089189211078436514e+01
2.187000000000000000e+03 2.343914693666359739e+01
2.188000000000000000e+03 2.168966275377581709e+01
2.189000000000000000e+03 2.415140216297585241e+01
2.190000000000000000e+03 2.396283573909557774e+01
2.191000000000000000e+03 2.430867950427375490e+01
2.192000000000000000e+03 2.217519087636504338e+01
2.193000000000000000e+03 2.646352703914796933e+01
2.194000000000000000e+03 2.558950263129909430e+01
2.195000000000000000e+03 2.046992947222089398e+01
2.196000000000000000e+03 2.384430015188738849e+01
2.197000000000000000e+03 2.288819210884648214e+01
2.198000000000000000e+03 1.792947230069001918e+01
2.199000000000000000e+03 1.978500058343447421e+01
2.200000000000000000e+03 2.748034554754261904e+01
2.201000000000000000e+03 1.826440317216744447e+01
2.202000000000000000e+03 2.076695385501106017e+01
2.203000000000000000e+03 1.946913849761941506e+01
2.204000000000000000e+03 1.403629670663031170e+01
2.205000000000000000e+03 2.360999922647270566e+01
2.206000000000000000e+03 1.783231594054267788e+01
2.207000000000000000e+03 1.273296366651270795e+01
2.208000000000000000e+03 1.940036910188821651e+01
2.209000000000000000e+03 3.024864454205863495e+01
2.210000000000000000e+03 2.925204305484934153e+01
2.211000000000000000e+03 1.502064988069384377e+01
2.212000000000000000e+03 2.088643294499683023e+01
2.213000000000000000e+03 2.202240801890233968e+01
2.214000000000000000e+03 3.224081584952271129e+01
2.215000000000000000e+03 2.089166027165549622e+01
2.216000000000000000e+03 1.439854302522924989e+01
2.217000000000000000e+03 2.091288160607581759e+01
2.218000000000000000e+03 2.124367836403161292e+01
2.219000000000000000e+03 2.274572828129874935e+01
2.220000000000000000e+03 1.879063032617666451e+01
2.221000000000000000e+03 1.879229053920203185e+01
2.222000000000000000e+03 2.491374872939498175e+01
2.223000000000000000e+03 2.033982058501733192e+01
2.224000000000000000e+03 3.404594259645149634e+01
2.225000000000000000e+03 2.188864844834868251e+01
2.226000000000000000e+03 2.805178804836555173e+01
2.227000000000000000e+03 2.718809672654060350e+01
2.228000000000000000e+03 2.375970960175878588e+01
2.229000000000000000e+03 2.621130694185274379e+01
2.230000000000000000e+03 3.056556953173436852e+01
2.231000000000000000e+03 1.529085522642554729e+01
2.232000000000000000e+03 1.500737170268886622e+01
2.233000000000000000e+03 2.598624028391938978e+01
2.234000000000000000e+03 2.457676501327761187e+01
2.235000000000000000e+03 2.382780979317976389e+01
2.236000000000000000e+03 2.375521504547989338e+01
2.237000000000000000e+03 2.054706675848778019e+01
2.238000000000000000e+03 2.233047471679180873e+01
2.239000000000000000e+03 2.341267300519455929e+01
2.240000000000000000e+03 3.154035939697670088e+01
2.241000000000000000e+03 1.672422011147202170e+01
2.242000000000000000e+03 2.699120285505216543e+01
2.243000000000000000e+03 2.729935788999323520e+01
2.244000000000000000e+03 2.434318960494764994e+01
2.245000000000000000e+03 1.896912653860301745e+01
2.246000000000000000e+03 3.774484229224389509e+01
2.247000000000000000e+03 1.876637564289164217e+01
2.248000000000000000e+03 1.987448183326327822e+01
2.249000000000000000e+03 1.546155885590271417e+01
2.250000000000000000e+03 2.854597192717758958e+01
2.251000000000000000e+03 1.564156002768509524e+01
2.252000000000000000e+03 1.900905313718330802e+01
2.253000000000000000e+03 2.683211348196167734e+01
2.254000000000000000e+03 1.629140235085899135e+01
2.255000000000000000e+03 1.995579805815169649e+01
2.256000000000000000e+03 1.470598285108347980e+01
2.257000000000000000e+03 3.052208411407081456e+01
2.258000000000000000e+03 1.233501831071592747e+01
2.259000000000000000e+03 1.789348071656485928e+01
2.260000000000000000e+03 2.059803785647775243e+01
2.261000000000000000e+03 2.480045364251797579e+01
2.262000000000000000e+03 1.933970160301172214e+01
2.263000000000000000e+03 2.832113310313263099e+01
2.264000000000000000e+03 2.235952757031531135e+01
2.265000000000000000e+03 3.138962910681650698e+01
2.266000000000000000e+03 2.100782432999752558e+01
2.267000000000000000e+03 2.217916849070575225e+01
2.268000000000000000e+03 2.881989689023424361e+01
2.269000000000000000e+03 2.046739194427140873e+01
2.270000000000000000e+03 3.062245255204644678e+01
2.271000000000000000e+03 2.886459251268201598e+01
2.272000000000000000e+03 3.129596733504264350e+01
2.273000000000000000e+03 2.143454747767445312e+01
2.274000000000000000e+03 2.417957580285732888e+01
2.275000000000000000e+03 3.524062558325575623e+01
2.276000000000000000e+03 3.078809315788603129e+01
2.277000000000000000e+03 1.951054684928118022e+01
2.278000000000000000e+03 2.322246650006143298e+01
2.279000000000000000e+03 2.998243998811261335e+01
2.280000000000000000e+03 2.577108189209795697e+01
2.281000000000000000e+03 2.873204901325725658e+01
2.282000000000000000e+03 2.045880728131507453e+01
2.283000000000000000e+03 3.258429660337931466e+01
2.284000000000000000e+03 1.920722881537898274e+01
2.285000000000000000e+03 2.061503952368997616e+01
2.286000000000000000e+03 2.820233038364649403e+01
2.287000000000000000e+03 2.504198544493790024e+01
2.288000000000000000e+03 2.519883438472102810e+01
2.289000000000000000e+03 1.784272957952913785e+01
2.290000000000000000e+03 3.027784607540624151e+01
2.291000000000000000e+03 2.083139488917745652e+01
2.292000000000000000e+03 2.120217808343475951e+01
2.293000000000000000e+03 1.923544023148576798e+01
2.294000000000000000e+03 1.868603981217729171e+01
2.295000000000000000e+03 2.126782819367782196e+01
2.296000000000000000e+03 1.346305732383785347e+01
2.297000000000000000e+03 1.671889170778298705e+01
2.298000000000000000e+03 2.716496785805959036e+01
2.299000000000000000e+03 1.698809292773800905e+01
2.300000000000000000e+03 1.742842547618138127e+01
2.301000000000000000e+03 2.650149183399538799e+01
2.302000000000000000e+03 2.039704307993448751e+01
2.303000000000000000e+03 2.739123619778454355e+01
2.304000000000000000e+03 1.850475797671361278e+01
2.305000000000000000e+03 1.038387556125307576e+01
2.306000000000000000e+03 2.618905464922535131e+01
2.307000000000000000e+03 1.453703789147484216e+01
2.308000000000000000e+03 2.086772183617935994e+01
2.309000000000000000e+03 2.910600848445437805e+01
2.310000000000000000e+03 3.049569656672584372e+01
2.311000000000000000e+03 9.137452201209097069e+00
2.312000000000000000e+03 2.688331641006659822e+01
2.313000000000000000e+03 2.585246885164465880e+01
2.314000000000000000e+03 1.913464682804606198e+01
2.315000000000000000e+03 1.486031719445326615e+01
2.316000000000000000e+03 2.430822846690277927e+01
2.317000000000000000e+03 2.385592898356144431e+01
2.318000000000000000e+03 2.268687036997665984e+01
2.319000000000000000e+03 2.289293424206363170e+01
2.320000000000000000e+03 2.806442367791713011e+01
2.321000000000000000e+03 2.949584306344377538e+01
2.322000000000000000e+03 2.982395244867424822e+01
2.323000000000000000e+03 2.144255456013512173e+01
2.324000000000000000e+03 2.320102930088718907e+01
2.325000000000000000e+03 2.347302511467871611e+01
2.326000000000000000e+03 2.529004788203887699e+01
2.327000000000000000e+03 1.710580997870897590e+01
2.328000000000000000e+03 2.127788466386518351e+01
2.329000000000000000e+03 2.569214856715850814e+01
2.330000000000000000e+03 2.157687581655821418e+01
2.331000000000000000e+03 2.613738699390263420e+01
2.332000000000000000e+03 2.276132231216927693e+01
2.333000000000000000e+03 1.896676624500137720e+01
2.334000000000000000e+03 2.252513046014768250e+01
2.335000000000000000e+03 2.671771820475007075e+01
2.336000000000000000e+03 2.237612468528710252e+01
2.337000000000000000e+03 2.315930925003546648e+01
2.338000000000000000e+03 1.756640885033110067e+01
2.339000000000000000e+03 1.019640250926763514e+01
2.340000000000000000e+03 2.312392166035409602e+01
2.341000000000000000e+03 1.544718913051947951e+01
2.342000000000000000e+03 2.083036775648611183e+01
2.343000000000000000e+03 1.700425470152148932e+01
2.344000000000000000e+03 2.498969220464114827e+01
2.345000000000000000e+03 2.750288129751118049e+01
2.346000000000000000e+03 2.460185156073841029e+01
2.347000000000000000e+03 2.798765865349274762e+01
2.348000000000000000e+03 2.429621742004150775e+01
2.349000000000000000e+03 1.882525206966794329e+01
2.350000000000000000e+03 2.215477503513049484e+01
2.351000000000000000e+03 2.285434684601977295e+01
2.352000000000000000e+03 2.834231201626911201e+01
2.353000000000000000e+03 2.055668505760997533e+01
2.354000000000000000e+03 2.061550352097838612e+01
2.355000000000000000e+03 3.098016041692294564e+01
2.356000000000000000e+03 2.407357836112970872e+01
2.357000000000000000e+03 2.353331210942182494e+01
2.358000000000000000e+03 2.061214000567722948e+01
2.359000000000000000e+03 1.753318747145845080e+01
2.360000000000000000e+03 2.054988581956581584e+01
2.361000000000000000e+03 2.103999328454382578e+01
2.362000000000000000e+03 1.324857584826242807e+01
2.363000000000000000e+03 1.732957215111046878e+01
2.364000000000000000e+03 2.520122231284585013e+01
2.365000000000000000e+03 2.770729781824266169e+01
2.366000000000000000e+03 1.617577613706918171e+01
2.367000000000000000e+03 2.504382272131308085e+01
2.368000000000000000e+03 2.015664989001755814e+01
2.369000000000000000e+03 2.869439275873167361e+01
2.370000000000000000e+03 1.406658884293610434e+01
2.371000000000000000e+03 2.011375929797294404e+01
2.372000000000000000e+03 1.940189327039899325e+01
2.373000000000000000e+03 2.165131644127495036e+01
2.374000000000000000e+03 2.026795915150161065e+01
2.375000000000000000e+03 1.674795526362446196e+01
2.376000000000000000e+03 1.600577072058637640e+01
2.377000000000000000e+03 9.819699537983964888e+00
2.378000000000000000e+03 1.634565404756102680e+01
2.379000000000000000e+03 2.461850384013962412e+01
2.380000000000000000e+03 2.719575227333156420e+01
2.381000000000000000e+03 2.823408963149717366e+01
2.382000000000000000e+03 1.991231347434651511e+01
2.383000000000000000e+03 2.848359876158108506e+01
2.384000000000000000e+03 3.044398009800171678e+01
2.385000000000000000e+03 2.854888550642666445e+01
2.386000000000000000e+03 2.679451727254994609e+01
2.387000000000000000e+03 1.058818322746270191e+01
2.388000000000000000e+03 1.579686878039388453e+01
2.389000000000000000e+03 2.346585071323953287e+01
2.390000000000000000e+03 1.926469217878194229e+01
2.391000000000000000e+03 2.582236891217787189e+01
2.392000000000000000e+03 2.532774449301269470e+01
2.393000000000000000e+03 1.408303780819771411e+01
2.394000000000000000e+03 1.474102728569664933e+01
2.395000000000000000e+03 2.000781256958314103e+01
2.396000000000000000e+03 2.476476657031216533e+01
2.397000000000000000e+03 2.475701641622246996e+01
2.398000000000000000e+03 2.843182656195645208e+01
2.399000000000000000e+03 1.390039560636395954e+01
2.400000000000000000e+03 2.979700996793317813e+01
2.401000000000000000e+03 2.103861624480726178e+01
2.402000000000000000e+03 3.061925756086530015e+01
2.403000000000000000e+03 2.693107184532884446e+01
2.404000000000000000e+03 2.057725850279460289e+01
2.405000000000000000e+03 2.840643414582713433e+01
2.406000000000000000e+03 1.616865127041885941e+01
2.407000000000000000e+03 2.135305912431896402e+01
2.408000000000000000e+03 2.519032979201118394e+01
2.409000000000000000e+03 2.450720750748494936e+01
2.410000000000000000e+03 1.360262673612946571e+01
2.411000000000000000e+03 2.201490082214712274e+01
2.412000000000000000e+03 2.872248756928052060e+01
2.413000000000000000e+03 2.651080535282049411e+01
2.414000000000000000e+03 1.024976260527741267e+01
2.415000000000000000e+03 2.109782929176303412e+01
2.416000000000000000e+03 2.134855145053234438e+01
2.417000000000000000e+03 2.445617398766200523e+01
2.418000000000000000e+03 2.131264216283799584e+01
2.419000000000000000e+03 2.721640504970431351e+01
2.420000000000000000e+03 1.781821399418898011e+01
2.421000000000000000e+03 2.093885547073381659e+01
2.422000000000000000e+03 2.157608710465003554e+01
2.423000000000000000e+03 1.956881481688050073e+01
2.424000000000000000e+03 2.712811076809422417e+01
2.425000000000000000e+03 2.023843469152743779e+01
2.426000000000000000e+03 1.748630075670315165e+01
2.427000000000000000e+03 1.656295767654713558e+01
2.428000000000000000e+03 2.482667674789831835e+01
2.429000000000000000e+03 1.911721861251840338e+01
2.430000000000000000e+03 2.460748366469517379e+01
2.431000000000000000e+03 1.877684189792714520e+01
2.432000000000000000e+03 2.194459558900286922e+01
2.433000000000000000e+03 1.531162195852571983e+01
2.434000000000000000e+03 2.386448951765802562e+01
2.435000000000000000e+03 2.129154234787667832e+01
2.436000000000000000e+03 2.630957004214814177e+01
2.437000000000000000e+03 2.463297594612747687e+01
2.438000000000000000e+03 2.393142767572245688e+01
2.439000000000000000e+03 2.160019675407410489e+01
2.440000000000000000e+03 2.541099642998370101e+01
2.441000000000000000e+03 2.672071219368396910e+01
2.442000000000000000e+03 2.455685029155031884e+01
2.443000000000000000e+03 2.700438953074824866e+01
2.444000000000000000e+03 1.904509941657246586e+01
2.445000000000000000e+03 2.977065634364659275e+01
2.446000000000000000e+03 2.078003799026274123e+01
2.447000000000000000e+03 2.185854214584964339e+01
2.448000000000000000e+03 2.564642479251167018e+01
2.449000000000000000e+03 2.880321807280192559e+01
2.450000000000000000e+03 2.836221875913265222e+01
2.451000000000000000e+03 9.936647703871617665e+00
2.452000000000000000e+03 2.579754044442304206e+01
2.453000000000000000e+03 2.639226630623051761e+01
2.454000000000000000e+03 1.865593081754770566e+01
2.455000000000000000e+03 1.783687683356941278e+01
2.456000000000000000e+03 2.497122647418752805e+01
2.457000000000000000e+03 2.117962110862887215e+01
2.458000000000000000e+03 2.151814707591681497e+01
2.459000000000000000e+03 1.714149622935736872e+01
2.460000000000000000e+03 1.646260426432430535e+01
2.461000000000000000e+03 3.025919939903293709e+01
2.462000000000000000e+03 2.309573159686781807e+01
2.463000000000000000e+03 2.031742031429941164e+01
2.464000000000000000e+03 9.177993857211955486e+00
2.465000000000000000e+03 3.311817050040009747e+01
2.466000000000000000e+03 2.341460684208982101e+01
2.467000000000000000e+03 2.629213523840710209e+01
2.468000000000000000e+03 2.796595912345764035e+01
2.469000000000000000e+03 1.200659159453198122e+01
2.470000000000000000e+03 1.267489955106154120e+01
2.471000000000000000e+03 1.772192926834174642e+01
2.472000000000000000e+03 1.412945930733756583e+01
2.473000000000000000e+03 1.508733724562325840e+01
2.474000000000000000e+03 2.111513491025047173e+01
2.475000000000000000e+03 1.066327242203598935e+01
2.476000000000000000e+03 3.006687325599551386e+01
2.477000000000000000e+03 1.563223783158611013e+01
2.478000000000000000e+03 2.953045427121228172e+01
2.479000000000000000e+03 2.155971087528951813e+01
2.480000000000000000e+03 2.818156168641763770e+01
2.481000000000000000e+03 2.585595533712756833e+01
2.482000000000000000e+03 1.736478156006045737e+01
2.483000000000000000e+03 1.949326541035302895e+01
2.484000000000000000e+03 2.475894494492592557e+01
2.485000000000000000e+03 1.855610493119187510e+01
2.486000000000000000e+03 2.697842804197267341e+01
2.487000000000000000e+03 2.040022186481201061e+01
2.488000000000000000e+03 2.550153077532440093e+01
2.489000000000000000e+03 2.251826861578356187e+01
2.490000000000000000e+03 3.142825307471835572e+01
2.491000000000000000e+03 1.497400967609520350e+01
2.492000000000000000e+03 1.864870946523059203e+01
2.493000000000000000e+03 1.984098596675759651e+01
2.494000000000000000e+03 1.959093774893384321e+01
2.495000000000000000e+03 2.865334044558470339e+01
2.496000000000000000e+03 2.065875850669796066e+01
2.497000000000000000e+03 1.748744934523593386e+01
2.498000000000000000e+03 2.638705056870218257e+01
2.499000000000000000e+03 1.957653875482851902e+01
2.500000000000000000e+03 1.469853511578710581e+01
2.501000000000000000e+03 2.533496319028471433e+01
2.502000000000000000e+03 3.225337645423564226e+01
2.503000000000000000e+03 3.050617002576760584e+01
2.504000000000000000e+03 3.230934233276142464e+01
2.505000000000000000e+03 1.791437299939674332e+01
2.506000000000000000e+03 2.418589042697148983e+01
2.507000000000000000e+03 1.409787083765663951e+01
2.508000000000000000e+03 2.574717423867540944e+01
2.509000000000000000e+03 2.376152078705943538e+01
2.510000000000000000e+03 2.570790217915338260e+01
2.511000000000000000e+03 2.778357307058808701e+01
2.512000000000000000e+03 2.563771812027690800e+01
2.513000000000000000e+03 2.048846685025990055e+01
2.514000000000000000e+03 1.645805182193840110e+01
2.515000000000000000e+03 2.148303429606271209e+01
2.516000000000000000e+03 1.662017798653247880e+01
2.517000000000000000e+03 2.862058975412445605e+01
2.518000000000000000e+03 2.544316053752998386e+01
2.519000000000000000e+03 1.976303443521751291e+01
2.520000000000000000e+03 2.236790242413259833e+01
2.521000000000000000e+03 2.609728890520809585e+01
2.522000000000000000e+03 2.887027944640927046e+01
2.523000000000000000e+03 1.341558514849491779e+01
2.524000000000000000e+03 3.150235111481848804e+01
2.525000000000000000e+03 2.815962725493497842e+01
2.526000000000000000e+03 2.549172260309141080e+01
2.527000000000000000e+03 2.279347017390321994e+01
2.528000000000000000e+03 3.402373761476799530e+01
2.529000000000000000e+03 2.637865499805054270e+01
2.530000000000000000e+03 1.974102171544136652e+01
2.531000000000000000e+03 1.925792087780240536e+01
2.532000000000000000e+03 2.164205816350804668e+01
2.533000000000000000e+03 2.810841699576377906e+01
2.534000000000000000e+03 2.184982436418345486e+01
2.535000000000000000e+03 2.418824878837510539e+01
2.536000000000000000e+03 1.038251923702595292e+01
2.537000000000000000e+03 1.921042825892518380e+01
2.538000000000000000e+03 1.226673734435214236e+01
2.539000000000000000e+03 2.711024063182859223e+01
2.540000000000000000e+03 1.456415624393683750e+01
2.541000000000000000e+03 3.550717478641369951e+01
2.542000000000000000e+03 2.385826386264761467e+01
2.543000000000000000e+03 2.991134676974636619e+01
2.544000000000000000e+03 2.037534967668774044e+01
2.545000000000000000e+03 1.602392378950801088e+01
2.546000000000000000e+03 2.985090708723610220e+01
2.547000000000000000e+03 1.509469143020911908e+01
2.548000000000000000e+03 2.885291603800934368e+01
2.549000000000000000e+03 2.266885747913175564e+01
2.550000000000000000e+03 2.871646216952778374e+01
2.551000000000000000e+03 2.337896523358599765e+01
2.552000000000000000e+03 1.902857515817336420e+01
2.553000000000000000e+03 1.098933182667487785e+01
2.554000000000000000e+03 2.067952181324410788e+01
2.555000000000000000e+03 2.219745181278793211e+01
2.556000000000000000e+03 2.878605598075765570e+01
2.557000000000000000e+03 1.673067392730739655e+01
2.558000000000000000e+03 2.738995847668108041e+01
2.559000000000000000e+03 2.492237015478782780e+01
2.560000000000000000e+03 1.334793339160381009e+01
2.561000000000000000e+03 2.625320582367244171e+01
2.562000000000000000e+03 1.798824487886521695e+01
2.563000000000000000e+03 1.254731469624510076e+01
2.564000000000000000e+03 1.290623026017916075e+01
2.565000000000000000e+03 2.616125147868303813e+01
2.566000000000000000e+03 2.127732095464845585e+01
2.567000000000000000e+03 2.154517565732934514e+01
2.568000000000000000e+03 2.621592309780487540e+01
2.569000000000000000e+03 2.272314407379971612e+01
2.570000000000000000e+03 2.090064444985617698e+01
2.571000000000000000e+03 1.981335614516993360e+01
2.572000000000000000e+03 1.562158303412433291e+01
2.573000000000000000e+03 2.546986306519087506e+01
2.574000000000000000e+03 2.716916803622644849e+01
2.575000000000000000e+03 2.313059560803150205e+01
2.576000000000000000e+03 3.191058725547710395e+01
2.577000000000000000e+03 2.293689107244026815e+01
2.578000000000000000e+03 2.180784600746540391e+01
2.579000000000000000e+03 1.536552197898617678e+01
2.580000000000000000e+03 2.757655662920440065e+01
2.581000000000000000e+03 2.556075941423456754e+01
2.582000000000000000e+03 2.013265619943763696e+01
2.583000000000000000e+03 1.871260761631906533e+01
2.584000000000000000e+03 1.991202118178247815e+01
2.585000000000000000e+03 1.797371355226862377e+01
2.586000000000000000e+03 2.086550615766386940e+01
2.587000000000000000e+03 2.101897654909268454e+01
2.588000000000000000e+03 2.210150076141112763e+01
2.589000000000000000e+03 2.578324968936507844e+01
2.590000000000000000e+03 2.915749193902999892e+01
2.591000000000000000e+03 2.718536175793740028e+01
2.592000000000000000e+03 2.362522452952501339e+01
2.593000000000000000e+03 2.528214582869228266e+01
2.594000000000000000e+03 1.219244361247546315e+01
2.595000000000000000e+03 1.726054119413115373e+01
2.596000000000000000e+03 2.419383000199557898e+01
2.597000000000000000e+03 1.177766988661384850e+01
2.598000000000000000e+03 1.874507625113241360e+01
2.599000000000000000e+03 2.959014108805745380e+01
2.600000000000000000e+03 2.525154595700727711e+01
2.601000000000000000e+03 1.018188602148660316e+01
2.602000000000000000e+03 2.657382595233998757e+01
2.603000000000000000e+03 2.600102866426970039e+01
2.604000000000000000e+03 2.842855840246401655e+01
2.605000000000000000e+03 1.891254073082169995e+01
2.606000000000000000e+03 2.173703073745940273e+01
2.607000000000000000e+03 1.485980799530984342e+01
2.608000000000000000e+03 3.531286647986587468e+01
2.609000000000000000e+03 2.989485619080923229e+01
2.610000000000000000e+03 2.218954917777278624e+01
2.611000000000000000e+03 2.798004484118519031e+01
2.612000000000000000e+03 2.357315372474705129e+01
2.613000000000000000e+03 3.424228011694923879e+01
2.614000000000000000e+03 2.289518711150492791e+01
2.615000000000000000e+03 1.825671295342147005e+01
2.616000000000000000e+03 1.959256651856265563e+01
2.617000000000000000e+03 1.178605821402790710e+01
2.618000000000000000e+03 2.382509625419659827e+01
2.619000000000000000e+03 2.007660602485415424e+01
2.620000000000000000e+03 2.567085012210749539e+01
2.621000000000000000e+03 3.127356897403289437e+01
2.622000000000000000e+03 2.493791948517406354e+01
2.623000000000000000e+03 2.558046030595507503e+01
2.624000000000000000e+03 2.248285169270045003e+01
2.625000000000000000e+03 2.882560040494839626e+01
2.626000000000000000e+03 2.377137306454355326e+01
2.627000000000000000e+03 2.296439022670080732e+01
2.628000000000000000e+03 2.130834330686798239e+01
2.629000000000000000e+03 2.129749223584343198e+01
2.630000000000000000e+03 2.167269873377226475e+01
2.631000000000000000e+03 2.991085873328336575e+01
2.632000000000000000e+03 2.094336496287209570e+01
2.633000000000000000e+03 2.240106217014916368e+01
2.634000000000000000e+03 2.559732896991536322e+01
2.635000000000000000e+03 1.899294445504342832e+01
2.636000000000000000e+03 1.501199563717273833e+01
2.637000000000000000e+03 2.520950754579206787e+01
2.638000000000000000e+03 2.004461125792326115e+01
2.639000000000000000e+03 2.303530203161225032e+01
2.640000000000000000e+03 1.443190566673499831e+01
2.641000000000000000e+03 1.943762159415415525e+01
2.642000000000000000e+03 1.417064584843399544e+01
2.643000000000000000e+03 1.697163161512893836e+01
2.644000000000000000e+03 2.450856764515474850e+01
2.645000000000000000e+03 1.426979439142696116e+01
2.646000000000000000e+03 1.663399790387096289e+01
2.647000000000000000e+03 2.277442773758466288e+01
2.648000000000000000e+03 2.155521623680438736e+01
2.649000000000000000e+03 2.424945988835305144e+01
2.650000000000000000e+03 3.134129332639315635e+01
2.651000000000000000e+03 2.691120010743691537e+01
2.652000000000000000e+03 2.776593756008668734e+01
2.653000000000000000e+03 1.817016892393291982e+01
2.654000000000000000e+03 1.333135929480528681e+01
2.655000000000000000e+03 2.436276058558447843e+01
2.656000000000000000e+03 1.548300937413790201e+01
2.657000000000000000e+03 1.573241702759794691e+01
2.658000000000000000e+03 2.098450591518864883e+01
2.659000000000000000e+03 1.226220920669405245e+01
2.660000000000000000e+03 1.959302953470519526e+01
2.661000000000000000e+03 1.112016412156299161e+01
2.662000000000000000e+03 1.994778810224512711e+01
2.663000000000000000e+03 1.788914825270923359e+01
2.664000000000000000e+03 2.257904987623359361e+01
2.665000000000000000e+03 2.603596499957669153e+01
2.666000000000000000e+03 2.143892083878574795e+01
2.667000000000000000e+03 8.598288280740403522e+00
2.668000000000000000e+03 2.248231635147041274e+01
2.669000000000000000e+03 2.121363245661397201e+01
2.670000000000000000e+03 1.388833072784318645e+01
2.671000000000000000e+03 2.849545122695190358e+01
2.672000000000000000e+03 1.061422957661688038e+01
2.673000000000000000e+03 3.149759607137267992e+01
2.674000000000000000e+03 2.927813313816777097e+01
2.675000000000000000e+03 2.862967331267979887e+01
2.676000000000000000e+03 2.239655480996477266e+01
2.677000000000000000e+03 1.307492741387961388e+01
2.678000000000000000e+03 1.643326891733652317e+01
2.679000000000000000e+03 2.824902787312156960e+01
2.680000000000000000e+03 2.723756625095201045e+01
2.681000000000000000e+03 2.406878521821965933e+01
2.682000000000000000e+03 2.079108750626423685e+01
2.683000000000000000e+03 2.171007265902897032e+01
2.684000000000000000e+03 1.158498857523651715e+01
2.685000000000000000e+03 3.063634485291206033e+01
2.686000000000000000e+03 2.277349871519030344e+01
2.687000000000000000e+03 1.255807034810231571e+01
2.688000000000000000e+03 2.793977175491650300e+01
2.689000000000000000e+03 2.184691410678543733e+01
2.690000000000000000e+03 3.169404082345020868e+01
2.691000000000000000e+03 2.458323943082117680e+01
2.692000000000000000e+03 2.046217037805885397e+01
2.693000000000000000e+03 2.128065182477050854e+01
2.694000000000000000e+03 3.218574480398410032e+01
2.695000000000000000e+03 3.053816704430309059e+01
2.696000000000000000e+03 2.592459761598950152e+01
2.697000000000000000e+03 2.203779011858176773e+01
2.698000000000000000e+03 2.533479722462496042e+01
2.699000000000000000e+03 9.901527194004550836e+00
2.700000000000000000e+03 2.724249585423001108e+01
2.701000000000000000e+03 2.361752558969928373e+01
2.702000000000000000e+03 1.110744807793433431e+01
2.703000000000000000e+03 1.798007072223692404e+01
2.704000000000000000e+03 2.331334528030334496e+01
2.705000000000000000e+03 2.775705619262339141e+01
2.706000000000000000e+03 2.767296482257099655e+01
2.707000000000000000e+03 3.060970065654957750e+01
2.708000000000000000e+03 9.004688853115181857e+00
2.709000000000000000e+03 3.113220309153293641e+01
2.710000000000000000e+03 3.062420876821786209e+01
2.711000000000000000e+03 1.221694907850808853e+01
2.712000000000000000e+03 2.419286062916698654e+01
2.713000000000000000e+03 2.772650092776764552e+01
2.714000000000000000e+03 2.217518667371646757e+01
2.715000000000000000e+03 2.242616940027185990e+01
2.716000000000000000e+03 1.872489318918817602e+01
2.717000000000000000e+03 2.060679110813142145e+01
2.718000000000000000e+03 1.566785159797498217e+01
2.719000000000000000e+03 2.507553647490518145e+01
2.720000000000000000e+03 2.453130000784454268e+01
2.721000000000000000e+03 1.686370217564714125e+01
2.722000000000000000e+03 1.792797835158327047e+01
2.723000000000000000e+03 1.985637956409625104e+01
2.724000000000000000e+03 2.622967692318315258e+01
2.725000000000000000e+03 2.700173007095751032e+01
2.726000000000000000e+03 2.367188764237458543e+01
2.727000000000000000e+03 2.099341868160198032e+01
2.728000000000000000e+03 2.523181814935014700e+01
2.729000000000000000e+03 1.285296682249167333e+01
2.730000000000000000e+03 2.037089622807654266e+01
2.731000000000000000e+03 2.410525899227589974e+01
2.732000000000000000e+03 7.700458984351551628e+00
2.733000000000000000e+03 2.925095429533163482e+01
2.734000000000000000e+03 2.108778619064948856e+01
2.735000000000000000e+03 2.197427565658235693e+01
2.736000000000000000e+03 2.000416107878906047e+01
2.737000000000000000e+03 2.984387830591967017e+01
2.738000000000000000e+03 1.118020517743142328e+01
2.739000000000000000e+03 2.261831781754890613e+01
2.740000000000000000e+03 1.093775790038126061e+01
2.741000000000000000e+03 2.225634753491800666e+01
2.742000000000000000e+03 2.428711004322190803e+01
2.743000000000000000e+03 2.981596756374860036e+01
2.744000000000000000e+03 2.684786464938305883e+01
2.745000000000000000e+03 1.151258296513272228e+01
2.746000000000000000e+03 1.996813984759810978e+01
2.747000000000000000e+03 3.387200727718524007e+01
2.748000000000000000e+03 2.488492886897634548e+01
2.749000000000000000e+03 1.860694086225140254e+01
2.750000000000000000e+03 1.408545782960268511e+01
2.751000000000000000e+03 2.042851036035100520e+01
2.752000000000000000e+03 1.888485782072422481e+01
2.753000000000000000e+03 1.918131318396063278e+01
2.754000000000000000e+03 1.986038876582037460e+01
2.755000000000000000e+03 2.227040578858157360e+01
2.756000000000000000e+03 1.938154554850810740e+01
2.757000000000000000e+03 1.713195037176097912e+01
2.758000000000000000e+03 2.792164540717480392e+01
2.759000000000000000e+03 1.322934114190430144e+01
2.760000000000000000e+03 1.465772021410191073e+01
2.761000000000000000e+03 1.837754229732598432e+01
2.762000000000000000e+03 2.115872358556578448e+01
2.763000000000000000e+03 2.063544134952629960e+01
2.764000000000000000e+03 2.472754080921721354e+01
2.765000000000000000e+03 2.223116617762025271e+01
2.766000000000000000e+03 2.486434584210118715e+01
2.767000000000000000e+03 2.351021344732419038e+01
2.768000000000000000e+03 1.609310150315884869e+01
2.769000000000000000e+03 2.457635656604707108e+01
2.770000000000000000e+03 1.970489954257679344e+01
2.771000000000000000e+03 2.812900424218958761e+01
2.772000000000000000e+03 2.199448647776976529e+01
2.773000000000000000e+03 1.266798424426288072e+01
2.774000000000000000e+03 1.565450719063499285e+01
2.775000000000000000e+03 2.492941493801049901e+01
2.776000000000000000e+03 2.906705250707700472e+01
2.777000000000000000e+03 3.065931153392500264e+01
2.778000000000000000e+03 2.544083413011938788e+01
2.779000000000000000e+03 2.543070647700239562e+01
2.780000000000000000e+03 2.022332788463872433e+01
2.781000000000000000e+03 2.213214972776411216e+01
2.782000000000000000e+03 2.477437844000949951e+01
2.783000000000000000e+03 3.137250566534413565e+01
2.784000000000000000e+03 1.349785184591003784e+01
2.785000000000000000e+03 2.453467061546408345e+01
2.786000000000000000e+03 2.039120712422031900e+01
2.787000000000000000e+03 2.828968713374507971e+01
2.788000000000000000e+03 1.410011248768196879e+01
2.789000000000000000e+03 2.843599395247997919e+01
2.790000000000000000e+03 2.528367577606253036e+01
2.791000000000000000e+03 2.176110421673209316e+01
2.792000000000000000e+03 3.071820863197490326e+01
2.793000000000000000e+03 2.291684213084966615e+01
2.794000000000000000e+03 2.480513885427426146e+01
2.795000000000000000e+03 3.167904221408959842e+01
2.796000000000000000e+03 1.252893398178736462e+01
2.797000000000000000e+03 2.042822318423280237e+01
2.798000000000000000e+03 1.972197616750860405e+01
2.799000000000000000e+03 2.599934734237507072e+01
2.800000000000000000e+03 1.712474820058312730e+01
2.801000000000000000e+03 9.931432690888071235e+00
2.802000000000000000e+03 2.543226536636536039e+01
2.803000000000000000e+03 2.418455061412553420e+01
2.804000000000000000e+03 2.243655323568911442e+01
2.805000000000000000e+03 2.175627286041601494e+01
2.806000000000000000e+03 3.171833363459426280e+01
2.807000000000000000e+03 1.763217005993522690e+01
2.808000000000000000e+03 3.534464919548064898e+01
2.809000000000000000e+03 1.761410387399973487e+01
2.810000000000000000e+03 2.099443050297125524e+01
2.811000000000000000e+03 2.909039567518306413e+01
2.812000000000000000e+03 3.680477127496985190e+01
2.813000000000000000e+03 2.603405204049404631e+01
2.814000000000000000e+03 1.137487548290429018e+01
2.815000000000000000e+03 1.972165131043443154e+01
2.816000000000000000e+03 1.200642329996433411e+01
2.817000000000000000e+03 2.718627135005632312e+01
2.818000000000000000e+03 2.176958938575855740e+01
2.819000000000000000e+03 1.825292363736782519e+01
2.820000000000000000e+03 1.315548178100834420e+01
2.821000000000000000e+03 2.110337467873169004e+01
2.822000000000000000e+03 2.993463342135247984e+01
2.823000000000000000e+03 2.314435492679532302e+01
2.824000000000000000e+03 2.215436397109027666e+01
2.825000000000000000e+03 1.803022839698693502e+01
2.826000000000000000e+03 2.134090605789487327e+01
2.827000000000000000e+03 1.227826387363795568e+01
2.828000000000000000e+03 2.415253399322785910e+01
2.829000000000000000e+03 1.240431246850551261e+01
2.830000000000000000e+03 2.051511535214514481e+01
2.831000000000000000e+03 3.478128745687068601e+01
2.832000000000000000e+03 2.399827074073054689e+01
2.833000000000000000e+03 2.154991546915519507e+01
2.834000000000000000e+03 1.820741026870212664e+01
2.835000000000000000e+03 2.146767439629513419e+01
2.836000000000000000e+03 2.496808273119150456e+01
2.837000000000000000e+03 2.254109832773200495e+01
2.838000000000000000e+03 1.922837838536244348e+01
2.839000000000000000e+03 2.862573716689557912e+01
2.840000000000000000e+03 1.943251405685647626e+01
2.841000000000000000e+03 1.174341444809540747e+01
2.842000000000000000e+03 2.195860153316454344e+01
2.843000000000000000e+03 1.977158168101326297e+01
2.844000000000000000e+03 2.156985296851072675e+01
2.845000000000000000e+03 2.657646738021505683e+01
2.846000000000000000e+03 2.885548855395942525e+01
2.847000000000000000e+03 1.253622197421056406e+01
2.848000000000000000e+03 2.845783091299663070e+01
2.849000000000000000e+03 1.774383340040700929e+01
2.850000000000000000e+03 2.265572352624645802e+01
2.851000000000000000e+03 9.665419618216962050e+00
2.852000000000000000e+03 2.122989573168313626e+01
2.853000000000000000e+03 2.447119891944801395e+01
2.854000000000000000e+03 2.097223766347085672e+01
2.855000000000000000e+03 1.451018687197960588e+01
2.856000000000000000e+03 1.788419042493409705e+01
2.857000000000000000e+03 2.715169699926167013e+01
2.858000000000000000e+03 2.394222343403107089e+01
2.859000000000000000e+03 2.356988355510745592e+01
2.860000000000000000e+03 1.984113793013192151e+01
2.861000000000000000e+03 2.030048910492785907e+01
2.862000000000000000e+03 2.908672701494445434e+01
2.863000000000000000e+03 2.608789283337798182e+01
2.864000000000000000e+03 2.784582882906466139e+01
2.865000000000000000e+03 9.470935578282372092e+00
2.866000000000000000e+03 1.071961074768223909e+01
2.867000000000000000e+03 2.456969817421190427e+01
2.868000000000000000e+03 1.702368461911335373e+01
2.869000000000000000e+03 1.261190636474903570e+01
2.870000000000000000e+03 2.024364663963425670e+01
2.871000000000000000e+03 1.038323343389362208e+01
2.872000000000000000e+03 2.804287810812259352e+01
2.873000000000000000e+03 2.067214337861862816e+01
2.874000000000000000e+03 2.548233829880901524e+01
2.875000000000000000e+03 2.145239508712904808e+01
2.876000000000000000e+03 2.936979228162302036e+01
2.877000000000000000e+03 1.203391403134792625e+01
2.878000000000000000e+03 2.207843687740362171e+01
2.879000000000000000e+03 2.521323557415396266e+01
2.880000000000000000e+03 2.737781143225840808e+01
2.881000000000000000e+03 3.039723167009782401e+01
2.882000000000000000e+03 2.325731284408879773e+01
2.883000000000000000e+03 1.771493338840132026e+01
2.884000000000000000e+03 1.380251022047785625e+01
2.885000000000000000e+03 2.235582941059288942e+01
2.886000000000000000e+03 1.713895048341224125e+01
2.887000000000000000e+03 2.494008743491934510e+01
2.888000000000000000e+03 1.474538814574261636e+01
2.889000000000000000e+03 2.082655100675836479e+01
2.890000000000000000e+03 1.520015768495647279e+01
2.891000000000000000e+03 2.469977512857014545e+01
2.892000000000000000e+03 2.089319891751498659e+01
2.893000000000000000e+03 1.370294001565148179e+01
2.894000000000000000e+03 2.365656045409538777e+01
2.895000000000000000e+03 1.333744908845561383e+01
2.896000000000000000e+03 2.892173269014483239e+01
2.897000000000000000e+03 1.944183645527684945e+01
2.898000000000000000e+03 1.626055102010595022e+01
2.899000000000000000e+03 1.874999353628354370e+01
2.900000000000000000e+03 2.236210289953058350e+01
2.901000000000000000e+03 2.255851185973265416e+01
2.902000000000000000e+03 1.616126292141453646e+01
2.903000000000000000e+03 1.512526730740112590e+01
2.904000000000000000e+03 1.043759641184853493e+01
2.905000000000000000e+03 1.597462993286298349e+01
2.906000000000000000e+03 2.401692693466250361e+01
2.907000000000000000e+03 2.115167574508484449e+01
2.908000000000000000e+03 1.655549215358696813e+01
2.909000000000000000e+03 1.415709148744785040e+01
2.910000000000000000e+03 1.209626157221843101e+01
2.911000000000000000e+03 2.489111634286180319e+01
2.912000000000000000e+03 2.790860245280434171e+01
2.913000000000000000e+03 2.349619289239461395e+01
2.914000000000000000e+03 2.426796477497833848e+01
2.915000000000000000e+03 3.008731159313863301e+01
2.916000000000000000e+03 2.482980587561246466e+01
2.917000000000000000e+03 2.437399647505936429e+01
2.918000000000000000e+03 1.729921438109816734e+01
2.919000000000000000e+03 1.357024584428285863e+01
2.920000000000000000e+03 2.264464821693889363e+01
2.921000000000000000e+03 1.477188526461897133e+01
2.922000000000000000e+03 2.571153521384296425e+01
2.923000000000000000e+03 1.923275659079976663e+01
2.924000000000000000e+03 1.828168832047022008e+01
2.925000000000000000e+03 1.822961886837097367e+01
2.926000000000000000e+03 2.663565022494229240e+01
2.927000000000000000e+03 9.184722777212840583e+00
2.928000000000000000e+03 2.643595201892351554e+01
2.929000000000000000e+03 1.899484364387306456e+01
2.930000000000000000e+03 2.411372017988360739e+01
2.931000000000000000e+03 2.599902947334410541e+01
2.932000000000000000e+03 2.084523417299666548e+01
2.933000000000000000e+03 2.271266686500488419e+01
2.934000000000000000e+03 2.146430518664272569e+01
2.935000000000000000e+03 2.308572640263586351e+01
2.936000000000000000e+03 2.366061584266234874e+01
2.937000000000000000e+03 2.074878138182397080e+01
2.938000000000000000e+03 2.713911140331458327e+01
2.939000000000000000e+03 2.186242351106417203e+01
2.940000000000000000e+03 2.975177897910390001e+01
2.941000000000000000e+03 2.048319384825099831e+01
2.942000000000000000e+03 2.220199606436586848e+01
2.943000000000000000e+03 2.374238690559063514e+01
2.944000000000000000e+03 2.592592307364348514e+01
2.945000000000000000e+03 1.365249933587024778e+01
2.946000000000000000e+03 2.386835781244861110e+01
2.947000000000000000e+03 3.024737768713282193e+01
2.948000000000000000e+03 2.127154085741036127e+01
2.949000000000000000e+03 1.311726342333781403e+01
2.950000000000000000e+03 1.311885540993321797e+01
2.951000000000000000e+03 1.474859877351314275e+01
2.952000000000000000e+03 2.093370301216651086e+01
2.953000000000000000e+03 1.624565314112344083e+01
2.954000000000000000e+03 2.955696979033444194e+01
2.955000000000000000e+03 2.287001452065613094e+01
2.956000000000000000e+03 2.589795684341402549e+01
2.957000000000000000e+03 1.525362025238810659e+01
2.958000000000000000e+03 1.810789872470421358e+01
2.959000000000000000e+03 3.245512326326628738e+01
2.960000000000000000e+03 2.289465987478527609e+01
2.961000000000000000e+03 1.946639519478452840e+01
2.962000000000000000e+03 1.823330358212411539e+01
2.963000000000000000e+03 1.196634200793589464e+01
2.964000000000000000e+03 1.845826190096216024e+01
2.965000000000000000e+03 1.522485620678177298e+01
2.966000000000000000e+03 2.510198077449316045e+01
2.967000000000000000e+03 1.948173626283227122e+01
2.968000000000000000e+03 1.415741665773864177e+01
2.969000000000000000e+03 2.671603052506616294e+01
2.970000000000000000e+03 2.502220708025657103e+01
2.971000000000000000e+03 3.025487853053286003e+01
2.972000000000000000e+03 9.995292077342337933e+00
2.973000000000000000e+03 2.733611006979960223e+01
2.974000000000000000e+03 1.939596930240617567e+01
2.975000000000000000e+03 2.495822139868362655e+01
2.976000000000000000e+03 2.481736899793145312e+01
2.977000000000000000e+03 1.734828536757525086e+01
2.978000000000000000e+03 1.051444468325658299e+01
2.979000000000000000e+03 2.038250173816806310e+01
2.980000000000000000e+03 2.147191002817573491e+01
2.981000000000000000e+03 3.028522555520163451e+01
2.982000000000000000e+03 2.311721085011026133e+01
2.983000000000000000e+03 2.207559285655466041e+01
2.984000000000000000e+03 2.151362270885276118e+01
2.985000000000000000e+03 2.805457975994643860e+01
2.986000000000000000e+03 3.026847165736225520e+01
2.987000000000000000e+03 1.621584946628953716e+01
2.988000000000000000e+03 1.142243740775864502e+01
2.989000000000000000e+03 2.711252521012940164e+01
2.990000000000000000e+03 2.460186322839939166e+01
2.991000000000000000e+03 1.761767249178500450e+01
2.992000000000000000e+03 1.540542641004994984e+01
2.993000000000000000e+03 2.080633092183767729e+01
2.994000000000000000e+03 3.243193639172380216e+01
2.995000000000000000e+03 2.257852628288007324e+01
2.996000000000000000e+03 2.408587507457894716e+01
2.997000000000000000e+03 1.968927589065943096e+01
2.998000000000000000e+03 2.178886956673362008e+01
2.999000000000000000e+03 2.787878733948216592e+01
3.000000000000000000e+03 2.220910429939284114e+01
3.001000000000000000e+03 1.640319418998647194e+01
3.002000000000000000e+03 1.454797893453591229e+01
3.003000000000000000e+03 1.411550603368320900e+01
3.004000000000000000e+03 3.640625411944834156e+01
3.005000000000000000e+03 2.776980057641837618e+01
3.006000000000000000e+03 1.885607537279326351e+01
3.007000000000000000e+03 2.177988710273013240e+01
3.008000000000000000e+03 2.700314658247540933e+01
3.009000000000000000e+03 2.881444054999029447e+01
3.010000000000000000e+03 1.437551974510564357e+01
3.011000000000000000e+03 1.694893900582561486e+01
3.012000000000000000e+03 1.823562613197937665e+01
3.013000000000000000e+03 2.588110470740997471e+01
3.014000000000000000e+03 2.501390017794424026e+01
3.015000000000000000e+03 2.524524508869335193e+01
3.016000000000000000e+03 2.646174014774498318e+01
3.017000000000000000e+03 2.016865438979980141e+01
3.018000000000000000e+03 1.944848495316197656e+01
3.019000000000000000e+03 2.564533573683945633e+01
3.020000000000000000e+03 1.768410664655824149e+01
3.021000000000000000e+03 2.042204903932560711e+01
3.022000000000000000e+03 2.941885362528800840e+01
3.023000000000000000e+03 2.291482057545979600e+01
3.024000000000000000e+03 2.663808780440265167e+01
3.025000000000000000e+03 1.969648383067511332e+01
3.026000000000000000e+03 2.257928970353461651e+01
3.027000000000000000e+03 2.708727176915390444e+01
3.028000000000000000e+03 8.336434446206689941e+00
3.029000000000000000e+03 2.502989070317759612e+01
3.030000000000000000e+03 1.615778841177520064e+01
3.031000000000000000e+03 3.010896574514096002e+01
3.032000000000000000e+03 2.342590005600104774e+01
3.033000000000000000e+03 1.862957321291061064e+01
3.034000000000000000e+03 2.612475981985276263e+01
3.035000000000000000e+03 3.360311638701647752e+01
3.036000000000000000e+03 2.990699307126835649e+01
3.037000000000000000e+03 1.837357012587952099e+01
3.038000000000000000e+03 2.049651070685239773e+01
3.039000000000000000e+03 2.024272586287046494e+01
3.040000000000000000e+03 2.163470606063124535e+01
3.041000000000000000e+03 2.376480900098760785e+01
3.042000000000000000e+03 2.253990983478610133e+01
3.043000000000000000e+03 2.252580926167783915e+01
3.044000000000000000e+03 2.158939840215440498e+01
3.045000000000000000e+03 1.286727149929256875e+01
3.046000000000000000e+03 1.800033308688306377e+01
3.047000000000000000e+03 1.839508701920642508e+01
3.048000000000000000e+03 1.494934583864974798e+01
3.049000000000000000e+03 2.336886749965368182e+01
3.050000000000000000e+03 3.007415044937922488e+01
3.051000000000000000e+03 2.159433635823081588e+01
3.052000000000000000e+03 3.003474622843503283e+01
3.053000000000000000e+03 1.511023841640921006e+01
3.054000000000000000e+03 2.323139619571636061e+01
3.055000000000000000e+03 1.366821387800523269e+01
3.056000000000000000e+03 2.153796342167677835e+01
3.057000000000000000e+03 1.630014546771182182e+01
3.058000000000000000e+03 2.810652279822669186e+01
3.059000000000000000e+03 2.257292200466197230e+01
3.060000000000000000e+03 1.961060978515062203e+01
3.061000000000000000e+03 2.749307866323073668e+01
3.062000000000000000e+03 8.935395871142613800e+00
3.063000000000000000e+03 2.083387702277022768e+01
3.064000000000000000e+03 2.321245349063721974e+01
3.065000000000000000e+03 2.069474415358501673e+01
3.066000000000000000e+03 2.777112488001571933e+01
3.067000000000000000e+03 1.819298098137443631e+01
3.068000000000000000e+03 2.562531743872879630e+01
3.069000000000000000e+03 2.333820633920311138e+01
3.070000000000000000e+03 2.408322847846527992e+01
3.071000000000000000e+03 1.456277346418606022e+01
3.072000000000000000e+03 2.169326830784371651e+01
3.073000000000000000e+03 1.016188432830437449e+01
3.074000000000000000e+03 1.967320641742054121e+01
3.075000000000000000e+03 2.736431411048990014e+01
3.076000000000000000e+03 2.683591257939689001e+01
3.077000000000000000e+03 1.278016589935469050e+01
3.078000000000000000e+03 2.671546344899909897e+01
3.079000000000000000e+03 2.147336793011230327e+01
3.080000000000000000e+03 2.593816453325504057e+01
3.081000000000000000e+03 2.710682250032549945e+01
3.082000000000000000e+03 2.000557944733692750e+01
3.083000000000000000e+03 1.300822705489804321e+01
3.084000000000000000e+03 2.257778749724173295e+01
3.085000000000000000e+03 1.489272025722620185e+01
3.086000000000000000e+03 2.313598255970277506e+01
3.087000000000000000e+03 1.200304145509933740e+01
3.088000000000000000e+03 2.997502764028962829e+01
3.089000000000000000e+03 3.120724521629573545e+01
3.090000000000000000e+03 2.593967009183204553e+01
3.091000000000000000e+03 2.419238154613143266e+01
3.092000000000000000e+03 2.571387714493571508e+01
3.093000000000000000e+03 2.218952054808658048e+01
3.094000000000000000e+03 3.473914048608721572e+01
3.095000000000000000e+03 2.818991523444210401e+01
3.096000000000000000e+03 2.547364782087205626e+01
3.097000000000000000e+03 2.459186677982832592e+01
3.098000000000000000e+03 2.151161652268152125e+01
3.099000000000000000e+03 2.166768629401617119e+01
3.100000000000000000e+03 2.057768426919988158e+01
3.101000000000000000e+03 1.532460890695939071e+01
3.102000000000000000e+03 2.424421939530514791e+01
3.103000000000000000e+03 2.314106783544011847e+01
3.104000000000000000e+03 2.540926460513476570e+01
3.105000000000000000e+03 1.727495969811353760e+01
3.106000000000000000e+03 1.444964882035258213e+01
3.107000000000000000e+03 2.117761130661525115e+01
3.108000000000000000e+03 1.955864862703419860e+01
3.109000000000000000e+03 2.134999011666385016e+01
3.110000000000000000e+03 1.080012103343402075e+01
3.111000000000000000e+03 1.962311234251223979e+01
3.112000000000000000e+03 2.571957384636015931e+01
3.113000000000000000e+03 2.868681939893792787e+01
3.114000000000000000e+03 2.251752689361968152e+01
3.115000000000000000e+03 2.446276158343433238e+01
3.116000000000000000e+03 1.702564858705682838e+01
3.117000000000000000e+03 2.056607409831559252e+01
3.118000000000000000e+03 2.395370648557638660e+01
3.119000000000000000e+03 1.658918491412000762e+01
3.120000000000000000e+03 2.262840305526831486e+01
3.121000000000000000e+03 2.228706835841353850e+01
3.122000000000000000e+03 2.963508180916979384e+01
3.123000000000000000e+03 2.111103051678102815e+01
3.124000000000000000e+03 1.233300959941803221e+01
3.125000000000000000e+03 2.318276282375655484e+01
3.126000000000000000e+03 2.865093084535386225e+01
3.127000000000000000e+03 2.328804148807019914e+01
3.128000000000000000e+03 2.463710477629247819e+01
3.129000000000000000e+03 3.512832160160034078e+01
3.130000000000000000e+03 1.457006625270887135e+01
3.131000000000000000e+03 2.611912475251005716e+01
3.132000000000000000e+03 2.490757317641143231e+01
3.133000000000000000e+03 8.622891850803647174e+00
3.134000000000000000e+03 1.733565645406038058e+01
3.135000000000000000e+03 2.555015689987328997e+01
3.136000000000000000e+03 1.692374585429432798e+01
3.137000000000000000e+03 2.231485347012623421e+01
3.138000000000000000e+03 1.942082095055257795e+01
3.139000000000000000e+03 2.781676097482537102e+01
3.140000000000000000e+03 2.094735558507832351e+01
3.141000000000000000e+03 2.454242804310525727e+01
3.142000000000000000e+03 2.711121331626257103e+01
3.143000000000000000e+03 1.829483139312354112e+01
3.144000000000000000e+03 2.938111094323948080e+01
3.145000000000000000e+03 2.221857847430732491e+01
3.146000000000000000e+03 2.405620180363557381e+01
3.147000000000000000e+03 2.428231570573296239e+01
3.148000000000000000e+03 1.886075967164606126e+01
3.149000000000000000e+03 1.909069856565105283e+01
3.150000000000000000e+03 2.052315842623493936e+01
3.151000000000000000e+03 1.177357499826560172e+01
3.152000000000000000e+03 1.412615495920995379e+01
3.153000000000000000e+03 2.959357111630178494e+01
3.154000000000000000e+03 3.005301228807407199e+01
3.155000000000000000e+03 3.027972755011953510e+01
3.156000000000000000e+03 1.743430209216511884e+01
3.157000000000000000e+03 2.378948136710892669e+01
3.158000000000000000e+03 1.076057891479099915e+01
3.159000000000000000e+03 2.367907823815904322e+01
3.160000000000000000e+03 9.689495287079918029e+00
3.161000000000000000e+03 2.168043302601537192e+01
3.162000000000000000e+03 2.577880449161323995e+01
3.163000000000000000e+03 2.761959811671226106e+01
3.164000000000000000e+03 1.569215427627547044e+01
3.165000000000000000e+03 2.803270426162766071e+01
3.166000000000000000e+03 3.101760958813587621e+01
3.167000000000000000e+03 1.439914456389066011e+01
3.168000000000000000e+03 2.618138163415182973e+01
3.169000000000000000e+03 3.055674512551643573e+01
3.170000000000000000e+03 2.342031839922575287e+01
3.171000000000000000e+03 3.074297887317966982e+01
3.172000000000000000e+03 1.848505555908133502e+01
3.173000000000000000e+03 2.688866207144429765e+01
3.174000000000000000e+03 2.973877980261910636e+01
3.175000000000000000e+03 1.978338094494804267e+01
3.176000000000000000e+03 2.279149616927404765e+01
3.177000000000000000e+03 2.755288435511628364e+01
3.178000000000000000e+03 2.295729651482467659e+01
3.179000000000000000e+03 2.302130058805031965e+01
3.180000000000000000e+03 1.841822206350204638e+01
3.181000000000000000e+03 2.333145474292989618e+01
3.182000000000000000e+03 1.580744085915341479e+01
3.183000000000000000e+03 2.523874996916197944e+01
3.184000000000000000e+03 2.256872457526648290e+01
3.185000000000000000e+03 3.210111077901986931e+01
3.186000000000000000e+03 2.097575617753090071e+01
3.187000000000000000e+03 2.473922745212076535e+01
3.188000000000000000e+03 1.764006788924154989e+01
3.189000000000000000e+03 2.137501062028401577e+01
3.190000000000000000e+03 1.730654842377161629e+01
3.191000000000000000e+03 3.267339026524548018e+01
3.192000000000000000e+03 1.480549655816336418e+01
3.193000000000000000e+03 2.088447491662719813e+01
3.194000000000000000e+03 2.141899112125175009e+01
3.195000000000000000e+03 3.081157982871989987e+01
3.196000000000000000e+03 2.761775797680032341e+01
3.197000000000000000e+03 2.213327495336221773e+01
3.198000000000000000e+03 1.175551112245943131e+01
3.199000000000000000e+03 2.951696732695133818e+01
3.200000000000000000e+03 1.826872363169975699e+01
3.201000000000000000e+03 1.964073133654018832e+01
3.202000000000000000e+03 1.118560568752024942e+01
3.203000000000000000e+03 2.680025462491628829e+01
3.204000000000000000e+03 2.495451067049588545e+01
3.205000000000000000e+03 2.125510872237124715e+01
3.206000000000000000e+03 2.709019677235726320e+01
3.207000000000000000e+03 2.675660548418894891e+01
3.208000000000000000e+03 1.455877351999086677e+01
3.209000000000000000e+03 1.321442705687518071e+01
3.210000000000000000e+03 2.359906069423475472e+01
3.211000000000000000e+03 2.002036725045343246e+01
3.212000000000000000e+03 2.337372715076142171e+01
3.213000000000000000e+03 2.102848667670259175e+01
3.214000000000000000e+03 1.294748352877139297e+01
3.215000000000000000e+03 2.819548864989671699e+01
3.216000000000000000e+03 1.833952659529444773e+01
3.217000000000000000e+03 1.872617353442292654e+01
3.218000000000000000e+03 2.921453332649948820e+01
3.219000000000000000e+03 1.226358426688152825e+01
3.220000000000000000e+03 1.385274636266696291e+01
3.221000000000000000e+03 2.427217252881617426e+01
3.222000000000000000e+03 2.491628780625794803e+01
3.223000000000000000e+03 2.211837880918184851e+01
3.224000000000000000e+03 2.058191377930081600e+01
3.225000000000000000e+03 2.345717023698737691e+01
3.226000000000000000e+03 1.053729455730682574e+01
3.227000000000000000e+03 2.139206063990483742e+01
3.228000000000000000e+03 2.529131353489422551e+01
3.229000000000000000e+03 2.260379422742714439e+01
3.230000000000000000e+03 2.542315431289486227e+01
3.231000000000000000e+03 1.449859878065751495e+01
3.232000000000000000e+03 1.487256421378969407e+01
3.233000000000000000e+03 2.915655583878268331e+01
3.234000000000000000e+03 1.841121347273916697e+01
3.235000000000000000e+03 2.635978658322496671e+01
3.236000000000000000e+03 1.266109751631194236e+01
3.237000000000000000e+03 2.102480262324526095e+01
3.238000000000000000e+03 2.126944801837965571e+01
3.239000000000000000e+03 1.127558875663699212e+01
3.240000000000000000e+03 1.646145736016720207e+01
3.241000000000000000e+03 2.528975625702445384e+01
3.242000000000000000e+03 2.474454974314440747e+01
3.243000000000000000e+03 1.111122948350872441e+01
3.244000000000000000e+03 2.592963733971869544e+01
3.245000000000000000e+03 1.280108115126020252e+01
3.246000000000000000e+03 2.183566612382173844e+01
3.247000000000000000e+03 1.871905293828801575e+01
3.248000000000000000e+03 2.844154480722205136e+01
3.249000000000000000e+03 1.325761068103103568e+01
3.250000000000000000e+03 2.397046684558544172e+01
3.251000000000000000e+03 2.573142109700392766e+01
3.252000000000000000e+03 2.578699435588542599e+01
3.253000000000000000e+03 2.465843347723618351e+01
3.254000000000000000e+03 2.453388183209372642e+01
3.255000000000000000e+03 1.961325445946753376e+01
3.256000000000000000e+03 2.023858478152968132e+01
3.257000000000000000e+03 3.505933385456454232e+01
3.258000000000000000e+03 2.778230909654291025e+01
3.259000000000000000e+03 1.983143850932819774e+01
3.260000000000000000e+03 2.477278595105314452e+01
3.261000000000000000e+03 1.572763057209486526e+01
3.262000000000000000e+03 3.263336079178732518e+01
3.263000000000000000e+03 1.933342674947932593e+01
3.264000000000000000e+03 3.403635579276998868e+01
3.265000000000000000e+03 2.520088774697951095e+01
3.266000000000000000e+03 3.029847622666530071e+01
3.267000000000000000e+03 1.116647173697619877e+01
3.268000000000000000e+03 1.497284930158517646e+01
3.269000000000000000e+03 2.237321662113186349e+01
3.270000000000000000e+03 2.141058003100138052e+01
3.271000000000000000e+03 1.551000107218017732e+01
3.272000000000000000e+03 1.997927575021333624e+01
3.273000000000000000e+03 1.851914931193728719e+01
3.274000000000000000e+03 2.301608438194895356e+01
3.275000000000000000e+03 2.788346628497334478e+01
3.276000000000000000e+03 1.686341728209677626e+01
3.277000000000000000e+03 2.857569144022504304e+01
3.278000000000000000e+03 2.057278991814846236e+01
3.279000000000000000e+03 2.804324664124865052e+01
3.280000000000000000e+03 2.386913408889047616e+01
3.281000000000000000e+03 1.281023082099319765e+01
3.282000000000000000e+03 2.862728600951700031e+01
3.283000000000000000e+03 3.011682488442657046e+01
3.284000000000000000e+03 2.591385866697858376e+01
3.285000000000000000e+03 1.719047965160926950e+01
3.286000000000000000e+03 2.504920159483155473e+01
3.287000000000000000e+03 2.946031865867479027e+01
3.288000000000000000e+03 3.132632799358197317e+01
3.289000000000000000e+03 1.799390993153054907e+01
3.290000000000000000e+03 1.385148668295552632e+01
3.291000000000000000e+03 1.651227509160200313e+01
3.292000000000000000e+03 3.283910073377669647e+01
3.293000000000000000e+03 2.503347860085486332e+01
3.294000000000000000e+03 1.882701840910058166e+01
3.295000000000000000e+03 2.303191216803258712e+01
3.296000000000000000e+03 1.448059337757010212e+01
3.297000000000000000e+03 2.218019968455001489e+01
3.298000000000000000e+03 2.230775421696396776e+01
3.299000000000000000e+03 2.283258028574548959e+01
3.300000000000000000e+03 2.848013506319331256e+01
3.301000000000000000e+03 1.687934882187384744e+01
3.302000000000000000e+03 1.890386187240880389e+01
3.303000000000000000e+03 2.603250289723014887e+01
3.304000000000000000e+03 2.302220076366835855e+01
3.305000000000000000e+03 2.557650062345203423e+01
3.306000000000000000e+03 2.253498011299486592e+01
3.307000000000000000e+03 2.108139688841691850e+01
3.308000000000000000e+03 2.582181407248542016e+01
3.309000000000000000e+03 2.249607781536356654e+01
3.310000000000000000e+03 3.406178120599629722e+01
3.311000000000000000e+03 2.164742652333589135e+01
3.312000000000000000e+03 2.686166316041428459e+01
3.313000000000000000e+03 1.388510620523275207e+01
3.314000000000000000e+03 2.726438844971799824e+01
3.315000000000000000e+03 2.761176572502343518e+01
3.316000000000000000e+03 1.838457957851215241e+01
3.317000000000000000e+03 2.668899322923851614e+01
3.318000000000000000e+03 1.724424851323683683e+01
3.319000000000000000e+03 1.926778759684071929e+01
3.320000000000000000e+03 2.715785649741146202e+01
3.321000000000000000e+03 2.282410586380938256e+01
3.322000000000000000e+03 2.199076808814994877e+01
3.323000000000000000e+03 1.785976118298527737e+01
3.324000000000000000e+03 1.193336892006291272e+01
3.325000000000000000e+03 2.844774779613524984e+01
3.326000000000000000e+03 1.729731725803321041e+01
3.327000000000000000e+03 1.346202842897052854e+01
3.328000000000000000e+03 1.803819290445322565e+01
3.329000000000000000e+03 1.433176258168483130e+01
3.330000000000000000e+03 2.313849342870868142e+01
3.331000000000000000e+03 2.125977631488770925e+01
3.332000000000000000e+03 2.325681443714675467e+01
3.333000000000000000e+03 3.482269776433454211e+01
3.334000000000000000e+03 2.456590418066880233e+01
3.335000000000000000e+03 2.448991857618997159e+01
3.336000000000000000e+03 2.213973758478272202e+01
3.337000000000000000e+03 1.527040298078627600e+01
3.338000000000000000e+03 1.492405936405627820e+01
3.339000000000000000e+03 3.083290999281654621e+01
3.340000000000000000e+03 1.199248992931500801e+01
3.341000000000000000e+03 1.397345575456358091e+01
3.342000000000000000e+03 6.530510936550744994e+00
3.343000000000000000e+03 2.515249223834607406e+01
3.344000000000000000e+03 1.259810932075567536e+01
3.345000000000000000e+03 2.897877622125382757e+01
3.346000000000000000e+03 1.174381619916574415e+01
3.347000000000000000e+03 3.319790319898751108e+01
3.348000000000000000e+03 2.669629684873530806e+01
3.349000000000000000e+03 2.368839772495586615e+01
3.350000000000000000e+03 2.054693037964716851e+01
3.351000000000000000e+03 2.444266848735190223e+01
3.352000000000000000e+03 2.513754622306727171e+01
3.353000000000000000e+03 2.617168754533279795e+01
3.354000000000000000e+03 1.516355897262048202e+01
3.355000000000000000e+03 2.554916605071074898e+01
3.356000000000000000e+03 1.698786547025762772e+01
3.357000000000000000e+03 1.746762994036829753e+01
3.358000000000000000e+03 3.545145467776889348e+01
3.359000000000000000e+03 1.852717941197039764e+01
3.360000000000000000e+03 3.063093291435673393e+01
3.361000000000000000e+03 2.977034539632911248e+01
3.362000000000000000e+03 2.757989760421805769e+01
3.363000000000000000e+03 1.612926694694391472e+01
3.364000000000000000e+03 1.845351527241569656e+01
3.365000000000000000e+03 1.190801320898102666e+01
3.366000000000000000e+03 2.219217373484778832e+01
3.367000000000000000e+03 1.285745429177080190e+01
3.368000000000000000e+03 1.654620013446038840e+01
3.369000000000000000e+03 2.648711644755239547e+01
3.370000000000000000e+03 2.191714923473706378e+01
3.371000000000000000e+03 3.005862338641835407e+01
3.372000000000000000e+03 2.572199611081029147e+01
3.373000000000000000e+03 2.129050725880864903e+01
3.374000000000000000e+03 3.445568128435998290e+01
3.375000000000000000e+03 2.596340430552708156e+01
3.376000000000000000e+03 2.152528435094246362e+01
3.377000000000000000e+03 2.470458726947014938e+01
3.378000000000000000e+03 2.215071343466899378e+01
3.379000000000000000e+03 2.035050014426726506e+01
3.380000000000000000e+03 1.981983070824623283e+01
3.381000000000000000e+03 2.071053091574180627e+01
3.382000000000000000e+03 1.509410347397782459e+01
3.383000000000000000e+03 1.547576906140472985e+01
3.384000000000000000e+03 1.471571967729654773e+01
3.385000000000000000e+03 2.240402418593629008e+01
3.386000000000000000e+03 2.068065370651764567e+01
3.387000000000000000e+03 2.123327388266378080e+01
3.388000000000000000e+03 2.343222235686953425e+01
3.389000000000000000e+03 2.400704436532851460e+01
3.390000000000000000e+03 1.896552579530016658e+01
3.391000000000000000e+03 2.258899168041691752e+01
3.392000000000000000e+03 2.258839369470394232e+01
3.393000000000000000e+03 1.836626903602918759e+01
3.394000000000000000e+03 2.887301627170001694e+01
3.395000000000000000e+03 2.311041708356956192e+01
3.396000000000000000e+03 3.744064016329221545e+01
3.397000000000000000e+03 2.614779264656317537e+01
3.398000000000000000e+03 2.655285141669615001e+01
3.399000000000000000e+03 1.671084136353626093e+01
3.400000000000000000e+03 1.231394495354164320e+01
3.401000000000000000e+03 1.945282338281463197e+01
3.402000000000000000e+03 3.192842494427592825e+01
3.403000000000000000e+03 3.276775991795823728e+01
3.404000000000000000e+03 1.762942833709791302e+01
3.405000000000000000e+03 2.879785002810954708e+01
3.406000000000000000e+03 2.888282614810780657e+01
3.407000000000000000e+03 2.918865566198042316e+01
3.408000000000000000e+03 1.417369597421672189e+01
3.409000000000000000e+03 2.677535144949158763e+01
3.410000000000000000e+03 2.216736594823340667e+01
3.411000000000000000e+03 1.411626879955998426e+01
3.412000000000000000e+03 2.120086448514254940e+01
3.413000000000000000e+03 2.627234150312660432e+01
3.414000000000000000e+03 2.671739480368039921e+01
3.415000000000000000e+03 2.739093617189552532e+01
3.416000000000000000e+03 2.345730023562439115e+01
3.417000000000000000e+03 2.677316661475536819e+01
3.418000000000000000e+03 2.587321752354662152e+01
3.419000000000000000e+03 9.453642448741890192e+00
3.420000000000000000e+03 2.302094092501038602e+01
3.421000000000000000e+03 2.583325647788348434e+01
3.422000000000000000e+03 1.392246133229507166e+01
3.423000000000000000e+03 2.163260293537561552e+01
3.424000000000000000e+03 2.453361167914728824e+01
3.425000000000000000e+03 2.374449532165446897e+01
3.426000000000000000e+03 1.347442666666717059e+01
3.427000000000000000e+03 2.791816684539698912e+01
3.428000000000000000e+03 2.519132618678820634e+01
3.429000000000000000e+03 2.883018185195048488e+01
3.430000000000000000e+03 1.485666413659962259e+01
3.431000000000000000e+03 2.353906774368791943e+01
3.432000000000000000e+03 2.217008613567386988e+01
3.433000000000000000e+03 2.629953781099622390e+01
3.434000000000000000e+03 1.917536737358646803e+01
3.435000000000000000e+03 1.936695504528686840e+01
3.436000000000000000e+03 2.168623995812420802e+01
3.437000000000000000e+03 2.295192139959942423e+01
3.438000000000000000e+03 1.200685900110146598e+01
3.439000000000000000e+03 2.235126847339414269e+01
3.440000000000000000e+03 2.348804550943158631e+01
3.441000000000000000e+03 2.173866859147236852e+01
3.442000000000000000e+03 1.993582504273128109e+01
3.443000000000000000e+03 2.472360295836545774e+01
3.444000000000000000e+03 2.326393034575936625e+01
3.445000000000000000e+03 9.213191364894662172e+00
3.446000000000000000e+03 3.340357731195348379e+01
3.447000000000000000e+03 3.020850408065963677e+01
3.448000000000000000e+03 1.908966584382655896e+01
3.449000000000000000e+03 2.347398113847697232e+01
3.450000000000000000e+03 2.635725307602929135e+01
3.451000000000000000e+03 2.647097073312002635e+01
3.452000000000000000e+03 2.887901224021496915e+01
3.453000000000000000e+03 2.839059205238254080e+01
3.454000000000000000e+03 2.094362335630572503e+01
3.455000000000000000e+03 3.041018371681770205e+01
3.456000000000000000e+03 2.099823358410834828e+01
3.457000000000000000e+03 2.493299305076138239e+01
3.458000000000000000e+03 2.154031680493102385e+01
3.459000000000000000e+03 2.943199812899491263e+01
3.460000000000000000e+03 3.294739235057205917e+01
3.461000000000000000e+03 2.686272312006905949e+01
3.462000000000000000e+03 2.978071130445302117e+01
3.463000000000000000e+03 1.420426819742145419e+01
3.464000000000000000e+03 2.565385465638397378e+01
3.465000000000000000e+03 2.778835279331633501e+01
3.466000000000000000e+03 2.183505730173006754e+01
3.467000000000000000e+03 2.401813742326426748e+01
3.468000000000000000e+03 1.430922338478640832e+01
3.469000000000000000e+03 1.411861979287587765e+01
3.470000000000000000e+03 2.286656817535219943e+01
3.471000000000000000e+03 1.622817525622773971e+01
3.472000000000000000e+03 2.707213596622178997e+01
3.473000000000000000e+03 1.825830783614194530e+01
3.474000000000000000e+03 2.728328510136635643e+01
3.475000000000000000e+03 2.467434313795062906e+01
3.476000000000000000e+03 2.498075669226415485e+01
3.477000000000000000e+03 1.578394513096497320e+01
3.478000000000000000e+03 2.170999252570867810e+01
3.479000000000000000e+03 1.245090369112029549e+01
3.480000000000000000e+03 1.091479923206838620e+01
3.481000000000000000e+03 2.342290019432957848e+01
3.482000000000000000e+03 2.248199827101494819e+01
3.483000000000000000e+03 2.407147228232679481e+01
3.484000000000000000e+03 2.437436126326864638e+01
3.485000000000000000e+03 2.551275437809716706e+01
3.486000000000000000e+03 3.372937177968612588e+01
3.487000000000000000e+03 2.027497835315652708e+01
3.488000000000000000e+03 2.546189315960486965e+01
3.489000000000000000e+03 3.457861406571070262e+01
3.490000000000000000e+03 2.695356971203334950e+01
3.491000000000000000e+03 2.328904274548909825e+01
3.492000000000000000e+03 1.961389001312733882e+01
3.493000000000000000e+03 2.655978253801958999e+01
3.494000000000000000e+03 1.368213816659321935e+01
3.495000000000000000e+03 1.972736374341972621e+01
3.496000000000000000e+03 3.344330719485480330e+01
3.497000000000000000e+03 2.785555562826618470e+01
3.498000000000000000e+03 2.570092098829832494e+01
3.499000000000000000e+03 3.053794307337515690e+01
3.500000000000000000e+03 2.652130337888743483e+01
3.501000000000000000e+03 2.647855266912864991e+01
3.502000000000000000e+03 1.776216144882182135e+01
3.503000000000000000e+03 2.231267803004365291e+01
3.504000000000000000e+03 2.582250714415400239e+01
3.505000000000000000e+03 2.392702867920976217e+01
3.506000000000000000e+03 2.137476380675660081e+01
3.507000000000000000e+03 3.685663583577729696e+01
3.508000000000000000e+03 2.156024541830083052e+01
3.509000000000000000e+03 3.041527969645790819e+01
3.510000000000000000e+03 2.510626425334523759e+01
3.511000000000000000e+03 2.478608588490241971e+01
3.512000000000000000e+03 1.796390231002845184e+01
3.513000000000000000e+03 1.715887374471206783e+01
3.514000000000000000e+03 2.439961644695088694e+01
3.515000000000000000e+03 1.903643588111516038e+01
3.516000000000000000e+03 2.520019960280399474e+01
3.517000000000000000e+03 2.398972717479220407e+01
3.518000000000000000e+03 2.437692818397608718e+01
3.519000000000000000e+03 2.560319062571464599e+01
3.520000000000000000e+03 1.953822956152423274e+01
3.521000000000000000e+03 2.392160647851397570e+01
3.522000000000000000e+03 3.092549211447078505e+01
3.523000000000000000e+03 2.547697006544220955e+01
3.524000000000000000e+03 1.279017855672882753e+01
3.525000000000000000e+03 1.813822735215926230e+01
3.526000000000000000e+03 2.328249206189551401e+01
3.527000000000000000e+03 2.999184995127875553e+01
3.528000000000000000e+03 1.854560708955598258e+01
3.529000000000000000e+03 1.144159761513792795e+01
3.530000000000000000e+03 1.667479926532301704e+01
3.531000000000000000e+03 2.754636956911106438e+01
3.532000000000000000e+03 1.894913974025710601e+01
3.533000000000000000e+03 1.813577559633614200e+01
3.534000000000000000e+03 1.333872694521739355e+01
3.535000000000000000e+03 2.874233333421434011e+01
3.536000000000000000e+03 3.075417340293126500e+01
3.537000000000000000e+03 2.456221358741880678e+01
3.538000000000000000e+03 2.549095595743735387e+01
3.539000000000000000e+03 2.649021969438768664e+01
3.540000000000000000e+03 2.789945031499525996e+01
3.541000000000000000e+03 1.822489614406865854e+01
3.542000000000000000e+03 3.154460749060560687e+01
3.543000000000000000e+03 2.282987071165534232e+01
3.544000000000000000e+03 9.538443945651980727e+00
3.545000000000000000e+03 2.637819893761609080e+01
3.546000000000000000e+03 2.304652232741047513e+01
3.547000000000000000e+03 1.184483146154102684e+01
3.548000000000000000e+03 1.651328510060465504e+01
3.549000000000000000e+03 1.961207114026678511e+01
3.550000000000000000e+03 2.560324528751799633e+01
3.551000000000000000e+03 2.448493225676490326e+01
3.552000000000000000e+03 3.049791564197801463e+01
3.553000000000000000e+03 1.445294549849703003e+01
3.554000000000000000e+03 1.542601441131829176e+01
3.555000000000000000e+03 1.677986611663077809e+01
3.556000000000000000e+03 2.541506564190651929e+01
3.557000000000000000e+03 2.487948951499371475e+01
3.558000000000000000e+03 2.517024049812228981e+01
3.559000000000000000e+03 2.019893104706689968e+01
3.560000000000000000e+03 2.462586708793625334e+01
3.561000000000000000e+03 2.862578739442369624e+01
3.562000000000000000e+03 2.558480915424237878e+01
3.563000000000000000e+03 1.584697368600125955e+01
3.564000000000000000e+03 1.738082979200387967e+01
3.565000000000000000e+03 3.318514629660295867e+01
3.566000000000000000e+03 2.314427230061211205e+01
3.567000000000000000e+03 2.159552003059985381e+01
3.568000000000000000e+03 2.173206843805949262e+01
3.569000000000000000e+03 2.648956714860333506e+01
3.570000000000000000e+03 2.034682236745079820e+01
3.571000000000000000e+03 2.342426801848397133e+01
3.572000000000000000e+03 2.500390648723076481e+01
3.573000000000000000e+03 2.269668505490666632e+01
3.574000000000000000e+03 1.726849421795527917e+01
3.575000000000000000e+03 2.498594551014562271e+01
3.576000000000000000e+03 7.797451649097952853e+00
3.577000000000000000e+03 1.734593714760252325e+01
3.578000000000000000e+03 2.400769900751379282e+01
3.579000000000000000e+03 1.761831408249151920e+01
3.580000000000000000e+03 2.995187913658909906e+01
3.581000000000000000e+03 2.778685474079207651e+01
3.582000000000000000e+03 3.009606435109685663e+01
3.583000000000000000e+03 2.322874430959073422e+01
3.584000000000000000e+03 1.818952339027799425e+01
3.585000000000000000e+03 1.116637322226989859e+01
3.586000000000000000e+03 2.087629153566509999e+01
3.587000000000000000e+03 2.044084114894431181e+01
3.588000000000000000e+03 2.818621923234002224e+01
3.589000000000000000e+03 3.627455317742136742e+01
3.590000000000000000e+03 1.851350830937165881e+01
3.591000000000000000e+03 2.769919561432520894e+01
3.592000000000000000e+03 2.930590515019961018e+01
3.593000000000000000e+03 1.839686090166891930e+01
3.594000000000000000e+03 2.053950263873358750e+01
3.595000000000000000e+03 1.979183426390287082e+01
3.596000000000000000e+03 1.361578321860627838e+01
3.597000000000000000e+03 2.170755767350462051e+01
3.598000000000000000e+03 3.084561294210464055e+01
3.599000000000000000e+03 1.588990185320831472e+01
3.600000000000000000e+03 2.585230052868124062e+01
3.601000000000000000e+03 2.451214988330827538e+01
3.602000000000000000e+03 2.318134231779327692e+01
3.603000000000000000e+03 1.370511947300779454e+01
3.604000000000000000e+03 1.552011020545043962e+01
3.605000000000000000e+03 1.633129464190011504e+01
3.606000000000000000e+03 2.605601436392968395e+01
3.607000000000000000e+03 2.625078979224347364e+01
3.608000000000000000e+03 1.094495611315926631e+01
3.609000000000000000e+03 2.898198154096998636e+01
3.610000000000000000e+03 1.658357696281761307e+01
3.611000000000000000e+03 2.524332529059757135e+01
3.612000000000000000e+03 2.965419973078303073e+01
3.613000000000000000e+03 1.757714079904561189e+01
3.614000000000000000e+03 3.138541756997523535e+01
3.615000000000000000e+03 2.390974095732119764e+01
3.616000000000000000e+03 2.338931986899217819e+01
3.617000000000000000e+03 2.280712778794405082e+01
3.618000000000000000e+03 2.421251826100397153e+01
3.619000000000000000e+03 2.079433181181259371e+01
3.620000000000000000e+03 2.295692786898669979e+01
3.621000000000000000e+03 2.975552955829910928e+01
3.622000000000000000e+03 1.181146533190200287e+01
3.623000000000000000e+03 2.422167088276127700e+01
3.624000000000000000e+03 7.920241852622170953e+00
3.625000000000000000e+03 2.181723758630653265e+01
3.626000000000000000e+03 2.856026958065555377e+01
3.627000000000000000e+03 1.536744630382507459e+01
3.628000000000000000e+03 2.601212205990827186e+01
3.629000000000000000e+03 2.807689325114733236e+01
3.630000000000000000e+03 3.063901555447405300e+01
3.631000000000000000e+03 2.571348504146836333e+01
3.632000000000000000e+03 1.381211322416713649e+01
3.633000000000000000e+03 2.300722172851439851e+01
3.634000000000000000e+03 2.054415612271609604e+01
3.635000000000000000e+03 1.376650031674961028e+01
3.636000000000000000e+03 1.047103303219792281e+01
3.637000000000000000e+03 2.446338108377642939e+01
3.638000000000000000e+03 1.983361958238123890e+01
3.639000000000000000e+03 2.831085775101559676e+01
3.640000000000000000e+03 1.809001040261165016e+01
3.641000000000000000e+03 1.134789818402552442e+01
3.642000000000000000e+03 2.411623609738851570e+01
3.643000000000000000e+03 1.995107881933294891e+01
3.644000000000000000e+03 2.482127396955553778e+01
3.645000000000000000e+03 2.483565069410612480e+01
3.646000000000000000e+03 2.580768720925741277e+01
3.647000000000000000e+03 2.561660247184020633e+01
3.648000000000000000e+03 1.803871226125643545e+01
3.649000000000000000e+03 1.358758472606651679e+01
3.650000000000000000e+03 2.276838530803532379e+01
3.651000000000000000e+03 2.381427498577008706e+01
3.652000000000000000e+03 2.206642579456962849e+01
3.653000000000000000e+03 2.078736021937811174e+01
3.654000000000000000e+03 2.574766117157484402e+01
3.655000000000000000e+03 2.206410160644266227e+01
3.656000000000000000e+03 2.231247686109679762e+01
3.657000000000000000e+03 1.443487635265301527e+01
3.658000000000000000e+03 1.354527513607843936e+01
3.659000000000000000e+03 2.306309435213803383e+01
3.660000000000000000e+03 2.154811265210862459e+01
3.661000000000000000e+03 2.231207564293684342e+01
3.662000000000000000e+03 2.309079376973967257e+01
3.663000000000000000e+03 1.379860227486527080e+01
3.664000000000000000e+03 1.471153184628510857e+01
3.665000000000000000e+03 3.259086683086479042e+01
3.666000000000000000e+03 1.790016758678149955e+01
3.667000000000000000e+03 2.407646633329409980e+01
3.668000000000000000e+03 1.839301771059452051e+01
3.669000000000000000e+03 2.596359372178268643e+01
3.670000000000000000e+03 2.278042800132216072e+01
3.671000000000000000e+03 1.073704671812722822e+01
3.672000000000000000e+03 1.548841900850903208e+01
3.673000000000000000e+03 1.666372797608816470e+01
3.674000000000000000e+03 2.499289656873233056e+01
3.675000000000000000e+03 2.733734987541371453e+01
3.676000000000000000e+03 1.859455141097841135e+01
3.677000000000000000e+03 2.261258806206078731e+01
3.678000000000000000e+03 2.232536833098151163e+01
3.679000000000000000e+03 1.972708847733425941e+01
3.680000000000000000e+03 1.518739225866610454e+01
3.681000000000000000e+03 1.582442234216145138e+01
3.682000000000000000e+03 2.231692058090401432e+01
3.683000000000000000e+03 2.395440904956151940e+01
3.684000000000000000e+03 2.595970870892844218e+01
3.685000000000000000e+03 1.932065825124028180e+01
3.686000000000000000e+03 3.092459937852430585e+01
3.687000000000000000e+03 9.932566883308103556e+00
3.688000000000000000e+03 2.434817390948739657e+01
3.689000000000000000e+03 1.686952507901369458e+01
3.690000000000000000e+03 2.571124556858027788e+01
3.691000000000000000e+03 3.205067618655375128e+01
3.692000000000000000e+03 2.100860126937504191e+01
3.693000000000000000e+03 1.896498076601525895e+01
3.694000000000000000e+03 1.979521887325475049e+01
3.695000000000000000e+03 1.330128158994704712e+01
3.696000000000000000e+03 2.162870794547378495e+01
3.697000000000000000e+03 3.007917695667386226e+01
3.698000000000000000e+03 2.510663860178691209e+01
3.699000000000000000e+03 2.221872758088737143e+01
3.700000000000000000e+03 3.355181082464464737e+01
3.701000000000000000e+03 2.670065732849413109e+01
3.702000000000000000e+03 1.524245702642346956e+01
3.703000000000000000e+03 2.305207349290366992e+01
3.704000000000000000e+03 2.790730806776358008e+01
3.705000000000000000e+03 3.039618716985084390e+01
3.706000000000000000e+03 2.986710339963611816e+01
3.707000000000000000e+03 2.549773866221040564e+01
3.708000000000000000e+03 3.323784576627696197e+01
3.709000000000000000e+03 2.104104515777047624e+01
3.710000000000000000e+03 2.279859627563565283e+01
3.711000000000000000e+03 2.865633349778867611e+01
3.712000000000000000e+03 2.005017328640991181e+01
3.713000000000000000e+03 2.502626401110769550e+01
3.714000000000000000e+03 2.491819170244797021e+01
3.715000000000000000e+03 2.368813922540013905e+01
3.716000000000000000e+03 1.583165172728014802e+01
3.717000000000000000e+03 2.255481573640291515e+01
3.718000000000000000e+03 3.069032688915995877e+01
3.719000000000000000e+03 2.591159970565040283e+01
3.720000000000000000e+03 3.199774935694479794e+01
3.721000000000000000e+03 2.547233056633170634e+01
3.722000000000000000e+03 3.078259295811158580e+01
3.723000000000000000e+03 2.218872428266629981e+01
3.724000000000000000e+03 3.166170672865584734e+01
3.725000000000000000e+03 2.063074472419778971e+01
3.726000000000000000e+03 1.591026319606327277e+01
3.727000000000000000e+03 2.672147124243858585e+01
3.728000000000000000e+03 1.394223617369037349e+01
3.729000000000000000e+03 2.371074568793711634e+01
3.730000000000000000e+03 2.506077426285576948e+01
3.731000000000000000e+03 1.252217902813839245e+01
3.732000000000000000e+03 2.849057024536681837e+01
3.733000000000000000e+03 1.772248618683993016e+01
3.734000000000000000e+03 2.665753339622021656e+01
3.735000000000000000e+03 2.827120603632987184e+01
3.736000000000000000e+03 1.208693968329518675e+01
3.737000000000000000e+03 2.116691640999821189e+01
3.738000000000000000e+03 9.569146422144378050e+00
3.739000000000000000e+03 1.870568196821415441e+01
3.740000000000000000e+03 8.423781722454755538e+00
3.741000000000000000e+03 2.364935073650423192e+01
3.742000000000000000e+03 2.794175756873706362e+01
3.743000000000000000e+03 3.022692320352610906e+01
3.744000000000000000e+03 2.834347385562267974e+01
3.745000000000000000e+03 1.613620499475839409e+01
3.746000000000000000e+03 1.811580806473218175e+01
3.747000000000000000e+03 2.653297424579766783e+01
3.748000000000000000e+03 2.396811849272909356e+01
3.749000000000000000e+03 1.931349818985436073e+01
3.750000000000000000e+03 1.732174063838131772e+01
3.751000000000000000e+03 1.999944139912650343e+01
3.752000000000000000e+03 2.282580543431844333e+01
3.753000000000000000e+03 1.923756904214376817e+01
3.754000000000000000e+03 2.791591796066360232e+01
3.755000000000000000e+03 1.836100481408082175e+01
3.756000000000000000e+03 1.361049168700043488e+01
3.757000000000000000e+03 2.039733474993155937e+01
3.758000000000000000e+03 2.497915923264133653e+01
3.759000000000000000e+03 3.128955300561539588e+01
3.760000000000000000e+03 1.429060215451856131e+01
3.761000000000000000e+03 1.989522527881404557e+01
3.762000000000000000e+03 3.202623533335111716e+01
3.763000000000000000e+03 2.336037341241286924e+01
3.764000000000000000e+03 2.000505490979905687e+01
3.765000000000000000e+03 1.914123536587771213e+01
3.766000000000000000e+03 1.977125876698427476e+01
3.767000000000000000e+03 2.433626560817898721e+01
3.768000000000000000e+03 2.659001388580686154e+01
3.769000000000000000e+03 2.991662194490253768e+01
3.770000000000000000e+03 2.136120863990623775e+01
3.771000000000000000e+03 2.933003005935362850e+01
3.772000000000000000e+03 1.895010126757080826e+01
3.773000000000000000e+03 2.404412509192969694e+01
3.774000000000000000e+03 2.503437270167509254e+01
3.775000000000000000e+03 2.144531238404339746e+01
3.776000000000000000e+03 3.111407093289153991e+01
3.777000000000000000e+03 1.490923124740001526e+01
3.778000000000000000e+03 2.462465215597708834e+01
3.779000000000000000e+03 2.251854399739412926e+01
3.780000000000000000e+03 1.097018443048720826e+01
3.781000000000000000e+03 1.648671181898890836e+01
3.782000000000000000e+03 1.737654787078262686e+01
3.783000000000000000e+03 2.687858424847776107e+01
3.784000000000000000e+03 1.971239966180542424e+01
3.785000000000000000e+03 9.997167907973649292e+00
3.786000000000000000e+03 1.868243704423158391e+01
3.787000000000000000e+03 2.135252095933617156e+01
3.788000000000000000e+03 2.907955718547123070e+01
3.789000000000000000e+03 1.768862307766400832e+01
3.790000000000000000e+03 1.343649101990884631e+01
3.791000000000000000e+03 2.542997586800374421e+01
3.792000000000000000e+03 2.991827184477309842e+01
3.793000000000000000e+03 2.851895759968755328e+01
3.794000000000000000e+03 2.457611497662207256e+01
3.795000000000000000e+03 1.613157396011635925e+01
3.796000000000000000e+03 1.840502270280920172e+01
3.797000000000000000e+03 2.205775343716054948e+01
3.798000000000000000e+03 2.581549696704088959e+01
3.799000000000000000e+03 2.831285397470270127e+01
3.800000000000000000e+03 2.130672733523702433e+01
3.801000000000000000e+03 3.241049131334973055e+01
3.802000000000000000e+03 2.424647858229482367e+01
3.803000000000000000e+03 2.377350371700032383e+01
3.804000000000000000e+03 2.528691560277322026e+01
3.805000000000000000e+03 2.466479265138795540e+01
3.806000000000000000e+03 1.061317449520236877e+01
3.807000000000000000e+03 2.433587732839675866e+01
3.808000000000000000e+03 2.568126902289244384e+01
3.809000000000000000e+03 2.126413526615543148e+01
3.810000000000000000e+03 1.824245109724830272e+01
3.811000000000000000e+03 2.658048115605257422e+01
3.812000000000000000e+03 1.305631864115867025e+01
3.813000000000000000e+03 3.197766981551026788e+01
3.814000000000000000e+03 2.028822151407496222e+01
3.815000000000000000e+03 1.490088015178478464e+01
3.816000000000000000e+03 2.304985973346491690e+01
3.817000000000000000e+03 9.812225566668020704e+00
3.818000000000000000e+03 1.936767198116751487e+01
3.819000000000000000e+03 1.186315523250801363e+01
3.820000000000000000e+03 2.425766093104409293e+01
3.821000000000000000e+03 2.298737375164466457e+01
3.822000000000000000e+03 1.637413073808750497e+01
3.823000000000000000e+03 2.835775899576458059e+01
3.824000000000000000e+03 3.014515620642018234e+01
3.825000000000000000e+03 3.341568247472479669e+01
3.826000000000000000e+03 1.549885089951892247e+01
3.827000000000000000e+03 2.480700204662428021e+01
3.828000000000000000e+03 1.008884606773304782e+01
3.829000000000000000e+03 2.162737751629676097e+01
3.830000000000000000e+03 1.067263382761721680e+01
3.831000000000000000e+03 2.842063784045321384e+01
3.832000000000000000e+03 1.891875884862389512e+01
3.833000000000000000e+03 2.037965701413362396e+01
3.834000000000000000e+03 2.463735777820308925e+01
3.835000000000000000e+03 3.090044116147640452e+01
3.836000000000000000e+03 1.938074977293942425e+01
3.837000000000000000e+03 2.322097985999349490e+01
3.838000000000000000e+03 1.497963887816383277e+01
3.839000000000000000e+03 2.863855748634975384e+01
3.840000000000000000e+03 2.609087551958028683e+01
3.841000000000000000e+03 8.693698184979991694e+00
3.842000000000000000e+03 2.200012665233210640e+01
3.843000000000000000e+03 1.352585016947607777e+01
3.844000000000000000e+03 2.117832530204382024e+01
3.845000000000000000e+03 2.804713808125515939e+01
3.846000000000000000e+03 1.593066732688067688e+01
3.847000000000000000e+03 1.456301727849888472e+01
3.848000000000000000e+03 2.466264203762235141e+01
3.849000000000000000e+03 1.651113877907709337e+01
3.850000000000000000e+03 2.959714540986023579e+01
3.851000000000000000e+03 2.597359886547968699e+01
3.852000000000000000e+03 2.979662451326341710e+01
3.853000000000000000e+03 2.588209598059497552e+01
3.854000000000000000e+03 2.580567698674962784e+01
3.855000000000000000e+03 2.676947940672252813e+01
3.856000000000000000e+03 1.748739946252267430e+01
3.857000000000000000e+03 2.384449385630021467e+01
3.858000000000000000e+03 1.994394206610723685e+01
3.859000000000000000e+03 2.804866835964720551e+01
3.860000000000000000e+03 2.722604278765192376e+01
3.861000000000000000e+03 2.631802181283265085e+01
3.862000000000000000e+03 3.000925502601775818e+01
3.863000000000000000e+03 2.392399339817745130e+01
3.864000000000000000e+03 1.067048741803826850e+01
3.865000000000000000e+03 1.586197452275139774e+01
3.866000000000000000e+03 2.370640770555520049e+01
3.867000000000000000e+03 2.746326708388825466e+01
3.868000000000000000e+03 1.627436152683021220e+01
3.869000000000000000e+03 2.691216943570846709e+01
3.870000000000000000e+03 2.780981786813953249e+01
3.871000000000000000e+03 3.157932217896486549e+01
3.872000000000000000e+03 2.022496178458022342e+01
3.873000000000000000e+03 2.746558572757128402e+01
3.874000000000000000e+03 2.760713217295484867e+01
3.875000000000000000e+03 1.750599571739860139e+01
3.876000000000000000e+03 1.460527569746661669e+01
3.877000000000000000e+03 3.102628661430934187e+01
3.878000000000000000e+03 2.174512789006810465e+01
3.879000000000000000e+03 2.857119810591439446e+01
3.880000000000000000e+03 2.747274634742641553e+01
3.881000000000000000e+03 2.296295817369710335e+01
3.882000000000000000e+03 3.058801584885496183e+01
3.883000000000000000e+03 1.115251337731183057e+01
3.884000000000000000e+03 1.406022519912392887e+01
3.885000000000000000e+03 1.915112615990079448e+01
3.886000000000000000e+03 1.940253042179968546e+01
3.887000000000000000e+03 1.157271866952275552e+01
3.888000000000000000e+03 2.505136500626949925e+01
3.889000000000000000e+03 2.414091919402667585e+01
3.890000000000000000e+03 2.855463298073007650e+01
3.891000000000000000e+03 2.709054369646392857e+01
3.892000000000000000e+03 2.634447546389903749e+01
3.893000000000000000e+03 1.988901091832375911e+01
3.894000000000000000e+03 2.593661651017333014e+01
3.895000000000000000e+03 2.038961415074982497e+01
3.896000000000000000e+03 3.001600393809498613e+01
3.897000000000000000e+03 2.431911905682020247e+01
3.898000000000000000e+03 1.904136801665199030e+01
3.899000000000000000e+03 1.688900438599090137e+01
3.900000000000000000e+03 2.257427979414481456e+01
3.901000000000000000e+03 2.590366177141749304e+01
3.902000000000000000e+03 1.517204563246870030e+01
3.903000000000000000e+03 1.228062385719879757e+01
3.904000000000000000e+03 1.270145954484368467e+01
3.905000000000000000e+03 2.237864234020855747e+01
3.906000000000000000e+03 2.484474069894308101e+01
3.907000000000000000e+03 1.522071636188310784e+01
3.908000000000000000e+03 2.177881244252075987e+01
3.909000000000000000e+03 9.408431407661241863e+00
3.910000000000000000e+03 2.429380290623476668e+01
3.911000000000000000e+03 1.902760317463527073e+01
3.912000000000000000e+03 2.113081710059154972e+01
3.913000000000000000e+03 3.016461189164247969e+01
3.914000000000000000e+03 2.175900443459039124e+01
3.915000000000000000e+03 2.943756239171364086e+01
3.916000000000000000e+03 1.506536843684108362e+01
3.917000000000000000e+03 2.103348998766454159e+01
3.918000000000000000e+03 2.540277406319977516e+01
3.919000000000000000e+03 2.699340049841290323e+01
3.920000000000000000e+03 1.611958211946205921e+01
3.921000000000000000e+03 9.877124433791959035e+00
3.922000000000000000e+03 2.986485791519997335e+01
3.923000000000000000e+03 2.551838053513532856e+01
3.924000000000000000e+03 3.413275046478543828e+01
3.925000000000000000e+03 2.100817137389650568e+01
3.926000000000000000e+03 3.093428543401788389e+01
3.927000000000000000e+03 1.312301044736619815e+01
3.928000000000000000e+03 2.309133195179981968e+01
3.929000000000000000e+03 3.475475700460383166e+01
3.930000000000000000e+03 2.175609750177513035e+01
3.931000000000000000e+03 2.321877827777101544e+01
3.932000000000000000e+03 1.961943891516909488e+01
3.933000000000000000e+03 1.848493125715901542e+01
3.934000000000000000e+03 2.958933825275613216e+01
3.935000000000000000e+03 2.203106418885300855e+01
3.936000000000000000e+03 2.506341004279092388e+01
3.937000000000000000e+03 3.302741268692798116e+01
3.938000000000000000e+03 2.226797743582677214e+01
3.939000000000000000e+03 2.618432164011059982e+01
3.940000000000000000e+03 1.450396959014232046e+01
3.941000000000000000e+03 1.384860482869854259e+01
3.942000000000000000e+03 1.838681197366598852e+01
3.943000000000000000e+03 1.685800422733072068e+01
3.944000000000000000e+03 2.258547844905081092e+01
3.945000000000000000e+03 3.193654750011982557e+01
3.946000000000000000e+03 2.438183890221472083e+01
3.947000000000000000e+03 2.241832598422933742e+01
3.948000000000000000e+03 2.548650112567916892e+01
3.949000000000000000e+03 2.075195568292879855e+01
3.950000000000000000e+03 2.107378515753424963e+01
3.951000000000000000e+03 1.842437259161599883e+01
3.952000000000000000e+03 2.730244830247136889e+01
3.953000000000000000e+03 2.503251550757711286e+01
3.954000000000000000e+03 2.083079384934329426e+01
3.955000000000000000e+03 2.520252773173141136e+01
3.956000000000000000e+03 1.484258228450063122e+01
3.957000000000000000e+03 2.244443721963915195e+01
3.958000000000000000e+03 2.471733409432385997e+01
3.959000000000000000e+03 9.933986327193572663e+00
3.960000000000000000e+03 2.524196692444191115e+01
3.961000000000000000e+03 2.099679239731311853e+01
3.962000000000000000e+03 1.747756605879652625e+01
3.963000000000000000e+03 2.368417448232790079e+01
3.964000000000000000e+03 2.539390180785266793e+01
3.965000000000000000e+03 1.421933517706876415e+01
3.966000000000000000e+03 2.722521628260036763e+01
3.967000000000000000e+03 3.123388168964580913e+01
3.968000000000000000e+03 1.561729690113607383e+01
3.969000000000000000e+03 2.608921656298662128e+01
3.970000000000000000e+03 1.320131331260294871e+01
3.971000000000000000e+03 1.427748331426650807e+01
3.972000000000000000e+03 2.373548956647219299e+01
3.973000000000000000e+03 2.418265402925635854e+01
3.974000000000000000e+03 1.823137105825852444e+01
3.975000000000000000e+03 2.158981181536639937e+01
3.976000000000000000e+03 3.181790791047025735e+01
3.977000000000000000e+03 3.570304956834792875e+01
3.978000000000000000e+03 2.026579364703510322e+01
3.979000000000000000e+03 1.344821952088893191e+01
3.980000000000000000e+03 2.419524761986164663e+01
3.981000000000000000e+03 2.789935213825487637e+01
3.982000000000000000e+03 2.750744269797085551e+01
3.983000000000000000e+03 2.494244876603934102e+01
3.984000000000000000e+03 1.714471133171516826e+01
3.985000000000000000e+03 3.102683132876873984e+01
3.986000000000000000e+03 2.812916527097318209e+01
3.987000000000000000e+03 2.224653894151292732e+01
3.988000000000000000e+03 2.271940996149031378e+01
3.989000000000000000e+03 2.148595552246744944e+01
3.990000000000000000e+03 2.945895730006259328e+01
3.991000000000000000e+03 2.616990917257647808e+01
3.992000000000000000e+03 1.598154572279419838e+01
3.993000000000000000e+03 1.227302218414424217e+01
3.994000000000000000e+03 2.367423082322689609e+01
3.995000000000000000e+03 2.369905330780698804e+01
3.996000000000000000e+03 9.033862759714738289e+00
3.997000000000000000e+03 1.583811756632643153e+01
3.998000000000000000e+03 2.356985174194995025e+01
3.999000000000000000e+03 2.279054266291545616e+01
4.000000000000000000e+03 2.541737812332341662e+01
4.001000000000000000e+03 2.188205699376263880e+01
4.002000000000000000e+03 1.374406214297377637e+01
4.003000000000000000e+03 2.257785262670406468e+01
4.004000000000000000e+03 1.221030414781069950e+01
4.005000000000000000e+03 1.832276817428651228e+01
4.006000000000000000e+03 1.346017665520606421e+01
4.007000000000000000e+03 3.117162254248932740e+01
4.008000000000000000e+03 2.494642066154326798e+01
4.009000000000000000e+03 2.235674649306812256e+01
4.010000000000000000e+03 1.765183830318309788e+01
4.011000000000000000e+03 2.069281891783758454e+01
4.012000000000000000e+03 1.644422096494836438e+01
4.013000000000000000e+03 2.646793454228292575e+01
4.014000000000000000e+03 2.100833095288546915e+01
4.015000000000000000e+03 2.453334026843322491e+01
4.016000000000000000e+03 1.943997808607443289e+01
4.017000000000000000e+03 2.347057913153387787e+01
4.018000000000000000e+03 1.634921229528475095e+01
4.019000000000000000e+03 2.257335625834428328e+01
4.020000000000000000e+03 2.174514571127004103e+01
4.021000000000000000e+03 2.432105251417884872e+01
4.022000000000000000e+03 2.136621287144110681e+01
4.023000000000000000e+03 1.648247999027903177e+01
4.024000000000000000e+03 1.301907570331504438e+01
4.025000000000000000e+03 1.525388661286149272e+01
4.026000000000000000e+03 2.396811452207393600e+01
4.027000000000000000e+03 1.825341662919488428e+01
4.028000000000000000e+03 1.593563107764554410e+01
4.029000000000000000e+03 2.080532104295059526e+01
4.030000000000000000e+03 2.147691509042966729e+01
4.031000000000000000e+03 2.427616392142043367e+01
4.032000000000000000e+03 3.163819043761605343e+01
4.033000000000000000e+03 2.662095349223142193e+01
4.034000000000000000e+03 2.659316570412182656e+01
4.035000000000000000e+03 2.466859959860510187e+01
4.036000000000000000e+03 1.790619698903750390e+01
4.037000000000000000e+03 2.603958247255549452e+01
4.038000000000000000e+03 1.798375903818990906e+01
4.039000000000000000e+03 2.717229972969670371e+01
4.040000000000000000e+03 2.012801764187895159e+01
4.041000000000000000e+03 3.093271333333385087e+01
4.042000000000000000e+03 1.413018191748865959e+01
4.043000000000000000e+03 2.805174942589126275e+01
4.044000000000000000e+03 1.858950927444593759e+01
4.045000000000000000e+03 2.556150911245144286e+01
4.046000000000000000e+03 1.977100148200513274e+01
4.047000000000000000e+03 2.234208154011944814e+01
4.048000000000000000e+03 1.886962340297328211e+01
4.049000000000000000e+03 1.339736812843906755e+01
4.050000000000000000e+03 1.907437535087506220e+01
4.051000000000000000e+03 3.160160227346058193e+01
4.052000000000000000e+03 2.047456570198005465e+01
4.053000000000000000e+03 2.163318206754611595e+01
4.054000000000000000e+03 3.483624254728793801e+01
4.055000000000000000e+03 2.829652628996881703e+01
4.056000000000000000e+03 1.413075082952150119e+01
4.057000000000000000e+03 1.471897116386710991e+01
4.058000000000000000e+03 2.577073637350803637e+01
4.059000000000000000e+03 1.745492692301322890e+01
4.060000000000000000e+03 1.898531504928463676e+01
4.061000000000000000e+03 3.023462329684727479e+01
4.062000000000000000e+03 1.743737984121631612e+01
4.063000000000000000e+03 1.768705478005500709e+01
4.064000000000000000e+03 2.301147792396205460e+01
4.065000000000000000e+03 3.188882489709304124e+01
4.066000000000000000e+03 1.636173481948251052e+01
4.067000000000000000e+03 2.387515723465686435e+01
4.068000000000000000e+03 1.715238185093809520e+01
4.069000000000000000e+03 2.340882133304397783e+01
4.070000000000000000e+03 3.002769276476304228e+01
4.071000000000000000e+03 2.130386946141328863e+01
4.072000000000000000e+03 2.715101984745217223e+01
4.073000000000000000e+03 1.394138676335095006e+01
4.074000000000000000e+03 3.328241829594178824e+01
4.075000000000000000e+03 2.606702405085604468e+01
4.076000000000000000e+03 2.415944799287917633e+01
4.077000000000000000e+03 3.172917391753784955e+01
4.078000000000000000e+03 2.352684913067754735e+01
4.079000000000000000e+03 2.025817819864974112e+01
4.080000000000000000e+03 2.437532775054609147e+01
4.081000000000000000e+03 2.278565902811538280e+01
4.082000000000000000e+03 1.808631997866205410e+01
4.083000000000000000e+03 2.362876319251550328e+01
4.084000000000000000e+03 2.339049345042199946e+01
4.085000000000000000e+03 2.613477674857457700e+01
4.086000000000000000e+03 2.436532925619496481e+01
4.087000000000000000e+03 2.004731779255557811e+01
4.088000000000000000e+03 2.025348785393953222e+01
4.089000000000000000e+03 2.960982235911075122e+01
4.090000000000000000e+03 2.515630650116077760e+01
4.091000000000000000e+03 2.107882949967554609e+01
4.092000000000000000e+03 2.743068483652774248e+01
4.093000000000000000e+03 2.105697546311739643e+01
4.094000000000000000e+03 1.501377350366638375e+01
4.095000000000000000e+03 1.715412136828303247e+01
4.096000000000000000e+03 2.404192902205726412e+01
4.097000000000000000e+03 2.170240335296822565e+01
4.098000000000000000e+03 2.897555828592547655e+01
4.099000000000000000e+03 2.174610627245055028e+01
4.100000000000000000e+03 2.468953102384733711e+01
4.101000000000000000e+03 2.650883638063290348e+01
4.102000000000000000e+03 1.330160118120929802e+01
4.103000000000000000e+03 3.038898486843934421e+01
4.104000000000000000e+03 1.570441826240188909e+01
4.105000000000000000e+03 2.497247106959376595e+01
4.106000000000000000e+03 2.116554730701685472e+01
4.107000000000000000e+03 2.027718818418651381e+01
4.108000000000000000e+03 2.127757149838475925e+01
4.109000000000000000e+03 2.128285965930205137e+01
4.110000000000000000e+03 2.747476690724721848e+01
4.111000000000000000e+03 2.505921683166225122e+01
4.112000000000000000e+03 1.356663215576119974e+01
4.113000000000000000e+03 3.221787872899849248e+01
4.114000000000000000e+03 2.908001371628355258e+01
4.115000000000000000e+03 2.414555786503749601e+01
4.116000000000000000e+03 2.247854025238037678e+01
4.117000000000000000e+03 2.417157140049732433e+01
4.118000000000000000e+03 2.252947736355960728e+01
4.119000000000000000e+03 1.951084146917624906e+01
4.120000000000000000e+03 2.596166326818653403e+01
4.121000000000000000e+03 2.884487724281810728e+01
4.122000000000000000e+03 3.244107904423977828e+01
4.123000000000000000e+03 9.854008954223049344e+00
4.124000000000000000e+03 2.583261151705455916e+01
4.125000000000000000e+03 2.632571012815909484e+01
4.126000000000000000e+03 2.165343042010661989e+01
4.127000000000000000e+03 2.142868785179958735e+01
4.128000000000000000e+03 1.737471566687488433e+01
4.129000000000000000e+03 1.442657991218380076e+01
4.130000000000000000e+03 2.824596826951595574e+01
4.131000000000000000e+03 2.079848104988850466e+01
4.132000000000000000e+03 2.990416728400152024e+01
4.133000000000000000e+03 2.899263982471011758e+01
4.134000000000000000e+03 2.569709024637349160e+01
4.135000000000000000e+03 2.241150269622478675e+01
4.136000000000000000e+03 3.102731525406638013e+01
4.137000000000000000e+03 2.580379433708441894e+01
4.138000000000000000e+03 2.040119030893982099e+01
4.139000000000000000e+03 1.792150099992652912e+01
4.140000000000000000e+03 1.201900022843516425e+01
4.141000000000000000e+03 2.351669287951964549e+01
4.142000000000000000e+03 3.029429131654859120e+01
4.143000000000000000e+03 2.124144970782765895e+01
4.144000000000000000e+03 3.374659371325393664e+01
4.145000000000000000e+03 2.563244641545473002e+01
4.146000000000000000e+03 1.894273865432746007e+01
4.147000000000000000e+03 3.086314817851059189e+01
4.148000000000000000e+03 1.523377298734653174e+01
4.149000000000000000e+03 3.035492572761036101e+01
4.150000000000000000e+03 1.551026134442818538e+01
4.151000000000000000e+03 1.885750676688953931e+01
4.152000000000000000e+03 2.374010385642746357e+01
4.153000000000000000e+03 3.079987511741832762e+01
4.154000000000000000e+03 1.680049091644164960e+01
4.155000000000000000e+03 2.779067048896441960e+01
4.156000000000000000e+03 2.181012291196166686e+01
4.157000000000000000e+03 2.529083727557473793e+01
4.158000000000000000e+03 2.659788217512890540e+01
4.159000000000000000e+03 1.779097432157718472e+01
4.160000000000000000e+03 2.147214541553511324e+01
4.161000000000000000e+03 2.365298384519374153e+01
4.162000000000000000e+03 1.686180596732577897e+01
4.163000000000000000e+03 1.537790854253612594e+01
4.164000000000000000e+03 3.311350792435144541e+01
4.165000000000000000e+03 1.854158694124845397e+01
4.166000000000000000e+03 2.658859348586501170e+01
4.167000000000000000e+03 1.567269494204578351e+01
4.168000000000000000e+03 1.351170218060079087e+01
4.169000000000000000e+03 1.956221195593994366e+01
4.170000000000000000e+03 2.387939096935425098e+01
4.171000000000000000e+03 2.747356577628406882e+01
4.172000000000000000e+03 2.973150918671005272e+01
4.173000000000000000e+03 2.572360422680962699e+01
4.174000000000000000e+03 2.100321699419654209e+01
4.175000000000000000e+03 2.089624889392199591e+01
4.176000000000000000e+03 1.800558174308267567e+01
4.177000000000000000e+03 1.457858709440258593e+01
4.178000000000000000e+03 1.177255642367592081e+01
4.179000000000000000e+03 2.811972406499805643e+01
4.180000000000000000e+03 2.395682816396514525e+01
4.181000000000000000e+03 2.782091211647546913e+01
4.182000000000000000e+03 1.860321270183718312e+01
4.183000000000000000e+03 2.506787743048285222e+01
4.184000000000000000e+03 2.314249277392595161e+01
4.185000000000000000e+03 2.714149769507665866e+01
4.186000000000000000e+03 2.459540114065282879e+01
4.187000000000000000e+03 2.761448961256118650e+01
4.188000000000000000e+03 1.682263015869321876e+01
4.189000000000000000e+03 1.989126223924656500e+01
4.190000000000000000e+03 1.510073151895090326e+01
4.191000000000000000e+03 2.193491704598661940e+01
4.192000000000000000e+03 9.508455465374321847e+00
4.193000000000000000e+03 1.378794041060614362e+01
4.194000000000000000e+03 2.889462805204978224e+01
4.195000000000000000e+03 1.321421733469623128e+01
4.196000000000000000e+03 2.762307492714551316e+01
4.197000000000000000e+03 1.176775171028867284e+01
4.198000000000000000e+03 2.711097772564464492e+01
4.199000000000000000e+03 1.355168526022429276e+01
4.200000000000000000e+03 1.478168558069075189e+01
4.201000000000000000e+03 1.366285908058322107e+01
4.202000000000000000e+03 1.798211787974643983e+01
4.203000000000000000e+03 9.076445330805814393e+00
4.204000000000000000e+03 2.926247708323769814e+01
4.205000000000000000e+03 1.714896112701005038e+01
4.206000000000000000e+03 1.112137596985311916e+01
4.207000000000000000e+03 1.523862248993860291e+01
4.208000000000000000e+03 1.838430642593871056e+01
4.209000000000000000e+03 1.363568314367687329e+01
4.210000000000000000e+03 2.384929002643275453e+01
4.211000000000000000e+03 2.041620864855298834e+01
4.212000000000000000e+03 2.181464800866078591e+01
4.213000000000000000e+03 2.253817347868212906e+01
4.214000000000000000e+03 2.430160713638345982e+01
4.215000000000000000e+03 2.267770420520648145e+01
4.216000000000000000e+03 3.217044496601108250e+01
4.217000000000000000e+03 2.799147865137841151e+01
4.218000000000000000e+03 1.990700849428973740e+01
4.219000000000000000e+03 2.559562911399313379e+01
4.220000000000000000e+03 2.204537334320363229e+01
4.221000000000000000e+03 2.771807752307562467e+01
4.222000000000000000e+03 3.133160786972063150e+01
4.223000000000000000e+03 2.505580207786618629e+01
4.224000000000000000e+03 2.775358587149812095e+01
4.225000000000000000e+03 2.788260256490247002e+01
4.226000000000000000e+03 1.929137776226875900e+01
4.227000000000000000e+03 1.771702217925252043e+01
4.228000000000000000e+03 2.749949749164783341e+01
4.229000000000000000e+03 1.173265621834341310e+01
4.230000000000000000e+03 2.248152796391703845e+01
4.231000000000000000e+03 2.355015467865065304e+01
4.232000000000000000e+03 3.475744786189493141e+01
4.233000000000000000e+03 2.894983109811225575e+01
4.234000000000000000e+03 1.713511390962331049e+01
4.235000000000000000e+03 2.769935140861290179e+01
4.236000000000000000e+03 2.111380882683271309e+01
4.237000000000000000e+03 1.121556665181029366e+01
4.238000000000000000e+03 2.044107552665638394e+01
4.239000000000000000e+03 1.663150454069047157e+01
4.240000000000000000e+03 1.559504732421944162e+01
4.241000000000000000e+03 1.552685430310874359e+01
4.242000000000000000e+03 2.332002424918652750e+01
4.243000000000000000e+03 2.036960884146745698e+01
4.244000000000000000e+03 2.473585529506975789e+01
4.245000000000000000e+03 2.958765940095743829e+01
4.246000000000000000e+03 3.289296703331581284e+01
4.247000000000000000e+03 2.720182244244902492e+01
4.248000000000000000e+03 1.849205050429579344e+01
4.249000000000000000e+03 2.810226825996192446e+01
4.250000000000000000e+03 2.169676558412771783e+01
4.251000000000000000e+03 2.807783481440517193e+01
4.252000000000000000e+03 1.587481635344422237e+01
4.253000000000000000e+03 2.886661909411872529e+01
4.254000000000000000e+03 2.262823226084103823e+01
4.255000000000000000e+03 2.441463724583499939e+01
4.256000000000000000e+03 2.396669080995392775e+01
4.257000000000000000e+03 2.556713729025684856e+01
4.258000000000000000e+03 1.997630117693838159e+01
4.259000000000000000e+03 2.566635469594964292e+01
4.260000000000000000e+03 2.853476329233907194e+01
4.261000000000000000e+03 1.062821043251264186e+01
4.262000000000000000e+03 1.903407990868600308e+01
4.263000000000000000e+03 1.585437788354332866e+01
4.264000000000000000e+03 3.570321895406164003e+01
4.265000000000000000e+03 2.946782552789706955e+01
4.266000000000000000e+03 2.992604527275989312e+01
4.267000000000000000e+03 1.363385424523200662e+01
4.268000000000000000e+03 1.867438807170395165e+01
4.269000000000000000e+03 2.023460096796435792e+01
4.270000000000000000e+03 1.834680884088905728e+01
4.271000000000000000e+03 2.328591054450909326e+01
4.272000000000000000e+03 2.585025739514425425e+01
4.273000000000000000e+03 3.382504727350678309e+01
4.274000000000000000e+03 2.329261892108023702e+01
4.275000000000000000e+03 2.209158413499866924e+01
4.276000000000000000e+03 2.051683518179240195e+01
4.277000000000000000e+03 2.047663855286163681e+01
4.278000000000000000e+03 1.298723032829146184e+01
4.279000000000000000e+03 2.416723156179972065e+01
4.280000000000000000e+03 2.895930837928234425e+01
4.281000000000000000e+03 2.779241202366883812e+01
4.282000000000000000e+03 2.557135610258196934e+01
4.283000000000000000e+03 2.499783918834659957e+01
4.284000000000000000e+03 2.439712216598804417e+01
4.285000000000000000e+03 2.393665723678993729e+01
4.286000000000000000e+03 2.754378802414512961e+01
4.287000000000000000e+03 1.692749457840865901e+01
4.288000000000000000e+03 2.689900833728983187e+01
4.289000000000000000e+03 2.089622469424602258e+01
4.290000000000000000e+03 2.080647207013019440e+01
4.291000000000000000e+03 3.299105454781658153e+01
4.292000000000000000e+03 2.574163752234611380e+01
4.293000000000000000e+03 7.746395552681662799e+00
4.294000000000000000e+03 1.955318665269866329e+01
4.295000000000000000e+03 1.884743832398115515e+01
4.296000000000000000e+03 2.700773431073198338e+01
4.297000000000000000e+03 8.302890454731961967e+00
4.298000000000000000e+03 2.221219560954821759e+01
4.299000000000000000e+03 1.676540527372585387e+01
4.300000000000000000e+03 3.317848209130891490e+01
4.301000000000000000e+03 1.678634185156202818e+01
4.302000000000000000e+03 1.698724938835962206e+01
4.303000000000000000e+03 2.577164822973701064e+01
4.304000000000000000e+03 2.123748657798462247e+01
4.305000000000000000e+03 1.177339690738439693e+01
4.306000000000000000e+03 2.909168237268249513e+01
4.307000000000000000e+03 2.538178143735340697e+01
4.308000000000000000e+03 2.154585900880043070e+01
4.309000000000000000e+03 2.499061826760702232e+01
4.310000000000000000e+03 2.635895339494592804e+01
4.311000000000000000e+03 1.273806263766378599e+01
4.312000000000000000e+03 2.750727343930162050e+01
4.313000000000000000e+03 1.960168019746261336e+01
4.314000000000000000e+03 1.234966598351119416e+01
4.315000000000000000e+03 2.482711414683687323e+01
4.316000000000000000e+03 1.227459322544091336e+01
4.317000000000000000e+03 2.363335633379262646e+01
4.318000000000000000e+03 2.261671055093842497e+01
4.319000000000000000e+03 2.901283791149072755e+01
4.320000000000000000e+03 1.922705360213671000e+01
4.321000000000000000e+03 1.633648855065894168e+01
4.322000000000000000e+03 2.295165275731957877e+01
4.323000000000000000e+03 2.928523765744169793e+01
4.324000000000000000e+03 2.483733871822775896e+01
4.325000000000000000e+03 1.926625236233300598e+01
4.326000000000000000e+03 1.326927779074136282e+01
4.327000000000000000e+03 2.699210413185068802e+01
4.328000000000000000e+03 2.685010158298306493e+01
4.329000000000000000e+03 2.445907578609095268e+01
4.330000000000000000e+03 2.410928154923340827e+01
4.331000000000000000e+03 1.730426462602693860e+01
4.332000000000000000e+03 2.236762452516038024e+01
4.333000000000000000e+03 1.433950375298764968e+01
4.334000000000000000e+03 2.581607252483455639e+01
4.335000000000000000e+03 2.179698882238229984e+01
4.336000000000000000e+03 1.713148485391974063e+01
4.337000000000000000e+03 2.683627612126912254e+01
4.338000000000000000e+03 1.707659226130174446e+01
4.339000000000000000e+03 3.006594371782714958e+01
4.340000000000000000e+03 2.366232958220883020e+01
4.341000000000000000e+03 2.827453867338614657e+01
4.342000000000000000e+03 2.784728107733554836e+01
4.343000000000000000e+03 1.631764031579312402e+01
4.344000000000000000e+03 1.809980113299754834e+01
4.345000000000000000e+03 2.261977068739752639e+01
4.346000000000000000e+03 3.396393431534995955e+01
4.347000000000000000e+03 2.235035354699801857e+01
4.348000000000000000e+03 1.907570820248491472e+01
4.349000000000000000e+03 2.519520987622144403e+01
4.350000000000000000e+03 2.171620498481274453e+01
4.351000000000000000e+03 1.987100573385071911e+01
4.352000000000000000e+03 1.834638966926525683e+01
4.353000000000000000e+03 2.720125325121015436e+01
4.354000000000000000e+03 2.952526638760955180e+01
4.355000000000000000e+03 2.290159472470832824e+01
4.356000000000000000e+03 1.946250747111481516e+01
4.357000000000000000e+03 2.257781850889880815e+01
4.358000000000000000e+03 1.477888987610593396e+01
4.359000000000000000e+03 2.449358707347633413e+01
4.360000000000000000e+03 2.022338718678651759e+01
4.361000000000000000e+03 1.678417194380802613e+01
4.362000000000000000e+03 3.161633130915584644e+01
4.363000000000000000e+03 2.398453819861411773e+01
4.364000000000000000e+03 2.404599933909708298e+01
4.365000000000000000e+03 1.225035800485164650e+01
4.366000000000000000e+03 1.089512704659180464e+01
4.367000000000000000e+03 3.753866169804614827e+01
4.368000000000000000e+03 2.183763253334009491e+01
4.369000000000000000e+03 2.417749369144475580e+01
4.370000000000000000e+03 2.064225695759096268e+01
4.371000000000000000e+03 2.802892172112481362e+01
4.372000000000000000e+03 2.412802577013055938e+01
4.373000000000000000e+03 2.297094108784733635e+01
4.374000000000000000e+03 2.380393735527655252e+01
4.375000000000000000e+03 1.649596436994617221e+01
4.376000000000000000e+03 1.514004118281686928e+01
4.377000000000000000e+03 3.058991496117099018e+01
4.378000000000000000e+03 1.580689968526329814e+01
4.379000000000000000e+03 2.090419317126272603e+01
4.380000000000000000e+03 1.950948916666423472e+01
4.381000000000000000e+03 2.957598867505826234e+01
4.382000000000000000e+03 2.168665475313183322e+01
4.383000000000000000e+03 2.089106543841165120e+01
4.384000000000000000e+03 3.025955624852164050e+01
4.385000000000000000e+03 2.988492345430042718e+01
4.386000000000000000e+03 2.552632006793333019e+01
4.387000000000000000e+03 2.248375776770805601e+01
4.388000000000000000e+03 1.474295985780778651e+01
4.389000000000000000e+03 1.982350731160627788e+01
4.390000000000000000e+03 1.323351965897879090e+01
4.391000000000000000e+03 2.425240667869147160e+01
4.392000000000000000e+03 2.153890415312550388e+01
4.393000000000000000e+03 1.598877016083701896e+01
4.394000000000000000e+03 2.220216682678854525e+01
4.395000000000000000e+03 1.515145575407872158e+01
4.396000000000000000e+03 2.734063762592692015e+01
4.397000000000000000e+03 1.638104697905201235e+01
4.398000000000000000e+03 2.151123041733829311e+01
4.399000000000000000e+03 2.453831428794331870e+01
4.400000000000000000e+03 2.200190179996598161e+01
4.401000000000000000e+03 2.734116614453162697e+01
4.402000000000000000e+03 1.994074349741151764e+01
4.403000000000000000e+03 3.089483523502607198e+01
4.404000000000000000e+03 2.299121824414796933e+01
4.405000000000000000e+03 2.148179803889242478e+01
4.406000000000000000e+03 1.682502401775717971e+01
4.407000000000000000e+03 1.853480237247664419e+01
4.408000000000000000e+03 2.080021335113491787e+01
4.409000000000000000e+03 2.313769019555250495e+01
4.410000000000000000e+03 3.004814937082042192e+01
4.411000000000000000e+03 8.918694747894155839e+00
4.412000000000000000e+03 3.139169885669756965e+01
4.413000000000000000e+03 1.781597138008625691e+01
4.414000000000000000e+03 1.888207782146159630e+01
4.415000000000000000e+03 2.760021841469017190e+01
4.416000000000000000e+03 7.029248604039532999e+00
4.417000000000000000e+03 2.338279070019396144e+01
4.418000000000000000e+03 1.788488660089414495e+01
4.419000000000000000e+03 2.188910055106501673e+01
4.420000000000000000e+03 2.412724123364764495e+01
4.421000000000000000e+03 1.638882033208108879e+01
4.422000000000000000e+03 2.542966985594539864e+01
4.423000000000000000e+03 2.629392533632480777e+01
4.424000000000000000e+03 1.908781439650734768e+01
4.425000000000000000e+03 1.905016543196414602e+01
4.426000000000000000e+03 8.309449040020430388e+00
4.427000000000000000e+03 2.322067817313749671e+01
4.428000000000000000e+03 2.949056289353745797e+01
4.429000000000000000e+03 2.791032717174364564e+01
4.430000000000000000e+03 1.235823790621332741e+01
4.431000000000000000e+03 2.929176114751371074e+01
4.432000000000000000e+03 2.566016627188208687e+01
4.433000000000000000e+03 1.947003479268976989e+01
4.434000000000000000e+03 2.592713554735091819e+01
4.435000000000000000e+03 1.784007984038685635e+01
4.436000000000000000e+03 1.764091574007249008e+01
4.437000000000000000e+03 2.258634487847251293e+01
4.438000000000000000e+03 9.116230708896583934e+00
4.439000000000000000e+03 2.302328443476718789e+01
4.440000000000000000e+03 1.773194051250633052e+01
4.441000000000000000e+03 1.002339331910941134e+01
4.442000000000000000e+03 2.282440644747330794e+01
4.443000000000000000e+03 2.916524831802608020e+01
4.444000000000000000e+03 1.947660227392485410e+01
4.445000000000000000e+03 2.162778954537506237e+01
4.446000000000000000e+03 1.564536345608807544e+01
4.447000000000000000e+03 3.345655345215071463e+01
4.448000000000000000e+03 1.234314559882816908e+01
4.449000000000000000e+03 1.780530819089298333e+01
4.450000000000000000e+03 2.318196718916952292e+01
4.451000000000000000e+03 2.190639320862043959e+01
4.452000000000000000e+03 2.023662376386628026e+01
4.453000000000000000e+03 3.094081762096072907e+01
4.454000000000000000e+03 2.372744930907471783e+01
4.455000000000000000e+03 2.119064428417451040e+01
4.456000000000000000e+03 2.484909851843163864e+01
4.457000000000000000e+03 2.279354997296425012e+01
4.458000000000000000e+03 3.021962116292631251e+01
4.459000000000000000e+03 2.652083844227654552e+01
4.460000000000000000e+03 1.651875440616860757e+01
4.461000000000000000e+03 1.705570774480720431e+01
4.462000000000000000e+03 2.342468963563494100e+01
4.463000000000000000e+03 1.691010527283177467e+01
4.464000000000000000e+03 2.049461664206526379e+01
4.465000000000000000e+03 2.240484239130491773e+01
4.466000000000000000e+03 1.543793861104748011e+01
4.467000000000000000e+03 1.106750092644090167e+01
4.468000000000000000e+03 2.237048109421654729e+01
4.469000000000000000e+03 2.662503898660484225e+01
4.470000000000000000e+03 2.471082042090132802e+01
4.471000000000000000e+03 1.043595462766613124e+01
4.472000000000000000e+03 3.414107727529285796e+01
4.473000000000000000e+03 1.870938003057044341e+01
4.474000000000000000e+03 2.170512015980336429e+01
4.475000000000000000e+03 2.086060134377270003e+01
4.476000000000000000e+03 2.518146524393009855e+01
4.477000000000000000e+03 1.955772491926581935e+01
4.478000000000000000e+03 2.333831571461449172e+01
4.479000000000000000e+03 1.253031012853444359e+01
4.480000000000000000e+03 2.366500695210208249e+01
4.481000000000000000e+03 1.494287341984879447e+01
4.482000000000000000e+03 2.439950708428402137e+01
4.483000000000000000e+03 1.453310470258655052e+01
4.484000000000000000e+03 1.436728292516810690e+01
4.485000000000000000e+03 3.077407783794051710e+01
4.486000000000000000e+03 2.039114044540706416e+01
4.487000000000000000e+03 3.326796755985646570e+01
4.488000000000000000e+03 1.351474395857809263e+01
4.489000000000000000e+03 2.369007142204310767e+01
4.490000000000000000e+03 1.773873271359281389e+01
4.491000000000000000e+03 2.982406777728901304e+01
4.492000000000000000e+03 2.219015398094995817e+01
4.493000000000000000e+03 1.157791256791242240e+01
4.494000000000000000e+03 1.800540031352729997e+01
4.495000000000000000e+03 2.008854481954242743e+01
4.496000000000000000e+03 1.631902685013305643e+01
4.497000000000000000e+03 2.587668106890863839e+01
4.498000000000000000e+03 1.406713632710549433e+01
4.499000000000000000e+03 2.201097336196736975e+01
4.500000000000000000e+03 2.386775493060041597e+01
4.501000000000000000e+03 1.839128999157927424e+01
4.502000000000000000e+03 1.933106774938698180e+01
4.503000000000000000e+03 2.964316705628360538e+01
4.504000000000000000e+03 2.517174482516216116e+01
4.505000000000000000e+03 2.365570582604159355e+01
4.506000000000000000e+03 1.627730752224874067e+01
4.507000000000000000e+03 2.154884653034070041e+01
4.508000000000000000e+03 1.604122772963873800e+01
4.509000000000000000e+03 3.182526232682792866e+01
4.510000000000000000e+03 2.560610985528316874e+01
4.511000000000000000e+03 2.738437072934152994e+01
4.512000000000000000e+03 2.241185990926109994e+01
4.513000000000000000e+03 1.503162067592579731e+01
4.514000000000000000e+03 2.844109013786703599e+01
4.515000000000000000e+03 3.484023007229450286e+01
4.516000000000000000e+03 2.156862562143943762e+01
4.517000000000000000e+03 2.754362334832693904e+01
4.518000000000000000e+03 2.051178807636540569e+01
4.519000000000000000e+03 9.583248303090217135e+00
4.520000000000000000e+03 2.574604243362695755e+01
4.521000000000000000e+03 2.562341048173318470e+01
4.522000000000000000e+03 1.349956247986743385e+01
4.523000000000000000e+03 2.166330980524466909e+01
4.524000000000000000e+03 1.958311410907003847e+01
4.525000000000000000e+03 2.442332613590292212e+01
4.526000000000000000e+03 1.092031959115081463e+01
4.527000000000000000e+03 2.925340670018965028e+01
4.528000000000000000e+03 1.651959487719836517e+01
4.529000000000000000e+03 1.096449879559742158e+01
4.530000000000000000e+03 2.979331004078349210e+01
4.531000000000000000e+03 2.010184478068220315e+01
4.532000000000000000e+03 2.015625185944877273e+01
4.533000000000000000e+03 2.209147137323951426e+01
4.534000000000000000e+03 2.663557536848575680e+01
4.535000000000000000e+03 2.509100625276972352e+01
4.536000000000000000e+03 2.865948072547762848e+01
4.537000000000000000e+03 3.008386987948767199e+01
4.538000000000000000e+03 1.985389283304794006e+01
4.539000000000000000e+03 1.342111820867200578e+01
4.540000000000000000e+03 2.704603676598500783e+01
4.541000000000000000e+03 1.808150218604826165e+01
4.542000000000000000e+03 2.759874287093624901e+01
4.543000000000000000e+03 2.245370337804115479e+01
4.544000000000000000e+03 2.142770913502943131e+01
4.545000000000000000e+03 1.120260818648012524e+01
4.546000000000000000e+03 2.171657021292703504e+01
4.547000000000000000e+03 2.668285368289976489e+01
4.548000000000000000e+03 2.056620513884173818e+01
4.549000000000000000e+03 2.198095883601604683e+01
4.550000000000000000e+03 3.548506618632355014e+01
4.551000000000000000e+03 2.648062810977347681e+01
4.552000000000000000e+03 2.592067596314884526e+01
4.553000000000000000e+03 1.720124368531385173e+01
4.554000000000000000e+03 1.035084482750557733e+01
4.555000000000000000e+03 2.825550866925474480e+01
4.556000000000000000e+03 1.387047545048406327e+01
4.557000000000000000e+03 3.176703497338833060e+01
4.558000000000000000e+03 2.725878098179125075e+01
4.559000000000000000e+03 2.175204414957905286e+01
4.560000000000000000e+03 2.018688563142828940e+01
4.561000000000000000e+03 1.473846430467063762e+01
4.562000000000000000e+03 1.706265357889014567e+01
4.563000000000000000e+03 2.699407090411147792e+01
4.564000000000000000e+03 2.904181757049365586e+01
4.565000000000000000e+03 1.895060819109349026e+01
4.566000000000000000e+03 1.347357162067905278e+01
4.567000000000000000e+03 2.409568714950240675e+01
4.568000000000000000e+03 2.686575361378006477e+01
4.569000000000000000e+03 1.643067794639861035e+01
4.570000000000000000e+03 2.060948522957851381e+01
4.571000000000000000e+03 2.004850468249338746e+01
4.572000000000000000e+03 2.986200244434716566e+01
4.573000000000000000e+03 1.944273308207052864e+01
4.574000000000000000e+03 2.220288971724543359e+01
4.575000000000000000e+03 2.909545749227648059e+01
4.576000000000000000e+03 2.547859143763436407e+01
4.577000000000000000e+03 2.360441022822919876e+01
4.578000000000000000e+03 2.613640513764181605e+01
4.579000000000000000e+03 1.662151369507555287e+01
4.580000000000000000e+03 1.670209323766347609e+01
4.581000000000000000e+03 2.397763060903946908e+01
4.582000000000000000e+03 2.098683081888016844e+01
4.583000000000000000e+03 2.131270479378875748e+01
4.584000000000000000e+03 1.471587194993396785e+01
4.585000000000000000e+03 2.686152755869434827e+01
4.586000000000000000e+03 2.064533799396505742e+01
4.587000000000000000e+03 2.281119572176982757e+01
4.588000000000000000e+03 2.784534452706487784e+01
4.589000000000000000e+03 2.005069503595774449e+01
4.590000000000000000e+03 2.681789091715428341e+01
4.591000000000000000e+03 2.867024776362418947e+01
4.592000000000000000e+03 2.649983029854812955e+01
4.593000000000000000e+03 2.441903746315668400e+01
4.594000000000000000e+03 2.415209007326951252e+01
4.595000000000000000e+03 1.608387840594604867e+01
4.596000000000000000e+03 2.947181999177377065e+01
4.597000000000000000e+03 2.773313701839395407e+01
4.598000000000000000e+03 2.404427971782554962e+01
4.599000000000000000e+03 2.205271126409539306e+01
4.600000000000000000e+03 2.765795925516195908e+01
4.601000000000000000e+03 1.717650316208406380e+01
4.602000000000000000e+03 2.114704965900330080e+01
4.603000000000000000e+03 3.020637214320464636e+01
4.604000000000000000e+03 2.222712802367854579e+01
4.605000000000000000e+03 2.660273944230447896e+01
4.606000000000000000e+03 2.015783853498451705e+01
4.607000000000000000e+03 1.378559212647246923e+01
4.608000000000000000e+03 2.066788064028695615e+01
4.609000000000000000e+03 2.051009930178030771e+01
4.610000000000000000e+03 2.382638442930302602e+01
4.611000000000000000e+03 2.804619672754663640e+01
4.612000000000000000e+03 1.846529425305919858e+01
4.613000000000000000e+03 1.475590024982515480e+01
4.614000000000000000e+03 3.192461378650676807e+01
4.615000000000000000e+03 2.096449001728172234e+01
4.616000000000000000e+03 1.639250333060199338e+01
4.617000000000000000e+03 2.885304391299078830e+01
4.618000000000000000e+03 3.381498577250039972e+01
4.619000000000000000e+03 1.620296149580374845e+01
4.620000000000000000e+03 1.878929625341494258e+01
4.621000000000000000e+03 2.778006235115762834e+01
4.622000000000000000e+03 1.224450399767177622e+01
4.623000000000000000e+03 2.412167821860385786e+01
4.624000000000000000e+03 1.605377959401157639e+01
4.625000000000000000e+03 2.597035523898429688e+01
4.626000000000000000e+03 2.361699644270994369e+01
4.627000000000000000e+03 2.864205263282375924e+01
4.628000000000000000e+03 3.149258574997130111e+01
4.629000000000000000e+03 1.819650535003002290e+01
4.630000000000000000e+03 2.353256778553805262e+01
4.631000000000000000e+03 9.693092593826603931e+00
4.632000000000000000e+03 1.827385166027320551e+01
4.633000000000000000e+03 1.264371837495738227e+01
4.634000000000000000e+03 2.226888241204010654e+01
4.635000000000000000e+03 1.600803611981857699e+01
4.636000000000000000e+03 2.962147733202449373e+01
4.637000000000000000e+03 1.558925311276732550e+01
4.638000000000000000e+03 2.167011595397215018e+01
4.639000000000000000e+03 2.484839675796526492e+01
4.640000000000000000e+03 2.881479120335597344e+01
4.641000000000000000e+03 2.645749533453890123e+01
4.642000000000000000e+03 2.632231334979645965e+01
4.643000000000000000e+03 1.830307898605436634e+01
4.644000000000000000e+03 2.463186398106065411e+01
4.645000000000000000e+03 3.275136496433282929e+01
4.646000000000000000e+03 1.594973239310740709e+01
4.647000000000000000e+03 2.931783692195082125e+01
4.648000000000000000e+03 2.843151565774940082e+01
4.649000000000000000e+03 2.890059615187541553e+01
4.650000000000000000e+03 2.949282978472497874e+01
4.651000000000000000e+03 2.098795852664200012e+01
4.652000000000000000e+03 1.242185303885273662e+01
4.653000000000000000e+03 1.818014499370410064e+01
4.654000000000000000e+03 1.612748207133946465e+01
4.655000000000000000e+03 1.946930835900615975e+01
4.656000000000000000e+03 2.187683568073944329e+01
4.657000000000000000e+03 1.584763314966620129e+01
4.658000000000000000e+03 2.670988206005839771e+01
4.659000000000000000e+03 1.342287937687651578e+01
4.660000000000000000e+03 2.332191209014961686e+01
4.661000000000000000e+03 2.406472676301983782e+01
4.662000000000000000e+03 2.211047949712693494e+01
4.663000000000000000e+03 2.833046802355486804e+01
4.664000000000000000e+03 3.013734438528944182e+01
4.665000000000000000e+03 2.279678956164696046e+01
4.666000000000000000e+03 2.611954408733199173e+01
4.667000000000000000e+03 1.834796986225539683e+01
4.668000000000000000e+03 1.694209084089593986e+01
4.669000000000000000e+03 1.609970910650485010e+01
4.670000000000000000e+03 2.693196887830933761e+01
4.671000000000000000e+03 1.695722781431920367e+01
4.672000000000000000e+03 2.999269810086897081e+01
4.673000000000000000e+03 1.508103623053055031e+01
4.674000000000000000e+03 2.688533933006801746e+01
4.675000000000000000e+03 1.119441704739603161e+01
4.676000000000000000e+03 1.056058886661788776e+01
4.677000000000000000e+03 2.301592587388434907e+01
4.678000000000000000e+03 2.328180538519878695e+01
4.679000000000000000e+03 2.001902327911023960e+01
4.680000000000000000e+03 2.058557656247311840e+01
4.681000000000000000e+03 1.902225326689378804e+01
4.682000000000000000e+03 2.134363460135051938e+01
4.683000000000000000e+03 1.798606241246862680e+01
4.684000000000000000e+03 1.800633537316503663e+01
4.685000000000000000e+03 1.763918596990405874e+01
4.686000000000000000e+03 1.274478367724994676e+01
4.687000000000000000e+03 1.712876897975651147e+01
4.688000000000000000e+03 3.159563743117040602e+01
4.689000000000000000e+03 1.036090408691672593e+01
4.690000000000000000e+03 1.357314590024942724e+01
4.691000000000000000e+03 1.523663932686715583e+01
4.692000000000000000e+03 2.282275969892044998e+01
4.693000000000000000e+03 2.795677879380463438e+01
4.694000000000000000e+03 1.115084544951231038e+01
4.695000000000000000e+03 2.029821461044624087e+01
4.696000000000000000e+03 3.462572293676115720e+01
4.697000000000000000e+03 2.500067345546747433e+01
4.698000000000000000e+03 1.765088363054185194e+01
4.699000000000000000e+03 1.961399313795056187e+01
4.700000000000000000e+03 2.454831563647205428e+01
4.701000000000000000e+03 1.866245559488397632e+01
4.702000000000000000e+03 1.683121948944003776e+01
4.703000000000000000e+03 2.688290679998540966e+01
4.704000000000000000e+03 1.962661389621908015e+01
4.705000000000000000e+03 2.398255262634871343e+01
4.706000000000000000e+03 1.135873570761628670e+01
4.707000000000000000e+03 2.049862322003446025e+01
4.708000000000000000e+03 3.011251802970333102e+01
4.709000000000000000e+03 2.625896354453697157e+01
4.710000000000000000e+03 2.489523254245991879e+01
4.711000000000000000e+03 2.613137894044743703e+01
4.712000000000000000e+03 1.746804321270064619e+01
4.713000000000000000e+03 2.226453750343443261e+01
4.714000000000000000e+03 1.706276569923830522e+01
4.715000000000000000e+03 2.562811037184580343e+01
4.716000000000000000e+03 1.238562395671759830e+01
4.717000000000000000e+03 2.417526299475814966e+01
4.718000000000000000e+03 2.581741569947851289e+01
4.719000000000000000e+03 2.558477733153499756e+01
4.720000000000000000e+03 8.876240790539325687e+00
4.721000000000000000e+03 2.523503569897323118e+01
4.722000000000000000e+03 2.408855878141666906e+01
4.723000000000000000e+03 1.129735154452390766e+01
4.724000000000000000e+03 2.334883585253740534e+01
4.725000000000000000e+03 2.048226140049462529e+01
4.726000000000000000e+03 1.327632312696078998e+01
4.727000000000000000e+03 2.509615428539451543e+01
4.728000000000000000e+03 2.295919873600755068e+01
4.729000000000000000e+03 2.588524914488447237e+01
4.730000000000000000e+03 1.922841568469157281e+01
4.731000000000000000e+03 2.206416062081822105e+01
4.732000000000000000e+03 2.054706888129098630e+01
4.733000000000000000e+03 1.898856241466615913e+01
4.734000000000000000e+03 2.283360346675442543e+01
4.735000000000000000e+03 2.473811266831063449e+01
4.736000000000000000e+03 2.682369329326578367e+01
4.737000000000000000e+03 2.257577226913118551e+01
4.738000000000000000e+03 3.086899525466532523e+01
4.739000000000000000e+03 1.904843394322672623e+01
4.740000000000000000e+03 1.078335132760448722e+01
4.741000000000000000e+03 1.770272173121297854e+01
4.742000000000000000e+03 2.693153771094209858e+01
4.743000000000000000e+03 2.101467553783713527e+01
4.744000000000000000e+03 1.940544593951914720e+01
4.745000000000000000e+03 2.156131974396624074e+01
4.746000000000000000e+03 2.438562156581147988e+01
4.747000000000000000e+03 2.414546026823411395e+01
4.748000000000000000e+03 2.519491567175279911e+01
4.749000000000000000e+03 1.840294611270131142e+01
4.750000000000000000e+03 1.890677892772091440e+01
4.751000000000000000e+03 1.709321999397016256e+01
4.752000000000000000e+03 2.241117972461216468e+01
4.753000000000000000e+03 2.362542516254381297e+01
4.754000000000000000e+03 1.691330112163999289e+01
4.755000000000000000e+03 2.332466899022092832e+01
4.756000000000000000e+03 2.742384207250712080e+01
4.757000000000000000e+03 2.920538728327105460e+01
4.758000000000000000e+03 1.928708193566198759e+01
4.759000000000000000e+03 3.019836039271154959e+01
4.760000000000000000e+03 1.671070900633011647e+01
4.761000000000000000e+03 2.053444382843269267e+01
4.762000000000000000e+03 9.079286114036476008e+00
4.763000000000000000e+03 1.218330764586974446e+01
4.764000000000000000e+03 2.309136649138857322e+01
4.765000000000000000e+03 1.547057427109395178e+01
4.766000000000000000e+03 2.157300251546210745e+01
4.767000000000000000e+03 2.841708966865699537e+01
4.768000000000000000e+03 2.739811953932139232e+01
4.769000000000000000e+03 2.119307885502525224e+01
4.770000000000000000e+03 2.089418336131652865e+01
4.771000000000000000e+03 3.081917678715092279e+01
4.772000000000000000e+03 2.427470092599357443e+01
4.773000000000000000e+03 2.040786026458721736e+01
4.774000000000000000e+03 3.096729883119690996e+01
4.775000000000000000e+03 1.216154537448951523e+01
4.776000000000000000e+03 1.561992021533728803e+01
4.777000000000000000e+03 1.110591253694818548e+01
4.778000000000000000e+03 1.998457506888553326e+01
4.779000000000000000e+03 2.326323143776460256e+01
4.780000000000000000e+03 2.701280526649981439e+01
4.781000000000000000e+03 2.226514850156906533e+01
4.782000000000000000e+03 2.193478115553268282e+01
4.783000000000000000e+03 2.199020945916209868e+01
4.784000000000000000e+03 2.619995112841246865e+01
4.785000000000000000e+03 2.247178354577994597e+01
4.786000000000000000e+03 2.243723853328499374e+01
4.787000000000000000e+03 2.943003086763204834e+01
4.788000000000000000e+03 2.497223949377947605e+01
4.789000000000000000e+03 2.266223704513097914e+01
4.790000000000000000e+03 2.284361310838233550e+01
4.791000000000000000e+03 2.218743274485196437e+01
4.792000000000000000e+03 1.841029858311646805e+01
4.793000000000000000e+03 1.530911264932718652e+01
4.794000000000000000e+03 3.009861925928128201e+01
4.795000000000000000e+03 2.222917725968827085e+01
4.796000000000000000e+03 1.424751530178427927e+01
4.797000000000000000e+03 2.023371682217838341e+01
4.798000000000000000e+03 2.524524378234001176e+01
4.799000000000000000e+03 2.579531857874937018e+01
4.800000000000000000e+03 2.334884395939303658e+01
4.801000000000000000e+03 2.393010400744144661e+01
4.802000000000000000e+03 1.016261995885461467e+01
4.803000000000000000e+03 1.922512157962792045e+01
4.804000000000000000e+03 2.678512172538109226e+01
4.805000000000000000e+03 2.408914581370724051e+01
4.806000000000000000e+03 2.044536185462155942e+01
4.807000000000000000e+03 3.310870097095058640e+01
4.808000000000000000e+03 1.729473859970207883e+01
4.809000000000000000e+03 2.431297120280976642e+01
4.810000000000000000e+03 2.020980732013596892e+01
4.811000000000000000e+03 3.060772211859305614e+01
4.812000000000000000e+03 2.290121523231662692e+01
4.813000000000000000e+03 1.838500888301066638e+01
4.814000000000000000e+03 2.468821758886074491e+01
4.815000000000000000e+03 1.999226745139556272e+01
4.816000000000000000e+03 2.191158079863624764e+01
4.817000000000000000e+03 3.266468621813283590e+01
4.818000000000000000e+03 2.553216785393611232e+01
4.819000000000000000e+03 2.337442392184431483e+01
4.820000000000000000e+03 1.504467914561604758e+01
4.821000000000000000e+03 3.147135079979484118e+01
4.822000000000000000e+03 2.225744804201610805e+01
4.823000000000000000e+03 2.392950581697544621e+01
4.824000000000000000e+03 2.994043499241212203e+01
4.825000000000000000e+03 2.807253088163220411e+01
4.826000000000000000e+03 1.332158566652925380e+01
4.827000000000000000e+03 1.252127056385445236e+01
4.828000000000000000e+03 2.228492790012957769e+01
4.829000000000000000e+03 2.064907767141826866e+01
4.830000000000000000e+03 2.098592152697755253e+01
4.831000000000000000e+03 2.676030769358568051e+01
4.832000000000000000e+03 2.878360856082762709e+01
4.833000000000000000e+03 2.872673484694329105e+01
4.834000000000000000e+03 2.025645613893953723e+01
4.835000000000000000e+03 2.280531187871118348e+01
4.836000000000000000e+03 1.137180698860842831e+01
4.837000000000000000e+03 1.055816881793254147e+01
4.838000000000000000e+03 2.412781969533697790e+01
4.839000000000000000e+03 9.862999788036200144e+00
4.840000000000000000e+03 2.504971073502495216e+01
4.841000000000000000e+03 3.211985956190707725e+01
4.842000000000000000e+03 2.428132358987123851e+01
4.843000000000000000e+03 2.014965334842818478e+01
4.844000000000000000e+03 2.238400736956238646e+01
4.845000000000000000e+03 3.235093089579294912e+01
4.846000000000000000e+03 2.448790919830094381e+01
4.847000000000000000e+03 2.069614340780634620e+01
4.848000000000000000e+03 1.656700835777370173e+01
4.849000000000000000e+03 7.501952245252286211e+00
4.850000000000000000e+03 1.600306279259594788e+01
4.851000000000000000e+03 2.575716496045716397e+01
4.852000000000000000e+03 2.798153867120126392e+01
4.853000000000000000e+03 2.362338720686627980e+01
4.854000000000000000e+03 2.087850264955384816e+01
4.855000000000000000e+03 3.011869152903782876e+01
4.856000000000000000e+03 2.217800147356005880e+01
4.857000000000000000e+03 2.268924981741956870e+01
4.858000000000000000e+03 1.571214371717733016e+01
4.859000000000000000e+03 2.942501067788846214e+01
4.860000000000000000e+03 1.193398135967190932e+01
4.861000000000000000e+03 2.879383188387545545e+01
4.862000000000000000e+03 1.142670132338960443e+01
4.863000000000000000e+03 1.888888106279852508e+01
4.864000000000000000e+03 1.725290182104622971e+01
4.865000000000000000e+03 2.627370056210375893e+01
4.866000000000000000e+03 3.089337148816185419e+01
4.867000000000000000e+03 3.564610651253713058e+01
4.868000000000000000e+03 2.688907561866005125e+01
4.869000000000000000e+03 2.440164141196791547e+01
4.870000000000000000e+03 2.714210026975906231e+01
4.871000000000000000e+03 2.326282439138482516e+01
4.872000000000000000e+03 1.055418001257739924e+01
4.873000000000000000e+03 2.811228485705652602e+01
4.874000000000000000e+03 2.806532343624696324e+01
4.875000000000000000e+03 1.993562268811255933e+01
4.876000000000000000e+03 2.004755812326337505e+01
4.877000000000000000e+03 3.360321979228236700e+01
4.878000000000000000e+03 1.398698957718031188e+01
4.879000000000000000e+03 2.638760542994737079e+01
4.880000000000000000e+03 3.536901906740341417e+01
4.881000000000000000e+03 2.264444567582682666e+01
4.882000000000000000e+03 2.302582773412007455e+01
4.883000000000000000e+03 2.194566065025214030e+01
4.884000000000000000e+03 1.326578231705749467e+01
4.885000000000000000e+03 2.013569241941168642e+01
4.886000000000000000e+03 2.084449621438004385e+01
4.887000000000000000e+03 1.452688343311561248e+01
4.888000000000000000e+03 2.630544742038961914e+01
4.889000000000000000e+03 1.761913168139812669e+01
4.890000000000000000e+03 2.685998669204972344e+01
4.891000000000000000e+03 1.922338939967242055e+01
4.892000000000000000e+03 1.457882862252047040e+01
4.893000000000000000e+03 9.162960314296313413e+00
4.894000000000000000e+03 2.114437081448272693e+01
4.895000000000000000e+03 1.678410005443243946e+01
4.896000000000000000e+03 2.539814343400988150e+01
4.897000000000000000e+03 1.939050941798028305e+01
4.898000000000000000e+03 2.649238871554635821e+01
4.899000000000000000e+03 2.363880332822115804e+01
4.900000000000000000e+03 1.662067839525422031e+01
4.901000000000000000e+03 2.665690791702303741e+01
4.902000000000000000e+03 2.595839520059942984e+01
4.903000000000000000e+03 2.531260342200719293e+01
4.904000000000000000e+03 1.740250065543682112e+01
4.905000000000000000e+03 2.247675607676544018e+01
4.906000000000000000e+03 2.261834096462943577e+01
4.907000000000000000e+03 1.745994374135056049e+01
4.908000000000000000e+03 3.229430791268503498e+01
4.909000000000000000e+03 1.280139176065261353e+01
4.910000000000000000e+03 2.904096631367402637e+01
4.911000000000000000e+03 2.476455255456988169e+01
4.912000000000000000e+03 1.724774408090544497e+01
4.913000000000000000e+03 2.503486448213860172e+01
4.914000000000000000e+03 1.185751241902063136e+01
4.915000000000000000e+03 2.362520051515535613e+01
4.916000000000000000e+03 2.336520214472065859e+01
4.917000000000000000e+03 2.460690116864816090e+01
4.918000000000000000e+03 2.417722529391578945e+01
4.919000000000000000e+03 1.557988606243391771e+01
4.920000000000000000e+03 2.472882319052911981e+01
4.921000000000000000e+03 1.782531457747819559e+01
4.922000000000000000e+03 2.634151513914882159e+01
4.923000000000000000e+03 1.308515020506054860e+01
4.924000000000000000e+03 2.596863242024098994e+01
4.925000000000000000e+03 1.873815586624853324e+01
4.926000000000000000e+03 1.478096104122628418e+01
4.927000000000000000e+03 2.058568149613878973e+01
4.928000000000000000e+03 1.374580839175070324e+01
4.929000000000000000e+03 2.218655176087640157e+01
4.930000000000000000e+03 1.810761083336807786e+01
4.931000000000000000e+03 2.306675618860778343e+01
4.932000000000000000e+03 2.274122358213027084e+01
4.933000000000000000e+03 1.745476305884464452e+01
4.934000000000000000e+03 1.367783669919829315e+01
4.935000000000000000e+03 3.014538485390445643e+01
4.936000000000000000e+03 2.944282848625042348e+01
4.937000000000000000e+03 2.181147292026732387e+01
4.938000000000000000e+03 2.165394327704006727e+01
4.939000000000000000e+03 2.950979879927834659e+01
4.940000000000000000e+03 2.874007183983635016e+01
4.941000000000000000e+03 1.255576920870876201e+01
4.942000000000000000e+03 2.526776792641538449e+01
4.943000000000000000e+03 2.786694520642043926e+01
4.944000000000000000e+03 2.088976079834612420e+01
4.945000000000000000e+03 2.237994635353877371e+01
4.946000000000000000e+03 3.017180281029315836e+01
4.947000000000000000e+03 2.081964634773121503e+01
4.948000000000000000e+03 1.555816871814072577e+01
4.949000000000000000e+03 2.969607867017366942e+01
4.950000000000000000e+03 2.770499982811695716e+01
4.951000000000000000e+03 2.490903989643252103e+01
4.952000000000000000e+03 3.174530807211516148e+01
4.953000000000000000e+03 2.420672420226231836e+01
4.954000000000000000e+03 2.751226132183246520e+01
4.955000000000000000e+03 2.296515787500444361e+01
4.956000000000000000e+03 3.140488354402238969e+01
4.957000000000000000e+03 3.215176019121663842e+01
4.958000000000000000e+03 2.272838745026305318e+01
4.959000000000000000e+03 2.536578559188563986e+01
4.960000000000000000e+03 2.644036497464259128e+01
4.961000000000000000e+03 1.618251123064720431e+01
4.962000000000000000e+03 2.005412272637830640e+01
4.963000000000000000e+03 2.389241059339331841e+01
4.964000000000000000e+03 2.083216175125530256e+01
4.965000000000000000e+03 2.764154104801601264e+01
4.966000000000000000e+03 2.349224748079778635e+01
4.967000000000000000e+03 2.309471406859062625e+01
4.968000000000000000e+03 2.007385610125634656e+01
4.969000000000000000e+03 2.214238695944337465e+01
4.970000000000000000e+03 2.516730581852290527e+01
4.971000000000000000e+03 2.253048750873411521e+01
4.972000000000000000e+03 2.254728804118106567e+01
4.973000000000000000e+03 1.662418331335437927e+01
4.974000000000000000e+03 2.604631958414890391e+01
4.975000000000000000e+03 1.685173384749899839e+01
4.976000000000000000e+03 1.690510502822744954e+01
4.977000000000000000e+03 2.472584796902225435e+01
4.978000000000000000e+03 2.217035207436975242e+01
4.979000000000000000e+03 2.496527541283906615e+01
4.980000000000000000e+03 3.221858456980267249e+01
4.981000000000000000e+03 2.241215291471156945e+01
4.982000000000000000e+03 2.606193140628954552e+01
4.983000000000000000e+03 2.669047624412140252e+01
4.984000000000000000e+03 2.134828362928597301e+01
4.985000000000000000e+03 1.591074515485410323e+01
4.986000000000000000e+03 2.165575053685306983e+01
4.987000000000000000e+03 2.362600697466252342e+01
4.988000000000000000e+03 3.154836100681322719e+01
4.989000000000000000e+03 8.842267459998653933e+00
4.990000000000000000e+03 2.825567820540072717e+01
4.991000000000000000e+03 2.124079024938507487e+01
4.992000000000000000e+03 2.102819309585054341e+01
4.993000000000000000e+03 2.580909050329728416e+01
4.994000000000000000e+03 2.414503974671283615e+01
4.995000000000000000e+03 1.309799148848049732e+01
4.996000000000000000e+03 2.741086799154167508e+01
4.997000000000000000e+03 3.030991994260104150e+01
4.998000000000000000e+03 1.175810299496496469e+01
4.999000000000000000e+03 2.417722971289438050e+01
5.000000000000000000e+03 2.161426275099992367e+01
5.001000000000000000e+03 2.983689146478057452e+01
5.002000000000000000e+03 3.044589053434330950e+01
5.003000000000000000e+03 2.303735352630295807e+01
5.004000000000000000e+03 1.237576525199397004e+01
5.005000000000000000e+03 2.194038611878597678e+01
5.006000000000000000e+03 2.764374245600121327e+01
5.007000000000000000e+03 2.217470969953638971e+01
5.008000000000000000e+03 1.630138754020503100e+01
5.009000000000000000e+03 1.282156740548372476e+01
5.010000000000000000e+03 2.611475403665431472e+01
5.011000000000000000e+03 1.851510000266905465e+01
5.012000000000000000e+03 1.438573183938059152e+01
5.013000000000000000e+03 1.386057317907893527e+01
5.014000000000000000e+03 3.162682557484436074e+01
5.015000000000000000e+03 2.326113819291917295e+01
5.016000000000000000e+03 1.800508353004314444e+01
5.017000000000000000e+03 2.408912152095474113e+01
5.018000000000000000e+03 1.963123444389431427e+01
5.019000000000000000e+03 1.683321504886236397e+01
5.020000000000000000e+03 2.387241767691047301e+01
5.021000000000000000e+03 1.832659320657284496e+01
5.022000000000000000e+03 2.913051252680172709e+01
5.023000000000000000e+03 2.310190477391788733e+01
5.024000000000000000e+03 1.846145432766116556e+01
5.025000000000000000e+03 2.143790542871497706e+01
5.026000000000000000e+03 1.163752135807882482e+01
5.027000000000000000e+03 1.794772234987485504e+01
5.028000000000000000e+03 1.956370813957139632e+01
5.029000000000000000e+03 9.558630501202616259e+00
5.030000000000000000e+03 1.603765281691324418e+01
5.031000000000000000e+03 3.024337293833886164e+01
5.032000000000000000e+03 1.924534670315711438e+01
5.033000000000000000e+03 1.614759628990799456e+01
5.034000000000000000e+03 2.598767951928797970e+01
5.035000000000000000e+03 1.899404954606529117e+01
5.036000000000000000e+03 1.320538665960509306e+01
5.037000000000000000e+03 2.179064503789677687e+01
5.038000000000000000e+03 1.842861124593565592e+01
5.039000000000000000e+03 2.178403327950332269e+01
5.040000000000000000e+03 1.893215475991832264e+01
5.041000000000000000e+03 2.355581124986674624e+01
5.042000000000000000e+03 1.799916435154993977e+01
5.043000000000000000e+03 2.361326241176176310e+01
5.044000000000000000e+03 2.346097187847582433e+01
5.045000000000000000e+03 2.822979527666211297e+01
5.046000000000000000e+03 1.612257434137549694e+01
5.047000000000000000e+03 2.404099338952524434e+01
5.048000000000000000e+03 2.649634020401608225e+01
5.049000000000000000e+03 2.533052776950435003e+01
5.050000000000000000e+03 3.115088329691204905e+01
5.051000000000000000e+03 1.674636923061029492e+01
5.052000000000000000e+03 2.239428443426150750e+01
5.053000000000000000e+03 1.915203919151871048e+01
5.054000000000000000e+03 2.830243834274703474e+01
5.055000000000000000e+03 2.822571454032315330e+01
5.056000000000000000e+03 2.087321091961725017e+01
5.057000000000000000e+03 2.711961071453299255e+01
5.058000000000000000e+03 2.512836547976796808e+01
5.059000000000000000e+03 2.046404600237348248e+01
5.060000000000000000e+03 2.771603576875599018e+01
5.061000000000000000e+03 2.484315705059086099e+01
5.062000000000000000e+03 2.016155404937420670e+01
5.063000000000000000e+03 3.025315536099564895e+01
5.064000000000000000e+03 1.928277575077830619e+01
5.065000000000000000e+03 2.530719380745429348e+01
5.066000000000000000e+03 3.278708261484359809e+01
5.067000000000000000e+03 2.579596009278630575e+01
5.068000000000000000e+03 2.048254017313177044e+01
5.069000000000000000e+03 1.643140221714933702e+01
5.070000000000000000e+03 1.877332468677339250e+01
5.071000000000000000e+03 3.262007381595112321e+01
5.072000000000000000e+03 2.110963611528880790e+01
5.073000000000000000e+03 2.286477542832161447e+01
5.074000000000000000e+03 1.337320675361528188e+01
5.075000000000000000e+03 2.053636870532510628e+01
5.076000000000000000e+03 2.573018144804445484e+01
5.077000000000000000e+03 1.098670043411464192e+01
5.078000000000000000e+03 2.136003780014767983e+01
5.079000000000000000e+03 2.234210378770585947e+01
5.080000000000000000e+03 2.242613450562357258e+01
5.081000000000000000e+03 3.091992883263721481e+01
5.082000000000000000e+03 1.096007891033943338e+01
5.083000000000000000e+03 1.577456808692296697e+01
5.084000000000000000e+03 2.287591082250549590e+01
5.085000000000000000e+03 2.880555904134444489e+01
5.086000000000000000e+03 2.168170440719196534e+01
5.087000000000000000e+03 2.359957345194506928e+01
5.088000000000000000e+03 2.500522949952591034e+01
5.089000000000000000e+03 2.461156500446067952e+01
5.090000000000000000e+03 2.072209607599702608e+01
5.091000000000000000e+03 2.836741950350759822e+01
5.092000000000000000e+03 1.310300220455872378e+01
5.093000000000000000e+03 2.567267887717179775e+01
5.094000000000000000e+03 2.567565238594098531e+01
5.095000000000000000e+03 3.132097046890809366e+01
5.096000000000000000e+03 1.874974762977496923e+01
5.097000000000000000e+03 2.514163541321160267e+01
5.098000000000000000e+03 2.633875199335613360e+01
5.099000000000000000e+03 1.654078846403336200e+01
5.100000000000000000e+03 2.600956164439406848e+01
5.101000000000000000e+03 2.496390365096228692e+01
5.102000000000000000e+03 3.306815676087041567e+01
5.103000000000000000e+03 1.993481378246899638e+01
5.104000000000000000e+03 1.774552303809056042e+01
5.105000000000000000e+03 2.778346586290043518e+01
5.106000000000000000e+03 1.609726170416832147e+01
5.107000000000000000e+03 2.784258593894643141e+01
5.108000000000000000e+03 2.934925597229022642e+01
5.109000000000000000e+03 3.442636679541425337e+01
5.110000000000000000e+03 1.682353114127700522e+01
5.111000000000000000e+03 2.310569114946570934e+01
5.112000000000000000e+03 2.837307431604346064e+01
5.113000000000000000e+03 3.063890466052870565e+01
5.114000000000000000e+03 2.420820493049352962e+01
5.115000000000000000e+03 2.239047257628737242e+01
5.116000000000000000e+03 2.756000180103743347e+01
5.117000000000000000e+03 1.955843384054481149e+01
5.118000000000000000e+03 2.961782796133545048e+01
5.119000000000000000e+03 2.650176388661755311e+01
5.120000000000000000e+03 2.752674791843427826e+01
5.121000000000000000e+03 2.023489759390358955e+01
5.122000000000000000e+03 2.734577725401522130e+01
5.123000000000000000e+03 2.370530325136642347e+01
5.124000000000000000e+03 2.900227581630063156e+01
5.125000000000000000e+03 2.705108155013025595e+01
5.126000000000000000e+03 3.032534112433963003e+01
5.127000000000000000e+03 2.478106020936701626e+01
5.128000000000000000e+03 2.190265257545958733e+01
5.129000000000000000e+03 2.988846345117927328e+01
5.130000000000000000e+03 2.842025027800598025e+01
5.131000000000000000e+03 1.852972797874330979e+01
5.132000000000000000e+03 2.047674756653953310e+01
5.133000000000000000e+03 2.987392203714165362e+01
5.134000000000000000e+03 2.562092196443204273e+01
5.135000000000000000e+03 2.487293070191493882e+01
5.136000000000000000e+03 3.156428223447910142e+01
5.137000000000000000e+03 1.661574008590994112e+01
5.138000000000000000e+03 2.391320594699560687e+01
5.139000000000000000e+03 2.826389059885128319e+01
5.140000000000000000e+03 2.560491135633778015e+01
5.141000000000000000e+03 2.149152482688696608e+01
5.142000000000000000e+03 2.107734986112122044e+01
5.143000000000000000e+03 2.652804704785134859e+01
5.144000000000000000e+03 2.053482628728169601e+01
5.145000000000000000e+03 2.098718955125341878e+01
5.146000000000000000e+03 2.207204373965365107e+01
5.147000000000000000e+03 1.788608877155352417e+01
5.148000000000000000e+03 2.057948126248389187e+01
5.149000000000000000e+03 2.909390416828614434e+01
5.150000000000000000e+03 1.168777070496505743e+01
5.151000000000000000e+03 1.860178229864308364e+01
5.152000000000000000e+03 2.290873424903438504e+01
5.153000000000000000e+03 2.481840254942185453e+01
5.154000000000000000e+03 2.323045460262645534e+01
5.155000000000000000e+03 2.658406980139009690e+01
5.156000000000000000e+03 2.344861420217750236e+01
5.157000000000000000e+03 2.430213079045065783e+01
5.158000000000000000e+03 2.262325625668889018e+01
5.159000000000000000e+03 1.950956770211927349e+01
5.160000000000000000e+03 2.680613300714251679e+01
5.161000000000000000e+03 1.945061800208609526e+01
5.162000000000000000e+03 2.180549223458421437e+01
5.163000000000000000e+03 3.151086370831480465e+01
5.164000000000000000e+03 2.595604980135114204e+01
5.165000000000000000e+03 2.812888323384152400e+01
5.166000000000000000e+03 2.475019921619074381e+01
5.167000000000000000e+03 1.517125733996545378e+01
5.168000000000000000e+03 2.399253456685450203e+01
5.169000000000000000e+03 3.256629855931299034e+01
5.170000000000000000e+03 3.321555069026236851e+01
5.171000000000000000e+03 2.135447985412451644e+01
5.172000000000000000e+03 1.794274478712711840e+01
5.173000000000000000e+03 2.649233162992281621e+01
5.174000000000000000e+03 3.063856786265074916e+01
5.175000000000000000e+03 2.631094013131958320e+01
5.176000000000000000e+03 2.559439347031478107e+01
5.177000000000000000e+03 2.423194774880479585e+01
5.178000000000000000e+03 3.118270862346244954e+01
5.179000000000000000e+03 2.460359115814611286e+01
5.180000000000000000e+03 2.712083188079050089e+01
5.181000000000000000e+03 2.721436121232469318e+01
5.182000000000000000e+03 2.741944010632109041e+01
5.183000000000000000e+03 2.328722037729561478e+01
5.184000000000000000e+03 1.910558859541278309e+01
5.185000000000000000e+03 2.439919105876161964e+01
5.186000000000000000e+03 2.455551596484329835e+01
5.187000000000000000e+03 2.032246789229293427e+01
5.188000000000000000e+03 2.128885053825133156e+01
5.189000000000000000e+03 1.866150875355991445e+01
5.190000000000000000e+03 2.773096039369037413e+01
5.191000000000000000e+03 1.576501369659167651e+01
5.192000000000000000e+03 1.020822572313422860e+01
5.193000000000000000e+03 2.347745598893776986e+01
5.194000000000000000e+03 2.262925794146957870e+01
5.195000000000000000e+03 3.079649423303237299e+01
5.196000000000000000e+03 3.814461559732358609e+01
5.197000000000000000e+03 2.028089789132290122e+01
5.198000000000000000e+03 2.702435714777830711e+01
5.199000000000000000e+03 3.146034478192606088e+01
5.200000000000000000e+03 1.359989924758529334e+01
5.201000000000000000e+03 2.961102149701969566e+01
5.202000000000000000e+03 3.169078614920112358e+01
5.203000000000000000e+03 2.268825806185823879e+01
5.204000000000000000e+03 2.708562598461418958e+01
5.205000000000000000e+03 1.191408934754895732e+01
5.206000000000000000e+03 3.079368523598010299e+01
5.207000000000000000e+03 2.761705142613748620e+01
5.208000000000000000e+03 2.762089360525198245e+01
5.209000000000000000e+03 1.579462863011848128e+01
5.210000000000000000e+03 1.552851327148522920e+01
5.211000000000000000e+03 1.676983172233258657e+01
5.212000000000000000e+03 2.185566739745900477e+01
5.213000000000000000e+03 2.119817579510333161e+01
5.214000000000000000e+03 1.174924353553820744e+01
5.215000000000000000e+03 2.238718593208989205e+01
5.216000000000000000e+03 3.033944876061567797e+01
5.217000000000000000e+03 2.609770329680647194e+01
5.218000000000000000e+03 2.499838420812062623e+01
5.219000000000000000e+03 1.741287743123939080e+01
5.220000000000000000e+03 2.428788175766594293e+01
5.221000000000000000e+03 2.998107766223309412e+01
5.222000000000000000e+03 1.095406199712578754e+01
5.223000000000000000e+03 2.362457105069033148e+01
5.224000000000000000e+03 2.020397886970016899e+01
5.225000000000000000e+03 2.463485643675716474e+01
5.226000000000000000e+03 1.632023586947685345e+01
5.227000000000000000e+03 1.654182289020192442e+01
5.228000000000000000e+03 2.509221996033695490e+01
5.229000000000000000e+03 1.670545614320262828e+01
5.230000000000000000e+03 1.268488766905585230e+01
5.231000000000000000e+03 1.620120725779425541e+01
5.232000000000000000e+03 2.926003727655560738e+01
5.233000000000000000e+03 1.830500972205011223e+01
5.234000000000000000e+03 2.862774289483590806e+01
5.235000000000000000e+03 3.036880948533375602e+01
5.236000000000000000e+03 2.363024960390004026e+01
5.237000000000000000e+03 1.558192921278556931e+01
5.238000000000000000e+03 2.187155978661076006e+01
5.239000000000000000e+03 2.439101698683007768e+01
5.240000000000000000e+03 2.056019807906853103e+01
5.241000000000000000e+03 2.277214247920553802e+01
5.242000000000000000e+03 2.457505887259678801e+01
5.243000000000000000e+03 2.953533930721678757e+01
5.244000000000000000e+03 1.270955835682715751e+01
5.245000000000000000e+03 2.500136078319557242e+01
5.246000000000000000e+03 2.631715266252061269e+01
5.247000000000000000e+03 2.344994327370683251e+01
5.248000000000000000e+03 1.427272565439859342e+01
5.249000000000000000e+03 2.511811313940107837e+01
5.250000000000000000e+03 2.614540712873754202e+01
5.251000000000000000e+03 1.417712845453985970e+01
5.252000000000000000e+03 2.180574905690643561e+01
5.253000000000000000e+03 1.730635610319525952e+01
5.254000000000000000e+03 9.615507347584586029e+00
5.255000000000000000e+03 3.397874210167410780e+01
5.256000000000000000e+03 3.066844230738308852e+01
5.257000000000000000e+03 1.445278051600174862e+01
5.258000000000000000e+03 1.831938925524015715e+01
5.259000000000000000e+03 2.505132276482540021e+01
5.260000000000000000e+03 1.791949775639562858e+01
5.261000000000000000e+03 2.018235398390210733e+01
5.262000000000000000e+03 2.494460021598075983e+01
5.263000000000000000e+03 2.860433855874937237e+01
5.264000000000000000e+03 2.436247861997469499e+01
5.265000000000000000e+03 1.879395080805687357e+01
5.266000000000000000e+03 2.113837004029356947e+01
5.267000000000000000e+03 2.274598856333934194e+01
5.268000000000000000e+03 2.674692767516275538e+01
5.269000000000000000e+03 2.608061238892333833e+01
5.270000000000000000e+03 3.044702601039631418e+01
5.271000000000000000e+03 1.578956641001463090e+01
5.272000000000000000e+03 1.070772166744723286e+01
5.273000000000000000e+03 2.369638142695335858e+01
5.274000000000000000e+03 3.080897046917988646e+01
5.275000000000000000e+03 2.070377119723061909e+01
5.276000000000000000e+03 8.061379033978932185e+00
5.277000000000000000e+03 2.096772594515088883e+01
5.278000000000000000e+03 2.638728350229490616e+01
5.279000000000000000e+03 2.919299969286807439e+01
5.280000000000000000e+03 2.538816318660177274e+01
5.281000000000000000e+03 2.536233156792746612e+01
5.282000000000000000e+03 3.051374092095875312e+01
5.283000000000000000e+03 2.501739015105898289e+01
5.284000000000000000e+03 2.059154445562400682e+01
5.285000000000000000e+03 3.267104869616694884e+01
5.286000000000000000e+03 3.112594793734109544e+01
5.287000000000000000e+03 2.966101991748805133e+01
5.288000000000000000e+03 2.468713560282577291e+01
5.289000000000000000e+03 3.009165931593200227e+01
5.290000000000000000e+03 2.410107319092308131e+01
5.291000000000000000e+03 3.371470903657495199e+01
5.292000000000000000e+03 2.886329737836213027e+01
5.293000000000000000e+03 9.907060759944997130e+00
5.294000000000000000e+03 3.073555466477357356e+01
5.295000000000000000e+03 2.674818054577820092e+01
5.296000000000000000e+03 1.459934307006885845e+01
5.297000000000000000e+03 1.632820199386360116e+01
5.298000000000000000e+03 2.172568040133401013e+01
5.299000000000000000e+03 2.236078286485281552e+01
5.300000000000000000e+03 2.326738591730675765e+01
5.301000000000000000e+03 3.005220429515632219e+01
5.302000000000000000e+03 1.843186216713643688e+01
5.303000000000000000e+03 1.466653348425933778e+01
5.304000000000000000e+03 1.772773655844262919e+01
5.305000000000000000e+03 2.937118595175745739e+01
5.306000000000000000e+03 1.908404419403307273e+01
5.307000000000000000e+03 1.138142560854316621e+01
5.308000000000000000e+03 2.108193800906067850e+01
5.309000000000000000e+03 1.578770746773330202e+01
5.310000000000000000e+03 1.302954616495723172e+01
5.311000000000000000e+03 2.857172897461586558e+01
5.312000000000000000e+03 9.906777930544517830e+00
5.313000000000000000e+03 1.746687998008648890e+01
5.314000000000000000e+03 1.858349145942833047e+01
5.315000000000000000e+03 2.511942892536890071e+01
5.316000000000000000e+03 8.744100627932310132e+00
5.317000000000000000e+03 1.141021237595897730e+01
5.318000000000000000e+03 2.222846846546169175e+01
5.319000000000000000e+03 1.819971022020973805e+01
5.320000000000000000e+03 2.113942698526953023e+01
5.321000000000000000e+03 2.764258065222571403e+01
5.322000000000000000e+03 1.972700679671994095e+01
5.323000000000000000e+03 2.994839891775541219e+01
5.324000000000000000e+03 1.542364969508698103e+01
5.325000000000000000e+03 1.862759196314373966e+01
5.326000000000000000e+03 2.865274264505713475e+01
5.327000000000000000e+03 1.570704723751598664e+01
5.328000000000000000e+03 1.355698739234391148e+01
5.329000000000000000e+03 2.358026399222396918e+01
5.330000000000000000e+03 3.466138261517649255e+01
5.331000000000000000e+03 1.455691522798774962e+01
5.332000000000000000e+03 2.017883086236468415e+01
5.333000000000000000e+03 2.521000105154331550e+01
5.334000000000000000e+03 1.718037900584991462e+01
5.335000000000000000e+03 3.748884838540858766e+01
5.336000000000000000e+03 1.835786286454080596e+01
5.337000000000000000e+03 3.489583494964065125e+01
5.338000000000000000e+03 2.981117553610945592e+01
5.339000000000000000e+03 9.553882045379161525e+00
5.340000000000000000e+03 2.450863367848441499e+01
5.341000000000000000e+03 2.411299040867248777e+01
5.342000000000000000e+03 1.415745126021391798e+01
5.343000000000000000e+03 1.688113019349580668e+01
5.344000000000000000e+03 2.013988077269240407e+01
5.345000000000000000e+03 2.146975297166400765e+01
5.346000000000000000e+03 2.232456914578444795e+01
5.347000000000000000e+03 2.039416318775080583e+01
5.348000000000000000e+03 3.113507818939859106e+01
5.349000000000000000e+03 2.425920403766021849e+01
5.350000000000000000e+03 1.684805080624636986e+01
5.351000000000000000e+03 2.596412514877643218e+01
5.352000000000000000e+03 2.165492131521655139e+01
5.353000000000000000e+03 3.146603220516656663e+01
5.354000000000000000e+03 2.145843827784651481e+01
5.355000000000000000e+03 3.033977624869773138e+01
5.356000000000000000e+03 1.817116374955864444e+01
5.357000000000000000e+03 2.773689622020408407e+01
5.358000000000000000e+03 1.744784854618154668e+01
5.359000000000000000e+03 2.806033913594414386e+01
5.360000000000000000e+03 2.652775017642789024e+01
5.361000000000000000e+03 2.819101360018790459e+01
5.362000000000000000e+03 1.650009295841563528e+01
5.363000000000000000e+03 2.505770508382267892e+01
5.364000000000000000e+03 1.680989445871110632e+01
5.365000000000000000e+03 1.503059488557920353e+01
5.366000000000000000e+03 1.889528133311976177e+01
5.367000000000000000e+03 1.906775833677666299e+01
5.368000000000000000e+03 1.666091796844065698e+01
5.369000000000000000e+03 2.451206779039230810e+01
5.370000000000000000e+03 2.011439557256387900e+01
5.371000000000000000e+03 2.658215606499104666e+01
5.372000000000000000e+03 2.520179158187869106e+01
5.373000000000000000e+03 3.023314384251207088e+01
5.374000000000000000e+03 2.345425110155183646e+01
5.375000000000000000e+03 2.405368835307301367e+01
5.376000000000000000e+03 1.566262064761663275e+01
5.377000000000000000e+03 2.180393605123559908e+01
5.378000000000000000e+03 2.258214571907143764e+01
5.379000000000000000e+03 1.030849557444674680e+01
5.380000000000000000e+03 3.241582754006964251e+01
5.381000000000000000e+03 2.375539286950662188e+01
5.382000000000000000e+03 1.771240046136853508e+01
5.383000000000000000e+03 2.526724478897542525e+01
5.384000000000000000e+03 1.980329476564255486e+01
5.385000000000000000e+03 2.167129843487092700e+01
5.386000000000000000e+03 2.426006309477137179e+01
5.387000000000000000e+03 2.381280991081269249e+01
5.388000000000000000e+03 1.234092970138661194e+01
5.389000000000000000e+03 2.492412951747190064e+01
5.390000000000000000e+03 1.228088831348525112e+01
5.391000000000000000e+03 2.856581221735642728e+01
5.392000000000000000e+03 1.961587314834109108e+01
5.393000000000000000e+03 2.866476099201601713e+01
5.394000000000000000e+03 2.659984948932918414e+01
5.395000000000000000e+03 2.635987549969390287e+01
5.396000000000000000e+03 1.487722540820795736e+01
5.397000000000000000e+03 2.555119365387460562e+01
5.398000000000000000e+03 3.235688164304265513e+01
5.399000000000000000e+03 3.271151668292075243e+01
5.400000000000000000e+03 1.527790815904833011e+01
5.401000000000000000e+03 2.279571525708515978e+01
5.402000000000000000e+03 2.692816913981487659e+01
5.403000000000000000e+03 2.711569050824913418e+01
5.404000000000000000e+03 2.946784277701187449e+01
5.405000000000000000e+03 3.137726477063348085e+01
5.406000000000000000e+03 1.678119456904197548e+01
5.407000000000000000e+03 2.110319835341982753e+01
5.408000000000000000e+03 2.671258893586006167e+01
5.409000000000000000e+03 2.302749608837870099e+01
5.410000000000000000e+03 2.000826335327833405e+01
5.411000000000000000e+03 2.588081223027596423e+01
5.412000000000000000e+03 2.469872228502079636e+01
5.413000000000000000e+03 2.208224543350643643e+01
5.414000000000000000e+03 1.754754414340877489e+01
5.415000000000000000e+03 2.822702295223811575e+01
5.416000000000000000e+03 1.894352604151135466e+01
5.417000000000000000e+03 2.284581205395804915e+01
5.418000000000000000e+03 2.693991210776055567e+01
5.419000000000000000e+03 1.271888039855497965e+01
5.420000000000000000e+03 2.414023442253086316e+01
5.421000000000000000e+03 1.250407300698921098e+01
5.422000000000000000e+03 2.833869434215645455e+01
5.423000000000000000e+03 2.149034569795703220e+01
5.424000000000000000e+03 1.905288748932350984e+01
5.425000000000000000e+03 1.886064597848206148e+01
5.426000000000000000e+03 2.678919446827418227e+01
5.427000000000000000e+03 2.104013726064640721e+01
5.428000000000000000e+03 2.648653907565849153e+01
5.429000000000000000e+03 2.441430569305237341e+01
5.430000000000000000e+03 2.229321149033239280e+01
5.431000000000000000e+03 1.652971681170093632e+01
5.432000000000000000e+03 2.600855419423709947e+01
5.433000000000000000e+03 2.295004734035914495e+01
5.434000000000000000e+03 2.649647991812183534e+01
5.435000000000000000e+03 1.093328304203095769e+01
5.436000000000000000e+03 2.937092788864694981e+01
5.437000000000000000e+03 2.704853278956944607e+01
5.438000000000000000e+03 2.511873996388063546e+01
5.439000000000000000e+03 1.741234750010547572e+01
5.440000000000000000e+03 1.597352472677792257e+01
5.441000000000000000e+03 1.567070965760818169e+01
5.442000000000000000e+03 1.978210406912066688e+01
5.443000000000000000e+03 2.315754574012965605e+01
5.444000000000000000e+03 1.675805686680956086e+01
5.445000000000000000e+03 1.574546419940315189e+01
5.446000000000000000e+03 1.201699340977601338e+01
5.447000000000000000e+03 1.872019031080642648e+01
5.448000000000000000e+03 3.180290717307570958e+01
5.449000000000000000e+03 2.321686130389693403e+01
5.450000000000000000e+03 1.968363965440989460e+01
5.451000000000000000e+03 1.814201044518977213e+01
5.452000000000000000e+03 3.058999517198368778e+01
5.453000000000000000e+03 2.509518696233626756e+01
5.454000000000000000e+03 1.177331011633697244e+01
5.455000000000000000e+03 2.711941190921808698e+01
5.456000000000000000e+03 2.233491060595452993e+01
5.457000000000000000e+03 2.039090185279404821e+01
5.458000000000000000e+03 2.395888099417210881e+01
5.459000000000000000e+03 2.119120073105486313e+01
5.460000000000000000e+03 1.942587339810991054e+01
5.461000000000000000e+03 2.134210723948617172e+01
5.462000000000000000e+03 1.758856005610799755e+01
5.463000000000000000e+03 2.606158161664774298e+01
5.464000000000000000e+03 1.704786053135527979e+01
5.465000000000000000e+03 2.117743697107936640e+01
5.466000000000000000e+03 3.228064408922843853e+01
5.467000000000000000e+03 2.464853005930670449e+01
5.468000000000000000e+03 1.689009549230872409e+01
5.469000000000000000e+03 1.784204669887123629e+01
5.470000000000000000e+03 2.288054032172059138e+01
5.471000000000000000e+03 1.332828146911319678e+01
5.472000000000000000e+03 1.378078490826413116e+01
5.473000000000000000e+03 1.785360916884127036e+01
5.474000000000000000e+03 1.908757855170863138e+01
5.475000000000000000e+03 8.076334248189059650e+00
5.476000000000000000e+03 7.943865845037089812e+00
5.477000000000000000e+03 1.552340977139920852e+01
5.478000000000000000e+03 2.249967929016241897e+01
5.479000000000000000e+03 2.674209049994469112e+01
5.480000000000000000e+03 9.187267306871817141e+00
5.481000000000000000e+03 2.615792723882052329e+01
5.482000000000000000e+03 2.173758137388333012e+01
5.483000000000000000e+03 1.543602050914923929e+01
5.484000000000000000e+03 1.821653385901204913e+01
5.485000000000000000e+03 3.055350917650527975e+01
5.486000000000000000e+03 2.938499859672598191e+01
5.487000000000000000e+03 2.716595963683823101e+01
5.488000000000000000e+03 2.342854954666347567e+01
5.489000000000000000e+03 2.638524865521609897e+01
5.490000000000000000e+03 2.305723949849688736e+01
5.491000000000000000e+03 1.770210361739132310e+01
5.492000000000000000e+03 1.932074910575744653e+01
5.493000000000000000e+03 2.265921482426467648e+01
5.494000000000000000e+03 3.104063426033149398e+01
5.495000000000000000e+03 2.897868181218881745e+01
5.496000000000000000e+03 2.331801713214013105e+01
5.497000000000000000e+03 2.559018979390136650e+01
5.498000000000000000e+03 2.484925398121175988e+01
5.499000000000000000e+03 2.528174146951041834e+01
