# 2D Density map on xz plane
1.201320606468375896e-04 1.668644612188669384e-04 1.952305913499241736e-04 1.938899733323646169e-04 1.876197474942139132e-04 1.820861265482276036e-04 1.879649095390509457e-04 2.011879096773365200e-04 2.007495430593222410e-04 2.009601279832730683e-04 2.135560700656520105e-04 2.122837083055267122e-04 1.967503476991987904e-04 1.851737140508075065e-04 1.792703679983748111e-04 1.840003568614111899e-04 1.977903624900986357e-04 2.125393969246984374e-04 2.170703687377532561e-04 2.187854127096385318e-04 2.314515527536809112e-04 2.263067970269117663e-04 1.960756228223043459e-04 1.892173573652768982e-04 2.171533782367923769e-04 2.295033549711313070e-04 2.064701750298129565e-04 1.947083264084454451e-04 2.010390039053851273e-04 2.054789193877552041e-04 2.025750574100995465e-04 1.973903476501612144e-04 1.958573271080719306e-04 1.986130115487884460e-04 2.153103692464946239e-04 2.365077377786240051e-04 2.320768577739687759e-04 2.119433104852255561e-04 2.047812925704145537e-04 2.058857968549906005e-04 2.124028011232126530e-04 2.112428358227355077e-04 2.076568401129230950e-04 1.981693796744016115e-04 1.896137372107693612e-04 2.048210453363945738e-04 2.204785508849168110e-04 2.137037403127591039e-04 1.981528398762827207e-04 1.832833907308016770e-04 1.783430475767503701e-04 1.828700836998717566e-04 1.966514027844443592e-04 2.022511931557149727e-04 2.042400935494716999e-04 2.334330203868921114e-04 2.569380368318585389e-04 2.410557165312220802e-04 2.253396041968552994e-04 2.190616725623193632e-04 2.171605591313088943e-04 2.245474354824729618e-04 2.151372621967020775e-04 2.056683322168436582e-04 2.148709428347723126e-04 2.130818975931870617e-04 2.108003507575635118e-04 2.250013640765211108e-04 2.303228720928840543e-04 2.184643222367628002e-04 2.061301340252808976e-04 2.127833478493437562e-04 2.145769952546306488e-04 2.017618633502707317e-04 1.929864927427938856e-04 1.882784716116500982e-04 2.041747001896034009e-04 2.319672609650553347e-04 2.270702018834075669e-04 2.061379938544992494e-04 2.161296680761763743e-04 2.350194536330184043e-04 2.291613592242763256e-04 2.092043872308878424e-04 1.990812838055418255e-04 2.063373542438626371e-04 2.136738061914414573e-04 2.131667497734592053e-04 2.101303778701411515e-04 2.114120380455680672e-04 2.099283436129569490e-04 2.100882349750328513e-04 2.273747141985110092e-04 2.497661551311702323e-04 2.498145672286284378e-04 2.345044844516336650e-04 2.271881179391223022e-04 2.045967483557139090e-04 1.569984500772286231e-04 1.037508442473895009e-04
1.634645346173215961e-04 2.263753233492414932e-04 2.685136522093593912e-04 2.672451855491878242e-04 2.603238027011452660e-04 2.527299842778644935e-04 2.490422903386492188e-04 2.596542274568204730e-04 2.684606329562012742e-04 2.691645334026604875e-04 2.740272907090443317e-04 2.753612676358245352e-04 2.685121853907248462e-04 2.601151246441331215e-04 2.566051882715200379e-04 2.638682893874161588e-04 2.684295357666142750e-04 2.717434576319916178e-04 2.827278306257797243e-04 2.938110732811162517e-04 2.938866045923440012e-04 2.781481269729313898e-04 2.549825901242087282e-04 2.557111901491932035e-04 2.895151110778555813e-04 3.052594265986664931e-04 2.803389947608629683e-04 2.657401957629746108e-04 2.667522784819379052e-04 2.661257160935841465e-04 2.639048738392838910e-04 2.605412697143868225e-04 2.642802886812447996e-04 2.716224212016932703e-04 2.785658695588903201e-04 2.913850647765157107e-04 2.927392127228439821e-04 2.748140154367519354e-04 2.635390041615749191e-04 2.606221023781331108e-04 2.682694946093315352e-04 2.707601546678263874e-04 2.682042730424732567e-04 2.620837872818095461e-04 2.552910438641731367e-04 2.716611383653419433e-04 2.838036924850080361e-04 2.741371178767754873e-04 2.648997031608144861e-04 2.559539104586475546e-04 2.506501677866389060e-04 2.536189581514747705e-04 2.696117981572635934e-04 2.773978095207040246e-04 2.716303341021153580e-04 2.905059408140701883e-04 3.104487258272834826e-04 2.996777382822526448e-04 2.967717647383869093e-04 2.988106536946745018e-04 2.960034215467467061e-04 2.995958662104021737e-04 2.838815025841724552e-04 2.609971911441947190e-04 2.598015903496141794e-04 2.667398170595683816e-04 2.798391617563413284e-04 2.968466137541010057e-04 2.949628209247053424e-04 2.820951861755481788e-04 2.692942234902536477e-04 2.685778469056557261e-04 2.708278082133787237e-04 2.653673827442240866e-04 2.640571226729828791e-04 2.644989885905901957e-04 2.783047617386396645e-04 3.010329653879175154e-04 2.963199045420413869e-04 2.762317902677672329e-04 2.781579662269557723e-04 2.889154236128106223e-04 2.873807019771819522e-04 2.772997222066345591e-04 2.727208973242658944e-04 2.786437901013080233e-04 2.816260777151132519e-04 2.746366737209600742e-04 2.692268106929078921e-04 2.767651101131842471e-04 2.807605755597767207e-04 2.787999106844226598e-04 2.890065226421430688e-04 3.072112187182370405e-04 3.034486992892208748e-04 2.853140494883326479e-04 2.735855965392548056e-04 2.498891505409915571e-04 1.976793539489740009e-04 1.288646009160641058e-04
1.947824068817891453e-04 2.642530934346835393e-04 3.120128889431630784e-04 3.133416413933930080e-04 3.181962765513727588e-04 3.194176071956133503e-04 3.053665181010094178e-04 3.036744956659834975e-04 3.137903908700029115e-04 3.171826390032143287e-04 3.175379462722179242e-04 3.198769337704726991e-04 3.124707624776754209e-04 3.025529128957100749e-04 3.021823350430245889e-04 3.139760492598666838e-04 3.145463262323916530e-04 3.077696104074740787e-04 3.183417311474720816e-04 3.333733136699305595e-04 3.295265128458777599e-04 3.179366966853948125e-04 3.073515312692974132e-04 3.090758394700249788e-04 3.373070770125712482e-04 3.528949712494563757e-04 3.297995337975900918e-04 3.155589955611448789e-04 3.181183435830988674e-04 3.149831602019587573e-04 3.106834568767144868e-04 3.104659303393633848e-04 3.210879753181841907e-04 3.338279450946543114e-04 3.248014778772500286e-04 3.201391244778107551e-04 3.320393955219275032e-04 3.348520246002475781e-04 3.249869763741631418e-04 3.103497664479456034e-04 3.136524591585326317e-04 3.216041172809820377e-04 3.212354198354110211e-04 3.164798158751085111e-04 3.083591553031538209e-04 3.161527517553718654e-04 3.164805803573603193e-04 3.129183360128830194e-04 3.260190122916161674e-04 3.352356427329754827e-04 3.290786837898611143e-04 3.208391830761905014e-04 3.334163870510197685e-04 3.447923819574098348e-04 3.329537357600706893e-04 3.302265968288171406e-04 3.309723076642359001e-04 3.167562401219677342e-04 3.199464425109465487e-04 3.349360259951129968e-04 3.412340834786823469e-04 3.444678500416903507e-04 3.282216444846104957e-04 3.037301607582131588e-04 2.979039792935733949e-04 3.081979214133700453e-04 3.269812096023238927e-04 3.439911627575705302e-04 3.376528910027422076e-04 3.244195353266882500e-04 3.119079140993186389e-04 3.100206717311494806e-04 3.197190509062095248e-04 3.250512727063450025e-04 3.312165466452380354e-04 3.367264007910650780e-04 3.427104538449772010e-04 3.458092635532562407e-04 3.367610586848245611e-04 3.161538082375440106e-04 3.083600056874517392e-04 3.202626866194704588e-04 3.357236851162344804e-04 3.366859854556064732e-04 3.274822205609925177e-04 3.234116635447524665e-04 3.237813050957340320e-04 3.124823957392202506e-04 2.992274616713930637e-04 3.111357514356251309e-04 3.273277578482979293e-04 3.310106839576666161e-04 3.303835631436040257e-04 3.292769125553004594e-04 3.204642620489086277e-04 3.149839617836146266e-04 3.159667453640345350e-04 2.963622127698393918e-04 2.362576876783134344e-04 1.543464917691008396e-04
2.010282435685218380e-04 2.662760543565295549e-04 3.092112280024600021e-04 3.160162280113488608e-04 3.416773704669749971e-04 3.616203295771840630e-04 3.400211708443022767e-04 3.207312772405579199e-04 3.278686350770787473e-04 3.378124623399946826e-04 3.393885678472687560e-04 3.358117317205082820e-04 3.229497855085111018e-04 3.171009102247879133e-04 3.227865354024121117e-04 3.368094038721300009e-04 3.373275998157912242e-04 3.233045843406593626e-04 3.144065466943722111e-04 3.124766652500522105e-04 3.184663659249952167e-04 3.290011316642413482e-04 3.243864278385016810e-04 3.174643739108201071e-04 3.321418816867795112e-04 3.483859099024382185e-04 3.360417451423691705e-04 3.242621276751644606e-04 3.321554129895416471e-04 3.335770695432936986e-04 3.287817403611651649e-04 3.334342378640311176e-04 3.477651720716118302e-04 3.600925351905857040e-04 3.375747902315692989e-04 3.126972591808769740e-04 3.261518173255173263e-04 3.476107125241428104e-04 3.451474918582215449e-04 3.318222351514805990e-04 3.359232356430049077e-04 3.454306987473694046e-04 3.455020554521504939e-04 3.391326805639520003e-04 3.253579397108521780e-04 3.205743071276326902e-04 3.167308889604182826e-04 3.282153297812298587e-04 3.552471231237820529e-04 3.652794852946155660e-04 3.520391239148213378e-04 3.365448615336682266e-04 3.431578801545848156e-04 3.602014207140471396e-04 3.570538270267547762e-04 3.414334790648603543e-04 3.244262682178760239e-04 3.059284977385952017e-04 3.054534485849025316e-04 3.272289569956370785e-04 3.486217880648461494e-04 3.538514065335817251e-04 3.328838372743990275e-04 3.147781845348544523e-04 3.163652526936858926e-04 3.289539914836986292e-04 3.460507097345647204e-04 3.551558539164287884e-04 3.449776519654814940e-04 3.350080260201683622e-04 3.286637356028337259e-04 3.308256371323637182e-04 3.408805700088900800e-04 3.449183563655448684e-04 3.497285607315385632e-04 3.528818305710685038e-04 3.503788052645185171e-04 3.448013820102023824e-04 3.383866166040178807e-04 3.213500121355772430e-04 3.119805102680683635e-04 3.246192591252126643e-04 3.462333947212247170e-04 3.569461873464658359e-04 3.514200359932111986e-04 3.371181373977753608e-04 3.297522703673693855e-04 3.133182254698995165e-04 2.967526860571393288e-04 3.091462144926465693e-04 3.383575011947512418e-04 3.568704135759009194e-04 3.482055196692690198e-04 3.212899149393542530e-04 3.098702411560194832e-04 3.266000216586886469e-04 3.456314819358965703e-04 3.282938658557552677e-04 2.557338646737821863e-04 1.618532483163668959e-04
2.121874692801566922e-04 2.698069886768916965e-04 3.023184397808765253e-04 3.093920448017444761e-04 3.415534689358020013e-04 3.687471444961966903e-04 3.488444837306373158e-04 3.214440329357345374e-04 3.257636373078251837e-04 3.403678508361473619e-04 3.437708796342481689e-04 3.361416982300995311e-04 3.253888687522409583e-04 3.305265876780846758e-04 3.435159311245750873e-04 3.608332166585467545e-04 3.650564446129440054e-04 3.441246108710621903e-04 3.138903967398250661e-04 2.932987912841190621e-04 3.035184036686536420e-04 3.297888955683489932e-04 3.313881594364627360e-04 3.216947428527807806e-04 3.238340750654984711e-04 3.341659868029786149e-04 3.326516676321266091e-04 3.261576603432456752e-04 3.335796696302455394e-04 3.365581843895528195e-04 3.309813485906799163e-04 3.401126439667133405e-04 3.564096419848352152e-04 3.633149304836443428e-04 3.387010108593978080e-04 3.072210450681937431e-04 3.145629903982441033e-04 3.361243551981304934e-04 3.380546080983173733e-04 3.344927316791517641e-04 3.471196517785327378e-04 3.594769151911278091e-04 3.547998482040606340e-04 3.412776828678666012e-04 3.269679491957167656e-04 3.231975259002752075e-04 3.272884703509670108e-04 3.429967993275824566e-04 3.574611572664666121e-04 3.482758717084710265e-04 3.322194435453656091e-04 3.269178801246386702e-04 3.321324565386066263e-04 3.443044826775127883e-04 3.480842236021771622e-04 3.384302534732325533e-04 3.229687822120172469e-04 3.043828076298317324e-04 3.008875387391564838e-04 3.248555238528276316e-04 3.504354916016482390e-04 3.518718600223091388e-04 3.275091755198010837e-04 3.146202752426282157e-04 3.193526419648907121e-04 3.280868963325952797e-04 3.390397941798104203e-04 3.407116900184173477e-04 3.339570023798862876e-04 3.345169123983388819e-04 3.406930831772290872e-04 3.467063216586912296e-04 3.450197023493511614e-04 3.360348276070418460e-04 3.336395593299746384e-04 3.277846330014110715e-04 3.164166762429934340e-04 3.236351024023007917e-04 3.332080909889097511e-04 3.254933930908447551e-04 3.219426799252673760e-04 3.283956823965841071e-04 3.360853942277264371e-04 3.435630312487820623e-04 3.488024460533019322e-04 3.365155122936566191e-04 3.296950890956618042e-04 3.241973873840993262e-04 3.152035323768192349e-04 3.170462418588777874e-04 3.413731116485906676e-04 3.623526046608896390e-04 3.432001418617185466e-04 3.043245674789725810e-04 3.020134025376983882e-04 3.345501157321736549e-04 3.575325608509140286e-04 3.354480760846051055e-04 2.551438292232963037e-04 1.580766619280380932e-04
2.236536063853066404e-04 2.824244945523534745e-04 3.089651494940144107e-04 3.089064940267528423e-04 3.268209681499549719e-04 3.447371057128912567e-04 3.381972665643480564e-04 3.187404429481874345e-04 3.179789009905119182e-04 3.311122002803229764e-04 3.357626662432476659e-04 3.282172407310927800e-04 3.185731530307662823e-04 3.258486578528072778e-04 3.375236724989602198e-04 3.516798822503851936e-04 3.588396895892529532e-04 3.466886433504487051e-04 3.235768255299076778e-04 3.032668191995122682e-04 3.092386119193773477e-04 3.357170652716045525e-04 3.423189081699498171e-04 3.364961915535553917e-04 3.321704940138184726e-04 3.316733826915495048e-04 3.305874084096549156e-04 3.276027689465566819e-04 3.354790104039881817e-04 3.378240807946414001e-04 3.286905054199319525e-04 3.293852949591491918e-04 3.389219767970035827e-04 3.478537472164761578e-04 3.404681941748446267e-04 3.218036213440026794e-04 3.225212362480153836e-04 3.277078271539749779e-04 3.261994705231178624e-04 3.281021679520758957e-04 3.443981343910407678e-04 3.588386019171351622e-04 3.512497810858614469e-04 3.326702430114552222e-04 3.221541618913812202e-04 3.280976539646488313e-04 3.392094613206565724e-04 3.467848391169234528e-04 3.444306793808615255e-04 3.286211077198039664e-04 3.182248685262247705e-04 3.190048273056274438e-04 3.251263842717577149e-04 3.325055911137215310e-04 3.343263156869413473e-04 3.336056253636825522e-04 3.319757263579966775e-04 3.190806833528387395e-04 3.089096079292125651e-04 3.240626764929065216e-04 3.450364668181927249e-04 3.459595588419135670e-04 3.315065520355183382e-04 3.261506910191928617e-04 3.251521256077546593e-04 3.245812355709527743e-04 3.236600218233980433e-04 3.149569674365453953e-04 3.135393388068474264e-04 3.291917468330896740e-04 3.426162752141919451e-04 3.459230188130906674e-04 3.364550457463024065e-04 3.261268936806059051e-04 3.246960021236417263e-04 3.151880678806401196e-04 3.027181023601141431e-04 3.189513576111933598e-04 3.326626049103090796e-04 3.298946022197783408e-04 3.305369109835075772e-04 3.317644125091199787e-04 3.293821884675622743e-04 3.322194833982355282e-04 3.391885739176986629e-04 3.307514085497997901e-04 3.313930172419332805e-04 3.427834214456858459e-04 3.443938858957772218e-04 3.354935356379389185e-04 3.389193377409094841e-04 3.461405639015423122e-04 3.284152132788973970e-04 3.027352357302101398e-04 3.113141189199147493e-04 3.419411026718142585e-04 3.542346427980655726e-04 3.221430919554171802e-04 2.425116923775689028e-04 1.536455208643281464e-04
2.164386459296088218e-04 2.892973984131256161e-04 3.245883805906932956e-04 3.217457600804607193e-04 3.239198490098528591e-04 3.328430670285378694e-04 3.356590581165007402e-04 3.242894166146827596e-04 3.264879136298456941e-04 3.400221081301100547e-04 3.394004721916502650e-04 3.248742013895746742e-04 3.132223049001946549e-04 3.158765505399251539e-04 3.175586027962884277e-04 3.259055111989922395e-04 3.378157001915203686e-04 3.394843546379483251e-04 3.333921452127092165e-04 3.218879430136394829e-04 3.227295789163850512e-04 3.433682398928293794e-04 3.490259927154058502e-04 3.435956045154291215e-04 3.400986786036946626e-04 3.380342816212818192e-04 3.343707722155018418e-04 3.320381246318098584e-04 3.435563956215786983e-04 3.487384990152426686e-04 3.363661383214776421e-04 3.176688027374675437e-04 3.124869431970520397e-04 3.238949374472123314e-04 3.334169693466011502e-04 3.353523404971836411e-04 3.381737749444952280e-04 3.308749746124060691e-04 3.274669658085207222e-04 3.294042898951898227e-04 3.333974462399512742e-04 3.384101773646892137e-04 3.359942544057433205e-04 3.281083871449316965e-04 3.253771766711159542e-04 3.335139186766716444e-04 3.405139076607490486e-04 3.369030840175678016e-04 3.295135192738997323e-04 3.244649598531751888e-04 3.217492651453775763e-04 3.217770809822985368e-04 3.271265814163414618e-04 3.385690287578249419e-04 3.454265580121396108e-04 3.473988495586532543e-04 3.495289037457374173e-04 3.358528652568070491e-04 3.072691264681696923e-04 3.070207912062093529e-04 3.327872399203594825e-04 3.440092118109776579e-04 3.416211437113215034e-04 3.379765642412046805e-04 3.341560317714878424e-04 3.342721030650131625e-04 3.284446538536760652e-04 3.180411667750596095e-04 3.217802501808031293e-04 3.377615971886466315e-04 3.419183552839319146e-04 3.405382299995556809e-04 3.322907073127571976e-04 3.233859795335887704e-04 3.241011120821056198e-04 3.219860803007245829e-04 3.193626628743682526e-04 3.341768280301218386e-04 3.435141756069165454e-04 3.424958839785332827e-04 3.389939643393454632e-04 3.338164260094816146e-04 3.310668308882021315e-04 3.376884364318956649e-04 3.377521421789736467e-04 3.250704501789704933e-04 3.240127990170493973e-04 3.396223313222843142e-04 3.493692390120890735e-04 3.412741734339706616e-04 3.311438343375060905e-04 3.291684001973868567e-04 3.243976752707434879e-04 3.145320945809947999e-04 3.257613033435018341e-04 3.476906946951719389e-04 3.468407246095763950e-04 3.064329846497836204e-04 2.259997565242095451e-04 1.423645854793208351e-04
2.131207418869408973e-04 2.881347137017039131e-04 3.328947239338064844e-04 3.366683844019138739e-04 3.324277595105693396e-04 3.307135393318179784e-04 3.331910239313440368e-04 3.314837090553548874e-04 3.422957815852058997e-04 3.571034823104035291e-04 3.557774888770021864e-04 3.405368687113382231e-04 3.272673331334910712e-04 3.211805044150675605e-04 3.166794425267468495e-04 3.274558851995133411e-04 3.420682932472065250e-04 3.480270996966906209e-04 3.512513095725175926e-04 3.422991466507873358e-04 3.308554407596012506e-04 3.394183980772472404e-04 3.467092175801795174e-04 3.431156926406979542e-04 3.399613107296593491e-04 3.352334583637341147e-04 3.272045407885832867e-04 3.302789515268716568e-04 3.484956899991050426e-04 3.557204404198526220e-04 3.392350356944477370e-04 3.152017935649459941e-04 3.149974104750584772e-04 3.274319292487972571e-04 3.282294070584859625e-04 3.291873617624975533e-04 3.379170387947697213e-04 3.366892653599068332e-04 3.363228506978025757e-04 3.354231061777060083e-04 3.288479404018465136e-04 3.270733461518306054e-04 3.312902930542339095e-04 3.372474313541337729e-04 3.412568840946760083e-04 3.412004200271778059e-04 3.398111520404394591e-04 3.396062053404443016e-04 3.395561925291095979e-04 3.371804561855727364e-04 3.320326007527147814e-04 3.294949865126276098e-04 3.318264658023385044e-04 3.414980778472871312e-04 3.506239539257548958e-04 3.551156931592930159e-04 3.569062295982193848e-04 3.407841007341537746e-04 3.043808987208572112e-04 3.033327281553601339e-04 3.347328579383401282e-04 3.503855290064556522e-04 3.531873604013339714e-04 3.471144407481657583e-04 3.414286293651757091e-04 3.409664228383288594e-04 3.373342375771070821e-04 3.381730977554894563e-04 3.452191917098719519e-04 3.479542790269584763e-04 3.415907008470439881e-04 3.375488232568601044e-04 3.345825357241653765e-04 3.275732027332482689e-04 3.235971416875904920e-04 3.253532338529007079e-04 3.321046472313502786e-04 3.467319366964435792e-04 3.600159137070015405e-04 3.570398619435636916e-04 3.393852605708093319e-04 3.289481606721336064e-04 3.278985233014012051e-04 3.310805484080200402e-04 3.238958821003952112e-04 3.133243175355674174e-04 3.120753584398747692e-04 3.229716759027551195e-04 3.304900829981836452e-04 3.251148416632733558e-04 3.195005409711156822e-04 3.239006611938747833e-04 3.269084230022073663e-04 3.203294324599523452e-04 3.316553363032158342e-04 3.489841772992672729e-04 3.422117002819037882e-04 3.063680108454563196e-04 2.308485322659658092e-04 1.480807968049009009e-04
2.236617048179487407e-04 2.798868348728997322e-04 3.190294144302281698e-04 3.300229201225993343e-04 3.287201030329374983e-04 3.217888728036667864e-04 3.238008555819571260e-04 3.308949634943299809e-04 3.404007478744026319e-04 3.509754607005559444e-04 3.582991735242640422e-04 3.538671909113976443e-04 3.408526861857440714e-04 3.260746637795223233e-04 3.231345048686225891e-04 3.429972077947649519e-04 3.561154411110925328e-04 3.567824765698287257e-04 3.595126713692219176e-04 3.492781990744071993e-04 3.299803838794229411e-04 3.319898338953125930e-04 3.446921449644993474e-04 3.461786827080800015e-04 3.432752532830062042e-04 3.312291874183281946e-04 3.150975168876983556e-04 3.211038245953987363e-04 3.440728213611110239e-04 3.522807478349333646e-04 3.353461774234876153e-04 3.212123818787412759e-04 3.350558461309424479e-04 3.464016249626328931e-04 3.329278352811378822e-04 3.221694676386981896e-04 3.340057766700760288e-04 3.417650543833620764e-04 3.375575852432934369e-04 3.318639365408756169e-04 3.297673813157753035e-04 3.327146667402187128e-04 3.310500133595103804e-04 3.335406613837903537e-04 3.402810705812478811e-04 3.329574359906228810e-04 3.271965941767782842e-04 3.371402050359681175e-04 3.460629396088286307e-04 3.456435520039046871e-04 3.408956317071851184e-04 3.344803930669999108e-04 3.320010375140245015e-04 3.283497102167250810e-04 3.276237854036519767e-04 3.368758011975971339e-04 3.449401920910590566e-04 3.405744509199447843e-04 3.243014339033193456e-04 3.306848355955739963e-04 3.502584292534888667e-04 3.585339120139843707e-04 3.578358819553743787e-04 3.467722760249225566e-04 3.391826227664984650e-04 3.393337234201427308e-04 3.456578001471707169e-04 3.572833018536945068e-04 3.590261385598721004e-04 3.477746788784347718e-04 3.379566208326408722e-04 3.340553911981879241e-04 3.340133530860701222e-04 3.271811903971360560e-04 3.158613675768497803e-04 3.164066304931690459e-04 3.294777170419265432e-04 3.485734862926803570e-04 3.652670462955030870e-04 3.551486656470451966e-04 3.272490829736317058e-04 3.167730336764644061e-04 3.190755003181113122e-04 3.193494655675933967e-04 3.150442519568655286e-04 3.154395862957291288e-04 3.166211448419025808e-04 3.205520461139350344e-04 3.240995873019616221e-04 3.188240208252314544e-04 3.200258934318235722e-04 3.337004374208952747e-04 3.376897464449667759e-04 3.233338412645796211e-04 3.286807915719206180e-04 3.435961872971392186e-04 3.394709941875492624e-04 3.133676245398716925e-04 2.478203670843314062e-04 1.689693010324638367e-04
2.163043643068556323e-04 2.584487146183870243e-04 2.938632153199538175e-04 3.159839091040384006e-04 3.285080424971075375e-04 3.291606625225012694e-04 3.368043270393892858e-04 3.439560231344392137e-04 3.337156855911291688e-04 3.279410947410832475e-04 3.428543700461393682e-04 3.506934327471242794e-04 3.411504646617541945e-04 3.277888233018663245e-04 3.297700508556208302e-04 3.476626936755701025e-04 3.487949455315610689e-04 3.426871362634876291e-04 3.448395166994382773e-04 3.365531787370368505e-04 3.228287522483905790e-04 3.214761876556179428e-04 3.269250739744859247e-04 3.364664272173707466e-04 3.432456949865750687e-04 3.304946205184586348e-04 3.183534147021595002e-04 3.274923608559489373e-04 3.454276944750358938e-04 3.543913831862216470e-04 3.502546414671998173e-04 3.468388811669223352e-04 3.500320349835816906e-04 3.426083105063856284e-04 3.283167186851447539e-04 3.193557169996729663e-04 3.327326355338898088e-04 3.469404365113210758e-04 3.359775152852114170e-04 3.233352686460140785e-04 3.308989558439034734e-04 3.442279118512408457e-04 3.348144174116675777e-04 3.209151769504751191e-04 3.236238355335909790e-04 3.203233771466339804e-04 3.211175321443632920e-04 3.327140820852825948e-04 3.377173082223318998e-04 3.357215594816829671e-04 3.350450178218158156e-04 3.317151944655703875e-04 3.262211211078415484e-04 3.170530368837321542e-04 3.177263355799607924e-04 3.296867588171070642e-04 3.366490799157623843e-04 3.438045084366032206e-04 3.477524161240330182e-04 3.506607244159900107e-04 3.495090070582356867e-04 3.528422697419756845e-04 3.513078335730546869e-04 3.319950516458430607e-04 3.213134311111161441e-04 3.264510418065414733e-04 3.429145202284352443e-04 3.618878288025921216e-04 3.603967853035589669e-04 3.469816455528024614e-04 3.408214862246025136e-04 3.367217699090819128e-04 3.341080826567086872e-04 3.262366764144222341e-04 3.140470438622996671e-04 3.135606526879209082e-04 3.223961279640316993e-04 3.357255571050910513e-04 3.452134669734731038e-04 3.315406768061777932e-04 3.113461136558049250e-04 3.118130446374161365e-04 3.220505924320081221e-04 3.250742154476597787e-04 3.249152296610623050e-04 3.266739333255584752e-04 3.236684215533392655e-04 3.261111969348268668e-04 3.382880503243243086e-04 3.359775485204549131e-04 3.309262893185313677e-04 3.407648226741084342e-04 3.449550834273083896e-04 3.314301040434368059e-04 3.306930388656636847e-04 3.366475423036143725e-04 3.342408158617400085e-04 3.130009823430498594e-04 2.506221263271541820e-04 1.741884281452517618e-04
1.988760580742877134e-04 2.491256756046670434e-04 2.895623580017935646e-04 3.134943413326200909e-04 3.328278596386918852e-04 3.402435796979622691e-04 3.509501604138604101e-04 3.533118583191517887e-04 3.274174356262244236e-04 3.093140729994697910e-04 3.294087998323265648e-04 3.504861775387381104e-04 3.450157229443716334e-04 3.309792964833239114e-04 3.279799856365584257e-04 3.299094308909192742e-04 3.225520018096092499e-04 3.224140463892445846e-04 3.248932453391202568e-04 3.173156775578167988e-04 3.169983899207676334e-04 3.168392549730135888e-04 3.143148157980231558e-04 3.289050254459659683e-04 3.462272566749234528e-04 3.412811347667390289e-04 3.370521079383016999e-04 3.434603821607701193e-04 3.471704901559941872e-04 3.546683328675011813e-04 3.639769735213669406e-04 3.635287314498472037e-04 3.513267420036222857e-04 3.280967712870288167e-04 3.217723608829555805e-04 3.239518836055200264e-04 3.359193657513904444e-04 3.503388989244914358e-04 3.387636336178610416e-04 3.282772038092096091e-04 3.381850766443342867e-04 3.441971716665629885e-04 3.291734935419305102e-04 3.160515912280565569e-04 3.242296917613507728e-04 3.322243457809190845e-04 3.391179920296233776e-04 3.431840535433462562e-04 3.433032273891644531e-04 3.337790199232478156e-04 3.280581560715754722e-04 3.323130855671364262e-04 3.310769268667123136e-04 3.255261030419582939e-04 3.320213433170259021e-04 3.386753257419193109e-04 3.332018597523956705e-04 3.364885500948078343e-04 3.410965646108205418e-04 3.369371541289199572e-04 3.279928226177570476e-04 3.339842445613753347e-04 3.388654165005173320e-04 3.210370482977118953e-04 3.136150647592150786e-04 3.180462603953319216e-04 3.249404880314819962e-04 3.347687510031928382e-04 3.366713732278150571e-04 3.412409539386371542e-04 3.449005811804773140e-04 3.342819859643656735e-04 3.268908011515641795e-04 3.226019829064507259e-04 3.157720436300888792e-04 3.186789945212891882e-04 3.267863701973905627e-04 3.350540462317651551e-04 3.314243373603966477e-04 3.104333010822302066e-04 2.992818263379084555e-04 3.185234612206614075e-04 3.409000911246650974e-04 3.387627859674869962e-04 3.306514922790737359e-04 3.292894978054795884e-04 3.285366391864506623e-04 3.359780098666352468e-04 3.558012290335005974e-04 3.546488785960316996e-04 3.377814520955378695e-04 3.349404923883566383e-04 3.332327979055724892e-04 3.287511801778082851e-04 3.314911051497348949e-04 3.280458009359631219e-04 3.259209082808451176e-04 3.077153637635210047e-04 2.430550932345965261e-04 1.646844517226115842e-04
2.095625337042443157e-04 2.746723146234767961e-04 3.202568140330827942e-04 3.287253173969573302e-04 3.334541907150565497e-04 3.377481526389595427e-04 3.447435355195409322e-04 3.462923999419117256e-04 3.287766434618938187e-04 3.143957013057182247e-04 3.322401394369689466e-04 3.636854135811954259e-04 3.629112842695122218e-04 3.365657419984025402e-04 3.200876913469217003e-04 3.209922921597115498e-04 3.246498142724631923e-04 3.220833602645964476e-04 3.110098591359618117e-04 3.096787802522292261e-04 3.260042756113815544e-04 3.291211873203038355e-04 3.226727280425823602e-04 3.261895869153333405e-04 3.385843836674034667e-04 3.393231731630393989e-04 3.341298611415559165e-04 3.364964143063574895e-04 3.378952238534994879e-04 3.487842004757286149e-04 3.606574306772070181e-04 3.534480259610956539e-04 3.369193766795593745e-04 3.180695422464161512e-04 3.170050488056433153e-04 3.211298636000532529e-04 3.260038601458221377e-04 3.395379045038573367e-04 3.378012680303406931e-04 3.328398837344969069e-04 3.376856244325423520e-04 3.304421361374701308e-04 3.177078672957189928e-04 3.247684172124789929e-04 3.462498709045379102e-04 3.570303016340632555e-04 3.552810244206506575e-04 3.475567395362087514e-04 3.500977593997886637e-04 3.416037961695747691e-04 3.306347420698614028e-04 3.404253357027441345e-04 3.468720421039186270e-04 3.421073999701171623e-04 3.493675661981701132e-04 3.529723711413105093e-04 3.351969168961097716e-04 3.284525698719262515e-04 3.300902480124740077e-04 3.252382936847073502e-04 3.182715608579515148e-04 3.235129368360819928e-04 3.300267280664202774e-04 3.256703180055250339e-04 3.274024989148120995e-04 3.263625818315498621e-04 3.194770639010088105e-04 3.138515289754882772e-04 3.157061189712855303e-04 3.344017845780732036e-04 3.457468336026571368e-04 3.356417993622496992e-04 3.301630358864712745e-04 3.304629284700216318e-04 3.226310417120512204e-04 3.238572187730530448e-04 3.359228411135176486e-04 3.439751434906497540e-04 3.332016715261829510e-04 3.152832545709188935e-04 3.115762352067494084e-04 3.336108517588709261e-04 3.552444059004304568e-04 3.415719206324008663e-04 3.249563362772833600e-04 3.316624353581521813e-04 3.389596463858448108e-04 3.405264154526758003e-04 3.515308127599576062e-04 3.525708190905529459e-04 3.395909949007460088e-04 3.313596650373144803e-04 3.204045081771520961e-04 3.162302295011189821e-04 3.231390203692286671e-04 3.226920033686774816e-04 3.267240950564816995e-04 3.066868438828202555e-04 2.355859143601138437e-04 1.550477325332111811e-04
2.286682990999741312e-04 2.922113215119378528e-04 3.414175460922098102e-04 3.444395866656571213e-04 3.330840901819908197e-04 3.245514025799428690e-04 3.255481879315612575e-04 3.368508280396239848e-04 3.417503170019891515e-04 3.380571641577868706e-04 3.407494974673117016e-04 3.598902017202036631e-04 3.588626460717456298e-04 3.334887042789911943e-04 3.231520518025610459e-04 3.380310246196832754e-04 3.448218711259422526e-04 3.222759897915105395e-04 3.007235217448104691e-04 3.164350009158156023e-04 3.466051952595180737e-04 3.507885136237029662e-04 3.370001144453242626e-04 3.217377452950898574e-04 3.169102378250154319e-04 3.162467401770542585e-04 3.143234106655980230e-04 3.237268734454718032e-04 3.323205338150452166e-04 3.441989756641601812e-04 3.524578391396586147e-04 3.331065954532005328e-04 3.111798750692859909e-04 3.009945380885476352e-04 3.035108047160904750e-04 3.102668142366793967e-04 3.139759983484275568e-04 3.295569674746958973e-04 3.347770111653466116e-04 3.254105466399132831e-04 3.257991215831901191e-04 3.242146563341313271e-04 3.218294262689656935e-04 3.372680702569265756e-04 3.560650498301346748e-04 3.575031023117557563e-04 3.512190723430086989e-04 3.428613896797769677e-04 3.399110230639778435e-04 3.340324219748711182e-04 3.277383797736124586e-04 3.424149959916242226e-04 3.525085643114173311e-04 3.425793878758137440e-04 3.521336945533508388e-04 3.648472333051787364e-04 3.469167695820498439e-04 3.353651998323806897e-04 3.372515907940153808e-04 3.329348554390853523e-04 3.252447426625760000e-04 3.230489678625459013e-04 3.269380581037888492e-04 3.342716696135155947e-04 3.379187165841173335e-04 3.391062814687190890e-04 3.366005679927484254e-04 3.217435838087822275e-04 3.105497680542213760e-04 3.210757897906002002e-04 3.348918262977111648e-04 3.377176535181075417e-04 3.434405476482626542e-04 3.509703730263339250e-04 3.396189217440684143e-04 3.295465814741784915e-04 3.332115152708748284e-04 3.398938843203727547e-04 3.385944107694249892e-04 3.386474790919394859e-04 3.421652901190464771e-04 3.522446665309957991e-04 3.652799637935452270e-04 3.439654648897446515e-04 3.196602593659062875e-04 3.336483846840516227e-04 3.425067996319113755e-04 3.271283024873864191e-04 3.275133630029439811e-04 3.416836324678382622e-04 3.455937702048319290e-04 3.394858558379654310e-04 3.256688091527426250e-04 3.162537878377883979e-04 3.204394150163752150e-04 3.282465888399300775e-04 3.409636871166669037e-04 3.180975100288845102e-04 2.385520014228243173e-04 1.511972072062105188e-04
2.250589301544317616e-04 2.750598539834541801e-04 3.235717949968431326e-04 3.344334063481005956e-04 3.203783430619371628e-04 3.040601975990924561e-04 3.070981089542184836e-04 3.333024212201220974e-04 3.490795801108931024e-04 3.465903913890926039e-04 3.394302447907397561e-04 3.400707692506878222e-04 3.334456984753859585e-04 3.233170605065292520e-04 3.298519229965923881e-04 3.503449309165794913e-04 3.509988532702180888e-04 3.247640490456081335e-04 3.116193995638547260e-04 3.337800129107928700e-04 3.622438799493711754e-04 3.643111474126871753e-04 3.427233514656066911e-04 3.220791409120513050e-04 3.111089159850874116e-04 3.110201848779109001e-04 3.173286389990541585e-04 3.342297677155846953e-04 3.424198837670757454e-04 3.465220571113284027e-04 3.526745582680117664e-04 3.339709259150916714e-04 3.123599370338510741e-04 3.041540554301782988e-04 3.058202932732884626e-04 3.139531522651590936e-04 3.172617985041416028e-04 3.271639449302523152e-04 3.275893748158399156e-04 3.171042965706733115e-04 3.242465441734611060e-04 3.373305622657612373e-04 3.366848206976751469e-04 3.383837440374158688e-04 3.401348986671884822e-04 3.338167924516835549e-04 3.415341970878104814e-04 3.447514516701762695e-04 3.282577764563672854e-04 3.215609752803921762e-04 3.265657055731419197e-04 3.403039928159682964e-04 3.481853593681590248e-04 3.348649055165918691e-04 3.427614995486449293e-04 3.614772260576417035e-04 3.514186860896114902e-04 3.396516275151717740e-04 3.429885644535619785e-04 3.408237304643747237e-04 3.334710386412104090e-04 3.264070811063542383e-04 3.263912099984185968e-04 3.358954744386148140e-04 3.392090231380556374e-04 3.484039103803952602e-04 3.553602453732561503e-04 3.342788542110321226e-04 3.107612824460784630e-04 3.111707668138031461e-04 3.209033528784525739e-04 3.291370040294361440e-04 3.445942419022070746e-04 3.605356181756449942e-04 3.508143375945586102e-04 3.335733723480654523e-04 3.283182379176452438e-04 3.366966478342215329e-04 3.489203955817749242e-04 3.593314494531205604e-04 3.621185699968426175e-04 3.624492970203520921e-04 3.705381378281811687e-04 3.498844465470243598e-04 3.208370217593969963e-04 3.311369157512501077e-04 3.373160994068285200e-04 3.171864531219687746e-04 3.115046923922573977e-04 3.266279425826997874e-04 3.417997849977707776e-04 3.476659646261939579e-04 3.373090908084846930e-04 3.241978356188101218e-04 3.265261789080255985e-04 3.342931918178416594e-04 3.453694475340595002e-04 3.281000107317876978e-04 2.512084721676524678e-04 1.591096980777220358e-04
2.089153411768693638e-04 2.580017880955899796e-04 3.054720818809442909e-04 3.191364248799329149e-04 3.121466559089511382e-04 3.044610093300233102e-04 3.151486494227476870e-04 3.383899252387951142e-04 3.391853116169580261e-04 3.299695751519240777e-04 3.311974874633774775e-04 3.327766574786209311e-04 3.194908238604566002e-04 3.117621712380731335e-04 3.253423883275728462e-04 3.457843473127459135e-04 3.470280603271753148e-04 3.320679607140624660e-04 3.265184170161599731e-04 3.431846072321749833e-04 3.632700588856642042e-04 3.559608591968063673e-04 3.262989600044784036e-04 3.141856086187615367e-04 3.203751723875474552e-04 3.302924623515866376e-04 3.390570955609502422e-04 3.503837653070109156e-04 3.510514107228638247e-04 3.484680058150819212e-04 3.551962703273977878e-04 3.543294504310458845e-04 3.463480858720215279e-04 3.380667773359736237e-04 3.318892966247821708e-04 3.286894997594297591e-04 3.270531669683708793e-04 3.304970138106108212e-04 3.240254136398591561e-04 3.155634697667945160e-04 3.271762101966413827e-04 3.465139906398557448e-04 3.415281492418610707e-04 3.268258681413003185e-04 3.140141082041297306e-04 3.104648995362637148e-04 3.353102981969354195e-04 3.491975627660603532e-04 3.290732599072688147e-04 3.227912061661392887e-04 3.340582329602076895e-04 3.399059166780144664e-04 3.485019454169289640e-04 3.415813480647569562e-04 3.346646687153272863e-04 3.388739613299630686e-04 3.361232525260811213e-04 3.311766523839370486e-04 3.379615737541425162e-04 3.405262852472882586e-04 3.374580022273452684e-04 3.325045340439187471e-04 3.303581535748722174e-04 3.354544245936992878e-04 3.397876229932620448e-04 3.490972452812164889e-04 3.561336910067474954e-04 3.411580233535767108e-04 3.223471981274637172e-04 3.192630273379751683e-04 3.217582738505825150e-04 3.244464225500696313e-04 3.327829453143357069e-04 3.443763853777585923e-04 3.395463244249524834e-04 3.289070435783327017e-04 3.265984899275492601e-04 3.410976979757404681e-04 3.580713497998912632e-04 3.630636318864926236e-04 3.533746212200168831e-04 3.406750040884217942e-04 3.400484750476519529e-04 3.315933032952343403e-04 3.224931195463496842e-04 3.350355949121536854e-04 3.372224581310612765e-04 3.205141098545145244e-04 3.065876006057360274e-04 3.113254816683114559e-04 3.307876512934870535e-04 3.489847170879233746e-04 3.436981637015198163e-04 3.275430721257425711e-04 3.245419776521409061e-04 3.248748454791641717e-04 3.325743795462705833e-04 3.295433485358275987e-04 2.639480338662879354e-04 1.692466468111310891e-04
2.142787294364912546e-04 2.753747279208314637e-04 3.274050635271640660e-04 3.340709567609153989e-04 3.235794612091465574e-04 3.222192700689979804e-04 3.351273282221413656e-04 3.395587403133610736e-04 3.227116350816459033e-04 3.158208797840726017e-04 3.280088864971635130e-04 3.366148322461421727e-04 3.213219377130829184e-04 3.051130381251768750e-04 3.141910087685892763e-04 3.379946546187827272e-04 3.477588464865771084e-04 3.353535862414894209e-04 3.224475692924670201e-04 3.302903439676144930e-04 3.468272649719554741e-04 3.377072293248060226e-04 3.096860835634119300e-04 3.089509415148425451e-04 3.333156818029488861e-04 3.511255705492107243e-04 3.568146584844674764e-04 3.567914101480621262e-04 3.470488114688590961e-04 3.357639942477628862e-04 3.380627427448308934e-04 3.543921476423839189e-04 3.660138367640394536e-04 3.633998102684678081e-04 3.542561259682667466e-04 3.441618499083872666e-04 3.402294314041203241e-04 3.404686180325108770e-04 3.338846329347427066e-04 3.290750517189367126e-04 3.342269515848136810e-04 3.450107330829021404e-04 3.364570670195574055e-04 3.146292928281222909e-04 2.981423026573498582e-04 3.008456897230891319e-04 3.285883476297614490e-04 3.480639760524157755e-04 3.369036699999040777e-04 3.302932984322892469e-04 3.370976957393659280e-04 3.382595871547576906e-04 3.501565953260746917e-04 3.496897327300751068e-04 3.316004298318628481e-04 3.227641019963443827e-04 3.256199795663852281e-04 3.282953205588275700e-04 3.360631075936244914e-04 3.406462961479319739e-04 3.388404328998595970e-04 3.376931172498373558e-04 3.370779958648559369e-04 3.362887037271374523e-04 3.356544660438249596e-04 3.364862919515247404e-04 3.409680909488891319e-04 3.429488289805259719e-04 3.387254060162603331e-04 3.346989796721090878e-04 3.324487615017954851e-04 3.298023348279295131e-04 3.271919106575260638e-04 3.320484778039163760e-04 3.288406275210793185e-04 3.219304700102219884e-04 3.246693435279641906e-04 3.466959578594066465e-04 3.626278817929453257e-04 3.557713795745882923e-04 3.326381939620960682e-04 3.095699945960058048e-04 3.123361287843809181e-04 3.244636879728002429e-04 3.266759533251504415e-04 3.332707667008985011e-04 3.343162459293754721e-04 3.326838648769515905e-04 3.250632796679669544e-04 3.264059551280352458e-04 3.380745028391635935e-04 3.520633157710551442e-04 3.565910922591185458e-04 3.456107923296539738e-04 3.289346592387333915e-04 3.131594661376058109e-04 3.183103149474439723e-04 3.237536348096140839e-04 2.631679833896983091e-04 1.677145059553186170e-04
2.265836561381453715e-04 2.976443932704499629e-04 3.558357765503843096e-04 3.547628672954948104e-04 3.350553468158602201e-04 3.335391216709946696e-04 3.413227008898442327e-04 3.335980340157934914e-04 3.169773730860934568e-04 3.160320751374900332e-04 3.280444638547507169e-04 3.360781396637730224e-04 3.268462485235396325e-04 3.102276077091273201e-04 3.126055943976795474e-04 3.364987590636584619e-04 3.492807822795233755e-04 3.307091065329315592e-04 3.084414159942405298e-04 3.124736869434042476e-04 3.373752745757984057e-04 3.456711080188779994e-04 3.285590409334563549e-04 3.246927137280848944e-04 3.423067767651180051e-04 3.561892083289771443e-04 3.620695636065950616e-04 3.554120640071206129e-04 3.331038118462477382e-04 3.129471985425497484e-04 3.127350699603198385e-04 3.348600389276565380e-04 3.559305257568405861e-04 3.543896935524347598e-04 3.420945340444439021e-04 3.368901950041658724e-04 3.439921830532270859e-04 3.501146251032676536e-04 3.443883348520748299e-04 3.414477512300893511e-04 3.415565708737619663e-04 3.398571310418062536e-04 3.268962805505972076e-04 3.133654128512343927e-04 3.156113437169346726e-04 3.215909997144587472e-04 3.258246901193674171e-04 3.333311980956365442e-04 3.340213525784761729e-04 3.306995694219592367e-04 3.292685410275752447e-04 3.294541659172143958e-04 3.415611789716577434e-04 3.463647246657678693e-04 3.334483570095158863e-04 3.258636174446972252e-04 3.350137978379809020e-04 3.453741281203410681e-04 3.464640441282866318e-04 3.376873985155564185e-04 3.340248935204685916e-04 3.370690582507410984e-04 3.375625764973567608e-04 3.354908010412582017e-04 3.311076205544699787e-04 3.268263516358256050e-04 3.323237945017840068e-04 3.390458906185640905e-04 3.372999298782924189e-04 3.343787201738457728e-04 3.335220852265326956e-04 3.318173317768029012e-04 3.296437679728413681e-04 3.341674241077466031e-04 3.325062024195605962e-04 3.262103576081776170e-04 3.274562034347476753e-04 3.458592856945811754e-04 3.564412682468768440e-04 3.382348053995468335e-04 3.101537754298732763e-04 2.935537011027701320e-04 3.130323197262663846e-04 3.381201644927876314e-04 3.324904031252265153e-04 3.268330391820538751e-04 3.282424816078838552e-04 3.413906320435722199e-04 3.524928080521681317e-04 3.586336263386391771e-04 3.518685533447136636e-04 3.445533097883948532e-04 3.537768925246349101e-04 3.567341827482310344e-04 3.410592974899748220e-04 3.182566002480833852e-04 3.186731171977643003e-04 3.171353969411147620e-04 2.480788810637291281e-04 1.538609261459531895e-04
2.044976496348972176e-04 2.841150432848201044e-04 3.540162694237813739e-04 3.610404242774203519e-04 3.440652728218168482e-04 3.402514300009919180e-04 3.374687942109545454e-04 3.276426264340416344e-04 3.194926504061343289e-04 3.235099786413764148e-04 3.356062090421219491e-04 3.416424393951500047e-04 3.349733000661015434e-04 3.267734756158886160e-04 3.279235934918528148e-04 3.371128205300551769e-04 3.395571705820461979e-04 3.257333090073561950e-04 3.073742692142667800e-04 3.109021647167787899e-04 3.418154075569851012e-04 3.622925553939677478e-04 3.506236535586153150e-04 3.364630518728555734e-04 3.433259625904217698e-04 3.549421003651655237e-04 3.573298053518208020e-04 3.405455696009233261e-04 3.138419721154761489e-04 2.978383896627931652e-04 3.005051909049822082e-04 3.193466214770505690e-04 3.321556076289706788e-04 3.280482821887194950e-04 3.211836393843730880e-04 3.221824824133264213e-04 3.359237601089816319e-04 3.440034500520039711e-04 3.373096982438962338e-04 3.427531965023588754e-04 3.497695555699704994e-04 3.401725297306163820e-04 3.210517788394355305e-04 3.226596278699978438e-04 3.469787647808359474e-04 3.552453973290404556e-04 3.406731016409143224e-04 3.273075908806880084e-04 3.264757666181591520e-04 3.269293732450517277e-04 3.210777398188733884e-04 3.213099261191716769e-04 3.374967235285471971e-04 3.469973171801440047e-04 3.357123091353503481e-04 3.294739697328393792e-04 3.419182958831165934e-04 3.566709809782189159e-04 3.514561047515615279e-04 3.298476016959280823e-04 3.281308655684733863e-04 3.348267019191248565e-04 3.315639363818395765e-04 3.252552359421429819e-04 3.253059054009012959e-04 3.327829000047762172e-04 3.375320048288195070e-04 3.276520816959761556e-04 3.165934760629267059e-04 3.212713231436007798e-04 3.268104180645307714e-04 3.303830775876895939e-04 3.386155095870200518e-04 3.469470581561296080e-04 3.461037231840643396e-04 3.346548724030708839e-04 3.258326571261558648e-04 3.370787029880810371e-04 3.486833043807208458e-04 3.276476142302397793e-04 3.056423052989980086e-04 3.078813703460243304e-04 3.319819362038496516e-04 3.492477927995015158e-04 3.392215462426178803e-04 3.295949452667069251e-04 3.297776476387490096e-04 3.396776441259045042e-04 3.560905526557995833e-04 3.657623568303663606e-04 3.467120134600925208e-04 3.249844487458284780e-04 3.315425568468598466e-04 3.399088338000099243e-04 3.364374192701447301e-04 3.233052733000498771e-04 3.225287541946558778e-04 3.157415657771401154e-04 2.473309854629838177e-04 1.575363903413863609e-04
1.849207549903602536e-04 2.617707040065293247e-04 3.311999886337033973e-04 3.517566640254103931e-04 3.500090420054653251e-04 3.466009475540824747e-04 3.360071652726773087e-04 3.263519719628960795e-04 3.229009627785816737e-04 3.287013143164706740e-04 3.411757772592916363e-04 3.450576533745185106e-04 3.364383941182248110e-04 3.385775338093053059e-04 3.452196879622503349e-04 3.414471528684198936e-04 3.363463208449506050e-04 3.361393271739727571e-04 3.282887457707738422e-04 3.219558643110680455e-04 3.343243143875522798e-04 3.430745275990005282e-04 3.295254370502950433e-04 3.189650499527538945e-04 3.352715257603079528e-04 3.513603304866585444e-04 3.427408585021143026e-04 3.216022903951803839e-04 3.090928266081607325e-04 3.102551633004233715e-04 3.193952371530571618e-04 3.333450860827366158e-04 3.305760836758785235e-04 3.206465513886134848e-04 3.228035854338953507e-04 3.239920178698905691e-04 3.293842756204573953e-04 3.303936238934232581e-04 3.245771590802171993e-04 3.390109397444651283e-04 3.531611226781833151e-04 3.463824549864278788e-04 3.290716857992022652e-04 3.324290382980346365e-04 3.542101955517195505e-04 3.621442542923022836e-04 3.497508577899924830e-04 3.300930342603320918e-04 3.272513931073874364e-04 3.357025894953644747e-04 3.336559387780089190e-04 3.312848811897208499e-04 3.436848138840520295e-04 3.472034994393940056e-04 3.313355433525061477e-04 3.249534359875255458e-04 3.381778103912446137e-04 3.513233695068079202e-04 3.361079773445393233e-04 3.106504362660911125e-04 3.236519848659396648e-04 3.441483078349710139e-04 3.332481022342542298e-04 3.095424986474419127e-04 3.120569530515272458e-04 3.409035896641026330e-04 3.495840135037134528e-04 3.258550000852046872e-04 3.074499127298332317e-04 3.206372460561256969e-04 3.397585512663893166e-04 3.496273483706117957e-04 3.566439231894069401e-04 3.584057592186416850e-04 3.535643544130105545e-04 3.400402099700229261e-04 3.271154559310898127e-04 3.379629880142944300e-04 3.555051624973655988e-04 3.389980184236086359e-04 3.209036224192855866e-04 3.343871016087992371e-04 3.544966694852529770e-04 3.572277221122287369e-04 3.425130721448376488e-04 3.264531640240996816e-04 3.185117852718833808e-04 3.198941383212318933e-04 3.359384003859164055e-04 3.469895181313560921e-04 3.299703290261167500e-04 3.167297204303287520e-04 3.287775564540252595e-04 3.393278043950385329e-04 3.347002991472230017e-04 3.173901202819339037e-04 3.136064998673272915e-04 3.118292102837747805e-04 2.570943645528689326e-04 1.747420145224652091e-04
1.917485589952054245e-04 2.558594550033788237e-04 3.075265717557162004e-04 3.309916709184595584e-04 3.419830146502664822e-04 3.387141564607684370e-04 3.306543584228728116e-04 3.279182298347820251e-04 3.291147175449880878e-04 3.308734125527393950e-04 3.333396001041271858e-04 3.324885610824426926e-04 3.256886235513057801e-04 3.335572976102491125e-04 3.446615463990769295e-04 3.381886085302415051e-04 3.335704829021665435e-04 3.477614442265787326e-04 3.549025988791437974e-04 3.420055394130566912e-04 3.318334512283851881e-04 3.209301857453709396e-04 2.998782312727667296e-04 2.924224251427917122e-04 3.158220230641584384e-04 3.442330308229204377e-04 3.471842140245220108e-04 3.316170715061888619e-04 3.233283278567382368e-04 3.324291652902481480e-04 3.489761748426756845e-04 3.591564709865029603e-04 3.447430841748542639e-04 3.256561532034463625e-04 3.284974938792217759e-04 3.290198659436241002e-04 3.281973137824539745e-04 3.233451835286487689e-04 3.146278962336440969e-04 3.302740337334100296e-04 3.530488419428358285e-04 3.553246068145720759e-04 3.383143485494797924e-04 3.298027657819183165e-04 3.374405413876917247e-04 3.423605266705757443e-04 3.386346650475777014e-04 3.315422983929399055e-04 3.348241755147720461e-04 3.452013671716393966e-04 3.478847956107759018e-04 3.457193447529141790e-04 3.495515813413887390e-04 3.420571885733237260e-04 3.269045856294588125e-04 3.276324376860395484e-04 3.422630531255340140e-04 3.507929069194185229e-04 3.278070077336651088e-04 3.036406500349869784e-04 3.267589393301680283e-04 3.616645955520551392e-04 3.496366052083035685e-04 3.141751534705366600e-04 3.138716569669991029e-04 3.447353476250156180e-04 3.566604330085492271e-04 3.380064134316998611e-04 3.210701586993759205e-04 3.337578816758243186e-04 3.609694532977768028e-04 3.706398443721828774e-04 3.596284299861166652e-04 3.416875847176161461e-04 3.342197890752964971e-04 3.369211809757104463e-04 3.338327248660465790e-04 3.439484691160325401e-04 3.648196616326226634e-04 3.622356410870657345e-04 3.500079097971180663e-04 3.555426806997096303e-04 3.587210148140897300e-04 3.497486224384639296e-04 3.370665604021941741e-04 3.214969071619188257e-04 3.039932612079891184e-04 2.974686579421172432e-04 3.133314709018937853e-04 3.337540023018832017e-04 3.320341901189955650e-04 3.298864629285849976e-04 3.429746963576447375e-04 3.498666300952142866e-04 3.367959662436804751e-04 3.174675240832734030e-04 3.158016711400464180e-04 3.082069517630658712e-04 2.519029785551536575e-04 1.720588577283861990e-04
2.089232377254988374e-04 2.630986498857526014e-04 2.999904414995422535e-04 3.209054891348318860e-04 3.394283476090561398e-04 3.342386892051992528e-04 3.262547549950499826e-04 3.264138833223983061e-04 3.292504162772431518e-04 3.288408152598911198e-04 3.239396472370784704e-04 3.206983981536558901e-04 3.210017519080748775e-04 3.272717191062788820e-04 3.287605489337135783e-04 3.197121633926100883e-04 3.174928044953288092e-04 3.379899227625118201e-04 3.555996202498576137e-04 3.516671790285792396e-04 3.410827895828113360e-04 3.282226498260166483e-04 3.106131178607865083e-04 2.993257656008506450e-04 3.051814121176496487e-04 3.319101650122692959e-04 3.577765769510163384e-04 3.558393020876482373e-04 3.411339483904665573e-04 3.466127432612895864e-04 3.634068377397086953e-04 3.663554686020034580e-04 3.489692843824544061e-04 3.287905972218163001e-04 3.289719809179379186e-04 3.300102050553604342e-04 3.262931113276414021e-04 3.189909466728711230e-04 3.153403290695822384e-04 3.366385007934289135e-04 3.636048658123627875e-04 3.640072040210562475e-04 3.374432861186991961e-04 3.197876548052409331e-04 3.174581306953773267e-04 3.162299709919354131e-04 3.214583546967556341e-04 3.376014565821262555e-04 3.506845114938522429e-04 3.529531176408581350e-04 3.527209317964162278e-04 3.485275835004997139e-04 3.450815623993418440e-04 3.335213421609605692e-04 3.274366533195741807e-04 3.398487113005985161e-04 3.561449213117790077e-04 3.630008625467933086e-04 3.457513669935833537e-04 3.277076016920384225e-04 3.389455337215401638e-04 3.689887323136302531e-04 3.675917071492686237e-04 3.381682457087125098e-04 3.288007959857284167e-04 3.389387085612931890e-04 3.442121087531031928e-04 3.352021815617867032e-04 3.295253882378382541e-04 3.402816242792361650e-04 3.537482983579130031e-04 3.515619243874844356e-04 3.368069883315849620e-04 3.189951759014385746e-04 3.171741940927615393e-04 3.338030257789786990e-04 3.399780631924714412e-04 3.429132248352087476e-04 3.525099851950823978e-04 3.612401507865158458e-04 3.660481990236130224e-04 3.632688567152208788e-04 3.459003307604039345e-04 3.345228093834367580e-04 3.383023894049895508e-04 3.383750163390523156e-04 3.219060909530701122e-04 3.079769963833663918e-04 3.143131576600533992e-04 3.364857265600933677e-04 3.452825828383736251e-04 3.437611920971517612e-04 3.477286334351151805e-04 3.482341181667166462e-04 3.355261875081720201e-04 3.238089844952490230e-04 3.324170379628990993e-04 3.201301591669297036e-04 2.512605289420843631e-04 1.643501236900344080e-04
2.267288981769151823e-04 2.762919531001957864e-04 3.077504178265789720e-04 3.260570348913817071e-04 3.439648943311123018e-04 3.338596104843788589e-04 3.229881096228378440e-04 3.233161599417158291e-04 3.281887682510184479e-04 3.330728977947607474e-04 3.302930640738728930e-04 3.276892542279595793e-04 3.345522032635653265e-04 3.342593821518719411e-04 3.218895580547188710e-04 3.150350937025335474e-04 3.152341123672144484e-04 3.277420451918496729e-04 3.375235942310514641e-04 3.417087576549360521e-04 3.439439064237818271e-04 3.436048646986636498e-04 3.426580243787398831e-04 3.331067271800488205e-04 3.194913359410219431e-04 3.241709924236654719e-04 3.456827810735588462e-04 3.570064508388836309e-04 3.485564631896979969e-04 3.488821161466486255e-04 3.595272713547236322e-04 3.607490466991164144e-04 3.502402007506023743e-04 3.304236928222009130e-04 3.214637114630543996e-04 3.268805612171985691e-04 3.262105973664908634e-04 3.183801806058469529e-04 3.229206483829436675e-04 3.433036368487773701e-04 3.588935300768474274e-04 3.551634076083966620e-04 3.337407638991749404e-04 3.189404971977656848e-04 3.094775961698328524e-04 3.007217446634793132e-04 3.073650780236975651e-04 3.370017154270941616e-04 3.592989538312125011e-04 3.551231389426415122e-04 3.455477952683210082e-04 3.337612322661404757e-04 3.239428768454909874e-04 3.176698076645664360e-04 3.247963938319079749e-04 3.402053043371279810e-04 3.507204502515209117e-04 3.594118695886062737e-04 3.527286560493080470e-04 3.376157650254815344e-04 3.369247139414531045e-04 3.574029013432028111e-04 3.650994250090261505e-04 3.489658273918674935e-04 3.332252941492471507e-04 3.233102738752313514e-04 3.203140605657171921e-04 3.198059018055620750e-04 3.246483732661456121e-04 3.327903553001110726e-04 3.332754812674833950e-04 3.284397127866590460e-04 3.273456133403162974e-04 3.250674243056678138e-04 3.280647165610463744e-04 3.377983918269102668e-04 3.395015233682950194e-04 3.291235144750323050e-04 3.210176422736978150e-04 3.348598041785195252e-04 3.522482378268127065e-04 3.461651251997147484e-04 3.274521344064981873e-04 3.296136009215988615e-04 3.472067911317811484e-04 3.531558965154829610e-04 3.459858187596721369e-04 3.389397629409994007e-04 3.348770932860823356e-04 3.425531821081084305e-04 3.455484835461945597e-04 3.419330782169422486e-04 3.416228500476571313e-04 3.399515216872578578e-04 3.317353716149983164e-04 3.229240747749662077e-04 3.376812877125097358e-04 3.354623211703769902e-04 2.656822906529343869e-04 1.711863193618007957e-04
2.375411660236536953e-04 2.845738736832530104e-04 3.076360008101944885e-04 3.175213263416274117e-04 3.316459205752839579e-04 3.243175350926974379e-04 3.211777594398906041e-04 3.304909741712540967e-04 3.343044610431971666e-04 3.354974926671454457e-04 3.356221980919467558e-04 3.382944505250480918e-04 3.507403509910967483e-04 3.521726969002646982e-04 3.376964053293383039e-04 3.323869108693798665e-04 3.298438751074562461e-04 3.302909321430981798e-04 3.313313180225704391e-04 3.367776595397573534e-04 3.390505907927900435e-04 3.372059143238709906e-04 3.444155037837182349e-04 3.452902650450424956e-04 3.367371489320031080e-04 3.279119485607444491e-04 3.297425525271449696e-04 3.429833926005006585e-04 3.406282324467971539e-04 3.344070664676394421e-04 3.427146926294476507e-04 3.573877602861733451e-04 3.601219195660690462e-04 3.399053666429242382e-04 3.176461840988607094e-04 3.231490045077320839e-04 3.372271843857507019e-04 3.331164607092478242e-04 3.233109559612469498e-04 3.208274457368676461e-04 3.284346064907373041e-04 3.405219298301877143e-04 3.442528610876399633e-04 3.350177751899895183e-04 3.179546397837702994e-04 3.074893724647841499e-04 3.126259979515103515e-04 3.390581495198238685e-04 3.577054436341423798e-04 3.426807922286828753e-04 3.228911144612220310e-04 3.125409041401009899e-04 3.050251707953468877e-04 3.063532058054356131e-04 3.198523407650145944e-04 3.285064397852634926e-04 3.294839204337271640e-04 3.370552078864249841e-04 3.368601515250426999e-04 3.289332899339362376e-04 3.301795697426681349e-04 3.434810137255782099e-04 3.536300618647214219e-04 3.494325723447169740e-04 3.312041858706908908e-04 3.136542064608204613e-04 3.115438523315399908e-04 3.222264085940572441e-04 3.304189474475163497e-04 3.280707084130643969e-04 3.258675302839560443e-04 3.267410043291074607e-04 3.321127535629084379e-04 3.409670975279254770e-04 3.495610285285360563e-04 3.479424760974960729e-04 3.401275981242151596e-04 3.207134089531545203e-04 3.027623472904260034e-04 3.128242007146792101e-04 3.302689203429984700e-04 3.262740603524268189e-04 3.171138347063304740e-04 3.298473371951574583e-04 3.480897022974516327e-04 3.464260586974284213e-04 3.434507231157430383e-04 3.508209019107043835e-04 3.478185985718247651e-04 3.445143735896103940e-04 3.374547749635654860e-04 3.306416592276373301e-04 3.289879451714764445e-04 3.245305783587458352e-04 3.186970522705222762e-04 3.170922392064151390e-04 3.340495618558679829e-04 3.367204032865614687e-04 2.687048111318431510e-04 1.708092954099596885e-04
2.341332342847750954e-04 2.821214322599059068e-04 3.058420950438268298e-04 3.080444362176694558e-04 3.204292899946381708e-04 3.242131262351585644e-04 3.276437250713511791e-04 3.373378187777726863e-04 3.311560018539335499e-04 3.207202124191181353e-04 3.232404361867402933e-04 3.327214644959403155e-04 3.465012694308787933e-04 3.533325155763429419e-04 3.456020378716207452e-04 3.406610121139114601e-04 3.372161705327462815e-04 3.324207026079466958e-04 3.357630916128529278e-04 3.440695600995255857e-04 3.342527994318349638e-04 3.131187776126662949e-04 3.148876120724639158e-04 3.278581313907078746e-04 3.347975949273808644e-04 3.330029925084468422e-04 3.286841247759324106e-04 3.317907617098684041e-04 3.226324836354042369e-04 3.090376162824906049e-04 3.215452937968495996e-04 3.535102968477499621e-04 3.626009105092497880e-04 3.459521754639157060e-04 3.270605444822565931e-04 3.305063436153620718e-04 3.484418706872839970e-04 3.465255933039528761e-04 3.263274062629559560e-04 3.099409188681147113e-04 3.187947104078930590e-04 3.435050400608639400e-04 3.577886809230112239e-04 3.450154653229439163e-04 3.241224213355722644e-04 3.205940489941241879e-04 3.304904723400476241e-04 3.475915602622766895e-04 3.508484126833839520e-04 3.325916889454443416e-04 3.259947675001641405e-04 3.261728747126295381e-04 3.183569894860484892e-04 3.222573545782014912e-04 3.298844580101838305e-04 3.227874548702946945e-04 3.148050708388025216e-04 3.202628802239133746e-04 3.247263462012794032e-04 3.281337638653925807e-04 3.313209803359995725e-04 3.336927849418870043e-04 3.412651403721332893e-04 3.455434885430488652e-04 3.302603391595069289e-04 3.145436479942259589e-04 3.193871565412967134e-04 3.420571258969159339e-04 3.502471418589251425e-04 3.364171563362988748e-04 3.334815470423125997e-04 3.343608372657289876e-04 3.309026276420341545e-04 3.429331596764133316e-04 3.621838502498267334e-04 3.602063568023193118e-04 3.473935452999347495e-04 3.306218515954575813e-04 3.202950940061578475e-04 3.257517967241539822e-04 3.331905207086726045e-04 3.260804907104538470e-04 3.165338157700291373e-04 3.229127027713763723e-04 3.325019902876778354e-04 3.258472154548319667e-04 3.223427493894141143e-04 3.366107818172950307e-04 3.443341857390324039e-04 3.426388478379897374e-04 3.294804078769601220e-04 3.170838480152695640e-04 3.144710091152218474e-04 3.159751322535243444e-04 3.174472273998595745e-04 3.200505672328444627e-04 3.305116376159427044e-04 3.240978250398508613e-04 2.543819056150323763e-04 1.606287637602644047e-04
2.134652682509496414e-04 2.669561505409659202e-04 3.077308618544307957e-04 3.125877557715440016e-04 3.257941085676535837e-04 3.442982372333616876e-04 3.498966293786956298e-04 3.511175589534577574e-04 3.378602267578259977e-04 3.179658575430817065e-04 3.166328048411203044e-04 3.286509631636159133e-04 3.377368248733783628e-04 3.407095448650580404e-04 3.326565191559062743e-04 3.283249802286360630e-04 3.310945220664911507e-04 3.282722661001447441e-04 3.412909940236456829e-04 3.566033226223678815e-04 3.373775722959199965e-04 3.031834251652159142e-04 2.969901565795560303e-04 3.113408645471225965e-04 3.265098686889203851e-04 3.382256707132211227e-04 3.383596311123455340e-04 3.320616999388778306e-04 3.192926878162385268e-04 3.015326774625449102e-04 3.055964434948728716e-04 3.323435113539671172e-04 3.386385283451613963e-04 3.278944921735715530e-04 3.230687268682050882e-04 3.301278683874838207e-04 3.418680183792877298e-04 3.406483053324096738e-04 3.296093950454770383e-04 3.223775922222796731e-04 3.364005507622235252e-04 3.553818820329131701e-04 3.566153121943361516e-04 3.376157320306845356e-04 3.262831243369161086e-04 3.359244389972899404e-04 3.478504193414126396e-04 3.497509831130161430e-04 3.381202243374590048e-04 3.317745652939825345e-04 3.490259973194312360e-04 3.529106074584468329e-04 3.392859494204633511e-04 3.449440506604434199e-04 3.484870418131760491e-04 3.355224539662864818e-04 3.281099862528163796e-04 3.296634399601755007e-04 3.318770374566233140e-04 3.304729449815910821e-04 3.258222573113706412e-04 3.275479366647948525e-04 3.331357810292484112e-04 3.330088929058127993e-04 3.224857114176155862e-04 3.155080891545948823e-04 3.278250173808514370e-04 3.524150635984909683e-04 3.543605726391034689e-04 3.369711995590199535e-04 3.391187555727998709e-04 3.403483836725171253e-04 3.256005584185931584e-04 3.303536995206571378e-04 3.501079397490464845e-04 3.531481204397000570e-04 3.483931030548674925e-04 3.455168282580757620e-04 3.508615521308067328e-04 3.534086203641198173e-04 3.478545752399504884e-04 3.364998564707611522e-04 3.222677810279458727e-04 3.115737724924847406e-04 3.107580083000720641e-04 3.112727035526585933e-04 3.134680867239004283e-04 3.268071236477231674e-04 3.380529342537912270e-04 3.409181107388780871e-04 3.308573894175507167e-04 3.157560849064967542e-04 3.099065189042343434e-04 3.166345459130939094e-04 3.259713694773173800e-04 3.307876619387975330e-04 3.377314377297294936e-04 3.221054017615051341e-04 2.462408495130929010e-04 1.541298210941387812e-04
1.903339407509053126e-04 2.558588460936345827e-04 3.098076380724997273e-04 3.237815160381647640e-04 3.414293666873432229e-04 3.610154099159344331e-04 3.562972867116998401e-04 3.511917627253765563e-04 3.490677860388173657e-04 3.355154723272295086e-04 3.335336531745604523e-04 3.433168078406823465e-04 3.403351587662274192e-04 3.357764393235503357e-04 3.290109494765616326e-04 3.229937978760550905e-04 3.247914691906313351e-04 3.278839433652490408e-04 3.490741408187312406e-04 3.641356264920782358e-04 3.387360817227359094e-04 3.132087085421684462e-04 3.111200702629902124e-04 3.164558268397236335e-04 3.238023895550774193e-04 3.341472465210171120e-04 3.448964418289147895e-04 3.488000618836140316e-04 3.443826914466913093e-04 3.286175468432969509e-04 3.137507398031246409e-04 3.202153539081335353e-04 3.265088459037281251e-04 3.215456047990495041e-04 3.193148030555511066e-04 3.266729477534494703e-04 3.335867327675321185e-04 3.375989976035496162e-04 3.406845209496057797e-04 3.383120730526074840e-04 3.437567772712188711e-04 3.496338465163006514e-04 3.444429192295537828e-04 3.329452092238642177e-04 3.329540611848630003e-04 3.438027045923623595e-04 3.475222638313868700e-04 3.369293876565033867e-04 3.208675044119463100e-04 3.253465096233921095e-04 3.504870469166482131e-04 3.508210763377844223e-04 3.310459290851478181e-04 3.355186938432861386e-04 3.488344223413433363e-04 3.548274865162080131e-04 3.644199683436318915e-04 3.579240369555553394e-04 3.412630458367034263e-04 3.291102974242311567e-04 3.230350719132180559e-04 3.288264306403811013e-04 3.361687882685810758e-04 3.333635968851969078e-04 3.260480496140109310e-04 3.206966124892477767e-04 3.291478385778342456e-04 3.433396251311100311e-04 3.348636570720873009e-04 3.233560750731848772e-04 3.381921149684898238e-04 3.465756557040149642e-04 3.258928719293736898e-04 3.119071258276610555e-04 3.167838375525115638e-04 3.251315195855987092e-04 3.400337992208802337e-04 3.527159361688405551e-04 3.626248799686085356e-04 3.563794454210020952e-04 3.457137539781797919e-04 3.457008986472664643e-04 3.339440874106979016e-04 3.091146358180624611e-04 3.055980171279694770e-04 3.185524606101681122e-04 3.264343341813195649e-04 3.299634851707652829e-04 3.345284083812942282e-04 3.387740275842385696e-04 3.367919630072679720e-04 3.312626470142712352e-04 3.297779207409546817e-04 3.327784888403123500e-04 3.338853715828268105e-04 3.327240058246853601e-04 3.392469298049578244e-04 3.240342950028855720e-04 2.454401873700650825e-04 1.476863085059376289e-04
1.891614897756077932e-04 2.615079631856158620e-04 3.118357528281966986e-04 3.276709743649222541e-04 3.467971983328696928e-04 3.598820171928625387e-04 3.442137133102471380e-04 3.328881922054966781e-04 3.401502597570693707e-04 3.392699850405877875e-04 3.425073573885334594e-04 3.500223440976148398e-04 3.389225021057518518e-04 3.297670275955110700e-04 3.263722201473001410e-04 3.233078248253983033e-04 3.226903907741931034e-04 3.279196221427427347e-04 3.494126310613679919e-04 3.594660102655893399e-04 3.331318822008895626e-04 3.237808127750925295e-04 3.326010238832777027e-04 3.285535557671718501e-04 3.159296089612896553e-04 3.179984457807657084e-04 3.447692878539806473e-04 3.624184174173456820e-04 3.562758197585012875e-04 3.393702901778681419e-04 3.163070803889380658e-04 3.141874209757471604e-04 3.317799564502469474e-04 3.366030749773534707e-04 3.291837469537480226e-04 3.305763737471692412e-04 3.346673221149654783e-04 3.475228397580244679e-04 3.610367810686234791e-04 3.468337557085740108e-04 3.278232914101842678e-04 3.296144934627950321e-04 3.358750850116088826e-04 3.348412192962390470e-04 3.329540596516187656e-04 3.369968162132088883e-04 3.385270088198302080e-04 3.266196510635106104e-04 3.099142315541599619e-04 3.159637765544127844e-04 3.370436021463348334e-04 3.371733540681071551e-04 3.191141325259265471e-04 3.203039977872721030e-04 3.368043958365410178e-04 3.499313917862704668e-04 3.692400422540563281e-04 3.657342603685727767e-04 3.426996540299862221e-04 3.336588707241915563e-04 3.326662427216042794e-04 3.298947643790340906e-04 3.364939881263009891e-04 3.463933446757015699e-04 3.478568682777631767e-04 3.373147758319026989e-04 3.314455961275397287e-04 3.313604878355815540e-04 3.160774161269565719e-04 3.112155331254153360e-04 3.331135887762696622e-04 3.457616253825267823e-04 3.221003981460335264e-04 2.970141621627602835e-04 2.962551054649456843e-04 3.129126145656440771e-04 3.404467944792738182e-04 3.552427521625099813e-04 3.537187382990818543e-04 3.347998581520856241e-04 3.265778652658084258e-04 3.411162306700418561e-04 3.379357610887668618e-04 3.200957650714089534e-04 3.194212432842081714e-04 3.283549978514459971e-04 3.379753566451171006e-04 3.372022964535672488e-04 3.325127684488600769e-04 3.321844618428540161e-04 3.327295808280769651e-04 3.357155748990680688e-04 3.432756758945909288e-04 3.494841368324714094e-04 3.401367316710070905e-04 3.269115408499955280e-04 3.301821587987576086e-04 3.223632065665088422e-04 2.502931797659101220e-04 1.489007876221191777e-04
2.050694245544414595e-04 2.770721069285708217e-04 3.200250602120911043e-04 3.300313130186734254e-04 3.389969716673772466e-04 3.410017122389324474e-04 3.246276578745861544e-04 3.131856337187071803e-04 3.165879666385459099e-04 3.176969975657188477e-04 3.254808880913535570e-04 3.343137444216579251e-04 3.242939467901524838e-04 3.174152549772186289e-04 3.276883958283641424e-04 3.372706591867582126e-04 3.318218334591316191e-04 3.272710647434891795e-04 3.353157127423178402e-04 3.401161677505134119e-04 3.294759294766551197e-04 3.345006911589275072e-04 3.481960903402313333e-04 3.404177452069478841e-04 3.166315967690653144e-04 3.176870350949384937e-04 3.467540673902219368e-04 3.577706903101533168e-04 3.437924771978297989e-04 3.304333429857695455e-04 3.177289326417871273e-04 3.199378353233913591e-04 3.396896915510978603e-04 3.424069506938201774e-04 3.283177059058975454e-04 3.246021126705976850e-04 3.286732287191706397e-04 3.427149532478805183e-04 3.537432431882674881e-04 3.324564416558271071e-04 3.077578177435885297e-04 3.205719698154993556e-04 3.387029674886776840e-04 3.346002516379256134e-04 3.270997247722233232e-04 3.365078445917660949e-04 3.481579572170668212e-04 3.397432824120565661e-04 3.205420432423999443e-04 3.178192454169727690e-04 3.321224479268481897e-04 3.384331137870406252e-04 3.304553954382939327e-04 3.287357820544371898e-04 3.341287145180145217e-04 3.387937748180285241e-04 3.535570447881913880e-04 3.563387551893345585e-04 3.392772984002472448e-04 3.306840111845393317e-04 3.310813965200177719e-04 3.266598058412283588e-04 3.368390099365737179e-04 3.589234356177906245e-04 3.661114166041548384e-04 3.553346677938423693e-04 3.392752610719537622e-04 3.258761113543529389e-04 3.156122137002384401e-04 3.192983971993157335e-04 3.324384445474599372e-04 3.314412733834995678e-04 3.023726978857186947e-04 2.874412142265625838e-04 3.055751041481979740e-04 3.311892942498520943e-04 3.542609309533114692e-04 3.596896264955136749e-04 3.459133067565397590e-04 3.219689639114320682e-04 3.163583317014169124e-04 3.300462556361771207e-04 3.357463656520800598e-04 3.389060557451192791e-04 3.420230515351306024e-04 3.402483470685758364e-04 3.441014120229270385e-04 3.406175646781220596e-04 3.270280918648193948e-04 3.242600203746717194e-04 3.302099124593018374e-04 3.350474406964519796e-04 3.399313611690670065e-04 3.466328927999337388e-04 3.404348030839694696e-04 3.230253229105437950e-04 3.165161478026408707e-04 3.140893958608871822e-04 2.551337680526995092e-04 1.584653110556729944e-04
2.200804396136824730e-04 2.966677548271624419e-04 3.408496363240360542e-04 3.456877347199107373e-04 3.417577536208701774e-04 3.259091474926777794e-04 3.053856085623162940e-04 3.023325354519325672e-04 3.082450660236531930e-04 3.089831003901865941e-04 3.183032533386961904e-04 3.290643609178056845e-04 3.238383640315899864e-04 3.207306523518162027e-04 3.398775379557005330e-04 3.466540779590221097e-04 3.274219598200328553e-04 3.197622774387992757e-04 3.215232855122277834e-04 3.235105653764491058e-04 3.300344974540355835e-04 3.441108451940222022e-04 3.594832198370440904e-04 3.528912018934177619e-04 3.306596505343947648e-04 3.280069547363362575e-04 3.425990032458787896e-04 3.429638142064016845e-04 3.296912068051850763e-04 3.240752769840563540e-04 3.260785066281070787e-04 3.335874550448728656e-04 3.438046287208520904e-04 3.411951018728375060e-04 3.292934767112102538e-04 3.232392215036434570e-04 3.199991888263296913e-04 3.213337129032319797e-04 3.237558846872204063e-04 3.132058527317096194e-04 3.027839293596098222e-04 3.235058733641330486e-04 3.464129937018661158e-04 3.389700132171124787e-04 3.309508223835002684e-04 3.424874257218851422e-04 3.508532859402667815e-04 3.493439449067674198e-04 3.441592648762914421e-04 3.358835196790482575e-04 3.381726662688728916e-04 3.481808734798257044e-04 3.510362769184708926e-04 3.455196948939691587e-04 3.360086887108206313e-04 3.319212081820284150e-04 3.419054858585716776e-04 3.450161877584852644e-04 3.264704522195947074e-04 3.110526391524538119e-04 3.142815431708389498e-04 3.232156106253040789e-04 3.386730532927470613e-04 3.546485359658783378e-04 3.554381624122153168e-04 3.520751446712379676e-04 3.444818026216023158e-04 3.302633206387606789e-04 3.266361075578429977e-04 3.365742899058317829e-04 3.398245508857935431e-04 3.228831184916978363e-04 2.925529316585917050e-04 2.935563728547982442e-04 3.275349597958690691e-04 3.523698202964216635e-04 3.622265261151388113e-04 3.581493874264724030e-04 3.423324543698965132e-04 3.269466905121557517e-04 3.231389237437817656e-04 3.246684656477970840e-04 3.329041618437377078e-04 3.477935016818003728e-04 3.518210651222420087e-04 3.484351026114761401e-04 3.414286659823961953e-04 3.294632000620518314e-04 3.129293136404218871e-04 3.101008598238079667e-04 3.210203271327880751e-04 3.295173976854833767e-04 3.319762227198151867e-04 3.339573765632310783e-04 3.361306272722193239e-04 3.257955966057193972e-04 3.093181730586442874e-04 2.982210582618874373e-04 2.430252177207033756e-04 1.554384925634351466e-04
2.257209991759756822e-04 3.003738241383880053e-04 3.455345894227857960e-04 3.481556145213737319e-04 3.397112387414803888e-04 3.197754802715145140e-04 3.009962780500241835e-04 3.044505570708166140e-04 3.204149609893612062e-04 3.310701844075621776e-04 3.412936111562034987e-04 3.499220916992603421e-04 3.463728634021368512e-04 3.376515796689658327e-04 3.441176322618904248e-04 3.435677387351308192e-04 3.239907589903608695e-04 3.179376412486297865e-04 3.182681218552306816e-04 3.176052910255708762e-04 3.278826102001949406e-04 3.396954779708223106e-04 3.531544307460414292e-04 3.488864994761687243e-04 3.320105200726446593e-04 3.238494134402512955e-04 3.282381690879981710e-04 3.333832978257499861e-04 3.299630802375161875e-04 3.300334802891649144e-04 3.371655909421768130e-04 3.399511561433385051e-04 3.445689684673193726e-04 3.490401370814481949e-04 3.417345359732153046e-04 3.297174206472997492e-04 3.200787701850094720e-04 3.163075780556268493e-04 3.148129466113343288e-04 3.131446423562328843e-04 3.088760729608044193e-04 3.232812564010058114e-04 3.455855096214916324e-04 3.430649108656228571e-04 3.319382463107670763e-04 3.296214558715574567e-04 3.277694478768322455e-04 3.345961662608945304e-04 3.483523587695133532e-04 3.501522890137182356e-04 3.481096537940442772e-04 3.496926673711868222e-04 3.480770700606668168e-04 3.394048808556013146e-04 3.257447189421523292e-04 3.174321816376483689e-04 3.242200502206987029e-04 3.265040450237798194e-04 3.100491139712371370e-04 2.998415503017738942e-04 3.102094810944043156e-04 3.238091201045513478e-04 3.338510463801065416e-04 3.329441972463887127e-04 3.235467057979472903e-04 3.268175986079655763e-04 3.368257318828566890e-04 3.383454989316327034e-04 3.376443133176442444e-04 3.434452299578872616e-04 3.432469707667063462e-04 3.272693111852609227e-04 3.095120342701785602e-04 3.194037461826518590e-04 3.445256922433973011e-04 3.535613231868082193e-04 3.512261878950590508e-04 3.438765918712574209e-04 3.294773021775161399e-04 3.228417352784949176e-04 3.237873909283072718e-04 3.218916838608513412e-04 3.273682806032125140e-04 3.378962381944653642e-04 3.399558742581242489e-04 3.402930416194437611e-04 3.298313159952847825e-04 3.181326066265150214e-04 3.120882845626031608e-04 3.152070572945312810e-04 3.271420516152072182e-04 3.340850183377037214e-04 3.328602886680895757e-04 3.304468735106248626e-04 3.362209406631885399e-04 3.405085524170321483e-04 3.298866506980763051e-04 3.062676752477269150e-04 2.439406818812990367e-04 1.610120524311255315e-04
2.093248391924127348e-04 2.819644537334141756e-04 3.307123716683311359e-04 3.347630557037304397e-04 3.316477018624808043e-04 3.196569327437437098e-04 3.060228815202509786e-04 3.081116727242128343e-04 3.254699665962305162e-04 3.415056410682849137e-04 3.552038736416196670e-04 3.668116971182840873e-04 3.624794252497496629e-04 3.452305307408171531e-04 3.378123077366798860e-04 3.460643911419228726e-04 3.431473085521810108e-04 3.308845578866714148e-04 3.208208391127669360e-04 3.197992274470776706e-04 3.297034212147768547e-04 3.326194163098369536e-04 3.360368902997113469e-04 3.300023655998379768e-04 3.202958779010867964e-04 3.148039211610391581e-04 3.172642937559955927e-04 3.261102722049579621e-04 3.314969556379279204e-04 3.378939887857025388e-04 3.467751805640866447e-04 3.417780068158113630e-04 3.388331570134742437e-04 3.481663461165095444e-04 3.443432201028011038e-04 3.305527181233257946e-04 3.249754835594231058e-04 3.302240042353877039e-04 3.355346483651355772e-04 3.325134194697600262e-04 3.211234913633378030e-04 3.226717966529335773e-04 3.361429485007744449e-04 3.388675562945132956e-04 3.289238633819324166e-04 3.143384684917090209e-04 3.104826280691367377e-04 3.214399107759248085e-04 3.352049038231220556e-04 3.473294889908240231e-04 3.531022874953629060e-04 3.486870904465837391e-04 3.395418933795889011e-04 3.296960085067608161e-04 3.247049080504408160e-04 3.195434711939479410e-04 3.143627575847051975e-04 3.131900061159590591e-04 3.116209642025959950e-04 3.172838870262548747e-04 3.313282966259992993e-04 3.400625027009983661e-04 3.396424460029129583e-04 3.224094274021551266e-04 3.063398758099054289e-04 3.100173457312316175e-04 3.276253628312252508e-04 3.475370911317855792e-04 3.491457299780965028e-04 3.412120896625007570e-04 3.384157531185552625e-04 3.375387285931801115e-04 3.389841714905564209e-04 3.458892899770522932e-04 3.473576704508650882e-04 3.411519147761349824e-04 3.356313578648730152e-04 3.347293069379439468e-04 3.249004374987919511e-04 3.165213725220954741e-04 3.212779008253328602e-04 3.267181616960001069e-04 3.315504730754067651e-04 3.319558850360150581e-04 3.269029355340415197e-04 3.248300011416053838e-04 3.211329658953859865e-04 3.253374547576685124e-04 3.361568362778678083e-04 3.474062808972987757e-04 3.561454438075467967e-04 3.533299967803770879e-04 3.405610099610824901e-04 3.336228214935349251e-04 3.415968656091072876e-04 3.562859872566963380e-04 3.551424397038145057e-04 3.263126752597527791e-04 2.586914420858794266e-04 1.727280477897239776e-04
1.865810423615610716e-04 2.623222948400256039e-04 3.163243442809982845e-04 3.245728959621993655e-04 3.323110288158720622e-04 3.332804563145835928e-04 3.266934951485545068e-04 3.249390561812648274e-04 3.282857218147646351e-04 3.309617019301969686e-04 3.424981510227079564e-04 3.535117591967293382e-04 3.439542382933716280e-04 3.282284566352933956e-04 3.268491334537215851e-04 3.435795984057115368e-04 3.491132268355923727e-04 3.385725658335622798e-04 3.296577243169354415e-04 3.327300174868125021e-04 3.380681032389300624e-04 3.288653357202314708e-04 3.217706186839728992e-04 3.209437626426545065e-04 3.221688100013553866e-04 3.199800594797016910e-04 3.235384764894619325e-04 3.328131333227415728e-04 3.360598997266406188e-04 3.360699737465356988e-04 3.357664043368187301e-04 3.282599479127733559e-04 3.238479607667247955e-04 3.345080744365073219e-04 3.395330982451007381e-04 3.331477699497060975e-04 3.268745814677463495e-04 3.346011487948090109e-04 3.497302260403414745e-04 3.486907986714703461e-04 3.376065815364978910e-04 3.355843053624851802e-04 3.361366600769476447e-04 3.296575246083482632e-04 3.242098043113965096e-04 3.154737449498940145e-04 3.196337556664050408e-04 3.305741516857727035e-04 3.317489884894060876e-04 3.397640271324063968e-04 3.439764972559049240e-04 3.428782251099406903e-04 3.421325357313733089e-04 3.413177989377718952e-04 3.451745205677794336e-04 3.355765730901110388e-04 3.137922722141865423e-04 3.126353560825172228e-04 3.279532417014717396e-04 3.477665653417937822e-04 3.641324447674532572e-04 3.702365712887491873e-04 3.583155545985892759e-04 3.259755494394916747e-04 3.053487468955541845e-04 3.135812585999502695e-04 3.398725095579212090e-04 3.675499527809357458e-04 3.601039451047973383e-04 3.339588909089453344e-04 3.278401486150555157e-04 3.427048759803892359e-04 3.577496073189844698e-04 3.538685916384024617e-04 3.353573616574026962e-04 3.272138397994700087e-04 3.277363860859664954e-04 3.320460183987190297e-04 3.295661281779953397e-04 3.240470358819488839e-04 3.340220548611405951e-04 3.430188103189483356e-04 3.442523646068754769e-04 3.354429176431256350e-04 3.237295121697130297e-04 3.178126895791098501e-04 3.177022901617661439e-04 3.304248762798420429e-04 3.460005767663660659e-04 3.579024193357553045e-04 3.595596623469118729e-04 3.505431979473758652e-04 3.341685895733532757e-04 3.271027249272178772e-04 3.390315362895869036e-04 3.567049709369041243e-04 3.535548337819577119e-04 3.230444108762678835e-04 2.576165509432329923e-04 1.679119226028359516e-04
1.856442223921700549e-04 2.565366749083771488e-04 3.062296679747318270e-04 3.197560450988560523e-04 3.359372826964541017e-04 3.482305557201483296e-04 3.518766352524899783e-04 3.544544645220684123e-04 3.496262659603479456e-04 3.403705084741423439e-04 3.426207111134557410e-04 3.431963280855324138e-04 3.269457827430645729e-04 3.170901150913396855e-04 3.275859953714604683e-04 3.414809075664480094e-04 3.415599622373980109e-04 3.371081046970642492e-04 3.362201946904156205e-04 3.435492281785495821e-04 3.455814280803459889e-04 3.298768045721644235e-04 3.168863581057800027e-04 3.251776309947935865e-04 3.386016670561226385e-04 3.351132087824953629e-04 3.330460606205604200e-04 3.410633803386412888e-04 3.405021613193295990e-04 3.305022186701379741e-04 3.184655771091574267e-04 3.166124362513432337e-04 3.232640129043529067e-04 3.330968789719844546e-04 3.398253611272641396e-04 3.388502719439393418e-04 3.275501555149583528e-04 3.336749997649873269e-04 3.516613962842664895e-04 3.485159032054309988e-04 3.390556278665649449e-04 3.403305411814155608e-04 3.363280883538276138e-04 3.233169851818173436e-04 3.263900368819469024e-04 3.309210942666852492e-04 3.411141596166258525e-04 3.506795964936053854e-04 3.456799022587708379e-04 3.428733815787267272e-04 3.330000637148359957e-04 3.312162499793548784e-04 3.363017035600722937e-04 3.437525297561486279e-04 3.538086799992394777e-04 3.413792946358941861e-04 3.146660278965910827e-04 3.131349313512994822e-04 3.306269119619966845e-04 3.517481991607043475e-04 3.663351283403556719e-04 3.708585706794229400e-04 3.578547842219305104e-04 3.290122973185442964e-04 3.107250122075162248e-04 3.224779360089839123e-04 3.551121796762700487e-04 3.785860357465403682e-04 3.600439350684223180e-04 3.219003807605099994e-04 3.078222940013431493e-04 3.290962578479418046e-04 3.493882745759663571e-04 3.409362124520561271e-04 3.186673296931968598e-04 3.146769920379120030e-04 3.240235148003539276e-04 3.329842310060453833e-04 3.348940453104366863e-04 3.326464190079054389e-04 3.439966668513549019e-04 3.475564789203754753e-04 3.400902785066667626e-04 3.310926544924976947e-04 3.260312794353320337e-04 3.308637536692757850e-04 3.364486608341532830e-04 3.402448402611036064e-04 3.377857702215880664e-04 3.349955039600005621e-04 3.332320370916328628e-04 3.282759718154341119e-04 3.195571868528872652e-04 3.246168619756794292e-04 3.414303395825482677e-04 3.517108505985425343e-04 3.383296526096827173e-04 3.040586391109983445e-04 2.402474499607086859e-04 1.531482043151604440e-04
1.991324644402320721e-04 2.624427538523596516e-04 3.056968180117448702e-04 3.209635367435413329e-04 3.312860129210627377e-04 3.415974303312829937e-04 3.513862977202984739e-04 3.637074450696054168e-04 3.685913798031230696e-04 3.600681673646417402e-04 3.505590698682132817e-04 3.396471903801481112e-04 3.230540251653266645e-04 3.197473599382473931e-04 3.330480198661218364e-04 3.375421772046293084e-04 3.315048157113591795e-04 3.350621942790484812e-04 3.505801328149652104e-04 3.669348454309449446e-04 3.604623556445339292e-04 3.380571653906021528e-04 3.277188358628345226e-04 3.392586624824362558e-04 3.515693952837280938e-04 3.446636030827943597e-04 3.398298523505377403e-04 3.479910520428133869e-04 3.465345362094763562e-04 3.334057389335254220e-04 3.211376677053877642e-04 3.301860973206115300e-04 3.459437031189982774e-04 3.467881796813595272e-04 3.458110100692547966e-04 3.495859930877200442e-04 3.378099451183868770e-04 3.391855111020837098e-04 3.537659568579144343e-04 3.454113278308899339e-04 3.351337832294818591e-04 3.367996587224734171e-04 3.314107956028372734e-04 3.217355994414324407e-04 3.318533343560728941e-04 3.419112823284953533e-04 3.460764637399984535e-04 3.508679997850126320e-04 3.510197124756458584e-04 3.462373771039787391e-04 3.317366845316669288e-04 3.267675437898938623e-04 3.274368941806677291e-04 3.360305722529817289e-04 3.504516236524029367e-04 3.418560677706072425e-04 3.199630416515473769e-04 3.162686489372915728e-04 3.240157315948391601e-04 3.287410797395606734e-04 3.337530415531100208e-04 3.437694489794349646e-04 3.387746047731369711e-04 3.247313695085499293e-04 3.218270934171211595e-04 3.366204294363506688e-04 3.619786132998244416e-04 3.688307278060807604e-04 3.482967293184448298e-04 3.169793940415813758e-04 3.007160808980874084e-04 3.177804929795680663e-04 3.296139824611393288e-04 3.251521042905554599e-04 3.176379336632655787e-04 3.159194872169632890e-04 3.185076583018823441e-04 3.254932065754402885e-04 3.335917871538307761e-04 3.339860977640619118e-04 3.400782307925886050e-04 3.390609883984013425e-04 3.283113291837943398e-04 3.256125223040779435e-04 3.298909838429474870e-04 3.440837408830640107e-04 3.638914757896225742e-04 3.686482703716907052e-04 3.456318806286254666e-04 3.210582260027068256e-04 3.161266114958884458e-04 3.140190751180623949e-04 3.182583212349022594e-04 3.426787762402972609e-04 3.594818661280213372e-04 3.540805214982241053e-04 3.281389604940822269e-04 2.857591549041059941e-04 2.204210227460635463e-04 1.428592687513596630e-04
2.109733053146492553e-04 2.707405451260190858e-04 3.101148626224367036e-04 3.229119850177523130e-04 3.248029348085105595e-04 3.292361462175395445e-04 3.363548718408916074e-04 3.423328602236231158e-04 3.489424662181339577e-04 3.484183196622644561e-04 3.404092100211905019e-04 3.244553580057588506e-04 3.139421551081168858e-04 3.258446587237923565e-04 3.407776347603388078e-04 3.351606021875294249e-04 3.248658327210563628e-04 3.312789400519308919e-04 3.568354966641865112e-04 3.792563806929023481e-04 3.600997801417625066e-04 3.302455760778177257e-04 3.328037675839897553e-04 3.505737523269513529e-04 3.547864348944011455e-04 3.439269521194808455e-04 3.422760535804521146e-04 3.550651698442588858e-04 3.526015678731661551e-04 3.377538636328768456e-04 3.272785002737958792e-04 3.378201033732294249e-04 3.517858824411088667e-04 3.488574512336999793e-04 3.508545117671948640e-04 3.603569312967999216e-04 3.494846257247236662e-04 3.409229274388971779e-04 3.440843579917073850e-04 3.336712015466978534e-04 3.282549216606610309e-04 3.361015578090794167e-04 3.329248837878962322e-04 3.223894876015183722e-04 3.260173443385083422e-04 3.366590328507233386e-04 3.409879356454321238e-04 3.362029656964915948e-04 3.362263571490821889e-04 3.404561253051502563e-04 3.352331118266150731e-04 3.330142611859059857e-04 3.318775763083548326e-04 3.369619075940153926e-04 3.468133060778927552e-04 3.400926997588142164e-04 3.223465425136225063e-04 3.184136634603151449e-04 3.240131938239312458e-04 3.201579450341453443e-04 3.176215128198263448e-04 3.324750483174498039e-04 3.335745965353192444e-04 3.301337150497602119e-04 3.372642632488253960e-04 3.493695818013361478e-04 3.576156480108238578e-04 3.446728305476282539e-04 3.278474839568399691e-04 3.173935457803271978e-04 3.130958945138655365e-04 3.198054410606874761e-04 3.189932596151604785e-04 3.249222521612308645e-04 3.345819496900595850e-04 3.310430685022577348e-04 3.165134276950634304e-04 3.147444635180244666e-04 3.286360269325400629e-04 3.367992502424262125e-04 3.423478972157107509e-04 3.452436579335393160e-04 3.379650006564837317e-04 3.306049966967079898e-04 3.249762837484339154e-04 3.267513691937541979e-04 3.524001869838933759e-04 3.768440219715779170e-04 3.625461422075571395e-04 3.359511785131945923e-04 3.239511951392968678e-04 3.146993687826373388e-04 3.243776617758486807e-04 3.548763974350103122e-04 3.657066521167434562e-04 3.560172977827634846e-04 3.350556418574426399e-04 2.943056997457491595e-04 2.222487112305453010e-04 1.466376871296793533e-04
2.381916645257503551e-04 2.969213623586629443e-04 3.298396936612529601e-04 3.324671462140891490e-04 3.292447837761303901e-04 3.354521793623050372e-04 3.453631802875304626e-04 3.382644805238700560e-04 3.280998633761353324e-04 3.283365089063758433e-04 3.336817049506381259e-04 3.232047413471799378e-04 3.133898400400356513e-04 3.281143498826128010e-04 3.458130129232173371e-04 3.459213139673734320e-04 3.382325334727218861e-04 3.315348314726167516e-04 3.356372330598748508e-04 3.492442889042911345e-04 3.379183585292639888e-04 3.210810272873207568e-04 3.330293764366575471e-04 3.502824983878560956e-04 3.486594057128871381e-04 3.380236884841653078e-04 3.352012149659146212e-04 3.483207302519699495e-04 3.504912574666035679e-04 3.342970050397932910e-04 3.216587704726007069e-04 3.278496525334337114e-04 3.362356222635439103e-04 3.391094394932004405e-04 3.483118131581546006e-04 3.534100034343893486e-04 3.409912799765244017e-04 3.293417294420458046e-04 3.242223962681518509e-04 3.162089917161484435e-04 3.141433362868754258e-04 3.266133778846950098e-04 3.340496278685270806e-04 3.254689412173403761e-04 3.197736162207836857e-04 3.330194237252549609e-04 3.484988267436820147e-04 3.380663395281338916e-04 3.286830291649336759e-04 3.355890433322268737e-04 3.383230839582327472e-04 3.427706350917700804e-04 3.440955658512681765e-04 3.439748077672060800e-04 3.495662634576755367e-04 3.462655463337540132e-04 3.260725965981516906e-04 3.178078394285936128e-04 3.292981010670280686e-04 3.317945435367253412e-04 3.245979395267922308e-04 3.339275015876385874e-04 3.407995091194153826e-04 3.437433177462453633e-04 3.465377306257599313e-04 3.450504146932864493e-04 3.333620991573116180e-04 3.147263407316697485e-04 3.149831659371563931e-04 3.283371319424063252e-04 3.363007301575171191e-04 3.335687499035418398e-04 3.271733810567135740e-04 3.392009369606133217e-04 3.534147724750247841e-04 3.446408111226205743e-04 3.196360972182639166e-04 3.136939268738252835e-04 3.264986544914757084e-04 3.358572406635268199e-04 3.439987083202333948e-04 3.573289973155175693e-04 3.603821908283340032e-04 3.469930437373227672e-04 3.253936788453416946e-04 3.043552514394236123e-04 3.138103839086041043e-04 3.451689039581609555e-04 3.487125400901149833e-04 3.341915617058104581e-04 3.231213219692321442e-04 3.156164335476654959e-04 3.257294425931267241e-04 3.448636277652643539e-04 3.423510677681688595e-04 3.346479738414455092e-04 3.351938342008028504e-04 3.123064337017956559e-04 2.329496005349130120e-04 1.461742453959893634e-04
2.513645186991064133e-04 3.198415109610831938e-04 3.517528872140442998e-04 3.373505185272247797e-04 3.243126935037691084e-04 3.317604399788905687e-04 3.484025382302870970e-04 3.455351826748559864e-04 3.355454845419061373e-04 3.280664428376319202e-04 3.339172496534530566e-04 3.370983081544036094e-04 3.297304050377861638e-04 3.330449943428600082e-04 3.444684002339279318e-04 3.512737429808532558e-04 3.459795721719423692e-04 3.342522399060682617e-04 3.222022986839126208e-04 3.195166753565060655e-04 3.179372389652221917e-04 3.211049695996393547e-04 3.397737961048585506e-04 3.532679925824020037e-04 3.474662255724340464e-04 3.373719617459093037e-04 3.250672953336978827e-04 3.254365435680116932e-04 3.343600869386077518e-04 3.297811340649575056e-04 3.206899481557444888e-04 3.202113072948987158e-04 3.196247980412827028e-04 3.244396346727136779e-04 3.338376177242242254e-04 3.370488335759944196e-04 3.269428803889075971e-04 3.209203565846346874e-04 3.216324737666024190e-04 3.194991909081855257e-04 3.139218856624746115e-04 3.175438423385157707e-04 3.290136052213864237e-04 3.303016532482014843e-04 3.218395369494047318e-04 3.278329847168340761e-04 3.484042459641736910e-04 3.497590088099865368e-04 3.403145331227013480e-04 3.381111545571828503e-04 3.354764331699363602e-04 3.401953733559466412e-04 3.435746561045006182e-04 3.395794085888470103e-04 3.451412383464822885e-04 3.511045773948310352e-04 3.331550933819556149e-04 3.190984439003631632e-04 3.319516485802456425e-04 3.416834604988481074e-04 3.406507671509078619e-04 3.463716741456690246e-04 3.462679249774428761e-04 3.377098333829230028e-04 3.295122805298061029e-04 3.214701611891467980e-04 3.061996356365458941e-04 2.991910711658545430e-04 3.204373984352201690e-04 3.470229873356701976e-04 3.589881244959781145e-04 3.529948792941389941e-04 3.465697270375028686e-04 3.598679166359595614e-04 3.719809914740676137e-04 3.568985040872660395e-04 3.294399774391469291e-04 3.212401428593812062e-04 3.232494921828577917e-04 3.227353063646519558e-04 3.309614169002803074e-04 3.536520268890064106e-04 3.635755136558176288e-04 3.436523273406324195e-04 3.157501631149017981e-04 2.959196605891248073e-04 2.992619621487257022e-04 3.202797598302737064e-04 3.249469690348644516e-04 3.211699881647074508e-04 3.193390115671403389e-04 3.220894718171305165e-04 3.290036770006317911e-04 3.300275234955751119e-04 3.171495328012598940e-04 3.107417517127294016e-04 3.204427166068575593e-04 3.059544398138762280e-04 2.268140049820617065e-04 1.343778591072871591e-04
2.295089697954035544e-04 3.125540938822664251e-04 3.487901930629089481e-04 3.226966550368127974e-04 3.033650378676457527e-04 3.090738165113502724e-04 3.303222423030649003e-04 3.467079844311245890e-04 3.538933887158998357e-04 3.368517679158927573e-04 3.236394794461963089e-04 3.288311591514514812e-04 3.299661097787349355e-04 3.338252120616510589e-04 3.414515393632167354e-04 3.453021008078615379e-04 3.344407213459084371e-04 3.280340953004580061e-04 3.254804798027204028e-04 3.224667187291541939e-04 3.197403802231227332e-04 3.232408132084062420e-04 3.386701114452236091e-04 3.498920752858438875e-04 3.507106619908108096e-04 3.477055875655747728e-04 3.267294614753633430e-04 3.116479385958016322e-04 3.184295576019199967e-04 3.272560930576625402e-04 3.274086684187802929e-04 3.240442264827079165e-04 3.212801039286930851e-04 3.282250599201827707e-04 3.293072631462706529e-04 3.267667058311992962e-04 3.254344354323782931e-04 3.339620258042214833e-04 3.444773127410314653e-04 3.381782441797501638e-04 3.215451927575606848e-04 3.155887182524943742e-04 3.261503755004090187e-04 3.371567255147094760e-04 3.296257327062485413e-04 3.187995691595747576e-04 3.262472695742126114e-04 3.366579046869039760e-04 3.440015992322712542e-04 3.447980548045047940e-04 3.320660372965334849e-04 3.276035492543548757e-04 3.286179369975234226e-04 3.263239899802178106e-04 3.357749316534630905e-04 3.495345688007946909e-04 3.404019286242898189e-04 3.264231755456523977e-04 3.341926528471125530e-04 3.432524209875035918e-04 3.537156751685302395e-04 3.634112160510795950e-04 3.540983891604485055e-04 3.319374185082193214e-04 3.166690325308691117e-04 3.121841332785162256e-04 3.028757001276141713e-04 2.987719084126112768e-04 3.193923002413514688e-04 3.457265214586764538e-04 3.630997468047940315e-04 3.595428670612743627e-04 3.482992597266956021e-04 3.573960312296629578e-04 3.667552859542830062e-04 3.556015778776033397e-04 3.447722396577437083e-04 3.393695162489557575e-04 3.272117149397370727e-04 3.149889686343313681e-04 3.187649302311050623e-04 3.405248436112171592e-04 3.452551171233597714e-04 3.174298980993622800e-04 2.972064386692516939e-04 3.057367204079098418e-04 3.231414794117375101e-04 3.296209237683226105e-04 3.230886384427235684e-04 3.239717394808269875e-04 3.292561758406223294e-04 3.356551245265316889e-04 3.385820384730807106e-04 3.350318329405206587e-04 3.258953995524601103e-04 3.148449256790502269e-04 3.101185399432417706e-04 2.901062771767962080e-04 2.187171063230133818e-04 1.310204600378100676e-04
2.254157074063992149e-04 2.978323465910344544e-04 3.284315973933193424e-04 3.039212702445663822e-04 2.899239579279831204e-04 2.977280539180312061e-04 3.214664776340289687e-04 3.505338975420081498e-04 3.642284592353650370e-04 3.455118870049340811e-04 3.205056577998843413e-04 3.138047747525633661e-04 3.160426352799712547e-04 3.306738315215731376e-04 3.448865512746043934e-04 3.479783513804884346e-04 3.352946646293428591e-04 3.279749137311482269e-04 3.298986161687217497e-04 3.350274740119287779e-04 3.318156784516149366e-04 3.236315643499643353e-04 3.207263879392955068e-04 3.258767529324819415e-04 3.392830748926629371e-04 3.436946802410915025e-04 3.263308672723236738e-04 3.172589953102615133e-04 3.220031839969995078e-04 3.280946055784428805e-04 3.317169012230775224e-04 3.334614648108664026e-04 3.388213399202004406e-04 3.513248690966225491e-04 3.401204567803407276e-04 3.173306146712284660e-04 3.157024223508469573e-04 3.373960477673885756e-04 3.590994737934719971e-04 3.514624486660698766e-04 3.280781578910207724e-04 3.205490881108094981e-04 3.315167433712521566e-04 3.470935321273609792e-04 3.439323227513004845e-04 3.253202708302859684e-04 3.175269505121216434e-04 3.218093565870737199e-04 3.355283371091081286e-04 3.452284213583005140e-04 3.342711746717875847e-04 3.238828540057357578e-04 3.216196702973821999e-04 3.239609023986576787e-04 3.343081851932550030e-04 3.465023123415991962e-04 3.499058643724419675e-04 3.415986426984711890e-04 3.319909213141549560e-04 3.267643663351316673e-04 3.423897309427411393e-04 3.610467439713156094e-04 3.573982025014148158e-04 3.441677486057105563e-04 3.372462986132303644e-04 3.373023270589210602e-04 3.270849040977313600e-04 3.089882732174392362e-04 3.143292266802848048e-04 3.396034801996708876e-04 3.594531443873582189e-04 3.534786097246652402e-04 3.346915461957247415e-04 3.314000145859997580e-04 3.328589013412098976e-04 3.312558192088007562e-04 3.454058730236635785e-04 3.519165322323673599e-04 3.375167588517307467e-04 3.224054343353134839e-04 3.209791438238088646e-04 3.394769276435603963e-04 3.406730304390769275e-04 3.159972901922896761e-04 3.094191106220597030e-04 3.366760624050786632e-04 3.573981510305682422e-04 3.465526719377970410e-04 3.270441396473040504e-04 3.256866958072610367e-04 3.337378124010025558e-04 3.430567028794583072e-04 3.481984673456612776e-04 3.449975973448451277e-04 3.360964969962911561e-04 3.219123176794321754e-04 3.108681295271249799e-04 2.909561187896861334e-04 2.250484964198312850e-04 1.386193209426874471e-04
2.479287340292712460e-04 3.026241949740784759e-04 3.232527297700665348e-04 3.048635544667152694e-04 3.011366404744404354e-04 3.180276596267185042e-04 3.356473945806844311e-04 3.536494720216381811e-04 3.638700502103668676e-04 3.525266306222247744e-04 3.280131689203278581e-04 3.148352095270189619e-04 3.199140254165871566e-04 3.409215055944502014e-04 3.534553583998541432e-04 3.549088981080991993e-04 3.468149890816381829e-04 3.336268831922585380e-04 3.296847628081020672e-04 3.372341343505360712e-04 3.382709002805827205e-04 3.322158229691046100e-04 3.185137817474246926e-04 3.124401275981801064e-04 3.221992053797857248e-04 3.240898766977255447e-04 3.241496588147887775e-04 3.345756378679593402e-04 3.359338537509185506e-04 3.342875519078915736e-04 3.427194297277203231e-04 3.513880747426327686e-04 3.570501624746856475e-04 3.663198157730256695e-04 3.499410879428723744e-04 3.168616320544061422e-04 3.060569504330279324e-04 3.233898563983945182e-04 3.489677772834386712e-04 3.484817771424885855e-04 3.306378200164471052e-04 3.281347289381486652e-04 3.428290313703018168e-04 3.596967984829645961e-04 3.598485474728701670e-04 3.434601953448153779e-04 3.315780917790676517e-04 3.274283755268384086e-04 3.297047032958578573e-04 3.369412023243585456e-04 3.358782099005891094e-04 3.310905019648288910e-04 3.298855722475701070e-04 3.337675308849990521e-04 3.376063511611539269e-04 3.415328065969939174e-04 3.517198285096163933e-04 3.474613974036072812e-04 3.236685153381204760e-04 3.095283738612399213e-04 3.235377328522858441e-04 3.401505060036301106e-04 3.384124208125430266e-04 3.365018923121179759e-04 3.395044789322721715e-04 3.489718446245730849e-04 3.487339807429304947e-04 3.250687109775066575e-04 3.170804177676639617e-04 3.368365763011833955e-04 3.532498296306713775e-04 3.425166939969599006e-04 3.185418148532344058e-04 3.066562325191760454e-04 3.053570683329694070e-04 3.075863298374879352e-04 3.280516505349336410e-04 3.443919665335845484e-04 3.439898759872856413e-04 3.393712954795890255e-04 3.342874175981339763e-04 3.446798626164465596e-04 3.436072665561112276e-04 3.306185357984553789e-04 3.319834123688372609e-04 3.500328330217356964e-04 3.598600353948584176e-04 3.466764730953218960e-04 3.271214874437078346e-04 3.202640448824617967e-04 3.257182263360928944e-04 3.391735619499055675e-04 3.468634301666615035e-04 3.395071015225956286e-04 3.275205741409933013e-04 3.216882092235982859e-04 3.243723273491838557e-04 3.103324103703847237e-04 2.421245497897298027e-04 1.511866415820772185e-04
2.492412428063324210e-04 3.044574973472559919e-04 3.251321102533223173e-04 3.171095803446926471e-04 3.258368606271821793e-04 3.479422768714388178e-04 3.511488362177928382e-04 3.504562397044810569e-04 3.611336565113138180e-04 3.586772464268910541e-04 3.339722125140135280e-04 3.188695666346255588e-04 3.266794514481324786e-04 3.419515408417105615e-04 3.436293149247585522e-04 3.470512064493886393e-04 3.518580586765885222e-04 3.387935970517271704e-04 3.277373023879148750e-04 3.332352059051591105e-04 3.360745585951834631e-04 3.375059508626760741e-04 3.281856188790813807e-04 3.155866746935867225e-04 3.169729539941215472e-04 3.196843673008013028e-04 3.310526865515046402e-04 3.442409124810534961e-04 3.397298797547903789e-04 3.385869148061732914e-04 3.573895874983954216e-04 3.724537179310012354e-04 3.689703398645877933e-04 3.629874889167969670e-04 3.434040651068375177e-04 3.211228699196817739e-04 3.112364477345155866e-04 3.168453458420099843e-04 3.370708702858420049e-04 3.440138634460779840e-04 3.351348511128379292e-04 3.306274351792477307e-04 3.406531145642609161e-04 3.558978329349215403e-04 3.594946630516766307e-04 3.527381948871853383e-04 3.458123421944758009e-04 3.323613647812340664e-04 3.216651366857404214e-04 3.266533962841518062e-04 3.367328210384187988e-04 3.424232342720237208e-04 3.399339650102047201e-04 3.330973432109557756e-04 3.243923215789475058e-04 3.262677355256927460e-04 3.464180276015092698e-04 3.514943175715343291e-04 3.275528704330608583e-04 3.136281837239710815e-04 3.225182300820350666e-04 3.273688842369751177e-04 3.223063097149738961e-04 3.239372888754486800e-04 3.291933848482620677e-04 3.452635502379644084e-04 3.526068106375021029e-04 3.316625421234021967e-04 3.190939940040865086e-04 3.300667120872128788e-04 3.393348462984653894e-04 3.221675165218533315e-04 2.980681357638340057e-04 3.004554155127486478e-04 3.201910596083997569e-04 3.253400619167784794e-04 3.228574211410316233e-04 3.237242736199159561e-04 3.341308921449266472e-04 3.463585722648917847e-04 3.437125672959855018e-04 3.419350106417695548e-04 3.352497913992314414e-04 3.345013014953707848e-04 3.421977874169956782e-04 3.423992931261093356e-04 3.392309406579880693e-04 3.377219011396428061e-04 3.297620012803408962e-04 3.206838379298481128e-04 3.191918415513106530e-04 3.283069418017417343e-04 3.331842764933459463e-04 3.291395446281801139e-04 3.234480820805150708e-04 3.262426662312826781e-04 3.389147257216658686e-04 3.273883278073602124e-04 2.564540420473977169e-04 1.600000303507321403e-04
2.190944048095064722e-04 2.866653602337138648e-04 3.218452932212440172e-04 3.244431926327368530e-04 3.331707564916836775e-04 3.516735216331494818e-04 3.541917888015436253e-04 3.496397467511152125e-04 3.501160519184859290e-04 3.435809582223593294e-04 3.277623079310666016e-04 3.207413731151189176e-04 3.273152486493583792e-04 3.320356183302630238e-04 3.276229788237216894e-04 3.305975361849855911e-04 3.406729538411446120e-04 3.352955930975569008e-04 3.217478934413067716e-04 3.221884178295532364e-04 3.241137088030281036e-04 3.303191077731808213e-04 3.339138225714787856e-04 3.296480849001488540e-04 3.308350133799614450e-04 3.377067743674413806e-04 3.448942230222343014e-04 3.430057347321815216e-04 3.289278292159061347e-04 3.232587029857470753e-04 3.448972668059709134e-04 3.641815581169004484e-04 3.608742056244913527e-04 3.486909348788224923e-04 3.275086734512538109e-04 3.196514592330177221e-04 3.192967897344441272e-04 3.245016629411183852e-04 3.461032059002235235e-04 3.559548001125731071e-04 3.446347453941548409e-04 3.289673505853945332e-04 3.280800503519498397e-04 3.405701314233756547e-04 3.454831611244598018e-04 3.404063748859027230e-04 3.354703858938427982e-04 3.209625193066151737e-04 3.117033835005571371e-04 3.219286864794078493e-04 3.353590176551711878e-04 3.469882872655984129e-04 3.465169189465734591e-04 3.320071023772371618e-04 3.163408009188463507e-04 3.168130305823000292e-04 3.389801941348842313e-04 3.507586935603535221e-04 3.323108500565690750e-04 3.221411015656753217e-04 3.324641344689009464e-04 3.330152394900292440e-04 3.230817591583823355e-04 3.245014604877508924e-04 3.309999491527269074e-04 3.420172182410551802e-04 3.403540972650797398e-04 3.231989942200986284e-04 3.187329570442777680e-04 3.324038499464929564e-04 3.366237863737282657e-04 3.153577003254531700e-04 3.010636705298753448e-04 3.210211324414233357e-04 3.509574172168493334e-04 3.553847474905574995e-04 3.331949511968883260e-04 3.160701555080852512e-04 3.268664908585700284e-04 3.439638200163545965e-04 3.442435230512977395e-04 3.443417368013221183e-04 3.420571034456051040e-04 3.419176569966686161e-04 3.465864699930451521e-04 3.405585293172357954e-04 3.350616945528920839e-04 3.420253729365303232e-04 3.420438747053344136e-04 3.304299780827955587e-04 3.188415717763912541e-04 3.190343628320131816e-04 3.199594733966908567e-04 3.252109577637225368e-04 3.286976473420135172e-04 3.312677084330281131e-04 3.397793233269075252e-04 3.247341365847678267e-04 2.544008949547739754e-04 1.582234794093528255e-04
2.025239213013165125e-04 2.763912127027019858e-04 3.211395431626995673e-04 3.212595151988122230e-04 3.152793128125440034e-04 3.285507217379719487e-04 3.452585484696747134e-04 3.469730210288100272e-04 3.299573327863598556e-04 3.166071306967051940e-04 3.166680611858808904e-04 3.215157105208254714e-04 3.302597515082368899e-04 3.345839902755007658e-04 3.336945597478369421e-04 3.270656515406288219e-04 3.199862676938064346e-04 3.189434414772895931e-04 3.164824740861238569e-04 3.188419071561671798e-04 3.190037210389743989e-04 3.212553554149884011e-04 3.317942447477993401e-04 3.381192732633656094e-04 3.387746583683024946e-04 3.469883818676246581e-04 3.520894996629465260e-04 3.454770490048039168e-04 3.275634476952599952e-04 3.124322028549352350e-04 3.232391711556778058e-04 3.337741898794074511e-04 3.362683363388926363e-04 3.364436797505526841e-04 3.253803590007068799e-04 3.237072960923010776e-04 3.263199906871530175e-04 3.408615775474419744e-04 3.617792966273573408e-04 3.578377127763023458e-04 3.367153703252691657e-04 3.153117965162247527e-04 3.127386386234047686e-04 3.303522233909152606e-04 3.349940121651132346e-04 3.199923856957399490e-04 3.113599537574500637e-04 3.075176349894882810e-04 3.105526927322263629e-04 3.246965992061804111e-04 3.326672706199183252e-04 3.427048590139506737e-04 3.469814662551507032e-04 3.374090164212105230e-04 3.221024360301802782e-04 3.170295149439368056e-04 3.294170290440757726e-04 3.342271940863448523e-04 3.212164019847879950e-04 3.239153172386417465e-04 3.467875924486242697e-04 3.503544731692954527e-04 3.322461888200836091e-04 3.266486571415108241e-04 3.296430515945061347e-04 3.338700584886619390e-04 3.322204859432634260e-04 3.213007549285190069e-04 3.198317204582650083e-04 3.355483231392470973e-04 3.406585655858496153e-04 3.315279609185082556e-04 3.289858356393650591e-04 3.391511868646836583e-04 3.494539836635492721e-04 3.528691720444803457e-04 3.417469530885407919e-04 3.292039244286220018e-04 3.320586465468766766e-04 3.374610318745216312e-04 3.388694189448443624e-04 3.493251373067435511e-04 3.539926699256377182e-04 3.437681093780944105e-04 3.355394181488477825e-04 3.336449269030585581e-04 3.391449704212924133e-04 3.505940643192247217e-04 3.544216661660009433e-04 3.436234264945221394e-04 3.249169113418189222e-04 3.117139296809910741e-04 3.053308969552743016e-04 3.203450775783004832e-04 3.354964860557006399e-04 3.362884918584303036e-04 3.345465506124072497e-04 3.122644680813074151e-04 2.440521503782080146e-04 1.581445841238319138e-04
2.239030050960028712e-04 2.891657514293583800e-04 3.236647459791219903e-04 3.143132607381490459e-04 3.001448604092462019e-04 3.096690655837095710e-04 3.266966583537024636e-04 3.313690812623064320e-04 3.181195018396592460e-04 3.128887001837819294e-04 3.167080535860528762e-04 3.196004072572748494e-04 3.321558802201091424e-04 3.463272729550516339e-04 3.503238271153228875e-04 3.319463179462556505e-04 3.085890615929434829e-04 3.109197301625499926e-04 3.210891908679898042e-04 3.298711254453917316e-04 3.289776126548791852e-04 3.201027780730770567e-04 3.279079263858961655e-04 3.342009715762898989e-04 3.301957218631464391e-04 3.403377296884840786e-04 3.473835491091187343e-04 3.408617393956146421e-04 3.250131931691687846e-04 3.106873863128648645e-04 3.116848895557774611e-04 3.152839386042058292e-04 3.286597969224663027e-04 3.391707709830413730e-04 3.303578798810440911e-04 3.257705784608205509e-04 3.281749192239241707e-04 3.515746514886133878e-04 3.677497595190168584e-04 3.499378491786473019e-04 3.224637327955696053e-04 2.987588544588980471e-04 3.034996909096586838e-04 3.309174295336691747e-04 3.384317147999425833e-04 3.256855730768310896e-04 3.189834038561361468e-04 3.221383464034849146e-04 3.291338549271235689e-04 3.341688256689078406e-04 3.327812391301775575e-04 3.353977255723900128e-04 3.360952118399705463e-04 3.346486818260364926e-04 3.274226075933084129e-04 3.253616401832756713e-04 3.326429276946519641e-04 3.265521001518649101e-04 3.146815860965714810e-04 3.239586137777204387e-04 3.507358587132021303e-04 3.589986331135633325e-04 3.441348967373460089e-04 3.325237408206369190e-04 3.314014669562205919e-04 3.363701195407198317e-04 3.423827149849237674e-04 3.366590040510434667e-04 3.249807889084144479e-04 3.280624611786465451e-04 3.374183717724445089e-04 3.465769204250729882e-04 3.450418598908036680e-04 3.323834482511497999e-04 3.281620934143549798e-04 3.369308345355602734e-04 3.440227978898171852e-04 3.426190665147660873e-04 3.358859242269081813e-04 3.294264158153752012e-04 3.320666732241602317e-04 3.415392085031356256e-04 3.447574440043741804e-04 3.371079421287195041e-04 3.257814963050698802e-04 3.201359865672470965e-04 3.298029567119170700e-04 3.468542682449570185e-04 3.568360984487953637e-04 3.471585645667109527e-04 3.281637998174580543e-04 3.137989893794354817e-04 3.100125147633952388e-04 3.275880583228520495e-04 3.421513887411759252e-04 3.369316414930048241e-04 3.284620821226836131e-04 3.056642830842559938e-04 2.419801829103169761e-04 1.629680923718820234e-04
2.393377220309032762e-04 3.000603986778472426e-04 3.330740841247477931e-04 3.309057431266269563e-04 3.182602345071273726e-04 3.128065587745008447e-04 3.116493304628505491e-04 3.195604738841810108e-04 3.309710409680910069e-04 3.448768859763290135e-04 3.412021854131436368e-04 3.283916146744412633e-04 3.343805077064569069e-04 3.496854408836932385e-04 3.495836338952167978e-04 3.300527300504817142e-04 3.109777991111604772e-04 3.183038475280938534e-04 3.348331571963090677e-04 3.497507773775908649e-04 3.486734056687114868e-04 3.320978958905444235e-04 3.344329658269374283e-04 3.351559333026659575e-04 3.296887248492078558e-04 3.397373913597510333e-04 3.437135116802117582e-04 3.320859709126020823e-04 3.161969330444948899e-04 3.074425183807140611e-04 3.055002648518080188e-04 3.096123303337693609e-04 3.278662355704679257e-04 3.349373395709321320e-04 3.187104682186123628e-04 3.083225350519888056e-04 3.157493971125278540e-04 3.460791659112237833e-04 3.660770084605135654e-04 3.493105298265127695e-04 3.159329405809169688e-04 2.924655441509578535e-04 3.120190339138243537e-04 3.408907514257975046e-04 3.428362105887701179e-04 3.413322816867411704e-04 3.466530580740909899e-04 3.533617379679933074e-04 3.504277273163278758e-04 3.364835430865897479e-04 3.305448107093337563e-04 3.358342446095297041e-04 3.360187694874047781e-04 3.339615928666933705e-04 3.314277017285593985e-04 3.387812989049705120e-04 3.476565351235241666e-04 3.377472255104303203e-04 3.284086461339325762e-04 3.314690756740008458e-04 3.432715304878801053e-04 3.526597159103984132e-04 3.519622650652770622e-04 3.398522619785728665e-04 3.365645445208283008e-04 3.466623257554524206e-04 3.518148878883353811e-04 3.421865856515283241e-04 3.234377841996407036e-04 3.201626733713935045e-04 3.392741285706808805e-04 3.558979005264933113e-04 3.441861984648089462e-04 3.207698269403716929e-04 3.144144315914034057e-04 3.187928089876507741e-04 3.323623393063760193e-04 3.469878215398129479e-04 3.424888191708136517e-04 3.316600048384956041e-04 3.308659231281221857e-04 3.297170389289311382e-04 3.299297543065571217e-04 3.403760140686562692e-04 3.381912949389671852e-04 3.181442772224994816e-04 3.152713491606716186e-04 3.316915191553237172e-04 3.438465837988814440e-04 3.344476710642334564e-04 3.207079901411678856e-04 3.245152645546015794e-04 3.364334930757767374e-04 3.440895976056429278e-04 3.427415309242933840e-04 3.296022740314303798e-04 3.244787564167227753e-04 3.108913532359802224e-04 2.497942237306585798e-04 1.694377039248876017e-04
2.233293413493953126e-04 2.876296229969135722e-04 3.347446618738601819e-04 3.522322083127079695e-04 3.507324930344332963e-04 3.321552844748887345e-04 3.151867766638098852e-04 3.234698511007875598e-04 3.432412160348837101e-04 3.644758214477286954e-04 3.623316596556798224e-04 3.442339671047218216e-04 3.375106711836443202e-04 3.405002144921780703e-04 3.335773702418240103e-04 3.265401798271132705e-04 3.281831330773962285e-04 3.415065665706159908e-04 3.541743338917432071e-04 3.598864083862676365e-04 3.528656165080022592e-04 3.362150794543068005e-04 3.353058611869431981e-04 3.369573082255772562e-04 3.345825920467961805e-04 3.425644276971625797e-04 3.474514530212998668e-04 3.387139465627603914e-04 3.294283750530199902e-04 3.312272280338560311e-04 3.263571697500864842e-04 3.165027233963414992e-04 3.181251695012768865e-04 3.205540434244704209e-04 3.116126057479624888e-04 2.989019581136729436e-04 3.045927489029743706e-04 3.329617994745498206e-04 3.577016561982487158e-04 3.553292142071327571e-04 3.275158871892979492e-04 3.085602014331322593e-04 3.315420893620430387e-04 3.485885552231781336e-04 3.351046107227732655e-04 3.305640460321049821e-04 3.480602815464859659e-04 3.637993116224790598e-04 3.531068429799838352e-04 3.306193332320752753e-04 3.271284326099324581e-04 3.364491361709583562e-04 3.400214554112511119e-04 3.333080909271109345e-04 3.250384174212151474e-04 3.352484805717599711e-04 3.503490668391250713e-04 3.438877514899938998e-04 3.407509395905126688e-04 3.411258888969208162e-04 3.347110328481831725e-04 3.337655320983740157e-04 3.368107392907207596e-04 3.302403429988078325e-04 3.288172306521286014e-04 3.386832186425565842e-04 3.402347740915581285e-04 3.256414924150759400e-04 3.109428452166480600e-04 3.194170928896216755e-04 3.493892517208769697e-04 3.644331132449294373e-04 3.479240714906469507e-04 3.288005132049680746e-04 3.274427098201917736e-04 3.230089664942055309e-04 3.263503700839846073e-04 3.422254484831004670e-04 3.431570521932712651e-04 3.359903448693123476e-04 3.301456675239770704e-04 3.211702741548617523e-04 3.237833673041613835e-04 3.492891771768092714e-04 3.541766239955374158e-04 3.260749518868120847e-04 3.118872988129214050e-04 3.220464870887308805e-04 3.326297079223746681e-04 3.308088726991796126e-04 3.270835248229574848e-04 3.410990061895926564e-04 3.572506053430485112e-04 3.513507070278897417e-04 3.393228089878450038e-04 3.296030704024536509e-04 3.296549928794388477e-04 3.178776942519733937e-04 2.550782809465739474e-04 1.732622147654618255e-04
2.036079623456954729e-04 2.680057994582899124e-04 3.191319618303636776e-04 3.380832492643448236e-04 3.428926562791124576e-04 3.309987138064512209e-04 3.252263311112829972e-04 3.336712884016900188e-04 3.351445896290752759e-04 3.459876752249165812e-04 3.579614154735644171e-04 3.503566845365895400e-04 3.340765200167786523e-04 3.228285609551081493e-04 3.157541737778587609e-04 3.218461659260570549e-04 3.368066804797069120e-04 3.480884992983770358e-04 3.494514671539946044e-04 3.387458204142270563e-04 3.301681244499985249e-04 3.208812579073977152e-04 3.201702076560984721e-04 3.312101975842802310e-04 3.324312140569216046e-04 3.353727334173609281e-04 3.478561598343456402e-04 3.475447238125252479e-04 3.467605278503882839e-04 3.563030946863260341e-04 3.501900718861143636e-04 3.320513098434811497e-04 3.221874941405762052e-04 3.238280014319945685e-04 3.248539310377181145e-04 3.151426965010175859e-04 3.152940496529311066e-04 3.284215357957907290e-04 3.461995222509162834e-04 3.517114640025984906e-04 3.369588032222412097e-04 3.332087675350024997e-04 3.484757598202762501e-04 3.488900946292593187e-04 3.270183702574674727e-04 3.124398794998240652e-04 3.325790254707164124e-04 3.487181991278551869e-04 3.327434132593123321e-04 3.201164975228269283e-04 3.272596563968630705e-04 3.352274435657478873e-04 3.414255530398111762e-04 3.357713292072744046e-04 3.252076360192506042e-04 3.341408229313565996e-04 3.494452159648877773e-04 3.419890034688715741e-04 3.408890867266800183e-04 3.459937443711573295e-04 3.367982638654341918e-04 3.294686037418027781e-04 3.226179621878715650e-04 3.155879976085396534e-04 3.216047305023253707e-04 3.342645942220843765e-04 3.358701951299050128e-04 3.185846771455514478e-04 3.037328469221916910e-04 3.158302541332747709e-04 3.448112063159386063e-04 3.611497361692041089e-04 3.556320871954647559e-04 3.421829049255752401e-04 3.424141474673779136e-04 3.364576510234473035e-04 3.266532856295876813e-04 3.275816407599729872e-04 3.296324492937285282e-04 3.333688044664177537e-04 3.322369351116890050e-04 3.261302653419547847e-04 3.323812422498440737e-04 3.548101786639966827e-04 3.589930602156364559e-04 3.412091155527725156e-04 3.313312234615833061e-04 3.376392176657128574e-04 3.399820284168691845e-04 3.393653510026020930e-04 3.388037213662590868e-04 3.461777481712106702e-04 3.531538556039553458e-04 3.413829562357650416e-04 3.301361450824478170e-04 3.300560204579219359e-04 3.304089738112809876e-04 3.086147552847657433e-04 2.410106972534322898e-04 1.609264423339748246e-04
1.981496139150952767e-04 2.624415023015785084e-04 3.113061237283803150e-04 3.204408481580746587e-04 3.202304616995566401e-04 3.152377132063207202e-04 3.273503941717082551e-04 3.419060148447775364e-04 3.322046490457792592e-04 3.310930399364307589e-04 3.481243405338818033e-04 3.500499867024343937e-04 3.336576150369263433e-04 3.160304507725026800e-04 3.118659567215741795e-04 3.218197341470863202e-04 3.377461970983081487e-04 3.415892237982008899e-04 3.308415575076388082e-04 3.162045367736828448e-04 3.151727387688947569e-04 3.098190504273712863e-04 3.060628641967209776e-04 3.212357636328898422e-04 3.302746050117930814e-04 3.373257125417183097e-04 3.504161471312832723e-04 3.479762430075779853e-04 3.467760201681167713e-04 3.529785177200676569e-04 3.530715674646196138e-04 3.437554266394514738e-04 3.340242129714115962e-04 3.343687782447305758e-04 3.374535363619255053e-04 3.350245507761838394e-04 3.366961428057838978e-04 3.356111550748470972e-04 3.368146857206965380e-04 3.355714704136370831e-04 3.310924944489392107e-04 3.435578737655942518e-04 3.542480163881115036e-04 3.441786547873545423e-04 3.252910887005030648e-04 3.141790240127832865e-04 3.301031673342842265e-04 3.364362719731067578e-04 3.200682322634791329e-04 3.189822531508778539e-04 3.314188882800778472e-04 3.348556422569187686e-04 3.409526494296095337e-04 3.380594325875856902e-04 3.267290909443100748e-04 3.326765535743106969e-04 3.439574895531795568e-04 3.372032551830027162e-04 3.374761704980464190e-04 3.478840340641168889e-04 3.484272268537280800e-04 3.461972872039389276e-04 3.275663559373312049e-04 3.087698270911957955e-04 3.184760061958897127e-04 3.397470004605253335e-04 3.431958394930794591e-04 3.246277965937370666e-04 3.077387294701288876e-04 3.141118868168820289e-04 3.331587659183573940e-04 3.451995530551754676e-04 3.484004246279633369e-04 3.412715767511179804e-04 3.399067893799682461e-04 3.342722571894355885e-04 3.249954118717698860e-04 3.217700931498227931e-04 3.226676584431497274e-04 3.296694680512962791e-04 3.323905882908616705e-04 3.338230388305746797e-04 3.437732073222460848e-04 3.482791262150260105e-04 3.427345957034281837e-04 3.416710024532453862e-04 3.453620502153652229e-04 3.467052617633254201e-04 3.374427572889563960e-04 3.407465754653132665e-04 3.439833274835326585e-04 3.339191166748410253e-04 3.233400396133000307e-04 3.215026114772852415e-04 3.246136022281685555e-04 3.281077835504864920e-04 3.238287688339594591e-04 2.942146063224401710e-04 2.269996384801630266e-04 1.520205171546387994e-04
2.068344608105143452e-04 2.702475641381781642e-04 3.134979426200006471e-04 3.175457220313743830e-04 3.151820989968584594e-04 3.112854380344921000e-04 3.259707094601398038e-04 3.467557791390319614e-04 3.460623396967761958e-04 3.411351208639833241e-04 3.460804977701135597e-04 3.426287265268972235e-04 3.331697962045713167e-04 3.260981804187404747e-04 3.271139761065842023e-04 3.307048075952312731e-04 3.424045345589607188e-04 3.464984844063724242e-04 3.342503285344467379e-04 3.277652904480216349e-04 3.320966374122826100e-04 3.237549492638906821e-04 3.133464844469151917e-04 3.205734586757536236e-04 3.303033722718027925e-04 3.448843578599028979e-04 3.537684273177890823e-04 3.499587983722099623e-04 3.459016783549633141e-04 3.406136475646305800e-04 3.439259130817853361e-04 3.440529562029662723e-04 3.401792469807762408e-04 3.466465662183463399e-04 3.479410840678755939e-04 3.423992816294054646e-04 3.460487818856801748e-04 3.415382771301472354e-04 3.315761824249302894e-04 3.249311605231884744e-04 3.268898608902310850e-04 3.409834706854692225e-04 3.458065178166670837e-04 3.374636846637754672e-04 3.320170853533596774e-04 3.291071246640957021e-04 3.339752797069262674e-04 3.322570586280524188e-04 3.239145082033791350e-04 3.287903407402198138e-04 3.382423976862096926e-04 3.360358518400352948e-04 3.362337664384598083e-04 3.336269961928586803e-04 3.260994262896160702e-04 3.266669748949988005e-04 3.286462478622965890e-04 3.252544024851998180e-04 3.284570840854850377e-04 3.392033518187822757e-04 3.464389464779074612e-04 3.514111984314116969e-04 3.346718845362778088e-04 3.126894821873599196e-04 3.200241403550416869e-04 3.440781496425524130e-04 3.476948809626070717e-04 3.336553703496216057e-04 3.284206628774800690e-04 3.330635658298061654e-04 3.382658172953615164e-04 3.323703617822365650e-04 3.282804754187952818e-04 3.276245059515782605e-04 3.310641236599255071e-04 3.308906453009685016e-04 3.313493140982185598e-04 3.325752599881850536e-04 3.332911211076320518e-04 3.357758539069838214e-04 3.321937387823025280e-04 3.339489423029776529e-04 3.489692893966456167e-04 3.457539732207131873e-04 3.275482027344359982e-04 3.265596474679293977e-04 3.365142464956976569e-04 3.357182754309935915e-04 3.260961791483894855e-04 3.371959842044408052e-04 3.444933160190264548e-04 3.200718052555278996e-04 3.003669784082298047e-04 3.181390515523524996e-04 3.338573982377084472e-04 3.293702659070840569e-04 3.194824748922339913e-04 2.974691812583632120e-04 2.389695517190615587e-04 1.628396627939069610e-04
2.093221362735311550e-04 2.762346346388397291e-04 3.190781522825497261e-04 3.237986917356146764e-04 3.240927471917834889e-04 3.213353817022511450e-04 3.323923593462096201e-04 3.505825089979322344e-04 3.506288871187549384e-04 3.409626878098172319e-04 3.381460480766699758e-04 3.316176596727451738e-04 3.289715340964537551e-04 3.338297414502130805e-04 3.375120924864596699e-04 3.339385634318940092e-04 3.430944510657828747e-04 3.540743397779804488e-04 3.494972061662604329e-04 3.509012439763526639e-04 3.581267679952151724e-04 3.531519842569562188e-04 3.364223250836365087e-04 3.274024783333404054e-04 3.292943690126106651e-04 3.449476034402053728e-04 3.511476474216526427e-04 3.449104158624539864e-04 3.349053064581774446e-04 3.231975867000042284e-04 3.257202531876840263e-04 3.314338372131277188e-04 3.393743110572531771e-04 3.534906933112526252e-04 3.456598546207730266e-04 3.310593294581885165e-04 3.357539443602476029e-04 3.356154423915311681e-04 3.311685589913133726e-04 3.300284242830432203e-04 3.349705307209367884e-04 3.396652369900742745e-04 3.358689505815502319e-04 3.398295234172117965e-04 3.499867879324192817e-04 3.463771135852742504e-04 3.424805446184260821e-04 3.429343873750020097e-04 3.419898807937008954e-04 3.396690317027220075e-04 3.358533385733889951e-04 3.342562027106744786e-04 3.405992412053483612e-04 3.439701314039217894e-04 3.418480928890195664e-04 3.344732808296667663e-04 3.216248368400280010e-04 3.136827205798655479e-04 3.139316841241719582e-04 3.190482016161486339e-04 3.269247316656919301e-04 3.364085337512507257e-04 3.318114817132826510e-04 3.223295892652415246e-04 3.277374224190200474e-04 3.423295637459903683e-04 3.460664598372083667e-04 3.447469950081468891e-04 3.562442129715244488e-04 3.634857570573848604e-04 3.562652938451818345e-04 3.284217794472276460e-04 3.096738374894676422e-04 3.092746801034866643e-04 3.139562940731216488e-04 3.168262691677557709e-04 3.249317183151937674e-04 3.306591122209127584e-04 3.375441304382678859e-04 3.413655793959201800e-04 3.328244294169884691e-04 3.305470034665088097e-04 3.470716607593496992e-04 3.505526136387174902e-04 3.290158998286851896e-04 3.202021024179267953e-04 3.264937170107497840e-04 3.280922614801847154e-04 3.186434603325705292e-04 3.220013066267132058e-04 3.305203209070265379e-04 3.172540500723336444e-04 3.158899592963723430e-04 3.439604439828334963e-04 3.485927328403138226e-04 3.266755010867456767e-04 3.133747627185286331e-04 3.067919916330630412e-04 2.577136856228912695e-04 1.742250571169847188e-04
2.054273468718967625e-04 2.776604031017323266e-04 3.260459521037545739e-04 3.286148571698463547e-04 3.268101581930555211e-04 3.325001738147765956e-04 3.481247683648007159e-04 3.524107800940133074e-04 3.292261750255556351e-04 3.073215641830407741e-04 3.141762409798767820e-04 3.264773997816962847e-04 3.330459129746131397e-04 3.323448709007994356e-04 3.274543295662716517e-04 3.269021624959645551e-04 3.415170075559514191e-04 3.511466986707819163e-04 3.461413057389481612e-04 3.492132471394166979e-04 3.590189065932273670e-04 3.593814619582270768e-04 3.421061448920975677e-04 3.240880681728264246e-04 3.199821177579001787e-04 3.350801022641206441e-04 3.384196164844601742e-04 3.236674447304724767e-04 3.121274532511236332e-04 3.103985929194746181e-04 3.188489989082256065e-04 3.254263619499990230e-04 3.349545821164669462e-04 3.426131932412571643e-04 3.251096153550765396e-04 3.124844987574428154e-04 3.215724335257972959e-04 3.312097520126115312e-04 3.436961385703400955e-04 3.507485508674076892e-04 3.538293176007662735e-04 3.488879173471491797e-04 3.394221735279887757e-04 3.407580579148906897e-04 3.430601984726728247e-04 3.384434917072404203e-04 3.426656788075389598e-04 3.509115717672079901e-04 3.536439746352250130e-04 3.464879921519842449e-04 3.289320580331711380e-04 3.213220946916183407e-04 3.342560076001062060e-04 3.494157855718063371e-04 3.508393849837529183e-04 3.390622184688794893e-04 3.187000711287449242e-04 3.032911405018735027e-04 3.037016567535641550e-04 3.130428912699595033e-04 3.239488894633820804e-04 3.334972946064107546e-04 3.352919866983805381e-04 3.361454949423685985e-04 3.400892378194490459e-04 3.370408751920399727e-04 3.281272248399568717e-04 3.284395456288778312e-04 3.427996039234684940e-04 3.573552997542541430e-04 3.555577808623260777e-04 3.284519863142655073e-04 3.119461079455452006e-04 3.145551809653676905e-04 3.137483591416828426e-04 3.087990963411400445e-04 3.175394339047629059e-04 3.259570087101566023e-04 3.342410723744569461e-04 3.376495677701489085e-04 3.278970151724181804e-04 3.263001846880830403e-04 3.413081030427777803e-04 3.468748007014875890e-04 3.259816467996749442e-04 3.177349504673519765e-04 3.240836457803472409e-04 3.292681902949946794e-04 3.203127659002348408e-04 3.150913364664128732e-04 3.206026811595360203e-04 3.215970768219608656e-04 3.361635135025250066e-04 3.530831737935210450e-04 3.368292630600820421e-04 3.111243328813738038e-04 3.084284830081980219e-04 3.138995577824241689e-04 2.665863795873529493e-04 1.776497292088945949e-04
2.073677077725454010e-04 2.791760941988721302e-04 3.270544853895699169e-04 3.245922085872313210e-04 3.198205718619204045e-04 3.344810749249685984e-04 3.534641004589325164e-04 3.490309755887132867e-04 3.147774799359496774e-04 2.905102897145099864e-04 3.088296459406406503e-04 3.346252710039119269e-04 3.398300546107790648e-04 3.249622146185534893e-04 3.132343612197402254e-04 3.212471861044634194e-04 3.376684862357071408e-04 3.359749766352728762e-04 3.224971041982769996e-04 3.216146628687311109e-04 3.345786130299463934e-04 3.403224216338457831e-04 3.337773983136699697e-04 3.255156871721224436e-04 3.194085822605562054e-04 3.289726198462933457e-04 3.305389825928408179e-04 3.180011388833289842e-04 3.133527207439041522e-04 3.201055715612087884e-04 3.280311713315474777e-04 3.270805840219152393e-04 3.289742550337591918e-04 3.251046512780492279e-04 3.103773214731316704e-04 3.152540389683871659e-04 3.265388718961665087e-04 3.296694349720367869e-04 3.453188269514053050e-04 3.561438504037177767e-04 3.540191522569410094e-04 3.507900981404308074e-04 3.475523694640729380e-04 3.335273755027046887e-04 3.163382873880865196e-04 3.161342214544734445e-04 3.335274199347511097e-04 3.456374138539270238e-04 3.488616069893734836e-04 3.452940059424637023e-04 3.303614006262222910e-04 3.210579595967982076e-04 3.251437249327654693e-04 3.334522317867223348e-04 3.361998475670474953e-04 3.345097888371183258e-04 3.239656293619350234e-04 3.053717192465794233e-04 3.086663809498769247e-04 3.285375225607320470e-04 3.443971574403036084e-04 3.528066954255154554e-04 3.516119045088862390e-04 3.477941217236279331e-04 3.463943650247492279e-04 3.353296701503468238e-04 3.185163927723732983e-04 3.153335817605446836e-04 3.191954561554196258e-04 3.323309259354343759e-04 3.424190946995527268e-04 3.348307501563261537e-04 3.332122471471917033e-04 3.414446814471961355e-04 3.371371481531835091e-04 3.268038257743799955e-04 3.330805122668751618e-04 3.356606661888561364e-04 3.342201865800070140e-04 3.353028043346614794e-04 3.289820178955136457e-04 3.301356267703198450e-04 3.390519766416768633e-04 3.374220399563321706e-04 3.135840049649313505e-04 3.089611592922334414e-04 3.207984179920960821e-04 3.296258754310331688e-04 3.315994495651649557e-04 3.306046051216693740e-04 3.279976795779338677e-04 3.262050681450899786e-04 3.374002698159859212e-04 3.396029301469583083e-04 3.188611353055302708e-04 3.097306440801736666e-04 3.201002011585958856e-04 3.180195569777827485e-04 2.629897688017437691e-04 1.752006078254390723e-04
2.109359206006075312e-04 2.815263914153809431e-04 3.287710839917868874e-04 3.256034274177394862e-04 3.170495989729256404e-04 3.287595016683839458e-04 3.442752016702748871e-04 3.411672593012265628e-04 3.156456828961988221e-04 3.005984083605067704e-04 3.215572361530760282e-04 3.462032379382035422e-04 3.466712875892516226e-04 3.274046152623840073e-04 3.109622239071371569e-04 3.185299476181148491e-04 3.351963400594573260e-04 3.312621356130488674e-04 3.100319498751718996e-04 3.022587530536865932e-04 3.160855563943210447e-04 3.283029122506388956e-04 3.343998338141758887e-04 3.389316466382498883e-04 3.297180190193705002e-04 3.247775114130260201e-04 3.240259441048312346e-04 3.247775461111380795e-04 3.248678544456562152e-04 3.291370174155869473e-04 3.371496368608552512e-04 3.365641272854375324e-04 3.337597136656575902e-04 3.232223823353457459e-04 3.180957115095086555e-04 3.401409824095985015e-04 3.497566909412317500e-04 3.342093406411440065e-04 3.330596679293912907e-04 3.374235855262516684e-04 3.293311744864664352e-04 3.346106836898091359e-04 3.431045033993143666e-04 3.309292962587817100e-04 3.189158892875416278e-04 3.200151584040193849e-04 3.264496247345901009e-04 3.275790602407135021e-04 3.248636953201595188e-04 3.304841195108469947e-04 3.395398315369165020e-04 3.432103183956649651e-04 3.313422553464525190e-04 3.166372508397734698e-04 3.170193841029237108e-04 3.279603640284258631e-04 3.381338156286283403e-04 3.314321686936868346e-04 3.314547372297671035e-04 3.439567928512634546e-04 3.567148674936753642e-04 3.626289756237707209e-04 3.579571810785949371e-04 3.512229786615683356e-04 3.436096151703623867e-04 3.291292247023151849e-04 3.182053234964954944e-04 3.227095186764938070e-04 3.177394660200409584e-04 3.195557889608714730e-04 3.369313179098957318e-04 3.462890987999340587e-04 3.488248499433580104e-04 3.543106286094176529e-04 3.469282789841238168e-04 3.336235397901652169e-04 3.385941249381778633e-04 3.426810662747567407e-04 3.382306198554026482e-04 3.353529040631853409e-04 3.304677765785789278e-04 3.317594810851261017e-04 3.347165262010935336e-04 3.324798993035190764e-04 3.145769203065609983e-04 3.103575060446658439e-04 3.222523594698598884e-04 3.308493252455314924e-04 3.394308519371539551e-04 3.402328627363668755e-04 3.304821858940117704e-04 3.242084797819915713e-04 3.284469437885089663e-04 3.258444689728289879e-04 3.162318600922380332e-04 3.263410160060809667e-04 3.376889275810283138e-04 3.184424324823439349e-04 2.502749482005103875e-04 1.639125149281569160e-04
2.307488816759777983e-04 2.943720463020634676e-04 3.319642337629055391e-04 3.277619319734400259e-04 3.218344036234338382e-04 3.294935834613263296e-04 3.398336081170187607e-04 3.375056510310425403e-04 3.195236493747661958e-04 3.111941451459879367e-04 3.281985373775427235e-04 3.478590979177395136e-04 3.512970259980067881e-04 3.421131246417874602e-04 3.221964963884484286e-04 3.245019406818768913e-04 3.466853321022911479e-04 3.483054790980218141e-04 3.219779845565053176e-04 3.056631476904692469e-04 3.163093455588913126e-04 3.307520429627761526e-04 3.409312498979197325e-04 3.481323138194484753e-04 3.389227873705073541e-04 3.281365955443633128e-04 3.246926010109648601e-04 3.284486413037865067e-04 3.268518317995240804e-04 3.263063959740354104e-04 3.388810735566130270e-04 3.510833990425257204e-04 3.473833727849919397e-04 3.297830766311978575e-04 3.265391732469224355e-04 3.480111171544043001e-04 3.543607846464108492e-04 3.387614080725443204e-04 3.294914238305673287e-04 3.230213751112219738e-04 3.098358029838190896e-04 3.155065400030969912e-04 3.319647845659671743e-04 3.414383073816844565e-04 3.473642239694122065e-04 3.405592728578483389e-04 3.263567575894214031e-04 3.171309608528064938e-04 3.076627496546676570e-04 3.177037237820261924e-04 3.476476621352587049e-04 3.673816231500168965e-04 3.557944438689740084e-04 3.305048792929645763e-04 3.205049927500814070e-04 3.299479494709559903e-04 3.531845418453293320e-04 3.626360399998404104e-04 3.539821700028292781e-04 3.502182335679023375e-04 3.540096366713214220e-04 3.484802796469968272e-04 3.386135442485930028e-04 3.365028313164862691e-04 3.371305692167594946e-04 3.287728119450869730e-04 3.192170263418631017e-04 3.239068003770950027e-04 3.215766968197870512e-04 3.211348229640290011e-04 3.369446065279218996e-04 3.431718626622048789e-04 3.383663867516412301e-04 3.423494976993937265e-04 3.310848599361411113e-04 3.126004852968074146e-04 3.214789509520088028e-04 3.374437031791485231e-04 3.336988554318327934e-04 3.213503343189578034e-04 3.155219693903358832e-04 3.254553748273329565e-04 3.320689362310585329e-04 3.347441611955876859e-04 3.309199112606522712e-04 3.266735504929930219e-04 3.326597668220793733e-04 3.398961235032207386e-04 3.483132903376901391e-04 3.459433507948022008e-04 3.330135742685447773e-04 3.244712831296789942e-04 3.225534503117992967e-04 3.199005698545320754e-04 3.226755773152205548e-04 3.416715510528770374e-04 3.496680442216773999e-04 3.242439010422153330e-04 2.430948614611523997e-04 1.519609814258676326e-04
2.433028513650265824e-04 3.027405524946346965e-04 3.283606152733693968e-04 3.255546112003835789e-04 3.336288706671982620e-04 3.486259469068970530e-04 3.543333952607718908e-04 3.433327896908594827e-04 3.277717473122723703e-04 3.221212370334833645e-04 3.312225322481105426e-04 3.462167446862180658e-04 3.558274630548354358e-04 3.590404935302336938e-04 3.398725268081515330e-04 3.347761947126795274e-04 3.534114326517641142e-04 3.575060328067949890e-04 3.340053141321701032e-04 3.116196124735937730e-04 3.167197211562097011e-04 3.286115157090441826e-04 3.387604307777416189e-04 3.441699194484866033e-04 3.388966662697378836e-04 3.411451893302506425e-04 3.516220439744256656e-04 3.543176892707803607e-04 3.360320014067114417e-04 3.175224869024013052e-04 3.235757280885315137e-04 3.478381261012412646e-04 3.542180197189544449e-04 3.380927543879610770e-04 3.327046606573349011e-04 3.413070372161563755e-04 3.395825663424766614e-04 3.314177329999211516e-04 3.296412035305248825e-04 3.269363332448642140e-04 3.211154369100951435e-04 3.196293955126818355e-04 3.303619627785619973e-04 3.495663657619556015e-04 3.605282512105484989e-04 3.510613566943079390e-04 3.354333990683643985e-04 3.308919829036884941e-04 3.225365984295593277e-04 3.250263191086026756e-04 3.430192168673909785e-04 3.603210854539604579e-04 3.636306026887918172e-04 3.497743302112041536e-04 3.351327378716827295e-04 3.349484883946038990e-04 3.505331264241716817e-04 3.624928756015158380e-04 3.544735277259875895e-04 3.461967852835411055e-04 3.366110514769025540e-04 3.188594813409452965e-04 3.112310914804552390e-04 3.194866569349958871e-04 3.367594973262274063e-04 3.359607009518811218e-04 3.229493199769220210e-04 3.230653602936775807e-04 3.299517951637801296e-04 3.326591038363508820e-04 3.356549365117117217e-04 3.313387112987899738e-04 3.278890511915229624e-04 3.353894707385406604e-04 3.196559053107463056e-04 2.970757342953955901e-04 3.090158537155190087e-04 3.305319277449131842e-04 3.287345774518649305e-04 3.130969646331052854e-04 3.092664046219806046e-04 3.271927562517445163e-04 3.346616727256285532e-04 3.368095161379684450e-04 3.420282646235960110e-04 3.391759461424883487e-04 3.417907644768991213e-04 3.532388451551368149e-04 3.637019742933178101e-04 3.577584099396987358e-04 3.406526309689012497e-04 3.275853265149626659e-04 3.273117603997594861e-04 3.331726551634159382e-04 3.395081109403031436e-04 3.486927304120458976e-04 3.470698507059374232e-04 3.234767665075439645e-04 2.436024765457715021e-04 1.538277962062974970e-04
2.282428945808220183e-04 2.916724484732675102e-04 3.194250324790157049e-04 3.203215051836306440e-04 3.340955025578669227e-04 3.507272926698193740e-04 3.522472089280187968e-04 3.365405040677550653e-04 3.280110627494458447e-04 3.290483074913311420e-04 3.323613049371472949e-04 3.412256815771837030e-04 3.482484598518714833e-04 3.518482191032699068e-04 3.367838716951596892e-04 3.296390460850100006e-04 3.401367743425866307e-04 3.462301586999800207e-04 3.304864390781272164e-04 3.119801399141508536e-04 3.240658002090171129e-04 3.354282513978140527e-04 3.378281735507375613e-04 3.393803443643789381e-04 3.378635984251501323e-04 3.450452953777126191e-04 3.608832569140951350e-04 3.622481664782339406e-04 3.345908788490177099e-04 3.043566772984036524e-04 3.015888178872074910e-04 3.311416938743406003e-04 3.494732772605946844e-04 3.401716207591586548e-04 3.370906078879229006e-04 3.413585014894871374e-04 3.368477175947828936e-04 3.294377991757764155e-04 3.332199776242243000e-04 3.399516103846728305e-04 3.439316593590912088e-04 3.365361630308601518e-04 3.315604387665357488e-04 3.373769010882130687e-04 3.433877522773381985e-04 3.433798840906309379e-04 3.382080576742888998e-04 3.390527801362882036e-04 3.403636818024870746e-04 3.428836355116468234e-04 3.388254063983162133e-04 3.349076505322367593e-04 3.375727006061142606e-04 3.353364536459478356e-04 3.313277975656298262e-04 3.310724301955206630e-04 3.325541487305717372e-04 3.327643401099440474e-04 3.289633057308323483e-04 3.274175648308357890e-04 3.216677261046853656e-04 3.120606440278156325e-04 3.115628152701487366e-04 3.225941229259069159e-04 3.386522908273679891e-04 3.331566107722359893e-04 3.227892314063018648e-04 3.279349093541404853e-04 3.436922727678477936e-04 3.445360920873093450e-04 3.305273921508900502e-04 3.226665656100063040e-04 3.284975244141297114e-04 3.402366075172320501e-04 3.286602106096704243e-04 3.074631264101390909e-04 3.145847363881447119e-04 3.324740672190349463e-04 3.361868564041035402e-04 3.272058520610687370e-04 3.276065126384399787e-04 3.428792707011053386e-04 3.414008381068577361e-04 3.326343964163538448e-04 3.316378464348279046e-04 3.259868856296183667e-04 3.342926975370492568e-04 3.564323006338442675e-04 3.698067065283278977e-04 3.618399990386647050e-04 3.472842252081159947e-04 3.352558957134860358e-04 3.339341262464481149e-04 3.423172611993600153e-04 3.465518029835793238e-04 3.411080506545925142e-04 3.216435668327278195e-04 2.941833145239991293e-04 2.286992173174584217e-04 1.515960162375970858e-04
2.120039419963930488e-04 2.780329072767556741e-04 3.166477663425070637e-04 3.261014532958767193e-04 3.375700666006483178e-04 3.435057955690508217e-04 3.394350219741793851e-04 3.289070130744665586e-04 3.281161924193444967e-04 3.316214492272462106e-04 3.301529717957334088e-04 3.330663950295761335e-04 3.323680993452763494e-04 3.298740104720503845e-04 3.254744029125638486e-04 3.265196078799778492e-04 3.260807498541162678e-04 3.290399498136873822e-04 3.263647232593884636e-04 3.264741016629034561e-04 3.448201803810843321e-04 3.479525917809938966e-04 3.394451716022451227e-04 3.334952931663186454e-04 3.272613432111965738e-04 3.277450501684171097e-04 3.402891815559644026e-04 3.474657774216339395e-04 3.364354512990863177e-04 3.143570470053220784e-04 3.016377681520891361e-04 3.208473718250007744e-04 3.375764520751801554e-04 3.280738628702159401e-04 3.252945550830736417e-04 3.323047535387580386e-04 3.355338757185033017e-04 3.356015006577874049e-04 3.440274641101382920e-04 3.508315526572393242e-04 3.510665975996642282e-04 3.398501461625509689e-04 3.255591361444158411e-04 3.194655974199023447e-04 3.242055730292434578e-04 3.342949629357640663e-04 3.340933883629706221e-04 3.306195587562154366e-04 3.374809088214258046e-04 3.469073904102846443e-04 3.372332291272956296e-04 3.242203527769190689e-04 3.237652697958767756e-04 3.277435021651332837e-04 3.309637844321343565e-04 3.258614046843492798e-04 3.168550892900229678e-04 3.146460328437638101e-04 3.191684972442642549e-04 3.284947788569515109e-04 3.349114621173564991e-04 3.328208649112045074e-04 3.316362283659711604e-04 3.378888514441835515e-04 3.482620143489729720e-04 3.463013634382183532e-04 3.424161346838794015e-04 3.427632491371059085e-04 3.514019212479092217e-04 3.475034295473732938e-04 3.324053119909596782e-04 3.284252200371213636e-04 3.348676541793676629e-04 3.488956627199499890e-04 3.476008300241830579e-04 3.278203782937699415e-04 3.264283940884315648e-04 3.338301538807719152e-04 3.324599852105479189e-04 3.293850755195008818e-04 3.392989267041999525e-04 3.547412012716085893e-04 3.505185128616141463e-04 3.346459575501271400e-04 3.252347762356655177e-04 3.182914376489734366e-04 3.325647833136528560e-04 3.515123280494901383e-04 3.519040384957629981e-04 3.375408339883381303e-04 3.379995412141131991e-04 3.391098488700674271e-04 3.262307988253845825e-04 3.220496896127879685e-04 3.242882768376744709e-04 3.260648304119229688e-04 3.098680947519259050e-04 2.782386254623399487e-04 2.208646826601046111e-04 1.517581920354471614e-04
2.054976856497709695e-04 2.677099487847771787e-04 3.123890073520023012e-04 3.322784715618943294e-04 3.443728464666184937e-04 3.446639332312864549e-04 3.432698488995584996e-04 3.390382438370630105e-04 3.295288233796789387e-04 3.218982149802671359e-04 3.210235335249542838e-04 3.261504874939156638e-04 3.181720576044712442e-04 3.094757579467552998e-04 3.204702336361873820e-04 3.373804023588615865e-04 3.298363429852412465e-04 3.213065561400533241e-04 3.294598028733592581e-04 3.443256860947919084e-04 3.512201298388691094e-04 3.444814240448891519e-04 3.389665630981070492e-04 3.322448095996839907e-04 3.192320062974001241e-04 3.139067363084105909e-04 3.221041255678951435e-04 3.315473975078782462e-04 3.398317405813230116e-04 3.389209338704436908e-04 3.267530685859097316e-04 3.265691711819702610e-04 3.313092703714327165e-04 3.219416227689572392e-04 3.139507753980416878e-04 3.177971882924321358e-04 3.319447953191351805e-04 3.445524194091705104e-04 3.534531434614309863e-04 3.518585408506035928e-04 3.478667224868088300e-04 3.422768340464104686e-04 3.294111006474485944e-04 3.200749939253509299e-04 3.283569720624651602e-04 3.418400651235596957e-04 3.343599036957757651e-04 3.215725765116404051e-04 3.262338434863358907e-04 3.374991200412211061e-04 3.353474236847918941e-04 3.307150549818228943e-04 3.340570812654720164e-04 3.409620973734757031e-04 3.442659442101788595e-04 3.278504688439300152e-04 3.119776606359842431e-04 3.171860558239883443e-04 3.310638283924578588e-04 3.470899398215814219e-04 3.535051793183292259e-04 3.454852710674750286e-04 3.433751782728701918e-04 3.452698436096310894e-04 3.476904906719973905e-04 3.512103067944170398e-04 3.543520632709844242e-04 3.498705218919013950e-04 3.438366897812134091e-04 3.304910892997743664e-04 3.266230643902668339e-04 3.395358872804552387e-04 3.437022238387012468e-04 3.513680708942721297e-04 3.564278896863945240e-04 3.396954168760328726e-04 3.333902517346235212e-04 3.325875661097038929e-04 3.244618438435021906e-04 3.250144328344300700e-04 3.369710786781647148e-04 3.496965562374278972e-04 3.517549777051274910e-04 3.454152862242487959e-04 3.379172223995706805e-04 3.296149215613093523e-04 3.380796381573553827e-04 3.432681523852956600e-04 3.311277474123593958e-04 3.131738787601070313e-04 3.216544392685421073e-04 3.354867054448039919e-04 3.243779611207380517e-04 3.113493586274462517e-04 3.032250342384969232e-04 3.173099303046217432e-04 3.256183376197178394e-04 3.042073127251373674e-04 2.443155673330255507e-04 1.657436142562121266e-04
2.146047240947089097e-04 2.749445477024136980e-04 3.138646764192638784e-04 3.263146214162829803e-04 3.348772355706396272e-04 3.356746983730291099e-04 3.398490585520510436e-04 3.424250104488536306e-04 3.268846035877591427e-04 3.121886884553702135e-04 3.163163476680199955e-04 3.248508101045769077e-04 3.135756055570859940e-04 3.034754498524670080e-04 3.240841458221623245e-04 3.518602576418955658e-04 3.453405644759946708e-04 3.241734541066492847e-04 3.262729526549235982e-04 3.377359165260324005e-04 3.373105486709013635e-04 3.369101701516412557e-04 3.431692432598314343e-04 3.445315324745162194e-04 3.296273865854825727e-04 3.153871674568717006e-04 3.172703447582345235e-04 3.269391459907167977e-04 3.408726503902061947e-04 3.533253336257039228e-04 3.511747142875676743e-04 3.352655082551624132e-04 3.309175801505531028e-04 3.337512097856012950e-04 3.220758947657968371e-04 3.171496445938332479e-04 3.355465823351142548e-04 3.503593668324816654e-04 3.513580223857243161e-04 3.418867768492982813e-04 3.418567653294577683e-04 3.491494497116181379e-04 3.402674501025773884e-04 3.272406252842184095e-04 3.357405544398928219e-04 3.490989435507610124e-04 3.335114623828993154e-04 3.147861735141383377e-04 3.202510611780354775e-04 3.288112178853429398e-04 3.242682033027614050e-04 3.220031175442034425e-04 3.360485512990929978e-04 3.539757915581054912e-04 3.554452440023900392e-04 3.317394026487186778e-04 3.169831644121682982e-04 3.224881462301633470e-04 3.337625965126407492e-04 3.499191310872451391e-04 3.528952816767681614e-04 3.378245400043539191e-04 3.384331821749169333e-04 3.418962460677909881e-04 3.366748913331210494e-04 3.332102343341653158e-04 3.318230577262199334e-04 3.299144630145647307e-04 3.260648407064840708e-04 3.149514648267811245e-04 3.178162579165735770e-04 3.357499587711527348e-04 3.373433131526964134e-04 3.407377757345667795e-04 3.440604196312200538e-04 3.306471685194313677e-04 3.294427869562043519e-04 3.303592249812191059e-04 3.221542771624764066e-04 3.273598937195275772e-04 3.361777127882261784e-04 3.415068789552663103e-04 3.434946584413370589e-04 3.443676974975041355e-04 3.423775223773633625e-04 3.344643025004723452e-04 3.343635757975236037e-04 3.339738089941317713e-04 3.281753781546961905e-04 3.170132749116327331e-04 3.174590870976357147e-04 3.257152572716247069e-04 3.286092781396410365e-04 3.263661337916851134e-04 3.167000547963583689e-04 3.298719967163894632e-04 3.436484475797604724e-04 3.281222117829623967e-04 2.610266185532490171e-04 1.680580883383316136e-04
2.182565773199632438e-04 2.842607477351970485e-04 3.196893284513842087e-04 3.228910725574107182e-04 3.296484788383317096e-04 3.298709127021475949e-04 3.333567119174832283e-04 3.401041056442075019e-04 3.332628756148058361e-04 3.264541800937013471e-04 3.358067686503052058e-04 3.467525915305994357e-04 3.375074713306693919e-04 3.226451722147049379e-04 3.305146314389943133e-04 3.482875820631256385e-04 3.494559818997943629e-04 3.391397636169290954e-04 3.397619391789165506e-04 3.397779318356836304e-04 3.330337252150961406e-04 3.361390353197907677e-04 3.484352061214481639e-04 3.569190823546965511e-04 3.442440369647410616e-04 3.246538240119119234e-04 3.229426650227674848e-04 3.350078374367337409e-04 3.473028141358469709e-04 3.571297746298319337e-04 3.580603396884023495e-04 3.411359039034898236e-04 3.424274484403991466e-04 3.582901112172325129e-04 3.478145306195673829e-04 3.341430717102888189e-04 3.388419921399859884e-04 3.415370328394220925e-04 3.342938740243508794e-04 3.229477216905884984e-04 3.265389970159645488e-04 3.406121456159740424e-04 3.411694776610755685e-04 3.345003927809140211e-04 3.364719631199954023e-04 3.453455300306442063e-04 3.331053389069185233e-04 3.162024885860715770e-04 3.242035603822691924e-04 3.283383974250026426e-04 3.143957830742553699e-04 3.095775837411460316e-04 3.311197294156448538e-04 3.547203822010495554e-04 3.545519393145832960e-04 3.370493632095943634e-04 3.327984443088933143e-04 3.333454524411679464e-04 3.349420845377257434e-04 3.457373559186291368e-04 3.435818937737125135e-04 3.226844345908684488e-04 3.272395351986432180e-04 3.416458258134854784e-04 3.377456661053777507e-04 3.221630272033571734e-04 3.067900622247056214e-04 3.043062539424018931e-04 3.124837484600146787e-04 3.218611131840567996e-04 3.328673456535526922e-04 3.378666081489614540e-04 3.294763551626830509e-04 3.273043007707799679e-04 3.260704495476344968e-04 3.187623378318086924e-04 3.236039196278663152e-04 3.280415379906253008e-04 3.212305935052716071e-04 3.255181973189043895e-04 3.325615182801104413e-04 3.349100135601617862e-04 3.340967251522036188e-04 3.337240630664761731e-04 3.300825838956338715e-04 3.214241124966505628e-04 3.250063130782202209e-04 3.366146003151446534e-04 3.444304084734015948e-04 3.388385334104480244e-04 3.275644312434812695e-04 3.218261509422900711e-04 3.268594854319091698e-04 3.334506320427014885e-04 3.333283988208213971e-04 3.456372487271428700e-04 3.508289215839605893e-04 3.306978172426168093e-04 2.561653250750662420e-04 1.566423382439378724e-04
2.158580948637547155e-04 2.838803601854518032e-04 3.243318387191669486e-04 3.337830207105925689e-04 3.407125122292449276e-04 3.338076670209444842e-04 3.306781404872422762e-04 3.362895856553652736e-04 3.370847271299603825e-04 3.393614568038859965e-04 3.536178754301084223e-04 3.688419725338756578e-04 3.613612554818792350e-04 3.364751001672222066e-04 3.190829217758685710e-04 3.172132195285616704e-04 3.318938111566532281e-04 3.526152823670550556e-04 3.592148177462942430e-04 3.478467949946915678e-04 3.340155126730297947e-04 3.316606766471454385e-04 3.426434703311276742e-04 3.523171227738673477e-04 3.435841915772154314e-04 3.279186247427850792e-04 3.243899207297922275e-04 3.351856670793130089e-04 3.435988665639554390e-04 3.440429914106562311e-04 3.385259496747414633e-04 3.321556942672816790e-04 3.490874925359619264e-04 3.673122719752471292e-04 3.597944633160223525e-04 3.442685455003692183e-04 3.361689949235960621e-04 3.338819975200486151e-04 3.235704489173533440e-04 3.082672378450641544e-04 3.148393958132547567e-04 3.332621018445806969e-04 3.433418352437223758e-04 3.450576747260147110e-04 3.392683078213678876e-04 3.423174008618846704e-04 3.384775196047937673e-04 3.319915097399476394e-04 3.402763051141183574e-04 3.329084743454073861e-04 3.131398382615668613e-04 3.122348407233202722e-04 3.329101207443037249e-04 3.517643820031010420e-04 3.527718193142559671e-04 3.413653527731453806e-04 3.425753194707754825e-04 3.448844710143390228e-04 3.410526345788946400e-04 3.404626585077058639e-04 3.334735945987341108e-04 3.160834604396710800e-04 3.236960803301942098e-04 3.443666486717685644e-04 3.445195190666545666e-04 3.244710121367346553e-04 3.039428941664628486e-04 2.959667447262041449e-04 3.030132415402794028e-04 3.280259565232806302e-04 3.541437613357657126e-04 3.530960190523632115e-04 3.305466134645957755e-04 3.156297252154856964e-04 3.191444208989250263e-04 3.246792455918654473e-04 3.272399730943874601e-04 3.323102719859581103e-04 3.283920477365213832e-04 3.299359888910467992e-04 3.391707295576898342e-04 3.375614681601509480e-04 3.252488466783157693e-04 3.223526718884424315e-04 3.201848522155131610e-04 3.138695588191915903e-04 3.278328146056237475e-04 3.519538402464368371e-04 3.611964444176010702e-04 3.546206878844230777e-04 3.438311027968581112e-04 3.352643874422048861e-04 3.325592903259947568e-04 3.345850201889538438e-04 3.377450685325964538e-04 3.494397895286784376e-04 3.461999884312219047e-04 3.203076351286550535e-04 2.444628781644268964e-04 1.491147919960636437e-04
2.136791153035260706e-04 2.805487260737832755e-04 3.243192362734501283e-04 3.379382398380570505e-04 3.433524794814282505e-04 3.362075076567429656e-04 3.330441757517018796e-04 3.349478856452841507e-04 3.335769581982185573e-04 3.330501159275592099e-04 3.412555434237751610e-04 3.509150317271913871e-04 3.464098938729596967e-04 3.283804418100786174e-04 3.032652559720014525e-04 2.929177502432199400e-04 3.139505625907794244e-04 3.435388611418962383e-04 3.471961933994141872e-04 3.340087286484210100e-04 3.246031002590691900e-04 3.212692817397878073e-04 3.276666682137070806e-04 3.346834685839281771e-04 3.290875300799241706e-04 3.215105284840848393e-04 3.214349776499890671e-04 3.348201258779280858e-04 3.415557420614082572e-04 3.287746477660327010e-04 3.053026708975511896e-04 2.988531129628075851e-04 3.279411650919309535e-04 3.515679420119328718e-04 3.528105231434911513e-04 3.406265838287997187e-04 3.280228465834957681e-04 3.318604915246273256e-04 3.252299371352791670e-04 3.068794954980140662e-04 3.162588878245005831e-04 3.373796076486741723e-04 3.512917455468554748e-04 3.582538784570151380e-04 3.493018150768575653e-04 3.461426803279076371e-04 3.420342341242727153e-04 3.402713662180279169e-04 3.478703886478832054e-04 3.348361612686199629e-04 3.170661351526201776e-04 3.220618500036529722e-04 3.377275600040467295e-04 3.500447957088306783e-04 3.518991792456321443e-04 3.399861638433720502e-04 3.371327179244715234e-04 3.395799681589019075e-04 3.351202778182307178e-04 3.333705265393697645e-04 3.324088642374350543e-04 3.208316082913211138e-04 3.229830568065261654e-04 3.381696490957304875e-04 3.439213064968910344e-04 3.324382411299619763e-04 3.159351416559219540e-04 3.018577862266690493e-04 3.007628333574761709e-04 3.225621672366041012e-04 3.517492017217471040e-04 3.546625842733654209e-04 3.276504568363381494e-04 3.061067453636232526e-04 3.208105059204512978e-04 3.421851017569607720e-04 3.479949810259702191e-04 3.470998345206922605e-04 3.366106800624383199e-04 3.343968856987107044e-04 3.439023196710198947e-04 3.420339535345217914e-04 3.288137964182794265e-04 3.299470421636399066e-04 3.299350534130903617e-04 3.230779933136657600e-04 3.379231062912710967e-04 3.586303598877863203e-04 3.525741722751529945e-04 3.429331370810087261e-04 3.519655202749814990e-04 3.537310099100172836e-04 3.433267502389140968e-04 3.381480596478099411e-04 3.412615075632367042e-04 3.524710148164838489e-04 3.442372634494839665e-04 3.127290150527277076e-04 2.389229953963716382e-04 1.495009126570632065e-04
2.016124418275688551e-04 2.728495794458192102e-04 3.198634844519862141e-04 3.289679382073708931e-04 3.339562120068480027e-04 3.398975773208158567e-04 3.431336775917217413e-04 3.377804730930651926e-04 3.295388875116749255e-04 3.238563838094369479e-04 3.218523788230902684e-04 3.238003854541967284e-04 3.244721723198218432e-04 3.179732016520053013e-04 3.037242060193988142e-04 3.016987247419226545e-04 3.128879213802396569e-04 3.224806680200166249e-04 3.233519795713493163e-04 3.185091415093429493e-04 3.160792206774736706e-04 3.161743740842560971e-04 3.248569561693136426e-04 3.333722874461296894e-04 3.239219341038246901e-04 3.156596329089096696e-04 3.248725945687359635e-04 3.488236204591495032e-04 3.560849857270789016e-04 3.353141129770438123e-04 3.020454279983087495e-04 2.877391440320010789e-04 3.127906798306371704e-04 3.370925766623658528e-04 3.399909793596174131e-04 3.279014510625071865e-04 3.170793139823160087e-04 3.299733548305628338e-04 3.353339815416258056e-04 3.217684771580404555e-04 3.254852810299743346e-04 3.408732148385130827e-04 3.518977800506978585e-04 3.638835302342447614e-04 3.587129860274456371e-04 3.486131666822812631e-04 3.383182759751712050e-04 3.349787192718769666e-04 3.434913271068232581e-04 3.420168867557287417e-04 3.342799184677428762e-04 3.347638672044093771e-04 3.334364018895049080e-04 3.345778210754066857e-04 3.359213848405559998e-04 3.291484861247108255e-04 3.264871307871989215e-04 3.282646025805223584e-04 3.293466431310958513e-04 3.365764074049969429e-04 3.432677044559470994e-04 3.312872360845759757e-04 3.212592646957676459e-04 3.249198886169364468e-04 3.396924539016819193e-04 3.492560674138451681e-04 3.419486965240583869e-04 3.230194429254553377e-04 3.153400383950619775e-04 3.215051018838275794e-04 3.313224184047353343e-04 3.322457391949187639e-04 3.173792109049693904e-04 3.039132480177048458e-04 3.223938214822757867e-04 3.518402030354931685e-04 3.675224849959991000e-04 3.607312573508191888e-04 3.418931096987931411e-04 3.364212827686100101e-04 3.380932456618406185e-04 3.364871655878890009e-04 3.368220702541145054e-04 3.463337716882196110e-04 3.432318771015729518e-04 3.248361819527800505e-04 3.272502875065390966e-04 3.406917795022326809e-04 3.342106365095607028e-04 3.343121701593657850e-04 3.547958428326776536e-04 3.575898916259914176e-04 3.424982271031430398e-04 3.338385155088116748e-04 3.425183383116676234e-04 3.578043917225132912e-04 3.492948090457168074e-04 3.119307309912136084e-04 2.348643347570002161e-04 1.469386735148726388e-04
1.917016674601812682e-04 2.723343345781397687e-04 3.233261722266494737e-04 3.240782384212410796e-04 3.218794692887828142e-04 3.354920253971006611e-04 3.458718197513113561e-04 3.369940543262920740e-04 3.265756457689998073e-04 3.280128712154176010e-04 3.274468674051408870e-04 3.259568335489284696e-04 3.249517887872906108e-04 3.215685846939954178e-04 3.212322009043031392e-04 3.282252767705986498e-04 3.252104675446286486e-04 3.185584592214407490e-04 3.247670099860940941e-04 3.291620677633579442e-04 3.283159170488568045e-04 3.261591990874311304e-04 3.357815972518422235e-04 3.467843694090940181e-04 3.323475089782530257e-04 3.192773897051059398e-04 3.331044738573839693e-04 3.573178320158492370e-04 3.610661200298638171e-04 3.444589861709028205e-04 3.235045438371989186e-04 3.106920990070679515e-04 3.185641657225654665e-04 3.309125304638249306e-04 3.287154525189950262e-04 3.223899480557771324e-04 3.250605104198349871e-04 3.432205710966311778e-04 3.535442127181966966e-04 3.421758883356644781e-04 3.298491483227146306e-04 3.280922863744985393e-04 3.293109479462313612e-04 3.444950498013457196e-04 3.537417641273651425e-04 3.489236273052874742e-04 3.380654825471573121e-04 3.292965639031574313e-04 3.322718367772351531e-04 3.442190388585510260e-04 3.494552647539178798e-04 3.446633890068373117e-04 3.268362319411946570e-04 3.195058681350826857e-04 3.238874378763953780e-04 3.245105756749464281e-04 3.217228621463720691e-04 3.211826618701623445e-04 3.284236175835629533e-04 3.382510553464669633e-04 3.428871988305212193e-04 3.364316573873792245e-04 3.282347517886394271e-04 3.264261602247880761e-04 3.449784274407592904e-04 3.714946155845131508e-04 3.701783625013066199e-04 3.471921527659798984e-04 3.344279448018179328e-04 3.252405101158684607e-04 3.174262983520738336e-04 3.227266254819663644e-04 3.288195845786363088e-04 3.252115857837254006e-04 3.334612458230557159e-04 3.508917179544109141e-04 3.615251095828357175e-04 3.555958147948327323e-04 3.408488077943012170e-04 3.364028859114867706e-04 3.359420506248320072e-04 3.351120266696945961e-04 3.362174070856150917e-04 3.420484056865103883e-04 3.435382785016490460e-04 3.263429441185033476e-04 3.165294226810020338e-04 3.230714718208843074e-04 3.255914949995415393e-04 3.346017144999127030e-04 3.488386431257438185e-04 3.434444123723147217e-04 3.271573729789664631e-04 3.197124006279998955e-04 3.316509615519220265e-04 3.429331722165442119e-04 3.389897426799335462e-04 3.113509443336946346e-04 2.369722661126670658e-04 1.506498358306886109e-04
2.076886713921152782e-04 2.949851201272304241e-04 3.452417300996014188e-04 3.361752272226947334e-04 3.214775806756195930e-04 3.304652337935813384e-04 3.442853078952884220e-04 3.363348184092054046e-04 3.296695056635288350e-04 3.412976152496170496e-04 3.424649943053283997e-04 3.391611301214160707e-04 3.377914899186076816e-04 3.362568947227653326e-04 3.427563716559792629e-04 3.474670000710042500e-04 3.358919611221321310e-04 3.279441504775735877e-04 3.395206600617813302e-04 3.506897425535353188e-04 3.490337339388212886e-04 3.342004842280729953e-04 3.328266898501344153e-04 3.445008896257045631e-04 3.396875261272532844e-04 3.347670730055809390e-04 3.423013002185255373e-04 3.491338691043189548e-04 3.502360188010924906e-04 3.456063084374418580e-04 3.388455907363226507e-04 3.393991476082395360e-04 3.426481577490147275e-04 3.405568650333326130e-04 3.286784945217989442e-04 3.300530292248467375e-04 3.454627115651955939e-04 3.567211955823853045e-04 3.576683422829937285e-04 3.504186405222519014e-04 3.327091753625720542e-04 3.119557161493326973e-04 3.041519011931921286e-04 3.249513388038994047e-04 3.504673768369437879e-04 3.556182056541419730e-04 3.439480064927307314e-04 3.226468498738152037e-04 3.084842412235438893e-04 3.167992797976701544e-04 3.324043619949368584e-04 3.374760254526180600e-04 3.258639490089461550e-04 3.208731513037609180e-04 3.261980588693751777e-04 3.279938393247833423e-04 3.219716015180910853e-04 3.153060899519022158e-04 3.228336116375995807e-04 3.307240196117065866e-04 3.295772802394746981e-04 3.352136306498948318e-04 3.400196745729945754e-04 3.394909546437862940e-04 3.518691473328395473e-04 3.734964015458118632e-04 3.720296515497092168e-04 3.520047483100413729e-04 3.331435489304125641e-04 3.127824300716986871e-04 3.028118212542416391e-04 3.199856833145307789e-04 3.412981742397220132e-04 3.435210320850535333e-04 3.397176100802147135e-04 3.351343631419766199e-04 3.373701273512069764e-04 3.476632719002867994e-04 3.429517445927756508e-04 3.305327773949057993e-04 3.279447714440693676e-04 3.320550870455035546e-04 3.289000474626698877e-04 3.255355446417324905e-04 3.364958714729462388e-04 3.331579173581795407e-04 3.219901778587463655e-04 3.226306669409213465e-04 3.214560606562266980e-04 3.266597317256549797e-04 3.392349107677391108e-04 3.363410792459245306e-04 3.254390960110711221e-04 3.250133325212442364e-04 3.304723332075113363e-04 3.223100724041247107e-04 3.192260272793750304e-04 3.077511314349179504e-04 2.388976761951457886e-04 1.520390718129054747e-04
2.278605080262906355e-04 3.108886766864099723e-04 3.632697066904618400e-04 3.545005840579550462e-04 3.336849218782088062e-04 3.322241668502552876e-04 3.396706232334694223e-04 3.360569432574228490e-04 3.373237280337132264e-04 3.466650258572373197e-04 3.347993742772775640e-04 3.288645214113191783e-04 3.337593159611365276e-04 3.360569128133779945e-04 3.432576800170295808e-04 3.434259582451634069e-04 3.363967759383554345e-04 3.355953442797489166e-04 3.419271811931323918e-04 3.515153102217362640e-04 3.498283137917774458e-04 3.344240315401186565e-04 3.297731905530875253e-04 3.364835964625223280e-04 3.411296754702908317e-04 3.500587332681159738e-04 3.512968609084676352e-04 3.414568841120644476e-04 3.386473150032882906e-04 3.435229849768808418e-04 3.444711094360606391e-04 3.568100139040718440e-04 3.675841750394225819e-04 3.554241928187379905e-04 3.338416142862593149e-04 3.314100452161431939e-04 3.429655650182776420e-04 3.431702635615397354e-04 3.384002678817610299e-04 3.434643277208508671e-04 3.404769768772137077e-04 3.230753395047950244e-04 3.190470110344561551e-04 3.396582817981200556e-04 3.609674318227555200e-04 3.622802566845075055e-04 3.459896859413827928e-04 3.204175032931170673e-04 2.996602713335559795e-04 2.939514630397320775e-04 3.085358958933030922e-04 3.282588416900082727e-04 3.344067641929630158e-04 3.368245283987115037e-04 3.393739945808910250e-04 3.356292189858055036e-04 3.241377924793218063e-04 3.137052802843384421e-04 3.204078695785444629e-04 3.315290638371401130e-04 3.286626527279850707e-04 3.325093998683111896e-04 3.363914415086524581e-04 3.329389348675059618e-04 3.392692188999992626e-04 3.536090907918302802e-04 3.559055949691330989e-04 3.436911833612325828e-04 3.219517580829266276e-04 3.034303107951902972e-04 2.979642452539944223e-04 3.103006185708525331e-04 3.309408413799485140e-04 3.373578830631758486e-04 3.300529687860958910e-04 3.141361383712715965e-04 3.170558412701473009e-04 3.412438361742848951e-04 3.418558000081931133e-04 3.281273230266144609e-04 3.268395310176095423e-04 3.309526202494655293e-04 3.231424340981629644e-04 3.151407916545738127e-04 3.322441287302532222e-04 3.398254040160043335e-04 3.267443764080798499e-04 3.202133728004758926e-04 3.173665996236146197e-04 3.223229967918217671e-04 3.419036464427567014e-04 3.471133722949784508e-04 3.373323038936297449e-04 3.399296188695338436e-04 3.364186981860212622e-04 3.137824129000878984e-04 3.090152523762071130e-04 3.021362012212801392e-04 2.364996260793084733e-04 1.475217638822624703e-04
2.222918914270779361e-04 2.933883599019262447e-04 3.531381109259224384e-04 3.587492357341456406e-04 3.395015107100636228e-04 3.352833340956599050e-04 3.466198565862007837e-04 3.497079217900794790e-04 3.458274917922760593e-04 3.414845452987404868e-04 3.233697036689244528e-04 3.168809715777899162e-04 3.241326533216784740e-04 3.317123698733749409e-04 3.339854240156708495e-04 3.215114188729937096e-04 3.192427255690267530e-04 3.263456692598440704e-04 3.243048583336709343e-04 3.290718293705578073e-04 3.362229555294904458e-04 3.367807808234123948e-04 3.361968568460576797e-04 3.358176622566287953e-04 3.396773578817636466e-04 3.487197571103023961e-04 3.518037065108303415e-04 3.417797452525792208e-04 3.325985301885399652e-04 3.373558406464073145e-04 3.433484626254403906e-04 3.574471211039892448e-04 3.689788333503393140e-04 3.540307783733977155e-04 3.344597433459046368e-04 3.305977328679828454e-04 3.277950310730033570e-04 3.176532596414237473e-04 3.173218538052677718e-04 3.322789122783943532e-04 3.469494056085526464e-04 3.493091287416732050e-04 3.484541728731011369e-04 3.511105688441389658e-04 3.531139380748501175e-04 3.482184894229641437e-04 3.367357748269863248e-04 3.287105171740823295e-04 3.225766666139094543e-04 3.076701548975854404e-04 3.060446610145070188e-04 3.247466573463719396e-04 3.396916141375022841e-04 3.502614230979156297e-04 3.606290238040669050e-04 3.545464161141088444e-04 3.284858355668726334e-04 3.126893315035112202e-04 3.219862958190731388e-04 3.324312357365711082e-04 3.310661304712275493e-04 3.354610850996099275e-04 3.345706814199238136e-04 3.222892756709869232e-04 3.245347114514441646e-04 3.393841469049074843e-04 3.485711360029457697e-04 3.384866510265977955e-04 3.159460207692372418e-04 3.120648070667172481e-04 3.179132751532797894e-04 3.193395519120275543e-04 3.281956132803619166e-04 3.363437913576529251e-04 3.352706245621424894e-04 3.212961833090671390e-04 3.167884800542217737e-04 3.307788588408813301e-04 3.338717597549538440e-04 3.319288455612851583e-04 3.328791983151174836e-04 3.324975465983237436e-04 3.223739571878060520e-04 3.204817425370011887e-04 3.451751301620368303e-04 3.574873190842298241e-04 3.324198476818421765e-04 3.100268650751781879e-04 3.126338325183139846e-04 3.294022600484930625e-04 3.506990345220712345e-04 3.496741774839243807e-04 3.309968582371156120e-04 3.328203853811941351e-04 3.295720337035442770e-04 3.092403813689216453e-04 3.100985762574320968e-04 3.088874807664572291e-04 2.448891552738388503e-04 1.507525282975696543e-04
2.122462657692561581e-04 2.727317847993487865e-04 3.299521151037209895e-04 3.452008513649587173e-04 3.288190373108921660e-04 3.283629830169286111e-04 3.531103244153266461e-04 3.572938758198332789e-04 3.416164059079206550e-04 3.390706136803709695e-04 3.355340539150178120e-04 3.268430246997842655e-04 3.269853249466373206e-04 3.354628062071166039e-04 3.347623933757099945e-04 3.181073395003726750e-04 3.180682112313747492e-04 3.217290248128849102e-04 3.116202642247293099e-04 3.144165574847263304e-04 3.275292327212802495e-04 3.369153086333867737e-04 3.365502875211978445e-04 3.278310510634617264e-04 3.277048213210537620e-04 3.353790643755798066e-04 3.457822457085868765e-04 3.430538658333904005e-04 3.299432731914386232e-04 3.275770931818787284e-04 3.324236139542636071e-04 3.408244412447119262e-04 3.494789632475590446e-04 3.442425229888530997e-04 3.342812737223327434e-04 3.313231824585811339e-04 3.182897141973328129e-04 3.021233961015960291e-04 3.071117121264207604e-04 3.302492272735530745e-04 3.575006511546255155e-04 3.690370312160070037e-04 3.572449484366520744e-04 3.364053367338064359e-04 3.276495727278826500e-04 3.292037147198409539e-04 3.283371735321622157e-04 3.322692762321216488e-04 3.391757356269334907e-04 3.320563667255408379e-04 3.220089126062964519e-04 3.286362895551467756e-04 3.393454177975114964e-04 3.474268605712906239e-04 3.623075833950595553e-04 3.634317322208221665e-04 3.357000146241108157e-04 3.190621492004855732e-04 3.283950752035148454e-04 3.300954598735556076e-04 3.308157658839699965e-04 3.443117043496374567e-04 3.414586748036001467e-04 3.199642989384432826e-04 3.154689853102068606e-04 3.289968799958937194e-04 3.441182679086924375e-04 3.362786650595954159e-04 3.133787807555617178e-04 3.215632795421210295e-04 3.421374919938373880e-04 3.423366282487435523e-04 3.394349258535906289e-04 3.410076646032402761e-04 3.449969933889725096e-04 3.366209798378337397e-04 3.246668942720461019e-04 3.267419178729465070e-04 3.275978337793974135e-04 3.306713678357029698e-04 3.330091034816025147e-04 3.327078945933343180e-04 3.249082568748452339e-04 3.304508265001329095e-04 3.598829967598401471e-04 3.707919782228415780e-04 3.381793327808179598e-04 3.084952425220888303e-04 3.209616992235674797e-04 3.490470986406001442e-04 3.600172709717641435e-04 3.419859772463373459e-04 3.178605542294065051e-04 3.223813091321477793e-04 3.232629138737730390e-04 3.124356552692535843e-04 3.194044323627044700e-04 3.169607239732416277e-04 2.495235496175886671e-04 1.526380800945855841e-04
2.191994320776143555e-04 2.763583331835757669e-04 3.230165265355338950e-04 3.328299635217430038e-04 3.176254421635329832e-04 3.162212487018816734e-04 3.371866930229370043e-04 3.358273596888779341e-04 3.238030767253994202e-04 3.390194397333284458e-04 3.498901302007006975e-04 3.345155789520741258e-04 3.252615021358886164e-04 3.307189905296496497e-04 3.342484965926609698e-04 3.292317027659547295e-04 3.345786249671148238e-04 3.391590343299391835e-04 3.290318366774538017e-04 3.214851389265675589e-04 3.236495804939709979e-04 3.335007509670649293e-04 3.306834830444387767e-04 3.113258696189788151e-04 3.105436116081827032e-04 3.249356941173461117e-04 3.384834684861871184e-04 3.389131857928263675e-04 3.285416004464672976e-04 3.236624346894583166e-04 3.238459356461715027e-04 3.165629108208055462e-04 3.164307939579826695e-04 3.258647369562302351e-04 3.327313291524908092e-04 3.344046172987505871e-04 3.246710834399297793e-04 3.133637581924209438e-04 3.137947462146247575e-04 3.321558659297622960e-04 3.593489145883157826e-04 3.644727578414035801e-04 3.410346422124011390e-04 3.204573729598939914e-04 3.181138742384215321e-04 3.286169977527018558e-04 3.364119352435808235e-04 3.348661065904102877e-04 3.406174463897703982e-04 3.442767584739634540e-04 3.373529443264554296e-04 3.329556428336606644e-04 3.316146977480632528e-04 3.348309021321717446e-04 3.521511327093112425e-04 3.606976568702559890e-04 3.449852932668526608e-04 3.318869822909868185e-04 3.381538864364454591e-04 3.385673444423443969e-04 3.417865316000542972e-04 3.507539947804023473e-04 3.398641326337539662e-04 3.214603392324394231e-04 3.163317719623534607e-04 3.184272203959611714e-04 3.269979130020628818e-04 3.254558896817890627e-04 3.117236127796215025e-04 3.253594591504074731e-04 3.489259692525593275e-04 3.515811655298226035e-04 3.469397895258501271e-04 3.385978285104054072e-04 3.399593891890742266e-04 3.387977735052441789e-04 3.396137672716472615e-04 3.491551232324190341e-04 3.356336682998129536e-04 3.229620821073489034e-04 3.297084104234436659e-04 3.380724244620884411e-04 3.297453811506221807e-04 3.302619347319763789e-04 3.552462722828215406e-04 3.604335118801980692e-04 3.351712561627712725e-04 3.199370888965220438e-04 3.385943386910679259e-04 3.612995298072253650e-04 3.601877802066546933e-04 3.395902787793004998e-04 3.255940050981748256e-04 3.337942753771914236e-04 3.275767297910297951e-04 3.157750205553693824e-04 3.183443701000567483e-04 3.047358991551470282e-04 2.357599659404887454e-04 1.446298200873292225e-04
2.196551855107145069e-04 2.799756903324596147e-04 3.236391329056266856e-04 3.306336218639803308e-04 3.259315702118669887e-04 3.313709362511252864e-04 3.367493375011169085e-04 3.178107686457047783e-04 3.087351817531147060e-04 3.369094469533915432e-04 3.586230074023034052e-04 3.416321462093445155e-04 3.214386103603522745e-04 3.195540366021804306e-04 3.274146714929875631e-04 3.284752979084001531e-04 3.313994725670151584e-04 3.463561453328549379e-04 3.499493627589531997e-04 3.360401783714607373e-04 3.278870998378431928e-04 3.357865085537269350e-04 3.281189893752983408e-04 3.069787482489004624e-04 3.124205643819933905e-04 3.284001693247129558e-04 3.331194240784471025e-04 3.311337306670174524e-04 3.285049191252356897e-04 3.314800317870287292e-04 3.313512406496973463e-04 3.108402649344394570e-04 3.000021785233396169e-04 3.141273325559198505e-04 3.266323264165726849e-04 3.293736806338916335e-04 3.314496540498695389e-04 3.381782272230368408e-04 3.345959012629255410e-04 3.330345911254775160e-04 3.422344322598597048e-04 3.397645146009450759e-04 3.204063137987224344e-04 3.167253120075727330e-04 3.203406037334235643e-04 3.292351862220957827e-04 3.416909152201861666e-04 3.371448234346791084e-04 3.373684000262203728e-04 3.400178958314064182e-04 3.329728642604770509e-04 3.251242037306945726e-04 3.207296662675485229e-04 3.275427974003191712e-04 3.444787148594121210e-04 3.466230017865165776e-04 3.339525253756282460e-04 3.252328231161113548e-04 3.359915927107127607e-04 3.415988967100650657e-04 3.419463682540816699e-04 3.397038903729913831e-04 3.304649127935136658e-04 3.294887403861442802e-04 3.355383328291771132e-04 3.334838969041573672e-04 3.295347431685472428e-04 3.306765894479812189e-04 3.248194001513380171e-04 3.325358785802609118e-04 3.481198287326892223e-04 3.501953364750251194e-04 3.433696533402312524e-04 3.304077933781025909e-04 3.341235411687166904e-04 3.372571304443087699e-04 3.447809468074678656e-04 3.611037064630707029e-04 3.434002939683453246e-04 3.240823179462223608e-04 3.354216366325820731e-04 3.478505765143233936e-04 3.329713976486212189e-04 3.192461501211006896e-04 3.330472566610747157e-04 3.392370439887096929e-04 3.307861730135143365e-04 3.327311527267033100e-04 3.488931054449804061e-04 3.547107287884338411e-04 3.485679460054714259e-04 3.442395556608213191e-04 3.475449565727374481e-04 3.555710964263704161e-04 3.343780230258680260e-04 3.062425285641358461e-04 3.034207662501257332e-04 2.988706720295277461e-04 2.359456145862541131e-04 1.437896341834756062e-04
2.169025239162321122e-04 2.782822927741565654e-04 3.225107882422156673e-04 3.380655870547473398e-04 3.470780494888844664e-04 3.543667587172707068e-04 3.406916912472222848e-04 3.068190698327690749e-04 2.991629688102823842e-04 3.292943621423547818e-04 3.564532149856761362e-04 3.546839319240350716e-04 3.424644608109652928e-04 3.367242502574404185e-04 3.417162757519189584e-04 3.325304446362810709e-04 3.179325395375519423e-04 3.282269739809530571e-04 3.434229106805674345e-04 3.403747892500014584e-04 3.371352373742116126e-04 3.443596658873294622e-04 3.336948054884183632e-04 3.146066396669569250e-04 3.211570570748096968e-04 3.377133718905949897e-04 3.375730785309836654e-04 3.328726065543736838e-04 3.309090288356182998e-04 3.363059778381024406e-04 3.408192957671532996e-04 3.271661245841139039e-04 3.170816928032997367e-04 3.244132115866026891e-04 3.253912748276812988e-04 3.201793665173738226e-04 3.320912805333955204e-04 3.502043879401134201e-04 3.438753737743439377e-04 3.329822014176553454e-04 3.323465827514180499e-04 3.280897821230991914e-04 3.164478291079382034e-04 3.165405367281094685e-04 3.153412797808707413e-04 3.116960852311051380e-04 3.182285577007309095e-04 3.235471628134736787e-04 3.297272004280007301e-04 3.318024640278142935e-04 3.300850886464797864e-04 3.318040098526554718e-04 3.320865152336409539e-04 3.348029979820445895e-04 3.419425075521575022e-04 3.359888722903007097e-04 3.187370773073513108e-04 3.111704726228257945e-04 3.255800299343020090e-04 3.310545421522944178e-04 3.260360805643923768e-04 3.229060339136573927e-04 3.279399247016647053e-04 3.387578932646951994e-04 3.496448836567796680e-04 3.529120896967411760e-04 3.511684594578471036e-04 3.530417162547790219e-04 3.435521864939047442e-04 3.374235173006854670e-04 3.427316741882481792e-04 3.432854525067847323e-04 3.363173605064525293e-04 3.261796990664469912e-04 3.374923882982192079e-04 3.442582792262920003e-04 3.414441791475748595e-04 3.501479609916468075e-04 3.477093122169797827e-04 3.372075310522374076e-04 3.409007050744162159e-04 3.456999861198471681e-04 3.260687563398012231e-04 3.081166919389909022e-04 3.215104152135333723e-04 3.410138235357503184e-04 3.463158002889057084e-04 3.483197563987850613e-04 3.497027565003952253e-04 3.404437886182497567e-04 3.345504314659040481e-04 3.414394240289907612e-04 3.514994033892597839e-04 3.587179134713653229e-04 3.396198467254479369e-04 3.059531028050271623e-04 3.052471962320479990e-04 3.157598663539889117e-04 2.527732266146638564e-04 1.499447660016073043e-04
2.154663741038907287e-04 2.742261804143227770e-04 3.119322242635814545e-04 3.290407553847844073e-04 3.444509314329563142e-04 3.485460147562249758e-04 3.299056224606810011e-04 3.039012944062625282e-04 3.009194540507124167e-04 3.255605001097976701e-04 3.500463269288282635e-04 3.616369240257716203e-04 3.674817839010212578e-04 3.624986362447615721e-04 3.592413897253806006e-04 3.453088325749299053e-04 3.209443104130195977e-04 3.189970025622664344e-04 3.411226306256569100e-04 3.511912699911971434e-04 3.511325577771315961e-04 3.553592105044342747e-04 3.449988474048380381e-04 3.252084685861121398e-04 3.202316336191174916e-04 3.358112889638533750e-04 3.450195549078020115e-04 3.398294160128740400e-04 3.252225184969013494e-04 3.266835081252476370e-04 3.388645440495784188e-04 3.365629308647451971e-04 3.338662031415296850e-04 3.365043017582829143e-04 3.282198279561835763e-04 3.193818080456005751e-04 3.375231823731704938e-04 3.511013784458228955e-04 3.363876708925322328e-04 3.227869184670810725e-04 3.221758387595476136e-04 3.238468793116958599e-04 3.256505701668764140e-04 3.257032370819762249e-04 3.177252868113303124e-04 3.077303326993288983e-04 3.062466541365624437e-04 3.185931223475613801e-04 3.331477538328955204e-04 3.344888227237750389e-04 3.353561523775218205e-04 3.432410731064029731e-04 3.427142259736580109e-04 3.356335981615907920e-04 3.378219515694173684e-04 3.332353337886687192e-04 3.161744369326489282e-04 3.140368099173098271e-04 3.287180533155012983e-04 3.274551454419315439e-04 3.148106479712508773e-04 3.122617198849436324e-04 3.276531275324052247e-04 3.414864467440810220e-04 3.502492095881875852e-04 3.551535352441100263e-04 3.599288949582347182e-04 3.591389473805028801e-04 3.462645389680132219e-04 3.378624257993450815e-04 3.380655906974464379e-04 3.365137131411287050e-04 3.322890595646065459e-04 3.239713602860476785e-04 3.364550722326395101e-04 3.486484610350483676e-04 3.399089721761804723e-04 3.364205310871061852e-04 3.437869557011180750e-04 3.423902884776895781e-04 3.369038293623413324e-04 3.347475743571985598e-04 3.198994553602939133e-04 3.090870495572742901e-04 3.256075248077755805e-04 3.524764928714262937e-04 3.601108939478145018e-04 3.521815332670761352e-04 3.435972001298331262e-04 3.343131001828482732e-04 3.348055573744430176e-04 3.420670567080210268e-04 3.468245416186807573e-04 3.535173573310022139e-04 3.486034038987497960e-04 3.264203205010920376e-04 3.262416219997555300e-04 3.330817147862558374e-04 2.663783330265087710e-04 1.568988800309745126e-04
2.231695617874908258e-04 2.750702434776752846e-04 3.034410101022628819e-04 3.051286273270191040e-04 3.170657084822604355e-04 3.320222756779642485e-04 3.301392013110652753e-04 3.245654118217116812e-04 3.271016867717145820e-04 3.391168207831625567e-04 3.483485654656112989e-04 3.532497067667005356e-04 3.604324064567846733e-04 3.523817454705687651e-04 3.438047874347629736e-04 3.391816669369552379e-04 3.262798712848867522e-04 3.223757319933696344e-04 3.494512845734835645e-04 3.630216395640667383e-04 3.532770289442570245e-04 3.498487688853086546e-04 3.457452244443297166e-04 3.327226034923451035e-04 3.179162711638082147e-04 3.272274258077751373e-04 3.454006041478243716e-04 3.455897646516029823e-04 3.233871804749182798e-04 3.189155343428814299e-04 3.291149467494735030e-04 3.245333749660551719e-04 3.271120137129389957e-04 3.347237572222916922e-04 3.304793419086198567e-04 3.273356244761204412e-04 3.432081264228944626e-04 3.521411230664852135e-04 3.377723982998308522e-04 3.184116207313387775e-04 3.124671484154717275e-04 3.215029804987615952e-04 3.395725569168859875e-04 3.447458561207863308e-04 3.341679144370997322e-04 3.282658254649840207e-04 3.253667585538754219e-04 3.377129056695268904e-04 3.511885852150597878e-04 3.432485078634661701e-04 3.388238717297897308e-04 3.443967257801920363e-04 3.406673127927348113e-04 3.295966559555305953e-04 3.329856008507657865e-04 3.344019889251791718e-04 3.243737232330460760e-04 3.298330339913991844e-04 3.448392524937764800e-04 3.407308330228190447e-04 3.219488047767509516e-04 3.159636710028126093e-04 3.297246597742815844e-04 3.392233837199301670e-04 3.422038386286377419e-04 3.388856865994153761e-04 3.443936065167210367e-04 3.473738364043287138e-04 3.463843615186193306e-04 3.516651694980336930e-04 3.475013533451991343e-04 3.312554122838877197e-04 3.212942570383642434e-04 3.185920078737024784e-04 3.303452579962808697e-04 3.412835282846195598e-04 3.340144294875418756e-04 3.274775169957126883e-04 3.291554569503440204e-04 3.305727254666144133e-04 3.290767325565863329e-04 3.342668237036511324e-04 3.379916303618401424e-04 3.388371425212834392e-04 3.447609413532737050e-04 3.507543349112447295e-04 3.486698109261742113e-04 3.404796113174100814e-04 3.366596460995755370e-04 3.295957948711739994e-04 3.276589612750051110e-04 3.299430287974701816e-04 3.325409365819690819e-04 3.443437552328709175e-04 3.487261374998866883e-04 3.389497670503096726e-04 3.379823613564935736e-04 3.354733428214911706e-04 2.746323791208682939e-04 1.713217862597833771e-04
2.234323798658522861e-04 2.737106227669772358e-04 3.052086593581147204e-04 2.994282175536062268e-04 3.020218117026571020e-04 3.218658776662003049e-04 3.342697634808721591e-04 3.493555692505486950e-04 3.597555709040899672e-04 3.557236353673015323e-04 3.425381945556284224e-04 3.336309383680477773e-04 3.338915319912315631e-04 3.252987855278463439e-04 3.165035841450825537e-04 3.167913033638281679e-04 3.175322920594235562e-04 3.186676307073450375e-04 3.411872611522125511e-04 3.469027211042876712e-04 3.333565501762516007e-04 3.335694631504290643e-04 3.400718390669382751e-04 3.382027317613156168e-04 3.204992965798119471e-04 3.188084091112409384e-04 3.382046093627609777e-04 3.501914239463306457e-04 3.342321730355851087e-04 3.241293945451812885e-04 3.234382400251152373e-04 3.162807425602745005e-04 3.258043088942881452e-04 3.377132830641605549e-04 3.355643303624197132e-04 3.325658094363391883e-04 3.370380199366930377e-04 3.476962116454588485e-04 3.445162242776573245e-04 3.223493840964698938e-04 3.108769991508105054e-04 3.226814251806116481e-04 3.422262053331047394e-04 3.465246588123438356e-04 3.411566667126743379e-04 3.464785302333868184e-04 3.460287962016750807e-04 3.526849237335473626e-04 3.610580269637431259e-04 3.489637433676764824e-04 3.396776583566448425e-04 3.366718379187444020e-04 3.324698462908991800e-04 3.256749312184002145e-04 3.255119510885907041e-04 3.273619955521581528e-04 3.296185369569629977e-04 3.452913332157653758e-04 3.601137796598118763e-04 3.527540467170997432e-04 3.306145389820873848e-04 3.257225771431150607e-04 3.321163770807157491e-04 3.294471581013722907e-04 3.231902667207890104e-04 3.086544358117051406e-04 3.125779482266297831e-04 3.308295708985189835e-04 3.500034543380816862e-04 3.640701634595089244e-04 3.567671951870664011e-04 3.334386038048529335e-04 3.199130090443145710e-04 3.210893501979172567e-04 3.292184178971034689e-04 3.342891420584549896e-04 3.301203430994810537e-04 3.273141636782969806e-04 3.211988301902938669e-04 3.209267440453960653e-04 3.259076954317714769e-04 3.387985538878038046e-04 3.529867289347767001e-04 3.580306901957368932e-04 3.543134553070665521e-04 3.414550039039933966e-04 3.324944571856153393e-04 3.375331777579295193e-04 3.451711849867544497e-04 3.326300349397885757e-04 3.138396354481525949e-04 3.076498170338577329e-04 3.203633992913110565e-04 3.446796902610009972e-04 3.496617257687392949e-04 3.387825606706714398e-04 3.282734308334200662e-04 3.118334378166114367e-04 2.594684592597652577e-04 1.747217029834081080e-04
2.244094129760408553e-04 2.784528477136044415e-04 3.194671976682621661e-04 3.202159910987166015e-04 3.184220283810898586e-04 3.320247249655055872e-04 3.402846971326743382e-04 3.546039807483266195e-04 3.637974825718166133e-04 3.569441197458285311e-04 3.410508485428481512e-04 3.275897658129313904e-04 3.227776672907134653e-04 3.134556529557646796e-04 3.026605375401835406e-04 3.077231084703363180e-04 3.198418916069623225e-04 3.191436268852664926e-04 3.251147556622852324e-04 3.210197117277258246e-04 3.157310231928938705e-04 3.266750279511041171e-04 3.385972533424814307e-04 3.421581967092330624e-04 3.264290211061571202e-04 3.146927529965285624e-04 3.262545283450264720e-04 3.414368783915757593e-04 3.365349124021760428e-04 3.340989857425811604e-04 3.337521943851485878e-04 3.289137073669686157e-04 3.351165715303614434e-04 3.398274633364611148e-04 3.326087697424819642e-04 3.241620845621786748e-04 3.248706948358099809e-04 3.391556425420160143e-04 3.442452719577737599e-04 3.299178610868098126e-04 3.211592501289092360e-04 3.313871772466656313e-04 3.454491616151878180e-04 3.463717537627523501e-04 3.430565958283438065e-04 3.479793853098863158e-04 3.439313115195486120e-04 3.431897089123875973e-04 3.489610260557472494e-04 3.469344740382819580e-04 3.435127685252802260e-04 3.305511573961966622e-04 3.214804654912656692e-04 3.218404599374395832e-04 3.257990218941044110e-04 3.321106486216161510e-04 3.372948359935026949e-04 3.481926275410870096e-04 3.553449326931187608e-04 3.454211659133989035e-04 3.274058706364570939e-04 3.282085663842144031e-04 3.312117192786942065e-04 3.218400028691106515e-04 3.112448031617792341e-04 2.970984404025590192e-04 2.981268522963737878e-04 3.169552309803710640e-04 3.405159185526941950e-04 3.549381485868517618e-04 3.526027783582774992e-04 3.402159889746434384e-04 3.258389454084799157e-04 3.176980004901712646e-04 3.230276809377693689e-04 3.341100932507304723e-04 3.308087562233998536e-04 3.237112376241606552e-04 3.204452721687575689e-04 3.277376520091314013e-04 3.356273566558665329e-04 3.424239250171542482e-04 3.426981233234700384e-04 3.335459253277890885e-04 3.292655502187873335e-04 3.289630786419867905e-04 3.332832474942840463e-04 3.482463210100441480e-04 3.521783989843937836e-04 3.335222413587535630e-04 3.112487434227756227e-04 3.065442682694465449e-04 3.303640128796268187e-04 3.529258727480517519e-04 3.443834969279202258e-04 3.237374445830483753e-04 3.054721494280840475e-04 2.829839579126558783e-04 2.354448917483458110e-04 1.630203075449846990e-04
2.409888293684832371e-04 2.906621871770958339e-04 3.269667557765602991e-04 3.330708759760775709e-04 3.352610210404105714e-04 3.403044206536018899e-04 3.350192765775400440e-04 3.358787982695519807e-04 3.397211805715280759e-04 3.401704293131876380e-04 3.364365992353666925e-04 3.308780908447186281e-04 3.285047255995698738e-04 3.192373111225477482e-04 3.084234352553674990e-04 3.188197010236096295e-04 3.350478999462239800e-04 3.298207026824306713e-04 3.247720679746785391e-04 3.209508184816395283e-04 3.228659871241372926e-04 3.349802250933617232e-04 3.419809921258633724e-04 3.415354474204919475e-04 3.328207153151882145e-04 3.229809890645305272e-04 3.222985429215293992e-04 3.293039547140971411e-04 3.323202281482027934e-04 3.401296102359049889e-04 3.433794104902865578e-04 3.434716602106168402e-04 3.461646088326181519e-04 3.425490860913435161e-04 3.305626505597540816e-04 3.207474855184703957e-04 3.262282014725297616e-04 3.380245908114245515e-04 3.389731674668713252e-04 3.347402808478431744e-04 3.372321113092056942e-04 3.434121420428542289e-04 3.441261720822635234e-04 3.349203095391091868e-04 3.304801486449336764e-04 3.352025563552832885e-04 3.347184649373273696e-04 3.360402171495068327e-04 3.427416472928609980e-04 3.467932819781579168e-04 3.452165977498610253e-04 3.349958712560469499e-04 3.314058295488742567e-04 3.369060566978662806e-04 3.470250556388308283e-04 3.535407478559327325e-04 3.459801797185440468e-04 3.388632082781709801e-04 3.347570914676481057e-04 3.291503926739729321e-04 3.264980477657140629e-04 3.342081672854004936e-04 3.334761962322590968e-04 3.268005404136968941e-04 3.245693867350473360e-04 3.161493933177273439e-04 3.122831503829147847e-04 3.156158818942766736e-04 3.245708972386828644e-04 3.343381171116330502e-04 3.403280622890550292e-04 3.405998365532232012e-04 3.224515050727058468e-04 3.051544780013651327e-04 3.129213126290897925e-04 3.334770650224071556e-04 3.284557566490142353e-04 3.178436976064394652e-04 3.268866716940151606e-04 3.391038919693855009e-04 3.422465886831759256e-04 3.404388887292386211e-04 3.279517503754002619e-04 3.079007370859461554e-04 3.053851016129310999e-04 3.197359944386611108e-04 3.373676532476097435e-04 3.496554437279266749e-04 3.374459178803764338e-04 3.193864250073229628e-04 3.153319280053830083e-04 3.239116368080761292e-04 3.486635025903843279e-04 3.556469647756607720e-04 3.358788589721990454e-04 3.175833305035102730e-04 3.017413941674432698e-04 2.767056217112020254e-04 2.266624298219955744e-04 1.564906464064241430e-04
2.500160580412241025e-04 2.957853352759263403e-04 3.226912341720807650e-04 3.232904355891397393e-04 3.275685801382947492e-04 3.329583317129967035e-04 3.271065667776475692e-04 3.256716568827243549e-04 3.287585850045828201e-04 3.240699350600252486e-04 3.202125141134862154e-04 3.303388733091822474e-04 3.374251584515904740e-04 3.275849343455204546e-04 3.173250434393172763e-04 3.269616590724795505e-04 3.364444135071104221e-04 3.287989068047543245e-04 3.222645579619785438e-04 3.253117697937640005e-04 3.346655197418982233e-04 3.490416661875145169e-04 3.493248132136802381e-04 3.356302817983924111e-04 3.318032730879180367e-04 3.327081984503840826e-04 3.221295176215440348e-04 3.175362883994145829e-04 3.286156735046899362e-04 3.473331827655295610e-04 3.523589234806027417e-04 3.492535637575572369e-04 3.482763826380860491e-04 3.421659261148916583e-04 3.320053729175683160e-04 3.282631381301500837e-04 3.327911717883527817e-04 3.367922076773692628e-04 3.379301266813918426e-04 3.447769857841154499e-04 3.547361949990604372e-04 3.504265203304163766e-04 3.326520487022075357e-04 3.124211816880233055e-04 3.051817184685976219e-04 3.142223642179978443e-04 3.242810907541164556e-04 3.324765097212776708e-04 3.395081573617265438e-04 3.384180711726341361e-04 3.329915037574297972e-04 3.375419377367827687e-04 3.485666665330620570e-04 3.532461673052492840e-04 3.584401471054203645e-04 3.589102586470494611e-04 3.429545660077318097e-04 3.244928081823412634e-04 3.143211658098597674e-04 3.195760676648943220e-04 3.392787005121986358e-04 3.516709206526694425e-04 3.407189499491426765e-04 3.360475893656958033e-04 3.500321294440379661e-04 3.454859743930565599e-04 3.354118520310146755e-04 3.280731915013574296e-04 3.269261081000472040e-04 3.302183479361167281e-04 3.383037352081599532e-04 3.479520341713212141e-04 3.343357052399896197e-04 3.125353322391607319e-04 3.146457941104341014e-04 3.361305550271739828e-04 3.338844801691144342e-04 3.247592592220197570e-04 3.381053970831143307e-04 3.440254299159432047e-04 3.396737426465608637e-04 3.341496367092182829e-04 3.230297206065383211e-04 3.107188359212027296e-04 3.080200748227338329e-04 3.168264565287722836e-04 3.313385578344611639e-04 3.336310494165136103e-04 3.164991291170358902e-04 3.150808103061275610e-04 3.292194143141020219e-04 3.435117500977332870e-04 3.601191336010013547e-04 3.524961816402018971e-04 3.346764398819134520e-04 3.344068781180371428e-04 3.269282534338823713e-04 2.918578396566447446e-04 2.274226681609204639e-04 1.535908316242317164e-04
2.426107860765565046e-04 2.980964366538066184e-04 3.298028261107664619e-04 3.252944383463635537e-04 3.241019376404210141e-04 3.269367520712234418e-04 3.273584753816491172e-04 3.317364950760895632e-04 3.366418301013347205e-04 3.281255410423940125e-04 3.245366568806218885e-04 3.477381010481050473e-04 3.598291201456231461e-04 3.447681506654493716e-04 3.293569429432345033e-04 3.321553028895987041e-04 3.340172279053924042e-04 3.256535492375944993e-04 3.176003225499358928e-04 3.241549499348690471e-04 3.406711714628289254e-04 3.597460757391149387e-04 3.601862023283282149e-04 3.377348473668311240e-04 3.295711308444528595e-04 3.404083053160587824e-04 3.317557345977839535e-04 3.176305588838845449e-04 3.240574748198438073e-04 3.422309174170271744e-04 3.531454864381684670e-04 3.469554277399184913e-04 3.398162135359594771e-04 3.338386389869034670e-04 3.283557737031095108e-04 3.333803912006021684e-04 3.378366870921390396e-04 3.369244194077378705e-04 3.383352194842058130e-04 3.494401874928579517e-04 3.610342200601269536e-04 3.497416585413646532e-04 3.287140060190649367e-04 3.111794492674608767e-04 3.028924614218930170e-04 3.097202866611550821e-04 3.195162307421620801e-04 3.268160425819339196e-04 3.332242912065602422e-04 3.271733211614502915e-04 3.177305057442221178e-04 3.307595936687121943e-04 3.485441741522325135e-04 3.441408587389656738e-04 3.360049466411045788e-04 3.397578394881853401e-04 3.378703861728562683e-04 3.190398773052479991e-04 3.027212383831972870e-04 3.161864543337069254e-04 3.489070652143938067e-04 3.575838567689901943e-04 3.385819907134941147e-04 3.328198306979757788e-04 3.532366783055708817e-04 3.503525528595713380e-04 3.414396766150112200e-04 3.415713160273155767e-04 3.448383096081234075e-04 3.430572180913757071e-04 3.431692684415741388e-04 3.551601923010517452e-04 3.534691330014212100e-04 3.331160380608892929e-04 3.273878611112097372e-04 3.462091422822327538e-04 3.476245234375508354e-04 3.366717607242789012e-04 3.458327456154620776e-04 3.450476510997297058e-04 3.326439702675355122e-04 3.276636141028519680e-04 3.287961473726747335e-04 3.328440068427602995e-04 3.341272201579372175e-04 3.309900141719457627e-04 3.306400078322932912e-04 3.183617148444066198e-04 3.042467271447550940e-04 3.181660588089291241e-04 3.351518410586532275e-04 3.412997679693195795e-04 3.469073123095303733e-04 3.401544672224078537e-04 3.413214121078734413e-04 3.584811688759795105e-04 3.491784929490434654e-04 3.002810299367697586e-04 2.220887142283908453e-04 1.471548606134827212e-04
2.436173084161234053e-04 3.049484366320158978e-04 3.389813692116023982e-04 3.380330476019539074e-04 3.332234760028886938e-04 3.260942493616378096e-04 3.253178200002464042e-04 3.268367566758016056e-04 3.282721871549570633e-04 3.298572024891254255e-04 3.395431208483205929e-04 3.647401455484450489e-04 3.726900686512253950e-04 3.567823376415196019e-04 3.415314555735053594e-04 3.445011141330064182e-04 3.483830105412937103e-04 3.401516337685198859e-04 3.280704076031845705e-04 3.288280738391062465e-04 3.400333493873649617e-04 3.529609367998556065e-04 3.513672992747516807e-04 3.345243425247300395e-04 3.297409938054163487e-04 3.484234637783607076e-04 3.471049876191631975e-04 3.279005624143508778e-04 3.178638355793103219e-04 3.206746963943808140e-04 3.352433510477997587e-04 3.339878630051931318e-04 3.280949138557782887e-04 3.240773976531573989e-04 3.170939623431122704e-04 3.259438009748409572e-04 3.393561126643605558e-04 3.418987828109627380e-04 3.395467179024897657e-04 3.459250045365034080e-04 3.553505712947231622e-04 3.457790217358326407e-04 3.363131261406465699e-04 3.326217587112827775e-04 3.331292689194286514e-04 3.307566826619180722e-04 3.216498714228279094e-04 3.252149621784251442e-04 3.402951520253066301e-04 3.345020937539660471e-04 3.138501701668762077e-04 3.157059385138368500e-04 3.299023307906524382e-04 3.244911932674528167e-04 3.103052957551955936e-04 3.182537107103538534e-04 3.385862844990148281e-04 3.331421838426232838e-04 3.134238259855666843e-04 3.218643611856047471e-04 3.432274817608637176e-04 3.364164596738546164e-04 3.171208748063191266e-04 3.155932416600983710e-04 3.319075083801749718e-04 3.308162413850479619e-04 3.314178798391450914e-04 3.453393522193482596e-04 3.574306309448236751e-04 3.561693648177408338e-04 3.468626787671334560e-04 3.473975208404495398e-04 3.474525842453675189e-04 3.407052035333818377e-04 3.425708668865470787e-04 3.550071146166998231e-04 3.505722267933999818e-04 3.385597295447427546e-04 3.477660441571649077e-04 3.463502586589486867e-04 3.287517204369003600e-04 3.244312730758502602e-04 3.353651427499000745e-04 3.459523599384103053e-04 3.486418142158430886e-04 3.414404280435032408e-04 3.378887651946969406e-04 3.210383785330137973e-04 3.087418183361252807e-04 3.246037674140845588e-04 3.376480510620549378e-04 3.328753825264673706e-04 3.273301624519606547e-04 3.270874163456578138e-04 3.428657954573687884e-04 3.604319282257627786e-04 3.434707171878715530e-04 2.881169843174938229e-04 2.057386120751972627e-04 1.353477034306295175e-04
2.454110209245781091e-04 3.057811438111524178e-04 3.339750264996143789e-04 3.343026747508472357e-04 3.345862974492776090e-04 3.281341057672924931e-04 3.235741220786109216e-04 3.183912992351661136e-04 3.155358840586156271e-04 3.173519506446615193e-04 3.299257771003775465e-04 3.482083764970140367e-04 3.487567863698776138e-04 3.362918771839058709e-04 3.325161284778629369e-04 3.487651133390470360e-04 3.577787335192407926e-04 3.437607968447806183e-04 3.340768760457632123e-04 3.384541731276086802e-04 3.415828226082237226e-04 3.382771337205768753e-04 3.268140135586469677e-04 3.190939306102846904e-04 3.296399363641390641e-04 3.542900887673288259e-04 3.549761961868963837e-04 3.353886673350989591e-04 3.197667941129563561e-04 3.141067439396304705e-04 3.247102629932505763e-04 3.278782364436742987e-04 3.215078664623303886e-04 3.143106506756936005e-04 3.097682180328789484e-04 3.262289525970281899e-04 3.462837719478885508e-04 3.513534801536608043e-04 3.474888657685461192e-04 3.465961341208668783e-04 3.477226355806686234e-04 3.405655718011528976e-04 3.386888524821093926e-04 3.412142205312403533e-04 3.500788067327028621e-04 3.455852918918978379e-04 3.268135912004656611e-04 3.313089575966059533e-04 3.492364393470676802e-04 3.437357276203079331e-04 3.230606031336509467e-04 3.128417848265652905e-04 3.151487703194161770e-04 3.178277284328152787e-04 3.154874805009976434e-04 3.210707543157069162e-04 3.368564716940959615e-04 3.364226838618395647e-04 3.237329736788417331e-04 3.288671904479273335e-04 3.339018784279094596e-04 3.192588812582558208e-04 3.064279503999310216e-04 3.116252409038742675e-04 3.267973692643310083e-04 3.289173161112026659e-04 3.304533632243825125e-04 3.395299999807566008e-04 3.499984438245850671e-04 3.486509520007610372e-04 3.384156736484922995e-04 3.322179530400071494e-04 3.273308414253784000e-04 3.303899571586514346e-04 3.444459225160236677e-04 3.499834741158110640e-04 3.409707603799701529e-04 3.314302763527717920e-04 3.352279678989036654e-04 3.356985220531696250e-04 3.255994966404188781e-04 3.236867358622712949e-04 3.356083919172857775e-04 3.463802573094460760e-04 3.456105753701037677e-04 3.355107437999713940e-04 3.316425625525951039e-04 3.207696474420542246e-04 3.169461338920799565e-04 3.328831602687614419e-04 3.453201464888480503e-04 3.410566523857377799e-04 3.314680078053379919e-04 3.242856037375502448e-04 3.296356084183998600e-04 3.416759426461761203e-04 3.306005903545236341e-04 2.767351372320412273e-04 1.891678401968850069e-04 1.169296068138230308e-04
2.385128163965097173e-04 3.045045102164230764e-04 3.311096985601861544e-04 3.302480746081728298e-04 3.432112649898264728e-04 3.481340059296738503e-04 3.409269576489878549e-04 3.308631210758855709e-04 3.258684195600470689e-04 3.183717599939162339e-04 3.177677827698999462e-04 3.260996384673205671e-04 3.301536613341296252e-04 3.245162981306330902e-04 3.237433131308754841e-04 3.431034182940543263e-04 3.534478361570426996e-04 3.335861060502979657e-04 3.260680774713135398e-04 3.405039762264833614e-04 3.431399437423891504e-04 3.287445551689589362e-04 3.107470660723464853e-04 3.046704816763828568e-04 3.238151901127675177e-04 3.520450169669565345e-04 3.595835392826205292e-04 3.470774038459021921e-04 3.360352356947360168e-04 3.314422579959025710e-04 3.359896808843384651e-04 3.371884618918443094e-04 3.257491836673962480e-04 3.189406849063544831e-04 3.221381578162978154e-04 3.346240479830030418e-04 3.448600253042039378e-04 3.477142906088968627e-04 3.410326370436892406e-04 3.317784151536153905e-04 3.322720318241900858e-04 3.370128876236317458e-04 3.424739533987103879e-04 3.453088080115575189e-04 3.510605418434250983e-04 3.430228471650842957e-04 3.257720522367449833e-04 3.330699365801420737e-04 3.473864005860716219e-04 3.426463893779180367e-04 3.359907076305581946e-04 3.271509148035134417e-04 3.194683084302307350e-04 3.253200355990415460e-04 3.368773746985459202e-04 3.418472954327774664e-04 3.384028466962513224e-04 3.257901590425080142e-04 3.174358989703033890e-04 3.279784522364144234e-04 3.305509392848691606e-04 3.245736718864209412e-04 3.212647672058236976e-04 3.233220216455058279e-04 3.297265830837140367e-04 3.282766182421994723e-04 3.291427959237374409e-04 3.380330612525787003e-04 3.473187072714291378e-04 3.390229846941499167e-04 3.243807670840540263e-04 3.207605025903087926e-04 3.195528287560893280e-04 3.225057741563154448e-04 3.318046903714788934e-04 3.325667583656656892e-04 3.298856014294820936e-04 3.232123760695338258e-04 3.163193770520432522e-04 3.221687864006391160e-04 3.262977581632913403e-04 3.259146606130519565e-04 3.311933821256436532e-04 3.367797158488457449e-04 3.338611526575625018e-04 3.264189016512850246e-04 3.227424390234527856e-04 3.216285683311324991e-04 3.271159333228819258e-04 3.377366795882689532e-04 3.439870322976594725e-04 3.421585434530067843e-04 3.373157175066586119e-04 3.229833991006105182e-04 3.115606465384631804e-04 3.236813286321952752e-04 3.323046898697007076e-04 2.944056397241053653e-04 2.033228693016592777e-04 1.180065822421805976e-04
2.266069321474519914e-04 2.994892659603100955e-04 3.318602784744153046e-04 3.339344011216881431e-04 3.539814935927560347e-04 3.668085807653859122e-04 3.572845731857205972e-04 3.422332817509534070e-04 3.380144083392086713e-04 3.313940399972474765e-04 3.174541037528244743e-04 3.120623111206115817e-04 3.250816641014081564e-04 3.320423819074550995e-04 3.306082580165074954e-04 3.431943776679107871e-04 3.558100805872195386e-04 3.385893113888231807e-04 3.248520852976077757e-04 3.356218332423922162e-04 3.416465855574937977e-04 3.315321318017785805e-04 3.166504086064237874e-04 3.078612999528796855e-04 3.214498705838255343e-04 3.462880157135730637e-04 3.631490256602973483e-04 3.605964964424340649e-04 3.500052021242200514e-04 3.446715303983423871e-04 3.504054147922639893e-04 3.521177507275919522e-04 3.384405956729125446e-04 3.340662889962707580e-04 3.395850072964809062e-04 3.414360825590017105e-04 3.371850655224629349e-04 3.321392892858606328e-04 3.241730577761095002e-04 3.156505939114796766e-04 3.226569440762940780e-04 3.402548413855849144e-04 3.541195031411667666e-04 3.542713529259013637e-04 3.489368812569584605e-04 3.342862480331993845e-04 3.191334799186685352e-04 3.289393228663167875e-04 3.437762343326124063e-04 3.396785455148362614e-04 3.388188126400999136e-04 3.326258108809922566e-04 3.225735225442194183e-04 3.235908812858541450e-04 3.376652774289657733e-04 3.515473098492163397e-04 3.465585523477110377e-04 3.272070467211622442e-04 3.188462307646989786e-04 3.331300580001446757e-04 3.361560669033001724e-04 3.335339055547244204e-04 3.364552255299006257e-04 3.350097253492572108e-04 3.236383068396900568e-04 3.098012206236823657e-04 3.162637858525484038e-04 3.392298144470113253e-04 3.526688239456262372e-04 3.371838192548214401e-04 3.144639666278553018e-04 3.154665909326992900e-04 3.237144588725226731e-04 3.261526303063378481e-04 3.278846127797290519e-04 3.289903300571194724e-04 3.291660268372141856e-04 3.205760447511267833e-04 3.149089925325299338e-04 3.246706834595790184e-04 3.289900492750374257e-04 3.244321268706098702e-04 3.200123369169552163e-04 3.194105183539369284e-04 3.237125555423326024e-04 3.279621778674844147e-04 3.274776153464038862e-04 3.311622961252753679e-04 3.461111795930662963e-04 3.544209015286641515e-04 3.472549134656808829e-04 3.350749492617168500e-04 3.292116371494009913e-04 3.171511420996475867e-04 3.065073645258308238e-04 3.258878042815681764e-04 3.506925409897676277e-04 3.322847864876235817e-04 2.459986270073465271e-04 1.493874614833823355e-04
2.204013036304469360e-04 2.896518349998210046e-04 3.251079014393485570e-04 3.284274731943681884e-04 3.396013821652374746e-04 3.477205428785786097e-04 3.379940503330550964e-04 3.250783543959960770e-04 3.299984862191216806e-04 3.348983220961552262e-04 3.211782227682637224e-04 3.094845187203047266e-04 3.250454680150530250e-04 3.399869844601765396e-04 3.395713649609737603e-04 3.388266822236697803e-04 3.444176710801103922e-04 3.381566455308820506e-04 3.277165486636164160e-04 3.301615694287710480e-04 3.375339154552346710e-04 3.357435291764252275e-04 3.261526457704930866e-04 3.214133773864192548e-04 3.328770364244426497e-04 3.517081149207548253e-04 3.635603561832840614e-04 3.584608140259188899e-04 3.456396608251047220e-04 3.414077886740578705e-04 3.507611677875798351e-04 3.597002239855454043e-04 3.523254230883154795e-04 3.434974746678976605e-04 3.418035252719797278e-04 3.381079607599860883e-04 3.275586579166995648e-04 3.180171801996008749e-04 3.192061245714510748e-04 3.274111958201791905e-04 3.389525431590681816e-04 3.478793203916325980e-04 3.507388889613637919e-04 3.428595406563391345e-04 3.321017567782319968e-04 3.201133546477595267e-04 3.112854876397002247e-04 3.223278676011541877e-04 3.392756467502186404e-04 3.384224494801646834e-04 3.351100842663445618e-04 3.264079911917465394e-04 3.152954668410946947e-04 3.100565359976120857e-04 3.276509808514810589e-04 3.549479948332473988e-04 3.535540381406323185e-04 3.333556094714683793e-04 3.230946860913489968e-04 3.321619519920807409e-04 3.339832214580694294e-04 3.299323347143932579e-04 3.360850371007070196e-04 3.417109233916763877e-04 3.291651618461756456e-04 3.078421927492749942e-04 3.134743879191977957e-04 3.392719102441873547e-04 3.540872257783947864e-04 3.402530801931647679e-04 3.170190135412521396e-04 3.204938743837560831e-04 3.278767946658547698e-04 3.260627724866301197e-04 3.341774233146111838e-04 3.449087277206351609e-04 3.390009778373708621e-04 3.223249228749602889e-04 3.239415620332779982e-04 3.317629333298916026e-04 3.292017710196749121e-04 3.257937961846785191e-04 3.179472725846225816e-04 3.141015205073391684e-04 3.266133974722946185e-04 3.409649836454550428e-04 3.428973863112779906e-04 3.425105747683699687e-04 3.563207676488298415e-04 3.628058584331400084e-04 3.464782139023617506e-04 3.268491493450900471e-04 3.279128631427504978e-04 3.327135912569055207e-04 3.332092609639849060e-04 3.477126859866919509e-04 3.619245361087047516e-04 3.433515213224459187e-04 2.625053545510642973e-04 1.668597564947701972e-04
2.219333022675565293e-04 2.863067917010018006e-04 3.253191793512863928e-04 3.263106662017223802e-04 3.248287504826935556e-04 3.229573736901092569e-04 3.146323634100042571e-04 3.091738608042797335e-04 3.199386067944845306e-04 3.334498378434907519e-04 3.331026993450066521e-04 3.295387000114253324e-04 3.401387442221538216e-04 3.470356264396266127e-04 3.425808180340131305e-04 3.276516806592982226e-04 3.220801756532304383e-04 3.288227361735046334e-04 3.314232248053148948e-04 3.296027989664663572e-04 3.346483461766830208e-04 3.357272797079159741e-04 3.259906195659346495e-04 3.264921380084895145e-04 3.426646017580406520e-04 3.548810295069890078e-04 3.521516209592465163e-04 3.356562777618423213e-04 3.217130483088995793e-04 3.246086380519015626e-04 3.375097438935413269e-04 3.544553840391477528e-04 3.612972453700919817e-04 3.506162545428714731e-04 3.423747696044473349e-04 3.392604079868786842e-04 3.281412840949846262e-04 3.156720447967133994e-04 3.221967642309136494e-04 3.430663038416450388e-04 3.551647954768255133e-04 3.500514057313213563e-04 3.388042412193051139e-04 3.275519834967019744e-04 3.196853058848419236e-04 3.156971094352336443e-04 3.168083267197438903e-04 3.248470626277632882e-04 3.390162057903241071e-04 3.462921643724455566e-04 3.446525778045841058e-04 3.324096675151869866e-04 3.198065700110993095e-04 3.137039262221575395e-04 3.341793502494228214e-04 3.644719350596722701e-04 3.589889433594536765e-04 3.343920568531598544e-04 3.201399255952062668e-04 3.209595102365138484e-04 3.259496198372692044e-04 3.325106768408818978e-04 3.384622221145755245e-04 3.444893424410194575e-04 3.429271207081118324e-04 3.236724895420897002e-04 3.223380198783648803e-04 3.399823264496359444e-04 3.525681717653645622e-04 3.471926100564097593e-04 3.339371847096662613e-04 3.348486871185450079e-04 3.294494746738254156e-04 3.234624299959074252e-04 3.357945640774914124e-04 3.481865298618246128e-04 3.422427232794964967e-04 3.282733946017534193e-04 3.355031881048184134e-04 3.414530323622806327e-04 3.398009289953422612e-04 3.448246941405815795e-04 3.378390250185429444e-04 3.232212730212707941e-04 3.304263953088552408e-04 3.491251823658561289e-04 3.545451574148195703e-04 3.498880286645123005e-04 3.519630611982616864e-04 3.503984151112957352e-04 3.328038047822026897e-04 3.175587607884178439e-04 3.266533553619783330e-04 3.432133724320131081e-04 3.550299666639752439e-04 3.588225387133277050e-04 3.478032492940706741e-04 3.176717950934150993e-04 2.449949899252020381e-04 1.598393970926129950e-04
2.116033159669873968e-04 2.813982128567764536e-04 3.278765589171658075e-04 3.300565296234286221e-04 3.307136349312146499e-04 3.261608760174520812e-04 3.221216649548161188e-04 3.305427452464577195e-04 3.352150879661372311e-04 3.368466109998850388e-04 3.414838612217622636e-04 3.456782644060663566e-04 3.482402178100423950e-04 3.439054549420948823e-04 3.367198179888294214e-04 3.199291184456038491e-04 3.131129094794967522e-04 3.248681846751609809e-04 3.322676452052493847e-04 3.305918025657659945e-04 3.377772500258627948e-04 3.396736685107790404e-04 3.266995928314398736e-04 3.255000746128784272e-04 3.391420866737812840e-04 3.432558561550668646e-04 3.384628100266288747e-04 3.229431740278432576e-04 3.082492962156844368e-04 3.144222406718188111e-04 3.307782014866601436e-04 3.478829950928066447e-04 3.579364098298236114e-04 3.472291873097661189e-04 3.373963609264413015e-04 3.371745068841400022e-04 3.328127189196710117e-04 3.262861444090624664e-04 3.293377043496927958e-04 3.395506662905087010e-04 3.383457749557705488e-04 3.259817268089186407e-04 3.155454006061147705e-04 3.147817062685683486e-04 3.225556269460561369e-04 3.315025823895952745e-04 3.374659053548429702e-04 3.372651244427340078e-04 3.409081425295648745e-04 3.467942501955418970e-04 3.434371223795710344e-04 3.300596199780293696e-04 3.191302743996359773e-04 3.165602958795587195e-04 3.318429581226678459e-04 3.539825630784920090e-04 3.502524634609637325e-04 3.314223764000300671e-04 3.243461254481205748e-04 3.234241960214291763e-04 3.228141066028005239e-04 3.343095568669850605e-04 3.401118833263643481e-04 3.404151821615341742e-04 3.400612959928226006e-04 3.225261644498668727e-04 3.193892960171802243e-04 3.367340493514842624e-04 3.496942680032437325e-04 3.537782020945855459e-04 3.568049812258943811e-04 3.538012286533053245e-04 3.301504281418370080e-04 3.179699497208837277e-04 3.238825949642164031e-04 3.300970089531991922e-04 3.313529704046029546e-04 3.302922430506278432e-04 3.423843682007218585e-04 3.529147564580671550e-04 3.541389508525294612e-04 3.586741189032900071e-04 3.533071008497241580e-04 3.345049643331790730e-04 3.322334707996797611e-04 3.420508742797582829e-04 3.428440785350162444e-04 3.351324619051784153e-04 3.311750943815577040e-04 3.280193063200561037e-04 3.168592554049482857e-04 3.086380272348043319e-04 3.146224613538540701e-04 3.306570355608531874e-04 3.500825685215891675e-04 3.541115889763902266e-04 3.341572931732605901e-04 2.983050714432482469e-04 2.345392427377442101e-04 1.587623879446197969e-04
1.987676571901215257e-04 2.710209588287265572e-04 3.229376505411195915e-04 3.331186805920515522e-04 3.383076629051638522e-04 3.329123361528150428e-04 3.385133194047115855e-04 3.640003949819971534e-04 3.601401681993024180e-04 3.395634010608442315e-04 3.349729669846450300e-04 3.380806790251525548e-04 3.366462335146898051e-04 3.299423073550914170e-04 3.219342643275790962e-04 3.145584337883931651e-04 3.192905996939435524e-04 3.325633816662299999e-04 3.388464661428892770e-04 3.368690415963421507e-04 3.407798305923968201e-04 3.408177250860601904e-04 3.341980709389997519e-04 3.370113850286816969e-04 3.453804028353278698e-04 3.371589666027162164e-04 3.330602996291839174e-04 3.353141684500289587e-04 3.264585922943328937e-04 3.233385553172604373e-04 3.320731832986315935e-04 3.374546700993146311e-04 3.403946766952442669e-04 3.342351226651914275e-04 3.264786448602072797e-04 3.258797796420984951e-04 3.303205796681938657e-04 3.371001627282908114e-04 3.414700127357214081e-04 3.415076898360962405e-04 3.271996223259056747e-04 3.102421449283208248e-04 3.094237497984879143e-04 3.191383458720539312e-04 3.257363522161044536e-04 3.329593679517635352e-04 3.404615098735693825e-04 3.370422092592131099e-04 3.312995268209362816e-04 3.283686419814733502e-04 3.209630772318265756e-04 3.093690684649163386e-04 3.037168508242399367e-04 3.099049826449329316e-04 3.237561288858543766e-04 3.355965035823722169e-04 3.339877642311586074e-04 3.262331208287680981e-04 3.315847598276197702e-04 3.377949175307544839e-04 3.275665070913955134e-04 3.285207257418840208e-04 3.328711051490354121e-04 3.288157910695676958e-04 3.241866027254589142e-04 3.144104082766903353e-04 3.159506442618609376e-04 3.254197316391764039e-04 3.293272168725350398e-04 3.386558915177609709e-04 3.621281355238632630e-04 3.707428210906136006e-04 3.443116664644566786e-04 3.220412568924697146e-04 3.173934385863284033e-04 3.169740883807271935e-04 3.187883238682637211e-04 3.235663507226112841e-04 3.367717944195030861e-04 3.507780209821027687e-04 3.470912484656685053e-04 3.396399821800682658e-04 3.376424995512042533e-04 3.318617895394591747e-04 3.305820201526878414e-04 3.267463743054654121e-04 3.161187410472071028e-04 3.065726984217946463e-04 3.061780914762257319e-04 3.129216421299383277e-04 3.160832834618725615e-04 3.113116795545697760e-04 3.091770610047313750e-04 3.273706914327912353e-04 3.473821061186551252e-04 3.459205380373522962e-04 3.267235120230476677e-04 2.923693712034857069e-04 2.348755093405273863e-04 1.642404726839290664e-04
1.921738448574887288e-04 2.594214627286514250e-04 3.186339204104043292e-04 3.332291950390808507e-04 3.308368030378290928e-04 3.277630279207676529e-04 3.412569096246857009e-04 3.692565900664031720e-04 3.669083626685037264e-04 3.425863207200001209e-04 3.283429745583645856e-04 3.236864965348248708e-04 3.253577331549069784e-04 3.287355899593295740e-04 3.227135581447774376e-04 3.210719871308008498e-04 3.353221576036692500e-04 3.510301654682922851e-04 3.520893491688597155e-04 3.416881979853693494e-04 3.351314542988242679e-04 3.324425606041910659e-04 3.361757788855950987e-04 3.485839313830266586e-04 3.598833956774716053e-04 3.445165947646003151e-04 3.322994105044337065e-04 3.432460317148087981e-04 3.414749370937842201e-04 3.314788216390027794e-04 3.319953854149636924e-04 3.287651328144672834e-04 3.254249773182553429e-04 3.215289907953964264e-04 3.190154479013537227e-04 3.203566666361328452e-04 3.245208401517830129e-04 3.355562085645588362e-04 3.467879808904342914e-04 3.501952285469761344e-04 3.381483135092992797e-04 3.271658155021844741e-04 3.341758053230877074e-04 3.408710499760386845e-04 3.281811559682081643e-04 3.179793871211862620e-04 3.211841293854808652e-04 3.243702010148026083e-04 3.258538843491026000e-04 3.233042871263499380e-04 3.139552835925192445e-04 3.018166692783750150e-04 3.021980660874299578e-04 3.224823208997451649e-04 3.388906889248155269e-04 3.373519741871668651e-04 3.277839010021240946e-04 3.217614736799856955e-04 3.294959162177887738e-04 3.480500056077388046e-04 3.458713936297545333e-04 3.332223283118534952e-04 3.237836902823458367e-04 3.153080010736245714e-04 3.167745649339958778e-04 3.273201874658250663e-04 3.328100829990900838e-04 3.216040416093377940e-04 3.079262445493451627e-04 3.155229244272036689e-04 3.530785072738133377e-04 3.812164789292938781e-04 3.655752450446272039e-04 3.360782645109491309e-04 3.224109619939710529e-04 3.158114396895971118e-04 3.186372332276537480e-04 3.245222292744611727e-04 3.281396710371374472e-04 3.290721404135133052e-04 3.172133581706199535e-04 3.096159545404801421e-04 3.205894390277949429e-04 3.347907667041871834e-04 3.430625254642285420e-04 3.339987560060725868e-04 3.165265630864589957e-04 3.034644267378779244e-04 3.012943482839142064e-04 3.182098418684542506e-04 3.396398850298004007e-04 3.398691502337096090e-04 3.272008709839080822e-04 3.404242155195626239e-04 3.553162819912287053e-04 3.427190674775241206e-04 3.172226890897878143e-04 2.810519951807296970e-04 2.241462135285766206e-04 1.546823237229507156e-04
2.084430882130597373e-04 2.722363757506258454e-04 3.288641223189541201e-04 3.313530632272269991e-04 3.158568298902028832e-04 3.191524011719751525e-04 3.351054731308312639e-04 3.518479737938709734e-04 3.587054548057487958e-04 3.496071844902224040e-04 3.321919523402241687e-04 3.215757648885671943e-04 3.278048073137769265e-04 3.381092683548797247e-04 3.329229634145351420e-04 3.319711588388108889e-04 3.469045217716804248e-04 3.552359550059969412e-04 3.472890516107071104e-04 3.339003202815869894e-04 3.271793110580410117e-04 3.263361651710116208e-04 3.296571055218650275e-04 3.399705541638701057e-04 3.558339124380588176e-04 3.495168393317364566e-04 3.321061019267367801e-04 3.318602386897565016e-04 3.362363758338438209e-04 3.373208579377689532e-04 3.388328347574571251e-04 3.309950568696969379e-04 3.194516613922929855e-04 3.157861757808957818e-04 3.218588783119469428e-04 3.275584457226202000e-04 3.257091115094444544e-04 3.309077926701337090e-04 3.441930067883229583e-04 3.497173445566992929e-04 3.474665473096971257e-04 3.516527615617309277e-04 3.567927791700412944e-04 3.489838839504503555e-04 3.294577479588511187e-04 3.134460709139621961e-04 3.133993905163585210e-04 3.256017219822616429e-04 3.397513301308072468e-04 3.465236732949017137e-04 3.408636431410768048e-04 3.217201637396374116e-04 3.163650069063328029e-04 3.429676858133644431e-04 3.578487060571965074e-04 3.465062800722383020e-04 3.317694694233741287e-04 3.236343497828952464e-04 3.274791893227190550e-04 3.495799623527713466e-04 3.572863773789561629e-04 3.407423910050665387e-04 3.203775358412939154e-04 3.098458336686708793e-04 3.180056479935287374e-04 3.407618293717154826e-04 3.483154007975828139e-04 3.307238441831102408e-04 3.158693160081112606e-04 3.223721517951168639e-04 3.544764939030603220e-04 3.797334518401981147e-04 3.664253379146571689e-04 3.404661726708981852e-04 3.266548707840288748e-04 3.172300743667771103e-04 3.220290653090829465e-04 3.251522087926859332e-04 3.167945432049453424e-04 3.065192486079791438e-04 3.008615463681083404e-04 3.118758368576367681e-04 3.373004370463835800e-04 3.589301891454860921e-04 3.698293384243376116e-04 3.586641642526344092e-04 3.384689984151799304e-04 3.225831411626508887e-04 3.148903129545557863e-04 3.313544562735604507e-04 3.586359752578713658e-04 3.642467108591103267e-04 3.448398214310595075e-04 3.403162901471135419e-04 3.453238916511900845e-04 3.340385303252233948e-04 3.099123397706971157e-04 2.774002447066184333e-04 2.219208810905731852e-04 1.502058591540497592e-04
2.392941445242226706e-04 2.993575974041825876e-04 3.415124026491760242e-04 3.329293835171895062e-04 3.196520080304768047e-04 3.299726559442985431e-04 3.390984850942112988e-04 3.398478435719516047e-04 3.501691796386873900e-04 3.536565278161303647e-04 3.412828757581458958e-04 3.325109510861194197e-04 3.392834434611082862e-04 3.484589875067107927e-04 3.424591905814500714e-04 3.397358390226044031e-04 3.504561309117857184e-04 3.470931909849009952e-04 3.328283230611580852e-04 3.249229366673669363e-04 3.276111738779127237e-04 3.363764670226241250e-04 3.358329689204703249e-04 3.322580537706694382e-04 3.419026142565820617e-04 3.426925508365324382e-04 3.295350554988651015e-04 3.202898801576949594e-04 3.291854422611676973e-04 3.462478247495973322e-04 3.462039174698548685e-04 3.303896409079697593e-04 3.171658178195182727e-04 3.161594643634235203e-04 3.297478487174802190e-04 3.442680152657452697e-04 3.419316785210453559e-04 3.390056141772535133e-04 3.430906518665576368e-04 3.377129412241020165e-04 3.390036754120351044e-04 3.573255002048433913e-04 3.627184367084298816e-04 3.462142425584169986e-04 3.263238076648439668e-04 3.140393126591059687e-04 3.137091724991801023e-04 3.263702947693492636e-04 3.476674321529199660e-04 3.634478321652405029e-04 3.636711311554306813e-04 3.425415961629338238e-04 3.268601820378667119e-04 3.419922339821574895e-04 3.521194210707861158e-04 3.449545305330589630e-04 3.332903744849549568e-04 3.246213924252053218e-04 3.253389618906491572e-04 3.392701021278268347e-04 3.499065369705230393e-04 3.438282190264335073e-04 3.276124931490131823e-04 3.198410341193698350e-04 3.269346862950101040e-04 3.427086571248345263e-04 3.458236615380942008e-04 3.354232027067564404e-04 3.308248345994125998e-04 3.393175107088640917e-04 3.568848224783948732e-04 3.561066920796495793e-04 3.360869736130012359e-04 3.272998098669617668e-04 3.273297652198375375e-04 3.192479800943180831e-04 3.223139880396818247e-04 3.292706287234002703e-04 3.242188758808801181e-04 3.156457802734746612e-04 3.166189425762810884e-04 3.294499543769701354e-04 3.487357887560765942e-04 3.617576726597181679e-04 3.671539864060007711e-04 3.576407388570030841e-04 3.421474865935279514e-04 3.313609439669303915e-04 3.291791780659348004e-04 3.441129603658785521e-04 3.617728971370787693e-04 3.597306621410874565e-04 3.374045644422779349e-04 3.232411715867284318e-04 3.293179571236438822e-04 3.321273253701098561e-04 3.153349497134908062e-04 2.884762152645696997e-04 2.346422927185973749e-04 1.570248856437039017e-04
2.392311015112480433e-04 2.997258114381109117e-04 3.372334671172248256e-04 3.386607645496631219e-04 3.388631512738613958e-04 3.469940659229837519e-04 3.398669739339869270e-04 3.278039958148179674e-04 3.335967224947210285e-04 3.336492238891585588e-04 3.260424629816765629e-04 3.240363375359949080e-04 3.347432389181102070e-04 3.496810792376379507e-04 3.463042621194236293e-04 3.377037983682027811e-04 3.435688458211074228e-04 3.383440902070803291e-04 3.262813896504644434e-04 3.253171179394135411e-04 3.358408083201212422e-04 3.499149277019343671e-04 3.459474690918156706e-04 3.336575101006502035e-04 3.348410035934616842e-04 3.353282574159391219e-04 3.314826634642630433e-04 3.305871070569582127e-04 3.426449910801696681e-04 3.623457568374984623e-04 3.589854573803986167e-04 3.377919927532022819e-04 3.237501485029112844e-04 3.163780426463101746e-04 3.237731686110442535e-04 3.462911628348753395e-04 3.551179020275948791e-04 3.522754991689259043e-04 3.465770417152237628e-04 3.301532931860933721e-04 3.241238641143884963e-04 3.346812436737280896e-04 3.417015159974104085e-04 3.419226279599954553e-04 3.298897382698824958e-04 3.201601510120216784e-04 3.229224391897970070e-04 3.361710747305623049e-04 3.539611832638059536e-04 3.619699076605776829e-04 3.588030203506958329e-04 3.427698288480764740e-04 3.253718063906143568e-04 3.263357818592037621e-04 3.380310732888483277e-04 3.431130222478600547e-04 3.332247369647936813e-04 3.217961376840774166e-04 3.179079523798280268e-04 3.229414192491326268e-04 3.333073980658689218e-04 3.354736230553526230e-04 3.266946220966950531e-04 3.281836560878235130e-04 3.408797769516236299e-04 3.506594687362343614e-04 3.437150627051896445e-04 3.297616825573378282e-04 3.231514817058794863e-04 3.340068156877607983e-04 3.492091138039965644e-04 3.386632382058929512e-04 3.221202474756123353e-04 3.233609532503082997e-04 3.236240646206867350e-04 3.145403510292050868e-04 3.208395265129810638e-04 3.402178954843104275e-04 3.438610418498656883e-04 3.421759798140935850e-04 3.417034820600293229e-04 3.327894499153628881e-04 3.289552698425776689e-04 3.305771313146459818e-04 3.321408390772659217e-04 3.262985836704929447e-04 3.230427494476160555e-04 3.301571092112152430e-04 3.367940057504611030e-04 3.469162595407851955e-04 3.573797179674374639e-04 3.492045857561415479e-04 3.285948554029714699e-04 3.136858805990885108e-04 3.207776692036408070e-04 3.300399022552927383e-04 3.179810952438304585e-04 2.962452687854074448e-04 2.427883008920094085e-04 1.586290279582511405e-04
2.030970965476622367e-04 2.759370548977200751e-04 3.247667457969916419e-04 3.418440433277863478e-04 3.500896353483524221e-04 3.505838493096515929e-04 3.337348485786835852e-04 3.154239518671895126e-04 3.134301785982195054e-04 3.076137210619462464e-04 3.017178052448090493e-04 3.042183293679998676e-04 3.188800608254577446e-04 3.392644679961367808e-04 3.389047334130172815e-04 3.202811252863320413e-04 3.175808053992697699e-04 3.197549849566955248e-04 3.206720198537333310e-04 3.258517337710943899e-04 3.376447404426797258e-04 3.515535102943086534e-04 3.441001012047993851e-04 3.263404023754184081e-04 3.241758288830320954e-04 3.311587794729020390e-04 3.362668750189349090e-04 3.441032809640422966e-04 3.567538689084503631e-04 3.665004136672377977e-04 3.611705807406455815e-04 3.460700933422135956e-04 3.338971775243042761e-04 3.240425920801674178e-04 3.235510565010828849e-04 3.399488676657226008e-04 3.519891367446582203e-04 3.496710397218496364e-04 3.427419539660518004e-04 3.329491550562286260e-04 3.219701327671296832e-04 3.135756939291342799e-04 3.217080576545595970e-04 3.432969361724795858e-04 3.431857319658678830e-04 3.361746228091969124e-04 3.414339505685183573e-04 3.553410525584583569e-04 3.597689031242507331e-04 3.512821579926207922e-04 3.418187038705557254e-04 3.296285203542486720e-04 3.175453947592838787e-04 3.154429570925401292e-04 3.283848320759213263e-04 3.397241216613304396e-04 3.325299177418455997e-04 3.240615242369726794e-04 3.192277428296884378e-04 3.170863931518232235e-04 3.211807957244176837e-04 3.225176435672320332e-04 3.126979489378568593e-04 3.199734230439234403e-04 3.462454850015494090e-04 3.596238436108991233e-04 3.476638595113823232e-04 3.297095574133995875e-04 3.176469806860094921e-04 3.214541131777067244e-04 3.325254849104460715e-04 3.366620982237936784e-04 3.425584852030852520e-04 3.430517085337975300e-04 3.285734106711109140e-04 3.219481909461218306e-04 3.356533576140906770e-04 3.547363293250887107e-04 3.510922804904365469e-04 3.475951091405959969e-04 3.428993002313582457e-04 3.228118220957573508e-04 3.063465763910835004e-04 3.018630417102267233e-04 3.119574822240222915e-04 3.155203788743776326e-04 3.175664632680271588e-04 3.351600796324021633e-04 3.461188166070343483e-04 3.497260650765570637e-04 3.566345173686874298e-04 3.472017608463008912e-04 3.314456531374246600e-04 3.259338981219579191e-04 3.306471193567288671e-04 3.291608029626391955e-04 3.156778482900078923e-04 2.970133891172753449e-04 2.433491883895881266e-04 1.574595527200334363e-04
1.970374762372674535e-04 2.732419579535101586e-04 3.221664801357958458e-04 3.394438052281831047e-04 3.475241504022152472e-04 3.424674685067505926e-04 3.277101159816772158e-04 3.115032037074552305e-04 3.088193024461223990e-04 3.118826392684097802e-04 3.122711356926857989e-04 3.112443350726430431e-04 3.183274865970661107e-04 3.319181443998620246e-04 3.315637752653815109e-04 3.144065257809855202e-04 3.131963165686823614e-04 3.236334438184408028e-04 3.324367029860911867e-04 3.319972787987476512e-04 3.362153476791043165e-04 3.565122571055055235e-04 3.557110424188843602e-04 3.308897130315492869e-04 3.193697117985476322e-04 3.244054072825350039e-04 3.264028839719636038e-04 3.350782807758891308e-04 3.509792192080610608e-04 3.528403309856438844e-04 3.416844313330460797e-04 3.377158494815462372e-04 3.418503176235410091e-04 3.459354420556214516e-04 3.410255611738789673e-04 3.356746844184010209e-04 3.336693708645630516e-04 3.299779051343108339e-04 3.338808914155135562e-04 3.388453421839579256e-04 3.267465690520039148e-04 3.135792060268532120e-04 3.291044209567199337e-04 3.558778226241329236e-04 3.522563929268959456e-04 3.390169186175946790e-04 3.400342277487439268e-04 3.460894202044226351e-04 3.403157420750468074e-04 3.339951319811357809e-04 3.348671622319269255e-04 3.303216609428715161e-04 3.267206636020181330e-04 3.266918780748028026e-04 3.276584798702997323e-04 3.276751134535648303e-04 3.245137945573254397e-04 3.259379439959475934e-04 3.290732551901614676e-04 3.305356489639842956e-04 3.322757852535164935e-04 3.304551808651770084e-04 3.143201754482650599e-04 3.183850877566678401e-04 3.439463346940278940e-04 3.556529469776296970e-04 3.465106919100528673e-04 3.336304084052443180e-04 3.240749327409673500e-04 3.195461074232388492e-04 3.222238658107240135e-04 3.348810736495462948e-04 3.581981932993555818e-04 3.624676665180147687e-04 3.476561179928671654e-04 3.461700659881483504e-04 3.582818803050752616e-04 3.652776196125551720e-04 3.505621034499515221e-04 3.405913566052222994e-04 3.331902618018292659e-04 3.218976631550736316e-04 3.114799896727919368e-04 3.031519826245163531e-04 3.164731676534851199e-04 3.287483385021990534e-04 3.294038685532588054e-04 3.412311458915544791e-04 3.596604897155186069e-04 3.697849333748886181e-04 3.659418424616642305e-04 3.434566591281524618e-04 3.318935444082509985e-04 3.432096910050669953e-04 3.521871456884012380e-04 3.423556420311083155e-04 3.254582908004696826e-04 3.000906112263566732e-04 2.401868821582234031e-04 1.574890319317710525e-04
2.229046986485756299e-04 2.830437121764424056e-04 3.212266189308941975e-04 3.380984403328527550e-04 3.449753637300191091e-04 3.382639853882640920e-04 3.302636213210828728e-04 3.189178390821064725e-04 3.198193749100079275e-04 3.335258371273398760e-04 3.377373587348671789e-04 3.269842900185926902e-04 3.250342946221181301e-04 3.338475748907914018e-04 3.362299333413171112e-04 3.336197480226967948e-04 3.394955352367496574e-04 3.435662063955138628e-04 3.423752290224192619e-04 3.289143386532684889e-04 3.262146265238379276e-04 3.535440939438898463e-04 3.634537921786284314e-04 3.408243371945245690e-04 3.226862956907274168e-04 3.187385795184670108e-04 3.116506597734932846e-04 3.129078847861319112e-04 3.271021226188736185e-04 3.323224999652331889e-04 3.218738738017041428e-04 3.224374033775007976e-04 3.393382391655784102e-04 3.529766130956592729e-04 3.420924630972935350e-04 3.208844705863171600e-04 3.110474240652512899e-04 3.177382087182372729e-04 3.385628186902600503e-04 3.464719834558354283e-04 3.346661223129091065e-04 3.280018497816777163e-04 3.404234009106981568e-04 3.544862445308381719e-04 3.432845322430129161e-04 3.307039793042826402e-04 3.309774548864132448e-04 3.258741532003097828e-04 3.139868087532603647e-04 3.140259180286343425e-04 3.302760712587123168e-04 3.382153174146427469e-04 3.375008161795459496e-04 3.399040385976651339e-04 3.356289750851760472e-04 3.228342216388894580e-04 3.188824999798522660e-04 3.302904194653524372e-04 3.424475514794392186e-04 3.478959709679707146e-04 3.502760356399187017e-04 3.497141359721394650e-04 3.361496913495858659e-04 3.357183881339642997e-04 3.451224835016952850e-04 3.486493492285792982e-04 3.401407873735802414e-04 3.247470694877031480e-04 3.168911232852521503e-04 3.130487125784752996e-04 3.144241381282946606e-04 3.218458626025912095e-04 3.437664749734951203e-04 3.576023782776313826e-04 3.553927105564220253e-04 3.519170055654542240e-04 3.552792074062836739e-04 3.529603165942670601e-04 3.392076915350192507e-04 3.373160908411427074e-04 3.345302935531824511e-04 3.326053663479216485e-04 3.357548679313935420e-04 3.340179654372048821e-04 3.386499226044027092e-04 3.404253695434539912e-04 3.299290414088473442e-04 3.277490970254378234e-04 3.494637876583174194e-04 3.697726726550301830e-04 3.620909638162744825e-04 3.335964176349970832e-04 3.252527030015839706e-04 3.387360794364945092e-04 3.474602272950079126e-04 3.471447457865292890e-04 3.427174977432486140e-04 3.159583288887512749e-04 2.434983035549101633e-04 1.566983731505950956e-04
2.369460201742627911e-04 2.799637496986697783e-04 3.142109904393332927e-04 3.387594750876744961e-04 3.480892992524148343e-04 3.403535819545352331e-04 3.328012719912894907e-04 3.274436137080421376e-04 3.322654260426376291e-04 3.394951656467893502e-04 3.379151475079808118e-04 3.246201932419966966e-04 3.227355280415270542e-04 3.324981795348863883e-04 3.358473790491295526e-04 3.380810962885325444e-04 3.393180295713750993e-04 3.325586230367905041e-04 3.295127534871447605e-04 3.212176025433028477e-04 3.184181201938744927e-04 3.369045369982237863e-04 3.493205624741005768e-04 3.465373729384266200e-04 3.359286720372402961e-04 3.260144742186024420e-04 3.135169486309795535e-04 3.045031752264042635e-04 3.111812893806886835e-04 3.232168958085141494e-04 3.219536117699987399e-04 3.212973774604803087e-04 3.294175065302108762e-04 3.382100286940444575e-04 3.348716117075270114e-04 3.180025132202175266e-04 3.076803258775591583e-04 3.210002089168229652e-04 3.476863122398732167e-04 3.531323910391628352e-04 3.457557829607335186e-04 3.395979219053948733e-04 3.333690979773241427e-04 3.272981626999470033e-04 3.172312155344548254e-04 3.181910338790945201e-04 3.305402669177524844e-04 3.262436201607745541e-04 3.096424031923334166e-04 3.063074756788406296e-04 3.247313751399587885e-04 3.356698872217316575e-04 3.321168845113753060e-04 3.379583109625236537e-04 3.399931284265219353e-04 3.286009183858339252e-04 3.222137232073086143e-04 3.327276337422428211e-04 3.425240646612256220e-04 3.446634150244244307e-04 3.507885770616869445e-04 3.574647936189179155e-04 3.508681810328598749e-04 3.461782506495849547e-04 3.458544764556003822e-04 3.443657031422106486e-04 3.321670293511807940e-04 3.135071727162996825e-04 3.116014131555231944e-04 3.153620263228623134e-04 3.146797652585889738e-04 3.091496915598418807e-04 3.176311555691222225e-04 3.355172998286442458e-04 3.453193518389946980e-04 3.438106536676066452e-04 3.478131536879956916e-04 3.439958489834057010e-04 3.301860887022813594e-04 3.323352813911923656e-04 3.367003308064735754e-04 3.417274014108127953e-04 3.518728865889132144e-04 3.547536234169832619e-04 3.529170304078959371e-04 3.442682173730602572e-04 3.314253925811754594e-04 3.257610485651187644e-04 3.393897072495973195e-04 3.498693414946155112e-04 3.391355740227598378e-04 3.156893670053552165e-04 3.098625680748863347e-04 3.225613309375029505e-04 3.337369712792926215e-04 3.405513281289309540e-04 3.428523462925542461e-04 3.194765294995456249e-04 2.430892193100759485e-04 1.528382868232344640e-04
2.308709130209111169e-04 2.788354681677115304e-04 3.139449468949437219e-04 3.357274624361597515e-04 3.492949337366248511e-04 3.420699550239137592e-04 3.290106449008472654e-04 3.259018512212382129e-04 3.309160559884704255e-04 3.290287951554570845e-04 3.289755267545467878e-04 3.227403053844550996e-04 3.182039595831654528e-04 3.245604805087758853e-04 3.298127964165028072e-04 3.323068343264125768e-04 3.274585794331773638e-04 3.161327230351233114e-04 3.157127822535512164e-04 3.186667137156239289e-04 3.223692744872409637e-04 3.307922418756083552e-04 3.380814613120528521e-04 3.488822824745161201e-04 3.507039190429384924e-04 3.443418903770272769e-04 3.365365467489638300e-04 3.260415227188710133e-04 3.241837000096177857e-04 3.345146419136213814e-04 3.355520485553494946e-04 3.295546046184927736e-04 3.220899007867459880e-04 3.247219075881876385e-04 3.399808976509708963e-04 3.406738351574419509e-04 3.299284754390835049e-04 3.319727222710521430e-04 3.475060666887710178e-04 3.490344791205962443e-04 3.423874827285778005e-04 3.345429715254681028e-04 3.212132937049771032e-04 3.054340488321754892e-04 2.980486220463834544e-04 3.101777759470708876e-04 3.411595078290344165e-04 3.507014087361090614e-04 3.297363661263589011e-04 3.123424214802970195e-04 3.182279345719614058e-04 3.293650212263798407e-04 3.290623825965694176e-04 3.334541274313619673e-04 3.379916812048165643e-04 3.351258043008067565e-04 3.260612124878220367e-04 3.242450949780407011e-04 3.259784219948750673e-04 3.263875774896579044e-04 3.358185524995292433e-04 3.448648407890746582e-04 3.395952156248010449e-04 3.360025025941722936e-04 3.401360058106050327e-04 3.380212278614604755e-04 3.278363763515469015e-04 3.216813631329255158e-04 3.308346118971975270e-04 3.387681194831903024e-04 3.321458913427712380e-04 3.164515367671171735e-04 3.112483686424763257e-04 3.205384465527064738e-04 3.340039235109326372e-04 3.412781718717673414e-04 3.487305692384733645e-04 3.422181890036343939e-04 3.265878277136629454e-04 3.243773013832605668e-04 3.277971659892636269e-04 3.355683348719897940e-04 3.464220137744355153e-04 3.509831930624774331e-04 3.537851044056018008e-04 3.493048099107003970e-04 3.476129087292185744e-04 3.482904934824189512e-04 3.493006440046173542e-04 3.409322887336265341e-04 3.257031864373163181e-04 3.063919298731077002e-04 2.994404829458010729e-04 3.172347478867764943e-04 3.395526079003672150e-04 3.416665704787905274e-04 3.338909747622654687e-04 3.129299075684242610e-04 2.424495703743683643e-04 1.553289163963592827e-04
2.103841717316640831e-04 2.750443104399264826e-04 3.194474777048032788e-04 3.357222048902779163e-04 3.463748716786525859e-04 3.406864121751607393e-04 3.277112568124242523e-04 3.224057475815683737e-04 3.222052374154126290e-04 3.191620849222801502e-04 3.234973015934562192e-04 3.243383342938101059e-04 3.246685167935075807e-04 3.327316977209456993e-04 3.428545461142730737e-04 3.477352708716724807e-04 3.351074660032768351e-04 3.119503850983530203e-04 3.046719244934326110e-04 3.132926537592140904e-04 3.269467441545909720e-04 3.331003195670193505e-04 3.351567248991094627e-04 3.458302490987216174e-04 3.504898081785506100e-04 3.490372882974700566e-04 3.496163962911776838e-04 3.464338080836050710e-04 3.488902696435518735e-04 3.607609366652775752e-04 3.563300253424337978e-04 3.427221759788308484e-04 3.238002918576588732e-04 3.171601801255200014e-04 3.368822063362021842e-04 3.529403551747085921e-04 3.493218464340282128e-04 3.376957435314764579e-04 3.342281886571343472e-04 3.290178724344946810e-04 3.251859140302179119e-04 3.300826465722855006e-04 3.300968706808961339e-04 3.202267953840604335e-04 3.142602455245060164e-04 3.194138760832420298e-04 3.449495152650313193e-04 3.626457741053541262e-04 3.487264360875953371e-04 3.288526048968949721e-04 3.297827520378683206e-04 3.410481159028819556e-04 3.384818467500227057e-04 3.314220723258068011e-04 3.392136939769530447e-04 3.467753675838541015e-04 3.337295400824468123e-04 3.200797765149518631e-04 3.126341746604225746e-04 3.088118465560801005e-04 3.136745994858782622e-04 3.254692373356170851e-04 3.301110604463126800e-04 3.295685419058602727e-04 3.323229703547927408e-04 3.249371740796329474e-04 3.193402808482639042e-04 3.294429471809876627e-04 3.427465996268211248e-04 3.478189726498961813e-04 3.446506817150156031e-04 3.368135640907107082e-04 3.290379030999164784e-04 3.269278186534191658e-04 3.285660229072108755e-04 3.338859435123170145e-04 3.425729556555943446e-04 3.362734472249931470e-04 3.203753713777108322e-04 3.152841352393068804e-04 3.162263448118068378e-04 3.196947326386621185e-04 3.289629360351727918e-04 3.420813990284001047e-04 3.539773736286193654e-04 3.524853694270459583e-04 3.512110081266600257e-04 3.539270996394161583e-04 3.532939274753608017e-04 3.451921285910780775e-04 3.372010097282743648e-04 3.241027118316356769e-04 3.113691687417930332e-04 3.222129597476875709e-04 3.472434086633497514e-04 3.454130304834107526e-04 3.308312627983685879e-04 3.140506613265095222e-04 2.520099099308110166e-04 1.676752449510100470e-04
1.993230545988153258e-04 2.654060110995289969e-04 3.210035021390786249e-04 3.405254095129429210e-04 3.428756824695172864e-04 3.411483750611105808e-04 3.393225404569966217e-04 3.320124431865773538e-04 3.212531297618452801e-04 3.159084981450624701e-04 3.212716550314095735e-04 3.280562346393315286e-04 3.338307357691359598e-04 3.357391013592922620e-04 3.402159003167548449e-04 3.485394199010565029e-04 3.376343778868083926e-04 3.116310496503798210e-04 3.000866486922395453e-04 3.076866342674070909e-04 3.267004278836414680e-04 3.330998237726361545e-04 3.284835027466111255e-04 3.322882217502080675e-04 3.369980373299786007e-04 3.402074036066571328e-04 3.397496880657011249e-04 3.413264852161545593e-04 3.523355349330817786e-04 3.648218643363340414e-04 3.610905864928227321e-04 3.507906225253926927e-04 3.335675937782675484e-04 3.197886139577832084e-04 3.249387217570049498e-04 3.372437425581706425e-04 3.410877622931658281e-04 3.309934895909016949e-04 3.190392002065084009e-04 3.106663514860367515e-04 3.151465237819941036e-04 3.348519372735649091e-04 3.480276288118132680e-04 3.495531559711943532e-04 3.469829976462566416e-04 3.348141303102932734e-04 3.373551548582248878e-04 3.489821117223335469e-04 3.452471867250557968e-04 3.400813124350544436e-04 3.541200564268660866e-04 3.657712281099675250e-04 3.494555327726471062e-04 3.214273600079670112e-04 3.279621835041271515e-04 3.493011110611122334e-04 3.435542840966222420e-04 3.292538823702404046e-04 3.160037291781412922e-04 3.091857902312907923e-04 3.124570151210026830e-04 3.282737064200376116e-04 3.443389523987244153e-04 3.425279010349780969e-04 3.349178845897056900e-04 3.146787012951115939e-04 3.030747706559339442e-04 3.155534329088191905e-04 3.264946256975655723e-04 3.326128641569304004e-04 3.374403903301453162e-04 3.402885005082622824e-04 3.413988042371478792e-04 3.383619859602669030e-04 3.255143779952489802e-04 3.212302354215103425e-04 3.290884843996888217e-04 3.293611697685497157e-04 3.213144792800225777e-04 3.161773499139799038e-04 3.222310813023894342e-04 3.235974213706655856e-04 3.230232447477229298e-04 3.338225030567695296e-04 3.440991694425868060e-04 3.429124222804633224e-04 3.330508296432947561e-04 3.301088002666613332e-04 3.398148022450219559e-04 3.458829019692800195e-04 3.521345673458867826e-04 3.518555358581398548e-04 3.367615423430322290e-04 3.312049167348038274e-04 3.448523976988578793e-04 3.439135574478522544e-04 3.300641634358264260e-04 3.108439106079114410e-04 2.560010934343135672e-04 1.793594165606090607e-04
1.972609872136513404e-04 2.509372529485076391e-04 3.056588335399719556e-04 3.265674428287530968e-04 3.218179020286689477e-04 3.208717046381470098e-04 3.296078843684598558e-04 3.262266813716200317e-04 3.111559505951052608e-04 3.065236221512426936e-04 3.169109531995102083e-04 3.251900653164449019e-04 3.220551697589147354e-04 3.128906562032742486e-04 3.102780820317408697e-04 3.199196922049193578e-04 3.202383478256546506e-04 3.073243680851741981e-04 3.019566239513279222e-04 3.051368400194647001e-04 3.159057022045719471e-04 3.179430495832910337e-04 3.064954142598586744e-04 3.041395146305663887e-04 3.115460743622247130e-04 3.177532828502313469e-04 3.140007573980686762e-04 3.166067157482670082e-04 3.246969934873330599e-04 3.282210409562844391e-04 3.286124209357108115e-04 3.313927456386555432e-04 3.291799549892556170e-04 3.150113255634838559e-04 3.044174848692514888e-04 3.038597905203883724e-04 3.106592706601128879e-04 3.143296831969847357e-04 3.057614853585259281e-04 2.942014484371170951e-04 3.010533054503684684e-04 3.244693771497998073e-04 3.379037104456401094e-04 3.391442867794329822e-04 3.380566458018361515e-04 3.237335493466488847e-04 3.124208032971221736e-04 3.069153353659962022e-04 3.067427323074677428e-04 3.174846860030775702e-04 3.395495676868840167e-04 3.499590561699187068e-04 3.264522329084718847e-04 2.871351545925131558e-04 2.918638344493461627e-04 3.261343637603738243e-04 3.336665203825789740e-04 3.220703796088192437e-04 3.028886814597780020e-04 2.957869976838743481e-04 3.069204815198676214e-04 3.217368806283906141e-04 3.363868920294904629e-04 3.399654748015807173e-04 3.350442871770907549e-04 3.114218929293747400e-04 2.923347453139650554e-04 2.943743023946170209e-04 2.950009587631331905e-04 3.023792851932166712e-04 3.130383600057758077e-04 3.193906797914506323e-04 3.261703344973794234e-04 3.234913759199752395e-04 3.060666793866811562e-04 2.970437895113748781e-04 3.046192632833782856e-04 3.133068827618243715e-04 3.190619352267112189e-04 3.171763875316386833e-04 3.249835357286571169e-04 3.239068015238246324e-04 3.110460845319510358e-04 3.098759597866396339e-04 3.128265621798848820e-04 3.141986088165363180e-04 3.030937521805999167e-04 2.988931070286860977e-04 3.180983570011861571e-04 3.291475948023905125e-04 3.376903786654781789e-04 3.446460496572663562e-04 3.304395377005034514e-04 3.159966708304647195e-04 3.203932785273134977e-04 3.235569931396589617e-04 3.116992304641096815e-04 2.829081180610633220e-04 2.334973724547663465e-04 1.732367709156683040e-04
1.720830604568741114e-04 2.116777230287734761e-04 2.540868074584903087e-04 2.709205882061564859e-04 2.613608168908588625e-04 2.537350513862005746e-04 2.642985186134792514e-04 2.685018586150567490e-04 2.619279603943544987e-04 2.608910209394103277e-04 2.689425193750060979e-04 2.735829875270725641e-04 2.679426712473787159e-04 2.584041590580665780e-04 2.549908717439945596e-04 2.609762053716096954e-04 2.646503467328687170e-04 2.630710855808333568e-04 2.672380188159703121e-04 2.677800549806004364e-04 2.578516174130165138e-04 2.449830152759747623e-04 2.412366274886129419e-04 2.535341166071016623e-04 2.629230695525948880e-04 2.606851510166448022e-04 2.536186142639063924e-04 2.545172665960524199e-04 2.554937528211580341e-04 2.534003213231551289e-04 2.543095410872855261e-04 2.630787826137452167e-04 2.691746328804801814e-04 2.558655913444285337e-04 2.419364081046520914e-04 2.361333264608968328e-04 2.436632848708090993e-04 2.557959688262596279e-04 2.518211496249700204e-04 2.383648806529846420e-04 2.422528022544438232e-04 2.606914745788899818e-04 2.664422341219532505e-04 2.656366047664643674e-04 2.658577657505175598e-04 2.587903001120004168e-04 2.488010673436891022e-04 2.369962745293967797e-04 2.386442228016415982e-04 2.547136466977889600e-04 2.702645939404907426e-04 2.710702562213461063e-04 2.491982973111658752e-04 2.225284190005935472e-04 2.329076058727851811e-04 2.629787583362423547e-04 2.711661585329136698e-04 2.616036499319064255e-04 2.375901356890071565e-04 2.252947608622495490e-04 2.425115510486406604e-04 2.583874988216711480e-04 2.665975317333198463e-04 2.752034230383545782e-04 2.802305942836855407e-04 2.667160164342854229e-04 2.523911316542816908e-04 2.466800757262280121e-04 2.363406362766277708e-04 2.388993534139856214e-04 2.547518354463747334e-04 2.658083501251233115e-04 2.657196552973092353e-04 2.525346779157311514e-04 2.370559344094362326e-04 2.345782720903208851e-04 2.491805533556597924e-04 2.637956239289975966e-04 2.726887343321866808e-04 2.734236003815068402e-04 2.766964249438613982e-04 2.704349240116579929e-04 2.519758650930173892e-04 2.434327681049365034e-04 2.428011199603815891e-04 2.463421577044556487e-04 2.427153956964830223e-04 2.468086640734904781e-04 2.695263866174128558e-04 2.748531577719148149e-04 2.654076748092945451e-04 2.609698738331428904e-04 2.538447300746539208e-04 2.533254706902497884e-04 2.614027220315059703e-04 2.576677393139891500e-04 2.414305546421608643e-04 2.129682659101121917e-04 1.736618339590351059e-04 1.326070223622558453e-04
1.231375500497097970e-04 1.551837033979028659e-04 1.859772051526371048e-04 1.952591474055600162e-04 1.798014442516868920e-04 1.659748525901554245e-04 1.759207806981873676e-04 1.870768216380467122e-04 1.916764638592116741e-04 1.928962992086593860e-04 1.913888915677054779e-04 1.917733865957030499e-04 1.948190501878066755e-04 1.888354860508805236e-04 1.815351765266709147e-04 1.835552883197647781e-04 1.881772950531858878e-04 1.901438640943693931e-04 1.953655536122261545e-04 1.954361977237052781e-04 1.771589414414883657e-04 1.580208996200103033e-04 1.661364312317245876e-04 1.953784466309812346e-04 2.075293029276637999e-04 1.928737406542775277e-04 1.742198361620354787e-04 1.688725041017107649e-04 1.682654057720827528e-04 1.682784383124633141e-04 1.674517026697664411e-04 1.744883736696488667e-04 1.862510344357791686e-04 1.795182782065666009e-04 1.665314951142783336e-04 1.588761453363522346e-04 1.667239958655577928e-04 1.774724415308988356e-04 1.711788478869495818e-04 1.547107718061870908e-04 1.557160129600628439e-04 1.714511197897547576e-04 1.755493298044138366e-04 1.787321496363062983e-04 1.824252985695214580e-04 1.794001743587483834e-04 1.726667157940328548e-04 1.647528370127142902e-04 1.723496583481839105e-04 1.951117059044328713e-04 2.044231755536550185e-04 1.855850173835898401e-04 1.591662306931170890e-04 1.487322242776800848e-04 1.648528467144349478e-04 1.810120733639407711e-04 1.843309325548714783e-04 1.805305362762445296e-04 1.594913522082017261e-04 1.428055603643997920e-04 1.542024915324571367e-04 1.680614223227559789e-04 1.742091203793441460e-04 1.804598663782267030e-04 1.860568795170991605e-04 1.814329939548302057e-04 1.764611491753221499e-04 1.726783159263105055e-04 1.626100101529395141e-04 1.603628933323406850e-04 1.747288975415960837e-04 1.892251048262217912e-04 1.857659037546026024e-04 1.653289566585589162e-04 1.529905201819811863e-04 1.579897095611723049e-04 1.771031638422688689e-04 1.903910126999319133e-04 1.911153938404439295e-04 1.893607053413953333e-04 1.890583063103887067e-04 1.836436519752209255e-04 1.698146799866366975e-04 1.617369735398192332e-04 1.636786044603994318e-04 1.723445999020423506e-04 1.733408592842806018e-04 1.752941205276092613e-04 1.911164043386087284e-04 1.933777089239905309e-04 1.735018971001466687e-04 1.570668976319188309e-04 1.559684231083166474e-04 1.741039520343228193e-04 1.920708997130065124e-04 1.834202311978541580e-04 1.642452294094710039e-04 1.439566932846778643e-04 1.160072589267107767e-04 8.645313239716713016e-05
