# 2D Density map on xy plane
1.421821381825167816e-04 1.612696968107282759e-04 1.767654474612059790e-04 2.084565219733144090e-04 2.414729367516188550e-04 2.381179936822458453e-04 2.262305523553492922e-04 2.308651153393132612e-04 2.289614803624992001e-04 2.237964331703922523e-04 2.268815973060053955e-04 2.288478596205429467e-04 2.225319758035031463e-04 2.162004007722597495e-04 2.187982652668315597e-04 2.151159741215449188e-04 1.891832153342908117e-04 1.696665112652461611e-04 1.806206074377245661e-04 2.083511889569113272e-04 2.279336644080141080e-04 2.347848420662103873e-04 2.321827920334557148e-04 2.156563109326529396e-04 2.061732401457728211e-04 2.025915440729776553e-04 1.978497432961787259e-04 2.021673243892259343e-04 2.088636836980771526e-04 2.068148189302103628e-04 1.999896945882625836e-04 1.991553747440531308e-04 2.077670046837650452e-04 2.081597073307513406e-04 1.975836912183514724e-04 2.080579346650767163e-04 2.313309580408594497e-04 2.320713912764378801e-04 2.060347800038270032e-04 1.872066581676628497e-04 1.939149712909051817e-04 2.121891472800260087e-04 2.250719725951248534e-04 2.213757509916448754e-04 2.032699966421358528e-04 2.000096900643505936e-04 2.054467618986461676e-04 2.022331740847677735e-04 1.989076546576525625e-04 2.133981496791723825e-04 2.190386834376447604e-04 2.080071022156201801e-04 2.090444549383008708e-04 2.152177325893128040e-04 2.209861771926769280e-04 2.244995585693073368e-04 2.117876605604630011e-04 1.918536658232959332e-04 1.893280056584778102e-04 1.980950129880516537e-04 1.975533737787069847e-04 2.030930009166147135e-04 2.242363303059000351e-04 2.367268745141464111e-04 2.357270759627673549e-04 2.249366181526152926e-04 2.140902444305436817e-04 2.030147664811739997e-04 1.912706371294751583e-04 1.987857646387991518e-04 2.201712735781412235e-04 2.282489338899755928e-04 2.159041331246060907e-04 2.140629526732173299e-04 2.274614916545308993e-04 2.232590528871251380e-04 2.048321350955607215e-04 1.919311103644278315e-04 1.887593474228863716e-04 2.054731317717960464e-04 2.222943769232909423e-04 2.137618615287366721e-04 2.023116128146801806e-04 2.064819900517650213e-04 2.081411309311082523e-04 1.989468123842586076e-04 1.912732118119090730e-04 1.899120747524743187e-04 1.977743545115035753e-04 2.045956894111056927e-04 2.030573095226665347e-04 1.988145561546294409e-04 2.028393671688928244e-04 2.001119345538980229e-04 2.012849056136737389e-04 2.105869000636034750e-04 2.098946561318376029e-04 1.949966266343404876e-04 1.597697395591662212e-04 1.203854956622291497e-04
1.636812714617022588e-04 1.983114560587007113e-04 2.245516707930127957e-04 2.522987675689517331e-04 2.805692169735874699e-04 2.810725532416579928e-04 2.760048464213332459e-04 2.840121672260570483e-04 2.846648399954876743e-04 2.850602359162995826e-04 2.938112288386118473e-04 3.006492450404388414e-04 2.938682326651453685e-04 2.781810459446498436e-04 2.735239485274694763e-04 2.673077592942367997e-04 2.475128445347903245e-04 2.351141683816649198e-04 2.509337743489558920e-04 2.775789836388421489e-04 2.921471064966235653e-04 2.942496589699753829e-04 2.895880953472184760e-04 2.787048361098139323e-04 2.709454944360730052e-04 2.659222603159666783e-04 2.666849985237206271e-04 2.771169159640551405e-04 2.837800639292939573e-04 2.798267419080756107e-04 2.689697587970796191e-04 2.646936839902198045e-04 2.682542025330053375e-04 2.687849611203022081e-04 2.626928550757811481e-04 2.669823058963714107e-04 2.795764456666460242e-04 2.775355949314870820e-04 2.572878613516197278e-04 2.434975007379157753e-04 2.592674992010755332e-04 2.870446770914962856e-04 2.971987444438642292e-04 2.878698116508363351e-04 2.706708153253276333e-04 2.675808570671977128e-04 2.705068195923518871e-04 2.665381896928665324e-04 2.639698649977865260e-04 2.770393983019826247e-04 2.835711490573231651e-04 2.772698803833155835e-04 2.735082953663183153e-04 2.705990606130874139e-04 2.765451104426322015e-04 2.949916229393939517e-04 2.966587040790885340e-04 2.779637424412589658e-04 2.682699043174408796e-04 2.700992607113458397e-04 2.721547543791486500e-04 2.862156830725848602e-04 3.031563325951698931e-04 3.042206037789014529e-04 2.932913048207421011e-04 2.782767214837785809e-04 2.682072719462934079e-04 2.625237958001473172e-04 2.631965954889665059e-04 2.741019662131044358e-04 2.892400363376782706e-04 2.951472513867318503e-04 2.767675872310335766e-04 2.710288891351817484e-04 2.876729830349294926e-04 2.866875718168589333e-04 2.703309177333693830e-04 2.630917405484488629e-04 2.648449349934483069e-04 2.786263871191661757e-04 2.941070838790310485e-04 2.844546662015897277e-04 2.674010584233340519e-04 2.733261667476625037e-04 2.768697449661547448e-04 2.681283890218917588e-04 2.616976444319220221e-04 2.541435518275586601e-04 2.599851402461383909e-04 2.749162969244254174e-04 2.827645012790839076e-04 2.820087332636730211e-04 2.817367034048192417e-04 2.726111799501960433e-04 2.687445017430274566e-04 2.745620720041593672e-04 2.756960075961405383e-04 2.703061205758994136e-04 2.255394070455349429e-04 1.562278614737544675e-04
1.753858654716125510e-04 2.325791380731711253e-04 2.745802503245461023e-04 2.946760401153037745e-04 3.127755233870847026e-04 3.132439200415250576e-04 3.040614917137070793e-04 3.043796131034151716e-04 3.097973166601551850e-04 3.226805785465190085e-04 3.332845188173090903e-04 3.354545521089941605e-04 3.308557390499891919e-04 3.206161952460436382e-04 3.255896612970931919e-04 3.265532920905916655e-04 3.105156308059232612e-04 3.017226547564436524e-04 3.149093989207840368e-04 3.268684960253171899e-04 3.260232873787045384e-04 3.226691425081834597e-04 3.215214192011672822e-04 3.181163320718551632e-04 3.092893994107615984e-04 3.081710961672149123e-04 3.226264741261889498e-04 3.339260826970966893e-04 3.315756990704615348e-04 3.234928581692718495e-04 3.168079463522930294e-04 3.156637033018633515e-04 3.127423393014229177e-04 3.078964380246351122e-04 3.070369250363589328e-04 3.081870903775577280e-04 3.087916430688971694e-04 3.101423678313403780e-04 3.089070011754060474e-04 3.070097640714347176e-04 3.229185081733903584e-04 3.438700533945738907e-04 3.496809200475286682e-04 3.416193009746631439e-04 3.249421788891642716e-04 3.172647767142535596e-04 3.171043873978891771e-04 3.163786672130737164e-04 3.169403785859996651e-04 3.241321888122669073e-04 3.315482232150469550e-04 3.390889993791985132e-04 3.329396413823103589e-04 3.170302836282229506e-04 3.198736112547993045e-04 3.407597444167326781e-04 3.418877231802321440e-04 3.278291283300917465e-04 3.214506026965104632e-04 3.187242928245053591e-04 3.182272568262850933e-04 3.369604553965150121e-04 3.505738121077196876e-04 3.495538210782245681e-04 3.372840584343967307e-04 3.201889539020023683e-04 3.097041024101810855e-04 3.040752205741197381e-04 3.137165632661928732e-04 3.284624778297870907e-04 3.309081564315300393e-04 3.288266751313913836e-04 3.149443678425625066e-04 3.103782969770011390e-04 3.257144469268386964e-04 3.347285570357715241e-04 3.317874916434472533e-04 3.291270567387895784e-04 3.291227631173693690e-04 3.320607075433225038e-04 3.311418566148400080e-04 3.179739837394273067e-04 3.062997914464904328e-04 3.163654575047321078e-04 3.242093196727380408e-04 3.196333994445517022e-04 3.140084320019992294e-04 3.036973227507383695e-04 3.061828026900285439e-04 3.206340729029768209e-04 3.367842447721735243e-04 3.466428513024399785e-04 3.460393319665520918e-04 3.285406256066550172e-04 3.126658753046046785e-04 3.106424079847930017e-04 3.179687552966908208e-04 3.254383189069308619e-04 2.766538369631103855e-04 1.859359578900880781e-04
1.889837803884025704e-04 2.590778508346823581e-04 3.081684176610714125e-04 3.247439732860626970e-04 3.414440593543658156e-04 3.464019227628458222e-04 3.246949866145671629e-04 3.036814160215242859e-04 3.065188109198435174e-04 3.271330595830473312e-04 3.365804469770105321e-04 3.268973304981230479e-04 3.187702796528410444e-04 3.228285211453772252e-04 3.464795728442878614e-04 3.607220692384212639e-04 3.530998495298378627e-04 3.487987688427352352e-04 3.497828336976257797e-04 3.379243869636315740e-04 3.228568338673891468e-04 3.179172752343352947e-04 3.223424863595310838e-04 3.250395918788517597e-04 3.191173057395147068e-04 3.231220597364102228e-04 3.440438970638651250e-04 3.552140417759754379e-04 3.438596245941881804e-04 3.238957166292955525e-04 3.157992864722936575e-04 3.212972803493462873e-04 3.235526899463505484e-04 3.198829646891628194e-04 3.228644220074369884e-04 3.258103301636211600e-04 3.206264779839471980e-04 3.249075474792103343e-04 3.373617559519404745e-04 3.437866428857960354e-04 3.510797604123816256e-04 3.512718005679987257e-04 3.477701351976933853e-04 3.495847899622356054e-04 3.455685384195043841e-04 3.404367146446411578e-04 3.460491420896728929e-04 3.465229361107630027e-04 3.392287592640298071e-04 3.376270966700858477e-04 3.433945640637342100e-04 3.559198114235972640e-04 3.537142933232887082e-04 3.378739886113323195e-04 3.384985047577241269e-04 3.480456811500530880e-04 3.382596161824649034e-04 3.264985819582392384e-04 3.247992903276786377e-04 3.200477934439398438e-04 3.139392845329662569e-04 3.286175598505973743e-04 3.396338968718273939e-04 3.449337027250352927e-04 3.435882441133082665e-04 3.364612311929554350e-04 3.342861474671066048e-04 3.247663704537568502e-04 3.231204782872915907e-04 3.299500715325249904e-04 3.261982968804856726e-04 3.263267503476353091e-04 3.236661516756330595e-04 3.198300288898463044e-04 3.323283785379436191e-04 3.472693341821573004e-04 3.528286746832669544e-04 3.497682847772234254e-04 3.441927549903164136e-04 3.432090365013284626e-04 3.341751724627674064e-04 3.191873245485779727e-04 3.154241320798805825e-04 3.315053037803849124e-04 3.451509841220610922e-04 3.378400393728258049e-04 3.228218036239984467e-04 3.189453418821491131e-04 3.314981842814795649e-04 3.431177239558255059e-04 3.480520439372903371e-04 3.548564619496150812e-04 3.549792868351995851e-04 3.362283496857668271e-04 3.181694608766797382e-04 3.124121413259436540e-04 3.191003231058110994e-04 3.224820362947148126e-04 2.730361669600819829e-04 1.908013547397556281e-04
2.059703151475479046e-04 2.739628799880050895e-04 3.165814022010883218e-04 3.351748072835178524e-04 3.612866851492243527e-04 3.734267905702649045e-04 3.495127800981408803e-04 3.188562067514026308e-04 3.131560703945076413e-04 3.303839158028642727e-04 3.397402439219346761e-04 3.217481425480829939e-04 3.080817190367330749e-04 3.201848406814507188e-04 3.459513082437174381e-04 3.613552708173370332e-04 3.640914863495860188e-04 3.617218431047419065e-04 3.487024741217633846e-04 3.290243061372651956e-04 3.235184599858471162e-04 3.275929229073171146e-04 3.306894338437209356e-04 3.287773097872074288e-04 3.243475758230500525e-04 3.274886846609873208e-04 3.416804742032118758e-04 3.587368686233991357e-04 3.549634427045195509e-04 3.284907728950625335e-04 3.095593403518422451e-04 3.137667197539739140e-04 3.239846261471901207e-04 3.292896689627058926e-04 3.368805087779122294e-04 3.405994636856887726e-04 3.353804642992081614e-04 3.392166648706160682e-04 3.440085817495950335e-04 3.449978936091138877e-04 3.489900869179077985e-04 3.366688398556188979e-04 3.237214112561567466e-04 3.301493959320717011e-04 3.392271168825118036e-04 3.424389109717093389e-04 3.563702058753916635e-04 3.571258778896098775e-04 3.405160025126001714e-04 3.289157215171176901e-04 3.266096459366795270e-04 3.361914566688770914e-04 3.429603404584923541e-04 3.347542577708372685e-04 3.338235003887073766e-04 3.369148357900067091e-04 3.283014631979525684e-04 3.226358668642526246e-04 3.204188940276622797e-04 3.110090037705925655e-04 3.041101447379174118e-04 3.121104643404905288e-04 3.164660027622758160e-04 3.230294477923196768e-04 3.343326784106914577e-04 3.432132897701659600e-04 3.472968863524941979e-04 3.356626184480596630e-04 3.248906191579373649e-04 3.242790390684173549e-04 3.258145715621627329e-04 3.338254640264937665e-04 3.320584934805319213e-04 3.299382994663676086e-04 3.428752140803923831e-04 3.460003812736637445e-04 3.392580180757357833e-04 3.349494553190193258e-04 3.360527148325263293e-04 3.431196449461231652e-04 3.407180348106882400e-04 3.235828906420530485e-04 3.129681085072141215e-04 3.312443910974476827e-04 3.537180101207232602e-04 3.448251822505612064e-04 3.151760804208723465e-04 3.086160571613326344e-04 3.327037755490168825e-04 3.528834301244616173e-04 3.480391387048750252e-04 3.424977916328769646e-04 3.382671882130102326e-04 3.238438994456938514e-04 3.167678313663909026e-04 3.153347677772774240e-04 3.125053871872751654e-04 2.966348775356866330e-04 2.457629893788236151e-04 1.835337545707669735e-04
2.140586972762088748e-04 2.794878205083499326e-04 3.137624388411662957e-04 3.234225280575910022e-04 3.471303466830341329e-04 3.595269274737647675e-04 3.451298700601579351e-04 3.360417153699662030e-04 3.373658574836039853e-04 3.408363386607873077e-04 3.409873960933907863e-04 3.248446252724549832e-04 3.132442478613716840e-04 3.212457079647759468e-04 3.291192735291950124e-04 3.368690014233040233e-04 3.474663126411046792e-04 3.426310095754721763e-04 3.254462431361612295e-04 3.191228561284478369e-04 3.308773359308613991e-04 3.428873369110374244e-04 3.416016490069159967e-04 3.270450036579260504e-04 3.148732503134065233e-04 3.136192417490934613e-04 3.198136344313720300e-04 3.383676034987893617e-04 3.500127841430772618e-04 3.403391030968971713e-04 3.262279847543990158e-04 3.274782112243217495e-04 3.314918590782491860e-04 3.344077057883358683e-04 3.454309219040563816e-04 3.517375040491097123e-04 3.514895522125470332e-04 3.526556722852630535e-04 3.354167179905903238e-04 3.187313498088169446e-04 3.244792490229065924e-04 3.232250098902253129e-04 3.147926233058027413e-04 3.208136642730398196e-04 3.316454463123400453e-04 3.332373960003192411e-04 3.401165904917198730e-04 3.397284054521724573e-04 3.323249835088001695e-04 3.232348034458029868e-04 3.101717828946034573e-04 3.146111743121511530e-04 3.295191263834675076e-04 3.335201504687537949e-04 3.308229492372132853e-04 3.255023295784793911e-04 3.226758769224931400e-04 3.344613182778873170e-04 3.368040007636439862e-04 3.165600577385110936e-04 3.068708813224929523e-04 3.128904966694065785e-04 3.129593662366800038e-04 3.166484335326463003e-04 3.309874507615283442e-04 3.411368957211164408e-04 3.367804307146595876e-04 3.232402142148919476e-04 3.200286428214585855e-04 3.253325880956600691e-04 3.377388987390839929e-04 3.503381521106531263e-04 3.404543401417178686e-04 3.375943779531803430e-04 3.525853207205651091e-04 3.451178726311552518e-04 3.253473682222893845e-04 3.183705783884403350e-04 3.254262689486408892e-04 3.379897246714140958e-04 3.474995278377573634e-04 3.379297551895733072e-04 3.187515219788234844e-04 3.268528922334282337e-04 3.497011621848307829e-04 3.473335500996006537e-04 3.189835712515018363e-04 3.071619093319138808e-04 3.268997842997619784e-04 3.487893655096184053e-04 3.459031252341893906e-04 3.369550186686145078e-04 3.335808871323317211e-04 3.264527131169137433e-04 3.235723903773666610e-04 3.220907856301656060e-04 3.157704327740240764e-04 2.925822467278772765e-04 2.350534006265799663e-04 1.711579565194446657e-04
2.184423422682296072e-04 2.792885428793802707e-04 3.085117517075203685e-04 3.104972443881266167e-04 3.299731715228794568e-04 3.446650993070992405e-04 3.371565216342220592e-04 3.422158560822018613e-04 3.533093878827165074e-04 3.455958887444146241e-04 3.356379423653341621e-04 3.298064730489452638e-04 3.290687802503487747e-04 3.333778635678570786e-04 3.274416682843829486e-04 3.265983195465209637e-04 3.337718513273427276e-04 3.239321355738399976e-04 3.107749542613125367e-04 3.201757001864193866e-04 3.405990252682261198e-04 3.500260444791956351e-04 3.451680870980284145e-04 3.302112465592758851e-04 3.181239241694769110e-04 3.153492146705394071e-04 3.172265893850566981e-04 3.249490213518627102e-04 3.327686294940530171e-04 3.437421328822995274e-04 3.506986955440998368e-04 3.506581023469885258e-04 3.376988533410980788e-04 3.259218025405377812e-04 3.353668293677619411e-04 3.488961589027792963e-04 3.562128272813332381e-04 3.509149432269929522e-04 3.197593531327030643e-04 2.966437721109769598e-04 3.094526283147073283e-04 3.292392416511794235e-04 3.348052339143463112e-04 3.359251897739967490e-04 3.318734147360566942e-04 3.251163681471745518e-04 3.219971613726653123e-04 3.202805175377590029e-04 3.274670311465427159e-04 3.321695867840050633e-04 3.210454985661830756e-04 3.184579161651282086e-04 3.227206124532217913e-04 3.270219866999397288e-04 3.301365101307303807e-04 3.335118275902442583e-04 3.417936130101537724e-04 3.600726683059147495e-04 3.573725758886696574e-04 3.306199635227705081e-04 3.220014191744715367e-04 3.269755274990152451e-04 3.243005287123218298e-04 3.279673930289765237e-04 3.410020878429388409e-04 3.394588882722991414e-04 3.208600551483248861e-04 3.083536499173204076e-04 3.163519304751158281e-04 3.278360787906173376e-04 3.453230736200143007e-04 3.543830758564489960e-04 3.349477845400492351e-04 3.289049854922140729e-04 3.477889240925722365e-04 3.468264811084749476e-04 3.274501335077274603e-04 3.172021881752921241e-04 3.245690320716912523e-04 3.354242417201090632e-04 3.498742945913555598e-04 3.545543622356121458e-04 3.366026135561630975e-04 3.280623127479476066e-04 3.394737424007282078e-04 3.444099777639831163e-04 3.315580263618733226e-04 3.212665981070683859e-04 3.289010130882674904e-04 3.382115122329824213e-04 3.345635500508250528e-04 3.292564028143861151e-04 3.305504949718689775e-04 3.263175278803248603e-04 3.197851571087447983e-04 3.212052945270556020e-04 3.251827017535727639e-04 3.098343082840475295e-04 2.427050109970425385e-04 1.593553268676327003e-04
2.232707217407135759e-04 2.804054428910726757e-04 3.094785038954142933e-04 3.110968719561029339e-04 3.247291020083704471e-04 3.381780054008781092e-04 3.349319948279397621e-04 3.339335598666366830e-04 3.426378414329678095e-04 3.371171175819198998e-04 3.311990426602496934e-04 3.366535462129047304e-04 3.435031414723852873e-04 3.447139851909706513e-04 3.359516433260981453e-04 3.276850027906938684e-04 3.263276400198313575e-04 3.178185102810228251e-04 3.082850309110829316e-04 3.163250315355413270e-04 3.403095176554765460e-04 3.535376717382888133e-04 3.476981222882783709e-04 3.360395098577168092e-04 3.276596498199627603e-04 3.303762587761703692e-04 3.328912344161754169e-04 3.260310102073173686e-04 3.229899144707748006e-04 3.441323481547731633e-04 3.627923408076003673e-04 3.594487256267162164e-04 3.379336162990389343e-04 3.177781615328619620e-04 3.206529293998672259e-04 3.377757434653888731e-04 3.517688352407414491e-04 3.434759063780173319e-04 3.186104115244565885e-04 3.102389277899830853e-04 3.275445613470036365e-04 3.470661845271987922e-04 3.553989631734096153e-04 3.549610817492040776e-04 3.426869435086824563e-04 3.335364499427558504e-04 3.246022935819788298e-04 3.197967566949494423e-04 3.288464385933726006e-04 3.455910382735678191e-04 3.531948543061993301e-04 3.468645629288556612e-04 3.285247046632592898e-04 3.158987503810796503e-04 3.226434338621609406e-04 3.475300681022561221e-04 3.687682949149371473e-04 3.749955050115461822e-04 3.595858213703413643e-04 3.420035360422837064e-04 3.425420132525492192e-04 3.401695550549427381e-04 3.287925759251911694e-04 3.349687632987083060e-04 3.555210690742507951e-04 3.550949642879170655e-04 3.324780199699129682e-04 3.167186448794349126e-04 3.193325863953478316e-04 3.243292102634592498e-04 3.391088958401856359e-04 3.448933506025020877e-04 3.267480155824274615e-04 3.215219404822921559e-04 3.396658273417494799e-04 3.474278689989111117e-04 3.344276571200044488e-04 3.220546603065520611e-04 3.255178834196269418e-04 3.298421102323962945e-04 3.387559650898031493e-04 3.506993083264061794e-04 3.408046263820264325e-04 3.250162154350872161e-04 3.304441366237379808e-04 3.419346771377138028e-04 3.406255526038570952e-04 3.321041242136182903e-04 3.333603294461946558e-04 3.374389643434690827e-04 3.373285580064930831e-04 3.359146145796271894e-04 3.287685410072685053e-04 3.145223335328480637e-04 3.062672484875992446e-04 3.162067734028687401e-04 3.331694865029918851e-04 3.299829042626232622e-04 2.606351664936113247e-04 1.633789933031224459e-04
2.178363141900312573e-04 2.846752767834009618e-04 3.262780335047655265e-04 3.263154541912462268e-04 3.193171512269732783e-04 3.190305451210565164e-04 3.232560695292297686e-04 3.260482045402868408e-04 3.326246918142000621e-04 3.327028288044848276e-04 3.307013541994350582e-04 3.352965884965459381e-04 3.331781069843090535e-04 3.271635318807876750e-04 3.278755496281387789e-04 3.305990452626796691e-04 3.319199870675553681e-04 3.272194372706132854e-04 3.177685994119860404e-04 3.184896086544004596e-04 3.393993975107506555e-04 3.515246002128587753e-04 3.456774843170434645e-04 3.398624833208106939e-04 3.315362856595561276e-04 3.366003235004829622e-04 3.410869594946153182e-04 3.289456246050819865e-04 3.274632068310843287e-04 3.457518797085166345e-04 3.522106673278674891e-04 3.454012777988004108e-04 3.372517193044319902e-04 3.285160115766136337e-04 3.253840145650527911e-04 3.368149056287017551e-04 3.493627093809064266e-04 3.386093217702604167e-04 3.265818591744945121e-04 3.309965293666348508e-04 3.417040155873945682e-04 3.488310953352017772e-04 3.535958955210270760e-04 3.545710589691115260e-04 3.485881813977015917e-04 3.450144779478914831e-04 3.365510799971253896e-04 3.334684522214915493e-04 3.370381102447543597e-04 3.542438154703760294e-04 3.739218857667812521e-04 3.662645471725548127e-04 3.414768077767421509e-04 3.156518142595554155e-04 3.093294233928181526e-04 3.324644685672812012e-04 3.501283824125016276e-04 3.462118683970940572e-04 3.387695103150776795e-04 3.450045700576772701e-04 3.534951170950509976e-04 3.416190118508679804e-04 3.219929128203662810e-04 3.272176879286266965e-04 3.550519540160739299e-04 3.685928358117222391e-04 3.545849239689196231e-04 3.323494570083952238e-04 3.201252174142775963e-04 3.199140387784257019e-04 3.349006445618409760e-04 3.390869247886406845e-04 3.285232412477622171e-04 3.285134551889470856e-04 3.366507852760444643e-04 3.366882039294134214e-04 3.268858212073697499e-04 3.219952913491635951e-04 3.262514921509964468e-04 3.233074718715713307e-04 3.300196546855358446e-04 3.467001669767386129e-04 3.406261213321005229e-04 3.232989271737239396e-04 3.324991377103953222e-04 3.472062478171565212e-04 3.441315596049485505e-04 3.318411390455632947e-04 3.294134957109295242e-04 3.384954553976792738e-04 3.478034853913971507e-04 3.487798963067790842e-04 3.299170544383008647e-04 3.092163810350480931e-04 3.043019899720844374e-04 3.145719851076811185e-04 3.326356614288905698e-04 3.333328197932096480e-04 2.658678282731847739e-04 1.692418742434482115e-04
2.087412730245778530e-04 2.796891523705329237e-04 3.310850699451884814e-04 3.337708192061878006e-04 3.137130996694322362e-04 2.997332240873268718e-04 3.073374408152935305e-04 3.226046724787662388e-04 3.323942437209173248e-04 3.355746061628193705e-04 3.384186722792810161e-04 3.409820022973319574e-04 3.232576607057899634e-04 3.088199406450311581e-04 3.200759590310508227e-04 3.393119570017468552e-04 3.482670869771353241e-04 3.475970421938620646e-04 3.415043315123198354e-04 3.384819791291819894e-04 3.490231555111214046e-04 3.431919835911636640e-04 3.302718039855674485e-04 3.335737043609314370e-04 3.306601084134327267e-04 3.311607070183539584e-04 3.352819016296417062e-04 3.363060016730967487e-04 3.434089479656531486e-04 3.506110460497561523e-04 3.403485336135340846e-04 3.297671831015700546e-04 3.386184765560826303e-04 3.498322670585450448e-04 3.439131310952938531e-04 3.368106449308767110e-04 3.372231509609717980e-04 3.297434769231026444e-04 3.251623304961308303e-04 3.290289055101324606e-04 3.339967859703021663e-04 3.374337382119301627e-04 3.410701879406179420e-04 3.356880997861440849e-04 3.299265564904440293e-04 3.370126791885675070e-04 3.365296323375344557e-04 3.366069184272307878e-04 3.429753348368523927e-04 3.568657502090734584e-04 3.660533238432894516e-04 3.534104840435072815e-04 3.386536858599034964e-04 3.247630902613207098e-04 3.166260671206783464e-04 3.212232363333831315e-04 3.186743373060745834e-04 3.118880815592467350e-04 3.200572426394455387e-04 3.447105821826171356e-04 3.586236854653327951e-04 3.430971688472832671e-04 3.226296826711618458e-04 3.242491892007016876e-04 3.438440044265399687e-04 3.563352688277574140e-04 3.509038627621908569e-04 3.366000689902241740e-04 3.249849325095094475e-04 3.245361131735471916e-04 3.373216886712831044e-04 3.366993627165538235e-04 3.304757139342399562e-04 3.367488788325811392e-04 3.359343069808303764e-04 3.256462783529623893e-04 3.186316040131384345e-04 3.266466008905840788e-04 3.358394568629128382e-04 3.236566580193964236e-04 3.276830091567829164e-04 3.439587293589236282e-04 3.364548613566872848e-04 3.216463101429707433e-04 3.342510457324911807e-04 3.497436684541964163e-04 3.442431642096675554e-04 3.221712202673660897e-04 3.103241156902526851e-04 3.254471079167203492e-04 3.462152957663632556e-04 3.518325002093125576e-04 3.349227164702798902e-04 3.206747519496180908e-04 3.192608705875964550e-04 3.191233390321151402e-04 3.252084088204831164e-04 3.194974254066825035e-04 2.552528129672576151e-04 1.689557095909253635e-04
2.008145792260181204e-04 2.653025046884401571e-04 3.168956139720381757e-04 3.273967353637204179e-04 3.140997545167663156e-04 3.046019664252538894e-04 3.141761211045348157e-04 3.253197675950767680e-04 3.294962638777713905e-04 3.300542170267012788e-04 3.381497889030907937e-04 3.486984652236951128e-04 3.336271185534759242e-04 3.144135634619133987e-04 3.180713791153551686e-04 3.331987124739789474e-04 3.437375073638838626e-04 3.546538426074231465e-04 3.620728006876201138e-04 3.524415697500172346e-04 3.453498804285448512e-04 3.291645912816162879e-04 3.143385062400004385e-04 3.231652857990382306e-04 3.313666689708986805e-04 3.300435755797161835e-04 3.263726465229414234e-04 3.340365639757177010e-04 3.445043777050028335e-04 3.479726066410661518e-04 3.402439499472321516e-04 3.306954261843580859e-04 3.364165492997212405e-04 3.510403514825317190e-04 3.494048121125813296e-04 3.303300991975941393e-04 3.235495913556000829e-04 3.309794553517416815e-04 3.303431508216652475e-04 3.236896007919241825e-04 3.241550464461688671e-04 3.330666700494559415e-04 3.442946306081848457e-04 3.355122627519811925e-04 3.191835386197363874e-04 3.250065683088284620e-04 3.269312273189147540e-04 3.279101235411138043e-04 3.389896646834773559e-04 3.439567598669626171e-04 3.357738776147729939e-04 3.274338350688298072e-04 3.348146142800748418e-04 3.454641144593970092e-04 3.478864829694736007e-04 3.348810406971079907e-04 3.137170871330727077e-04 3.055398237991412244e-04 3.138375089820550409e-04 3.353369904480116813e-04 3.505406735070324678e-04 3.406351831084829598e-04 3.233644809134222876e-04 3.232596408136707931e-04 3.315432734818130490e-04 3.363609338668404778e-04 3.371539494848505274e-04 3.311279915405364880e-04 3.265051849376911296e-04 3.336965452366331573e-04 3.455085796630817077e-04 3.379824848707937610e-04 3.323208450566037843e-04 3.404170874369467654e-04 3.361314077354235334e-04 3.255336962501534262e-04 3.186726514789719935e-04 3.254111876177732650e-04 3.347352735792688983e-04 3.302075902539821435e-04 3.360385385714442612e-04 3.425039953548949384e-04 3.313183554968618079e-04 3.182396456394404570e-04 3.236673180094203138e-04 3.387129968196866004e-04 3.452074078676563057e-04 3.236063232314819902e-04 3.001802939836866130e-04 3.062099979073927818e-04 3.272427736682043120e-04 3.439836170645970814e-04 3.500202004366142865e-04 3.486579920719000457e-04 3.448501783318405666e-04 3.305810806429406064e-04 3.207777248899638728e-04 3.079791182733312331e-04 2.494380635819008047e-04 1.704701494193474590e-04
1.993123597472865852e-04 2.634559469046110947e-04 3.111495964151535774e-04 3.208335337753611739e-04 3.202149737837695835e-04 3.268676328602342150e-04 3.373726598541674625e-04 3.340765821047568572e-04 3.271961423336858287e-04 3.237494775556597508e-04 3.315310309168261003e-04 3.485755971247761140e-04 3.529206867383110225e-04 3.414504753358678130e-04 3.289313028095379411e-04 3.206416912785986896e-04 3.253133866727790625e-04 3.431515567405944711e-04 3.592303048009501463e-04 3.554821172628404519e-04 3.410152436549837357e-04 3.235280055063346561e-04 3.134426390687291815e-04 3.268302957748426738e-04 3.364973998600275223e-04 3.270292940504137950e-04 3.176257337986962675e-04 3.285883054920608936e-04 3.404615807252262265e-04 3.425407352327363569e-04 3.406318973982075957e-04 3.373058802989570846e-04 3.346990899026654328e-04 3.407909352066533786e-04 3.455927988008859861e-04 3.325514737047674096e-04 3.267539495243658118e-04 3.423920122471697065e-04 3.459900032284191724e-04 3.276893318565599045e-04 3.135714045396793262e-04 3.260756975632106425e-04 3.514552128695631514e-04 3.516836025047827058e-04 3.305476502284611807e-04 3.262926646462818042e-04 3.241656906898806255e-04 3.272405359953388425e-04 3.420570199391833287e-04 3.403545526345337982e-04 3.229284691129527974e-04 3.188246251219994075e-04 3.362802385546033706e-04 3.541057181172801169e-04 3.609410184089437341e-04 3.416200612703871459e-04 3.180007331421328635e-04 3.150208789299231487e-04 3.220638178718773564e-04 3.288335512609192376e-04 3.310452296517796614e-04 3.284512447435396741e-04 3.242456328055752708e-04 3.285918075600856823e-04 3.344450740843203304e-04 3.407783693771834852e-04 3.410493824705026502e-04 3.238507209537234630e-04 3.135266255134212853e-04 3.298520248044232170e-04 3.474455248423625954e-04 3.399929239698856352e-04 3.335468475808723438e-04 3.409777191804217161e-04 3.428954768775665314e-04 3.385844179668060319e-04 3.295914638551368189e-04 3.281530892112940329e-04 3.322055114160421324e-04 3.391201520528708290e-04 3.434650321299842664e-04 3.400586872442467701e-04 3.305245108353234863e-04 3.188699891743372204e-04 3.136030901387880073e-04 3.207576326463831623e-04 3.372397171804227163e-04 3.350866316664143888e-04 3.162496290634396858e-04 3.069871611315382271e-04 3.136501304031135535e-04 3.308956386769303483e-04 3.532085051093991146e-04 3.627555588270110114e-04 3.587829719367039523e-04 3.430662895316609600e-04 3.273094682672681344e-04 3.051082507688874330e-04 2.464815283576177489e-04 1.692223757317247999e-04
2.044336792408604558e-04 2.801579227189697073e-04 3.299220783004888310e-04 3.317903142596291630e-04 3.303554579300372099e-04 3.387066203321066789e-04 3.500994175943479732e-04 3.502894377103758046e-04 3.415666627047191876e-04 3.353662689154047831e-04 3.394824833301479314e-04 3.475432520975931970e-04 3.554547683512861351e-04 3.595554939848391541e-04 3.431762333820236087e-04 3.154567699357429113e-04 3.101636506901498920e-04 3.251584317838431427e-04 3.467096939882794446e-04 3.617262046868319767e-04 3.538887930154831522e-04 3.299154294576787981e-04 3.150034347234359662e-04 3.313241707174858033e-04 3.409142636759580165e-04 3.258086911296414947e-04 3.174325391109491124e-04 3.325970932867333327e-04 3.429351330129220155e-04 3.407030173608853333e-04 3.400726856622926422e-04 3.458194768464261997e-04 3.494055839724519988e-04 3.484713723109131018e-04 3.403429002426836643e-04 3.320298417532316403e-04 3.336540815109144062e-04 3.514973055790856214e-04 3.605135805096706296e-04 3.373557525741221726e-04 3.064188317823014892e-04 3.094753641241949622e-04 3.367801902787243744e-04 3.474803503553879308e-04 3.368020139000125752e-04 3.305369814898935716e-04 3.295832146753456884e-04 3.346818207254709590e-04 3.445644473487599266e-04 3.442019219354826342e-04 3.277310592910917270e-04 3.170647666819390031e-04 3.290934957254565353e-04 3.464286854249531479e-04 3.547608979296536171e-04 3.375286976423932613e-04 3.202966003013428932e-04 3.269214268083286794e-04 3.393911405196597952e-04 3.360445852453186480e-04 3.182790106728371053e-04 3.113189321497522328e-04 3.205577149923787396e-04 3.326939256243425895e-04 3.415874917944636269e-04 3.547060140402305550e-04 3.541029451642987340e-04 3.243067375994365068e-04 3.000214360033021804e-04 3.108738171404795518e-04 3.305691259304224068e-04 3.328280225922513854e-04 3.238271268536706358e-04 3.219401071678143879e-04 3.355793534219963332e-04 3.498231575913956365e-04 3.492929394032077452e-04 3.426861288684721323e-04 3.346418056441287717e-04 3.376536140778441716e-04 3.383755387081376401e-04 3.352412960485470165e-04 3.313426300859302490e-04 3.280612298718236044e-04 3.231537392817825614e-04 3.192695699001387539e-04 3.271352705451448717e-04 3.359667094716722088e-04 3.369094659355864282e-04 3.308772503184908534e-04 3.179472016866179921e-04 3.110775047771616826e-04 3.282784279109707531e-04 3.445014358190645262e-04 3.436677430116251821e-04 3.394833491629896611e-04 3.340788577213663394e-04 3.058084731905597845e-04 2.403969118943988931e-04 1.624080872108515851e-04
2.033412651387631075e-04 2.863872122883904603e-04 3.445589339304232484e-04 3.479556805390560418e-04 3.384078728126997063e-04 3.356871914001636082e-04 3.463354716398014564e-04 3.607951767325195871e-04 3.573613371799797336e-04 3.498263651395551151e-04 3.496141424785137322e-04 3.435707548201789277e-04 3.400389881747670293e-04 3.507267240802765750e-04 3.429536273522300685e-04 3.174129070022663592e-04 3.051489222257515888e-04 3.112984030241929033e-04 3.344599607741830351e-04 3.576968472650683922e-04 3.526997347433630942e-04 3.238007666447854796e-04 3.056966716608518772e-04 3.239807391137049979e-04 3.467057247056289440e-04 3.436251573597883034e-04 3.325389672424866865e-04 3.378530977339989460e-04 3.419713965243800042e-04 3.377528532127705915e-04 3.350457769901138113e-04 3.414402896688618514e-04 3.540243888430489433e-04 3.558963811958573459e-04 3.362701483823541510e-04 3.302131182132326506e-04 3.401745045676076926e-04 3.542108122548226316e-04 3.621670307036182947e-04 3.502825369381527853e-04 3.211274580512888917e-04 3.055122884212669839e-04 3.174942900598250422e-04 3.318148235260891645e-04 3.392909319553584924e-04 3.401629568574474701e-04 3.412424414337110468e-04 3.420065946850650313e-04 3.364629302765966869e-04 3.345207254704352334e-04 3.250658015812198359e-04 3.147548641372614102e-04 3.259555822285563342e-04 3.390345843153614973e-04 3.400722440549935194e-04 3.254007221162265101e-04 3.176343085266267879e-04 3.377756164098506364e-04 3.596458818348472397e-04 3.524622053449692196e-04 3.217792090886768298e-04 3.058887037658442488e-04 3.170304420547791126e-04 3.334383047880069275e-04 3.419839871035200386e-04 3.566728697666632494e-04 3.598559821679030678e-04 3.293556709111733309e-04 3.032633163153198707e-04 3.074779856249116672e-04 3.195120346649457047e-04 3.276112607305046824e-04 3.245567096345943468e-04 3.151681256441015160e-04 3.276807979010784946e-04 3.468349181544809045e-04 3.544183744195801458e-04 3.488710914586744564e-04 3.340893819604883906e-04 3.336985937660760771e-04 3.396469235051634891e-04 3.376984691227423257e-04 3.277692819041480273e-04 3.308687642092346349e-04 3.367479310737052020e-04 3.311544639247117512e-04 3.288479676807042886e-04 3.373056659368396724e-04 3.510924304987966100e-04 3.542255804833736670e-04 3.332354612114336043e-04 3.068901974032970346e-04 3.118759805677148939e-04 3.256181912857213242e-04 3.266312405744358849e-04 3.332942871273874967e-04 3.353744258929088214e-04 3.046240243994353556e-04 2.346884677741172247e-04 1.542952879116427816e-04
2.009640578848111842e-04 2.728582451647290218e-04 3.303146009789897268e-04 3.416356158668177939e-04 3.283786424194216338e-04 3.185182094154892919e-04 3.259623303648647038e-04 3.454259252088993015e-04 3.468349883527218963e-04 3.404510847538740276e-04 3.389923984814134303e-04 3.331679628771406403e-04 3.286733368449284987e-04 3.351927397680181091e-04 3.345742940308682012e-04 3.273186697448766903e-04 3.187487659234271038e-04 3.164652423884120624e-04 3.320241703435431358e-04 3.484588124621189071e-04 3.430620004966160297e-04 3.173287063386528994e-04 2.991664946177861970e-04 3.150733639875063921e-04 3.459603444516265924e-04 3.529766708737458415e-04 3.400897614692447715e-04 3.357978388477203275e-04 3.367068326297243210e-04 3.345154036312590227e-04 3.284649655982153633e-04 3.297907670542109997e-04 3.440691377325352991e-04 3.493690225719535110e-04 3.313163409416353946e-04 3.267292049774415366e-04 3.391645949105613319e-04 3.505422819916060293e-04 3.592256199137405836e-04 3.644471530841712640e-04 3.475932381384343639e-04 3.230529903875727299e-04 3.156794603063665071e-04 3.201474541142137445e-04 3.380596125883023875e-04 3.495067239466288517e-04 3.483201925748817670e-04 3.402119392904548630e-04 3.225047613678713515e-04 3.171400801383846869e-04 3.199800888690867680e-04 3.210460856960593683e-04 3.308977082795293463e-04 3.348118569317823324e-04 3.283177288012950374e-04 3.220874981921765666e-04 3.241959154292158246e-04 3.412157973956003601e-04 3.590127085063697546e-04 3.557104918543580992e-04 3.328475414628402694e-04 3.160770347153903418e-04 3.153722711528102358e-04 3.316864800287204766e-04 3.425333887202724505e-04 3.494873576196807184e-04 3.481008473956845512e-04 3.299499170854211213e-04 3.260229809764975464e-04 3.334902887037726740e-04 3.342672363413997554e-04 3.368977406558503547e-04 3.344376470457725761e-04 3.226357611507840468e-04 3.257543919203626306e-04 3.314155734979531715e-04 3.380669724735307783e-04 3.428209817054095375e-04 3.364242952368747593e-04 3.387946110784020816e-04 3.436828537801670555e-04 3.354193385557328140e-04 3.178537864663057025e-04 3.204491479835364434e-04 3.356774496332999851e-04 3.378288268969643448e-04 3.410243826468163523e-04 3.496418570503997069e-04 3.520274143343795053e-04 3.497120346340234750e-04 3.398989346006180785e-04 3.251080843800179519e-04 3.241511217648276118e-04 3.274203893733839375e-04 3.346815156285745359e-04 3.470611444421578496e-04 3.392394581228337994e-04 3.018205724163610087e-04 2.290403206342185734e-04 1.460180370558217461e-04
2.126970084648148408e-04 2.666282631564081593e-04 3.124171079199747152e-04 3.301863231680181700e-04 3.231101216488850179e-04 3.115720431789543131e-04 3.146561251163101794e-04 3.293347882996163671e-04 3.291229232178329088e-04 3.224337891463743399e-04 3.223636385023971032e-04 3.255761565389272754e-04 3.328376733456209582e-04 3.368556743661814401e-04 3.305899433538960321e-04 3.298644407686113049e-04 3.295942157918232691e-04 3.330748186388434980e-04 3.479457661246164414e-04 3.583422387269761134e-04 3.567799357182028391e-04 3.373495909480372207e-04 3.114835042477261335e-04 3.171247260448646459e-04 3.434561285397677100e-04 3.490658482384591471e-04 3.382836861314132281e-04 3.318817934584743961e-04 3.348777425261210733e-04 3.414252963705087735e-04 3.357113768618674352e-04 3.285202287341539105e-04 3.332727890445828897e-04 3.338277924037599863e-04 3.224081003429513353e-04 3.176275435910751611e-04 3.312780333246680663e-04 3.477195451298233575e-04 3.559913298587089785e-04 3.614338907409373153e-04 3.573238396916643932e-04 3.471589622087963901e-04 3.303934412116576015e-04 3.203753029801978099e-04 3.411507939286478929e-04 3.633409433066477740e-04 3.600605195371864298e-04 3.415925516782481060e-04 3.179917629122556663e-04 3.144378401439813873e-04 3.279428067660955645e-04 3.361457408266875805e-04 3.374680601406983586e-04 3.303995705069198013e-04 3.214974727230650265e-04 3.242850201433006589e-04 3.302404282081314248e-04 3.300139880103681667e-04 3.356388415733974236e-04 3.448497497007609351e-04 3.442629173372281160e-04 3.334714794083067872e-04 3.175074009180488353e-04 3.286028650585116895e-04 3.474565058969655970e-04 3.490716321874651976e-04 3.339569666769466594e-04 3.271920605100961952e-04 3.472954499263187643e-04 3.573512187738072310e-04 3.489870133712758048e-04 3.418357429611565412e-04 3.310159112594049445e-04 3.207860616699700082e-04 3.204226748783676028e-04 3.188701627016752270e-04 3.244422449628694689e-04 3.342155492163501984e-04 3.329595274298284037e-04 3.396428048562838593e-04 3.415131734418773912e-04 3.273941279374729019e-04 3.124409953230230944e-04 3.179898810153867507e-04 3.334539475915014074e-04 3.378670171457761684e-04 3.444912717531092112e-04 3.495863800254455029e-04 3.432097747187715293e-04 3.379626511854154055e-04 3.372844948609593713e-04 3.385249879833513668e-04 3.421507148150352835e-04 3.392730446954028852e-04 3.465639746145989138e-04 3.593322619399252297e-04 3.472799734129508641e-04 3.088520209685285392e-04 2.338065397197755220e-04 1.484655791857367743e-04
2.277163905587625630e-04 2.821132335176137346e-04 3.253636806084138746e-04 3.385101659912062230e-04 3.339511370214928677e-04 3.259516356177586728e-04 3.270870603237085333e-04 3.298587864614889627e-04 3.235831607551719865e-04 3.183461249974073402e-04 3.205077227167586577e-04 3.254304276921436700e-04 3.350214015415427628e-04 3.416399543939989706e-04 3.324661773214821620e-04 3.241192999814419134e-04 3.276505214635818102e-04 3.426120728737057732e-04 3.602729676413176816e-04 3.691945891889463188e-04 3.686217594692733522e-04 3.501764306493987942e-04 3.238755040360008692e-04 3.213496851672323741e-04 3.397033928069732650e-04 3.496625101810644284e-04 3.449634268359512380e-04 3.352299676482198374e-04 3.361382782049695725e-04 3.520212729413630293e-04 3.563381949125230680e-04 3.455183233181582784e-04 3.324294324302245205e-04 3.207233644430777927e-04 3.119705567944241619e-04 3.100942896931865021e-04 3.309635119389230389e-04 3.498546691644972796e-04 3.442190298658846055e-04 3.324034524151687998e-04 3.322406622321917493e-04 3.431968624123510987e-04 3.383953281477355621e-04 3.283084481047528766e-04 3.422864749805754015e-04 3.609275970192834387e-04 3.587843888685996602e-04 3.412506416110088706e-04 3.217291963966509858e-04 3.219747216434774417e-04 3.348055523197176618e-04 3.436822195049843865e-04 3.419255195686805903e-04 3.277563637561583436e-04 3.155573913303502329e-04 3.147790675213882772e-04 3.198603800361499465e-04 3.205001532959100212e-04 3.213238679724628242e-04 3.314017645242634978e-04 3.431447115396248342e-04 3.390018372777345735e-04 3.245733606273697473e-04 3.334031688545328062e-04 3.505659832254633427e-04 3.496672014667520385e-04 3.273961141398701162e-04 3.166881348761277099e-04 3.391169341127567467e-04 3.541750133541116292e-04 3.465854498488721855e-04 3.344193147516047416e-04 3.233351608100650323e-04 3.218414853575671903e-04 3.278070584800945198e-04 3.287590207068029997e-04 3.279084476751626927e-04 3.291357541589032265e-04 3.265762397088349468e-04 3.376380549173882049e-04 3.398508347513931648e-04 3.260766185991481559e-04 3.212857608223644579e-04 3.336855021507378893e-04 3.405654518944241458e-04 3.353676955693757952e-04 3.326029791404232932e-04 3.314852482217871071e-04 3.288631417188952848e-04 3.266160804485884967e-04 3.250444212490441378e-04 3.311692351617758216e-04 3.457484454926589815e-04 3.492448419402171622e-04 3.467717525656277121e-04 3.464459830466605885e-04 3.401317137812958692e-04 3.151121215332056873e-04 2.490851278811912232e-04 1.667296012625474637e-04
2.292858635045186733e-04 2.928525190501070612e-04 3.410911698281484153e-04 3.445814505826899198e-04 3.355110039575741570e-04 3.339820923074899141e-04 3.342844468066838957e-04 3.281523308822565017e-04 3.252968496510856371e-04 3.296508626606492573e-04 3.396298795007809436e-04 3.442701658546084035e-04 3.439025919767176335e-04 3.437657618944373506e-04 3.363651224134865019e-04 3.239972563665919855e-04 3.221411257404932309e-04 3.325779666313385821e-04 3.422498772884416895e-04 3.481594999208856246e-04 3.488096948286448706e-04 3.392978295856726324e-04 3.343885344781650387e-04 3.367058337477337447e-04 3.429893147582680933e-04 3.457596173168466826e-04 3.428154325890548585e-04 3.372427481538748653e-04 3.291405394479090954e-04 3.356219755036773250e-04 3.450423434981345528e-04 3.446324523595687382e-04 3.366352318358475622e-04 3.288945326147147416e-04 3.198565198557992316e-04 3.140433799259480848e-04 3.344977715754341926e-04 3.521268154180187747e-04 3.366809259225376529e-04 3.112629519945840509e-04 3.047149264389308163e-04 3.259997898996878072e-04 3.434361649554704219e-04 3.379599564340163851e-04 3.338156767911063406e-04 3.350546182805567378e-04 3.363034872659716396e-04 3.367052467961954279e-04 3.348286980775145357e-04 3.406914889121320875e-04 3.455010403242124049e-04 3.441446772721029872e-04 3.422869090900665942e-04 3.344389145413402802e-04 3.243658375698555557e-04 3.153993545553530203e-04 3.186385905640820061e-04 3.294244430068806189e-04 3.300491315743316273e-04 3.272776260653914278e-04 3.300769861940254252e-04 3.250315956429293334e-04 3.192029914224964919e-04 3.284642603000879533e-04 3.428260488224401910e-04 3.491228567017680613e-04 3.319895066704979113e-04 3.090741723672695484e-04 3.170482047923537609e-04 3.368918768260591038e-04 3.381616436218886582e-04 3.259442205450495574e-04 3.187868492646626570e-04 3.266411800825056214e-04 3.389397920165750609e-04 3.391792691913738896e-04 3.312341575757297204e-04 3.308131333334592421e-04 3.342950754692046401e-04 3.464495525627205984e-04 3.483669201562471143e-04 3.390289278319198090e-04 3.426935784274209038e-04 3.547153024968438930e-04 3.479229667202184909e-04 3.302562902282684103e-04 3.182734253573395134e-04 3.174659058076660266e-04 3.174056535951009887e-04 3.133630229789451777e-04 3.115197811963575040e-04 3.209288718962747980e-04 3.435930611720796647e-04 3.529591560365425394e-04 3.398780028728231282e-04 3.249090289084168547e-04 3.208580076994991159e-04 3.106925236044999266e-04 2.610373397183100570e-04 1.856823370140504035e-04
2.104754826674736770e-04 2.715065052103079676e-04 3.213406418881435862e-04 3.293592941707039522e-04 3.267917269511859293e-04 3.308485868442234039e-04 3.280567306189587432e-04 3.241679558641734457e-04 3.291401202556624257e-04 3.377986778958835725e-04 3.539170817948774370e-04 3.624083608360258169e-04 3.561693181629945241e-04 3.447177822417944780e-04 3.362668501543802663e-04 3.293945619074565971e-04 3.244264405703697375e-04 3.236661115780693895e-04 3.183536202677519347e-04 3.189405354597255830e-04 3.281228015927036457e-04 3.338581859943123191e-04 3.452475098865924984e-04 3.508158019677427375e-04 3.450907811672059445e-04 3.295470810654444176e-04 3.252146653269843632e-04 3.357682085922704786e-04 3.328039306455420803e-04 3.253409074364780901e-04 3.242431399726686475e-04 3.331183812785692413e-04 3.412923560552147558e-04 3.431138987646415199e-04 3.334886148035561579e-04 3.222256032920872790e-04 3.382230369040884724e-04 3.554473752792966252e-04 3.439162750186378461e-04 3.163242080646861830e-04 2.987400488916364290e-04 3.114443207877032804e-04 3.400462231851760051e-04 3.459271178297785914e-04 3.331489622479863856e-04 3.196789134001327623e-04 3.159778771155578652e-04 3.291180307410724367e-04 3.447583680899137686e-04 3.545902761598435874e-04 3.540370533601520974e-04 3.436565491672256010e-04 3.425487252114693009e-04 3.448880882413776468e-04 3.416204944746524118e-04 3.367071997647311243e-04 3.428503985639355027e-04 3.458707762660271192e-04 3.314845822641369162e-04 3.157780037715550740e-04 3.166641043076681098e-04 3.173306824209837619e-04 3.144683841013063558e-04 3.232034391459516877e-04 3.398512014681005127e-04 3.548777933644736422e-04 3.432303089748418379e-04 3.159326251330476457e-04 3.148210637992878607e-04 3.289184439069104001e-04 3.317458814280917993e-04 3.223599282611096153e-04 3.181898301191840844e-04 3.284594969053428485e-04 3.405145856461826853e-04 3.377803389301610448e-04 3.320534734969193672e-04 3.366124527468062678e-04 3.420156752204907779e-04 3.504573847362011047e-04 3.551037477551794493e-04 3.529729179270168484e-04 3.539117873841025191e-04 3.536303827409638823e-04 3.444558662886497771e-04 3.324772564574038922e-04 3.219162581419235804e-04 3.260568371765907160e-04 3.294465194188249575e-04 3.235348574015887426e-04 3.179382646161280860e-04 3.250878161384441523e-04 3.464447859526222171e-04 3.535245954475634608e-04 3.364037667347687046e-04 3.244359457002177140e-04 3.205491950954519973e-04 3.087718330662777471e-04 2.634126742909396850e-04 1.936023724788091835e-04
1.874188142793479562e-04 2.486828105814734317e-04 3.008522686408080025e-04 3.160878880070057081e-04 3.209335903702348206e-04 3.321445024234277146e-04 3.390435781368552020e-04 3.434612282542096788e-04 3.400134390655397973e-04 3.344117818136425869e-04 3.485365099529021018e-04 3.592315191588343068e-04 3.554129558128299709e-04 3.456704653820023734e-04 3.368386324383656235e-04 3.347509120656491665e-04 3.328827063747543183e-04 3.299217957249377109e-04 3.186932188657297317e-04 3.139742516754725219e-04 3.227716630832314602e-04 3.315549067142910689e-04 3.379973167880683080e-04 3.339286774077496233e-04 3.233474897099550749e-04 3.111943295981477002e-04 3.134717579714882624e-04 3.302773741986236074e-04 3.400297723976725074e-04 3.339239506515339143e-04 3.246366398830074747e-04 3.325080791080594267e-04 3.445308176841787315e-04 3.471750715840300674e-04 3.325783975612516463e-04 3.213564192811104456e-04 3.363698723347714661e-04 3.531307238150128112e-04 3.555800795161833316e-04 3.403111083222385910e-04 3.207592275347516159e-04 3.149775792057126649e-04 3.342295641663704819e-04 3.496838095233066167e-04 3.441714381166031044e-04 3.328505389788320376e-04 3.235563654623048587e-04 3.261896624318567678e-04 3.343305229549482045e-04 3.378522720779715115e-04 3.373348679093362027e-04 3.334667766268799207e-04 3.372897474335855668e-04 3.404869925671733964e-04 3.384647987154552830e-04 3.408386473619955982e-04 3.570969581546905693e-04 3.542631269741513059e-04 3.261716005439669773e-04 3.068425772225911096e-04 3.181955029936308623e-04 3.307436866886390983e-04 3.275205768889699522e-04 3.303202568370971039e-04 3.367065273179817449e-04 3.434247426289023259e-04 3.436666867788166634e-04 3.336627018354771908e-04 3.357015095750296775e-04 3.412465871944908580e-04 3.358700630470261446e-04 3.226305259346982099e-04 3.180371454736778810e-04 3.254672326529421244e-04 3.377225215151816694e-04 3.417041843392450064e-04 3.408307827615498879e-04 3.382439440609003164e-04 3.335617409885961249e-04 3.385973952074379533e-04 3.510473583774120039e-04 3.549735779941407400e-04 3.485270244117920379e-04 3.402352382614868588e-04 3.360319326373198932e-04 3.323757635599935414e-04 3.292908838726727383e-04 3.391701084877136790e-04 3.518389380945506498e-04 3.514700623797000325e-04 3.349355505612005429e-04 3.298533993573044562e-04 3.435811506853278519e-04 3.514721521817927466e-04 3.431173944597393829e-04 3.453509703275992678e-04 3.461696277498684839e-04 3.239605988933836516e-04 2.638012194011419252e-04 1.853449308370463239e-04
1.786721829697809818e-04 2.500823349760229351e-04 3.069667284924172570e-04 3.221760832237053522e-04 3.231518738968026157e-04 3.376557978011713364e-04 3.574441745740036380e-04 3.690931586754485653e-04 3.529708510602553402e-04 3.257678218801753805e-04 3.269605164079245063e-04 3.367029642125684880e-04 3.461013025240475055e-04 3.522279092911410133e-04 3.487636858261896570e-04 3.463164171656166624e-04 3.394781765718721321e-04 3.374690910813194248e-04 3.394026751349642516e-04 3.356782829624866738e-04 3.313246435426779970e-04 3.284977194373636016e-04 3.218728826013040104e-04 3.090771244332195288e-04 3.010936828646864532e-04 3.043442004881137530e-04 3.132535010633703647e-04 3.250142974590340640e-04 3.369588173680917705e-04 3.343681521445324677e-04 3.236685814884212621e-04 3.273593165249570093e-04 3.402135296037191864e-04 3.459438135017386604e-04 3.286197296251343910e-04 3.191212658878344374e-04 3.314496370127397481e-04 3.452189642717861176e-04 3.576512785361511291e-04 3.585874507866705792e-04 3.467270778692252984e-04 3.332988586249092835e-04 3.355781439144280682e-04 3.389700241328341473e-04 3.391533204210810766e-04 3.466212413733265186e-04 3.505250837458367312e-04 3.457309821608993070e-04 3.341403935340304726e-04 3.233079735602843643e-04 3.206459614822195696e-04 3.275577692324234402e-04 3.350627010947559384e-04 3.299991352365301816e-04 3.223892685053518156e-04 3.241538186621428352e-04 3.478193404293604537e-04 3.542274914348130183e-04 3.288142098035329178e-04 3.145851781220802747e-04 3.337924862458517073e-04 3.515685336328610092e-04 3.461471003287704563e-04 3.401847102358557446e-04 3.352590355733079406e-04 3.275790910030780545e-04 3.342073998631837906e-04 3.461520436584127839e-04 3.549831378370769432e-04 3.567631023019273047e-04 3.458309572331499373e-04 3.298975632076886055e-04 3.278962279290038428e-04 3.296532361060283472e-04 3.360035558506962831e-04 3.492216139257240965e-04 3.521472447795481134e-04 3.414416069420499493e-04 3.306800265629659366e-04 3.309838696910926597e-04 3.446066048112880883e-04 3.531435291537980258e-04 3.454330447188469770e-04 3.377783128164332967e-04 3.337354276745926689e-04 3.296946112838761698e-04 3.370104848992647303e-04 3.506521007898913693e-04 3.606972656820028118e-04 3.591026401392115818e-04 3.389941278575971367e-04 3.292877021424107757e-04 3.314386732468564646e-04 3.371648256514590261e-04 3.396270814695721428e-04 3.483615059546006382e-04 3.546045885174137387e-04 3.318491552365147781e-04 2.607799809313362583e-04 1.736255545684717706e-04
1.794297296400280495e-04 2.623108568535787864e-04 3.276447583385103503e-04 3.434960302055715432e-04 3.331658464150381686e-04 3.357497599648914593e-04 3.481715169542837804e-04 3.589396432370436669e-04 3.454485908189986951e-04 3.152715382892062835e-04 3.071870988488535257e-04 3.172729124167888862e-04 3.393203033555513962e-04 3.536993339419990156e-04 3.490168523631289785e-04 3.486729080097192919e-04 3.407739946638859764e-04 3.331663800053176060e-04 3.457867004335016172e-04 3.540252641629241734e-04 3.492610808781596542e-04 3.338550904788588694e-04 3.177486485064490293e-04 3.088547282053579466e-04 3.094764977479459852e-04 3.177867877184424182e-04 3.230312047588161759e-04 3.317877197463138181e-04 3.411965193243063680e-04 3.361002745834468924e-04 3.266237210054837850e-04 3.270868307010955088e-04 3.327081209238365637e-04 3.389483452594143145e-04 3.309635316593699398e-04 3.226143017639081711e-04 3.238102770779423549e-04 3.315019018719206735e-04 3.473354754188411704e-04 3.589103128086722932e-04 3.571733665945498728e-04 3.533271555329891168e-04 3.501492076220047781e-04 3.352821948120720793e-04 3.269127495351420182e-04 3.367490713068834775e-04 3.474587178318722103e-04 3.492351919800058802e-04 3.332849592020909000e-04 3.185454625003917109e-04 3.213188668859132211e-04 3.383341306359789529e-04 3.457920034861497222e-04 3.370337820215904253e-04 3.283747931036108724e-04 3.263459714231189404e-04 3.445306019793519013e-04 3.530355994627913880e-04 3.329404961487085371e-04 3.248237800838054030e-04 3.449004305203635891e-04 3.525840621844647960e-04 3.371918926833687171e-04 3.334409127510676047e-04 3.362422719893718315e-04 3.236665094144477051e-04 3.206842481293665625e-04 3.365675646227497776e-04 3.467264493034343019e-04 3.450144952829728787e-04 3.387294803663581976e-04 3.381187064418567177e-04 3.473092504050539152e-04 3.396582990814094385e-04 3.307576803301587364e-04 3.434500280190984616e-04 3.499404769199391694e-04 3.396655380093833087e-04 3.298094601902061183e-04 3.273182983431188178e-04 3.385681311992601436e-04 3.514912863435379104e-04 3.433753480029990150e-04 3.346652243238435668e-04 3.327067280332626862e-04 3.330939379325644238e-04 3.488285282479887828e-04 3.597916700020189107e-04 3.522461793031567015e-04 3.430008223245956675e-04 3.361138334107252774e-04 3.394104862549903248e-04 3.330940397088969569e-04 3.240533886103485811e-04 3.240233248293547096e-04 3.269166943262407743e-04 3.299766822188863634e-04 3.078573644621689174e-04 2.378367086655336490e-04 1.598357876606853632e-04
1.937054639529088768e-04 2.832693713906896875e-04 3.487655243453620640e-04 3.601251498818568023e-04 3.407955139289132801e-04 3.258307745339922702e-04 3.235449175611862017e-04 3.327748949535686463e-04 3.322102934669727203e-04 3.144876865552725530e-04 3.086517427955783651e-04 3.211520512271611892e-04 3.390963050399445778e-04 3.439216751926827591e-04 3.320888002760134490e-04 3.394617941065611018e-04 3.464446054409828896e-04 3.287651298460188254e-04 3.273627152606090832e-04 3.416314670349434972e-04 3.518277830494725717e-04 3.376752587833004070e-04 3.234425081362422415e-04 3.331110117147731160e-04 3.507277653490651617e-04 3.535898774188295061e-04 3.373600483151746512e-04 3.329731765258205165e-04 3.422413473248358488e-04 3.444284564437314201e-04 3.442552061936334732e-04 3.443132971000890594e-04 3.354250771349703755e-04 3.297467751449881376e-04 3.307447171031308399e-04 3.248863658429170832e-04 3.114646740819961793e-04 3.106239529848500475e-04 3.295531890737349746e-04 3.472538311779198978e-04 3.544093639919501616e-04 3.610790603356538349e-04 3.609483043597534789e-04 3.439739235058072216e-04 3.292817509196113842e-04 3.274485403294314658e-04 3.293065463833220715e-04 3.352540298822025058e-04 3.294327031341215102e-04 3.252900751255832692e-04 3.336243996485178140e-04 3.465603050987337008e-04 3.515728810943540266e-04 3.475455229280389720e-04 3.398896297526522725e-04 3.328585050488595083e-04 3.397473499827843423e-04 3.409014882609086544e-04 3.268744262425539492e-04 3.271096613646286592e-04 3.422565215151583532e-04 3.361882398376979473e-04 3.158146907587468417e-04 3.238700050224979079e-04 3.337975408855440793e-04 3.216468286078169397e-04 3.186299623340858606e-04 3.279684014789942433e-04 3.271850537635572105e-04 3.201611832221579993e-04 3.249240741475709310e-04 3.405696018254275310e-04 3.534224049510733168e-04 3.392134165170841622e-04 3.226742506220622278e-04 3.288480662708264659e-04 3.369612529396710408e-04 3.318459179240231330e-04 3.254790854849030565e-04 3.224547661107650095e-04 3.253263379725613094e-04 3.348436010561390294e-04 3.336648021303553107e-04 3.297003051026714711e-04 3.243226207077505412e-04 3.215055348953036471e-04 3.344867206078953447e-04 3.427061241657970237e-04 3.311708320739265130e-04 3.284918779653648886e-04 3.387244056338431291e-04 3.481590377842120774e-04 3.390533973590345866e-04 3.230178187072981237e-04 3.210765923693093666e-04 3.218107901240448154e-04 3.197700475453453019e-04 2.944246540017387767e-04 2.233080465649136788e-04 1.513382294242475510e-04
2.111834791486106677e-04 2.987521017832985341e-04 3.522197397403226777e-04 3.507921683156499902e-04 3.289976244008163513e-04 3.109209003342881458e-04 3.083143710515149965e-04 3.239445890461414000e-04 3.373981822451483184e-04 3.270275363722212401e-04 3.158352177045578731e-04 3.319664818640208521e-04 3.469282295608214521e-04 3.453175891411388015e-04 3.289071588985575337e-04 3.306167358466224524e-04 3.418771611103122452e-04 3.236070496653269796e-04 3.141382212615675463e-04 3.249108288036543194e-04 3.370103755047415594e-04 3.278841702020734842e-04 3.228014323671322787e-04 3.464903864898575582e-04 3.759670623512405448e-04 3.751121181215759251e-04 3.420897568841583321e-04 3.238570398716088760e-04 3.332849386531554084e-04 3.471480859384637333e-04 3.595338074952728925e-04 3.621260148481762319e-04 3.492543661560012580e-04 3.316493832504590874e-04 3.293429145858331659e-04 3.281643926619797380e-04 3.151464197367043044e-04 3.063064848818444785e-04 3.175698351324048214e-04 3.385101572518148510e-04 3.551846090495758344e-04 3.597256658830558099e-04 3.506575490928931027e-04 3.401387266806960063e-04 3.354745319204265356e-04 3.326856022576911908e-04 3.269097564408595053e-04 3.256790229493195248e-04 3.256721770966411120e-04 3.309318273578137903e-04 3.377698257616633371e-04 3.399799228804870023e-04 3.401179294649958780e-04 3.411737639880921442e-04 3.389924406289152275e-04 3.312747593522383151e-04 3.329536400436997707e-04 3.346479199257069905e-04 3.287470211178462973e-04 3.294481588346515749e-04 3.321273071709853570e-04 3.248772662031629743e-04 3.166040194240158420e-04 3.348425591454314162e-04 3.428048649147795468e-04 3.265275466534082625e-04 3.255370944190084568e-04 3.316082025090940754e-04 3.264620697411078193e-04 3.198676790741966603e-04 3.287999522166293927e-04 3.444660303911416211e-04 3.467257165454431362e-04 3.257219654597530044e-04 3.138722094930188316e-04 3.219600348476534500e-04 3.310358276775939197e-04 3.297531399057009689e-04 3.309162343404234777e-04 3.297230920551962844e-04 3.169257245341486253e-04 3.141227656542473724e-04 3.241558493456074249e-04 3.322408361575076305e-04 3.189121772959276936e-04 3.025596373639687737e-04 3.070699960543485764e-04 3.140019269114934734e-04 3.113866115908168119e-04 3.264611133511997410e-04 3.450596589038911833e-04 3.385157971098238464e-04 3.252713152124957771e-04 3.228189308618260953e-04 3.328951886089753787e-04 3.365691909738689844e-04 3.263851717437525743e-04 3.041126609822046166e-04 2.383425314952116955e-04 1.581971078829451480e-04
2.164401719775889432e-04 2.986944673705511791e-04 3.486915638503659603e-04 3.377471894796329425e-04 3.134465011246871506e-04 3.007150718517764918e-04 3.057287679989343699e-04 3.280007918458752777e-04 3.487612772882899893e-04 3.398027043286859202e-04 3.180494420273453807e-04 3.323402802532278845e-04 3.526833023234688964e-04 3.535837986213140240e-04 3.330496266335657043e-04 3.269384402933290645e-04 3.376205667689093212e-04 3.290907733592009872e-04 3.216213756534247784e-04 3.221921410220888169e-04 3.255109981932295627e-04 3.234356981026890012e-04 3.224766301290488005e-04 3.306995336300369136e-04 3.520581331000004590e-04 3.602770244783590572e-04 3.396799961231339684e-04 3.197088680016604931e-04 3.204850876930724407e-04 3.358887828090903428e-04 3.494747566815337375e-04 3.485137564589802016e-04 3.426972371048906687e-04 3.342957591906426133e-04 3.380033371800857415e-04 3.462434500016598892e-04 3.428006278052488521e-04 3.267088880651914154e-04 3.176357100583287888e-04 3.356641412677559061e-04 3.604563302962102969e-04 3.606003121835877744e-04 3.383647993696079024e-04 3.279270012304685194e-04 3.347104266741992803e-04 3.412675321967059455e-04 3.357196383395685433e-04 3.258010999422619519e-04 3.188615992937755567e-04 3.191486291155317518e-04 3.257707926488892535e-04 3.324509846947320884e-04 3.279939777164939769e-04 3.211370833902363786e-04 3.215656284118786879e-04 3.183649044062892425e-04 3.189811963944830611e-04 3.292984990591068151e-04 3.361462586655611959e-04 3.343877710188439397e-04 3.298751104345058142e-04 3.295943112060319212e-04 3.290052104561441552e-04 3.478853916658197114e-04 3.621579647968270607e-04 3.447399350491429796e-04 3.337385381405180229e-04 3.410786030646168832e-04 3.431659960317366199e-04 3.382322571499446181e-04 3.398501528719166708e-04 3.457584278590712440e-04 3.376935572914898862e-04 3.128829168639863214e-04 3.030283910727974090e-04 3.179174488966450335e-04 3.323853572263122617e-04 3.330721048982831058e-04 3.357909094186584164e-04 3.344923093107769513e-04 3.211251392436921103e-04 3.180155097588202757e-04 3.323046685482323537e-04 3.463234702991478762e-04 3.350368572096284569e-04 3.145511899219562450e-04 3.137670322305163850e-04 3.140764253238145180e-04 3.117767641391404093e-04 3.331788950303874244e-04 3.486512094516772543e-04 3.224980266370513983e-04 3.032976836371717271e-04 3.201141642089307734e-04 3.450755177715898432e-04 3.486057659578492714e-04 3.320316947080071508e-04 3.155295565178833656e-04 2.568682591957748094e-04 1.676276673545445636e-04
2.117179274491847178e-04 2.881680153798631778e-04 3.393374087962487988e-04 3.305365906435659925e-04 3.127376890232953397e-04 3.083544503030581294e-04 3.182417484327277170e-04 3.401150036522142110e-04 3.547095729967714313e-04 3.428117229876842011e-04 3.178005902889950111e-04 3.222437850615992227e-04 3.426910885767179031e-04 3.508645221733517521e-04 3.341524202544038087e-04 3.278844745922254570e-04 3.390231535792456036e-04 3.409551015310465817e-04 3.341627511209078116e-04 3.235252414036849820e-04 3.208942411657397841e-04 3.279767580021496600e-04 3.293563440986561940e-04 3.196439208534534830e-04 3.297485178051248831e-04 3.477802288561396673e-04 3.434302438815964331e-04 3.216884470985530457e-04 3.119499881094860562e-04 3.257016090341081568e-04 3.334118526720421683e-04 3.296295486381970049e-04 3.273103693833009464e-04 3.224510801563291312e-04 3.351813983850788744e-04 3.613884930397561336e-04 3.685491680709243904e-04 3.467646566962050668e-04 3.238094085883621892e-04 3.323232092625597912e-04 3.520200841595715448e-04 3.511898900725930099e-04 3.344965918537512201e-04 3.274084741796276987e-04 3.326508074389766638e-04 3.427555299396980613e-04 3.431284656254145801e-04 3.351563675016018236e-04 3.236762792026515135e-04 3.121192156962882209e-04 3.147290483508139412e-04 3.325901086946282887e-04 3.325945047708724739e-04 3.175345610220406314e-04 3.103672173557195553e-04 3.097036269201262036e-04 3.163471025529434851e-04 3.366252061836395621e-04 3.529206496735177848e-04 3.474975723598663132e-04 3.348522374102542824e-04 3.331237073478297253e-04 3.278275902036100961e-04 3.384279605423867634e-04 3.588504153953163650e-04 3.481512572046197929e-04 3.367968940092732331e-04 3.507427778453361261e-04 3.550345755542134497e-04 3.440306808068792398e-04 3.321688891634116091e-04 3.320286035978781136e-04 3.365772510069059745e-04 3.255451731925301968e-04 3.118443102668687610e-04 3.175819879471231382e-04 3.316905921523702599e-04 3.382523234744616667e-04 3.368667804636244021e-04 3.297899003055706373e-04 3.256081907879059445e-04 3.325334667418677935e-04 3.486782969499518220e-04 3.624917194682959710e-04 3.572029514760290819e-04 3.372822742377392345e-04 3.342414159080175397e-04 3.352115243642095777e-04 3.320862302017819445e-04 3.445562345813327513e-04 3.497343855248221181e-04 3.185606309311357458e-04 2.951228208092796868e-04 3.167530618459666290e-04 3.460757966329554530e-04 3.495949873329421841e-04 3.436628890176954016e-04 3.372151832141191989e-04 2.734909562001725208e-04 1.732127071579315310e-04
2.029893607677329254e-04 2.707712721395050498e-04 3.205790948915475088e-04 3.265051935601493999e-04 3.231030256953391802e-04 3.258772886915924658e-04 3.382968553004769017e-04 3.545705009051456106e-04 3.565424229625281227e-04 3.413924437384271201e-04 3.216518227639981542e-04 3.184588514072044288e-04 3.348759976678620555e-04 3.509856389693176166e-04 3.389453000338610929e-04 3.250172456586221696e-04 3.272505811276491070e-04 3.296772494164455130e-04 3.274175617958589510e-04 3.232844502802013258e-04 3.231832920924713028e-04 3.382509048947634047e-04 3.467244075360117420e-04 3.359934667817333085e-04 3.353877817785838513e-04 3.478535521852609133e-04 3.442677221123362241e-04 3.194517206671121964e-04 3.065199401358981645e-04 3.208279948111064672e-04 3.322498394438750443e-04 3.351952210730790513e-04 3.336469139867726018e-04 3.209998090667701576e-04 3.270014951977203354e-04 3.574795533817229972e-04 3.676136725296820420e-04 3.437900472980910758e-04 3.237476911089234963e-04 3.289559090076927639e-04 3.356401822315680026e-04 3.295709186209008681e-04 3.267430589560585126e-04 3.283640451193518741e-04 3.281648627058523235e-04 3.350492882637103433e-04 3.402020536193775535e-04 3.427740617981363865e-04 3.440846371648263063e-04 3.308052836752566669e-04 3.185394113208303221e-04 3.342474754005053932e-04 3.455978808009596798e-04 3.376669069291997924e-04 3.255622033336297164e-04 3.228752694273233619e-04 3.348121488454551455e-04 3.586247488347189382e-04 3.708988406225156463e-04 3.600133816833144137e-04 3.383195971589852491e-04 3.283492623606208824e-04 3.199679298926999451e-04 3.179435135440027344e-04 3.278521890574346426e-04 3.263028738102570015e-04 3.268458452968096319e-04 3.438802706321587399e-04 3.503539764455185961e-04 3.401690056688543582e-04 3.239369900887431250e-04 3.247144010055912902e-04 3.462392452225534481e-04 3.531371327493085114e-04 3.388589709491076143e-04 3.229976270587862951e-04 3.218009498409834428e-04 3.302166424163352812e-04 3.276159657437643230e-04 3.179410084343173423e-04 3.193178822051944278e-04 3.287393601863150029e-04 3.418688903233993697e-04 3.553798813206728675e-04 3.540290534068878613e-04 3.330643903575527544e-04 3.273287135913855199e-04 3.380919955188887863e-04 3.437333341666083762e-04 3.505702758011844345e-04 3.460287060755219040e-04 3.165902805156638146e-04 2.919986689076890232e-04 3.020581387855524546e-04 3.263673121992939109e-04 3.369512264371070137e-04 3.418980660739155296e-04 3.365550106498303479e-04 2.664747347167013749e-04 1.625399744774566645e-04
2.034253350657955282e-04 2.666765399405827833e-04 3.202146254328015035e-04 3.400518888883921056e-04 3.399140400782655475e-04 3.365625459361232339e-04 3.456508343355240353e-04 3.525789794389898573e-04 3.443600883057648708e-04 3.328362338021467336e-04 3.253881201029897507e-04 3.295702585166750305e-04 3.429740562096518551e-04 3.497218972913026147e-04 3.351034188868730031e-04 3.209204327192819936e-04 3.231519782343179143e-04 3.218380052991527901e-04 3.220061024633858729e-04 3.331183555975008041e-04 3.387789115751346867e-04 3.498682219713081199e-04 3.605536416967971549e-04 3.556322577270743142e-04 3.444600726125735522e-04 3.432703261089162499e-04 3.372095895069816308e-04 3.155885881033480313e-04 3.064092017803954522e-04 3.214359661106471183e-04 3.408931788031583591e-04 3.497833395596823417e-04 3.448016624904877013e-04 3.290452803686964986e-04 3.245556480886163274e-04 3.368284662612145959e-04 3.387988392891829836e-04 3.231223366230896602e-04 3.149132444683463896e-04 3.243622499548361486e-04 3.250995513080190110e-04 3.166048201302578747e-04 3.233501090828796911e-04 3.295377247547405693e-04 3.266181582482577958e-04 3.275085177895152664e-04 3.317000902308630227e-04 3.463258753906880267e-04 3.654369500783345975e-04 3.547366546345898358e-04 3.288494364082905088e-04 3.365389317669475024e-04 3.538417845799041129e-04 3.507128769352889103e-04 3.349523132343707474e-04 3.305721389149605407e-04 3.399821335329693077e-04 3.495134527293489906e-04 3.465086550882720768e-04 3.374328044005357958e-04 3.279526362733426684e-04 3.335137695823380856e-04 3.382683391445112696e-04 3.224272237132409877e-04 3.087263402322188615e-04 3.079115512771506244e-04 3.204813635394073552e-04 3.374748430820693145e-04 3.460241710552817073e-04 3.445416941301538208e-04 3.326420703917277294e-04 3.315377179730073483e-04 3.496337595197590619e-04 3.628972497651192231e-04 3.602102197071022516e-04 3.399578953021170549e-04 3.255880472371633187e-04 3.293445801170724586e-04 3.245965485915703035e-04 3.068579147692065707e-04 3.040196708971274484e-04 3.173690657884108146e-04 3.350145848361734823e-04 3.466151586741078030e-04 3.423735573200185141e-04 3.229813708208737529e-04 3.164580435099553887e-04 3.295595983804648003e-04 3.376441644226615838e-04 3.454321622861926313e-04 3.381784798035822413e-04 3.118243569674675089e-04 2.946590730904766631e-04 2.972377197575677829e-04 3.114221526413006960e-04 3.256328713241407298e-04 3.316483499995813260e-04 3.161808090858256792e-04 2.445232663507194916e-04 1.507815377100660129e-04
2.089883462515740287e-04 2.734858920233487018e-04 3.279682241158177430e-04 3.448616726969890045e-04 3.345994818562533974e-04 3.233607827409750845e-04 3.327551443446036608e-04 3.355248472151163347e-04 3.262242689802266138e-04 3.228380482066731247e-04 3.167705861959754050e-04 3.222686309977541136e-04 3.366699151032300072e-04 3.365709965849700497e-04 3.288877484850709983e-04 3.282517426593778410e-04 3.349176070032434645e-04 3.287534534902394889e-04 3.254351068552081708e-04 3.424587434047167119e-04 3.493696148606525000e-04 3.396930815153419094e-04 3.327382244707208312e-04 3.343229262099134142e-04 3.394880568466992089e-04 3.442959949881540388e-04 3.375498460108367202e-04 3.112472023387216884e-04 2.994122644967142839e-04 3.198114625237798332e-04 3.465515523020048670e-04 3.561371907903186250e-04 3.480805820234587943e-04 3.328873822615513239e-04 3.227702289747298031e-04 3.196304407182577333e-04 3.196932467119224471e-04 3.195232158049338697e-04 3.180752919127965267e-04 3.239651812199757720e-04 3.289496334557657446e-04 3.298780566226510412e-04 3.352660393207215089e-04 3.355903350128785264e-04 3.341421787182718983e-04 3.383605765559667125e-04 3.414041113635013871e-04 3.530857866918211138e-04 3.714579032700088702e-04 3.540461378015411246e-04 3.223726741976414771e-04 3.227853374864975903e-04 3.400399325549510006e-04 3.419402032144641863e-04 3.289470229737367435e-04 3.256785454513755622e-04 3.318839221716166771e-04 3.258978333995832992e-04 3.100230785330198051e-04 3.065766373148749464e-04 3.192975917368232942e-04 3.514261426911409730e-04 3.721761926824322881e-04 3.490675275618852335e-04 3.165301619299663231e-04 3.120149403151159170e-04 3.342519198405844881e-04 3.507461857935787971e-04 3.498228959043232344e-04 3.450672900576997638e-04 3.319930634402965181e-04 3.249756710714393282e-04 3.331885385408847339e-04 3.463917389379057485e-04 3.566094159946032668e-04 3.488470266643378952e-04 3.408201944011965629e-04 3.476891912396755553e-04 3.401565578772584278e-04 3.145675845954882003e-04 3.031350354057378072e-04 3.176369715234889828e-04 3.402045235925892997e-04 3.456644811090497644e-04 3.370650879450830728e-04 3.240431362692628423e-04 3.209056923118645387e-04 3.337277041741484873e-04 3.395318374479994140e-04 3.439906207936764115e-04 3.322364848543305892e-04 3.105909391440769786e-04 3.077935360059582586e-04 3.171597207195583782e-04 3.271340361970851264e-04 3.348315586706851325e-04 3.320281121071505482e-04 3.075905913098465742e-04 2.383452925530666743e-04 1.555255164709249728e-04
2.063193437045292484e-04 2.742904819738527060e-04 3.255988616240586362e-04 3.326191413959643083e-04 3.169188265789028890e-04 3.100755831973985651e-04 3.252495629131223133e-04 3.254460270788092071e-04 3.136192540101130264e-04 3.163919305301488255e-04 3.130882444945320368e-04 3.095911828374838795e-04 3.130276919733769375e-04 3.158998632270637423e-04 3.300475734774681834e-04 3.454106780443785525e-04 3.473722173025588483e-04 3.298920911619111686e-04 3.170722454514001473e-04 3.331832019615118840e-04 3.460633660436793321e-04 3.308831111194313881e-04 3.116277805399156635e-04 3.111650550225021996e-04 3.305795792848691041e-04 3.507929783332914934e-04 3.491470618812767511e-04 3.168878371002914994e-04 3.008550110697943243e-04 3.309796657930946643e-04 3.586437884907336037e-04 3.546666650881624499e-04 3.390736371796563252e-04 3.309158079374922845e-04 3.257729674982886756e-04 3.145245153993615891e-04 3.167664397703753984e-04 3.315493731714172628e-04 3.318258671038150755e-04 3.294135475407898605e-04 3.423863901450723067e-04 3.504368014237238559e-04 3.444446264243748398e-04 3.350132008336975447e-04 3.368936122100423740e-04 3.475299454822908338e-04 3.472380550498520855e-04 3.415331371386075288e-04 3.453771788572742706e-04 3.316304940961774597e-04 3.120531798687705555e-04 3.079399508310317691e-04 3.225065530921210582e-04 3.375541968197179679e-04 3.368277610060057626e-04 3.340565581075810391e-04 3.382227853238748338e-04 3.265930933742498691e-04 3.041212278536911803e-04 3.030288620007147308e-04 3.230377787386214160e-04 3.562984123105997344e-04 3.784682955646301392e-04 3.602472506671938247e-04 3.257514603196489267e-04 3.198469357536306559e-04 3.409604677559193537e-04 3.496444313996814688e-04 3.375340172889181381e-04 3.306367301632997060e-04 3.196414240547542675e-04 3.107698821113216692e-04 3.167136976610189503e-04 3.343977880346664963e-04 3.516313424491760396e-04 3.468553639520734200e-04 3.399069812325667241e-04 3.481824804757009954e-04 3.464214923474962372e-04 3.334202418902139841e-04 3.239017407390585527e-04 3.276658980231500788e-04 3.365327604678482079e-04 3.340412186981165646e-04 3.307132361952290684e-04 3.307708793590899725e-04 3.300377116738890211e-04 3.391366589862807187e-04 3.453710341288533593e-04 3.453170362087210673e-04 3.318064647905593668e-04 3.204803503570219803e-04 3.270185795064136595e-04 3.388137829017678123e-04 3.480574125311522828e-04 3.505605992043570084e-04 3.364462053661427220e-04 3.051775226282781202e-04 2.411208794733854977e-04 1.630423569995416520e-04
2.068368671720411073e-04 2.773088281609482745e-04 3.325385556973777142e-04 3.359155547996893693e-04 3.209400493421907881e-04 3.211477665147033063e-04 3.374507107945997090e-04 3.334725462718406640e-04 3.145655507434801665e-04 3.172448570325566851e-04 3.305392079195689599e-04 3.343404490727582283e-04 3.253763306178989942e-04 3.205588203813770649e-04 3.355713451050446961e-04 3.487620014442431278e-04 3.402305530808337496e-04 3.165339472093146997e-04 3.031737998432199824e-04 3.172189193346434304e-04 3.353387831551619437e-04 3.373196826993674026e-04 3.297787994688890115e-04 3.251841202239592692e-04 3.370293176706562477e-04 3.592625522223858239e-04 3.637299463984264509e-04 3.398206521464887300e-04 3.248611027839261919e-04 3.458199166663546154e-04 3.613508028785302351e-04 3.450518410161390278e-04 3.262486040368531531e-04 3.266298948912331034e-04 3.250829875815749786e-04 3.111818397698643251e-04 3.171422950431678151e-04 3.384331500785635804e-04 3.387022064216548044e-04 3.360036740933148875e-04 3.542158363829119396e-04 3.575759524751768049e-04 3.416452926940987886e-04 3.293215694818133095e-04 3.300801364513446462e-04 3.374041631747810030e-04 3.338162840337134500e-04 3.222890145192435179e-04 3.246370045627073784e-04 3.282720795384320512e-04 3.271293920246953171e-04 3.197658278732229496e-04 3.255426595591080752e-04 3.481136311447482730e-04 3.594472780872639802e-04 3.563161292742198774e-04 3.491001079772115107e-04 3.314211757311207734e-04 3.142020113097609329e-04 3.177552003672801367e-04 3.271316476934804825e-04 3.383027903861637051e-04 3.499431916392262100e-04 3.440389068407313203e-04 3.289740797948002143e-04 3.266671009612049942e-04 3.384481659487600328e-04 3.409011393025066037e-04 3.264925593768448157e-04 3.257825942328758969e-04 3.216133295795673037e-04 3.075988200445927421e-04 3.071990423356977975e-04 3.300418047358596486e-04 3.504770085869291537e-04 3.369951071182148870e-04 3.213962514797610577e-04 3.287285098033533148e-04 3.374417128492408552e-04 3.413395587716442628e-04 3.398118039481857772e-04 3.369079429519261822e-04 3.349639578407201217e-04 3.292458883182180661e-04 3.303535616812535098e-04 3.391853360227987642e-04 3.352781473711243616e-04 3.338821458733636535e-04 3.402676985788138280e-04 3.440350695242994799e-04 3.347576996225934539e-04 3.324158103663072284e-04 3.397036721596630084e-04 3.401833954916527519e-04 3.429561655101108259e-04 3.464058582315480452e-04 3.350925133665891981e-04 3.091002999240544829e-04 2.488960831464280803e-04 1.660361904508845490e-04
2.047609233169523388e-04 2.792136813172300621e-04 3.445148373272706455e-04 3.527473909644233681e-04 3.392234045347920996e-04 3.386780182101443559e-04 3.444604391328047639e-04 3.377691983343993846e-04 3.229109366659183673e-04 3.265309560894245422e-04 3.549970224916811686e-04 3.733336128662714023e-04 3.566178976608070056e-04 3.356390521281651636e-04 3.376782334949416991e-04 3.441377097607884470e-04 3.325865945976537235e-04 3.201927724535282927e-04 3.179867894159169950e-04 3.220272247530908249e-04 3.287795910429841583e-04 3.353919976285525640e-04 3.359920599632699361e-04 3.316029443735736592e-04 3.371060747165351449e-04 3.488073915603195105e-04 3.475646896483981438e-04 3.402571500086863047e-04 3.397257521304674222e-04 3.491758549761423639e-04 3.556743609294207333e-04 3.410943336982320351e-04 3.254835413145569815e-04 3.310751898552440043e-04 3.336055838279850362e-04 3.232354735419306073e-04 3.283351679323502290e-04 3.437980436380317500e-04 3.390681440610391261e-04 3.307460906548024930e-04 3.451874007039789499e-04 3.496146941437947887e-04 3.390612792871146872e-04 3.334114989525372558e-04 3.304103849690770184e-04 3.268214304386541551e-04 3.188168635252707438e-04 3.124882577601903423e-04 3.243802508262576397e-04 3.391138604686113928e-04 3.442860026054882705e-04 3.329923890883308897e-04 3.268676352986440406e-04 3.470202784320685469e-04 3.681774371260469704e-04 3.678692094955067146e-04 3.453659757538341609e-04 3.205022377669219978e-04 3.191896934517636725e-04 3.409925710475494474e-04 3.450043294594645846e-04 3.348148914105812104e-04 3.287831663306595045e-04 3.248615803956283327e-04 3.261297498818449135e-04 3.254345968935279734e-04 3.314692619053105161e-04 3.412063903581671626e-04 3.325485440836573070e-04 3.341636031610160928e-04 3.354541876710569756e-04 3.200085509013452022e-04 3.142882189753495956e-04 3.274095376725461026e-04 3.406644602136398373e-04 3.288712202586998451e-04 3.130067148992926552e-04 3.159420946323249170e-04 3.282660124256145916e-04 3.381737192058957282e-04 3.420776946770590792e-04 3.402400706887714682e-04 3.380535397407073120e-04 3.378247893659157546e-04 3.433773857418613747e-04 3.535998549179703064e-04 3.435448751857060135e-04 3.277356803420668143e-04 3.255805377178152714e-04 3.337512786263754135e-04 3.312492570544708480e-04 3.337952171569236398e-04 3.408942950058008268e-04 3.291373706246790215e-04 3.215958299763478352e-04 3.288710630069669426e-04 3.287099737847958003e-04 3.099019441523125518e-04 2.479919626176003544e-04 1.620828623965333876e-04
1.888543771661272330e-04 2.665700842326594665e-04 3.312255689967650565e-04 3.454564843486573802e-04 3.396847982841401077e-04 3.364372887516572192e-04 3.332446476191838758e-04 3.310950647692613522e-04 3.306617710802147586e-04 3.330801012907831909e-04 3.545188574847355162e-04 3.708711890389034481e-04 3.466990719555742119e-04 3.234913556274480865e-04 3.302814244682481253e-04 3.419842070036280355e-04 3.407949310945683659e-04 3.456009081223491812e-04 3.487396363440908474e-04 3.411108361998166838e-04 3.340363242998445315e-04 3.324343667461487992e-04 3.306850437983897698e-04 3.240442668148469122e-04 3.230922609310412892e-04 3.280797358943154832e-04 3.312161165225304023e-04 3.339057621715018644e-04 3.348676365733417050e-04 3.387727592907668591e-04 3.471802102409269827e-04 3.379918606924697116e-04 3.262740385857743194e-04 3.364161545539683909e-04 3.503923538172925645e-04 3.492241765044888429e-04 3.457447000218450577e-04 3.443966049097421569e-04 3.350706885558279438e-04 3.220769387234192799e-04 3.313122094639372995e-04 3.410082290258295091e-04 3.387015439504496329e-04 3.390882838590412833e-04 3.324152908898887499e-04 3.212284349406331055e-04 3.156395326191050615e-04 3.198152211132938936e-04 3.356583635465556700e-04 3.473131190214554247e-04 3.496381575805716270e-04 3.359170470171401026e-04 3.186419232016742204e-04 3.255441063024326620e-04 3.456791772474062546e-04 3.501234942497418096e-04 3.282408973466628384e-04 3.029429517931401259e-04 3.077626959417764283e-04 3.427089015776797537e-04 3.556988749612017392e-04 3.476217961674813329e-04 3.391682344473986041e-04 3.299835418028021689e-04 3.286921445316861017e-04 3.229328870718090787e-04 3.267103362455017323e-04 3.492799749158422029e-04 3.522190849516595003e-04 3.490552487652666034e-04 3.427685225598044779e-04 3.289856269643262219e-04 3.288380008897022369e-04 3.367058093897896975e-04 3.436321474613136871e-04 3.367735608594491165e-04 3.247930516894557539e-04 3.216443477792797117e-04 3.253991871184405129e-04 3.264673946594054063e-04 3.332198549568305334e-04 3.392154186828327312e-04 3.391155872919968486e-04 3.443242246974540215e-04 3.518529484966200502e-04 3.579209876879644713e-04 3.474639743012294339e-04 3.312115685564484329e-04 3.239564553256146415e-04 3.277672193849901763e-04 3.263034534494633717e-04 3.326111938119989111e-04 3.430700385838852257e-04 3.314300155337390253e-04 3.172135465722228116e-04 3.288187667065890947e-04 3.398430637286429601e-04 3.163152519025762277e-04 2.454145002136009059e-04 1.629061718936563609e-04
1.775620301545269655e-04 2.529401050734702162e-04 3.073042728181926220e-04 3.253055275527766540e-04 3.327563263984177578e-04 3.351039306915879314e-04 3.340600218760423289e-04 3.360532389142529674e-04 3.443982302081174799e-04 3.427605682448125915e-04 3.403082476793413327e-04 3.370720482600803947e-04 3.111389110588550140e-04 3.022427931742599798e-04 3.218413611638960012e-04 3.420624745472090021e-04 3.561363982697692216e-04 3.648155594425628008e-04 3.573677216110318156e-04 3.471497616023649338e-04 3.447095172253312047e-04 3.454586556789079627e-04 3.436797643391094207e-04 3.309825133439424512e-04 3.187674339600298228e-04 3.216559395940940536e-04 3.356754706550333527e-04 3.366807994792100564e-04 3.284916985282251541e-04 3.311585327865581609e-04 3.387409953547668422e-04 3.286853283762035090e-04 3.159466766457062628e-04 3.247698508078697205e-04 3.514366776302864652e-04 3.657217570229495934e-04 3.554590018874802704e-04 3.338439521705852250e-04 3.191943496312785395e-04 3.159727545242902455e-04 3.297706626327444736e-04 3.367521946546657083e-04 3.325400064331375354e-04 3.345616086736336145e-04 3.294987323666630371e-04 3.231695319561730083e-04 3.288501347662961018e-04 3.431773438795415526e-04 3.555354682494911867e-04 3.560828053684809676e-04 3.507122934790938770e-04 3.376989160849606475e-04 3.191287953916194958e-04 3.192332351125030726e-04 3.345741138456625238e-04 3.377212361876838053e-04 3.238847333842110308e-04 3.041718609930700243e-04 3.003302698547064171e-04 3.232935612558436090e-04 3.445470554352460268e-04 3.583223246059347449e-04 3.615486908149356934e-04 3.422730997121305142e-04 3.284786362519794825e-04 3.234869197994413642e-04 3.334011232911132010e-04 3.604782457348760377e-04 3.653892126881652376e-04 3.501051329690430805e-04 3.326329357365002438e-04 3.215930318616900532e-04 3.263878181188670084e-04 3.445580978619680579e-04 3.612209568599765485e-04 3.550070981132989094e-04 3.451287936292113867e-04 3.425772889339112441e-04 3.352522946288699884e-04 3.209381191995958277e-04 3.258089826021772720e-04 3.416928418016550693e-04 3.437935651783915070e-04 3.440316689983754280e-04 3.373906889275880665e-04 3.278302118482483455e-04 3.272778787823900143e-04 3.336307749231706785e-04 3.371549767945492080e-04 3.360936208873551291e-04 3.299131416249410876e-04 3.366520263105502028e-04 3.473454156561949988e-04 3.453617991690582706e-04 3.333885076018166453e-04 3.415675093899443737e-04 3.579084343091157869e-04 3.358790166838739825e-04 2.597794943450834984e-04 1.751944947073913071e-04
1.803430831859783061e-04 2.508589492908290118e-04 2.985189139653846068e-04 3.153667374117943628e-04 3.321112462559939549e-04 3.437311993648677197e-04 3.432415723301007271e-04 3.400493582924571010e-04 3.459695059132313457e-04 3.428643515457196339e-04 3.250594661258092758e-04 3.111379136702666277e-04 2.956740811950234714e-04 2.998629417070403330e-04 3.203508510419518702e-04 3.399932167945275566e-04 3.581286504004901764e-04 3.588680431124539622e-04 3.394239894178609478e-04 3.315384366818111906e-04 3.422780510200434468e-04 3.548337481915061825e-04 3.562945461458890935e-04 3.420341767213771816e-04 3.284613686778070857e-04 3.318691392241827909e-04 3.402622637544773813e-04 3.351358207035504437e-04 3.302563086507248960e-04 3.327087897432445688e-04 3.318926049765620915e-04 3.165431369895834357e-04 2.981123620867407527e-04 3.055247574184232796e-04 3.441784180552984922e-04 3.709609696623794020e-04 3.582758134634243547e-04 3.296819489315938557e-04 3.129899107870464303e-04 3.169039168767221132e-04 3.318287421118827369e-04 3.316863626736885886e-04 3.278092344238259237e-04 3.304267529189914058e-04 3.292936497167710860e-04 3.330085254985219560e-04 3.428217895144875221e-04 3.524216482024752624e-04 3.524252912336333613e-04 3.440347591291690373e-04 3.397063785291425499e-04 3.373061073839453763e-04 3.308037839486877149e-04 3.417852778855304989e-04 3.560186115948467530e-04 3.484869876066272942e-04 3.364198700834792428e-04 3.247390557066634530e-04 3.206185932179590205e-04 3.270591889817944472e-04 3.413372569797382041e-04 3.629999323232943305e-04 3.640937346730996034e-04 3.348027077617546235e-04 3.163860050318371324e-04 3.195873311711752013e-04 3.383790214966781698e-04 3.537771842570370888e-04 3.437580496071889055e-04 3.251466273407869643e-04 3.180373948294021010e-04 3.201417839059092843e-04 3.248906359333202055e-04 3.415252016308090209e-04 3.572454370175982287e-04 3.496142286147387295e-04 3.442304264700212467e-04 3.513456708949499237e-04 3.437466957393122162e-04 3.217158670641039791e-04 3.262712633195957224e-04 3.495676632923408206e-04 3.497131974480794563e-04 3.407738664061323291e-04 3.277321190395148572e-04 3.081009577369434168e-04 3.111620954841829790e-04 3.334719608718441199e-04 3.479404099231508496e-04 3.434031523713250217e-04 3.309452897217084535e-04 3.346415092365952713e-04 3.430700780340589307e-04 3.491138732056217045e-04 3.465671820891974434e-04 3.538816123272065265e-04 3.681280951285086501e-04 3.506352828492911551e-04 2.755081799934923250e-04 1.853629843418776527e-04
1.958149393914900439e-04 2.608695412263338227e-04 3.060781833220147332e-04 3.183009710751462775e-04 3.354226894354995093e-04 3.479988670668171871e-04 3.392284485483811757e-04 3.314064814286449062e-04 3.355531752070265578e-04 3.332348498319220799e-04 3.208548189967793318e-04 3.176620291160774101e-04 3.156856698615507877e-04 3.193464742675964155e-04 3.277266868684747215e-04 3.360719459986704185e-04 3.445907351252975280e-04 3.362546510756072421e-04 3.174576546867931607e-04 3.164712948523636343e-04 3.345743980594765741e-04 3.503083683983239664e-04 3.486367898559838280e-04 3.376425276421323287e-04 3.391160628323074285e-04 3.506827308751033325e-04 3.479806734081823108e-04 3.373027207318407897e-04 3.369213906292689033e-04 3.360902862616271846e-04 3.285042428835715156e-04 3.141147372817043246e-04 2.981289915845059544e-04 3.106975496752073388e-04 3.490922213818627227e-04 3.693909676749437951e-04 3.548437042683426227e-04 3.282407538188109085e-04 3.128995586345573957e-04 3.183508519729277668e-04 3.311653295865754978e-04 3.314422889330294547e-04 3.356984106948920996e-04 3.370439740311040148e-04 3.301044027367622431e-04 3.373366038835899812e-04 3.479111846123949343e-04 3.441844617286518235e-04 3.310121361264465895e-04 3.251788734116329172e-04 3.341686118338793804e-04 3.392934919502050249e-04 3.341994144131916729e-04 3.508966136058442047e-04 3.630654035389490361e-04 3.485717968179766115e-04 3.358152045645199958e-04 3.304963360836851889e-04 3.359452801929821344e-04 3.398301680108055216e-04 3.453452506827244645e-04 3.552051475109683229e-04 3.421041758157784699e-04 3.159720118647672826e-04 3.121325109758459038e-04 3.243110929803924070e-04 3.378561177746221256e-04 3.355258760438315901e-04 3.205477004522660871e-04 3.189429147100577623e-04 3.324019968583540735e-04 3.403006401318297907e-04 3.363165353826238916e-04 3.373440843055077257e-04 3.367797981416547595e-04 3.281031553116172447e-04 3.290658862789363299e-04 3.475344800920847224e-04 3.519100972843931439e-04 3.306704483599466398e-04 3.297461483518388534e-04 3.495927771679273668e-04 3.461536214734255417e-04 3.395574187175513423e-04 3.404943049798207994e-04 3.202230739850288918e-04 3.117600914148638074e-04 3.304319998674057845e-04 3.482162653737898251e-04 3.407834375089946292e-04 3.231793147343511472e-04 3.264482514794655229e-04 3.367456571669739983e-04 3.432020529475405830e-04 3.410191188919066505e-04 3.465158499264825312e-04 3.555364442244656896e-04 3.368163117919730268e-04 2.678678040490557722e-04 1.802863210705229666e-04
2.100979976067343809e-04 2.700366580345575900e-04 3.135617213569311264e-04 3.244735540303264262e-04 3.387906217156343245e-04 3.450250472303357423e-04 3.286660829945663252e-04 3.227505877376907759e-04 3.276487320650944076e-04 3.261956141149973429e-04 3.285698147155195672e-04 3.408911395965942798e-04 3.485276954628307761e-04 3.447468609091864375e-04 3.352373097744366817e-04 3.314897509252186236e-04 3.350428309469884311e-04 3.290585743336392065e-04 3.202903756824207037e-04 3.254262245376173652e-04 3.405877667204863053e-04 3.467387201519305743e-04 3.353431381286850759e-04 3.214474198636141865e-04 3.319654820682201241e-04 3.506623956341990787e-04 3.492551690005904074e-04 3.416906436458325581e-04 3.402619723573878721e-04 3.351333679995897223e-04 3.247042287779881311e-04 3.188125570312455885e-04 3.174383301141225802e-04 3.344134306916904126e-04 3.558621527645589532e-04 3.569974220881191331e-04 3.461828895076804035e-04 3.264879950630232780e-04 3.157655566122277409e-04 3.255796377369409413e-04 3.352681954809140648e-04 3.356911676872280847e-04 3.431676932573639663e-04 3.438529166912978620e-04 3.329459275062326431e-04 3.392029005164324011e-04 3.493371109624401026e-04 3.329141663142014696e-04 3.113231215747135809e-04 3.124542024820708107e-04 3.313146481401133903e-04 3.342792782298454018e-04 3.199594150321113028e-04 3.255323236521643271e-04 3.340219053915804938e-04 3.305240810151726066e-04 3.267960543633627356e-04 3.243145172629957542e-04 3.341420647762551608e-04 3.435286785694242374e-04 3.476520301409506599e-04 3.436256823297855183e-04 3.246763721369796312e-04 3.123947769568305964e-04 3.196227815229228577e-04 3.260805079620177939e-04 3.271948136772979011e-04 3.216606790894014451e-04 3.229669430825638085e-04 3.386762106689749892e-04 3.526902343671784010e-04 3.499669558232492740e-04 3.394327464753045011e-04 3.306430803596521317e-04 3.219339036225129656e-04 3.196293427241370328e-04 3.280113106681777210e-04 3.479681053225044474e-04 3.570758758107484606e-04 3.371924553591739175e-04 3.251629103141741263e-04 3.328477948439087291e-04 3.287177328206354089e-04 3.291614887020358313e-04 3.418951115868068980e-04 3.256189518747830544e-04 3.071279483008482495e-04 3.149874392745450951e-04 3.303319026034510250e-04 3.313759809653906959e-04 3.299914020861179466e-04 3.430367311393010257e-04 3.483999277994249575e-04 3.411058060835529555e-04 3.268793832022007370e-04 3.223061814855086014e-04 3.296136317266851537e-04 3.175228930251930599e-04 2.591753669811234931e-04 1.779425272312691120e-04
2.136675693564127235e-04 2.645075814759800846e-04 3.031381274050023436e-04 3.199924320902904767e-04 3.354441961922080507e-04 3.377469053739999344e-04 3.250159460084495319e-04 3.216777758198762003e-04 3.249425388890305605e-04 3.249842117763357841e-04 3.327327325724977521e-04 3.468915513894245124e-04 3.581476965385658779e-04 3.547682336831504014e-04 3.408077146519668818e-04 3.352071266827994682e-04 3.375522539958477068e-04 3.361865122405325798e-04 3.314262585091007980e-04 3.338316542645698584e-04 3.452429915551323797e-04 3.449341081085235180e-04 3.275444008525658013e-04 3.112013545820783164e-04 3.205980883451116175e-04 3.381124795454733224e-04 3.412031203697302346e-04 3.400962697893022990e-04 3.326625146510329522e-04 3.207768355600824884e-04 3.110583349779353799e-04 3.186962658169170204e-04 3.369158011895279385e-04 3.527814443629843791e-04 3.526775672167254370e-04 3.368050381647249864e-04 3.333798172294129064e-04 3.314828435749712920e-04 3.298243560009566245e-04 3.359273610767603128e-04 3.360075401883877650e-04 3.348450560744711943e-04 3.407386794460343094e-04 3.420222348338111283e-04 3.380240845845598708e-04 3.461038143362015016e-04 3.532743119070921064e-04 3.304473492258703246e-04 3.043999586184197351e-04 3.030883173505390452e-04 3.182596408150517283e-04 3.239734905418926655e-04 3.165372501023149248e-04 3.160061166560631423e-04 3.213562432613446254e-04 3.278076038010723468e-04 3.292852015114841645e-04 3.247484318623194803e-04 3.306571334285221802e-04 3.397243894362062260e-04 3.481693221023847017e-04 3.465064840105558700e-04 3.361895643837800292e-04 3.326794841484481159e-04 3.303245863290920530e-04 3.195997394713524786e-04 3.174769432784435488e-04 3.253366437655497287e-04 3.412425853424211363e-04 3.524214848663619103e-04 3.487167431580308818e-04 3.338857810966928789e-04 3.232045079316441774e-04 3.168095468414227657e-04 3.126975526902717141e-04 3.191740547087546474e-04 3.353944263296742894e-04 3.491533187179319793e-04 3.481063720943137390e-04 3.331552029705998723e-04 3.233853275279322198e-04 3.246782379242697065e-04 3.245536875309304567e-04 3.278710567090269384e-04 3.328412200936054031e-04 3.151397069771145793e-04 2.994686970287715609e-04 3.085063209465109622e-04 3.207505689257959770e-04 3.289010577801399805e-04 3.425715633634114328e-04 3.519424124335240726e-04 3.425973286011212886e-04 3.327112852598700533e-04 3.252109382555638849e-04 3.186724772939709895e-04 3.257340776913549181e-04 3.189669567220734803e-04 2.643212297863746399e-04 1.888324758699914670e-04
2.186056359797691989e-04 2.666687508121150783e-04 3.039553309229829853e-04 3.225267168665188998e-04 3.303762343341866674e-04 3.309251264058911597e-04 3.291987871246511042e-04 3.320972517459730281e-04 3.381958914012459048e-04 3.382770892117125620e-04 3.370658762963498270e-04 3.363792539486677984e-04 3.427023523039723039e-04 3.494728548361458569e-04 3.472490306788130008e-04 3.428563656539178415e-04 3.398624634446362571e-04 3.393059752948708835e-04 3.328573686489921801e-04 3.270351259685955691e-04 3.377457156687381111e-04 3.385998881964021978e-04 3.196020109709655577e-04 3.064077142236202103e-04 3.167778349096045799e-04 3.292147882893203033e-04 3.285608486338240054e-04 3.259411732584536472e-04 3.154903353153561325e-04 3.066047646279192835e-04 3.078747262838001097e-04 3.255505683581407959e-04 3.498137422717486570e-04 3.595378409401134940e-04 3.511386888001333836e-04 3.256103191382058197e-04 3.162989994107604343e-04 3.286878561192658988e-04 3.361537177578464899e-04 3.367961665079986246e-04 3.327730499417146841e-04 3.242435087171569334e-04 3.190942435762884975e-04 3.219381269275422815e-04 3.338293322268980155e-04 3.504110512975848490e-04 3.554519957640727150e-04 3.363877411031872310e-04 3.143353595810192622e-04 3.075017569104044257e-04 3.126259489049736627e-04 3.247724125232977752e-04 3.340577970125546041e-04 3.362782039119156406e-04 3.381217111521699049e-04 3.415223129487037629e-04 3.346097639679872682e-04 3.257546329900330414e-04 3.284804548028359889e-04 3.342088969316517897e-04 3.485469777623467075e-04 3.571893610262411815e-04 3.560927284321407428e-04 3.502335183143697557e-04 3.377599792947750222e-04 3.188609845288568976e-04 3.166766988368838708e-04 3.364192222209246778e-04 3.560500692672130671e-04 3.563600158938963437e-04 3.438095582762639097e-04 3.298725754062193510e-04 3.195905369131047638e-04 3.165805155934604039e-04 3.174447003235158723e-04 3.235092038710685007e-04 3.372967932715319086e-04 3.468399184695866179e-04 3.428854287097101144e-04 3.362194138048680983e-04 3.315889228901366102e-04 3.325419420102950722e-04 3.420372779012557235e-04 3.486975161395116903e-04 3.379429157933057024e-04 3.116355619347686758e-04 3.073701780384828345e-04 3.295272573536405999e-04 3.398018174125474068e-04 3.401441974303814116e-04 3.450924670240593131e-04 3.363928380352013744e-04 3.171982616498042343e-04 3.180468978723682491e-04 3.310799054198939185e-04 3.348906597657701342e-04 3.378074133114205430e-04 3.209625376937615799e-04 2.584191130866191370e-04 1.840996623009038039e-04
2.278926657870246255e-04 2.826409313141426847e-04 3.214881878064367255e-04 3.317632415160401329e-04 3.235161036676034024e-04 3.185034333519472455e-04 3.242356795642272393e-04 3.382141336327840761e-04 3.510021967444855017e-04 3.510447601842428197e-04 3.399557900520161794e-04 3.245560856669600582e-04 3.258696345006143824e-04 3.418276087532479027e-04 3.488434392993451042e-04 3.413392038995315559e-04 3.327978215937672140e-04 3.347943366632430938e-04 3.324892308917323227e-04 3.245402485560498805e-04 3.334138950953182464e-04 3.355635003081958449e-04 3.191507665029018727e-04 3.147940584343452753e-04 3.300930931423281590e-04 3.347171195238301785e-04 3.239152550727172116e-04 3.215315320236917119e-04 3.255125576281537995e-04 3.261183781607800581e-04 3.266356843247632843e-04 3.319725846405022825e-04 3.462284542620849446e-04 3.551449317812137643e-04 3.482394494283243876e-04 3.214961095212169650e-04 3.101843984356330349e-04 3.272773198523963091e-04 3.361673916517369295e-04 3.393883036909250929e-04 3.442398773431369239e-04 3.245378234601509920e-04 3.026741793614718106e-04 3.011463847825226504e-04 3.182557541821728030e-04 3.379471199608486635e-04 3.403415675756769139e-04 3.305681786280918613e-04 3.222415626934517496e-04 3.208981713375538619e-04 3.250512899624055695e-04 3.417809134731953843e-04 3.592093126657694511e-04 3.586615869441237025e-04 3.511069900379344016e-04 3.484242281802033122e-04 3.357874949044610969e-04 3.239053217511620461e-04 3.260489360992044512e-04 3.334624370568362245e-04 3.487029276428207361e-04 3.556262774933374986e-04 3.540795555231734514e-04 3.431720293206934292e-04 3.311379874989913352e-04 3.194492057081538229e-04 3.192496962295572074e-04 3.367948632262313417e-04 3.534137912610587490e-04 3.513243285159820765e-04 3.373062380612277937e-04 3.298574479430955086e-04 3.256200453251951923e-04 3.266879695599099356e-04 3.310532636833697249e-04 3.321767299775460740e-04 3.366647633828926799e-04 3.443586107762929439e-04 3.454605211910494276e-04 3.444480660608646976e-04 3.396631377664583199e-04 3.425790742137451491e-04 3.620562172593530092e-04 3.697753045187309536e-04 3.480079814350920536e-04 3.163960102784222489e-04 3.227903852438499411e-04 3.559102266093537581e-04 3.643305077096126903e-04 3.483219022138043857e-04 3.395890834321624958e-04 3.300145280918595774e-04 3.154924801871607123e-04 3.193032957107596465e-04 3.379770145723566066e-04 3.413453554326309784e-04 3.341603249907710693e-04 3.130476047639565236e-04 2.499342852819148408e-04 1.679457413000516900e-04
2.305472552600600783e-04 2.918855071019061764e-04 3.331946087116166837e-04 3.375940789973288407e-04 3.247894898275512652e-04 3.159493271572830827e-04 3.177420655684666528e-04 3.322393271703768516e-04 3.429785966415126934e-04 3.421502920426000593e-04 3.317788384653138560e-04 3.199870339081434755e-04 3.210072622630030879e-04 3.335241777252353264e-04 3.407102046949381192e-04 3.331806186553667136e-04 3.263956759200979359e-04 3.315003859705052116e-04 3.336547936089853455e-04 3.321827947179994012e-04 3.358622466530394955e-04 3.322680607859890734e-04 3.273655646682067585e-04 3.359415508752946816e-04 3.484639213600749597e-04 3.483418167747506485e-04 3.395307026599085534e-04 3.405265842388913817e-04 3.523771230755500406e-04 3.534512425515101957e-04 3.431811055109599607e-04 3.329430156446940773e-04 3.390395013418288006e-04 3.497600973099397408e-04 3.413694700577527084e-04 3.181640625690710300e-04 3.215277134720133487e-04 3.449460778388376437e-04 3.500364200455309311e-04 3.493086894371511377e-04 3.576558785799873168e-04 3.399607112923500431e-04 3.166570505011857806e-04 3.068122400561825629e-04 3.131319871133083233e-04 3.268319099714671848e-04 3.293266873019714235e-04 3.258038038639545116e-04 3.269951665727283845e-04 3.331739711020399036e-04 3.411703362053124114e-04 3.546322578370838391e-04 3.652428862146749923e-04 3.662471080860579451e-04 3.535509561392107761e-04 3.350912437980845112e-04 3.219532791283583788e-04 3.223617990940461000e-04 3.338631753880557480e-04 3.401984751868980745e-04 3.431359153846121317e-04 3.389277020279930731e-04 3.328878561509175486e-04 3.212552513119150714e-04 3.142841464177219832e-04 3.192814019866613328e-04 3.260209111833573892e-04 3.286398007724365689e-04 3.318802109870919474e-04 3.278300925765993646e-04 3.179826813737607100e-04 3.184682223808169141e-04 3.192927507127360531e-04 3.261864515789981100e-04 3.395747030041615963e-04 3.417444972411236553e-04 3.387863531878240308e-04 3.434597661906258707e-04 3.445542919949878759e-04 3.416200555263843247e-04 3.311269482945096497e-04 3.305480732789524119e-04 3.529892406607610181e-04 3.622219827928392167e-04 3.467166885189635825e-04 3.255698686171027778e-04 3.327447833260128301e-04 3.589510803477946469e-04 3.649157474596194254e-04 3.433458032835424393e-04 3.248539041566750958e-04 3.213352401657996408e-04 3.216676194849212413e-04 3.307573841407991850e-04 3.502088065788720164e-04 3.509667046045453643e-04 3.368035041285483621e-04 3.111165241283189329e-04 2.445852909201812458e-04 1.530918005264348563e-04
2.225871865999285988e-04 2.931025213792103675e-04 3.405621648551546837e-04 3.457237664134486929e-04 3.405506580251421982e-04 3.338469271314888250e-04 3.247922066905997111e-04 3.278927424752958557e-04 3.293885649961995768e-04 3.226564530128572025e-04 3.151840398420345480e-04 3.153204696161110367e-04 3.206564220508225684e-04 3.276872196199060914e-04 3.365235671117141735e-04 3.340090938580126366e-04 3.313988502515461450e-04 3.323944121272410417e-04 3.328517598360756797e-04 3.398268467323726887e-04 3.423388428241557640e-04 3.303425207753026721e-04 3.343617593450922635e-04 3.512791753714886210e-04 3.500288117941943158e-04 3.386105092089671865e-04 3.398436336625278772e-04 3.471179556898282498e-04 3.504639574468405286e-04 3.497704818058984619e-04 3.479931489799610719e-04 3.447498312175885631e-04 3.420078905937370701e-04 3.386727850406783371e-04 3.276489875762530254e-04 3.174314364685442672e-04 3.350899914245943339e-04 3.548703917109141616e-04 3.480826416269752299e-04 3.378017822817275554e-04 3.437322811760794576e-04 3.389705314867443877e-04 3.277006991758957787e-04 3.219517765350587567e-04 3.304867926201900293e-04 3.395023527230081259e-04 3.378951231590377130e-04 3.279960745519289156e-04 3.222664910574531984e-04 3.280371881008358414e-04 3.399830877136516367e-04 3.465425670559728463e-04 3.469169622469151339e-04 3.556864965586449198e-04 3.519996374349134761e-04 3.248774892897128043e-04 3.137342712034787572e-04 3.309263847478135200e-04 3.492218793446983304e-04 3.433211774154201388e-04 3.365488268328963571e-04 3.375155632034539631e-04 3.320402570301805856e-04 3.123689494718281338e-04 3.025942983259861984e-04 3.207690896375588684e-04 3.334377859279027945e-04 3.248853396078494552e-04 3.180414218997906295e-04 3.163757801778535605e-04 3.180805206535563916e-04 3.207643585022583910e-04 3.140218067627273098e-04 3.192365662598994078e-04 3.405782396998925481e-04 3.471704029469578623e-04 3.434546995027395674e-04 3.493987815871345357e-04 3.521401923522282477e-04 3.471349962436891343e-04 3.287882150199005361e-04 3.187915885633660850e-04 3.362762062985835123e-04 3.425180569677599256e-04 3.357817285165212544e-04 3.329368696477577627e-04 3.327138541948677225e-04 3.343112547095449644e-04 3.369614523508268687e-04 3.289163718157727301e-04 3.129651122096214870e-04 3.106552838789219560e-04 3.232385395257455292e-04 3.407075203549047161e-04 3.585706111393728362e-04 3.570542008326853755e-04 3.407448336746579285e-04 3.094910864297173957e-04 2.325224144556481670e-04 1.391044690321678698e-04
2.208233505627454278e-04 2.938519090410505259e-04 3.385794833684738128e-04 3.456204460691339291e-04 3.541483312814503359e-04 3.552459015867779637e-04 3.399624384675095016e-04 3.308689217071890919e-04 3.237572668137308693e-04 3.119503145088141404e-04 3.018736396384568126e-04 3.076330667569513941e-04 3.234004428470177374e-04 3.329512239041991679e-04 3.392116684569601017e-04 3.326995120188784615e-04 3.235788658405487107e-04 3.165770911848093385e-04 3.169427448494416353e-04 3.284984878606664544e-04 3.427285661696840408e-04 3.399582085320139360e-04 3.431718558701691950e-04 3.517201799324515070e-04 3.377160205529180950e-04 3.146653765179199748e-04 3.159873324726479322e-04 3.282761265646036452e-04 3.288485071884605752e-04 3.311698522318449632e-04 3.388311390715845932e-04 3.470853984376016119e-04 3.400805594099077026e-04 3.256092088522151776e-04 3.153127387249594514e-04 3.151045532903361517e-04 3.315967502114477885e-04 3.406283484195184348e-04 3.305281035549821524e-04 3.233394656208622491e-04 3.289855635450081935e-04 3.320673564941202657e-04 3.340655277587568158e-04 3.390643396251698163e-04 3.505907512031048367e-04 3.496644486623161395e-04 3.393379843490131552e-04 3.277274812470186774e-04 3.201380927268381200e-04 3.160673394314462829e-04 3.181798101036735190e-04 3.196524718637994665e-04 3.210675149839053674e-04 3.321818655918418791e-04 3.380045518810065905e-04 3.219854300698737036e-04 3.181828406091201508e-04 3.399882069861152574e-04 3.540353723668031847e-04 3.376907500329882732e-04 3.303593092533641407e-04 3.417042464026673332e-04 3.402969559166968416e-04 3.163753826337874263e-04 3.060045582662490040e-04 3.290184195858283618e-04 3.446637931216692957e-04 3.359333567360445237e-04 3.251402512957500177e-04 3.237101012602104514e-04 3.293007579989122081e-04 3.320757092561510242e-04 3.269625072296111551e-04 3.300269123346366313e-04 3.483268404257798979e-04 3.506712853749271303e-04 3.399229841004013097e-04 3.422181683639837066e-04 3.481738397157443281e-04 3.483706339806656813e-04 3.311135703907429513e-04 3.192194756527326222e-04 3.348644051441155602e-04 3.363335866298907350e-04 3.266468549814699430e-04 3.305927515292447012e-04 3.247906177360568997e-04 3.157890962465613070e-04 3.251651437297588699e-04 3.277914259459794081e-04 3.180298293144329905e-04 3.194592886470019356e-04 3.320421956869696158e-04 3.450026331125362073e-04 3.542903205174915602e-04 3.429743343188693680e-04 3.263224023720586158e-04 3.048994983130930690e-04 2.330101651889441411e-04 1.447180090567784180e-04
2.158329718916618791e-04 2.808931842221405219e-04 3.228560306767369213e-04 3.366505767371729633e-04 3.534320523002833941e-04 3.617468758395314633e-04 3.490578845387122976e-04 3.308433936337371950e-04 3.221237810681753123e-04 3.203905317104484979e-04 3.102815587185265558e-04 3.113918302935695217e-04 3.319893587184841524e-04 3.444592790651465099e-04 3.427190074521387422e-04 3.299239686752121242e-04 3.229151753499088628e-04 3.227123177343656289e-04 3.175435773171778335e-04 3.146709939734606892e-04 3.318330892587392539e-04 3.431835999485002191e-04 3.442242628369564803e-04 3.406196224920483720e-04 3.230899724355836998e-04 3.073604508604708225e-04 3.109954968915396327e-04 3.144691788973682199e-04 3.137562892407755322e-04 3.201753692861457334e-04 3.222176249663335351e-04 3.308688742162480619e-04 3.314478663653787566e-04 3.248200453882234230e-04 3.214035772702680989e-04 3.185948076767548560e-04 3.240055403915281145e-04 3.274861026851984399e-04 3.221570181973768725e-04 3.189436185733206296e-04 3.251797323210874361e-04 3.378701087175818010e-04 3.518397578462132509e-04 3.567088116792353943e-04 3.541311364215673357e-04 3.417696385361161941e-04 3.332619476076172180e-04 3.331924287947280816e-04 3.389090556590474432e-04 3.301183355674181040e-04 3.176284832455412142e-04 3.153518975945652537e-04 3.176654798414252356e-04 3.184506060191350093e-04 3.201378762554581278e-04 3.150040413991179880e-04 3.160328768368208152e-04 3.275888679760034306e-04 3.336865358364271800e-04 3.246746210297602256e-04 3.213133415972181141e-04 3.336855158637436636e-04 3.410687230867932764e-04 3.303374718222468458e-04 3.261827202522112816e-04 3.441570972789436268e-04 3.603866514702086998e-04 3.569113772298318022e-04 3.427593988079701438e-04 3.324749105900455613e-04 3.283795023742574907e-04 3.371193976037458080e-04 3.488551471686900151e-04 3.508648992378021075e-04 3.553183322709307966e-04 3.440819643095369400e-04 3.234468743361368229e-04 3.186339298975793179e-04 3.241026280467315321e-04 3.339353562998030231e-04 3.314301291540358444e-04 3.286999026018635897e-04 3.429346610549123412e-04 3.429423829522234776e-04 3.292145428330880324e-04 3.257569891073542516e-04 3.136475787038447332e-04 3.076672244870447509e-04 3.266926129880723655e-04 3.333646788625771028e-04 3.282036375990961350e-04 3.349519622850390317e-04 3.426624591262763110e-04 3.446391548464306995e-04 3.410707149313411913e-04 3.249216564858010926e-04 3.168179647134197708e-04 3.091411097648096278e-04 2.509503722343126562e-04 1.676051108507703273e-04
2.052959704201591387e-04 2.628882323387505822e-04 3.043443947356927665e-04 3.221417506039654481e-04 3.416057796695861964e-04 3.601294998318153081e-04 3.585321159342323228e-04 3.399383923144822482e-04 3.314111845643203042e-04 3.379942479093320500e-04 3.317330059426400060e-04 3.272944163430573073e-04 3.380400335792008984e-04 3.431811335621804326e-04 3.412548343932806337e-04 3.365169964582926439e-04 3.381927794048807134e-04 3.452736468897875041e-04 3.381781049416473996e-04 3.225097081046997792e-04 3.221145521178984646e-04 3.303379519435677473e-04 3.333020709006309082e-04 3.291934490137511790e-04 3.180591452738860589e-04 3.174422967730035523e-04 3.267111376017804302e-04 3.193743185467066807e-04 3.183953766240837707e-04 3.333815578724291318e-04 3.327645943143810615e-04 3.278389297703415022e-04 3.255753977044743190e-04 3.305987501223895319e-04 3.417254627269876118e-04 3.390043807101908663e-04 3.385661702590139158e-04 3.465706637820947572e-04 3.438605975775395123e-04 3.292136209570717528e-04 3.233446789982890039e-04 3.355566974649458077e-04 3.488475394474709621e-04 3.469631708461065134e-04 3.382713464902894910e-04 3.284867001453113146e-04 3.243692535981576889e-04 3.296326388911720133e-04 3.480247569914285801e-04 3.528944127633677828e-04 3.435383103661632199e-04 3.389258649174880112e-04 3.368783002128723390e-04 3.288120220389336617e-04 3.220107679785669860e-04 3.165384365011748294e-04 3.167490830029434526e-04 3.137677207114232189e-04 3.147359829880500221e-04 3.216961473465667016e-04 3.221800599767146028e-04 3.263966120664996530e-04 3.332460390603194191e-04 3.345041704617917710e-04 3.378397291503043055e-04 3.519936656400980972e-04 3.695314374249462908e-04 3.657281470068395957e-04 3.436710743937316636e-04 3.228119088677891850e-04 3.116134225310807342e-04 3.300150232427609236e-04 3.571499997873554084e-04 3.587967394008702684e-04 3.481475484531430212e-04 3.314705431559342337e-04 3.190924138477227879e-04 3.178127742566826380e-04 3.197980169994760354e-04 3.325289018829764073e-04 3.399517314961469244e-04 3.411406811422883277e-04 3.472342984994069713e-04 3.451837919092713312e-04 3.354497960143189468e-04 3.296774829716817533e-04 3.180665916882366960e-04 3.147958885146324580e-04 3.304931474448847065e-04 3.405488802094081609e-04 3.430090115108601042e-04 3.510212594451236142e-04 3.530816938521293873e-04 3.428535097168219784e-04 3.224627068349360986e-04 3.124827484308116774e-04 3.184242228462110338e-04 3.077765841653862591e-04 2.493603374989398309e-04 1.680226314901645337e-04
2.110027931205327742e-04 2.660049134883152333e-04 2.973317879992078399e-04 3.081086901585393932e-04 3.295393038411155743e-04 3.593069449372610254e-04 3.673371942150682051e-04 3.500493366980787151e-04 3.367393207102938957e-04 3.402366394924035298e-04 3.365506257074159149e-04 3.330976397048174102e-04 3.396384110092663514e-04 3.356617499369206792e-04 3.278846304783127530e-04 3.290931527400737643e-04 3.365777374123072284e-04 3.509987345712115188e-04 3.561226634027683780e-04 3.454405998932496853e-04 3.299573851171291850e-04 3.272754070318092717e-04 3.302304090354008610e-04 3.275806557108592036e-04 3.248142848613342118e-04 3.349866426325614306e-04 3.483224422028083096e-04 3.411193982822663504e-04 3.396318413031797516e-04 3.535334715955227290e-04 3.524657936882287946e-04 3.386383282650290297e-04 3.274713729998646877e-04 3.290405325365595079e-04 3.432792854428538061e-04 3.449577130327581196e-04 3.476759499674288113e-04 3.663873196087999570e-04 3.671609721894343722e-04 3.445199209574024610e-04 3.298820012971597914e-04 3.345984828290262964e-04 3.420916461660728392e-04 3.362174729660441334e-04 3.324368842234271980e-04 3.331061604245714189e-04 3.232852043867391742e-04 3.158253477819498783e-04 3.268178534348001232e-04 3.404796278852393297e-04 3.460905794086230379e-04 3.504693963562754457e-04 3.534811074518775815e-04 3.507476905597418167e-04 3.424801092864135105e-04 3.315560564814613214e-04 3.286563133408300407e-04 3.192755117895570722e-04 3.211053379843997681e-04 3.402455239547834019e-04 3.412275721184833844e-04 3.279559872310537421e-04 3.233079809590326450e-04 3.288823850794453407e-04 3.368128183988543549e-04 3.488795412079015380e-04 3.629883051022784178e-04 3.572792356410446060e-04 3.319537395303158488e-04 3.085799877470370633e-04 3.014596477644588407e-04 3.232739088214122303e-04 3.505036675837980851e-04 3.532967558522420834e-04 3.378304043087916424e-04 3.274337905730055186e-04 3.317193699569218274e-04 3.364749248264233060e-04 3.368998513124136715e-04 3.462632326857735098e-04 3.445402374315501741e-04 3.377004038294403421e-04 3.379012499161026129e-04 3.363170798258501796e-04 3.319740558180722407e-04 3.313054803605362873e-04 3.251403505776440843e-04 3.185562326746479446e-04 3.221246075166940906e-04 3.300848067809829148e-04 3.387770845287743464e-04 3.462488088431652520e-04 3.496025119370723419e-04 3.407704374253096294e-04 3.196189415788218847e-04 3.159551572859638550e-04 3.269901548163447330e-04 3.116479166821417264e-04 2.444793637328299086e-04 1.596545759776570484e-04
2.250199023480319829e-04 2.845600608522162235e-04 3.100923817485364670e-04 3.092986470878346557e-04 3.206286480298048869e-04 3.430533659831718927e-04 3.490440744935005752e-04 3.353219784241467396e-04 3.254715014057480045e-04 3.289957265813264124e-04 3.287493944217898044e-04 3.321281451865228541e-04 3.455070234430294160e-04 3.407108372071158443e-04 3.220205597200605663e-04 3.147681313834490885e-04 3.202353748783143576e-04 3.393887433761971165e-04 3.549899063303694775e-04 3.540401401838450739e-04 3.451603988385241735e-04 3.427211714992552680e-04 3.358632631129183270e-04 3.262390783567055419e-04 3.333390724775647362e-04 3.506205482235003426e-04 3.600694051619191764e-04 3.540555149036764835e-04 3.504182101260440245e-04 3.543706062243563151e-04 3.515199466872994142e-04 3.442255994093562752e-04 3.330700994544099117e-04 3.226093926145891288e-04 3.237432944348605330e-04 3.277369336175437018e-04 3.353047140292912871e-04 3.515515601966355758e-04 3.521366894838378800e-04 3.397668846529492835e-04 3.350010075617793548e-04 3.326520113964852765e-04 3.323024480989488199e-04 3.304423137866660488e-04 3.390936621653396505e-04 3.525460819638219284e-04 3.395875930771309441e-04 3.190503368334741746e-04 3.100218529940305034e-04 3.097338498456925411e-04 3.209510845529844978e-04 3.389488082093900867e-04 3.555804461807312309e-04 3.603885149053326787e-04 3.465643903813307746e-04 3.297867265090284909e-04 3.358619328848300016e-04 3.358860984036043593e-04 3.287460303642504881e-04 3.415145774838065527e-04 3.511899855007553440e-04 3.346414726369984914e-04 3.172937513749768445e-04 3.189931327047410762e-04 3.302522639450473051e-04 3.420738085445170678e-04 3.483772784523584765e-04 3.420520777972655075e-04 3.286848433572211754e-04 3.179513929320074801e-04 3.173814832861879135e-04 3.329890518832956262e-04 3.424057976302267319e-04 3.335554364952301250e-04 3.229416355178802746e-04 3.267745276323320847e-04 3.383382280480318866e-04 3.424914147095251275e-04 3.467163647816844108e-04 3.540266396260760779e-04 3.355864919575425966e-04 3.171946716966550831e-04 3.143712620999875767e-04 3.174606815408854543e-04 3.249504954617660809e-04 3.350462527464258700e-04 3.319316902010101050e-04 3.211562901633402542e-04 3.215629300905521650e-04 3.227544269676663755e-04 3.253947624552940053e-04 3.283521978253672153e-04 3.394052154351098359e-04 3.449512050512421242e-04 3.348897473636866691e-04 3.310802449797604170e-04 3.399502517615940987e-04 3.267785637672827566e-04 2.541969774140110999e-04 1.664344283640516945e-04
2.292315249173301306e-04 2.960548465748883383e-04 3.314677142087944306e-04 3.280076471151871791e-04 3.226380494690593115e-04 3.239669343341422493e-04 3.237293229852560841e-04 3.197013151042651436e-04 3.198135006739487069e-04 3.187786512196087046e-04 3.176260544476740147e-04 3.321651138267888576e-04 3.511935701783660798e-04 3.463550110295902321e-04 3.284100390103681863e-04 3.205979904689976656e-04 3.217920918789688410e-04 3.297795398512269691e-04 3.389761141143222143e-04 3.407304745252918076e-04 3.453564678288680977e-04 3.485641521664490836e-04 3.315951601607576614e-04 3.197272159656258184e-04 3.341217967311284950e-04 3.488676953220955744e-04 3.495025335255027101e-04 3.430153627252008493e-04 3.390301892733444322e-04 3.418301923589353109e-04 3.436856029216421235e-04 3.432956574149588144e-04 3.313995729834457544e-04 3.152319252750920234e-04 3.109788724655731520e-04 3.212810439478918506e-04 3.352336147732869589e-04 3.381214227009943620e-04 3.284056770772933584e-04 3.259586697644014362e-04 3.310576174404114601e-04 3.212611793950200922e-04 3.123497448126675560e-04 3.169586380262966684e-04 3.343628874888705826e-04 3.505988531802388397e-04 3.443406821186357721e-04 3.294764957232616896e-04 3.140078813483357205e-04 3.020915588235592499e-04 3.051737269676712823e-04 3.195218178147352225e-04 3.432972976037941505e-04 3.537408363905388702e-04 3.358805793251468715e-04 3.196894027263625748e-04 3.448057278773546922e-04 3.620837594510646672e-04 3.431586001178842430e-04 3.391461164899305710e-04 3.534481619627727507e-04 3.459967796071093367e-04 3.222831525964914637e-04 3.144825345808716912e-04 3.229942737536572800e-04 3.308844830653824391e-04 3.329524762309174599e-04 3.301773066364875435e-04 3.307845921509671317e-04 3.317465774827055942e-04 3.327445076494378378e-04 3.405368272492098961e-04 3.369910083701903097e-04 3.149218049702384855e-04 3.050102710288864899e-04 3.177945008505502020e-04 3.296820240731376675e-04 3.346888390470642268e-04 3.440560404861235958e-04 3.519786978117581079e-04 3.319133209864013907e-04 3.131605850047410912e-04 3.056769793701073160e-04 3.065882147849017777e-04 3.156557704422184043e-04 3.295464180540805623e-04 3.329582531712845612e-04 3.264409086904016227e-04 3.303131257334594988e-04 3.295465980848141557e-04 3.286558723677602406e-04 3.283179371354785466e-04 3.420929275246560966e-04 3.561760433862474345e-04 3.490440871966526363e-04 3.378698255298646013e-04 3.446652801091263448e-04 3.368993870275884591e-04 2.669719522956574939e-04 1.787894452699939976e-04
2.241282780854632459e-04 2.892903647925376383e-04 3.340736759939503218e-04 3.389277889490039351e-04 3.325300341796269999e-04 3.283200331337984400e-04 3.256456867450233193e-04 3.216141231781234231e-04 3.205964356038701725e-04 3.155202777748720207e-04 3.204570052215206018e-04 3.422510665820645281e-04 3.521686389015655301e-04 3.357581822779838509e-04 3.203492881609067491e-04 3.248551892591933655e-04 3.343892103301340465e-04 3.330729303390927770e-04 3.261891032643893934e-04 3.214400101952354831e-04 3.297077277345767483e-04 3.313189036597733545e-04 3.170774819318928034e-04 3.156348859636045300e-04 3.324027892691776092e-04 3.437400907946917914e-04 3.406129022734518189e-04 3.321752147734091101e-04 3.279989605142801727e-04 3.336347197354185869e-04 3.385010618267413215e-04 3.433325715935567324e-04 3.355702877778008169e-04 3.146153443188412025e-04 3.111153045232854862e-04 3.324540374808407904e-04 3.532599297925220283e-04 3.435364717288651973e-04 3.168907164666890470e-04 3.169413288462770320e-04 3.318169870553071407e-04 3.259163996341743193e-04 3.166643620994321197e-04 3.181349736201166852e-04 3.262784027878115091e-04 3.323044092410603733e-04 3.384307092978465015e-04 3.443583990804423701e-04 3.358029206204485350e-04 3.197843558805943485e-04 3.021095555439548639e-04 2.968885937314899516e-04 3.199939531758254027e-04 3.420402314370150042e-04 3.389660415041773804e-04 3.270468355099383608e-04 3.502043356632795709e-04 3.714539300066591358e-04 3.560434074096837948e-04 3.478096259635753834e-04 3.586180454584745507e-04 3.581619283315398564e-04 3.347373085239352310e-04 3.229027412030438938e-04 3.323309158088773394e-04 3.341063442828932938e-04 3.257783661600634076e-04 3.218558465359917646e-04 3.262388788633265859e-04 3.310856050216113211e-04 3.358409794052914701e-04 3.399086770928736161e-04 3.341674382306434113e-04 3.139590519813997014e-04 3.066873723371472656e-04 3.201185925063870395e-04 3.257487427996850950e-04 3.321488049963943509e-04 3.463836738907616277e-04 3.574908652317468393e-04 3.479404465140998161e-04 3.373688352629882229e-04 3.304668457603863845e-04 3.259645418503015913e-04 3.227326925193023193e-04 3.271052959418425986e-04 3.286304910770545119e-04 3.221351061719421468e-04 3.265214977103260505e-04 3.337178479304277797e-04 3.427642077208207551e-04 3.468526850223384197e-04 3.574624555645031275e-04 3.666750316063295415e-04 3.551930587737689047e-04 3.357195046629514587e-04 3.351273960088703950e-04 3.264753168324180019e-04 2.633473738722944360e-04 1.809134406814234754e-04
2.288272396777694625e-04 2.850055805868678747e-04 3.242512470979610800e-04 3.267331239769634106e-04 3.239819280312804988e-04 3.303516116995424681e-04 3.361977094156796226e-04 3.387724000011361515e-04 3.394379706172061793e-04 3.306411556223779477e-04 3.352081523195366832e-04 3.537699958430274324e-04 3.531814751905920538e-04 3.282450369546114212e-04 3.100941228756450051e-04 3.210578195156258514e-04 3.414674587786147367e-04 3.412906222041565854e-04 3.247682710402645780e-04 3.141303323382642516e-04 3.143306118922392775e-04 3.078702881462629993e-04 3.093328018359832975e-04 3.196370362229860392e-04 3.312243183787681451e-04 3.406672473915251897e-04 3.410083426958278904e-04 3.377450438006425557e-04 3.330641607850549695e-04 3.323050294390766891e-04 3.370703111677232308e-04 3.482072144025829359e-04 3.456366706353573826e-04 3.205053562229223706e-04 3.144698805775131972e-04 3.398151021812518885e-04 3.625086040668906847e-04 3.519266341704476732e-04 3.229887176391398095e-04 3.233811965537839632e-04 3.392634856650762103e-04 3.353196840304999322e-04 3.265047868597613519e-04 3.275828303349124083e-04 3.298585870726000453e-04 3.261251670342140687e-04 3.387304175168383540e-04 3.583790377640792228e-04 3.595853792898671400e-04 3.449560733663123695e-04 3.095063533724949764e-04 2.900526321608143171e-04 3.121509429524056364e-04 3.402170483777902437e-04 3.462196388958750475e-04 3.280754726301426429e-04 3.296723676106422143e-04 3.438521715010058478e-04 3.403045465137910768e-04 3.410785296095783362e-04 3.537233556838189469e-04 3.577047684473170391e-04 3.374011936995367474e-04 3.287681932133706573e-04 3.448252195192226706e-04 3.457611441578534997e-04 3.232029805245647809e-04 3.117332671680739242e-04 3.180627295952712205e-04 3.268381509426864949e-04 3.358231021020358781e-04 3.393988863251182035e-04 3.347259325475984595e-04 3.265232438762030905e-04 3.267763523331247829e-04 3.327720120985036816e-04 3.256670421628493541e-04 3.295510920121609956e-04 3.455127637974004032e-04 3.583501051496549433e-04 3.552725467641825504e-04 3.470785589298791725e-04 3.454661779046154122e-04 3.455260912425375851e-04 3.452057259454942685e-04 3.459054436648832361e-04 3.365175579903313934e-04 3.217593092435764050e-04 3.173952872357466279e-04 3.248570683865407440e-04 3.406246546683180205e-04 3.513118625314517367e-04 3.589084028626745486e-04 3.616170365565581318e-04 3.527802504259681775e-04 3.342421325833897449e-04 3.287384222634956226e-04 3.160584851680381521e-04 2.519852439290342326e-04 1.714656888968072606e-04
2.370595381071765153e-04 2.960738610920036866e-04 3.253071565272479173e-04 3.126927951631703283e-04 3.051752309939471464e-04 3.179293877939181777e-04 3.340687934621226936e-04 3.482817981477667182e-04 3.527183277514163049e-04 3.366106635533248534e-04 3.304498435336221504e-04 3.441737391503058756e-04 3.521957161701725074e-04 3.367794739562599221e-04 3.130925783969165199e-04 3.169642069126263383e-04 3.360471134695200380e-04 3.406581324461152496e-04 3.294611650936024399e-04 3.188557344605285780e-04 3.120141073705873539e-04 3.097666149671793410e-04 3.306061413045404416e-04 3.464934607046950060e-04 3.449343326939249008e-04 3.406244251272874148e-04 3.356200719265076257e-04 3.348315866433137404e-04 3.284617270258919069e-04 3.220040797912537660e-04 3.293954104931568405e-04 3.416229050334442137e-04 3.382911704527084298e-04 3.179443511973717115e-04 3.114902311695054004e-04 3.303370393609805040e-04 3.510509091008465719e-04 3.501975414614695277e-04 3.364716064339621539e-04 3.384368489545321176e-04 3.465374139370842681e-04 3.410884051348588453e-04 3.303890694188794963e-04 3.347529119393984629e-04 3.407795203980498863e-04 3.301935563790429906e-04 3.308618177729181239e-04 3.462441384437692530e-04 3.588827881661196470e-04 3.619269054803375099e-04 3.374264571661137130e-04 3.118941496936198645e-04 3.214227881820237980e-04 3.379603138076727690e-04 3.330594943853864946e-04 3.144925104936580713e-04 3.107562983356715195e-04 3.169203342211495572e-04 3.171380072540562001e-04 3.218361931401313158e-04 3.355895597031571548e-04 3.439196706715701851e-04 3.336222731464489255e-04 3.317872257310586822e-04 3.465264814902027386e-04 3.455405814032554840e-04 3.227062119051121334e-04 3.142707469462284594e-04 3.226861958778177433e-04 3.318587146267905027e-04 3.355880863058665871e-04 3.323144842194657969e-04 3.297335088908645291e-04 3.339232372271354180e-04 3.366317201027117225e-04 3.273309423490860506e-04 3.111687716447264821e-04 3.116634489638603388e-04 3.211317207223133175e-04 3.365923893759993580e-04 3.423892066830059059e-04 3.352992975869942749e-04 3.412788581663770250e-04 3.489893189913186727e-04 3.552434625276268084e-04 3.635024954579973598e-04 3.560541811237541952e-04 3.379390895397323905e-04 3.184798071114851065e-04 3.060592360435622646e-04 3.127156864369076174e-04 3.270467727547887596e-04 3.346295536132432719e-04 3.350935238146919917e-04 3.343826307034534779e-04 3.224422805473226104e-04 3.162984818001533891e-04 3.024650648825948735e-04 2.410702686449406513e-04 1.614116205238442527e-04
2.198241351788694288e-04 2.907200054779036751e-04 3.246356858439891158e-04 3.145554987919138047e-04 3.115097846723319545e-04 3.257695605461726884e-04 3.442794105391638231e-04 3.548754543494351838e-04 3.478119543017380087e-04 3.253619693500380949e-04 3.140585431863691284e-04 3.251480241942601322e-04 3.460971103883311970e-04 3.466890712827182947e-04 3.238897862787609066e-04 3.180842364196762614e-04 3.297145893020628172e-04 3.383433415677478909e-04 3.336075671235477552e-04 3.220243449508286082e-04 3.173786833711440651e-04 3.290326632067235783e-04 3.533092604236181644e-04 3.657349552594580072e-04 3.547101080684193905e-04 3.364170132860158299e-04 3.249506574467525403e-04 3.225870258528467120e-04 3.189981891728501523e-04 3.181350097764848407e-04 3.249003427701411921e-04 3.291592955703003692e-04 3.246589886751538112e-04 3.147777882751798565e-04 3.136949122548895715e-04 3.228341532685742978e-04 3.345238649416245984e-04 3.392948810818620592e-04 3.390116012524704023e-04 3.460059898543643058e-04 3.531060647584640571e-04 3.451057622749887461e-04 3.332477556447240421e-04 3.394573884111979929e-04 3.450807595079795082e-04 3.260391378398599417e-04 3.102069021951370026e-04 3.189795632720943282e-04 3.432763395250618176e-04 3.639275277383923206e-04 3.538367904231591132e-04 3.274581403435262235e-04 3.271968107050636032e-04 3.326300271915864307e-04 3.176982201118824355e-04 3.132136470022109332e-04 3.297752966954805003e-04 3.334596246430684236e-04 3.216716609491175301e-04 3.107493196120558721e-04 3.164992819688553080e-04 3.317093153272090240e-04 3.341596000563167522e-04 3.315642242441949484e-04 3.367606652160177083e-04 3.424931107947384304e-04 3.375851498952622733e-04 3.340953043236167814e-04 3.369800478452061117e-04 3.466822061384068664e-04 3.469982952888104938e-04 3.297512561843965939e-04 3.231901730574600188e-04 3.380225206347396900e-04 3.429603509132189568e-04 3.192682831150947835e-04 3.034214958677538209e-04 3.057929622286458720e-04 3.024483965533890590e-04 3.121503182969660121e-04 3.271874799442601664e-04 3.288576361160998980e-04 3.393248982229609681e-04 3.455471936464921557e-04 3.482260385646302587e-04 3.599323048720917467e-04 3.580274939738427526e-04 3.450366764955088705e-04 3.279350974898823882e-04 3.078300573273815423e-04 3.064055511833837023e-04 3.216583799933318334e-04 3.267490169531659609e-04 3.193889855222164999e-04 3.194059382391565421e-04 3.168515515325705289e-04 3.118319595502485470e-04 2.926029569157203702e-04 2.328445453152176324e-04 1.509611122794040023e-04
2.136459126344893481e-04 2.897362756358521068e-04 3.312546683881874721e-04 3.294226738505843860e-04 3.276579467413198049e-04 3.369225387641830850e-04 3.553147954866927053e-04 3.573662562728742529e-04 3.385779369357693738e-04 3.182042580128688737e-04 3.093812604974220930e-04 3.153223836608878231e-04 3.315831844494279397e-04 3.365996235705827908e-04 3.277702454137111773e-04 3.253987683557996299e-04 3.366194359399412878e-04 3.504320672024859484e-04 3.481928868413650905e-04 3.321602797043155539e-04 3.263670723748565835e-04 3.375585029271893785e-04 3.450184616635870206e-04 3.467383776928189415e-04 3.409808257860236051e-04 3.297429297983573955e-04 3.257715046736360878e-04 3.225535412287943121e-04 3.180128730525822183e-04 3.227354787461295918e-04 3.305152642137252554e-04 3.276254500724176026e-04 3.215753426940241421e-04 3.244205452127306086e-04 3.353019802998382466e-04 3.410312344825591237e-04 3.401421280832646267e-04 3.395011819077341296e-04 3.409561349065838489e-04 3.519727736345907264e-04 3.599988150090525875e-04 3.433633039538743978e-04 3.237732711554156852e-04 3.249086453869583940e-04 3.268119972996252464e-04 3.108109522215820892e-04 2.986949216911213845e-04 3.083208338110943365e-04 3.330683236489452668e-04 3.501636260218065656e-04 3.372056189727950376e-04 3.210612345889125125e-04 3.263371547263964117e-04 3.247423872571041938e-04 3.063860440421059712e-04 3.202630580677180532e-04 3.629726492792781085e-04 3.705266283701270187e-04 3.426942674378704559e-04 3.111947387934108772e-04 3.078309670708610931e-04 3.290223657661137894e-04 3.382056363257451934e-04 3.321957092841497242e-04 3.343915904809322340e-04 3.540548468065600083e-04 3.580544327777163442e-04 3.405589435844430307e-04 3.332441774230629049e-04 3.491416309258104809e-04 3.522114680240614071e-04 3.279755207008078731e-04 3.223742490071981079e-04 3.430649720003586941e-04 3.497357088713936028e-04 3.277680114718944894e-04 3.194385136290767840e-04 3.223726362017897864e-04 3.066614770509430298e-04 3.009495142028626976e-04 3.154369653519326078e-04 3.252125111388577640e-04 3.302156862794476807e-04 3.270098342139480955e-04 3.298651848215455873e-04 3.459634777484137677e-04 3.474833603383936111e-04 3.383776369856946083e-04 3.323918118352257498e-04 3.267621676091663190e-04 3.248161974194767234e-04 3.268216970167895892e-04 3.250004457645911315e-04 3.211308557679274246e-04 3.229129002012686312e-04 3.257604302195136851e-04 3.213118057608315521e-04 2.947531454433664723e-04 2.308749182547827571e-04 1.462197147708122033e-04
2.286063750479093546e-04 2.977177650578125348e-04 3.377728921156904207e-04 3.400188413050508895e-04 3.385506276034842268e-04 3.444644070353630435e-04 3.613514513150646286e-04 3.606358390013205588e-04 3.448226457441389329e-04 3.319783183669232905e-04 3.233064283470561597e-04 3.183999991214660338e-04 3.208238931026280135e-04 3.239071662128507347e-04 3.293820046511980720e-04 3.295326912153410969e-04 3.349133428698392338e-04 3.536774037974869792e-04 3.623143521947989605e-04 3.524119156777392103e-04 3.432329517168233065e-04 3.401417221348884755e-04 3.272385047567162282e-04 3.171977682505831234e-04 3.229131614004103197e-04 3.313970975916025359e-04 3.359103924197996455e-04 3.323269633074157989e-04 3.254209470666011251e-04 3.315887288496205333e-04 3.439047965850803613e-04 3.336375451053859775e-04 3.163149802664352384e-04 3.239358432603450366e-04 3.441870288130353213e-04 3.496509934471989231e-04 3.399226004419096149e-04 3.325686210642566547e-04 3.347478525157485726e-04 3.437457618119931640e-04 3.512550871428619069e-04 3.397729213004032755e-04 3.156216018592771302e-04 3.141780949375183769e-04 3.265755698466922497e-04 3.269127488892286824e-04 3.240753648621586100e-04 3.270082332306258901e-04 3.409444873015535812e-04 3.410251061658631645e-04 3.134315374484579995e-04 3.080195789431926278e-04 3.250984137108463528e-04 3.236271433479009831e-04 3.050051438816739477e-04 3.205135219122953088e-04 3.635896035464368861e-04 3.718748099492208761e-04 3.474977731096410812e-04 3.173223156942827088e-04 3.104574595107606992e-04 3.308431064504313047e-04 3.407370348822291858e-04 3.342980374792403229e-04 3.351496911839061971e-04 3.554004203040885901e-04 3.559873888700050364e-04 3.288712614081040417e-04 3.161291339253442388e-04 3.336540628084595653e-04 3.413549677608842723e-04 3.195138008037511665e-04 3.150706329546749777e-04 3.331216598193582467e-04 3.522269757296060243e-04 3.555950624397739455e-04 3.489306402102262581e-04 3.419518902050850545e-04 3.243577654812558001e-04 3.096487604003514502e-04 3.175519278625161049e-04 3.320524708958606059e-04 3.311207058970151718e-04 3.144937408087942988e-04 3.156359013352705626e-04 3.405269089450731375e-04 3.496189062123885487e-04 3.401434003444121345e-04 3.414182562510345684e-04 3.478992507792533586e-04 3.392550273135947489e-04 3.253620223118859471e-04 3.275689025300967516e-04 3.384030488321034327e-04 3.358661339458137904e-04 3.300931610567451420e-04 3.257185475881801094e-04 2.978991731926750063e-04 2.349195589665625350e-04 1.546866521420484412e-04
2.454334525928520642e-04 2.983689869407776113e-04 3.278978486563078882e-04 3.324165406635115573e-04 3.398153861874306518e-04 3.493153203008073603e-04 3.576664709389092622e-04 3.591561243153182544e-04 3.589677168892485603e-04 3.507494219456512964e-04 3.372916105586403011e-04 3.264495646290410365e-04 3.246395125234978105e-04 3.317852503931030300e-04 3.432931833926429173e-04 3.360389122995522922e-04 3.259977791332054520e-04 3.379198162513076488e-04 3.521530210692416351e-04 3.586498462068122509e-04 3.613701007751061057e-04 3.531560456663477968e-04 3.302951200143402436e-04 3.126809648676347046e-04 3.212854623794930762e-04 3.460588963307789125e-04 3.517164646253649477e-04 3.440334452334219530e-04 3.371159901989076511e-04 3.417016570398023669e-04 3.533795691337145682e-04 3.362546650315255859e-04 3.118817716795301356e-04 3.169643252499505987e-04 3.330717060695830055e-04 3.358533486055841760e-04 3.236002108257858166e-04 3.137904761234646994e-04 3.193085125516188501e-04 3.254313134635739404e-04 3.347593211972140739e-04 3.391206001848291827e-04 3.246384673664483625e-04 3.271158824962039900e-04 3.474432774515996323e-04 3.574481455647275457e-04 3.593561958647161761e-04 3.562329716078001295e-04 3.617311544129557391e-04 3.454597249258314407e-04 3.030398037963290400e-04 3.033538243122978033e-04 3.337199790216331934e-04 3.341537574484263655e-04 3.119577690731468230e-04 3.114628970883525846e-04 3.357850209628231771e-04 3.466699106021537639e-04 3.424623047413800545e-04 3.326193361444628859e-04 3.283994150866870253e-04 3.382981743734646751e-04 3.381912049707649177e-04 3.273963391724636412e-04 3.267117935800978312e-04 3.431517596367113167e-04 3.461506843115483832e-04 3.297853449516229040e-04 3.199266786041331180e-04 3.344756669076459545e-04 3.478701507192495960e-04 3.279081232411564482e-04 3.102367464703262821e-04 3.170181297690513188e-04 3.483934040623974833e-04 3.689579022402629136e-04 3.555250747576519819e-04 3.411455819000159119e-04 3.373778921529518079e-04 3.349999111018581253e-04 3.377689332293039564e-04 3.417242308572328085e-04 3.333056102642283601e-04 3.143575842482022528e-04 3.106602508237497201e-04 3.335203919416647976e-04 3.495216395732967112e-04 3.430088571291193145e-04 3.445021361415714889e-04 3.487249428568881763e-04 3.389624212949686357e-04 3.326427607477998967e-04 3.431098136713636010e-04 3.548336785362082683e-04 3.441706588870169746e-04 3.345914225122686297e-04 3.336869515722530989e-04 3.038861420368994511e-04 2.377162860999086419e-04 1.565120633284150032e-04
2.308358643836450996e-04 2.800819407419054947e-04 3.127061119125131624e-04 3.201142559000408816e-04 3.302451191602210853e-04 3.403662819194984207e-04 3.371806722053838790e-04 3.392419128196257679e-04 3.559735133272112382e-04 3.597084458100614258e-04 3.484078729931635579e-04 3.359811493452962827e-04 3.299407062579201230e-04 3.365544776112318988e-04 3.495237533496703191e-04 3.421024031615088959e-04 3.254731284538871271e-04 3.245978544333854091e-04 3.319870652805258357e-04 3.413803205195025010e-04 3.473806530016703667e-04 3.438618264067069483e-04 3.329333601344075305e-04 3.196515702410460125e-04 3.219689694482276996e-04 3.457731979194832769e-04 3.528324549383254818e-04 3.451564298655895760e-04 3.365403005695698571e-04 3.362041008891472919e-04 3.422814898800167040e-04 3.317673713167872238e-04 3.227101894597749409e-04 3.281095244164467222e-04 3.336999026269372960e-04 3.312953482953381055e-04 3.172362420633807159e-04 3.131201248147547338e-04 3.240436140086906669e-04 3.255709447347723611e-04 3.324108557061282942e-04 3.441347406094976205e-04 3.387052956987391663e-04 3.339073433018177866e-04 3.415556667352314833e-04 3.479548512192275197e-04 3.495657901131522371e-04 3.484937121138450633e-04 3.558730035669952635e-04 3.443282144149215551e-04 3.136472833254900366e-04 3.221458391741607429e-04 3.561479788922721629e-04 3.561596851957137422e-04 3.308264409364842043e-04 3.060968387362579144e-04 3.061764130589032340e-04 3.248405015133787451e-04 3.365841634456954697e-04 3.375124252407011487e-04 3.319232932119746925e-04 3.308542515294666348e-04 3.266015827483117768e-04 3.255780754006603033e-04 3.349329883294875567e-04 3.422333293632454998e-04 3.320603209864894656e-04 3.210880854077513189e-04 3.241717235612144674e-04 3.443801040019093315e-04 3.632750453742462785e-04 3.441812802241519240e-04 3.105327614875032357e-04 3.058378108680764526e-04 3.368935086001728293e-04 3.507696796608885661e-04 3.314688228991307458e-04 3.222203400287644917e-04 3.331130186694851274e-04 3.475223217260129207e-04 3.489207211136377291e-04 3.365972476452050183e-04 3.214775038986787768e-04 3.151516333044973909e-04 3.203860379127271350e-04 3.394743485141751838e-04 3.533106857566830098e-04 3.459583475486642155e-04 3.381506761147448723e-04 3.274632798466137152e-04 3.245950223661951640e-04 3.395841689425696574e-04 3.484883921249687681e-04 3.441590482857492827e-04 3.331837829159369673e-04 3.367072921699887237e-04 3.429063650121648345e-04 3.149803476323604755e-04 2.419371210564079649e-04 1.492780334636457571e-04
2.011019863234929025e-04 2.655248372406125061e-04 3.106319338347457654e-04 3.203567944128431189e-04 3.326359876639686927e-04 3.410258033434074841e-04 3.251602683333391745e-04 3.193779231988296951e-04 3.383694217180021387e-04 3.546760018362522370e-04 3.516298134926495490e-04 3.372636338569019428e-04 3.256633192249413101e-04 3.272260700110164212e-04 3.356573890709247309e-04 3.324111631053275969e-04 3.226046670032947086e-04 3.222307725982410899e-04 3.268980601103241073e-04 3.285618603648803602e-04 3.249781609352189998e-04 3.269712073343138993e-04 3.345390103589580659e-04 3.236464915475756711e-04 3.164907796058914541e-04 3.316418687426668120e-04 3.403931660094396800e-04 3.376526168242083813e-04 3.303940272458096884e-04 3.265882228620337838e-04 3.293614309566949378e-04 3.343035684579026990e-04 3.426018038932666194e-04 3.461354254962247532e-04 3.445012750753700752e-04 3.429884434907472896e-04 3.326284938377150387e-04 3.331697556281611378e-04 3.444301432871069049e-04 3.428673398417963689e-04 3.406244298179997515e-04 3.446565163909480565e-04 3.395957000216205755e-04 3.239235826585655422e-04 3.194117282020395433e-04 3.218624154198078359e-04 3.196926214924507119e-04 3.206538583752874694e-04 3.290553068685576638e-04 3.257424119776903648e-04 3.176656447594195356e-04 3.385515440266831638e-04 3.732493183613443165e-04 3.784316090256453812e-04 3.600579825568179159e-04 3.250202706449383471e-04 3.073801233527822000e-04 3.216294188582376245e-04 3.325786816084159081e-04 3.319804430726560956e-04 3.260779654273290927e-04 3.256287880894403390e-04 3.276219017580463263e-04 3.329523650485367208e-04 3.446282667637655720e-04 3.491485002626416672e-04 3.333467815233413659e-04 3.141855910399188583e-04 3.230161928675598934e-04 3.513289307164297963e-04 3.669641173062420910e-04 3.460031689483822489e-04 3.129849717845905525e-04 3.080838278587650042e-04 3.310616904490684773e-04 3.311105867322496651e-04 3.172859868261447211e-04 3.241061338416056079e-04 3.378417848951429867e-04 3.496316046195904379e-04 3.442506404218999652e-04 3.264500744919768705e-04 3.171878925954334087e-04 3.231571431585468349e-04 3.352252993930137205e-04 3.475458928813526154e-04 3.524488326549209756e-04 3.433242273318051763e-04 3.314363571708412999e-04 3.157860319371109167e-04 3.183328825300669302e-04 3.432055873033134220e-04 3.464587383699653305e-04 3.276997281309184957e-04 3.153860914590941151e-04 3.263336377769343404e-04 3.384329397901606243e-04 3.169228639856991455e-04 2.433218074226870973e-04 1.495951685139017598e-04
1.953153065415488409e-04 2.724537892628239627e-04 3.229765185039935307e-04 3.331520007405307086e-04 3.472515094259828695e-04 3.515084744580891868e-04 3.283575656815970918e-04 3.167949706648163360e-04 3.303240697438174960e-04 3.474056475911893984e-04 3.487591271824463501e-04 3.332703062304508135e-04 3.200604227353309478e-04 3.235668508601501981e-04 3.254984980446730142e-04 3.205960740550913013e-04 3.189755362430333639e-04 3.290898369806734280e-04 3.406328554139716994e-04 3.407770045050551358e-04 3.324896655208975545e-04 3.329726319625609049e-04 3.476023272241904219e-04 3.405181926937494606e-04 3.280113170200631015e-04 3.310164187996663364e-04 3.323667502153016201e-04 3.306175234721436796e-04 3.268271771126084538e-04 3.184538903031844284e-04 3.146046201449882165e-04 3.306912059891587092e-04 3.497124609668883196e-04 3.493111125227045229e-04 3.402810638377311118e-04 3.453244890161986718e-04 3.476461159186296874e-04 3.456799560442161737e-04 3.485689150912808548e-04 3.512710055536176295e-04 3.469283316323023853e-04 3.415133058629000518e-04 3.325199495179173960e-04 3.134246346605636590e-04 3.138588517465996583e-04 3.261396867549438494e-04 3.234454482746669567e-04 3.196252690485384702e-04 3.171374152703191045e-04 3.093742393179199288e-04 3.114931585163504711e-04 3.395888363627510165e-04 3.767516863797760259e-04 3.825342039394131208e-04 3.651663770103464376e-04 3.366845634063794562e-04 3.214712611536508276e-04 3.274441119148437432e-04 3.365103834154899382e-04 3.369202588821114874e-04 3.331282478714823721e-04 3.345220965441747475e-04 3.360830865356250613e-04 3.319186703007796736e-04 3.324220575056729900e-04 3.463515066076547572e-04 3.486788523744690192e-04 3.264976748023345901e-04 3.322598477076468132e-04 3.567596402936796260e-04 3.547125136033587103e-04 3.301877944222368850e-04 3.134028072952876453e-04 3.181460957657081343e-04 3.351007222821159124e-04 3.323489052980497377e-04 3.243540863772632031e-04 3.326264771248858615e-04 3.419938330407390004e-04 3.515682419370443654e-04 3.413620449011842270e-04 3.224593689965626724e-04 3.225928251398924116e-04 3.315307424206028787e-04 3.348596226636246678e-04 3.352290352680193384e-04 3.327591946272323705e-04 3.273415983675163248e-04 3.251224338180283297e-04 3.205879771865388249e-04 3.233621190588716466e-04 3.394161271375943341e-04 3.399799872763660936e-04 3.272287224890733882e-04 3.173514569493840433e-04 3.206128176785785593e-04 3.284223274945677947e-04 3.088296279555377685e-04 2.409146398399985070e-04 1.577486015301461772e-04
2.042415142601778158e-04 2.793852255429378918e-04 3.321710754304587287e-04 3.462010315849819455e-04 3.543189756443478142e-04 3.503810234921575246e-04 3.313519617413711316e-04 3.233098832065324090e-04 3.284375873113628457e-04 3.334765268165037003e-04 3.364270207632227209e-04 3.276991764539123348e-04 3.221922882560152024e-04 3.385818146311162695e-04 3.430827578646723644e-04 3.329502101384936171e-04 3.259381407156334903e-04 3.356138300410445373e-04 3.536067538158551302e-04 3.606970321521466602e-04 3.521084683030608915e-04 3.458239725051549503e-04 3.619997838216232767e-04 3.643252063747536907e-04 3.451419556487521703e-04 3.314156478237777464e-04 3.307775905558277990e-04 3.353710494764283777e-04 3.295476721707357596e-04 3.106837939375831233e-04 2.992632449505424046e-04 3.166625315620738698e-04 3.379052580640694607e-04 3.374045267437316645e-04 3.256964151967336497e-04 3.273479547180775120e-04 3.338677194475878291e-04 3.320863145269902731e-04 3.292279470194977306e-04 3.342515771742959147e-04 3.364653126397187314e-04 3.391275866588010679e-04 3.321176865752200084e-04 3.161757272178416373e-04 3.288442585136693583e-04 3.495624928385234484e-04 3.453887614940260057e-04 3.388582885252837840e-04 3.287407683820737342e-04 3.152332594153965488e-04 3.109029151384098207e-04 3.260192841561745393e-04 3.496661215896007969e-04 3.443849771059349419e-04 3.248841485796864249e-04 3.138733549411918300e-04 3.151062314949204025e-04 3.224926904041164333e-04 3.352544921712085181e-04 3.400263718295758100e-04 3.418512149712887123e-04 3.429599309318323206e-04 3.344224615856991514e-04 3.216680159149512661e-04 3.151853567856177044e-04 3.283325877070622425e-04 3.396983094531721113e-04 3.308361649288907910e-04 3.413733344135843478e-04 3.566585628431207834e-04 3.443427271448695217e-04 3.208371548399129502e-04 3.145331509887633542e-04 3.244363636485732717e-04 3.370315792013608698e-04 3.367156732414454661e-04 3.284485371430683701e-04 3.254753176986951340e-04 3.305119277754534892e-04 3.447593536325094894e-04 3.400418084108659377e-04 3.223156380604739156e-04 3.249255953827329124e-04 3.375098455808972367e-04 3.362332382855112408e-04 3.244101344060861068e-04 3.156783016866128748e-04 3.205233103703779111e-04 3.318209938803140719e-04 3.317173112804548446e-04 3.282669851540633791e-04 3.344148963323768107e-04 3.384562409128858860e-04 3.357708695295271491e-04 3.319834689566891783e-04 3.300047733438882290e-04 3.308741988889777599e-04 3.139915132225668849e-04 2.501754135623553100e-04 1.700426374914512520e-04
2.186926799140433738e-04 2.801045554399827315e-04 3.264314145666868255e-04 3.406262979939616610e-04 3.404618995054011182e-04 3.346043128433065549e-04 3.273501523805440704e-04 3.247041029816678847e-04 3.240024985928832810e-04 3.258317076057504202e-04 3.329406333638745244e-04 3.232427871052261092e-04 3.224597037673165422e-04 3.560416195145453240e-04 3.746549586086909966e-04 3.611248744149972174e-04 3.355833204336770717e-04 3.289001528716922187e-04 3.453697113482621884e-04 3.595983802445083333e-04 3.485698037000843109e-04 3.370893569997662808e-04 3.564371654627372914e-04 3.634377838081830547e-04 3.346459360334722542e-04 3.185512806013222138e-04 3.338517064231899360e-04 3.473464095372686853e-04 3.391868700911642668e-04 3.190490948162858593e-04 3.109931564308570599e-04 3.232882420062963219e-04 3.342733383969151472e-04 3.306551124735245374e-04 3.200103787329955612e-04 3.189538311631163808e-04 3.269190537907527274e-04 3.278384437003688734e-04 3.177138395133249178e-04 3.146566907719091461e-04 3.230944268747691552e-04 3.377771249318168331e-04 3.372047280161235335e-04 3.328141188617015842e-04 3.496097980853959128e-04 3.605533115523598675e-04 3.510264556822527784e-04 3.487189898700703830e-04 3.473832460440454801e-04 3.455608424343122693e-04 3.339434951774340071e-04 3.235063623440390394e-04 3.260139627125857543e-04 3.146359670978591096e-04 3.007542901825207811e-04 3.011795555106780366e-04 3.105443107508297452e-04 3.209287697625519322e-04 3.335301103960084832e-04 3.395299666994075699e-04 3.457526971599767266e-04 3.459885154240655513e-04 3.298315629463639972e-04 3.198503550593416239e-04 3.175286246327096778e-04 3.179102019648579478e-04 3.180267128861577735e-04 3.213317303395504506e-04 3.391365827996796370e-04 3.498309268002824913e-04 3.450114897403412650e-04 3.318517386727475667e-04 3.257314657831165061e-04 3.298443819292371871e-04 3.363041707097886419e-04 3.363121849811768213e-04 3.297568611636540097e-04 3.207667601543288038e-04 3.189896459996234687e-04 3.307511351992001476e-04 3.389703222806231568e-04 3.325107529958855335e-04 3.371669569930344228e-04 3.590769260436905714e-04 3.591639572515956612e-04 3.338088028962471541e-04 3.126036871682586578e-04 3.191581987685177544e-04 3.411660897664145226e-04 3.458100592517530242e-04 3.391726711227238526e-04 3.379355718589230448e-04 3.416818428372422022e-04 3.384155280151489699e-04 3.330508514015991699e-04 3.326987116731151654e-04 3.383362332194552033e-04 3.288766337526497787e-04 2.629331035295108358e-04 1.768817478503142981e-04
2.274380921355124627e-04 2.767586791643448759e-04 3.165601631995147930e-04 3.303381316005934401e-04 3.279086986703387248e-04 3.249464391810102460e-04 3.249183971291110581e-04 3.262291115956816802e-04 3.286321468383968363e-04 3.320615766136866256e-04 3.381103060387397876e-04 3.223312416716008909e-04 3.145533945279584478e-04 3.488170645649476447e-04 3.810107501291710584e-04 3.716058772775173444e-04 3.327627976689969454e-04 3.072127534550574178e-04 3.120681305964924227e-04 3.284644362016597989e-04 3.258791425733721095e-04 3.210110006071306178e-04 3.377164476950671656e-04 3.398140101576226503e-04 3.116665017146333198e-04 3.075908673349526121e-04 3.348535993697806688e-04 3.536291114139440955e-04 3.514879509730609768e-04 3.419265264321541542e-04 3.436803001078189831e-04 3.497010593841813337e-04 3.421240307935579359e-04 3.251171155946709721e-04 3.164204205869643270e-04 3.253194800151711866e-04 3.407604363433978933e-04 3.454698479190007414e-04 3.319644031499724120e-04 3.236065742737569573e-04 3.304091439822691282e-04 3.415349384316654921e-04 3.384721539219736177e-04 3.378819953108548927e-04 3.495158157867426867e-04 3.448975482940522925e-04 3.332688980987211593e-04 3.375415517258513248e-04 3.478552271674559032e-04 3.637353660699221098e-04 3.617114161102593338e-04 3.405865456602051524e-04 3.317856204902988127e-04 3.268713901526960745e-04 3.259738437590194854e-04 3.262591977284976050e-04 3.258373627098298808e-04 3.267876542754806230e-04 3.328383139518990516e-04 3.412761164247775912e-04 3.468429847575077809e-04 3.398233682146692067e-04 3.239291121484178665e-04 3.262812358535765664e-04 3.345853128337369789e-04 3.282940634733930163e-04 3.141232289868544627e-04 3.115534685335300653e-04 3.257200233673547009e-04 3.401805620027419097e-04 3.500691051204395869e-04 3.485060833380766200e-04 3.403981774253352229e-04 3.338433075373180487e-04 3.349333450242219612e-04 3.419492461478379811e-04 3.426716312912398907e-04 3.303432832953735201e-04 3.190151603071804745e-04 3.212391920345211162e-04 3.372580533521446445e-04 3.424339281828990360e-04 3.496189578215795363e-04 3.731422123214994929e-04 3.701154183986750433e-04 3.396615060584039485e-04 3.146468501360796116e-04 3.178731541720197524e-04 3.431045687148858402e-04 3.567707043091624926e-04 3.528894482066745764e-04 3.432503369198676782e-04 3.400402305560691401e-04 3.368144809751850858e-04 3.314588781901109870e-04 3.302157021326522805e-04 3.363747227738547252e-04 3.264681036777084596e-04 2.548723469158031135e-04 1.636812984988807174e-04
2.210041753528909671e-04 2.662111475458631984e-04 3.123811793179856748e-04 3.333751598491646248e-04 3.306450065958191223e-04 3.291307420844489726e-04 3.320164155459296709e-04 3.294454648222415027e-04 3.319338911355887911e-04 3.295206175016807864e-04 3.273224751317948102e-04 3.177949272401907029e-04 3.079205360204119142e-04 3.248089271548235081e-04 3.555680070545800186e-04 3.599156742267883174e-04 3.285995313360254733e-04 2.983891013792605964e-04 2.913420871226153185e-04 3.011535201784560495e-04 3.095946135114216284e-04 3.170476769214198394e-04 3.284266422186964520e-04 3.274475029653186155e-04 3.137425896674336887e-04 3.165234245811561270e-04 3.326960857319966438e-04 3.452505040332233240e-04 3.510732667093249587e-04 3.555951761365467537e-04 3.609662538018414135e-04 3.556714479674488380e-04 3.354036070123055059e-04 3.159758008006961771e-04 3.153988295288617165e-04 3.323855768800547221e-04 3.518218645725089541e-04 3.566321917395526850e-04 3.432675601065311071e-04 3.327041396299009217e-04 3.329900246420003764e-04 3.385374752124142069e-04 3.323440992578645023e-04 3.302355770444104222e-04 3.381588868642032477e-04 3.267407622975021997e-04 3.193137469463080253e-04 3.262966911473086633e-04 3.339513462655809071e-04 3.509902184623612913e-04 3.621012009873986887e-04 3.497575379644863452e-04 3.403365639908586290e-04 3.443684221002552004e-04 3.582789269217023309e-04 3.590817302282255162e-04 3.404906675433230692e-04 3.233065799960517126e-04 3.230521192002630462e-04 3.319492858042149869e-04 3.334592995481878291e-04 3.248099277295772016e-04 3.184666214707447085e-04 3.311663170531569831e-04 3.440060100414021708e-04 3.354428049133263440e-04 3.177668870318034033e-04 3.090760775606738462e-04 3.181715485711825251e-04 3.377407389174400952e-04 3.526942374765579171e-04 3.515621891674466058e-04 3.417659396030797540e-04 3.326954799685219433e-04 3.343705828731858730e-04 3.480259000577029180e-04 3.510259148500376658e-04 3.369626524376681314e-04 3.276599756535145775e-04 3.271795030940037726e-04 3.343971131563453544e-04 3.367405524508606434e-04 3.390625101403251657e-04 3.455742504031081557e-04 3.410950649488809897e-04 3.298993444110716365e-04 3.248387562393167559e-04 3.336828611195063977e-04 3.536471471689892456e-04 3.639118933166605183e-04 3.531328290486230800e-04 3.350882049040922704e-04 3.307868538457491101e-04 3.363043956845071297e-04 3.423021223045186754e-04 3.402824745832226747e-04 3.340099917780407356e-04 3.150560891822397997e-04 2.414846638509529218e-04 1.491233450358337548e-04
2.210608602205183805e-04 2.637798047784181785e-04 3.088792988155661173e-04 3.342957897225537055e-04 3.409234468627855732e-04 3.477953536148349232e-04 3.493139739538714044e-04 3.352353051151414566e-04 3.333822272784622864e-04 3.307650255375534174e-04 3.263716855542572932e-04 3.232512311043659356e-04 3.164540497823342094e-04 3.188884406578888406e-04 3.395890606532406806e-04 3.571967178840436061e-04 3.390696057271690546e-04 3.110261765459484875e-04 2.956652728816669927e-04 2.959924417339616053e-04 3.109932124449501633e-04 3.282303500810762088e-04 3.410915030490726846e-04 3.392110695562875031e-04 3.309683312128373282e-04 3.267902155657619436e-04 3.224923284780168288e-04 3.296854145588998209e-04 3.476400402417193251e-04 3.583522993200734339e-04 3.508927129381286727e-04 3.347498603963975370e-04 3.179610771008269305e-04 3.070709385494041553e-04 3.144335676607836437e-04 3.305912776783122894e-04 3.466720617707202837e-04 3.510325788926586723e-04 3.416357161838504152e-04 3.291659563574033959e-04 3.259893017316195605e-04 3.334580360539129117e-04 3.340798534154462056e-04 3.347723064525479075e-04 3.374674711175522368e-04 3.256314506842876867e-04 3.235302058455552694e-04 3.259870619893305739e-04 3.188629815136926390e-04 3.223267696628798196e-04 3.355524164836251773e-04 3.369549822531685453e-04 3.361862988680828796e-04 3.441875442513953921e-04 3.611269444918897798e-04 3.659466009552243002e-04 3.429562093918071168e-04 3.232599746976199274e-04 3.287980876634934808e-04 3.339058897172047591e-04 3.252657662359022934e-04 3.150727546263898133e-04 3.171703857703839268e-04 3.348610528413205030e-04 3.419209705615674274e-04 3.282997723449931861e-04 3.244029889557502474e-04 3.282439779888401748e-04 3.313843214970790645e-04 3.405935206194818073e-04 3.473526653501721921e-04 3.422120149530505665e-04 3.346044695548850562e-04 3.287818355313424593e-04 3.289202366651574304e-04 3.358424214881297045e-04 3.353721475391703479e-04 3.312340488537206772e-04 3.353169066035093871e-04 3.366814953076172653e-04 3.368860196869834884e-04 3.416270549200400332e-04 3.384665011432963977e-04 3.189707274112043678e-04 3.092355827681918744e-04 3.230066549356832455e-04 3.382301444221785542e-04 3.458389168373533838e-04 3.542432937033280051e-04 3.517726377973257827e-04 3.324619607109893186e-04 3.175162108451530778e-04 3.240325671283241513e-04 3.379611266261251792e-04 3.501554815066935640e-04 3.473503023101032336e-04 3.328578247197482107e-04 3.056545252976983901e-04 2.316201487685697101e-04 1.416177771274555091e-04
2.336428311943349555e-04 2.817470677913498970e-04 3.151359973944247795e-04 3.303049954721484121e-04 3.436994570202964346e-04 3.556169278871456501e-04 3.522391519382758848e-04 3.364951872075040793e-04 3.376091892437728327e-04 3.417696097430005702e-04 3.405473190832441653e-04 3.327113344247439940e-04 3.224959211562526294e-04 3.233323801503374924e-04 3.408107945213158566e-04 3.594927350569152849e-04 3.462487021206551909e-04 3.208341716740809686e-04 3.053585036586942722e-04 3.022478785518185429e-04 3.166120194148680663e-04 3.375296409319175519e-04 3.599665771450998074e-04 3.636254678424976142e-04 3.445238520000155772e-04 3.248655108388500898e-04 3.161037546128809498e-04 3.240978810312714542e-04 3.449300294278034211e-04 3.516697701568472422e-04 3.350778164383585739e-04 3.229525268058794580e-04 3.137167706612206198e-04 3.035001767728535754e-04 3.156001233541329797e-04 3.299020133274362413e-04 3.344264545156478557e-04 3.361945337590752959e-04 3.387759376842353065e-04 3.352456349876262480e-04 3.321094027060001938e-04 3.339880867601659068e-04 3.328858285891651576e-04 3.328763854481699798e-04 3.323847305154925200e-04 3.265930210540180347e-04 3.304748900440692425e-04 3.311961948365683929e-04 3.180343984444887993e-04 3.112969858386731422e-04 3.188615092227530846e-04 3.276878983575821263e-04 3.344487065840742301e-04 3.366632572896265194e-04 3.416308271234961527e-04 3.465418418938079380e-04 3.342095329381300668e-04 3.293487112507198110e-04 3.479308145954823064e-04 3.523594210472105574e-04 3.381106631592704719e-04 3.242886290924906073e-04 3.225628395661220608e-04 3.366697736653350825e-04 3.409783250416107878e-04 3.337608541892801294e-04 3.469672908458007856e-04 3.579490188512761558e-04 3.484658625410417968e-04 3.379162416549257334e-04 3.366244360527029461e-04 3.304082053716998150e-04 3.229940577321665997e-04 3.240907333315101767e-04 3.302602423351635183e-04 3.338387203139597760e-04 3.298265635026595421e-04 3.311491312766567377e-04 3.374752643528400775e-04 3.372204237970100721e-04 3.390334792751113291e-04 3.522739146352097533e-04 3.498531794880342573e-04 3.201854503422344898e-04 3.089041022896555147e-04 3.359364117742727777e-04 3.547697745230688404e-04 3.453101719781728990e-04 3.413255849694593353e-04 3.384477487713311462e-04 3.270469898360836482e-04 3.190751093032346934e-04 3.237328123597112617e-04 3.315286405200558732e-04 3.394990135829720375e-04 3.403606417017690337e-04 3.324340502851423108e-04 3.019142185445966142e-04 2.271713615507198344e-04 1.420036380576389259e-04
2.437664598107097680e-04 3.056784737121552055e-04 3.344715829247789526e-04 3.337107404665047095e-04 3.396591789291930445e-04 3.473099354672371658e-04 3.411955497542820031e-04 3.339417176999510983e-04 3.449729258891502106e-04 3.514328171704775988e-04 3.468442977472368204e-04 3.315508771503513849e-04 3.199186472814896198e-04 3.270777096077085843e-04 3.447696467082556103e-04 3.522618554353094825e-04 3.432140105234457732e-04 3.284206393458514377e-04 3.213196760677477690e-04 3.238791696722765614e-04 3.293120756198128279e-04 3.355573544355605446e-04 3.524129680302462127e-04 3.673064867084599623e-04 3.539591888841400898e-04 3.313963325925579559e-04 3.250364195238662312e-04 3.244420113185056301e-04 3.297844689449298838e-04 3.295138682581733405e-04 3.193199928908237411e-04 3.196664346631551039e-04 3.195201484919891078e-04 3.157777126345303210e-04 3.320316552499350871e-04 3.426565927422230281e-04 3.381083246790881356e-04 3.328760488521142645e-04 3.325263841784615931e-04 3.324709707018668348e-04 3.335703535331520191e-04 3.336475673860207747e-04 3.265467368543825645e-04 3.218105409737466579e-04 3.256335681445379033e-04 3.322502829263000897e-04 3.367450206541556341e-04 3.320777685309233207e-04 3.225214695693486662e-04 3.191189050532719268e-04 3.219926389819538319e-04 3.299333287137223934e-04 3.385628851023448119e-04 3.354349248526576881e-04 3.297659354579704559e-04 3.308445471106731236e-04 3.287750438730266400e-04 3.317043914909187244e-04 3.479056949039349288e-04 3.487392777895514896e-04 3.389082746876977874e-04 3.345130906490588842e-04 3.330162005763075139e-04 3.385630797051187571e-04 3.400846921290057384e-04 3.420466117624651600e-04 3.600703173862441174e-04 3.620140442665186939e-04 3.436332589961269349e-04 3.287514889010675900e-04 3.316289063747214147e-04 3.249900228032307024e-04 3.074841732385783888e-04 3.142340392240099861e-04 3.362524295241579864e-04 3.475009957254671295e-04 3.417178514268303605e-04 3.300600874301805212e-04 3.201809502410599248e-04 3.205786971469680490e-04 3.374585837893565986e-04 3.605257263608365988e-04 3.564582216774694933e-04 3.283912104495836839e-04 3.234801946389470086e-04 3.518497157737469666e-04 3.670924171599858777e-04 3.446808613615423003e-04 3.333533034353160901e-04 3.400306322432690323e-04 3.468246413094334805e-04 3.390737971176397553e-04 3.245745743885914314e-04 3.207081440755059267e-04 3.236681269893124492e-04 3.253289468360041859e-04 3.222222291224702837e-04 2.988520081901910970e-04 2.345386220935042699e-04 1.569096562761722118e-04
2.292102829067868737e-04 3.024363613869589891e-04 3.371131246674521388e-04 3.363507406841412077e-04 3.386508249230447140e-04 3.378332808065639308e-04 3.312451310476427664e-04 3.346526737493613762e-04 3.514146901406179735e-04 3.562983155115361238e-04 3.488951770215363178e-04 3.337006497563189868e-04 3.246038147557377259e-04 3.277246403390017613e-04 3.392175745024119532e-04 3.428830253190980992e-04 3.441622123027510247e-04 3.423545799966477236e-04 3.396763206763759885e-04 3.489451590702427912e-04 3.506509274247015823e-04 3.394567038241215126e-04 3.351504496693445538e-04 3.473780691470876531e-04 3.498881058301828552e-04 3.423785896446871423e-04 3.410725783410809616e-04 3.300449133544252809e-04 3.180907246672090376e-04 3.068186447949654023e-04 3.068649850496990442e-04 3.257119015122239341e-04 3.374607028296407163e-04 3.345559883390034094e-04 3.404339795522001071e-04 3.510948375029916907e-04 3.497038127122836836e-04 3.340471609554473975e-04 3.187714582279438445e-04 3.212873773838003863e-04 3.363384699946179220e-04 3.417771821108603857e-04 3.282664112286140046e-04 3.174957280445336720e-04 3.247839424685608056e-04 3.405980723192072708e-04 3.441404665283891032e-04 3.277093338099505227e-04 3.148980924956045792e-04 3.190364154145737519e-04 3.226882275388547939e-04 3.309157416689365375e-04 3.452417813072631734e-04 3.433646231524946943e-04 3.264059775535704160e-04 3.155834343231795030e-04 3.194543730412768455e-04 3.290600011009717956e-04 3.345085318167575323e-04 3.277315464860600146e-04 3.259268325471371161e-04 3.317589853732081360e-04 3.331118636069195678e-04 3.319714357779055924e-04 3.275814638830133480e-04 3.333692972412077480e-04 3.547403800352523810e-04 3.532758269696888078e-04 3.310386394546883894e-04 3.195598776489374333e-04 3.319437988979582208e-04 3.341736723003990543e-04 3.133977449435603781e-04 3.154339171727735475e-04 3.451593193870698445e-04 3.636910826301624489e-04 3.537434009900960585e-04 3.253111962255942073e-04 3.033124322035376879e-04 3.084746938668823956e-04 3.399541717466904420e-04 3.657453551698629235e-04 3.530694181505621533e-04 3.289033955788276883e-04 3.303359347908346516e-04 3.478534010878550587e-04 3.540780887589590792e-04 3.336213050312753945e-04 3.269804286745368839e-04 3.375166462139275823e-04 3.528928268395166629e-04 3.481651386034588947e-04 3.260101710229692282e-04 3.219659617405125980e-04 3.234170336921457500e-04 3.151938534882904206e-04 3.098817780047111343e-04 3.017441309774788116e-04 2.500454140820179238e-04 1.725366253800124676e-04
2.085254139068527888e-04 2.857157057938301977e-04 3.262233071542669158e-04 3.387397325549550749e-04 3.452308245187037192e-04 3.343227581528231433e-04 3.240020556470054420e-04 3.313274599299876168e-04 3.437591524746843675e-04 3.453597828905966417e-04 3.449636239947176017e-04 3.420688836304865491e-04 3.353311529202587229e-04 3.254383618255117690e-04 3.305905798919208500e-04 3.456806210865270542e-04 3.517653285308637318e-04 3.497636890255958076e-04 3.442727724381264417e-04 3.486432536085560738e-04 3.536005445021393702e-04 3.473096181509555168e-04 3.344174064438721499e-04 3.315408836665959653e-04 3.360994184867138377e-04 3.441491423426895841e-04 3.501512319596786129e-04 3.401688994257251551e-04 3.227268922876080177e-04 3.006207746116658038e-04 2.984306763087435192e-04 3.235209335270851621e-04 3.391038402861571658e-04 3.324636488455728835e-04 3.249588328882259728e-04 3.367170504082168210e-04 3.449985263070866771e-04 3.294023294896019586e-04 3.113118077359800862e-04 3.183827450217769934e-04 3.432797401018962630e-04 3.489541679431525014e-04 3.328303603167590647e-04 3.226313733012069846e-04 3.299343541357172677e-04 3.473406425864210495e-04 3.484436293836406747e-04 3.246138593768561529e-04 3.111751151850097657e-04 3.201413281497059995e-04 3.269782935381137503e-04 3.398556892796181011e-04 3.563207657997386488e-04 3.508542692347495651e-04 3.261812353143179305e-04 3.097545473841422205e-04 3.162626158560685502e-04 3.321903059175036798e-04 3.349671251265896790e-04 3.297406777374860569e-04 3.372284765771765033e-04 3.383305236891343969e-04 3.261434903487580011e-04 3.163729539445021529e-04 3.151582383687522070e-04 3.306344941213261099e-04 3.576136785184046629e-04 3.589582411894083310e-04 3.287128440219198389e-04 3.109758351958136690e-04 3.254512649771332646e-04 3.395851991241334101e-04 3.318650796512394698e-04 3.308895399654916540e-04 3.536866706754472275e-04 3.691114163213839259e-04 3.547820625681267787e-04 3.254795463565848031e-04 3.109467064909604474e-04 3.183381709357045427e-04 3.402400824566369588e-04 3.547652476060556091e-04 3.393946743050958877e-04 3.227202988421769975e-04 3.265770579013480370e-04 3.327966001135546103e-04 3.316592022170326056e-04 3.241062808465847611e-04 3.253514401288720237e-04 3.289300533199344696e-04 3.403809740252890714e-04 3.416819043565482903e-04 3.294718674206409750e-04 3.352737867239875781e-04 3.406542329023392549e-04 3.241180615756477680e-04 3.129339365025885790e-04 3.094026948620923613e-04 2.553404719796107270e-04 1.695901874426564561e-04
2.051762136490256107e-04 2.796667995433299017e-04 3.164836175508863492e-04 3.298323490253925270e-04 3.357854341118866404e-04 3.247743765817749911e-04 3.165425254860446038e-04 3.267876708351690309e-04 3.392979450806287876e-04 3.394467143585524842e-04 3.438326753840657011e-04 3.508265466737616432e-04 3.430083065662406071e-04 3.238111145340641112e-04 3.265575222990197866e-04 3.484427540462162231e-04 3.484328073680845249e-04 3.436998617786520644e-04 3.430864818400012088e-04 3.406369325183600662e-04 3.423119638544975542e-04 3.459944625901334838e-04 3.405165479447590281e-04 3.313039791853638911e-04 3.271943460203984759e-04 3.336961533182634379e-04 3.407687560916827264e-04 3.399798364313885799e-04 3.317930429478145073e-04 3.154376248022767656e-04 3.050631907750529846e-04 3.127095438611291909e-04 3.255369722031133378e-04 3.301797077071204432e-04 3.216185355515090876e-04 3.237283224201922306e-04 3.378373977623461838e-04 3.348454308655959247e-04 3.194577151681806315e-04 3.234449528473008870e-04 3.453937375458454064e-04 3.454871958554482951e-04 3.309170569938455321e-04 3.247278221285302075e-04 3.285463092450590121e-04 3.415643609504262707e-04 3.438000606908962731e-04 3.310097569848405893e-04 3.286253568301835976e-04 3.333987996438400169e-04 3.325015804732321645e-04 3.476188458354684567e-04 3.658346524967755718e-04 3.573744420423042743e-04 3.320265158253021451e-04 3.190995669693003816e-04 3.252312022609738559e-04 3.390530145449885532e-04 3.434648180648711916e-04 3.450229011131007544e-04 3.559889588619941526e-04 3.508622233999012961e-04 3.256812036265340111e-04 3.091522088675092094e-04 3.187184430431119699e-04 3.426226500820150748e-04 3.593652117824151174e-04 3.533419999277913012e-04 3.191882504853380724e-04 3.004487344827466841e-04 3.151723887532284041e-04 3.329869558029723725e-04 3.364296549709617037e-04 3.347201454248789469e-04 3.382914998089839179e-04 3.443858356330008414e-04 3.374739193951837093e-04 3.262200482770583531e-04 3.326492020331040791e-04 3.430512308398837537e-04 3.446933251029148321e-04 3.425628425948317205e-04 3.328071233218537735e-04 3.232435064218401404e-04 3.242313139559175987e-04 3.276019589994071850e-04 3.268093447070238920e-04 3.229941483867455497e-04 3.215812888724669995e-04 3.239986949611637409e-04 3.351042795625134066e-04 3.407484125181688595e-04 3.337799667420322152e-04 3.322261205725708351e-04 3.380071493593359662e-04 3.321834064524518829e-04 3.249698518482298519e-04 3.177929697116711055e-04 2.557795607554870531e-04 1.662072234768133109e-04
2.088923279783003802e-04 2.836720220528260407e-04 3.163855869077116401e-04 3.161410325052136164e-04 3.202774279061875850e-04 3.243482943588632582e-04 3.271144669823435676e-04 3.379983629306404546e-04 3.458391073968196481e-04 3.411159380804597904e-04 3.415410809829453947e-04 3.481604997102002216e-04 3.384213121871624511e-04 3.196178714637533868e-04 3.223430669376270452e-04 3.356498093216665800e-04 3.282752788279081333e-04 3.304204464464231220e-04 3.428537343113638360e-04 3.368385809466633912e-04 3.271212778471104866e-04 3.333013962788676163e-04 3.365587680061222792e-04 3.320394306464299308e-04 3.259315032175014214e-04 3.262159426883954228e-04 3.339100194308273150e-04 3.445811849191378362e-04 3.485173789372700281e-04 3.421397955916496742e-04 3.321170526990168542e-04 3.243604149045819281e-04 3.276184631325282652e-04 3.399229211105796178e-04 3.350224044014880778e-04 3.276162150888277456e-04 3.378322634766380093e-04 3.423585163905223201e-04 3.322868090382276839e-04 3.329876014320772384e-04 3.442643755653040580e-04 3.346731138030746696e-04 3.221456385376942093e-04 3.230998049497368885e-04 3.300592449389506923e-04 3.406180941880592047e-04 3.394777393743875910e-04 3.324679890475241376e-04 3.359569393943840515e-04 3.341630038743754897e-04 3.248064282642419611e-04 3.355664708161435915e-04 3.510541991645360497e-04 3.517105404795274311e-04 3.413159059424240188e-04 3.349756053826258078e-04 3.367125644008294827e-04 3.386432880904707669e-04 3.350281033043256700e-04 3.365651060483032097e-04 3.466257035767832963e-04 3.461079279242597947e-04 3.256486369193827913e-04 3.110445760307612969e-04 3.211216852809667421e-04 3.375886356623400333e-04 3.375229634055003803e-04 3.272723779712195151e-04 3.095075270850822756e-04 3.119295769035671417e-04 3.351213823707191453e-04 3.456133698658693087e-04 3.367117129414122414e-04 3.182862509671639155e-04 3.015986121752527995e-04 3.045659050641123279e-04 3.151321492601133608e-04 3.305978004955159762e-04 3.493477179935652790e-04 3.539355603668997924e-04 3.453964410406205670e-04 3.361658240159699643e-04 3.308962683697364926e-04 3.254286483356823431e-04 3.268649538437910134e-04 3.365699653244990969e-04 3.379078140639585792e-04 3.279237256150379829e-04 3.233456940208743547e-04 3.340584257335285417e-04 3.492807538784296157e-04 3.519772160194729340e-04 3.379188558455245356e-04 3.152922944229768869e-04 3.104372930248382764e-04 3.213247433683880604e-04 3.332579707809950310e-04 3.294749925838119198e-04 2.624772486992277710e-04 1.715293176278600120e-04
2.214494880173954023e-04 2.980727613942736132e-04 3.306817429497020721e-04 3.192435010893520655e-04 3.180414802051729074e-04 3.315447025479563567e-04 3.422843094934667615e-04 3.479659675449099611e-04 3.440572381175411362e-04 3.362547139964312294e-04 3.391874651877162727e-04 3.460799352561684137e-04 3.340951970215798967e-04 3.171656813840711313e-04 3.184117161129545776e-04 3.243212072099243225e-04 3.164160461462603435e-04 3.159746601121256673e-04 3.279343450665067757e-04 3.286751837537645439e-04 3.232537219424469217e-04 3.335051593961896061e-04 3.366589290633702778e-04 3.262146823803591588e-04 3.175300155143394917e-04 3.232456284992520990e-04 3.396492993239738916e-04 3.545735613629843173e-04 3.581199763783063893e-04 3.543390308140362288e-04 3.523815354185302309e-04 3.425793868436254118e-04 3.357668359524555160e-04 3.468835430459316603e-04 3.447921661980495869e-04 3.290167311715373874e-04 3.265319310285000852e-04 3.333686856019739669e-04 3.366345698957434870e-04 3.417400746939019875e-04 3.479224128908861612e-04 3.349860774688003169e-04 3.224898923862293872e-04 3.294222065368721366e-04 3.430468368310186054e-04 3.510927954395850277e-04 3.416488254059111065e-04 3.337869732126358380e-04 3.434947498002064760e-04 3.425848305179935143e-04 3.269684315982939599e-04 3.224305988298333371e-04 3.209384110363117538e-04 3.258082219547812908e-04 3.357706041730787461e-04 3.402140364963614672e-04 3.365018890606350172e-04 3.274579458386568729e-04 3.162576569428794540e-04 3.195574080628978608e-04 3.330524569935466514e-04 3.376049238963567465e-04 3.257472729700543667e-04 3.181569967381352193e-04 3.237710972136390356e-04 3.299294292117887963e-04 3.225846658334179692e-04 3.178603375229791797e-04 3.220558851403899307e-04 3.413587002142143495e-04 3.643347406714225896e-04 3.617251390630166056e-04 3.375356431954679420e-04 3.094838066819679059e-04 2.913352789995494714e-04 2.956028645519677292e-04 3.099193585623121914e-04 3.306807389600301280e-04 3.400971682018008287e-04 3.387958751938820721e-04 3.343623941940514731e-04 3.202028448978221781e-04 3.128854124961324089e-04 3.143650514040088060e-04 3.273602651297733432e-04 3.484476006893134957e-04 3.454884516956421218e-04 3.273786522574054442e-04 3.300963043534672252e-04 3.484113675906296156e-04 3.604341793929457822e-04 3.546025005969240251e-04 3.357253495309075152e-04 3.102556914071900223e-04 3.011946007594636229e-04 3.138736885884304108e-04 3.310107350151224054e-04 3.260034825896041856e-04 2.573151789818824142e-04 1.662829510508442431e-04
2.262508358573146749e-04 3.013425582533662932e-04 3.418031735310485871e-04 3.356156151691778501e-04 3.261477179973872324e-04 3.346289554383633088e-04 3.423327107367862528e-04 3.410550851360817171e-04 3.385876156589446174e-04 3.361881254595176262e-04 3.345397660395674081e-04 3.385130167910111029e-04 3.350490169455142974e-04 3.227265907315790636e-04 3.225883959641068352e-04 3.312884953450217313e-04 3.217564276084157178e-04 3.054172783407790750e-04 2.998758812917371895e-04 3.060922314652283821e-04 3.199147390679545414e-04 3.398709675037475111e-04 3.418518766927977886e-04 3.211944657714381436e-04 3.114478439176357125e-04 3.340547306490476362e-04 3.598679628955451875e-04 3.637314437362256653e-04 3.565821848101549544e-04 3.551473669700355154e-04 3.568597985757940945e-04 3.435189349229937454e-04 3.275964395407371258e-04 3.347050716078028322e-04 3.361489706353310968e-04 3.212420899923349392e-04 3.150628830298131833e-04 3.229185051141128093e-04 3.332171443977819444e-04 3.435054883619822813e-04 3.570052088929445830e-04 3.535771809664035306e-04 3.402173503498277340e-04 3.411335500264324689e-04 3.486263246500154135e-04 3.550968113126906980e-04 3.479725176694952642e-04 3.402055534095396565e-04 3.503517199552853238e-04 3.555216273246720538e-04 3.391002367696806328e-04 3.166822765051568664e-04 2.990621799649757599e-04 3.059046626177258426e-04 3.292824535433057993e-04 3.399887072987625800e-04 3.257864889917960576e-04 3.145125203226731584e-04 3.153947024429268331e-04 3.262346949257816401e-04 3.393261572405045084e-04 3.419616723774841489e-04 3.343903809559848044e-04 3.274915429074575553e-04 3.287818972580176628e-04 3.291358607194299593e-04 3.199820423324254478e-04 3.214131655083149464e-04 3.413734297863717064e-04 3.610086542383757246e-04 3.649546470910398389e-04 3.471358669483816167e-04 3.291549842469631334e-04 3.261335634130464040e-04 3.282617703565778380e-04 3.309365100634882898e-04 3.268572036481936366e-04 3.248469591501333947e-04 3.198229149629470839e-04 3.238874872900112637e-04 3.334394035622921353e-04 3.260262303042780205e-04 3.185706989345910923e-04 3.195135642055669796e-04 3.331644812991367728e-04 3.531167368514466650e-04 3.412203227451908591e-04 3.185492565162417354e-04 3.284358793161835282e-04 3.500203984580116346e-04 3.542909796893545953e-04 3.461561615058140096e-04 3.383602887227957863e-04 3.270187015710248452e-04 3.193077174148851050e-04 3.217105139352489126e-04 3.271894063924351941e-04 3.168100280049592973e-04 2.501426613876587429e-04 1.582280130313629932e-04
2.066886585538682411e-04 2.807075795321210712e-04 3.364802073372365762e-04 3.433788514891213768e-04 3.305170351870013773e-04 3.337752443368982298e-04 3.343633587932233866e-04 3.297628322642123452e-04 3.418802385206533420e-04 3.500063262405276850e-04 3.366088925975177222e-04 3.261065966575198843e-04 3.248631114354960268e-04 3.182434124356889088e-04 3.257893794012592641e-04 3.435405003798805770e-04 3.342730382385653660e-04 3.125518675039662278e-04 2.993343987995238445e-04 3.071441104206242218e-04 3.269893138757765756e-04 3.457567966819555553e-04 3.476001019250141025e-04 3.248846624372456844e-04 3.172518384236268601e-04 3.496501970158813802e-04 3.732655666055216819e-04 3.612977992226150165e-04 3.467543006383330293e-04 3.502708645745619730e-04 3.553950602637621827e-04 3.459346399548441069e-04 3.284876438155524933e-04 3.265690745355021431e-04 3.236818814277792142e-04 3.148098190282132931e-04 3.155346207937215685e-04 3.273397105943693752e-04 3.338022754321435777e-04 3.360455669244492112e-04 3.483644656594101613e-04 3.547179388668159961e-04 3.457742296486489742e-04 3.350660636581926158e-04 3.316880760247067255e-04 3.401871742307763322e-04 3.402372272014797050e-04 3.324679368823627327e-04 3.380303412519763441e-04 3.481831755053284337e-04 3.408838606308759681e-04 3.184029133155425167e-04 2.966458932802840554e-04 3.036317345038624699e-04 3.326040971029990516e-04 3.498803937459507791e-04 3.357525295473872025e-04 3.283788519153133510e-04 3.382324409861039126e-04 3.433691975082599625e-04 3.414298566874726160e-04 3.396278599677023612e-04 3.398124818430297146e-04 3.330835720945389197e-04 3.258993083823579981e-04 3.207934318450475584e-04 3.156879952804727174e-04 3.192817746167806933e-04 3.397875284079177136e-04 3.522503640423489159e-04 3.419871670175796477e-04 3.260782328297778549e-04 3.308434218858355555e-04 3.538230517612514980e-04 3.663849168208864427e-04 3.633316353530240388e-04 3.410432706977646264e-04 3.204095030431209539e-04 3.138006992687916719e-04 3.230584249219668443e-04 3.431557473287824523e-04 3.526566692366586231e-04 3.505466330494628677e-04 3.430164384797924296e-04 3.398448744276248799e-04 3.452927219437135513e-04 3.283598288290852981e-04 3.106524854238677889e-04 3.253282246186612898e-04 3.466570942886544647e-04 3.421735715190584023e-04 3.358042563015397101e-04 3.498925568668536041e-04 3.598133064597055456e-04 3.473867314090434491e-04 3.355256157208878873e-04 3.328585890154618426e-04 3.195040379969925652e-04 2.537968729406871096e-04 1.603868190015243604e-04
1.918685058900491578e-04 2.675281306410510411e-04 3.331274208598767445e-04 3.416212732974524460e-04 3.228394869796447639e-04 3.228446915670205291e-04 3.253919608584992813e-04 3.266289672586419738e-04 3.433805154642897506e-04 3.552771584248408257e-04 3.463474803536273133e-04 3.306979914174575921e-04 3.242043297633512029e-04 3.187282728401337885e-04 3.264429154711420656e-04 3.405425077863179781e-04 3.380687734587926353e-04 3.333621683614030771e-04 3.320489271979156030e-04 3.378972362568330879e-04 3.419852870579381831e-04 3.502154533699392675e-04 3.569914990694837893e-04 3.412057872458987024e-04 3.267764437789726388e-04 3.411362503880886483e-04 3.538802221119969737e-04 3.430642435718092272e-04 3.306546306690236734e-04 3.332800944883613972e-04 3.369928101780601533e-04 3.414886249965597489e-04 3.443169376224801469e-04 3.447448137536298198e-04 3.355419318366286568e-04 3.249575116458059223e-04 3.220300554790655198e-04 3.337554134593626997e-04 3.378376766791852445e-04 3.297356389156338324e-04 3.312099283033887007e-04 3.391611944888119241e-04 3.373676136921857031e-04 3.246078171362473696e-04 3.200260478854714146e-04 3.321717294385658934e-04 3.357048025449095802e-04 3.263368662989584454e-04 3.232079911251592094e-04 3.268912147137072069e-04 3.315047125572288681e-04 3.297101266034191402e-04 3.140529834519568009e-04 3.109126935027477353e-04 3.349038676823274654e-04 3.580109426491595993e-04 3.486914238315586478e-04 3.406716033907013544e-04 3.466856325755689715e-04 3.438052585169711550e-04 3.347748543089872986e-04 3.320935133181651482e-04 3.368842740033107857e-04 3.344873891973379433e-04 3.268928548231848528e-04 3.203186948447506307e-04 3.190753960065807618e-04 3.243395989444942474e-04 3.361779130667183198e-04 3.357686315580348880e-04 3.241301496691484417e-04 3.247315442829278422e-04 3.418890199982170097e-04 3.615150113583820869e-04 3.649702104929237068e-04 3.609327845873438307e-04 3.370148694041079059e-04 3.122238303284438415e-04 3.129852001091908273e-04 3.313393996526143811e-04 3.567233813732240502e-04 3.667411579413540779e-04 3.638382104976274753e-04 3.504555088357992924e-04 3.345636714918815910e-04 3.315171490086773901e-04 3.225644553170564752e-04 3.218659937484487192e-04 3.406093912426466424e-04 3.539158457294789640e-04 3.395395189655664057e-04 3.304061919160084155e-04 3.496977548207286495e-04 3.653918572957756683e-04 3.482841736191393846e-04 3.376695704480336133e-04 3.409151884252721414e-04 3.239549197571401826e-04 2.545241224070437613e-04 1.613130879996005590e-04
2.042873825465714238e-04 2.794330053931706574e-04 3.380579273016712195e-04 3.362497643157177571e-04 3.147497085191849637e-04 3.148298428219647570e-04 3.242274372218618625e-04 3.328774394840619674e-04 3.426073137587691639e-04 3.502076744005711440e-04 3.510869059572613781e-04 3.444856695744791470e-04 3.356793727403193728e-04 3.253409503786397440e-04 3.230817406828686818e-04 3.277908328715229466e-04 3.335274847852650118e-04 3.472442876417731095e-04 3.588917836909627274e-04 3.574206839377144090e-04 3.454796632296851916e-04 3.484245150294691153e-04 3.613703041658697553e-04 3.530612718077153324e-04 3.344140977316740993e-04 3.299616997272749089e-04 3.364853092389450805e-04 3.335589449848465251e-04 3.229795430338907886e-04 3.187960472518790471e-04 3.140863110175764810e-04 3.237841106640040314e-04 3.476659629360305949e-04 3.626131220058868582e-04 3.558518203264430775e-04 3.395864304082494168e-04 3.244891496275842109e-04 3.291784208496804204e-04 3.363075668783531143e-04 3.273905942543976376e-04 3.234493816615065026e-04 3.308876585672463418e-04 3.322181341192019738e-04 3.221457485917756172e-04 3.242901730456464160e-04 3.433264829211039567e-04 3.478210005836952583e-04 3.333451685200315077e-04 3.166111053057898668e-04 3.119547780422493631e-04 3.274311913182772907e-04 3.422002397179017483e-04 3.332967268747329993e-04 3.227327328449368610e-04 3.368350466406045286e-04 3.548335029548254477e-04 3.404119825051254251e-04 3.272202495750144375e-04 3.318669902209259778e-04 3.315208406080065126e-04 3.292502664282603744e-04 3.336185287243342693e-04 3.435604323501126583e-04 3.423837281243242124e-04 3.371903212349881699e-04 3.328991548160342316e-04 3.286105538213857373e-04 3.354057822461926170e-04 3.421398024542539090e-04 3.297636393245625356e-04 3.187933649456095348e-04 3.216269681574145220e-04 3.255696858787419847e-04 3.307507316387046882e-04 3.343821741393555348e-04 3.408233358296092110e-04 3.307377683948665081e-04 3.119473210580131018e-04 3.098650887704121250e-04 3.255374225955249634e-04 3.471748701058906652e-04 3.567162273605226390e-04 3.599196639602579703e-04 3.446889781381037745e-04 3.227751235494663107e-04 3.164943181305011725e-04 3.189174473732640271e-04 3.376540670731562228e-04 3.551415384612161062e-04 3.524848155431045335e-04 3.353485028395016606e-04 3.233311570236314545e-04 3.312799545788166784e-04 3.368733290814802852e-04 3.188871574627605613e-04 3.154796148519675367e-04 3.251147133263327261e-04 3.130192826780959841e-04 2.486701455477034902e-04 1.601031437742188031e-04
2.181967588193093992e-04 2.965444786198629117e-04 3.426950211087930560e-04 3.302718287417909411e-04 3.163071082831556005e-04 3.220919845354237171e-04 3.306699467381772357e-04 3.405346385375313109e-04 3.494250847013120409e-04 3.505898093527020460e-04 3.475985225147871496e-04 3.480672321911866063e-04 3.422620289857966971e-04 3.312408095296291016e-04 3.273002354490161733e-04 3.278004349300769785e-04 3.283963108500272013e-04 3.335956353670208301e-04 3.415597636854491486e-04 3.430978540719924349e-04 3.392942333975081017e-04 3.399285908205385183e-04 3.471871239842830130e-04 3.427445111474570127e-04 3.350658607703965340e-04 3.379816620626850047e-04 3.478275935584819760e-04 3.412235838038728481e-04 3.254569381583576494e-04 3.181130981730381346e-04 3.085995271489394131e-04 3.121987856622523462e-04 3.378747837698542998e-04 3.595534103100445989e-04 3.562468460323153893e-04 3.391269722066294701e-04 3.246811110681952807e-04 3.306133678709151542e-04 3.406244920714174501e-04 3.337040502978920334e-04 3.333829310275755785e-04 3.459797271924869473e-04 3.414730151762154428e-04 3.211657028270863438e-04 3.203167715795164931e-04 3.396684138374033660e-04 3.434247116448025999e-04 3.295839773311514927e-04 3.148362083308156307e-04 3.157030270755460926e-04 3.345649074199175577e-04 3.498819167650443242e-04 3.450534099980965674e-04 3.385787622429119875e-04 3.458784174165569240e-04 3.513343233777472359e-04 3.284747888213223211e-04 3.108579979043363077e-04 3.156836079123364431e-04 3.171164806532062461e-04 3.230698612856872402e-04 3.360040363405622770e-04 3.494179621179066986e-04 3.480927595923863187e-04 3.465924551674200898e-04 3.474838970375951309e-04 3.379981292977032393e-04 3.409912443868830332e-04 3.422772212610982996e-04 3.267559559056126112e-04 3.225503418677002796e-04 3.164159365443018667e-04 2.998462415755441708e-04 2.972349628290386729e-04 3.099853087273820185e-04 3.245806999503818746e-04 3.325551383778611479e-04 3.295040196078619869e-04 3.162196829136017153e-04 3.077734916786022470e-04 3.152482006749338789e-04 3.334164024791427404e-04 3.478876925009753577e-04 3.374228347076779592e-04 3.244103748761199661e-04 3.231969263671772901e-04 3.250047966662517334e-04 3.362563532045908469e-04 3.388106300631262826e-04 3.298742371319739620e-04 3.279145617513612530e-04 3.199437812465044965e-04 3.208798617855060636e-04 3.229599298668715942e-04 3.034620797696487883e-04 2.954625127725940504e-04 3.035465596580977756e-04 2.993571236368512863e-04 2.432034557442133596e-04 1.618444837788311948e-04
2.053945201999128687e-04 2.898892455809066733e-04 3.368722000994777820e-04 3.254383952759098194e-04 3.157819386192015727e-04 3.208260930023139335e-04 3.220963685410570612e-04 3.321002644257879557e-04 3.490048019587972563e-04 3.485148497340147234e-04 3.371595888721909883e-04 3.414298271454408720e-04 3.448361162891224320e-04 3.354531210446891256e-04 3.318696264967397301e-04 3.398542174395622348e-04 3.420892910927583611e-04 3.241436204239096655e-04 3.118691677320105100e-04 3.163393564099152610e-04 3.228875167385745646e-04 3.199520943949097241e-04 3.173550174337601238e-04 3.203600936990389815e-04 3.304184284914679680e-04 3.457589431530237712e-04 3.563599555105776643e-04 3.453102967180434043e-04 3.294272835072137740e-04 3.258985199966198489e-04 3.211329388994343427e-04 3.232357147319541270e-04 3.426772161389331391e-04 3.560345242673763379e-04 3.454113080943378060e-04 3.317933424092884631e-04 3.267422666996169095e-04 3.319725127309486670e-04 3.367965377593488702e-04 3.301008363577007066e-04 3.320055997844487952e-04 3.499009864131693475e-04 3.482973329585785848e-04 3.261636181606685685e-04 3.166546841752493672e-04 3.271732832839674573e-04 3.293866700220570223e-04 3.215208946598930966e-04 3.200793358772366370e-04 3.252571274673874682e-04 3.348489485492992229e-04 3.470089858795779485e-04 3.536167098973519050e-04 3.593508983962355853e-04 3.634345679405858809e-04 3.630511276410248967e-04 3.375081940597457388e-04 3.101885508709746825e-04 3.084811557671909106e-04 3.132492167667056955e-04 3.262030902856043581e-04 3.360209836364919447e-04 3.415862073181320140e-04 3.410578461206332720e-04 3.401383498219810904e-04 3.432825722237898202e-04 3.357454552757392326e-04 3.299661681032030206e-04 3.246400437397779217e-04 3.255203683244279104e-04 3.402239956416252013e-04 3.304915251430820457e-04 3.100568810206744521e-04 3.065196803247753534e-04 3.159654519344905644e-04 3.282937706277789386e-04 3.470624338501535891e-04 3.578680840540092055e-04 3.415606272610576324e-04 3.156901548805247275e-04 3.059871559006897336e-04 3.225898295974205694e-04 3.416938456724259764e-04 3.357548955213241534e-04 3.300939023113823485e-04 3.351136774210635274e-04 3.347356399323379817e-04 3.299249160375369427e-04 3.221345530917626727e-04 3.205525624769901046e-04 3.324547916198039273e-04 3.306860737769987905e-04 3.284139326622168269e-04 3.321497195033925828e-04 3.199992412560114354e-04 3.122161458058282744e-04 3.158406279839689828e-04 3.042537929813699015e-04 2.413660088785205785e-04 1.616844684543450501e-04
1.976490484374797667e-04 2.762666768950219681e-04 3.290751437331578791e-04 3.294365698081305922e-04 3.218811866974032954e-04 3.201242712592850806e-04 3.122402888646677328e-04 3.206508399424960504e-04 3.414473021847305115e-04 3.393783634208029885e-04 3.211623591503322489e-04 3.259108426858653169e-04 3.368802391514235045e-04 3.265119159671202179e-04 3.126573930451332630e-04 3.292823112870905283e-04 3.528407410378221320e-04 3.413272087260636614e-04 3.297953400082644050e-04 3.271703130285104474e-04 3.141940667679707713e-04 2.989958755475775063e-04 2.966146100421379562e-04 3.137452707285817363e-04 3.316796177839133070e-04 3.409950319221539635e-04 3.449935647388028496e-04 3.379710483081543046e-04 3.311743004299082162e-04 3.342704713780406687e-04 3.380220588830437287e-04 3.422376084297675154e-04 3.528541931840487749e-04 3.535147850621933987e-04 3.350427003665111731e-04 3.291090015447475209e-04 3.356792819114979122e-04 3.390076965735394653e-04 3.398883987138984816e-04 3.351695441617134810e-04 3.250682789880905222e-04 3.254679512644743835e-04 3.351521779429827421e-04 3.351413708903072447e-04 3.254464484915375964e-04 3.259214000473708390e-04 3.255997029042248265e-04 3.242500135226288114e-04 3.309471069198130109e-04 3.336641989208514254e-04 3.326370754751860987e-04 3.357752665474087275e-04 3.385791052383835308e-04 3.476065640130760219e-04 3.547117549572997592e-04 3.618008694282988987e-04 3.505487744949060394e-04 3.289570581105313082e-04 3.272085790274586320e-04 3.312555620841469393e-04 3.305361176188218353e-04 3.226880199788324560e-04 3.239033770417559495e-04 3.335824894342884726e-04 3.370111318228394444e-04 3.368606866639932678e-04 3.280206691128962140e-04 3.168076589371676384e-04 3.158013970379805577e-04 3.358958989725565605e-04 3.560086051549953392e-04 3.386580021799137294e-04 3.277371016410248980e-04 3.311446452160649967e-04 3.304824109241906688e-04 3.357836228522655120e-04 3.531675099623260991e-04 3.688464905817935438e-04 3.581629834503987850e-04 3.373019559907564210e-04 3.255265211746957666e-04 3.358295669497590036e-04 3.490230765005804020e-04 3.327480794626376482e-04 3.188434148696100436e-04 3.308283540900329271e-04 3.418667365050314646e-04 3.377242255768227045e-04 3.285427131379291613e-04 3.241385548852392844e-04 3.310953731410124466e-04 3.354865389893818464e-04 3.369344364636697817e-04 3.471717138126578675e-04 3.490884227941857317e-04 3.441940372495561192e-04 3.401936348048962850e-04 3.160559261213137343e-04 2.441122346782904418e-04 1.616975782316627808e-04
2.175445510744661325e-04 2.811956096326721777e-04 3.260669692911508880e-04 3.299470203117275914e-04 3.320822887741960530e-04 3.355111977017099633e-04 3.253886471771418694e-04 3.308895886304619822e-04 3.429148275546171085e-04 3.312394133032790702e-04 3.147692413950285402e-04 3.211344299217351941e-04 3.306699323805009465e-04 3.185055756679255065e-04 2.965416619551973000e-04 3.150064227401277875e-04 3.480591412862023650e-04 3.545155641303279715e-04 3.602675141282018698e-04 3.559723930634359386e-04 3.258183337091301703e-04 2.990634909910235744e-04 3.012553490140499756e-04 3.299891850158137466e-04 3.455212402840100294e-04 3.349667449471533526e-04 3.212748491796519170e-04 3.209037361024574039e-04 3.291108678883617345e-04 3.383828155894451285e-04 3.445749765756244559e-04 3.473370834989319695e-04 3.499923716826273089e-04 3.419970599235911258e-04 3.218642027733294251e-04 3.233898167054958649e-04 3.411932321149411433e-04 3.551601600483769304e-04 3.624088455765206310e-04 3.577625685601742230e-04 3.382119916616988745e-04 3.226435188331964110e-04 3.356333427255194088e-04 3.477806667388522871e-04 3.348466795631079062e-04 3.270356206647944504e-04 3.314744259418129124e-04 3.399219335784288377e-04 3.439175050033435122e-04 3.434728528414409624e-04 3.405155707753989517e-04 3.319456232110692788e-04 3.166401997629521964e-04 3.164020717964257084e-04 3.246496843213565135e-04 3.352242192450855885e-04 3.420089263238886707e-04 3.445515562831871726e-04 3.551109558515058631e-04 3.511613553971651013e-04 3.310873416603368324e-04 3.158837361150074749e-04 3.229683170221994280e-04 3.400988851455444750e-04 3.470084309684853948e-04 3.444722847245729842e-04 3.314201538306844321e-04 3.197950399406920266e-04 3.248389411585537426e-04 3.412401265200876253e-04 3.481073690454705130e-04 3.276540755866316572e-04 3.273474121667220528e-04 3.372972448358888334e-04 3.320976020151255779e-04 3.328190346890140712e-04 3.432921450972681093e-04 3.593638425792745482e-04 3.570606175009664028e-04 3.461637310856908187e-04 3.395320145908119853e-04 3.434651307129050102e-04 3.454504681200778245e-04 3.224669050637439874e-04 3.057787967501206716e-04 3.217274646250742592e-04 3.444172414124870257e-04 3.451951886397293433e-04 3.328810198849942452e-04 3.206092203567052334e-04 3.210406589210021552e-04 3.287326069844213666e-04 3.384770992663349576e-04 3.587290239362411867e-04 3.629340419314176260e-04 3.503801651627566432e-04 3.471158856594125071e-04 3.276896861594020150e-04 2.551544646381938633e-04 1.678172531704627394e-04
2.313976105122567909e-04 2.855117014579475112e-04 3.211955897645587263e-04 3.251330764988472066e-04 3.391651624575359723e-04 3.522101998045029572e-04 3.407912439077934955e-04 3.419632486920542330e-04 3.487074362946501142e-04 3.379195444867808050e-04 3.303120477598374578e-04 3.322941295536304242e-04 3.306300734949365336e-04 3.215527365670875016e-04 3.078904283251583359e-04 3.203254608405857375e-04 3.349346975445931067e-04 3.339496341951091315e-04 3.413892326415020849e-04 3.499507531328593219e-04 3.357125477891068814e-04 3.121026573296748234e-04 3.133747717391776070e-04 3.384119799324642711e-04 3.499950654251571800e-04 3.353652262605429199e-04 3.167489429166774062e-04 3.167579837234793874e-04 3.248497986009944629e-04 3.326300465002265667e-04 3.378430781834347672e-04 3.421647551061710577e-04 3.448717679400573142e-04 3.326692421835363098e-04 3.145781124396938768e-04 3.196396508884029970e-04 3.356642726086393877e-04 3.492215499082332439e-04 3.559053137676078176e-04 3.479893255865598744e-04 3.325530053890919224e-04 3.332788322874434485e-04 3.585724106856519712e-04 3.674322466910742539e-04 3.457119882018332537e-04 3.350196186458662909e-04 3.453922151910863341e-04 3.582614838121423850e-04 3.525255227933810315e-04 3.446300605606709652e-04 3.440279191081632259e-04 3.374170001624277005e-04 3.195306062365606790e-04 3.081088612001716938e-04 3.105128397872975745e-04 3.199251340371916485e-04 3.291591060401826948e-04 3.380148810619707021e-04 3.534659675374385323e-04 3.520343651323609626e-04 3.427339086604707188e-04 3.400734273879137777e-04 3.449576689007559762e-04 3.509932186373099358e-04 3.463747277027611014e-04 3.372324248686774844e-04 3.300595335378907398e-04 3.293238138153994736e-04 3.368687662642239891e-04 3.350430340627802493e-04 3.255341826386161895e-04 3.136956026386785541e-04 3.216611748260243668e-04 3.332756089003583670e-04 3.304454584867334540e-04 3.325520346395828249e-04 3.381978888883605287e-04 3.448887581766486420e-04 3.450207608701947844e-04 3.422910797028524922e-04 3.404171930687168064e-04 3.398600301318660121e-04 3.380824622815154423e-04 3.203958604065715223e-04 3.058638831727934922e-04 3.174381522776570830e-04 3.424050577423405845e-04 3.422514368585671297e-04 3.218273432520052770e-04 3.059749699216171787e-04 3.125412202157450007e-04 3.276417993133516615e-04 3.423772217819846418e-04 3.598310237557973690e-04 3.521668950035014350e-04 3.317018160574139191e-04 3.372666849789897271e-04 3.322199412811788948e-04 2.628895045827455237e-04 1.711541603341818255e-04
2.083831385865140911e-04 2.669157218011265200e-04 3.129370017885420275e-04 3.336728723058910665e-04 3.480721224992309711e-04 3.478725151955529326e-04 3.308935100679685120e-04 3.331450082687221559e-04 3.482180302124031281e-04 3.541531369902698313e-04 3.512874199500358864e-04 3.363324775606940653e-04 3.204877349539316401e-04 3.231670974023039596e-04 3.282543401254709109e-04 3.307991555888722458e-04 3.248674076752201389e-04 3.092382878320628541e-04 3.054883194391476322e-04 3.225156817627712353e-04 3.304405606095992031e-04 3.186247727832419567e-04 3.155490964871585785e-04 3.264931247574486949e-04 3.408922379816142073e-04 3.445114487508766092e-04 3.378890282894013832e-04 3.331802525982730055e-04 3.313905389307024571e-04 3.350756715890986772e-04 3.390750167231729650e-04 3.417091507814928051e-04 3.386322973811602848e-04 3.245931765101158504e-04 3.124723377331509611e-04 3.212608837373862459e-04 3.341321029391446811e-04 3.385455176194921822e-04 3.288676579850064808e-04 3.140999668417294283e-04 3.122222079069706313e-04 3.432080319232006394e-04 3.833590895788603343e-04 3.793129197134513693e-04 3.454897404025807561e-04 3.311172039346123828e-04 3.374668323023155255e-04 3.470509478027291022e-04 3.387644886587285234e-04 3.287136810985871521e-04 3.345411137215444910e-04 3.423118353330368820e-04 3.387918610495341525e-04 3.268970212502144627e-04 3.288552724422291176e-04 3.413234185375673812e-04 3.352269422518585609e-04 3.214346820144541343e-04 3.298109919679023390e-04 3.435550509609173976e-04 3.530761320874375780e-04 3.573232869329574226e-04 3.529966587924967441e-04 3.482861095246343221e-04 3.311872729788787988e-04 3.134248561049086707e-04 3.141510893419945582e-04 3.251380517546262902e-04 3.389111282704397425e-04 3.325009130931847259e-04 3.158789557664244598e-04 3.056630492909382648e-04 3.114808197168064154e-04 3.314076447930999151e-04 3.408951080610944911e-04 3.391510963168478817e-04 3.348409291970585837e-04 3.316546752748809543e-04 3.346051068253122398e-04 3.400929304236124592e-04 3.414060842825318446e-04 3.384959204507439080e-04 3.335695643271826714e-04 3.213196228072003752e-04 3.113313632005509381e-04 3.205100241864919808e-04 3.423724776247813809e-04 3.410778404079732617e-04 3.205509159644372315e-04 3.011655688696815523e-04 3.029517173459225516e-04 3.191748218880348202e-04 3.398108904159668304e-04 3.524050355171738083e-04 3.347803954304318509e-04 3.104229231668280604e-04 3.172948473190290424e-04 3.197263377687417901e-04 2.585004229746187040e-04 1.729370454031690322e-04
1.896476414451100630e-04 2.514760302400275392e-04 3.090319859304199637e-04 3.457944054578556206e-04 3.497948950613863415e-04 3.275275889208227901e-04 3.120351933396720749e-04 3.209633363094170112e-04 3.419715794808458453e-04 3.590469446299556010e-04 3.616707409818854129e-04 3.409976548359233890e-04 3.169650724458300409e-04 3.197618098517355893e-04 3.354334904574801830e-04 3.361407970289221540e-04 3.245305564050044930e-04 3.124423472096207700e-04 3.050640184996043737e-04 3.147226120308362486e-04 3.278947390430506223e-04 3.243038005956870909e-04 3.165139145564648850e-04 3.163494540674770348e-04 3.331374929533700239e-04 3.524381614915962483e-04 3.531623217467852113e-04 3.399180333743800626e-04 3.342441391389558165e-04 3.428371560713377899e-04 3.521034718989619504e-04 3.530710328293919231e-04 3.404815494939550662e-04 3.212138357430193748e-04 3.120239036892866278e-04 3.266757682810797719e-04 3.473989894510035622e-04 3.506034731228650000e-04 3.234298329475009809e-04 3.028890557114613568e-04 3.104526062347662870e-04 3.496522307923102769e-04 3.876679872661145773e-04 3.721054194879853797e-04 3.250481555616484513e-04 3.069017572903853970e-04 3.196119665031310272e-04 3.332479618585506014e-04 3.242230051584888187e-04 3.116040299708341304e-04 3.212000302868255660e-04 3.402601085204024606e-04 3.501849435379947176e-04 3.465491751425952291e-04 3.531994476660062655e-04 3.661415965993161767e-04 3.452646870300573765e-04 3.120090708168919832e-04 3.097847240808797959e-04 3.282583287706434681e-04 3.406020366570824964e-04 3.465496611262232980e-04 3.472598130786412433e-04 3.445284977746673836e-04 3.284786414353619058e-04 3.148136547516034627e-04 3.181623078225079152e-04 3.304426580777057370e-04 3.413991989291669102e-04 3.307528620873248330e-04 3.107677871536737731e-04 2.988561196283721086e-04 3.031884466932830823e-04 3.331750872630935686e-04 3.501299533138807658e-04 3.378206788127011053e-04 3.258186262759474598e-04 3.255061179334020681e-04 3.350432505256165658e-04 3.451917993341091116e-04 3.484451668791820923e-04 3.453692788468031710e-04 3.374276423458781550e-04 3.321085388229154433e-04 3.263490915650394883e-04 3.248750060758444401e-04 3.326531300190631443e-04 3.360574942653939785e-04 3.331841460591827473e-04 3.198671740870549307e-04 3.097660958967638932e-04 3.142626737057835915e-04 3.291313536066992366e-04 3.377683959734868106e-04 3.240025615182750120e-04 3.045880366546835794e-04 3.116213784001719178e-04 3.144371806447281105e-04 2.592168049143937563e-04 1.803890013057852701e-04
1.909312777715921100e-04 2.471303785775967078e-04 3.065051225366671674e-04 3.486119870980665609e-04 3.517322812985041293e-04 3.321422415322901052e-04 3.251377639875420943e-04 3.274217375191095262e-04 3.313798852831129570e-04 3.394211640163826847e-04 3.459334380655217740e-04 3.377043504433250524e-04 3.259147885306384732e-04 3.252034227914703821e-04 3.364489815616068845e-04 3.419427756864517297e-04 3.402794567219898981e-04 3.410771703042336745e-04 3.355634099947224025e-04 3.330637916537781550e-04 3.444419913879211018e-04 3.461666917566726879e-04 3.331569524558761924e-04 3.206281771297234801e-04 3.310907917966286187e-04 3.504779274488653996e-04 3.493456419574929523e-04 3.308815087038102960e-04 3.223810648233715534e-04 3.298499182076845880e-04 3.430590711560070811e-04 3.523461697352473052e-04 3.427752161080046709e-04 3.239102845243377457e-04 3.221333732248090774e-04 3.407308568601167403e-04 3.586391424971715125e-04 3.564807847614545524e-04 3.264031873630842068e-04 3.055836268888833650e-04 3.127253746225064899e-04 3.413667886503966810e-04 3.694210749527942280e-04 3.599564590573349314e-04 3.144965800757169990e-04 2.969504920274658975e-04 3.162668346726702244e-04 3.342245563072943288e-04 3.265827804874185214e-04 3.130330680924542515e-04 3.198754155832590046e-04 3.363119123194245955e-04 3.439387579913781188e-04 3.453578802201015801e-04 3.530577452176430651e-04 3.577937466335040680e-04 3.338432278219815577e-04 3.014212876872790145e-04 2.960398701133921473e-04 3.169611191849432087e-04 3.324084986172181179e-04 3.352226237577550115e-04 3.407448181763786735e-04 3.444034051052537746e-04 3.382969835486561222e-04 3.378537329177101300e-04 3.460610257770092629e-04 3.575470778075508184e-04 3.570080916252218084e-04 3.381414624298949680e-04 3.218409430842369468e-04 3.189198825983858426e-04 3.239907298683406987e-04 3.393154139842916982e-04 3.415226626459427024e-04 3.240076088047336936e-04 3.166453257609134174e-04 3.234519055775273984e-04 3.303152480077149213e-04 3.349566478482835603e-04 3.429920989223936853e-04 3.501004011851036914e-04 3.461830767332332815e-04 3.466278162365370868e-04 3.450762637223619153e-04 3.348856093395099912e-04 3.293810114927617216e-04 3.311640889767868243e-04 3.403121896544668854e-04 3.412478829119909487e-04 3.358438721985162675e-04 3.367342562530479611e-04 3.362064870207205993e-04 3.317932935455297750e-04 3.264447037327542064e-04 3.222029977054281509e-04 3.316150985614627587e-04 3.210560327939249213e-04 2.548122184803610669e-04 1.737074674481165057e-04
1.906987381848775868e-04 2.453326133352349376e-04 3.023063887388495029e-04 3.429708478038136481e-04 3.554099872296980541e-04 3.503157216067806458e-04 3.487718584109840577e-04 3.393058951809395526e-04 3.253049238139415784e-04 3.231963157198162171e-04 3.276066830657107989e-04 3.281475734818984583e-04 3.321974230137081591e-04 3.331897004986281901e-04 3.369779484286085673e-04 3.475537615446963472e-04 3.574265505392966490e-04 3.587415688782755272e-04 3.498528332688173332e-04 3.391458220163734330e-04 3.441979671039815036e-04 3.481733410791297990e-04 3.376094099417258554e-04 3.227549666554453797e-04 3.289946786316879962e-04 3.392086045798744132e-04 3.313068520237791824e-04 3.179481067150078961e-04 3.135149016486412006e-04 3.138420037930792893e-04 3.181307214538757174e-04 3.315432613262287841e-04 3.347077787606489636e-04 3.278108818480188636e-04 3.328054697777221849e-04 3.451842110047870552e-04 3.542956599900058115e-04 3.500079409746113248e-04 3.273181597458891504e-04 3.062783741811339914e-04 3.119164872812595860e-04 3.367797277898260133e-04 3.570604800239232527e-04 3.558217374077985405e-04 3.218688419350971088e-04 3.045637063137778553e-04 3.168087588242184333e-04 3.328561663384972018e-04 3.356808530830792054e-04 3.312564619290819410e-04 3.385136945594539263e-04 3.452230131205576711e-04 3.386310684277794923e-04 3.312263001351564771e-04 3.285036923766253888e-04 3.255041332675144886e-04 3.139435662902241445e-04 2.979735555610538546e-04 2.985614347527881622e-04 3.267018773051567860e-04 3.469413232265105228e-04 3.432428449842843160e-04 3.369972349260407104e-04 3.278144774966738222e-04 3.223358857670441131e-04 3.347520556983126709e-04 3.545593876939686761e-04 3.704626128238671778e-04 3.685651037176852708e-04 3.491547002827815899e-04 3.343130478012413002e-04 3.396470181125080170e-04 3.514469928772862971e-04 3.495740983383839422e-04 3.336355753265895781e-04 3.166522515312418561e-04 3.180855769316099767e-04 3.326140181040101638e-04 3.346467260390625508e-04 3.225880346904665998e-04 3.267826854456629192e-04 3.442349904111527328e-04 3.460320222312358645e-04 3.468274582086549023e-04 3.508026769692510491e-04 3.433089371080558271e-04 3.346118758303722146e-04 3.314971707959519674e-04 3.386788496296383715e-04 3.465617920494024149e-04 3.509844003578225635e-04 3.547653411931000816e-04 3.443953320111136415e-04 3.297340102986992690e-04 3.301690693778698256e-04 3.461219268387958313e-04 3.633483722075590361e-04 3.366622957288170279e-04 2.512422838425821875e-04 1.607423572281383058e-04
1.901056592762746420e-04 2.568604730432231132e-04 3.119554329554853102e-04 3.423158710434087248e-04 3.538302165533720417e-04 3.525821595553240784e-04 3.508715985068581100e-04 3.408254165589826782e-04 3.332070510285055007e-04 3.369241831204853026e-04 3.407999404922040006e-04 3.377025943731715033e-04 3.401890605635570094e-04 3.363666593932024187e-04 3.288215898893919733e-04 3.375016056342947015e-04 3.557548287569536980e-04 3.563836757093655693e-04 3.419234961574513319e-04 3.295537310615113567e-04 3.327369747322095860e-04 3.376584147905482749e-04 3.334083755010410583e-04 3.323434954535767379e-04 3.460306123506481533e-04 3.435934362459008417e-04 3.196516145467449875e-04 3.066143213629385139e-04 3.083663128886857401e-04 3.116615851917214387e-04 3.163340322039518370e-04 3.303866918402305081e-04 3.405700821863510953e-04 3.379188833654840456e-04 3.377585735624721083e-04 3.405705243382413372e-04 3.471906560377938469e-04 3.465323062924866352e-04 3.320014404267492242e-04 3.147552909902808665e-04 3.177643512191741888e-04 3.369928508580841728e-04 3.501388004996464423e-04 3.519751820573110437e-04 3.283785836785502545e-04 3.141191325640556721e-04 3.284341052156788954e-04 3.470809628944185408e-04 3.560776733589726380e-04 3.528034702003617767e-04 3.526577073393157903e-04 3.511837015918624892e-04 3.409425480683286793e-04 3.252326909368574845e-04 3.144569450641933653e-04 3.174771672537646402e-04 3.225417056850296994e-04 3.160799721008028290e-04 3.170058440512276516e-04 3.426928160093315758e-04 3.600030042207758713e-04 3.557269578413935511e-04 3.379503720555028902e-04 3.103342407601223968e-04 3.017925184205386482e-04 3.192846030140462769e-04 3.421539837127018880e-04 3.595323098053144584e-04 3.601520580578006225e-04 3.434270306195168947e-04 3.298167210988446185e-04 3.344975005335632250e-04 3.450528287607464335e-04 3.381897732943058379e-04 3.245247695052451940e-04 3.207657999549320851e-04 3.347772160450111691e-04 3.540660300422697731e-04 3.514976818684947043e-04 3.256675843613541978e-04 3.215275597299449561e-04 3.402843279114646340e-04 3.420106805799647941e-04 3.349252051119788569e-04 3.364187978240074919e-04 3.366225674079400404e-04 3.350427642310373623e-04 3.336672755748277706e-04 3.332404979044166450e-04 3.368478549603782461e-04 3.462030701681387203e-04 3.523370434658753061e-04 3.361143555251210491e-04 3.160028682247057949e-04 3.184844644343098126e-04 3.481004352823631638e-04 3.726937413811185016e-04 3.425857071694979415e-04 2.515508373076492292e-04 1.558494128147805196e-04
1.979064016995016773e-04 2.761492798071921205e-04 3.326834773509840032e-04 3.499253659030372612e-04 3.454858503475242504e-04 3.367102858749468634e-04 3.266171892541302915e-04 3.171621669010595522e-04 3.246534522685076349e-04 3.427859915038379275e-04 3.534722367992633777e-04 3.468659622360054681e-04 3.448413459991999134e-04 3.431396788500162484e-04 3.256085919991030765e-04 3.169151182358418773e-04 3.291382592583100026e-04 3.320956626514426401e-04 3.254615541317285466e-04 3.268300369482298080e-04 3.337002550161499411e-04 3.369535773201791547e-04 3.364569734662020218e-04 3.525392558006343845e-04 3.754068502363727927e-04 3.605887831345427398e-04 3.216498044170717141e-04 3.050877256468291932e-04 3.083240241227553453e-04 3.183252066308077865e-04 3.342607271799568356e-04 3.540751535406529843e-04 3.604647414199784274e-04 3.465716694468286459e-04 3.298035572878679116e-04 3.237097527429399612e-04 3.343427587493335499e-04 3.398693195798268164e-04 3.380865004460497009e-04 3.317895356127715059e-04 3.306778890734073757e-04 3.396173744665410658e-04 3.448535730689634852e-04 3.419255477408730880e-04 3.237860062725297569e-04 3.143314423116750755e-04 3.308785089096043979e-04 3.559009494972257756e-04 3.652073280909439953e-04 3.520320499985692022e-04 3.409562266146523427e-04 3.399941948516199035e-04 3.383120813938517374e-04 3.280518941108784281e-04 3.209807082803397670e-04 3.287520052612946274e-04 3.356739547658478540e-04 3.290516230327024871e-04 3.279099010859551269e-04 3.417094469544157973e-04 3.519675200784026662e-04 3.551254654426166035e-04 3.375115032387850903e-04 3.070180435111376661e-04 3.050955190615734728e-04 3.183885277304621011e-04 3.316204328545030271e-04 3.527482194266904183e-04 3.547618162161656060e-04 3.345212662874993796e-04 3.251105481758708349e-04 3.289560598589402187e-04 3.305913373529104516e-04 3.211505364633186191e-04 3.163005024246344932e-04 3.250254861730773274e-04 3.422701400873972904e-04 3.557518948109029619e-04 3.493332408176568426e-04 3.248030136317089618e-04 3.186474947383718254e-04 3.352269520151089904e-04 3.404265495175349469e-04 3.262480098602306444e-04 3.117017787542964574e-04 3.163096545094805454e-04 3.327818593610088783e-04 3.363956157223208605e-04 3.270815633190076593e-04 3.258844165213455979e-04 3.388222509545973970e-04 3.474981308244586464e-04 3.290894436315301317e-04 3.039063102929588623e-04 3.051244819345673280e-04 3.357238366456527794e-04 3.576823771864836069e-04 3.279982391930169822e-04 2.403286034314957914e-04 1.487796357634551799e-04
2.016879856546391608e-04 2.802435761762958090e-04 3.401190187321118368e-04 3.515337790370251124e-04 3.363786313820951767e-04 3.264140155156801263e-04 3.132752375258030745e-04 2.998528844589087015e-04 3.029130590109763675e-04 3.190424477848775495e-04 3.328428917286582224e-04 3.346140742898780739e-04 3.410647752349772049e-04 3.507419579679655415e-04 3.403203654092556638e-04 3.212802966860990421e-04 3.140229155031708415e-04 3.069239438252905619e-04 3.076513406051604896e-04 3.254199320384468241e-04 3.364524832738685113e-04 3.385910383755030362e-04 3.372108408665869771e-04 3.510606788698263916e-04 3.689984148970821783e-04 3.561701960035414680e-04 3.259510730231970238e-04 3.182320308748905332e-04 3.241891923973223670e-04 3.267932022532472718e-04 3.361247227354138161e-04 3.590055964601905061e-04 3.668441609180842639e-04 3.502155358599698615e-04 3.252514584920654199e-04 3.141177261696481097e-04 3.247422647972168569e-04 3.297876351065736743e-04 3.334800615662216697e-04 3.320406521180033405e-04 3.335044888925051305e-04 3.410905132980680062e-04 3.391340807442291697e-04 3.282237562493950205e-04 3.130424167563154681e-04 3.076154229306492845e-04 3.224654449697810432e-04 3.466117278505541658e-04 3.483959327822074730e-04 3.261583834770498142e-04 3.186329121168975358e-04 3.315540562359112903e-04 3.376056894986616611e-04 3.331073479115405269e-04 3.273347007687139789e-04 3.290068752758070880e-04 3.298521978654732996e-04 3.249620417309352595e-04 3.229500597030210808e-04 3.246183237593350300e-04 3.300999327785716529e-04 3.425387546932055316e-04 3.365028724381061587e-04 3.148210543948519718e-04 3.181767929986516457e-04 3.245004030262123654e-04 3.248249494555168447e-04 3.414208786003837927e-04 3.450758528224283166e-04 3.247903872615626468e-04 3.160177766803592752e-04 3.200969759835219390e-04 3.215219393016413639e-04 3.170764707281083054e-04 3.174990019490163103e-04 3.232554223716096868e-04 3.270095727118119068e-04 3.326587263438171766e-04 3.311401441983512347e-04 3.188692453221890488e-04 3.154499590684502891e-04 3.291959935083027078e-04 3.442558694169112025e-04 3.382973904298596565e-04 3.155787701821235959e-04 3.142621951578308077e-04 3.384668740915548280e-04 3.467741131442459769e-04 3.350231255629468612e-04 3.334262682007164665e-04 3.417403778216000602e-04 3.487329670332541811e-04 3.369801020536162791e-04 3.144041444825676273e-04 3.139971793394873752e-04 3.376997911094557292e-04 3.530759484629936401e-04 3.186453664150593144e-04 2.313128257868382262e-04 1.464358983958361480e-04
1.968438112725421859e-04 2.701451800159563612e-04 3.300702448238843263e-04 3.441257219532851616e-04 3.377875430195222345e-04 3.429126029590680498e-04 3.396807365728590484e-04 3.247346932036465281e-04 3.111292405373348373e-04 3.059500479500349302e-04 3.063077457777014416e-04 3.175137233939019708e-04 3.378124463162243728e-04 3.525181667571340499e-04 3.567000298539588742e-04 3.430117985125160371e-04 3.227190977448877703e-04 3.078765172705751193e-04 3.120924717922785637e-04 3.341175515184359414e-04 3.438345422424376931e-04 3.431212615041455373e-04 3.362426502791846092e-04 3.340437934495708167e-04 3.438208049838295923e-04 3.462941437397192121e-04 3.325367901591119984e-04 3.316500708701803409e-04 3.404969138486298261e-04 3.368948093306126904e-04 3.265029589635457235e-04 3.319670333162659396e-04 3.416697997380010402e-04 3.445564633659250423e-04 3.323601822889378195e-04 3.184650596006457970e-04 3.194402613078266588e-04 3.199436104087731111e-04 3.218339588582613386e-04 3.229548840367674808e-04 3.333092046767399154e-04 3.389608071020193533e-04 3.307041050274845090e-04 3.211898041347396350e-04 3.125887866846245979e-04 3.115862321934279857e-04 3.268885432044432368e-04 3.437549319101412208e-04 3.355388995251272076e-04 3.097726649710845861e-04 3.104688510854213186e-04 3.327036113022208683e-04 3.370463851412266619e-04 3.313336925896439005e-04 3.222453857444146840e-04 3.186951586270205059e-04 3.211129511184862410e-04 3.211527188722210322e-04 3.175417936599352585e-04 3.165024243124650192e-04 3.203236430642467255e-04 3.354793950137672110e-04 3.460813004148618598e-04 3.380693148086268986e-04 3.350371494514588558e-04 3.270361593689302205e-04 3.153330672326410560e-04 3.232280005627568209e-04 3.333158030409615166e-04 3.220923240235409142e-04 3.130729015251109792e-04 3.150801996367749106e-04 3.198890912356618338e-04 3.250562497478664842e-04 3.351756232161092006e-04 3.379734853996111147e-04 3.249144765935601761e-04 3.222157699371465812e-04 3.277649774903260149e-04 3.277633911603348754e-04 3.279155115589259912e-04 3.367606252333414673e-04 3.516672599287088254e-04 3.484832847769977907e-04 3.252313892715028801e-04 3.162526771379043896e-04 3.372633020327857984e-04 3.470493478836325358e-04 3.353973245464113664e-04 3.378889037312078712e-04 3.445021342912549852e-04 3.532565125177584107e-04 3.493269109370283464e-04 3.304642366684382507e-04 3.327669304925521144e-04 3.509150144620047651e-04 3.589136826768310647e-04 3.212477169222576531e-04 2.342248991874006710e-04 1.529239608761664613e-04
1.969718071708332599e-04 2.691741231217533608e-04 3.263421923633471212e-04 3.408342960092958880e-04 3.443913296145951564e-04 3.595755545617005961e-04 3.654174125007100100e-04 3.578688985196626002e-04 3.387264388466170546e-04 3.213760491356434782e-04 3.121772819319627639e-04 3.156592938870184887e-04 3.297685546729234546e-04 3.464242148150462465e-04 3.622011788556494041e-04 3.488743429007995457e-04 3.239043626279266772e-04 3.162474409677918730e-04 3.347971966646515370e-04 3.573835665844058199e-04 3.579824589859396033e-04 3.482274355164861543e-04 3.330039641184242118e-04 3.191762209560870941e-04 3.286958817053248498e-04 3.453793437384781529e-04 3.374815559426459126e-04 3.345422178539749413e-04 3.427607190452161686e-04 3.368668630488140113e-04 3.132568670842951356e-04 3.023742352926597071e-04 3.135343474361614079e-04 3.378524628862034649e-04 3.504759953224308600e-04 3.372191653732163532e-04 3.202873393319348840e-04 3.186436885480515473e-04 3.288841967877679292e-04 3.404803662535245716e-04 3.570946024465869407e-04 3.540749217114198192e-04 3.370084562512678009e-04 3.304085874519045837e-04 3.286407588268106298e-04 3.258358254771184228e-04 3.307337956380632929e-04 3.381267850120664269e-04 3.314469500790110669e-04 3.123973641043633698e-04 3.147907324234390232e-04 3.348302607193893738e-04 3.433898437769446242e-04 3.399028724487876928e-04 3.271670934058416619e-04 3.239237798175838745e-04 3.312376421354988674e-04 3.370906482741197830e-04 3.366411975290178188e-04 3.298778813524544102e-04 3.198103975455388222e-04 3.278074878056816454e-04 3.478488808264801075e-04 3.514423051598357557e-04 3.453004234421441863e-04 3.311565609963190997e-04 3.158174566802593930e-04 3.208425730463048547e-04 3.361000200392520341e-04 3.383169823028640681e-04 3.366693586309422699e-04 3.357036814339267226e-04 3.366899935943989649e-04 3.405415178757024769e-04 3.571631997750885842e-04 3.633686622956533593e-04 3.399272135572595091e-04 3.202307685269408866e-04 3.188816577197005602e-04 3.267697104497492436e-04 3.349018730018038471e-04 3.414893741185454383e-04 3.519031735005084295e-04 3.431545586567280571e-04 3.166127040724868056e-04 3.086165206477049089e-04 3.305327608290505037e-04 3.390377566165858852e-04 3.264107613720047905e-04 3.300886773520486650e-04 3.350517487680638833e-04 3.455460839942224539e-04 3.435683939401095789e-04 3.233928362644458037e-04 3.293787401518712870e-04 3.486668701697280201e-04 3.513197356344479987e-04 3.181802322767859599e-04 2.381385201577232522e-04 1.580943341591804774e-04
1.992940759758557131e-04 2.736783826421897614e-04 3.304589430734631802e-04 3.401326582012189942e-04 3.363453985231728421e-04 3.436390259732533003e-04 3.527800307211133909e-04 3.539329261174053651e-04 3.395411811582210813e-04 3.264781779947062684e-04 3.255419385558652344e-04 3.264819440481023802e-04 3.261590608847365078e-04 3.355889109070472193e-04 3.501373431312153209e-04 3.350947996562914609e-04 3.112830527436485136e-04 3.105824887038958755e-04 3.417645874209214105e-04 3.672180670055030815e-04 3.588333423649876222e-04 3.408892002947916389e-04 3.256123521483816072e-04 3.145746824903172725e-04 3.259833481610747985e-04 3.475968420600979028e-04 3.415398390085845289e-04 3.352853226687885517e-04 3.430178485682994346e-04 3.376313403156485119e-04 3.119461739092784826e-04 2.990144931374646813e-04 3.144172258272359211e-04 3.451841102642864241e-04 3.644971949666483794e-04 3.534948395233877523e-04 3.323791292422883094e-04 3.344524567414012672e-04 3.473020470712838447e-04 3.535281100412399893e-04 3.625460273562662811e-04 3.539492749538358991e-04 3.336586017811903320e-04 3.320089614232548205e-04 3.370393141065079713e-04 3.292884747660700540e-04 3.224041223305508931e-04 3.273186498734751825e-04 3.341390858563449357e-04 3.318102105418144340e-04 3.348472687467264662e-04 3.400186484800252489e-04 3.490706419124534120e-04 3.535860813158501299e-04 3.453768995843901554e-04 3.431122751690677793e-04 3.489058879866705713e-04 3.507996710458066497e-04 3.462980832752249154e-04 3.375124389519901973e-04 3.260097230152657561e-04 3.236390815542481867e-04 3.361007363358757202e-04 3.443533380724897496e-04 3.439500183586344760e-04 3.394787075644614400e-04 3.349712381964404248e-04 3.398090411728302263e-04 3.446796266970866655e-04 3.480137314262818360e-04 3.555108257226732502e-04 3.579660787394847482e-04 3.537680574993755595e-04 3.515247630006700010e-04 3.692506412341924841e-04 3.778950770799397070e-04 3.541001646841309032e-04 3.203024111410198403e-04 3.023669005349702548e-04 3.098032800265462100e-04 3.267711287378892784e-04 3.379273061153701047e-04 3.505415840455462502e-04 3.450281555385974544e-04 3.220003222967348939e-04 3.171735277657390098e-04 3.364062567496739617e-04 3.454492820835200137e-04 3.319833787099053910e-04 3.241029794074199062e-04 3.221020075606242732e-04 3.348618744311240717e-04 3.379670859295341029e-04 3.220813261878634984e-04 3.237605768141620034e-04 3.407317784194710672e-04 3.445505188505047691e-04 3.143520007134197221e-04 2.393147547268072747e-04 1.609937514127455648e-04
1.979845804468017959e-04 2.707654764248908176e-04 3.239263326341987651e-04 3.311907052462040790e-04 3.217709854507646954e-04 3.238628698667001655e-04 3.336752238386852913e-04 3.374057348861117479e-04 3.343527120310963016e-04 3.290599770586689248e-04 3.290877310155016465e-04 3.344259073844649396e-04 3.389295631153193145e-04 3.451005840294850240e-04 3.512636335866382202e-04 3.353387192746758649e-04 3.102078758506039095e-04 3.077725041770974172e-04 3.322776507580803068e-04 3.497404892376620696e-04 3.383587034091461716e-04 3.238870727497221783e-04 3.189200412058212962e-04 3.155863895544361503e-04 3.244692136428795645e-04 3.402982714745832107e-04 3.356603477536052038e-04 3.304561968402806426e-04 3.398935932703947452e-04 3.449192574366126722e-04 3.299885323733670961e-04 3.165031268718153422e-04 3.286798978114735103e-04 3.512850483578742458e-04 3.570063135918217709e-04 3.501883474431946325e-04 3.394792325008977188e-04 3.413784767142533962e-04 3.469326979256734628e-04 3.430989544096578730e-04 3.391622398693579406e-04 3.286333102534492296e-04 3.171329376977357825e-04 3.293249692001716500e-04 3.424819433996370045e-04 3.305147479827570721e-04 3.176182874695891289e-04 3.233860384794004896e-04 3.369457198653248546e-04 3.450443236159795798e-04 3.479648717059672606e-04 3.374974983593992915e-04 3.415650331376727817e-04 3.577756035872517492e-04 3.619277618787439645e-04 3.569191717846228518e-04 3.521029846373132776e-04 3.407589152946335215e-04 3.280892851600915533e-04 3.308714389001637685e-04 3.346715676825769256e-04 3.240114216504859281e-04 3.205616884076023217e-04 3.295501056404056715e-04 3.341496722676392367e-04 3.358377120011627436e-04 3.401729197016440743e-04 3.482053396231824189e-04 3.483217461929313525e-04 3.431005357359238764e-04 3.436099167955611084e-04 3.426944656121458399e-04 3.341248940622961903e-04 3.332776973868206965e-04 3.518973278240465500e-04 3.632350270330848645e-04 3.503242402327282979e-04 3.228433584023217761e-04 3.067598623844462790e-04 3.169674105236393096e-04 3.321116102443252924e-04 3.346423512520082860e-04 3.397650360591369153e-04 3.414964307527185942e-04 3.318540759991312752e-04 3.250629629066968543e-04 3.339143595913107634e-04 3.481813278753271819e-04 3.435060482809223245e-04 3.308105422599122241e-04 3.239925694225095757e-04 3.317809799345809068e-04 3.416957392207756162e-04 3.414143665006195202e-04 3.400904870293022819e-04 3.478682816051846300e-04 3.530945015181236111e-04 3.193936869806517369e-04 2.378157848238546398e-04 1.556942280238074407e-04
2.107745087389515173e-04 2.788083413102409929e-04 3.262068307491629293e-04 3.327240318206658477e-04 3.238665114926555415e-04 3.337926501046526383e-04 3.506819748497180789e-04 3.505390992383053709e-04 3.449100131787791700e-04 3.364888324920890122e-04 3.305726066784579103e-04 3.371072755256573125e-04 3.482105079907248449e-04 3.545697837341394354e-04 3.575548763201282236e-04 3.418923593585171177e-04 3.174965781517364574e-04 3.146008949794289493e-04 3.233896440448132386e-04 3.220912426002256511e-04 3.131035021426607995e-04 3.147282689608884589e-04 3.212835789821834385e-04 3.160252306317057336e-04 3.124691360854618075e-04 3.135499773242333586e-04 3.137504380430214076e-04 3.221070992549326939e-04 3.376845217283883441e-04 3.506319924306810490e-04 3.433040765859836536e-04 3.277032364458157699e-04 3.324257521794719361e-04 3.451478705280506534e-04 3.454082394607293051e-04 3.439312907605918297e-04 3.338859176752882090e-04 3.289064822652810528e-04 3.376710399258228473e-04 3.391183383870878965e-04 3.323561684994222202e-04 3.248005567504831529e-04 3.193646265751207136e-04 3.324608973784453411e-04 3.455877375413127011e-04 3.360168877875638034e-04 3.232909765098241229e-04 3.237823585946381934e-04 3.319731488324453384e-04 3.420961811562287023e-04 3.412305729606971002e-04 3.247878225391969027e-04 3.299460371598509495e-04 3.521472504409190623e-04 3.557570656664508493e-04 3.415166900990399121e-04 3.286349107011793023e-04 3.183941242038225211e-04 3.133225184130532552e-04 3.241145269631053342e-04 3.351730213204133415e-04 3.259364800476856078e-04 3.145743213788539496e-04 3.219414965689977939e-04 3.296023179092779157e-04 3.275997910635478159e-04 3.244370026583987942e-04 3.336727588615749510e-04 3.420901231762092220e-04 3.375895314296840140e-04 3.289494577532158502e-04 3.177603826374753547e-04 3.046761318560805600e-04 3.058665886625905848e-04 3.249920961346071868e-04 3.479202309144032563e-04 3.470982761231666521e-04 3.302869419286656553e-04 3.281758001533101408e-04 3.422764344389486019e-04 3.504558066625801079e-04 3.402890056609903066e-04 3.304715726980525427e-04 3.294795045137058039e-04 3.323105460354925864e-04 3.282568836738796987e-04 3.275782259110930281e-04 3.411126815917709483e-04 3.450463449178513362e-04 3.357971148690981037e-04 3.282362888319497645e-04 3.268873806504437717e-04 3.366344256491963800e-04 3.449392966989319690e-04 3.410070052208875749e-04 3.409078537425383015e-04 3.506487644256920787e-04 3.252043124200580844e-04 2.413418658019184191e-04 1.521152449882604485e-04
2.345267795650598142e-04 2.914609826210589607e-04 3.331629571793751684e-04 3.404347265766535248e-04 3.316577722421455688e-04 3.475590016624116878e-04 3.694967415023804125e-04 3.644833709591226590e-04 3.449126941031826522e-04 3.300554306203863511e-04 3.282331278890816893e-04 3.337627367124208115e-04 3.353994092477149318e-04 3.364750745430851713e-04 3.445711354562547247e-04 3.382529471935179417e-04 3.262769984379829168e-04 3.263555011986509023e-04 3.233809567960249610e-04 3.116393542165306211e-04 3.079148078164202626e-04 3.200549535739845406e-04 3.322885960959521406e-04 3.228448021707335663e-04 3.063051615920867055e-04 3.022019323500768520e-04 3.160658443956214890e-04 3.343961828766587913e-04 3.445007379218026269e-04 3.505252125624744265e-04 3.462088314423716873e-04 3.354424726571233247e-04 3.343115824869989606e-04 3.366295074613141454e-04 3.375763699752507615e-04 3.434411419088777631e-04 3.381052144109210952e-04 3.281387248148050261e-04 3.358810575228109553e-04 3.439922228421221379e-04 3.467650761452812334e-04 3.462494441277069127e-04 3.390614592770852605e-04 3.444541129118767944e-04 3.542343167228783219e-04 3.416374245131758550e-04 3.206810642720751446e-04 3.168194854230043950e-04 3.289862087135060837e-04 3.436792117286834687e-04 3.361289603386667614e-04 3.185398570635875884e-04 3.318214083543269627e-04 3.533750369336705966e-04 3.450351007980089835e-04 3.240692432774361365e-04 3.092839010163677847e-04 3.080337489267657471e-04 3.191341667672669313e-04 3.363948226531073699e-04 3.509247792702766336e-04 3.495020129504025934e-04 3.349108246310371784e-04 3.297207042779888814e-04 3.346216146494763967e-04 3.316584855189909798e-04 3.205976931329465943e-04 3.221607390431311551e-04 3.278041758750322647e-04 3.284725468021825346e-04 3.254732383808560761e-04 3.202932396882610241e-04 3.117592024283609604e-04 3.065615409017682621e-04 3.163591550683295941e-04 3.455056849769041561e-04 3.545651050766186752e-04 3.473030211002752052e-04 3.486811573427534548e-04 3.493804013742516984e-04 3.484612965559957939e-04 3.356110510236299106e-04 3.218000726831737315e-04 3.253359520109803580e-04 3.372883179452565352e-04 3.400036132736188087e-04 3.384425271274580532e-04 3.403355925875363192e-04 3.394813609732535509e-04 3.389124806861326319e-04 3.449908298687085167e-04 3.461580594781283162e-04 3.413279539438080542e-04 3.312303359489321506e-04 3.198985091332781183e-04 3.182589846939036472e-04 3.306312340934431564e-04 3.202948189277109560e-04 2.515125034421318009e-04 1.663539260465397146e-04
2.328874127264210817e-04 2.794844041690698849e-04 3.160096828454846542e-04 3.297986925181191462e-04 3.258732125845687248e-04 3.369365986203704780e-04 3.538677494952938499e-04 3.500312686707630428e-04 3.304059326316989521e-04 3.171049326883572297e-04 3.193799871509749554e-04 3.241531401169580598e-04 3.170855888581916907e-04 3.152997775744604452e-04 3.302158174962515963e-04 3.353737000140914271e-04 3.352229581677851691e-04 3.327294312360433806e-04 3.232258274040699644e-04 3.176365235988109484e-04 3.245852596721381317e-04 3.371301075589259511e-04 3.470813510433873447e-04 3.353299571877600845e-04 3.198529850620932826e-04 3.305343386982955421e-04 3.517603368728763891e-04 3.570117764164764274e-04 3.474892971784531576e-04 3.413873652513180852e-04 3.401119573949330094e-04 3.353760754187161625e-04 3.294411876691878942e-04 3.260467356529122055e-04 3.305142140470345596e-04 3.453780377892042464e-04 3.525410680171496905e-04 3.399383146639442304e-04 3.336350006057243328e-04 3.371150421278956005e-04 3.434261596128461891e-04 3.463639136270364694e-04 3.414523526054432799e-04 3.420051605117001119e-04 3.482533873439718668e-04 3.333664697701353144e-04 3.071613032371171880e-04 3.076752219750109475e-04 3.270596995795078629e-04 3.427459457968688142e-04 3.354325527310682547e-04 3.250857701574588797e-04 3.454089979689981948e-04 3.632537645268095494e-04 3.487272019450213170e-04 3.298111091932462457e-04 3.166602854073151526e-04 3.216991816261402862e-04 3.382392798933079648e-04 3.530683573822289011e-04 3.636604797894514660e-04 3.666280222224220639e-04 3.569660781818748303e-04 3.428184626153889724e-04 3.378054491433238739e-04 3.360626016920300035e-04 3.310983007521091370e-04 3.295653364766156466e-04 3.229649128174692015e-04 3.201968833573977770e-04 3.262036657204976696e-04 3.389632010147866983e-04 3.456554059207014537e-04 3.346681489508837332e-04 3.235792717016517913e-04 3.359133261191109580e-04 3.474816803479915017e-04 3.476934845841035768e-04 3.449770699769615090e-04 3.375614023152413994e-04 3.402343166172592344e-04 3.362896906901634069e-04 3.241537903409128169e-04 3.256583786991705922e-04 3.338255244330763346e-04 3.405339199782687638e-04 3.463628463093056911e-04 3.398316760917840856e-04 3.267404822146125929e-04 3.292278934875282918e-04 3.490825038497778884e-04 3.605156645835387542e-04 3.464876930720457498e-04 3.199383847398226547e-04 3.104093122260113101e-04 3.154152300644803126e-04 3.204939237901722159e-04 3.064043134722533386e-04 2.484757857467522857e-04 1.768839006288571846e-04
2.135027679307676849e-04 2.656566644530978681e-04 3.050063213150351529e-04 3.209354281551912084e-04 3.203864347042797121e-04 3.219666681417347829e-04 3.301894911548423754e-04 3.341948538299964033e-04 3.263909396411025267e-04 3.119826554955347866e-04 3.111847441802373382e-04 3.254392734968913252e-04 3.265088892574688614e-04 3.219532667753480541e-04 3.312079529988779750e-04 3.324279564710200014e-04 3.305303430059929070e-04 3.294632993446109477e-04 3.252110757199215985e-04 3.321547888382232359e-04 3.463992967674988689e-04 3.529213328910614685e-04 3.555665773319538134e-04 3.385764677078514982e-04 3.273466536989004094e-04 3.499704286883269276e-04 3.685199896740269611e-04 3.591276579856536935e-04 3.368903639434162110e-04 3.244870578701168325e-04 3.240181386318161235e-04 3.240216926606857189e-04 3.195747841402984697e-04 3.210481239342027372e-04 3.320768579750276090e-04 3.471276920299874854e-04 3.523876980974349066e-04 3.375335623466229847e-04 3.221634922155856037e-04 3.181962894422122505e-04 3.232095604035614212e-04 3.322994929263689773e-04 3.370508675803942787e-04 3.322230779520731619e-04 3.312061623250278902e-04 3.238876579270483702e-04 3.046695776060624056e-04 3.087122178495634158e-04 3.255308116129091312e-04 3.383415722249291484e-04 3.390815061675108745e-04 3.368373261131849461e-04 3.504200893503386471e-04 3.626859606436557294e-04 3.514780120024760647e-04 3.359489642480223328e-04 3.278394259802573782e-04 3.369942345549925273e-04 3.468228961072182081e-04 3.481933717600565006e-04 3.467071098711962604e-04 3.479912373198622982e-04 3.462151443308676560e-04 3.406450544850602238e-04 3.342847379401704634e-04 3.295383281152502899e-04 3.298545667108064051e-04 3.339250579155435619e-04 3.257216460582527473e-04 3.204118618018100286e-04 3.271377837405638981e-04 3.436938699540918415e-04 3.572128128199033789e-04 3.468266274344952585e-04 3.226868302383393205e-04 3.166595403150625535e-04 3.260275609113127320e-04 3.307401326475634465e-04 3.308426181310036591e-04 3.325067911519588777e-04 3.466637527170656364e-04 3.493405878640611540e-04 3.339717891919829953e-04 3.252541202100973287e-04 3.248868466916907507e-04 3.320344155419935415e-04 3.468623814895483120e-04 3.429081732114325600e-04 3.214300268272498847e-04 3.146983840376901863e-04 3.299043197122933195e-04 3.441019249064609670e-04 3.384436271747924725e-04 3.210496525455483127e-04 3.233875142530487400e-04 3.340228778305752736e-04 3.259611231954736166e-04 2.957379108005875291e-04 2.340100479820454650e-04 1.648709433681893504e-04
2.206643508700409481e-04 2.777391662742110796e-04 3.180022242681231244e-04 3.252966461677665212e-04 3.195645585927126041e-04 3.181475240894114241e-04 3.298178744001830547e-04 3.452375559306333709e-04 3.455738989496193398e-04 3.195996093695014739e-04 3.101466247061090758e-04 3.359646837928231019e-04 3.471997478726805263e-04 3.338235895807841695e-04 3.311172836776940954e-04 3.284437234155169289e-04 3.230115219665034951e-04 3.218589540308407172e-04 3.235738016565583154e-04 3.402292789528795110e-04 3.579853828914887062e-04 3.583862603111725000e-04 3.550188498839662848e-04 3.372365582402703428e-04 3.246509459451448094e-04 3.382332188761206365e-04 3.509317123361054306e-04 3.406695323968854080e-04 3.229567686798018875e-04 3.171890382457917892e-04 3.185949022345510194e-04 3.216270369815994799e-04 3.196876896653493829e-04 3.251251223411967452e-04 3.437455972952418678e-04 3.567470609631159893e-04 3.487662352737567768e-04 3.264787248159799682e-04 3.093002725485830234e-04 3.088997664874981036e-04 3.212575330718208744e-04 3.378178894988091577e-04 3.486181726439447964e-04 3.402322543406264589e-04 3.317762225934771684e-04 3.339276507156625361e-04 3.253141933240798309e-04 3.243820913841900496e-04 3.342544569389162040e-04 3.414914966069968719e-04 3.378355269871927960e-04 3.312575671263674098e-04 3.323669468691170309e-04 3.461729520920199749e-04 3.460678380438397600e-04 3.332992672620194901e-04 3.298788575676355308e-04 3.397030332544423415e-04 3.460281475766616263e-04 3.382753075746643286e-04 3.235039416102375312e-04 3.163774552082686048e-04 3.202815651209769835e-04 3.302095483734997488e-04 3.309811128881280391e-04 3.227421611790903594e-04 3.146520473664500724e-04 3.227241953463544713e-04 3.291633143385747475e-04 3.312236357303940102e-04 3.336846276972534400e-04 3.405071129635510951e-04 3.479142088825604487e-04 3.361446010199563230e-04 3.104409530334218629e-04 3.025134481104152788e-04 3.159888912975240241e-04 3.287190461987625836e-04 3.382839751230364489e-04 3.437586566128212956e-04 3.508257333703528654e-04 3.465792918695663472e-04 3.324111272409878328e-04 3.281182844075234838e-04 3.291816851960974568e-04 3.332010028394462179e-04 3.442211760045188170e-04 3.417403940214089157e-04 3.247661903977957154e-04 3.117015114330368738e-04 3.178851166050487603e-04 3.345385053003050173e-04 3.442900233012985791e-04 3.397261292476367288e-04 3.359745469932074076e-04 3.393011224477539994e-04 3.302770105343014271e-04 2.989527625027414552e-04 2.308318105955243507e-04 1.544092064629112393e-04
2.369223049250397325e-04 2.954235806791440447e-04 3.290713326890438561e-04 3.244852735263701812e-04 3.136728886670278518e-04 3.161388566883895947e-04 3.401417675167496676e-04 3.635492690288568210e-04 3.608500685153631041e-04 3.274191225746069488e-04 3.151609724996208561e-04 3.390673812395124777e-04 3.469774018755474292e-04 3.315900555714361127e-04 3.327453501916545508e-04 3.412713742897971600e-04 3.335218594040956653e-04 3.168246656324380582e-04 3.161488932549915494e-04 3.343572264758894988e-04 3.440137930493178398e-04 3.383425046985769243e-04 3.396011257724061922e-04 3.362689126830242358e-04 3.277980741457713044e-04 3.260202759912315495e-04 3.235961535330690673e-04 3.164470835075309423e-04 3.222021819934360034e-04 3.394921414917550476e-04 3.440927163795179334e-04 3.365831306442392413e-04 3.239173981140573548e-04 3.230835137599838251e-04 3.403120772479660029e-04 3.564574062490234274e-04 3.496806875580517251e-04 3.277472342403384750e-04 3.160259954631181294e-04 3.192078417431917043e-04 3.319104407279594837e-04 3.475116716166332933e-04 3.570107388325477666e-04 3.500643515283916019e-04 3.381174922890303703e-04 3.392014017390961120e-04 3.371355484318972980e-04 3.372966170470527263e-04 3.443819892231210012e-04 3.460865032341119401e-04 3.331242961984084831e-04 3.141114563692379204e-04 3.032615107670195900e-04 3.226142035725424882e-04 3.394174293051798450e-04 3.354862455772242118e-04 3.339110819444952383e-04 3.374102141294263316e-04 3.428348330310506927e-04 3.367945058273033978e-04 3.211971807543332756e-04 3.128672302104939899e-04 3.221147228943589290e-04 3.358037548479709373e-04 3.362977969411061474e-04 3.326518367832054408e-04 3.235629934467001241e-04 3.248251157214892973e-04 3.287974446826796523e-04 3.351307361938424311e-04 3.448509675189264734e-04 3.449800610541813983e-04 3.443477002093278043e-04 3.389260297198652141e-04 3.172132372826185756e-04 3.076990554854651090e-04 3.261796110643279986e-04 3.443548246448570696e-04 3.496504902402234856e-04 3.459184155171119465e-04 3.402906052874547977e-04 3.320318047353737630e-04 3.257733339307183223e-04 3.301777083524875807e-04 3.386143756905212214e-04 3.404495061826394702e-04 3.363709046502841066e-04 3.292585862066679759e-04 3.229977385594724748e-04 3.157897342637231959e-04 3.232836860869250668e-04 3.442823530843217711e-04 3.608603930782439562e-04 3.629473017167537605e-04 3.448335017095417059e-04 3.293037221915753963e-04 3.254055091950612977e-04 3.037486952444076239e-04 2.325099555229375673e-04 1.525554973432814861e-04
2.215339912848827866e-04 2.825706429527381964e-04 3.214367796554683633e-04 3.286634627638106501e-04 3.231294966620995926e-04 3.164461815045046893e-04 3.307207752822718169e-04 3.531858401030790089e-04 3.480442845867121504e-04 3.186693389725088563e-04 3.141825232054890060e-04 3.335420963804315618e-04 3.397182831163086383e-04 3.347633980328667234e-04 3.438579391152197639e-04 3.570575892419938823e-04 3.498022505109997168e-04 3.309184404837374081e-04 3.274100894136570180e-04 3.329395792191689168e-04 3.260516400482359818e-04 3.150688207833803349e-04 3.187995467062914928e-04 3.278078068901159217e-04 3.336130058021792859e-04 3.306858586061116063e-04 3.150796438221848111e-04 3.122958105602206998e-04 3.324823053017149452e-04 3.557618940862057990e-04 3.645070617389272014e-04 3.581698809685013069e-04 3.392992182584352967e-04 3.227611108315320710e-04 3.185443771519518453e-04 3.307758303169546811e-04 3.390442704597187908e-04 3.357300903234014403e-04 3.361689156584331609e-04 3.332428751239082136e-04 3.326131382364095647e-04 3.364650762647406011e-04 3.355430897845953359e-04 3.318715789445147459e-04 3.295895875125107871e-04 3.304673587324677550e-04 3.336068061474008043e-04 3.411504397243405153e-04 3.431259629474276937e-04 3.385676452637117247e-04 3.269743838825099310e-04 3.081733713588689135e-04 2.981619525460857574e-04 3.155733191122886590e-04 3.333318726052874768e-04 3.361522243386277963e-04 3.387990338526685862e-04 3.424463919712169256e-04 3.495070345455633361e-04 3.440410534854346225e-04 3.314454022946514578e-04 3.303701476170591705e-04 3.422699589964262957e-04 3.479062463662902015e-04 3.397981214786535676e-04 3.397539554872481713e-04 3.392549839046672005e-04 3.343013109695053644e-04 3.266513552440198156e-04 3.285865525644894591e-04 3.441644887024879217e-04 3.429057740184744880e-04 3.359067628823575653e-04 3.380807878813230517e-04 3.243888789229626207e-04 3.164237142848839827e-04 3.358511540454737175e-04 3.490789927101505810e-04 3.418768817391881916e-04 3.345440420948337908e-04 3.293969583006608592e-04 3.224145920045222067e-04 3.177528239858932188e-04 3.233561561604453728e-04 3.354738683293719795e-04 3.388446170376138581e-04 3.334266734920645833e-04 3.269804603028516514e-04 3.246630878915617502e-04 3.315546504836045525e-04 3.418842760542303459e-04 3.454057935063094514e-04 3.535468912751820142e-04 3.665998412664519049e-04 3.542061148578951437e-04 3.239458776872506936e-04 3.142342131318272237e-04 3.056594161379320648e-04 2.424028067890259008e-04 1.614620577059037694e-04
1.819627520454741843e-04 2.438120107950346417e-04 3.017577540846066520e-04 3.308806680859110593e-04 3.242833605023888173e-04 2.966174595373081589e-04 2.934411896852688736e-04 3.168410450429429517e-04 3.170939252678988199e-04 2.930891317644519550e-04 2.912089344819690680e-04 3.066131704720244226e-04 3.178381928961949228e-04 3.217560829563757916e-04 3.300734821750158526e-04 3.393528697013241001e-04 3.362999198131883709e-04 3.338121213952432585e-04 3.315730887952001338e-04 3.222374377496904575e-04 3.100453069100781930e-04 3.028476965832958964e-04 3.070733214180181698e-04 3.182572237050739004e-04 3.294060514666607639e-04 3.302225526818206892e-04 3.126347357662626969e-04 3.087946033793540065e-04 3.227042043174843102e-04 3.297230766290912838e-04 3.332069009395517570e-04 3.390534037274363778e-04 3.288477522538872785e-04 3.076275813663679028e-04 2.939382274533655940e-04 3.019114661144154874e-04 3.186507104745880904e-04 3.319328284249351566e-04 3.340523824025762312e-04 3.214671448482524013e-04 3.126272206797307829e-04 3.071159269480919088e-04 2.942117703754048045e-04 2.902752875777888882e-04 3.022598858559476590e-04 3.133489388908289840e-04 3.170772878098331222e-04 3.149522436124542815e-04 3.071540733930597710e-04 3.079088702777790613e-04 3.118463641423355973e-04 3.021602954986817241e-04 2.976182908448723650e-04 3.059472554879491459e-04 3.073600063548590877e-04 3.086304611699739039e-04 3.160722961891489777e-04 3.254895844560123279e-04 3.391230289318353740e-04 3.394889544977563187e-04 3.280372002063704608e-04 3.240307827550711547e-04 3.284383978566988820e-04 3.262939805868379263e-04 3.163424380159892031e-04 3.180060273334526307e-04 3.207445893118545006e-04 3.193628199927218449e-04 3.189078723588093770e-04 3.173256352598328306e-04 3.222099276307636029e-04 3.171460530539825149e-04 3.093745270803314302e-04 3.129534923541037053e-04 3.031469185770068993e-04 2.971796521367366020e-04 3.128794122686131933e-04 3.196851469173531742e-04 3.139459643555550907e-04 3.205631838835143726e-04 3.216778345408007533e-04 3.132134527421701542e-04 3.099361105861448643e-04 3.131176790465515364e-04 3.177254014392891300e-04 3.209716462878460757e-04 3.278702093465069977e-04 3.261382258445189356e-04 3.206466623699668239e-04 3.352171206905923528e-04 3.392814256579987364e-04 3.165989761984173154e-04 3.114629515616945460e-04 3.278571126135572888e-04 3.260675209293055314e-04 3.005710267351933973e-04 2.949995743504609620e-04 3.021495523381083391e-04 2.490872079740879793e-04 1.674292489043816695e-04
1.317356924008367103e-04 1.924397325478208838e-04 2.547677352645054578e-04 2.773177753272424188e-04 2.591978809760602962e-04 2.281936333314372773e-04 2.253270456701604628e-04 2.481492850028185716e-04 2.529725448958256885e-04 2.390662006481095549e-04 2.355728857117109784e-04 2.376826075231686455e-04 2.425963362987695730e-04 2.479027213598035276e-04 2.544508001223163077e-04 2.613367729515673685e-04 2.632925741226280593e-04 2.723064788231557582e-04 2.733397697916387916e-04 2.588169096537898308e-04 2.476142277476166688e-04 2.496851155162627665e-04 2.579060953674516409e-04 2.638348282274535338e-04 2.657953909824667111e-04 2.648626441304231935e-04 2.562105325985649024e-04 2.512183206160642349e-04 2.567722030995076444e-04 2.586275305258768534e-04 2.557765444539291918e-04 2.653749483212945086e-04 2.655366169463849570e-04 2.465929383827772034e-04 2.342694211246843352e-04 2.436366523407253388e-04 2.641973954714593232e-04 2.817872298957538866e-04 2.782688438897126934e-04 2.632094968905295158e-04 2.564153572768438152e-04 2.471724306633025841e-04 2.316484564844801142e-04 2.334333503305366744e-04 2.529643277575836595e-04 2.654056228515543200e-04 2.638419770176514715e-04 2.524088085262322662e-04 2.438567522891330920e-04 2.530583122139842822e-04 2.648659356112724635e-04 2.559465428367561825e-04 2.510396625300628684e-04 2.551174048546731325e-04 2.451904114497609286e-04 2.418017257564818059e-04 2.475046972452054272e-04 2.535762945808053186e-04 2.656585221084076113e-04 2.709754341264212943e-04 2.614750634786990220e-04 2.490509901446261837e-04 2.495449219326619211e-04 2.535273337014409649e-04 2.523704374903593399e-04 2.567457513554177793e-04 2.559213433121378242e-04 2.569852331966628739e-04 2.673057390044710781e-04 2.713881480297853808e-04 2.701723229082959150e-04 2.597763214035721333e-04 2.479083373642517948e-04 2.513616166291106954e-04 2.482936902948632246e-04 2.417486032959369332e-04 2.490704262269548253e-04 2.565354213567716405e-04 2.621942855214608485e-04 2.741943087775579498e-04 2.707973963845208311e-04 2.627162620861597645e-04 2.669817016730399945e-04 2.691242926143132936e-04 2.647046670071296964e-04 2.667187205153725613e-04 2.837899611420519096e-04 2.838543497423219597e-04 2.676480430323004297e-04 2.705943748014372598e-04 2.676969445495668638e-04 2.445125572578955419e-04 2.367703722402438623e-04 2.470927017951608557e-04 2.484538184122636736e-04 2.359828086796933639e-04 2.407494143024894865e-04 2.531821526318367649e-04 2.075647220590043644e-04 1.356580851636111158e-04
8.098512723518169840e-05 1.328624978146639244e-04 1.837599218358903640e-04 1.880887048788271198e-04 1.623424782063914761e-04 1.425214324469536802e-04 1.489018738663751523e-04 1.695321632116174142e-04 1.750123983348443818e-04 1.678403688646544435e-04 1.636389950578011517e-04 1.571141692643772273e-04 1.562638332367582007e-04 1.629587894192226390e-04 1.676215283861877360e-04 1.694600258507910923e-04 1.719396806785884399e-04 1.810747344636155580e-04 1.867392857189743339e-04 1.801956567653747695e-04 1.724755886330683993e-04 1.772202610827272292e-04 1.812655519809895687e-04 1.765283288330177962e-04 1.703620068950585458e-04 1.679028159050155531e-04 1.700123098240380998e-04 1.703732557337480919e-04 1.729458120315638218e-04 1.777716419062965521e-04 1.781390339759396390e-04 1.883612623578717095e-04 1.939290029692873249e-04 1.784558131785540867e-04 1.680391169243937595e-04 1.792133284997509540e-04 1.936911013103183288e-04 2.007283663097633990e-04 1.927543441413770214e-04 1.800207988714499770e-04 1.761179034880663657e-04 1.645383804928027814e-04 1.526703464577611213e-04 1.653398556766545019e-04 1.906440902550913911e-04 2.010854039004032659e-04 2.001800837924093152e-04 1.949897777721982216e-04 1.928539928749638775e-04 1.983202523446066213e-04 1.997601348139405541e-04 1.839504010516843471e-04 1.786566970550960629e-04 1.848518710091004392e-04 1.715665931324135223e-04 1.650613334141950810e-04 1.695552784563734365e-04 1.720725179955811634e-04 1.782955846929289200e-04 1.804220801673004390e-04 1.710967987597639280e-04 1.572320257771477113e-04 1.610858456755075337e-04 1.729722801771339043e-04 1.796005375654941547e-04 1.836706642418329052e-04 1.791543695601231171e-04 1.782695675098896375e-04 1.871426284246594830e-04 1.935787392538247632e-04 1.884635248717058190e-04 1.771212814776785410e-04 1.652047968868797386e-04 1.674540329715578160e-04 1.719667918138566016e-04 1.683884464833575027e-04 1.720361622605592140e-04 1.827108292344241456e-04 1.931721676831470711e-04 1.967037804364762444e-04 1.840409503988947354e-04 1.756702659534039159e-04 1.839821167644426934e-04 1.893481060690153505e-04 1.842217238357571850e-04 1.853257504883497071e-04 2.039787475954854947e-04 2.033892867030727956e-04 1.778874195507457070e-04 1.667408800055051178e-04 1.656302428203846201e-04 1.586476630938884601e-04 1.578913593219934478e-04 1.669340571868461174e-04 1.702265101086092086e-04 1.635842124437955039e-04 1.670691651958399132e-04 1.726349019954197218e-04 1.378199711535139601e-04 8.748973567988699318e-05
