# Atom index	RMSF (Å)
0.000000000000000000e+00 2.491941448579641261e+01
1.000000000000000000e+00 2.329351669395105517e+01
2.000000000000000000e+00 2.730834481694103388e+01
3.000000000000000000e+00 2.887249225497142291e+01
4.000000000000000000e+00 2.653693439052676339e+01
5.000000000000000000e+00 2.430139985824785143e+01
6.000000000000000000e+00 2.432720167590017368e+01
7.000000000000000000e+00 3.077308067306592676e+01
8.000000000000000000e+00 2.684858872579972555e+01
9.000000000000000000e+00 2.637229578059636736e+01
1.000000000000000000e+01 2.506334975807668286e+01
1.100000000000000000e+01 3.100078237108370516e+01
1.200000000000000000e+01 2.772677189355350080e+01
1.300000000000000000e+01 2.542246950322991239e+01
1.400000000000000000e+01 2.492560505869179721e+01
1.500000000000000000e+01 3.045134637483855400e+01
1.600000000000000000e+01 2.477009211571997582e+01
1.700000000000000000e+01 2.616948745133004550e+01
1.800000000000000000e+01 2.642257580715418186e+01
1.900000000000000000e+01 2.349791852490088928e+01
2.000000000000000000e+01 2.461698336238260154e+01
2.100000000000000000e+01 2.764004979913761062e+01
2.200000000000000000e+01 2.320038608653411671e+01
2.300000000000000000e+01 2.385842260158806738e+01
2.400000000000000000e+01 2.991663828997986130e+01
2.500000000000000000e+01 2.142295328380863140e+01
2.600000000000000000e+01 2.939131024036898765e+01
2.700000000000000000e+01 2.557878748610199082e+01
2.800000000000000000e+01 2.872901458016529475e+01
2.900000000000000000e+01 2.675918424115941363e+01
3.000000000000000000e+01 2.877164545733601386e+01
3.100000000000000000e+01 2.999847907041262118e+01
3.200000000000000000e+01 2.508589073465471841e+01
3.300000000000000000e+01 2.350210370846597741e+01
3.400000000000000000e+01 2.804639602930692277e+01
3.500000000000000000e+01 2.208315530697016627e+01
3.600000000000000000e+01 2.967694878235392508e+01
3.700000000000000000e+01 2.703081461197341540e+01
3.800000000000000000e+01 2.610248788796677388e+01
3.900000000000000000e+01 2.521135255719209667e+01
4.000000000000000000e+01 2.720437029385084315e+01
4.100000000000000000e+01 2.283204084748642870e+01
4.200000000000000000e+01 2.288153618453424087e+01
4.300000000000000000e+01 2.130759657380212957e+01
4.400000000000000000e+01 2.430454908936090064e+01
4.500000000000000000e+01 3.096951045784466316e+01
4.600000000000000000e+01 2.543017598434729010e+01
4.700000000000000000e+01 3.133208157280661510e+01
4.800000000000000000e+01 2.768474971853770938e+01
4.900000000000000000e+01 2.824544278442921552e+01
5.000000000000000000e+01 2.669833376852288964e+01
5.100000000000000000e+01 2.709094860609216582e+01
5.200000000000000000e+01 3.054584753379020157e+01
5.300000000000000000e+01 2.676780201741670595e+01
5.400000000000000000e+01 2.420290824454454182e+01
5.500000000000000000e+01 2.436613703709265977e+01
5.600000000000000000e+01 2.349423790863399120e+01
5.700000000000000000e+01 2.547661739057264185e+01
5.800000000000000000e+01 2.916540898071254873e+01
5.900000000000000000e+01 2.980286517798904455e+01
6.000000000000000000e+01 2.527094703333086301e+01
6.100000000000000000e+01 2.255909330106901223e+01
6.200000000000000000e+01 2.724583352532399871e+01
6.300000000000000000e+01 2.151338083969404380e+01
6.400000000000000000e+01 2.618782894317826404e+01
6.500000000000000000e+01 2.066731640047367335e+01
6.600000000000000000e+01 2.455236281335373150e+01
6.700000000000000000e+01 2.663338822631850178e+01
6.800000000000000000e+01 2.492613299082481859e+01
6.900000000000000000e+01 2.458986055959787009e+01
7.000000000000000000e+01 2.812690024176866643e+01
7.100000000000000000e+01 2.447687894887240390e+01
7.200000000000000000e+01 2.119115485266688026e+01
7.300000000000000000e+01 2.460038639220614343e+01
7.400000000000000000e+01 3.025724740276845637e+01
7.500000000000000000e+01 2.442455356986824455e+01
7.600000000000000000e+01 2.500351168279308567e+01
7.700000000000000000e+01 2.866126481807736326e+01
7.800000000000000000e+01 2.894730428453809168e+01
7.900000000000000000e+01 2.820460708224078417e+01
8.000000000000000000e+01 2.539619583954463522e+01
8.100000000000000000e+01 2.674625966186444970e+01
8.200000000000000000e+01 2.200278561411246159e+01
8.300000000000000000e+01 2.377484624979672745e+01
8.400000000000000000e+01 2.614721799639090349e+01
8.500000000000000000e+01 2.744585156616601651e+01
8.600000000000000000e+01 2.837363289689177748e+01
8.700000000000000000e+01 2.566077229946827387e+01
8.800000000000000000e+01 2.761161424538963871e+01
8.900000000000000000e+01 2.825288151658186564e+01
9.000000000000000000e+01 2.867499056680019720e+01
9.100000000000000000e+01 2.224323864972742371e+01
9.200000000000000000e+01 1.881092960402235903e+01
9.300000000000000000e+01 2.767745409399095280e+01
9.400000000000000000e+01 3.076228926973403688e+01
9.500000000000000000e+01 2.246698377549320824e+01
9.600000000000000000e+01 2.460757671169792005e+01
9.700000000000000000e+01 2.712699533952183373e+01
9.800000000000000000e+01 1.984600300907982273e+01
9.900000000000000000e+01 3.064766958491843596e+01
1.000000000000000000e+02 2.781477751842641055e+01
1.010000000000000000e+02 2.660343609485397565e+01
1.020000000000000000e+02 2.730668485367931098e+01
1.030000000000000000e+02 2.513237012766585821e+01
1.040000000000000000e+02 2.432305859361970590e+01
1.050000000000000000e+02 2.931320654089900657e+01
1.060000000000000000e+02 2.172981495182594358e+01
1.070000000000000000e+02 2.661400171137548654e+01
1.080000000000000000e+02 2.981608509933282747e+01
1.090000000000000000e+02 2.539969621339467665e+01
1.100000000000000000e+02 2.046809710089376111e+01
1.110000000000000000e+02 2.073239919774505324e+01
1.120000000000000000e+02 2.870853149445230557e+01
1.130000000000000000e+02 2.663078055243721209e+01
1.140000000000000000e+02 2.842180014439047042e+01
1.150000000000000000e+02 2.979094849257892008e+01
1.160000000000000000e+02 2.654281641475605014e+01
1.170000000000000000e+02 2.847043754136904781e+01
1.180000000000000000e+02 2.497965157960619464e+01
1.190000000000000000e+02 2.583414767710767990e+01
1.200000000000000000e+02 2.623053096116690597e+01
1.210000000000000000e+02 2.664409929116487064e+01
1.220000000000000000e+02 2.778363704596476680e+01
1.230000000000000000e+02 2.436966252729342486e+01
1.240000000000000000e+02 2.399413251868146446e+01
1.250000000000000000e+02 2.620608515049745790e+01
1.260000000000000000e+02 2.388159464956497402e+01
1.270000000000000000e+02 2.635668257140046933e+01
1.280000000000000000e+02 2.595393930345678868e+01
1.290000000000000000e+02 2.466831149063847661e+01
1.300000000000000000e+02 2.208013301596572120e+01
1.310000000000000000e+02 2.623634501932605545e+01
1.320000000000000000e+02 2.757613426719552407e+01
1.330000000000000000e+02 2.404966767337824507e+01
1.340000000000000000e+02 2.761192857061936934e+01
1.350000000000000000e+02 3.006095608119413498e+01
1.360000000000000000e+02 2.372213105371936948e+01
1.370000000000000000e+02 2.763223252147719577e+01
1.380000000000000000e+02 2.424144498859915231e+01
1.390000000000000000e+02 2.710986748287112391e+01
1.400000000000000000e+02 2.622863908062917915e+01
1.410000000000000000e+02 2.931454964667002017e+01
1.420000000000000000e+02 2.347443920604776935e+01
1.430000000000000000e+02 2.324116703391366912e+01
1.440000000000000000e+02 2.640926004641674041e+01
1.450000000000000000e+02 2.613280529119330708e+01
1.460000000000000000e+02 2.579310187408885824e+01
1.470000000000000000e+02 2.897198740777745840e+01
1.480000000000000000e+02 2.352098304638613513e+01
1.490000000000000000e+02 2.626827944461966879e+01
1.500000000000000000e+02 2.807790414061476625e+01
1.510000000000000000e+02 2.628285457424239624e+01
1.520000000000000000e+02 2.695181468850819329e+01
1.530000000000000000e+02 2.185688982794236424e+01
1.540000000000000000e+02 2.078287499114371073e+01
1.550000000000000000e+02 2.900131645408576020e+01
1.560000000000000000e+02 2.613297710347121949e+01
1.570000000000000000e+02 2.439989015483883961e+01
1.580000000000000000e+02 2.390206012217687004e+01
1.590000000000000000e+02 2.518864075769937472e+01
1.600000000000000000e+02 3.082096466733391438e+01
1.610000000000000000e+02 2.761879602556164315e+01
1.620000000000000000e+02 3.047888539675319208e+01
1.630000000000000000e+02 3.002843636771292779e+01
1.640000000000000000e+02 2.486250756835121578e+01
1.650000000000000000e+02 2.690136594464263808e+01
1.660000000000000000e+02 2.527539451970229933e+01
1.670000000000000000e+02 3.040137652699225512e+01
1.680000000000000000e+02 2.165183049066504850e+01
1.690000000000000000e+02 2.997577499475484331e+01
1.700000000000000000e+02 2.898349649753577495e+01
1.710000000000000000e+02 2.364087443532072896e+01
1.720000000000000000e+02 2.736222826303727373e+01
1.730000000000000000e+02 2.714667554612982414e+01
1.740000000000000000e+02 2.464773765830261354e+01
1.750000000000000000e+02 2.950428695300226067e+01
1.760000000000000000e+02 2.032825998768295506e+01
1.770000000000000000e+02 2.754334117102400725e+01
1.780000000000000000e+02 2.606698457683769732e+01
1.790000000000000000e+02 2.522945199167941155e+01
1.800000000000000000e+02 2.757735556147639144e+01
1.810000000000000000e+02 2.380733259527803369e+01
1.820000000000000000e+02 2.842064511569985186e+01
1.830000000000000000e+02 2.535991796706391455e+01
1.840000000000000000e+02 2.237327581721569203e+01
1.850000000000000000e+02 2.671066504407878028e+01
1.860000000000000000e+02 2.740240098108308331e+01
1.870000000000000000e+02 2.768501604833143759e+01
1.880000000000000000e+02 2.512168527990439770e+01
1.890000000000000000e+02 2.187554023719690832e+01
1.900000000000000000e+02 2.677725794585466090e+01
1.910000000000000000e+02 2.855111011833968249e+01
1.920000000000000000e+02 2.325189033512061698e+01
1.930000000000000000e+02 2.485067272947674510e+01
1.940000000000000000e+02 2.858371037740978693e+01
1.950000000000000000e+02 2.376765491214530712e+01
1.960000000000000000e+02 2.803411808006584494e+01
1.970000000000000000e+02 2.152580915625262037e+01
1.980000000000000000e+02 2.703642323526243629e+01
1.990000000000000000e+02 2.209543549733170664e+01
2.000000000000000000e+02 2.635668559490871488e+01
2.010000000000000000e+02 3.223600158029422147e+01
2.020000000000000000e+02 2.286515034035696559e+01
2.030000000000000000e+02 2.661440334380807826e+01
2.040000000000000000e+02 2.322591487483350647e+01
2.050000000000000000e+02 2.708231544251830414e+01
2.060000000000000000e+02 1.965585896523015919e+01
2.070000000000000000e+02 2.450544817272031750e+01
2.080000000000000000e+02 2.542704513305463365e+01
2.090000000000000000e+02 2.621206190439156103e+01
2.100000000000000000e+02 2.812568889514117743e+01
2.110000000000000000e+02 2.864331104119724003e+01
2.120000000000000000e+02 2.732815747361545178e+01
2.130000000000000000e+02 2.630426466900905780e+01
2.140000000000000000e+02 2.483045198655462826e+01
2.150000000000000000e+02 2.788212298296446434e+01
2.160000000000000000e+02 2.602471600094366622e+01
2.170000000000000000e+02 2.262268104523484169e+01
2.180000000000000000e+02 2.275762970394511342e+01
2.190000000000000000e+02 2.711541033381494614e+01
2.200000000000000000e+02 2.697235041108400111e+01
2.210000000000000000e+02 3.107387546221003305e+01
2.220000000000000000e+02 2.442898472448707281e+01
2.230000000000000000e+02 2.714156796179858944e+01
2.240000000000000000e+02 2.690535954623025461e+01
2.250000000000000000e+02 2.898106814462887115e+01
2.260000000000000000e+02 2.849643753346376940e+01
2.270000000000000000e+02 2.051738427248652741e+01
2.280000000000000000e+02 2.816185349023675144e+01
2.290000000000000000e+02 2.811859605639699566e+01
2.300000000000000000e+02 2.354362214534075548e+01
2.310000000000000000e+02 2.431949036023424782e+01
2.320000000000000000e+02 2.486246048790943775e+01
2.330000000000000000e+02 2.574427096354846611e+01
2.340000000000000000e+02 2.930175315520505563e+01
2.350000000000000000e+02 3.059141952514752205e+01
2.360000000000000000e+02 2.620321654251511134e+01
2.370000000000000000e+02 2.727023832532760039e+01
2.380000000000000000e+02 2.200588900965472661e+01
2.390000000000000000e+02 2.668121647751039660e+01
2.400000000000000000e+02 2.908653053848291492e+01
2.410000000000000000e+02 2.825573489090369961e+01
2.420000000000000000e+02 2.288825687523515029e+01
2.430000000000000000e+02 2.443381215830000741e+01
2.440000000000000000e+02 2.405328567413183549e+01
2.450000000000000000e+02 3.085452829909291594e+01
2.460000000000000000e+02 3.042257966040247652e+01
2.470000000000000000e+02 3.238181213464358166e+01
2.480000000000000000e+02 2.832467179946448965e+01
2.490000000000000000e+02 2.784282758039811512e+01
2.500000000000000000e+02 2.534457120579883593e+01
2.510000000000000000e+02 2.272248373832507440e+01
2.520000000000000000e+02 2.536332457587792177e+01
2.530000000000000000e+02 2.607900611821106907e+01
2.540000000000000000e+02 2.635360917965120819e+01
2.550000000000000000e+02 3.131057167656404872e+01
2.560000000000000000e+02 2.555889462644847043e+01
2.570000000000000000e+02 2.884422750607382824e+01
2.580000000000000000e+02 2.588799818218650728e+01
2.590000000000000000e+02 2.306744744325846597e+01
2.600000000000000000e+02 2.958839038311657177e+01
2.610000000000000000e+02 2.898268970084651386e+01
2.620000000000000000e+02 2.143380734467563542e+01
2.630000000000000000e+02 2.747165068353828943e+01
2.640000000000000000e+02 2.622225054517004494e+01
2.650000000000000000e+02 3.072515718791860806e+01
2.660000000000000000e+02 2.614077101296884109e+01
2.670000000000000000e+02 2.697034563491370562e+01
2.680000000000000000e+02 2.636591483925083068e+01
2.690000000000000000e+02 2.710565672241861179e+01
2.700000000000000000e+02 2.545020955597335544e+01
2.710000000000000000e+02 2.450594568577843901e+01
2.720000000000000000e+02 2.438663034365897886e+01
2.730000000000000000e+02 2.558947382277222005e+01
2.740000000000000000e+02 2.609994430146040756e+01
2.750000000000000000e+02 2.675472012460739180e+01
2.760000000000000000e+02 2.653771256892930097e+01
2.770000000000000000e+02 2.540773707038033891e+01
2.780000000000000000e+02 2.530448965810620976e+01
2.790000000000000000e+02 2.718522720138497206e+01
2.800000000000000000e+02 1.831289434246210845e+01
2.810000000000000000e+02 3.005313471420693361e+01
2.820000000000000000e+02 2.576215320000840592e+01
2.830000000000000000e+02 2.291839806541935332e+01
2.840000000000000000e+02 2.584601639785817184e+01
2.850000000000000000e+02 2.431212348769198073e+01
2.860000000000000000e+02 2.513923308277304969e+01
2.870000000000000000e+02 2.783927752498922814e+01
2.880000000000000000e+02 2.510808711698025419e+01
2.890000000000000000e+02 2.309048021717872246e+01
2.900000000000000000e+02 3.002135259465818251e+01
2.910000000000000000e+02 1.992889725797418166e+01
2.920000000000000000e+02 2.670335552475745544e+01
2.930000000000000000e+02 3.115767169339571652e+01
2.940000000000000000e+02 2.960945697526366516e+01
2.950000000000000000e+02 2.005965377165237840e+01
2.960000000000000000e+02 2.315408690229943645e+01
2.970000000000000000e+02 2.829384175301606774e+01
2.980000000000000000e+02 3.037136419942994081e+01
2.990000000000000000e+02 2.429590356340104051e+01
3.000000000000000000e+02 2.819982615340982690e+01
3.010000000000000000e+02 2.854880915650896256e+01
3.020000000000000000e+02 2.665193616645292352e+01
3.030000000000000000e+02 2.812528549010916024e+01
3.040000000000000000e+02 3.122490064000952970e+01
3.050000000000000000e+02 2.564937636645557717e+01
3.060000000000000000e+02 3.010309924757398292e+01
3.070000000000000000e+02 2.748865338470865183e+01
3.080000000000000000e+02 2.388912725546978777e+01
3.090000000000000000e+02 2.982198386334647466e+01
3.100000000000000000e+02 2.875635668711082715e+01
3.110000000000000000e+02 2.272669241737607138e+01
3.120000000000000000e+02 2.190097685602969690e+01
3.130000000000000000e+02 2.509200215163890491e+01
3.140000000000000000e+02 2.159500526741690152e+01
3.150000000000000000e+02 2.517495978338582674e+01
3.160000000000000000e+02 2.083986296908802416e+01
3.170000000000000000e+02 2.460506199337521238e+01
3.180000000000000000e+02 2.957156881618666588e+01
3.190000000000000000e+02 2.547420271612625342e+01
3.200000000000000000e+02 2.278174216629736293e+01
3.210000000000000000e+02 2.819906701785819791e+01
3.220000000000000000e+02 2.323726661852091624e+01
3.230000000000000000e+02 2.549080683518861790e+01
3.240000000000000000e+02 2.747425232942176621e+01
3.250000000000000000e+02 2.356208016401481586e+01
3.260000000000000000e+02 2.858868279898416276e+01
3.270000000000000000e+02 2.780032994082219489e+01
3.280000000000000000e+02 2.263699484963250086e+01
3.290000000000000000e+02 2.585415358441861855e+01
3.300000000000000000e+02 3.112536720964630277e+01
3.310000000000000000e+02 3.036350714017909169e+01
3.320000000000000000e+02 2.643937774643259075e+01
3.330000000000000000e+02 2.807366440660597107e+01
3.340000000000000000e+02 2.737046869076626976e+01
3.350000000000000000e+02 2.895414986256397327e+01
3.360000000000000000e+02 2.712908524996226234e+01
3.370000000000000000e+02 2.921013667700266581e+01
3.380000000000000000e+02 2.781620852480939021e+01
3.390000000000000000e+02 2.724068051886006359e+01
3.400000000000000000e+02 2.315113843176935404e+01
3.410000000000000000e+02 2.296623278932501222e+01
3.420000000000000000e+02 2.614055103725059936e+01
3.430000000000000000e+02 3.087174805955298851e+01
3.440000000000000000e+02 3.154946579567858933e+01
3.450000000000000000e+02 2.378221350534572309e+01
3.460000000000000000e+02 2.787317609328954404e+01
3.470000000000000000e+02 2.828788834327060542e+01
3.480000000000000000e+02 2.474051486292548319e+01
3.490000000000000000e+02 2.696441863207197187e+01
3.500000000000000000e+02 2.248104261031942741e+01
3.510000000000000000e+02 3.014403756631032394e+01
3.520000000000000000e+02 2.650059724096551150e+01
3.530000000000000000e+02 2.364856935549657280e+01
3.540000000000000000e+02 2.894184021501920512e+01
3.550000000000000000e+02 2.303204285505422533e+01
3.560000000000000000e+02 2.696896086044496954e+01
3.570000000000000000e+02 2.975238382191955822e+01
3.580000000000000000e+02 2.409171885556294512e+01
3.590000000000000000e+02 3.242967105473302070e+01
3.600000000000000000e+02 2.585503101417525684e+01
3.610000000000000000e+02 2.877932205183477521e+01
3.620000000000000000e+02 2.281612234208360590e+01
3.630000000000000000e+02 2.556285070502433143e+01
3.640000000000000000e+02 2.438354749244262365e+01
3.650000000000000000e+02 2.671579703180889709e+01
3.660000000000000000e+02 2.708559767041577260e+01
3.670000000000000000e+02 2.418341852207021958e+01
3.680000000000000000e+02 2.560902760237942388e+01
3.690000000000000000e+02 2.450318370118041855e+01
3.700000000000000000e+02 2.972312405577904570e+01
3.710000000000000000e+02 3.003981008947819120e+01
3.720000000000000000e+02 2.621464208512847449e+01
3.730000000000000000e+02 2.614801868230979309e+01
3.740000000000000000e+02 2.813305477113011577e+01
3.750000000000000000e+02 2.515285708943839182e+01
3.760000000000000000e+02 2.685684199545850959e+01
3.770000000000000000e+02 2.447658625164378066e+01
3.780000000000000000e+02 2.555727560270153020e+01
3.790000000000000000e+02 2.340259031104404741e+01
3.800000000000000000e+02 2.585684176729386152e+01
3.810000000000000000e+02 2.822292365796900526e+01
3.820000000000000000e+02 2.438324161109091648e+01
3.830000000000000000e+02 2.362248453923378477e+01
3.840000000000000000e+02 2.527179537477520554e+01
3.850000000000000000e+02 2.623646365318290563e+01
3.860000000000000000e+02 3.095141072615430744e+01
3.870000000000000000e+02 3.202450214958837194e+01
3.880000000000000000e+02 2.758252691426091729e+01
3.890000000000000000e+02 2.525134965702383383e+01
3.900000000000000000e+02 2.710250934400210809e+01
3.910000000000000000e+02 2.312925599907209673e+01
3.920000000000000000e+02 2.573236867975638376e+01
3.930000000000000000e+02 2.741478101161172631e+01
3.940000000000000000e+02 2.755817080577396538e+01
3.950000000000000000e+02 2.912508809339440674e+01
3.960000000000000000e+02 2.765706709565609245e+01
3.970000000000000000e+02 2.692041235279403821e+01
3.980000000000000000e+02 2.366352543621933435e+01
3.990000000000000000e+02 2.762722908653650222e+01
4.000000000000000000e+02 2.760956331250792317e+01
4.010000000000000000e+02 2.705322644545254107e+01
4.020000000000000000e+02 2.744818528402683100e+01
4.030000000000000000e+02 2.038107104437131767e+01
4.040000000000000000e+02 2.512610047962399307e+01
4.050000000000000000e+02 2.571927676307439370e+01
4.060000000000000000e+02 2.566661093622406753e+01
4.070000000000000000e+02 2.600415637098806698e+01
4.080000000000000000e+02 2.448922770024010376e+01
4.090000000000000000e+02 2.404849266414018061e+01
4.100000000000000000e+02 2.459744133525265397e+01
4.110000000000000000e+02 2.865942069310349183e+01
4.120000000000000000e+02 2.412183397667782714e+01
4.130000000000000000e+02 2.676976379444794318e+01
4.140000000000000000e+02 2.301599760387101057e+01
4.150000000000000000e+02 1.963707843467457437e+01
4.160000000000000000e+02 2.809477527823839083e+01
4.170000000000000000e+02 1.852473971589596857e+01
4.180000000000000000e+02 2.726762133096605112e+01
4.190000000000000000e+02 2.712467443797480016e+01
4.200000000000000000e+02 2.597323170968640582e+01
4.210000000000000000e+02 2.246666675057288032e+01
4.220000000000000000e+02 2.683785123749881052e+01
4.230000000000000000e+02 2.611571157391381348e+01
4.240000000000000000e+02 2.517148059372737734e+01
4.250000000000000000e+02 2.417598456546084762e+01
4.260000000000000000e+02 2.513950364899435286e+01
4.270000000000000000e+02 2.028897613097647934e+01
4.280000000000000000e+02 2.421872675634077510e+01
4.290000000000000000e+02 2.637639366943477270e+01
4.300000000000000000e+02 2.254010623585838147e+01
4.310000000000000000e+02 2.672074977478720470e+01
4.320000000000000000e+02 2.712491540756650465e+01
4.330000000000000000e+02 2.485754413248279704e+01
4.340000000000000000e+02 2.456244616509293266e+01
4.350000000000000000e+02 3.096458368927269689e+01
4.360000000000000000e+02 2.481420032610590098e+01
4.370000000000000000e+02 2.658137789695439324e+01
4.380000000000000000e+02 2.563384496165215864e+01
4.390000000000000000e+02 2.400694599087915293e+01
4.400000000000000000e+02 2.683223217528240667e+01
4.410000000000000000e+02 2.716402753961363459e+01
4.420000000000000000e+02 2.522396528328384946e+01
4.430000000000000000e+02 2.899519986299334562e+01
4.440000000000000000e+02 2.662459953748616215e+01
4.450000000000000000e+02 3.105450971587176667e+01
4.460000000000000000e+02 2.391171976161502499e+01
4.470000000000000000e+02 2.587424687970635162e+01
4.480000000000000000e+02 3.126925110416548037e+01
4.490000000000000000e+02 2.181776573529476337e+01
4.500000000000000000e+02 2.473903125118877711e+01
4.510000000000000000e+02 2.190223226411123036e+01
4.520000000000000000e+02 1.975348068248574407e+01
4.530000000000000000e+02 2.631018290076718102e+01
4.540000000000000000e+02 2.491700743662237727e+01
4.550000000000000000e+02 2.417158103013324322e+01
4.560000000000000000e+02 2.112540695912833755e+01
4.570000000000000000e+02 2.296750614209537744e+01
4.580000000000000000e+02 2.679496377016259956e+01
4.590000000000000000e+02 2.371113952779511891e+01
4.600000000000000000e+02 2.329365381253885303e+01
4.610000000000000000e+02 2.338015700863845936e+01
4.620000000000000000e+02 2.685789847683445686e+01
4.630000000000000000e+02 2.594629602804895541e+01
4.640000000000000000e+02 2.773723022658000659e+01
4.650000000000000000e+02 3.176847253289389528e+01
4.660000000000000000e+02 3.276994868930594151e+01
4.670000000000000000e+02 2.329511217624704145e+01
4.680000000000000000e+02 2.542018593435449603e+01
4.690000000000000000e+02 2.375002407821702732e+01
4.700000000000000000e+02 2.745391006551180624e+01
4.710000000000000000e+02 2.836848726338856963e+01
4.720000000000000000e+02 2.692436634283637531e+01
4.730000000000000000e+02 3.124692806664151234e+01
4.740000000000000000e+02 2.335469151656585751e+01
4.750000000000000000e+02 3.031911300286460431e+01
4.760000000000000000e+02 2.491251298409737558e+01
4.770000000000000000e+02 2.699899155898646441e+01
4.780000000000000000e+02 2.563693664055153221e+01
4.790000000000000000e+02 2.532001794458458832e+01
4.800000000000000000e+02 2.320064124218428958e+01
4.810000000000000000e+02 2.521126525732164936e+01
4.820000000000000000e+02 2.196975463470126400e+01
4.830000000000000000e+02 2.660530801580516780e+01
4.840000000000000000e+02 2.528848252662567830e+01
4.850000000000000000e+02 2.472982136288502986e+01
4.860000000000000000e+02 2.649816629756237063e+01
4.870000000000000000e+02 2.458994904008435611e+01
4.880000000000000000e+02 2.324503194825184238e+01
4.890000000000000000e+02 2.673564179046744371e+01
4.900000000000000000e+02 2.054768499667817494e+01
4.910000000000000000e+02 2.738127394567679573e+01
4.920000000000000000e+02 2.389481163286755105e+01
4.930000000000000000e+02 2.588834757470651837e+01
4.940000000000000000e+02 2.656224822243884987e+01
4.950000000000000000e+02 2.710457075181159325e+01
4.960000000000000000e+02 2.873815265579141709e+01
4.970000000000000000e+02 2.565684584740912655e+01
4.980000000000000000e+02 2.398409316453233231e+01
4.990000000000000000e+02 2.770359505857736337e+01
5.000000000000000000e+02 2.524079675197366868e+01
5.010000000000000000e+02 3.049331376421381279e+01
5.020000000000000000e+02 2.375595976205168824e+01
5.030000000000000000e+02 3.027140320236225790e+01
5.040000000000000000e+02 2.798531531884913903e+01
5.050000000000000000e+02 2.709134224487969078e+01
5.060000000000000000e+02 2.194715201620562794e+01
5.070000000000000000e+02 3.049225087862897254e+01
5.080000000000000000e+02 3.011229299631736467e+01
5.090000000000000000e+02 2.584695039311825582e+01
5.100000000000000000e+02 2.743967325077811026e+01
5.110000000000000000e+02 2.669152505827185351e+01
5.120000000000000000e+02 2.844101504036171590e+01
5.130000000000000000e+02 2.517988880632854887e+01
5.140000000000000000e+02 2.661023633823139889e+01
5.150000000000000000e+02 2.772445824449054896e+01
5.160000000000000000e+02 2.656227014209957815e+01
5.170000000000000000e+02 2.672763789079120400e+01
5.180000000000000000e+02 2.114134611304793054e+01
5.190000000000000000e+02 2.746231927424324581e+01
5.200000000000000000e+02 2.685131903193085989e+01
5.210000000000000000e+02 2.611061461642907489e+01
5.220000000000000000e+02 2.679751829345244474e+01
5.230000000000000000e+02 2.302702046684177617e+01
5.240000000000000000e+02 2.573101162750313264e+01
5.250000000000000000e+02 2.513581321269957414e+01
5.260000000000000000e+02 1.938072954407885717e+01
5.270000000000000000e+02 2.483620445555181888e+01
5.280000000000000000e+02 2.169100426202626508e+01
5.290000000000000000e+02 2.712620943778379612e+01
5.300000000000000000e+02 2.785401469169098831e+01
5.310000000000000000e+02 2.618142631077365223e+01
5.320000000000000000e+02 2.545519395773733251e+01
5.330000000000000000e+02 2.443400870812433823e+01
5.340000000000000000e+02 1.916051364391611500e+01
5.350000000000000000e+02 2.325158000745195253e+01
5.360000000000000000e+02 2.622098244953019375e+01
5.370000000000000000e+02 2.514894436015293877e+01
5.380000000000000000e+02 2.521556507062450692e+01
5.390000000000000000e+02 2.234953816418946460e+01
5.400000000000000000e+02 2.905458852712411044e+01
5.410000000000000000e+02 2.844433720974900481e+01
5.420000000000000000e+02 2.009800940685650517e+01
5.430000000000000000e+02 2.276430038548897627e+01
5.440000000000000000e+02 2.139736923152672432e+01
5.450000000000000000e+02 2.109193918097160036e+01
5.460000000000000000e+02 2.918051387785267181e+01
5.470000000000000000e+02 2.521516404587102400e+01
5.480000000000000000e+02 2.448730394019808898e+01
5.490000000000000000e+02 2.594813080955638540e+01
5.500000000000000000e+02 2.159480464309483239e+01
5.510000000000000000e+02 2.231810589447503901e+01
5.520000000000000000e+02 2.424412649857141844e+01
5.530000000000000000e+02 2.513202467629228565e+01
5.540000000000000000e+02 2.416460620522056857e+01
5.550000000000000000e+02 2.469700861231638811e+01
5.560000000000000000e+02 2.394084310181973763e+01
5.570000000000000000e+02 2.265452497433813761e+01
5.580000000000000000e+02 2.908485089456715045e+01
5.590000000000000000e+02 2.378403593317403519e+01
5.600000000000000000e+02 2.573468083892728231e+01
5.610000000000000000e+02 3.013255985322372510e+01
5.620000000000000000e+02 2.390417216340715356e+01
5.630000000000000000e+02 2.420534237562382884e+01
5.640000000000000000e+02 2.557882064697861679e+01
5.650000000000000000e+02 2.820564151100090200e+01
5.660000000000000000e+02 2.564626259601912750e+01
5.670000000000000000e+02 2.797808450698034832e+01
5.680000000000000000e+02 2.804155232415924814e+01
5.690000000000000000e+02 2.748842993507557253e+01
5.700000000000000000e+02 2.623077254245776047e+01
5.710000000000000000e+02 2.672848160976800003e+01
5.720000000000000000e+02 3.207444275836818548e+01
5.730000000000000000e+02 2.624898657497813659e+01
5.740000000000000000e+02 2.078525833001431167e+01
5.750000000000000000e+02 2.324573708152881224e+01
5.760000000000000000e+02 2.412910401623539158e+01
5.770000000000000000e+02 2.597919148990127525e+01
5.780000000000000000e+02 2.479803316493658372e+01
5.790000000000000000e+02 2.303121252275725084e+01
5.800000000000000000e+02 2.431943070807414387e+01
5.810000000000000000e+02 2.621827271102751311e+01
5.820000000000000000e+02 2.772753776907604006e+01
5.830000000000000000e+02 2.521923377943523548e+01
5.840000000000000000e+02 2.909764054494120344e+01
5.850000000000000000e+02 2.832340552328280481e+01
5.860000000000000000e+02 2.147348145820309639e+01
5.870000000000000000e+02 2.295072793529814348e+01
5.880000000000000000e+02 2.950644220340768342e+01
5.890000000000000000e+02 2.223772866255214353e+01
5.900000000000000000e+02 2.642655819035420350e+01
5.910000000000000000e+02 2.577310801636207316e+01
5.920000000000000000e+02 2.756441402033287247e+01
5.930000000000000000e+02 2.796092071209119112e+01
5.940000000000000000e+02 3.207126924748227026e+01
5.950000000000000000e+02 2.983124981517903151e+01
5.960000000000000000e+02 2.653642430638626593e+01
5.970000000000000000e+02 2.278704878303529568e+01
5.980000000000000000e+02 2.812768439866544767e+01
5.990000000000000000e+02 3.004924070527878754e+01
6.000000000000000000e+02 2.562259473014774258e+01
6.010000000000000000e+02 2.590897583815266003e+01
6.020000000000000000e+02 2.784136524373333543e+01
6.030000000000000000e+02 2.830721987593873124e+01
6.040000000000000000e+02 2.331297430675579108e+01
6.050000000000000000e+02 2.727718859917881034e+01
6.060000000000000000e+02 2.437362567743916131e+01
6.070000000000000000e+02 2.689761513905663648e+01
6.080000000000000000e+02 2.989568893993214971e+01
6.090000000000000000e+02 1.585710915635047158e+01
6.100000000000000000e+02 2.015056075511767020e+01
6.110000000000000000e+02 2.194207283610528236e+01
6.120000000000000000e+02 2.149190752595370668e+01
6.130000000000000000e+02 2.949829430277038966e+01
6.140000000000000000e+02 2.034691840681677988e+01
6.150000000000000000e+02 2.338898132572242972e+01
6.160000000000000000e+02 2.430015257866609701e+01
6.170000000000000000e+02 2.809794575600810873e+01
6.180000000000000000e+02 2.445429868432698228e+01
6.190000000000000000e+02 2.351348494590710558e+01
6.200000000000000000e+02 2.785297306705856002e+01
6.210000000000000000e+02 2.910972632602912924e+01
6.220000000000000000e+02 2.701564690862674567e+01
6.230000000000000000e+02 2.633006317395603091e+01
6.240000000000000000e+02 2.678712622580409430e+01
6.250000000000000000e+02 2.318469647308637960e+01
6.260000000000000000e+02 2.755026732859550265e+01
6.270000000000000000e+02 2.696001780514472301e+01
6.280000000000000000e+02 2.706844930031636309e+01
6.290000000000000000e+02 2.454169989505779981e+01
6.300000000000000000e+02 2.540874400021803226e+01
6.310000000000000000e+02 2.781165622262361836e+01
6.320000000000000000e+02 2.598694150211477094e+01
6.330000000000000000e+02 2.611414781896444737e+01
6.340000000000000000e+02 2.384982230207708298e+01
6.350000000000000000e+02 2.277229594065878970e+01
6.360000000000000000e+02 2.268770190246497265e+01
6.370000000000000000e+02 3.096656701746485041e+01
6.380000000000000000e+02 2.730780285725215606e+01
6.390000000000000000e+02 2.742800834189508663e+01
6.400000000000000000e+02 2.651151949295610066e+01
6.410000000000000000e+02 2.702562234818080000e+01
6.420000000000000000e+02 2.462516617674748076e+01
6.430000000000000000e+02 2.498485118264152760e+01
6.440000000000000000e+02 3.189337351433292156e+01
6.450000000000000000e+02 2.659798792342811424e+01
6.460000000000000000e+02 2.549864479498763004e+01
6.470000000000000000e+02 2.799708559052692181e+01
6.480000000000000000e+02 2.597978633638080836e+01
6.490000000000000000e+02 2.679492688590896776e+01
6.500000000000000000e+02 1.973503927803449898e+01
6.510000000000000000e+02 2.401787968363604975e+01
6.520000000000000000e+02 2.933421845003313777e+01
6.530000000000000000e+02 3.247599568831944339e+01
6.540000000000000000e+02 2.516993672282290717e+01
6.550000000000000000e+02 2.147908980917414468e+01
6.560000000000000000e+02 2.484576546861795165e+01
6.570000000000000000e+02 2.777077580732239426e+01
6.580000000000000000e+02 2.582993256731252174e+01
6.590000000000000000e+02 2.491949268958786234e+01
6.600000000000000000e+02 2.495520538003544075e+01
6.610000000000000000e+02 2.463732748444553522e+01
6.620000000000000000e+02 2.808240881002928191e+01
6.630000000000000000e+02 2.424136990269965963e+01
6.640000000000000000e+02 2.338515000777292840e+01
6.650000000000000000e+02 2.521832831774518624e+01
6.660000000000000000e+02 2.719269271319713965e+01
6.670000000000000000e+02 2.211667457431283168e+01
6.680000000000000000e+02 3.069437319712238121e+01
6.690000000000000000e+02 2.573227311083323343e+01
6.700000000000000000e+02 2.308343821343490987e+01
6.710000000000000000e+02 1.888862599797242225e+01
6.720000000000000000e+02 2.869914323072461571e+01
6.730000000000000000e+02 2.438547905969631557e+01
6.740000000000000000e+02 2.504859379761490956e+01
6.750000000000000000e+02 2.887005283998411542e+01
6.760000000000000000e+02 3.109682886642212551e+01
6.770000000000000000e+02 2.509231491263594194e+01
6.780000000000000000e+02 2.608717669869852429e+01
6.790000000000000000e+02 2.694985437762597869e+01
6.800000000000000000e+02 2.644532995524445695e+01
6.810000000000000000e+02 2.791529231742899242e+01
6.820000000000000000e+02 2.296917822577106350e+01
6.830000000000000000e+02 2.398700683615458473e+01
6.840000000000000000e+02 2.506600565377950218e+01
6.850000000000000000e+02 3.150786125498045820e+01
6.860000000000000000e+02 2.810815469254474763e+01
6.870000000000000000e+02 2.089288604074238975e+01
6.880000000000000000e+02 2.651332462378184474e+01
6.890000000000000000e+02 2.549999595332167601e+01
6.900000000000000000e+02 2.892120730684619190e+01
6.910000000000000000e+02 2.760480506412361024e+01
6.920000000000000000e+02 3.019435636279323631e+01
6.930000000000000000e+02 2.699135975362170470e+01
6.940000000000000000e+02 2.651757289129092143e+01
6.950000000000000000e+02 2.589955921598771127e+01
6.960000000000000000e+02 2.914276203433820811e+01
6.970000000000000000e+02 2.449318085240908260e+01
6.980000000000000000e+02 2.565406843267143699e+01
6.990000000000000000e+02 2.521604122825959848e+01
7.000000000000000000e+02 2.777011722985822217e+01
7.010000000000000000e+02 2.561857655444422122e+01
7.020000000000000000e+02 2.285511297880387005e+01
7.030000000000000000e+02 2.562640232006641128e+01
7.040000000000000000e+02 2.288655455378138370e+01
7.050000000000000000e+02 3.036968086087639307e+01
7.060000000000000000e+02 2.949934960555766494e+01
7.070000000000000000e+02 2.801862274070774106e+01
7.080000000000000000e+02 2.885515425208422258e+01
7.090000000000000000e+02 2.034083849715295145e+01
7.100000000000000000e+02 2.784530692830702847e+01
7.110000000000000000e+02 2.513756388472400261e+01
7.120000000000000000e+02 2.382290367799482667e+01
7.130000000000000000e+02 2.800159493890606299e+01
7.140000000000000000e+02 2.653292115655952443e+01
7.150000000000000000e+02 2.421183507503122101e+01
7.160000000000000000e+02 2.496449116299460513e+01
7.170000000000000000e+02 2.153278658746911134e+01
7.180000000000000000e+02 2.396157081467701033e+01
7.190000000000000000e+02 2.850136274693334926e+01
7.200000000000000000e+02 2.507331543524313489e+01
7.210000000000000000e+02 2.680126208596146142e+01
7.220000000000000000e+02 2.766163551630738127e+01
7.230000000000000000e+02 2.701467860247686659e+01
7.240000000000000000e+02 2.383037918374314756e+01
7.250000000000000000e+02 2.452697614635465584e+01
7.260000000000000000e+02 2.948817346687808083e+01
7.270000000000000000e+02 2.242495271342957253e+01
7.280000000000000000e+02 2.904491819855781998e+01
7.290000000000000000e+02 2.682308329859235840e+01
7.300000000000000000e+02 2.800130766106755686e+01
7.310000000000000000e+02 2.687258848971025671e+01
7.320000000000000000e+02 2.975722494937620155e+01
7.330000000000000000e+02 2.672715213843972393e+01
7.340000000000000000e+02 2.269466161439224194e+01
7.350000000000000000e+02 2.493499128234775952e+01
7.360000000000000000e+02 2.615948219441334643e+01
7.370000000000000000e+02 2.591337734445186669e+01
7.380000000000000000e+02 2.474481947687492323e+01
7.390000000000000000e+02 2.996196722889493458e+01
7.400000000000000000e+02 2.461320068613385814e+01
7.410000000000000000e+02 2.231893282116737609e+01
7.420000000000000000e+02 2.686467306633459629e+01
7.430000000000000000e+02 2.730033908233811957e+01
7.440000000000000000e+02 2.551297659013632213e+01
7.450000000000000000e+02 2.550322078221012490e+01
7.460000000000000000e+02 3.142987616994303579e+01
7.470000000000000000e+02 3.027182536541847568e+01
7.480000000000000000e+02 2.562533633599885974e+01
7.490000000000000000e+02 2.471325669226963484e+01
7.500000000000000000e+02 2.705968176780667633e+01
7.510000000000000000e+02 2.299190612858789251e+01
7.520000000000000000e+02 3.208074594596173057e+01
7.530000000000000000e+02 1.861972047920177786e+01
7.540000000000000000e+02 3.146084239463339216e+01
7.550000000000000000e+02 2.320292319733308517e+01
7.560000000000000000e+02 2.610315888265783357e+01
7.570000000000000000e+02 2.809387417664230568e+01
7.580000000000000000e+02 2.690723764410723362e+01
7.590000000000000000e+02 2.401979850456297783e+01
7.600000000000000000e+02 2.853464697516715276e+01
7.610000000000000000e+02 2.725917837362663576e+01
7.620000000000000000e+02 2.468757388020363663e+01
7.630000000000000000e+02 2.186015903055530885e+01
7.640000000000000000e+02 1.991920513056176745e+01
7.650000000000000000e+02 2.655988969897595098e+01
7.660000000000000000e+02 2.776738150361897084e+01
7.670000000000000000e+02 2.362072785276179587e+01
7.680000000000000000e+02 2.722381192007581774e+01
7.690000000000000000e+02 2.939607791849030960e+01
7.700000000000000000e+02 2.267520836198852408e+01
7.710000000000000000e+02 2.504755043536776071e+01
7.720000000000000000e+02 2.217668685558050257e+01
7.730000000000000000e+02 2.634845010189428294e+01
7.740000000000000000e+02 2.872082196884354133e+01
7.750000000000000000e+02 1.888087737110361175e+01
7.760000000000000000e+02 2.366074164962497761e+01
7.770000000000000000e+02 2.157458531845815131e+01
7.780000000000000000e+02 2.511299312159405162e+01
7.790000000000000000e+02 2.153454210977594840e+01
7.800000000000000000e+02 2.734208878058663927e+01
7.810000000000000000e+02 2.024020905465197728e+01
7.820000000000000000e+02 3.136784909929864185e+01
7.830000000000000000e+02 2.187828183752468902e+01
7.840000000000000000e+02 2.631192900130503887e+01
7.850000000000000000e+02 2.717627720024975702e+01
7.860000000000000000e+02 2.068280616939122041e+01
7.870000000000000000e+02 2.653264469384653168e+01
7.880000000000000000e+02 2.760546876749345913e+01
7.890000000000000000e+02 2.606378969955419578e+01
7.900000000000000000e+02 2.550377409962483100e+01
7.910000000000000000e+02 2.864519667829817351e+01
7.920000000000000000e+02 2.936476435215481828e+01
7.930000000000000000e+02 3.024192697663822926e+01
7.940000000000000000e+02 2.680861892627293841e+01
7.950000000000000000e+02 2.251528950987369626e+01
7.960000000000000000e+02 2.465905823807960573e+01
7.970000000000000000e+02 2.339189027110345265e+01
7.980000000000000000e+02 2.829846326848370808e+01
7.990000000000000000e+02 3.093761631849260496e+01
8.000000000000000000e+02 2.698062532249790735e+01
8.010000000000000000e+02 2.739990982061107871e+01
8.020000000000000000e+02 2.852943704969182903e+01
8.030000000000000000e+02 2.288706258464925725e+01
8.040000000000000000e+02 2.794114920947688674e+01
8.050000000000000000e+02 2.437611568101614168e+01
8.060000000000000000e+02 2.656457706783546513e+01
8.070000000000000000e+02 2.066726213299426362e+01
8.080000000000000000e+02 2.046472980529389218e+01
8.090000000000000000e+02 2.223428490234313770e+01
8.100000000000000000e+02 2.411264330504189601e+01
8.110000000000000000e+02 2.156290039265117997e+01
8.120000000000000000e+02 2.636494615959116672e+01
8.130000000000000000e+02 2.526270917992367160e+01
8.140000000000000000e+02 2.833491412251319375e+01
8.150000000000000000e+02 2.440281891543155268e+01
8.160000000000000000e+02 2.680865933447989846e+01
8.170000000000000000e+02 2.973137020147825282e+01
8.180000000000000000e+02 2.570096571997127199e+01
8.190000000000000000e+02 2.748588401997493591e+01
8.200000000000000000e+02 2.977972782222061099e+01
8.210000000000000000e+02 2.372339437418513342e+01
8.220000000000000000e+02 2.509980685387066757e+01
8.230000000000000000e+02 2.659040433942071147e+01
8.240000000000000000e+02 2.958677769857614237e+01
8.250000000000000000e+02 2.661799499772232735e+01
8.260000000000000000e+02 2.668002386921155278e+01
8.270000000000000000e+02 2.900385524269840687e+01
8.280000000000000000e+02 2.464785082962156437e+01
8.290000000000000000e+02 2.584878514370939229e+01
8.300000000000000000e+02 2.684537480824300459e+01
8.310000000000000000e+02 2.385091553039668000e+01
8.320000000000000000e+02 2.255334525544995117e+01
8.330000000000000000e+02 2.624012868508623697e+01
8.340000000000000000e+02 2.599888530983365342e+01
8.350000000000000000e+02 2.491938566752423512e+01
8.360000000000000000e+02 2.786872772032145207e+01
8.370000000000000000e+02 2.812903725141399036e+01
8.380000000000000000e+02 2.709419428934985774e+01
8.390000000000000000e+02 2.430143701300830017e+01
8.400000000000000000e+02 2.871874765389015849e+01
8.410000000000000000e+02 2.447396345281918073e+01
8.420000000000000000e+02 2.589802159670015058e+01
8.430000000000000000e+02 2.329416344977236264e+01
8.440000000000000000e+02 2.479688065545113673e+01
8.450000000000000000e+02 2.962944704090413239e+01
8.460000000000000000e+02 2.613956132406559618e+01
8.470000000000000000e+02 2.271251723343209861e+01
8.480000000000000000e+02 2.462346757648401407e+01
8.490000000000000000e+02 2.160891389060481771e+01
8.500000000000000000e+02 2.514679454106794054e+01
8.510000000000000000e+02 3.166754655097745896e+01
8.520000000000000000e+02 2.466299140483920738e+01
8.530000000000000000e+02 2.879616901786796745e+01
8.540000000000000000e+02 2.622488808529022464e+01
8.550000000000000000e+02 2.606087983985171164e+01
8.560000000000000000e+02 2.599737830296948360e+01
8.570000000000000000e+02 2.474580099544188627e+01
8.580000000000000000e+02 2.567193312723032150e+01
8.590000000000000000e+02 2.844740319600620992e+01
8.600000000000000000e+02 2.700467795356894030e+01
8.610000000000000000e+02 2.411267961556838557e+01
8.620000000000000000e+02 2.261383877276822219e+01
8.630000000000000000e+02 2.814032687985433867e+01
8.640000000000000000e+02 2.606393350358267114e+01
8.650000000000000000e+02 2.791878068015796899e+01
8.660000000000000000e+02 2.375823431329343194e+01
8.670000000000000000e+02 2.682518353045704274e+01
8.680000000000000000e+02 2.361066103244447234e+01
8.690000000000000000e+02 3.183631750760487833e+01
8.700000000000000000e+02 2.741529573261475505e+01
8.710000000000000000e+02 2.998628929855152947e+01
8.720000000000000000e+02 2.765967170886026238e+01
8.730000000000000000e+02 2.707502040273433863e+01
8.740000000000000000e+02 2.983411583441269954e+01
8.750000000000000000e+02 2.198544963869430546e+01
8.760000000000000000e+02 2.586964660581439546e+01
8.770000000000000000e+02 2.885975699849888088e+01
8.780000000000000000e+02 2.633920724583837725e+01
8.790000000000000000e+02 2.643800989489812636e+01
8.800000000000000000e+02 2.542344443451423430e+01
8.810000000000000000e+02 2.569730909679480391e+01
8.820000000000000000e+02 2.611429693896094051e+01
8.830000000000000000e+02 2.439617669139996536e+01
8.840000000000000000e+02 2.605026765512513620e+01
8.850000000000000000e+02 2.733065054482454670e+01
8.860000000000000000e+02 2.754231839445282048e+01
8.870000000000000000e+02 2.340713437315140055e+01
8.880000000000000000e+02 2.603940550763428519e+01
8.890000000000000000e+02 2.638504271857102523e+01
8.900000000000000000e+02 2.978165833567221199e+01
8.910000000000000000e+02 2.364524458583746380e+01
8.920000000000000000e+02 2.943275554047155751e+01
8.930000000000000000e+02 2.537563007612084576e+01
8.940000000000000000e+02 2.565545293170520225e+01
8.950000000000000000e+02 3.087404746695840529e+01
8.960000000000000000e+02 2.115907395338733110e+01
8.970000000000000000e+02 2.656130107857480027e+01
8.980000000000000000e+02 2.143607784556596485e+01
8.990000000000000000e+02 2.943805657131752795e+01
9.000000000000000000e+02 2.695139260573954232e+01
9.010000000000000000e+02 2.665731432038517212e+01
9.020000000000000000e+02 2.326711163571166807e+01
9.030000000000000000e+02 2.220865436170292639e+01
9.040000000000000000e+02 2.217009696310991984e+01
9.050000000000000000e+02 2.663344694143581748e+01
9.060000000000000000e+02 2.510466071425799939e+01
9.070000000000000000e+02 2.927594818785843955e+01
9.080000000000000000e+02 2.329261168341613697e+01
9.090000000000000000e+02 2.530951480303528811e+01
9.100000000000000000e+02 2.754919909401787947e+01
9.110000000000000000e+02 3.064701367510271268e+01
9.120000000000000000e+02 2.573707204193300058e+01
9.130000000000000000e+02 2.303724076343213412e+01
9.140000000000000000e+02 2.755186956290765465e+01
9.150000000000000000e+02 2.917937168095462042e+01
9.160000000000000000e+02 2.263205027099201061e+01
9.170000000000000000e+02 2.293075666911697397e+01
9.180000000000000000e+02 2.204220131054315246e+01
9.190000000000000000e+02 2.454428943388643347e+01
9.200000000000000000e+02 2.710148061965213628e+01
9.210000000000000000e+02 2.517584936143615337e+01
9.220000000000000000e+02 2.565898061229449567e+01
9.230000000000000000e+02 2.933458398718547500e+01
9.240000000000000000e+02 2.255533429968325976e+01
9.250000000000000000e+02 2.065251022898934963e+01
9.260000000000000000e+02 2.456545332635914747e+01
9.270000000000000000e+02 2.537248606647868598e+01
9.280000000000000000e+02 2.423654597461548477e+01
9.290000000000000000e+02 2.662378373384952468e+01
9.300000000000000000e+02 2.392376746277823685e+01
9.310000000000000000e+02 2.596029037375794957e+01
9.320000000000000000e+02 2.556518216463992133e+01
9.330000000000000000e+02 2.595690289349077418e+01
9.340000000000000000e+02 2.398567874501623720e+01
9.350000000000000000e+02 2.531507910259539784e+01
9.360000000000000000e+02 2.766161249746644657e+01
9.370000000000000000e+02 2.299971076436456130e+01
9.380000000000000000e+02 2.601886169146421324e+01
9.390000000000000000e+02 2.343652592347055119e+01
9.400000000000000000e+02 2.682133481154721366e+01
9.410000000000000000e+02 2.935296551047542479e+01
9.420000000000000000e+02 2.693646913055308900e+01
9.430000000000000000e+02 2.363698562841818784e+01
9.440000000000000000e+02 3.076246427008471329e+01
9.450000000000000000e+02 2.391402690645519868e+01
9.460000000000000000e+02 2.832371888999743348e+01
9.470000000000000000e+02 2.253835063131387528e+01
9.480000000000000000e+02 2.517545042959408264e+01
9.490000000000000000e+02 2.681311586433585603e+01
9.500000000000000000e+02 2.473202795378505314e+01
9.510000000000000000e+02 2.826564788187360477e+01
9.520000000000000000e+02 2.734694578846354673e+01
9.530000000000000000e+02 2.851011263653516181e+01
9.540000000000000000e+02 2.973270686653949824e+01
9.550000000000000000e+02 2.296262654465137132e+01
9.560000000000000000e+02 2.410635869676900711e+01
9.570000000000000000e+02 2.454642356791984881e+01
9.580000000000000000e+02 2.723410588065411631e+01
9.590000000000000000e+02 2.693912615303039360e+01
9.600000000000000000e+02 2.703340915647178022e+01
9.610000000000000000e+02 2.487566251726367383e+01
9.620000000000000000e+02 2.668998185724122862e+01
9.630000000000000000e+02 2.637329980956342013e+01
9.640000000000000000e+02 2.531933062181200000e+01
9.650000000000000000e+02 3.181002083914506073e+01
9.660000000000000000e+02 2.535842498697478220e+01
9.670000000000000000e+02 2.745139130037377484e+01
9.680000000000000000e+02 1.945900829768519458e+01
9.690000000000000000e+02 2.740579042286062617e+01
9.700000000000000000e+02 2.563913206328875560e+01
9.710000000000000000e+02 2.887752960525612878e+01
9.720000000000000000e+02 2.463216655163891389e+01
9.730000000000000000e+02 2.382039948612497327e+01
9.740000000000000000e+02 2.627515652623253928e+01
9.750000000000000000e+02 2.375783181654156451e+01
9.760000000000000000e+02 2.487458936026712664e+01
9.770000000000000000e+02 2.605411053477293848e+01
9.780000000000000000e+02 2.478509025306445679e+01
9.790000000000000000e+02 2.392950496306249164e+01
9.800000000000000000e+02 2.096017609822156302e+01
9.810000000000000000e+02 2.876320564191987827e+01
9.820000000000000000e+02 2.734023553420051300e+01
9.830000000000000000e+02 2.915378712354828750e+01
9.840000000000000000e+02 2.867671870852673877e+01
9.850000000000000000e+02 2.890369205322778612e+01
9.860000000000000000e+02 2.696942109005735588e+01
9.870000000000000000e+02 2.727716550776805349e+01
9.880000000000000000e+02 2.539149359399662487e+01
9.890000000000000000e+02 2.922347904077755487e+01
9.900000000000000000e+02 2.671785811364209096e+01
9.910000000000000000e+02 2.345769040790840165e+01
9.920000000000000000e+02 2.105929999844717315e+01
9.930000000000000000e+02 2.372981323601956305e+01
9.940000000000000000e+02 2.504759792082576197e+01
9.950000000000000000e+02 2.524207785892333789e+01
9.960000000000000000e+02 2.312325997191729243e+01
9.970000000000000000e+02 2.971823809312100551e+01
9.980000000000000000e+02 3.267679572982269320e+01
9.990000000000000000e+02 2.742203390896402126e+01
1.000000000000000000e+03 2.510430393097037793e+01
1.001000000000000000e+03 2.324219319439292519e+01
1.002000000000000000e+03 2.333697741757493915e+01
1.003000000000000000e+03 2.695181358047858922e+01
1.004000000000000000e+03 2.858208049131137685e+01
1.005000000000000000e+03 2.484326668335588195e+01
1.006000000000000000e+03 2.946127821984029538e+01
1.007000000000000000e+03 2.733851604267866620e+01
1.008000000000000000e+03 2.884740287897276900e+01
1.009000000000000000e+03 2.604059566088318078e+01
1.010000000000000000e+03 2.952216874341567632e+01
1.011000000000000000e+03 2.335604513180193109e+01
1.012000000000000000e+03 2.450934427638853208e+01
1.013000000000000000e+03 3.252744133303658458e+01
1.014000000000000000e+03 2.401645365772165519e+01
1.015000000000000000e+03 2.930530514795583841e+01
1.016000000000000000e+03 3.041665548047674505e+01
1.017000000000000000e+03 2.737831890238779309e+01
1.018000000000000000e+03 2.944351564203057947e+01
1.019000000000000000e+03 2.675748832027663227e+01
1.020000000000000000e+03 2.430253271177632968e+01
1.021000000000000000e+03 2.270388116562039471e+01
1.022000000000000000e+03 2.833856768748760402e+01
1.023000000000000000e+03 2.565649768043698131e+01
1.024000000000000000e+03 2.896674159392781078e+01
1.025000000000000000e+03 2.858860790136876062e+01
1.026000000000000000e+03 2.471762004248730804e+01
1.027000000000000000e+03 2.831645236984404335e+01
1.028000000000000000e+03 2.656376495328852982e+01
1.029000000000000000e+03 2.805116408693978514e+01
1.030000000000000000e+03 2.089209964074277437e+01
1.031000000000000000e+03 2.300901909770181319e+01
1.032000000000000000e+03 2.847110507739814267e+01
1.033000000000000000e+03 2.822905529628577526e+01
1.034000000000000000e+03 2.098812279941720504e+01
1.035000000000000000e+03 2.617189703925381750e+01
1.036000000000000000e+03 2.617345554833789478e+01
1.037000000000000000e+03 3.023583696147561994e+01
1.038000000000000000e+03 2.222156523945784201e+01
1.039000000000000000e+03 2.867964298149660962e+01
1.040000000000000000e+03 2.727896652873976180e+01
1.041000000000000000e+03 2.831972096004243866e+01
1.042000000000000000e+03 2.505353278773993608e+01
1.043000000000000000e+03 2.682679050073732085e+01
1.044000000000000000e+03 2.385796555253015683e+01
1.045000000000000000e+03 2.781647777659433984e+01
1.046000000000000000e+03 2.616959281005131288e+01
1.047000000000000000e+03 2.625107218302862222e+01
1.048000000000000000e+03 2.780096770159055453e+01
1.049000000000000000e+03 2.365087040491471271e+01
1.050000000000000000e+03 2.629867392234497103e+01
1.051000000000000000e+03 2.196698365794464536e+01
1.052000000000000000e+03 2.173983627934117635e+01
1.053000000000000000e+03 2.696211215340695233e+01
1.054000000000000000e+03 2.183336283421349222e+01
1.055000000000000000e+03 2.495869653310251479e+01
1.056000000000000000e+03 2.494931728427734186e+01
1.057000000000000000e+03 2.451417480800421700e+01
1.058000000000000000e+03 2.026818674005460252e+01
1.059000000000000000e+03 2.693353385512400422e+01
1.060000000000000000e+03 2.379395195832825038e+01
1.061000000000000000e+03 2.624644771409332122e+01
1.062000000000000000e+03 2.391217544621054003e+01
1.063000000000000000e+03 2.130581178826908584e+01
1.064000000000000000e+03 2.381260199198954197e+01
1.065000000000000000e+03 2.874976831735298788e+01
1.066000000000000000e+03 2.377768955144844654e+01
1.067000000000000000e+03 2.462858259726960597e+01
1.068000000000000000e+03 2.858689928615856957e+01
1.069000000000000000e+03 2.857644009096357252e+01
1.070000000000000000e+03 2.301529979665165726e+01
1.071000000000000000e+03 1.975619445729133616e+01
1.072000000000000000e+03 3.180156219193939293e+01
1.073000000000000000e+03 2.426317087974987530e+01
1.074000000000000000e+03 2.556465835405689191e+01
1.075000000000000000e+03 2.296312790149076477e+01
1.076000000000000000e+03 2.700751773221937313e+01
1.077000000000000000e+03 2.478870428042542784e+01
1.078000000000000000e+03 2.281196174937029042e+01
1.079000000000000000e+03 2.251318520709981996e+01
1.080000000000000000e+03 2.912676508855780000e+01
1.081000000000000000e+03 2.692416644448972107e+01
1.082000000000000000e+03 2.840393607036376977e+01
1.083000000000000000e+03 2.456602995416697510e+01
1.084000000000000000e+03 2.698868257057582554e+01
1.085000000000000000e+03 2.124678557779139254e+01
1.086000000000000000e+03 2.619742080739005274e+01
1.087000000000000000e+03 2.098903862355805927e+01
1.088000000000000000e+03 2.456588609216583663e+01
1.089000000000000000e+03 2.517139567384911558e+01
1.090000000000000000e+03 2.509130532948168124e+01
1.091000000000000000e+03 2.657527511504343920e+01
1.092000000000000000e+03 2.421937727451463829e+01
1.093000000000000000e+03 2.551217554748092908e+01
1.094000000000000000e+03 2.520099575668149328e+01
1.095000000000000000e+03 2.813070627910386889e+01
1.096000000000000000e+03 2.265879166922824695e+01
1.097000000000000000e+03 2.765531283499716153e+01
1.098000000000000000e+03 2.325264925002932870e+01
1.099000000000000000e+03 2.725707871025336004e+01
1.100000000000000000e+03 2.540570396112125451e+01
1.101000000000000000e+03 2.779365940944003199e+01
1.102000000000000000e+03 2.696749718535074081e+01
1.103000000000000000e+03 2.298546209743273749e+01
1.104000000000000000e+03 2.858374475705303652e+01
1.105000000000000000e+03 2.372981848951825512e+01
1.106000000000000000e+03 2.946307926125591337e+01
1.107000000000000000e+03 2.509721028955306465e+01
1.108000000000000000e+03 2.429468200089392127e+01
1.109000000000000000e+03 2.821735864771185121e+01
1.110000000000000000e+03 2.551806394458866478e+01
1.111000000000000000e+03 2.156895915146310472e+01
1.112000000000000000e+03 2.490167890275128215e+01
1.113000000000000000e+03 2.811498286469428010e+01
1.114000000000000000e+03 2.345371129942024524e+01
1.115000000000000000e+03 2.393444868543111070e+01
1.116000000000000000e+03 2.670628226883919609e+01
1.117000000000000000e+03 2.336228696183362175e+01
1.118000000000000000e+03 2.750480526061258857e+01
1.119000000000000000e+03 3.538937194755119009e+01
1.120000000000000000e+03 2.737249420018469337e+01
1.121000000000000000e+03 2.093790712523735209e+01
1.122000000000000000e+03 2.703733056611021723e+01
1.123000000000000000e+03 2.932461971189122352e+01
1.124000000000000000e+03 2.713348693337949413e+01
1.125000000000000000e+03 2.723342165496364231e+01
1.126000000000000000e+03 2.520609710800965786e+01
1.127000000000000000e+03 3.022797993902219105e+01
1.128000000000000000e+03 2.581794477810364086e+01
1.129000000000000000e+03 2.854869951676200657e+01
1.130000000000000000e+03 3.026435410870885079e+01
1.131000000000000000e+03 2.315731498668312582e+01
1.132000000000000000e+03 2.782691897705688078e+01
1.133000000000000000e+03 2.716020497616571561e+01
1.134000000000000000e+03 2.885361613434307770e+01
1.135000000000000000e+03 2.177587649911121304e+01
1.136000000000000000e+03 2.391974887300018437e+01
1.137000000000000000e+03 2.481281030418513822e+01
1.138000000000000000e+03 3.060113762096363743e+01
1.139000000000000000e+03 2.721183188703114553e+01
1.140000000000000000e+03 3.220060917221535846e+01
1.141000000000000000e+03 2.554833787066046114e+01
1.142000000000000000e+03 2.489472015483546485e+01
1.143000000000000000e+03 2.306892762709782119e+01
1.144000000000000000e+03 2.462546975570504060e+01
1.145000000000000000e+03 2.365770509122561194e+01
1.146000000000000000e+03 2.587432305227407170e+01
1.147000000000000000e+03 2.498596566170815336e+01
1.148000000000000000e+03 2.732962392072568747e+01
1.149000000000000000e+03 1.942679493607816710e+01
1.150000000000000000e+03 2.149860904091271152e+01
1.151000000000000000e+03 2.565420511502282608e+01
1.152000000000000000e+03 2.587294329348915412e+01
1.153000000000000000e+03 2.786779405559257228e+01
1.154000000000000000e+03 2.599711010111667164e+01
1.155000000000000000e+03 2.616323356548106815e+01
1.156000000000000000e+03 2.512640179319988931e+01
1.157000000000000000e+03 2.487242074529244107e+01
1.158000000000000000e+03 3.015719479334752151e+01
1.159000000000000000e+03 2.455450475906161145e+01
1.160000000000000000e+03 2.693159979148922645e+01
1.161000000000000000e+03 2.559489335288386513e+01
1.162000000000000000e+03 2.723116153941723994e+01
1.163000000000000000e+03 2.543955361050668174e+01
1.164000000000000000e+03 2.057303442099367174e+01
1.165000000000000000e+03 2.755915666367457817e+01
1.166000000000000000e+03 2.555387807641484699e+01
1.167000000000000000e+03 2.914851068100590226e+01
1.168000000000000000e+03 2.308186527951177425e+01
1.169000000000000000e+03 2.975357094837856664e+01
1.170000000000000000e+03 2.464483422120627409e+01
1.171000000000000000e+03 3.071698687896345348e+01
1.172000000000000000e+03 2.652674264983511065e+01
1.173000000000000000e+03 2.292475905297112604e+01
1.174000000000000000e+03 2.734525596914146206e+01
1.175000000000000000e+03 2.095954845988179827e+01
1.176000000000000000e+03 2.273155712361852210e+01
1.177000000000000000e+03 2.701077010343635365e+01
1.178000000000000000e+03 2.636927153649327948e+01
1.179000000000000000e+03 2.780500491783701378e+01
1.180000000000000000e+03 2.453442980643346871e+01
1.181000000000000000e+03 2.461820417788142024e+01
1.182000000000000000e+03 2.386346018931442359e+01
1.183000000000000000e+03 2.334158848061043656e+01
1.184000000000000000e+03 3.085162242795818344e+01
1.185000000000000000e+03 2.944062126188315531e+01
1.186000000000000000e+03 2.860274171729092174e+01
1.187000000000000000e+03 2.108472833528206181e+01
1.188000000000000000e+03 2.265556527786045748e+01
1.189000000000000000e+03 2.691142967023702326e+01
1.190000000000000000e+03 2.432779554625596674e+01
1.191000000000000000e+03 2.924285169805198947e+01
1.192000000000000000e+03 2.692542430937325904e+01
1.193000000000000000e+03 2.575918264588883133e+01
1.194000000000000000e+03 2.849591031856061818e+01
1.195000000000000000e+03 2.495342114279142010e+01
1.196000000000000000e+03 2.277239276927829437e+01
1.197000000000000000e+03 2.280557286774383385e+01
1.198000000000000000e+03 2.601316723207960280e+01
1.199000000000000000e+03 2.835920850705068474e+01
1.200000000000000000e+03 2.321756671264162719e+01
1.201000000000000000e+03 2.629959670709099129e+01
1.202000000000000000e+03 2.539099466226602431e+01
1.203000000000000000e+03 2.350761827159344364e+01
1.204000000000000000e+03 2.875643663893018598e+01
1.205000000000000000e+03 2.933308741642139239e+01
1.206000000000000000e+03 2.628509176116894253e+01
1.207000000000000000e+03 2.290879398810208301e+01
1.208000000000000000e+03 2.729452388999702350e+01
1.209000000000000000e+03 2.518645040642837074e+01
1.210000000000000000e+03 2.253694645120680207e+01
1.211000000000000000e+03 2.423645911605948911e+01
1.212000000000000000e+03 2.424006514811799917e+01
1.213000000000000000e+03 2.837546559825548442e+01
1.214000000000000000e+03 2.962196817863159737e+01
1.215000000000000000e+03 2.483419119835665612e+01
1.216000000000000000e+03 2.845445926063289122e+01
1.217000000000000000e+03 2.863993255741025479e+01
1.218000000000000000e+03 2.752452470853573629e+01
1.219000000000000000e+03 2.574322438781333489e+01
1.220000000000000000e+03 2.544447050160718504e+01
1.221000000000000000e+03 2.870875383528557023e+01
1.222000000000000000e+03 2.370286038041578180e+01
1.223000000000000000e+03 2.325957914754259548e+01
1.224000000000000000e+03 2.717667093172813608e+01
1.225000000000000000e+03 3.198838758163685725e+01
1.226000000000000000e+03 2.225228691932555591e+01
1.227000000000000000e+03 2.681623732861540432e+01
1.228000000000000000e+03 2.567403129326168454e+01
1.229000000000000000e+03 2.563530016800004674e+01
1.230000000000000000e+03 2.691321928071107905e+01
1.231000000000000000e+03 2.627605582007014462e+01
1.232000000000000000e+03 2.687873394515024472e+01
1.233000000000000000e+03 2.582991147696213119e+01
1.234000000000000000e+03 2.889224207689357016e+01
1.235000000000000000e+03 2.987987195801300899e+01
1.236000000000000000e+03 2.881843025011718495e+01
1.237000000000000000e+03 2.558514960242192515e+01
1.238000000000000000e+03 2.613043777486732111e+01
1.239000000000000000e+03 2.614199733445264329e+01
1.240000000000000000e+03 2.353884357975576691e+01
1.241000000000000000e+03 2.535586896787209810e+01
1.242000000000000000e+03 2.853122752395345429e+01
1.243000000000000000e+03 2.608718826792998158e+01
1.244000000000000000e+03 2.813917418634463985e+01
1.245000000000000000e+03 2.340320960218018342e+01
1.246000000000000000e+03 2.538191073722925850e+01
1.247000000000000000e+03 3.254725522885581057e+01
1.248000000000000000e+03 2.964897887211203553e+01
1.249000000000000000e+03 2.870022567699880511e+01
1.250000000000000000e+03 2.702153305065135314e+01
1.251000000000000000e+03 2.583362719331083923e+01
1.252000000000000000e+03 2.574448414099531135e+01
1.253000000000000000e+03 2.252950774119524269e+01
1.254000000000000000e+03 2.398004069075481226e+01
1.255000000000000000e+03 2.463268371093582232e+01
1.256000000000000000e+03 2.535643128858334094e+01
1.257000000000000000e+03 2.553140972978612311e+01
1.258000000000000000e+03 2.266505426319544725e+01
1.259000000000000000e+03 2.805930407263735660e+01
1.260000000000000000e+03 2.626737122765749177e+01
1.261000000000000000e+03 2.594287745842798998e+01
1.262000000000000000e+03 2.572489336235370061e+01
1.263000000000000000e+03 2.536762794584806002e+01
1.264000000000000000e+03 2.437869849589068494e+01
1.265000000000000000e+03 2.585444221842487167e+01
1.266000000000000000e+03 3.057793634789939219e+01
1.267000000000000000e+03 2.456208376670981863e+01
1.268000000000000000e+03 2.165279698502386196e+01
1.269000000000000000e+03 2.807146081835151108e+01
1.270000000000000000e+03 2.814735968723968540e+01
1.271000000000000000e+03 2.492018411302998615e+01
1.272000000000000000e+03 1.905971694056181320e+01
1.273000000000000000e+03 2.307494982351278168e+01
1.274000000000000000e+03 2.612996235305309867e+01
1.275000000000000000e+03 2.626758515504863922e+01
1.276000000000000000e+03 2.147427712605836447e+01
1.277000000000000000e+03 2.440655342165626962e+01
1.278000000000000000e+03 2.275949883317178646e+01
1.279000000000000000e+03 2.746665032095571490e+01
1.280000000000000000e+03 2.802442696085850571e+01
1.281000000000000000e+03 2.675119556982557611e+01
1.282000000000000000e+03 2.566644339172586342e+01
1.283000000000000000e+03 2.506828439055681912e+01
1.284000000000000000e+03 2.806305987818667447e+01
1.285000000000000000e+03 3.219318488288751468e+01
1.286000000000000000e+03 2.773571714351992767e+01
1.287000000000000000e+03 2.533565378035872939e+01
1.288000000000000000e+03 2.242509526023501820e+01
1.289000000000000000e+03 2.657445940254988415e+01
1.290000000000000000e+03 2.776754210009463719e+01
1.291000000000000000e+03 2.670395559611342051e+01
1.292000000000000000e+03 2.352200840769597789e+01
1.293000000000000000e+03 2.732312635170940496e+01
1.294000000000000000e+03 2.640615569053988665e+01
1.295000000000000000e+03 2.561715118509533795e+01
1.296000000000000000e+03 2.700465838569319388e+01
1.297000000000000000e+03 2.930835989542044473e+01
1.298000000000000000e+03 2.385172465332960456e+01
1.299000000000000000e+03 2.356900946321657031e+01
1.300000000000000000e+03 2.847632808910419655e+01
1.301000000000000000e+03 2.532308615224775039e+01
1.302000000000000000e+03 2.287993155666123712e+01
1.303000000000000000e+03 2.145157618866566551e+01
1.304000000000000000e+03 2.212756129905020686e+01
1.305000000000000000e+03 2.716189566345620676e+01
1.306000000000000000e+03 2.409311183465892370e+01
1.307000000000000000e+03 2.732945718020349446e+01
1.308000000000000000e+03 2.273522986491228082e+01
1.309000000000000000e+03 2.588086552744459468e+01
1.310000000000000000e+03 2.418544437605854469e+01
1.311000000000000000e+03 2.803480670929642926e+01
1.312000000000000000e+03 2.583036225564428179e+01
1.313000000000000000e+03 2.778548376047674751e+01
1.314000000000000000e+03 3.097313461671076595e+01
1.315000000000000000e+03 2.724741712458969189e+01
1.316000000000000000e+03 2.930827768913901821e+01
1.317000000000000000e+03 2.881569421888093174e+01
1.318000000000000000e+03 2.440157178987815101e+01
1.319000000000000000e+03 2.725179591545942515e+01
1.320000000000000000e+03 2.574121814470435154e+01
1.321000000000000000e+03 2.514317253391303097e+01
1.322000000000000000e+03 2.194295423794934763e+01
1.323000000000000000e+03 2.420526245958119205e+01
1.324000000000000000e+03 2.369072828234671135e+01
1.325000000000000000e+03 2.678289702259997540e+01
1.326000000000000000e+03 2.774495416125615677e+01
1.327000000000000000e+03 2.752359690612857435e+01
1.328000000000000000e+03 2.333488247295156270e+01
1.329000000000000000e+03 2.482937395995879371e+01
1.330000000000000000e+03 2.860067044161553795e+01
1.331000000000000000e+03 2.334220644261368705e+01
1.332000000000000000e+03 2.825321701386262774e+01
1.333000000000000000e+03 2.598366523390800609e+01
1.334000000000000000e+03 2.480450470665331153e+01
1.335000000000000000e+03 2.656132459993184725e+01
1.336000000000000000e+03 2.566626109549760670e+01
1.337000000000000000e+03 2.173737466833878074e+01
1.338000000000000000e+03 2.371712034776600930e+01
1.339000000000000000e+03 2.545336434201374587e+01
1.340000000000000000e+03 2.719913776066263011e+01
1.341000000000000000e+03 2.620749736269595687e+01
1.342000000000000000e+03 2.443809622613659371e+01
1.343000000000000000e+03 2.254587115029506705e+01
1.344000000000000000e+03 2.568217029882211477e+01
1.345000000000000000e+03 2.339429683925170522e+01
1.346000000000000000e+03 2.585107574555552645e+01
1.347000000000000000e+03 2.526255649967031403e+01
1.348000000000000000e+03 2.641175178989417915e+01
1.349000000000000000e+03 2.716123725817207912e+01
1.350000000000000000e+03 2.449292440628693512e+01
1.351000000000000000e+03 2.702943093629236415e+01
1.352000000000000000e+03 2.857658061273784256e+01
1.353000000000000000e+03 2.676311237004464516e+01
1.354000000000000000e+03 2.786140438286070165e+01
1.355000000000000000e+03 2.131583130040745644e+01
1.356000000000000000e+03 2.870553435189549063e+01
1.357000000000000000e+03 1.940714464031500341e+01
1.358000000000000000e+03 2.520741078526911849e+01
1.359000000000000000e+03 3.103301094222882384e+01
1.360000000000000000e+03 2.245698548525866656e+01
1.361000000000000000e+03 2.778813237178327000e+01
1.362000000000000000e+03 2.865362689333354851e+01
1.363000000000000000e+03 2.807146728096680732e+01
1.364000000000000000e+03 2.691622944455715327e+01
1.365000000000000000e+03 2.733417764808120509e+01
1.366000000000000000e+03 2.221598224032855029e+01
1.367000000000000000e+03 2.802036573971435374e+01
1.368000000000000000e+03 2.834969952992042863e+01
1.369000000000000000e+03 2.503915475299357496e+01
1.370000000000000000e+03 2.662251403869913347e+01
1.371000000000000000e+03 2.174843411573163721e+01
1.372000000000000000e+03 3.139829598643330044e+01
1.373000000000000000e+03 2.568322966707107113e+01
1.374000000000000000e+03 2.550048460056171251e+01
1.375000000000000000e+03 2.713668086899159704e+01
1.376000000000000000e+03 2.742501412631657232e+01
1.377000000000000000e+03 2.362570911724558442e+01
1.378000000000000000e+03 2.240930524956675995e+01
1.379000000000000000e+03 2.240662265494680128e+01
1.380000000000000000e+03 2.973730830406734427e+01
1.381000000000000000e+03 2.704232799110113206e+01
1.382000000000000000e+03 2.929356686218670092e+01
1.383000000000000000e+03 2.357163679965191960e+01
1.384000000000000000e+03 2.710652078863649805e+01
1.385000000000000000e+03 2.411789199923313021e+01
1.386000000000000000e+03 3.153433059822366857e+01
1.387000000000000000e+03 2.856203640734581839e+01
1.388000000000000000e+03 2.654797129213751461e+01
1.389000000000000000e+03 2.680609692854558546e+01
1.390000000000000000e+03 2.365297468786775781e+01
1.391000000000000000e+03 2.923024013671781063e+01
1.392000000000000000e+03 2.536479792804959033e+01
1.393000000000000000e+03 2.678681753690597844e+01
1.394000000000000000e+03 2.467707565812309767e+01
1.395000000000000000e+03 2.700862804637615255e+01
1.396000000000000000e+03 2.788287953228935834e+01
1.397000000000000000e+03 2.554175548538940177e+01
1.398000000000000000e+03 2.417673705353153935e+01
1.399000000000000000e+03 2.438935377906567226e+01
1.400000000000000000e+03 2.881072969138172724e+01
1.401000000000000000e+03 2.398131343202609145e+01
1.402000000000000000e+03 2.593348580634489764e+01
1.403000000000000000e+03 2.783134273104411704e+01
1.404000000000000000e+03 2.737983849563055472e+01
1.405000000000000000e+03 2.604775495087693571e+01
1.406000000000000000e+03 2.152424237023111431e+01
1.407000000000000000e+03 3.088207454459067947e+01
1.408000000000000000e+03 2.321735304316081638e+01
1.409000000000000000e+03 2.788646556386498077e+01
1.410000000000000000e+03 2.255967737307235765e+01
1.411000000000000000e+03 2.086355726447044034e+01
1.412000000000000000e+03 2.721785762240093831e+01
1.413000000000000000e+03 2.966504561227072045e+01
1.414000000000000000e+03 2.623779825821755196e+01
1.415000000000000000e+03 2.791277978488292177e+01
1.416000000000000000e+03 2.476089571772476816e+01
1.417000000000000000e+03 2.346570377495379489e+01
1.418000000000000000e+03 2.477683124639528955e+01
1.419000000000000000e+03 2.566083317350700455e+01
1.420000000000000000e+03 2.097255785378451520e+01
1.421000000000000000e+03 2.640184752784887934e+01
1.422000000000000000e+03 2.707255185586382495e+01
1.423000000000000000e+03 2.666128914165545183e+01
1.424000000000000000e+03 2.388873734663540560e+01
1.425000000000000000e+03 2.664312545828367718e+01
1.426000000000000000e+03 2.452619801510336472e+01
1.427000000000000000e+03 2.656401992011470625e+01
1.428000000000000000e+03 2.562791936892609357e+01
1.429000000000000000e+03 2.604564902826712469e+01
1.430000000000000000e+03 2.383957327849098462e+01
1.431000000000000000e+03 2.931011160768399293e+01
1.432000000000000000e+03 2.454423451092710806e+01
1.433000000000000000e+03 2.435550776518810423e+01
1.434000000000000000e+03 2.097384868440594019e+01
1.435000000000000000e+03 2.228243425697153057e+01
1.436000000000000000e+03 2.797491528013219408e+01
1.437000000000000000e+03 1.936684873888733094e+01
1.438000000000000000e+03 2.692593307684351700e+01
1.439000000000000000e+03 2.985909597251343328e+01
1.440000000000000000e+03 2.809604594800079980e+01
1.441000000000000000e+03 2.456163573587214088e+01
1.442000000000000000e+03 2.493882335085857349e+01
1.443000000000000000e+03 1.828871597959712858e+01
1.444000000000000000e+03 3.153857866757844519e+01
1.445000000000000000e+03 2.309031153444167472e+01
1.446000000000000000e+03 2.734109070569306965e+01
1.447000000000000000e+03 2.901163626266916040e+01
1.448000000000000000e+03 3.071354125664425894e+01
1.449000000000000000e+03 2.733411339553865815e+01
1.450000000000000000e+03 2.753304559925977557e+01
1.451000000000000000e+03 2.438798648493771992e+01
1.452000000000000000e+03 2.065218627516900085e+01
1.453000000000000000e+03 2.548197799057410151e+01
1.454000000000000000e+03 3.042709176306203744e+01
1.455000000000000000e+03 2.645196670687650453e+01
1.456000000000000000e+03 2.160457864085144308e+01
1.457000000000000000e+03 2.232689326824465681e+01
1.458000000000000000e+03 2.482443404202143000e+01
1.459000000000000000e+03 2.717685421122575207e+01
1.460000000000000000e+03 2.488356524565617889e+01
1.461000000000000000e+03 3.031967909603135425e+01
1.462000000000000000e+03 2.377071111013822957e+01
1.463000000000000000e+03 2.321699992819739933e+01
1.464000000000000000e+03 2.623847985347725498e+01
1.465000000000000000e+03 3.162700851809281488e+01
1.466000000000000000e+03 2.182844975519123309e+01
1.467000000000000000e+03 2.459815538020707848e+01
1.468000000000000000e+03 2.487418691395500048e+01
1.469000000000000000e+03 2.728924648289614296e+01
1.470000000000000000e+03 2.754957644960138907e+01
1.471000000000000000e+03 2.712756142498406930e+01
1.472000000000000000e+03 2.479617131319443502e+01
1.473000000000000000e+03 2.858762324658859200e+01
1.474000000000000000e+03 2.675529359500783144e+01
1.475000000000000000e+03 2.188325139318522261e+01
1.476000000000000000e+03 2.704579210949991364e+01
1.477000000000000000e+03 2.369414736792386833e+01
1.478000000000000000e+03 2.712392495029696349e+01
1.479000000000000000e+03 2.410657027147849618e+01
1.480000000000000000e+03 2.356967858212050970e+01
1.481000000000000000e+03 2.772997782803397371e+01
1.482000000000000000e+03 2.569853413523969010e+01
1.483000000000000000e+03 2.617977495986879077e+01
1.484000000000000000e+03 2.717260468495108228e+01
1.485000000000000000e+03 2.326753324741790863e+01
1.486000000000000000e+03 2.478434997163612508e+01
1.487000000000000000e+03 2.556769779165971102e+01
1.488000000000000000e+03 3.175503246548139202e+01
1.489000000000000000e+03 2.581360769293113577e+01
1.490000000000000000e+03 2.596632104157384546e+01
1.491000000000000000e+03 2.591919419238159250e+01
1.492000000000000000e+03 2.719763907530042246e+01
1.493000000000000000e+03 2.643713387634886303e+01
1.494000000000000000e+03 2.952514330741081849e+01
1.495000000000000000e+03 2.811097863975465927e+01
1.496000000000000000e+03 2.363359165972965670e+01
1.497000000000000000e+03 2.750680792971234112e+01
1.498000000000000000e+03 2.599157767634417837e+01
1.499000000000000000e+03 2.845168274876553482e+01
1.500000000000000000e+03 2.741598724087848282e+01
1.501000000000000000e+03 2.409008146134022255e+01
1.502000000000000000e+03 3.070210524182424194e+01
1.503000000000000000e+03 2.532936174358065173e+01
1.504000000000000000e+03 2.962324849730077148e+01
1.505000000000000000e+03 2.767130234551545698e+01
1.506000000000000000e+03 2.632711033561989566e+01
1.507000000000000000e+03 2.933008222054082026e+01
1.508000000000000000e+03 2.502898220146758135e+01
1.509000000000000000e+03 2.566502538466601280e+01
1.510000000000000000e+03 2.967116418401423061e+01
1.511000000000000000e+03 2.742450996396390295e+01
1.512000000000000000e+03 2.243800955075274928e+01
1.513000000000000000e+03 2.720125173894827242e+01
1.514000000000000000e+03 2.752805753003228162e+01
1.515000000000000000e+03 2.251345085382159894e+01
1.516000000000000000e+03 2.153140350906987521e+01
1.517000000000000000e+03 2.778426973339288253e+01
1.518000000000000000e+03 2.601891292998605110e+01
1.519000000000000000e+03 2.317188940505417705e+01
1.520000000000000000e+03 2.818164758732071107e+01
1.521000000000000000e+03 2.782385620262102677e+01
1.522000000000000000e+03 2.867967490257176522e+01
1.523000000000000000e+03 2.445591505596830473e+01
1.524000000000000000e+03 2.609695331973564691e+01
1.525000000000000000e+03 2.918433782286944123e+01
1.526000000000000000e+03 2.875287092446105319e+01
1.527000000000000000e+03 2.169511690770176671e+01
1.528000000000000000e+03 2.266699263749476145e+01
1.529000000000000000e+03 2.857791461926062482e+01
1.530000000000000000e+03 2.700755831688503150e+01
1.531000000000000000e+03 2.417586293924362550e+01
1.532000000000000000e+03 2.409615776391350650e+01
1.533000000000000000e+03 2.978403861563212374e+01
1.534000000000000000e+03 2.588706118341051976e+01
1.535000000000000000e+03 2.779698297400706863e+01
1.536000000000000000e+03 2.458379901824485003e+01
1.537000000000000000e+03 2.936352351914604952e+01
1.538000000000000000e+03 2.317341023575680836e+01
1.539000000000000000e+03 1.957140003625066882e+01
1.540000000000000000e+03 2.102129851558449047e+01
1.541000000000000000e+03 2.146592457237142781e+01
1.542000000000000000e+03 2.279837707985949180e+01
1.543000000000000000e+03 2.859198967263317570e+01
1.544000000000000000e+03 2.121385550454031943e+01
1.545000000000000000e+03 2.121175313670505247e+01
1.546000000000000000e+03 2.537105641899012554e+01
1.547000000000000000e+03 2.903021797298669426e+01
1.548000000000000000e+03 2.517012611632431529e+01
1.549000000000000000e+03 2.903482879796248639e+01
1.550000000000000000e+03 2.796449504364190375e+01
1.551000000000000000e+03 2.409041477301556711e+01
1.552000000000000000e+03 2.344100314323971190e+01
1.553000000000000000e+03 2.922402099038437129e+01
1.554000000000000000e+03 2.487010600844459063e+01
1.555000000000000000e+03 1.851287111048685929e+01
1.556000000000000000e+03 2.344608463394058617e+01
1.557000000000000000e+03 2.580624042054967759e+01
1.558000000000000000e+03 2.292267083961602836e+01
1.559000000000000000e+03 2.122385980705320918e+01
1.560000000000000000e+03 1.982200701474888760e+01
1.561000000000000000e+03 2.980731654402413966e+01
1.562000000000000000e+03 2.630953252459673664e+01
1.563000000000000000e+03 2.699639988474301688e+01
1.564000000000000000e+03 2.479998096705288901e+01
1.565000000000000000e+03 2.365040606370842369e+01
1.566000000000000000e+03 2.821700284643656431e+01
1.567000000000000000e+03 2.691446677869364024e+01
1.568000000000000000e+03 2.665892266192126314e+01
1.569000000000000000e+03 2.778331631627776233e+01
1.570000000000000000e+03 2.517020309549269186e+01
1.571000000000000000e+03 2.691804471165010781e+01
1.572000000000000000e+03 2.663458265403573577e+01
1.573000000000000000e+03 2.649869337352216192e+01
1.574000000000000000e+03 2.509797921552763356e+01
1.575000000000000000e+03 2.585003161946546868e+01
1.576000000000000000e+03 2.479990029821826880e+01
1.577000000000000000e+03 2.696740745820423157e+01
1.578000000000000000e+03 2.493297526785306673e+01
1.579000000000000000e+03 1.860675447047946918e+01
1.580000000000000000e+03 2.989820649869510305e+01
1.581000000000000000e+03 2.756943552440095502e+01
1.582000000000000000e+03 2.324215951256439183e+01
1.583000000000000000e+03 2.882025156605251937e+01
1.584000000000000000e+03 2.647401980233944130e+01
1.585000000000000000e+03 2.805462743725693642e+01
1.586000000000000000e+03 2.679062724214865199e+01
1.587000000000000000e+03 2.493087278347195834e+01
1.588000000000000000e+03 2.128859723309949104e+01
1.589000000000000000e+03 2.779877723879981133e+01
1.590000000000000000e+03 2.329002461448508754e+01
1.591000000000000000e+03 2.454755349708783996e+01
1.592000000000000000e+03 2.541248382871368250e+01
1.593000000000000000e+03 3.053460120344568551e+01
1.594000000000000000e+03 2.596682906015631076e+01
1.595000000000000000e+03 3.001299997015781429e+01
1.596000000000000000e+03 2.592398254593861395e+01
1.597000000000000000e+03 2.081816993072477118e+01
1.598000000000000000e+03 2.250806428382912472e+01
1.599000000000000000e+03 2.170357017244052500e+01
1.600000000000000000e+03 2.642190571817930689e+01
1.601000000000000000e+03 2.388732596909716221e+01
1.602000000000000000e+03 2.649706530403561544e+01
1.603000000000000000e+03 2.135590386222553860e+01
1.604000000000000000e+03 3.254019758234137072e+01
1.605000000000000000e+03 2.839173182437358278e+01
1.606000000000000000e+03 2.599812559684283997e+01
1.607000000000000000e+03 2.891917802266992865e+01
1.608000000000000000e+03 2.592991864541122382e+01
1.609000000000000000e+03 2.884101033274831138e+01
1.610000000000000000e+03 2.584598402192969147e+01
1.611000000000000000e+03 2.693471037526541068e+01
1.612000000000000000e+03 2.593544362708903606e+01
1.613000000000000000e+03 3.135574365035507682e+01
1.614000000000000000e+03 2.800840238829311346e+01
1.615000000000000000e+03 2.627930912583595457e+01
1.616000000000000000e+03 2.672505265589157020e+01
1.617000000000000000e+03 2.357223952169638537e+01
1.618000000000000000e+03 2.582903194550033632e+01
1.619000000000000000e+03 2.173737817095473801e+01
1.620000000000000000e+03 2.715794155685774314e+01
1.621000000000000000e+03 2.663570181304018192e+01
1.622000000000000000e+03 2.727979133217252894e+01
1.623000000000000000e+03 3.147919677979181685e+01
1.624000000000000000e+03 2.967578988157311315e+01
1.625000000000000000e+03 2.649015963613872060e+01
1.626000000000000000e+03 2.377093870935856046e+01
1.627000000000000000e+03 3.036162026930320934e+01
1.628000000000000000e+03 2.892300280717787331e+01
1.629000000000000000e+03 3.018752027511658298e+01
1.630000000000000000e+03 2.135761997590810424e+01
1.631000000000000000e+03 2.274015151307235882e+01
1.632000000000000000e+03 3.198750464166094076e+01
1.633000000000000000e+03 2.552364749258784471e+01
1.634000000000000000e+03 2.716397221295909148e+01
1.635000000000000000e+03 2.538785452780687280e+01
1.636000000000000000e+03 2.417546420651670047e+01
1.637000000000000000e+03 2.058669805631037164e+01
1.638000000000000000e+03 2.757089359595292422e+01
1.639000000000000000e+03 2.593751738980932231e+01
1.640000000000000000e+03 2.439269601472165760e+01
1.641000000000000000e+03 2.357714947623087198e+01
1.642000000000000000e+03 3.265039216359785001e+01
1.643000000000000000e+03 2.722290583583929902e+01
1.644000000000000000e+03 2.784902935676378277e+01
1.645000000000000000e+03 1.915451458063910906e+01
1.646000000000000000e+03 2.465371135061055696e+01
1.647000000000000000e+03 1.973587765380698045e+01
1.648000000000000000e+03 3.079002804880050093e+01
1.649000000000000000e+03 2.902478375402693089e+01
1.650000000000000000e+03 3.032723743029700003e+01
1.651000000000000000e+03 2.752703202745750843e+01
1.652000000000000000e+03 3.057843683937487711e+01
1.653000000000000000e+03 2.584967646412006204e+01
1.654000000000000000e+03 2.250043281776257231e+01
1.655000000000000000e+03 2.926584160871236406e+01
1.656000000000000000e+03 2.916108002947956024e+01
1.657000000000000000e+03 2.270423366584185842e+01
1.658000000000000000e+03 2.529293680426330226e+01
1.659000000000000000e+03 2.594964149766101613e+01
1.660000000000000000e+03 2.230388414003964215e+01
1.661000000000000000e+03 2.747408843960687719e+01
1.662000000000000000e+03 2.598992100972881403e+01
1.663000000000000000e+03 2.783407664554648875e+01
1.664000000000000000e+03 2.858550483596752656e+01
1.665000000000000000e+03 1.915786586665114655e+01
1.666000000000000000e+03 2.842388808815231371e+01
1.667000000000000000e+03 2.390972643300551326e+01
1.668000000000000000e+03 2.901731461414811619e+01
1.669000000000000000e+03 2.416832366944998611e+01
1.670000000000000000e+03 2.354268822912202808e+01
1.671000000000000000e+03 2.706960680211726711e+01
1.672000000000000000e+03 2.923739851081926133e+01
1.673000000000000000e+03 2.725156673430521437e+01
1.674000000000000000e+03 2.646450960065917712e+01
1.675000000000000000e+03 3.226301007852002556e+01
1.676000000000000000e+03 2.680857011343718099e+01
1.677000000000000000e+03 2.485400462073647887e+01
1.678000000000000000e+03 2.420763723943594314e+01
1.679000000000000000e+03 2.635248565080265948e+01
1.680000000000000000e+03 2.733179562548226826e+01
1.681000000000000000e+03 2.796199814823664198e+01
1.682000000000000000e+03 2.641013288799218017e+01
1.683000000000000000e+03 2.912537607770117276e+01
1.684000000000000000e+03 2.345078745841427192e+01
1.685000000000000000e+03 2.740714774741281801e+01
1.686000000000000000e+03 2.755383919106412449e+01
1.687000000000000000e+03 2.861378892598676416e+01
1.688000000000000000e+03 2.401682148469146583e+01
1.689000000000000000e+03 2.548045967022718372e+01
1.690000000000000000e+03 2.390027053087217368e+01
1.691000000000000000e+03 2.730089404895194249e+01
1.692000000000000000e+03 2.390867206653555499e+01
1.693000000000000000e+03 2.342350497667344555e+01
1.694000000000000000e+03 2.308668050705307451e+01
1.695000000000000000e+03 2.106476975211189284e+01
1.696000000000000000e+03 2.806725352263502771e+01
1.697000000000000000e+03 2.642468007997769419e+01
1.698000000000000000e+03 2.717663636815747452e+01
1.699000000000000000e+03 2.359362998605571349e+01
1.700000000000000000e+03 2.665670636420386330e+01
1.701000000000000000e+03 2.762391946575478485e+01
1.702000000000000000e+03 2.941648871974672375e+01
1.703000000000000000e+03 2.484074101146150682e+01
1.704000000000000000e+03 2.372562091050436450e+01
1.705000000000000000e+03 2.312298676297206157e+01
1.706000000000000000e+03 2.673093909786930666e+01
1.707000000000000000e+03 2.692293702605841688e+01
1.708000000000000000e+03 2.699319604058113597e+01
1.709000000000000000e+03 2.988284798804020781e+01
1.710000000000000000e+03 2.543328270567542759e+01
1.711000000000000000e+03 2.657676959295416808e+01
1.712000000000000000e+03 2.794397235803024415e+01
1.713000000000000000e+03 2.253148261131735097e+01
1.714000000000000000e+03 2.347481442693797149e+01
1.715000000000000000e+03 2.233651261680785538e+01
1.716000000000000000e+03 2.350646201375053934e+01
1.717000000000000000e+03 2.334067333384577481e+01
1.718000000000000000e+03 2.450440405526351384e+01
1.719000000000000000e+03 2.765259857765101614e+01
1.720000000000000000e+03 2.551547602241163304e+01
1.721000000000000000e+03 2.678997173582745361e+01
1.722000000000000000e+03 2.374932729668161713e+01
1.723000000000000000e+03 2.799602066939822720e+01
1.724000000000000000e+03 2.102689659125935151e+01
1.725000000000000000e+03 2.983609334948748071e+01
1.726000000000000000e+03 2.656270538536589854e+01
1.727000000000000000e+03 2.608653244443106800e+01
1.728000000000000000e+03 2.509476254534111916e+01
1.729000000000000000e+03 2.597472382390510504e+01
1.730000000000000000e+03 2.656895649082125743e+01
1.731000000000000000e+03 2.933266972941943962e+01
1.732000000000000000e+03 2.881122433928675619e+01
1.733000000000000000e+03 2.509866444521518503e+01
1.734000000000000000e+03 3.011957724666095615e+01
1.735000000000000000e+03 2.770735976386174215e+01
1.736000000000000000e+03 2.412533589569046200e+01
1.737000000000000000e+03 2.588819437767380904e+01
1.738000000000000000e+03 2.478784131774790822e+01
1.739000000000000000e+03 2.519971184817973864e+01
1.740000000000000000e+03 2.605327373652114886e+01
1.741000000000000000e+03 2.313603933709843119e+01
1.742000000000000000e+03 2.934825422264156103e+01
1.743000000000000000e+03 3.036852771870894330e+01
1.744000000000000000e+03 1.845229133003491029e+01
1.745000000000000000e+03 2.446605027966216284e+01
1.746000000000000000e+03 3.223615138567012650e+01
1.747000000000000000e+03 2.901963445222804694e+01
1.748000000000000000e+03 2.481977769899626907e+01
1.749000000000000000e+03 2.572225197853201806e+01
1.750000000000000000e+03 2.822791112190252250e+01
1.751000000000000000e+03 2.536439030239777281e+01
1.752000000000000000e+03 2.606798622826466882e+01
1.753000000000000000e+03 2.607081742029160409e+01
1.754000000000000000e+03 3.072317271079668188e+01
1.755000000000000000e+03 2.468870337551765104e+01
1.756000000000000000e+03 2.571996738683779782e+01
1.757000000000000000e+03 2.816900564283925945e+01
1.758000000000000000e+03 2.330603137393256219e+01
1.759000000000000000e+03 2.575435545254706682e+01
1.760000000000000000e+03 2.879809425450912386e+01
1.761000000000000000e+03 2.938526452595495542e+01
1.762000000000000000e+03 2.292000550669679981e+01
1.763000000000000000e+03 2.782413232218303634e+01
1.764000000000000000e+03 2.605059592607226193e+01
1.765000000000000000e+03 2.105122645356547295e+01
1.766000000000000000e+03 2.668465322020601604e+01
1.767000000000000000e+03 2.426582744677122250e+01
1.768000000000000000e+03 3.070366408985018225e+01
1.769000000000000000e+03 2.548418995345529225e+01
1.770000000000000000e+03 1.993646895970022115e+01
1.771000000000000000e+03 2.217365403939683333e+01
1.772000000000000000e+03 2.279941419777028599e+01
1.773000000000000000e+03 2.579238007829889057e+01
1.774000000000000000e+03 2.695203596393082535e+01
1.775000000000000000e+03 2.897402625523843511e+01
1.776000000000000000e+03 1.888621877818335548e+01
1.777000000000000000e+03 2.616246735752984875e+01
1.778000000000000000e+03 2.779306703782263099e+01
1.779000000000000000e+03 2.302015111588011109e+01
1.780000000000000000e+03 2.764451802773271893e+01
1.781000000000000000e+03 2.638426708334736404e+01
1.782000000000000000e+03 2.526220471406962176e+01
1.783000000000000000e+03 2.258694191559319364e+01
1.784000000000000000e+03 2.524552427554515432e+01
1.785000000000000000e+03 2.569328705515978228e+01
1.786000000000000000e+03 2.466487262235788336e+01
1.787000000000000000e+03 1.998383168764566520e+01
1.788000000000000000e+03 2.810644907639490597e+01
1.789000000000000000e+03 2.558469476731154657e+01
1.790000000000000000e+03 2.417181268355052381e+01
1.791000000000000000e+03 2.534219964630329969e+01
1.792000000000000000e+03 2.353308382289853640e+01
1.793000000000000000e+03 2.017561397981083360e+01
1.794000000000000000e+03 2.181432977670736051e+01
1.795000000000000000e+03 2.712352783163146697e+01
1.796000000000000000e+03 3.153181883167055943e+01
1.797000000000000000e+03 2.644971796197873459e+01
1.798000000000000000e+03 2.532596636091562559e+01
1.799000000000000000e+03 2.957480590668687270e+01
1.800000000000000000e+03 2.751943038543823405e+01
1.801000000000000000e+03 2.921618173611240010e+01
1.802000000000000000e+03 2.693610631189999083e+01
1.803000000000000000e+03 2.032082260105027061e+01
1.804000000000000000e+03 2.325136219085229783e+01
1.805000000000000000e+03 2.695905645122695304e+01
1.806000000000000000e+03 2.419525199574632168e+01
1.807000000000000000e+03 2.987163877084916663e+01
1.808000000000000000e+03 2.486653431532251446e+01
1.809000000000000000e+03 2.340670063915995769e+01
1.810000000000000000e+03 2.713801873865611469e+01
1.811000000000000000e+03 2.556170901425564068e+01
1.812000000000000000e+03 2.384026862857950846e+01
1.813000000000000000e+03 2.424552481078164590e+01
1.814000000000000000e+03 2.552550731312935994e+01
1.815000000000000000e+03 2.732770694904057152e+01
1.816000000000000000e+03 2.803155683838052070e+01
1.817000000000000000e+03 2.732486792576497336e+01
1.818000000000000000e+03 2.667650909672829940e+01
1.819000000000000000e+03 2.792480775288940720e+01
1.820000000000000000e+03 2.974942850639229874e+01
1.821000000000000000e+03 2.547697884988919625e+01
1.822000000000000000e+03 2.099465584604822155e+01
1.823000000000000000e+03 2.411165244923845918e+01
1.824000000000000000e+03 2.933106263389543145e+01
1.825000000000000000e+03 2.485183349324353941e+01
1.826000000000000000e+03 2.348816145480604334e+01
1.827000000000000000e+03 2.421301151240124838e+01
1.828000000000000000e+03 2.791868639808792096e+01
1.829000000000000000e+03 3.111001971653128706e+01
1.830000000000000000e+03 2.617448286116198730e+01
1.831000000000000000e+03 2.642425480643338531e+01
1.832000000000000000e+03 2.200093508609023374e+01
1.833000000000000000e+03 2.752057529078091136e+01
1.834000000000000000e+03 2.740524400005073247e+01
1.835000000000000000e+03 2.119855870569249490e+01
1.836000000000000000e+03 3.014585594452032069e+01
1.837000000000000000e+03 2.757573383913690535e+01
1.838000000000000000e+03 2.650710281198123752e+01
1.839000000000000000e+03 2.814677080082959293e+01
1.840000000000000000e+03 3.229544390467118120e+01
1.841000000000000000e+03 2.707173066984607246e+01
1.842000000000000000e+03 2.255028109534299219e+01
1.843000000000000000e+03 2.468598209900376617e+01
1.844000000000000000e+03 2.616048943765004253e+01
1.845000000000000000e+03 2.818527315552147527e+01
1.846000000000000000e+03 2.295688465487257801e+01
1.847000000000000000e+03 2.338786739164187622e+01
1.848000000000000000e+03 2.044123159250706578e+01
1.849000000000000000e+03 2.968602088866106570e+01
1.850000000000000000e+03 2.619047777297294388e+01
1.851000000000000000e+03 2.896729122881351870e+01
1.852000000000000000e+03 2.859126541329433024e+01
1.853000000000000000e+03 2.747015509310979198e+01
1.854000000000000000e+03 2.650623750044927718e+01
1.855000000000000000e+03 2.990678011229979205e+01
1.856000000000000000e+03 2.826659639383487388e+01
1.857000000000000000e+03 2.598905666927422331e+01
1.858000000000000000e+03 2.771176358579923615e+01
1.859000000000000000e+03 2.696398196891473020e+01
1.860000000000000000e+03 2.564177781516956145e+01
1.861000000000000000e+03 2.031501277265594041e+01
1.862000000000000000e+03 2.617735857190004722e+01
1.863000000000000000e+03 2.861442070367663604e+01
1.864000000000000000e+03 3.012886580729073671e+01
1.865000000000000000e+03 2.505535546456257023e+01
1.866000000000000000e+03 2.974212193615939981e+01
1.867000000000000000e+03 2.484780259383144951e+01
1.868000000000000000e+03 2.486715586035250780e+01
1.869000000000000000e+03 2.443686372709834842e+01
1.870000000000000000e+03 2.277380212172559482e+01
1.871000000000000000e+03 2.720729939636569128e+01
1.872000000000000000e+03 2.048815890715424004e+01
1.873000000000000000e+03 2.628032826992187410e+01
1.874000000000000000e+03 2.168348818725977267e+01
1.875000000000000000e+03 2.377427148246043842e+01
1.876000000000000000e+03 2.622524040502333875e+01
1.877000000000000000e+03 2.406426273669954341e+01
1.878000000000000000e+03 2.732587431900224928e+01
1.879000000000000000e+03 2.362414325845316299e+01
1.880000000000000000e+03 2.301568393891520969e+01
1.881000000000000000e+03 2.649874905257432545e+01
1.882000000000000000e+03 2.916980484536510332e+01
1.883000000000000000e+03 2.745805415610063349e+01
1.884000000000000000e+03 2.531249665774921453e+01
1.885000000000000000e+03 2.283789993726374945e+01
1.886000000000000000e+03 2.215554121364307250e+01
1.887000000000000000e+03 2.528595352648019201e+01
1.888000000000000000e+03 2.263227142490681132e+01
1.889000000000000000e+03 3.116297536112413624e+01
1.890000000000000000e+03 2.402253053442282393e+01
1.891000000000000000e+03 2.611410159221375693e+01
1.892000000000000000e+03 2.409252759750929584e+01
1.893000000000000000e+03 2.513039107449046128e+01
1.894000000000000000e+03 2.683536839828713383e+01
1.895000000000000000e+03 2.463370357874215699e+01
1.896000000000000000e+03 3.228852017614905634e+01
1.897000000000000000e+03 1.921501392490366911e+01
1.898000000000000000e+03 2.966970457001165684e+01
1.899000000000000000e+03 2.978527781993134127e+01
1.900000000000000000e+03 2.766589616940525076e+01
1.901000000000000000e+03 2.726191469265823741e+01
1.902000000000000000e+03 1.922607740643455543e+01
1.903000000000000000e+03 2.836287108627372078e+01
1.904000000000000000e+03 2.944483137251748417e+01
1.905000000000000000e+03 2.751554858901308620e+01
1.906000000000000000e+03 3.079495112008303082e+01
1.907000000000000000e+03 2.276641514290401958e+01
1.908000000000000000e+03 2.470572750229446868e+01
1.909000000000000000e+03 2.844387601627433781e+01
1.910000000000000000e+03 2.102912923053711580e+01
1.911000000000000000e+03 2.541515234306808324e+01
1.912000000000000000e+03 2.445954165222765297e+01
1.913000000000000000e+03 2.578287649724479635e+01
1.914000000000000000e+03 2.992672705163647606e+01
1.915000000000000000e+03 2.479186213636518588e+01
1.916000000000000000e+03 2.146738382636995723e+01
1.917000000000000000e+03 2.439882237186505165e+01
1.918000000000000000e+03 2.623508423542794432e+01
1.919000000000000000e+03 2.604447902280340088e+01
1.920000000000000000e+03 1.853425932164881829e+01
1.921000000000000000e+03 2.528048677190674454e+01
1.922000000000000000e+03 2.493343499291613341e+01
1.923000000000000000e+03 1.894233844165175285e+01
1.924000000000000000e+03 2.845788760106212578e+01
1.925000000000000000e+03 2.867618958562415798e+01
1.926000000000000000e+03 2.220898481746463204e+01
1.927000000000000000e+03 2.868288645373007739e+01
1.928000000000000000e+03 2.590863180870267968e+01
1.929000000000000000e+03 2.376217164095870515e+01
1.930000000000000000e+03 2.190558776082682257e+01
1.931000000000000000e+03 2.904333915353292639e+01
1.932000000000000000e+03 2.256336500498040820e+01
1.933000000000000000e+03 2.889120525749063617e+01
1.934000000000000000e+03 2.257099269859744695e+01
1.935000000000000000e+03 2.377583098352640434e+01
1.936000000000000000e+03 2.858234416507896114e+01
1.937000000000000000e+03 2.439448096247084763e+01
1.938000000000000000e+03 2.599945497468353750e+01
1.939000000000000000e+03 2.836934090740275849e+01
1.940000000000000000e+03 3.020715627526923441e+01
1.941000000000000000e+03 3.079610125295099010e+01
1.942000000000000000e+03 2.731110309929755076e+01
1.943000000000000000e+03 2.525571573399366088e+01
1.944000000000000000e+03 2.501211934289664285e+01
1.945000000000000000e+03 2.658649478478027461e+01
1.946000000000000000e+03 2.251370506329854848e+01
1.947000000000000000e+03 2.376179339318467854e+01
1.948000000000000000e+03 2.430168395757833011e+01
1.949000000000000000e+03 2.550130485612882225e+01
1.950000000000000000e+03 2.104685486738917888e+01
1.951000000000000000e+03 2.326254931656908909e+01
1.952000000000000000e+03 2.716834068420216752e+01
1.953000000000000000e+03 2.845624486147184484e+01
1.954000000000000000e+03 2.671426472984009237e+01
1.955000000000000000e+03 2.320214689171088196e+01
1.956000000000000000e+03 2.801269494702206586e+01
1.957000000000000000e+03 2.305142339233595905e+01
1.958000000000000000e+03 2.717851348535957356e+01
1.959000000000000000e+03 2.297293912028284879e+01
1.960000000000000000e+03 2.185574335283239833e+01
1.961000000000000000e+03 3.226239006596317438e+01
1.962000000000000000e+03 2.183328193084526347e+01
1.963000000000000000e+03 3.098346190623095708e+01
1.964000000000000000e+03 2.826141217274593487e+01
1.965000000000000000e+03 2.682054387314734711e+01
1.966000000000000000e+03 2.471584005979858389e+01
1.967000000000000000e+03 2.801749469323527464e+01
1.968000000000000000e+03 2.940416115679362008e+01
1.969000000000000000e+03 2.952365080346212522e+01
1.970000000000000000e+03 2.627335793518642504e+01
1.971000000000000000e+03 2.789047198772920311e+01
1.972000000000000000e+03 2.523999696551011596e+01
1.973000000000000000e+03 2.183794541690724955e+01
1.974000000000000000e+03 2.376950926709342227e+01
1.975000000000000000e+03 2.795604132038514322e+01
1.976000000000000000e+03 2.405457123094049265e+01
1.977000000000000000e+03 2.392052120054323439e+01
1.978000000000000000e+03 2.786715667905320970e+01
1.979000000000000000e+03 2.953089689811382001e+01
1.980000000000000000e+03 2.279741197966633948e+01
1.981000000000000000e+03 2.441401762233578054e+01
1.982000000000000000e+03 2.447196478768305994e+01
1.983000000000000000e+03 2.976019749129167025e+01
1.984000000000000000e+03 3.056869778058933207e+01
1.985000000000000000e+03 2.626390727457789964e+01
1.986000000000000000e+03 2.159806984058744561e+01
1.987000000000000000e+03 2.201457127753318943e+01
1.988000000000000000e+03 2.553669018989708661e+01
1.989000000000000000e+03 2.130929053884172930e+01
1.990000000000000000e+03 2.734507296927306541e+01
1.991000000000000000e+03 2.676397104764854262e+01
1.992000000000000000e+03 2.472750954276352076e+01
1.993000000000000000e+03 2.238431306980475455e+01
1.994000000000000000e+03 2.604594533969920889e+01
1.995000000000000000e+03 2.747647761597966820e+01
1.996000000000000000e+03 3.160402169549818296e+01
1.997000000000000000e+03 2.857758786169464571e+01
1.998000000000000000e+03 3.051189113041823830e+01
1.999000000000000000e+03 2.324531259249874182e+01
2.000000000000000000e+03 2.524100785850880158e+01
2.001000000000000000e+03 2.922640496959635570e+01
2.002000000000000000e+03 2.969275897952298138e+01
2.003000000000000000e+03 2.221937394512864472e+01
2.004000000000000000e+03 2.312563728519165096e+01
2.005000000000000000e+03 2.657749622176574178e+01
2.006000000000000000e+03 2.641082834738329765e+01
2.007000000000000000e+03 2.457379319703935394e+01
2.008000000000000000e+03 2.725591530964111797e+01
2.009000000000000000e+03 2.613947862771765784e+01
2.010000000000000000e+03 2.272859042031032573e+01
2.011000000000000000e+03 2.301678400097769739e+01
2.012000000000000000e+03 2.428241560196561721e+01
2.013000000000000000e+03 2.697644507941164349e+01
2.014000000000000000e+03 3.112593069049176719e+01
2.015000000000000000e+03 3.149031624846874067e+01
2.016000000000000000e+03 2.073051913088154663e+01
2.017000000000000000e+03 2.352146622907221385e+01
2.018000000000000000e+03 3.069881865378807362e+01
2.019000000000000000e+03 2.682323319209312373e+01
2.020000000000000000e+03 2.309508728804192756e+01
2.021000000000000000e+03 2.523090994945685495e+01
2.022000000000000000e+03 1.761715056210058350e+01
2.023000000000000000e+03 2.313042514470745203e+01
2.024000000000000000e+03 2.922712884534200484e+01
2.025000000000000000e+03 2.446443500600983256e+01
2.026000000000000000e+03 2.761233034039294409e+01
2.027000000000000000e+03 2.950596964809385625e+01
2.028000000000000000e+03 2.766395487583001511e+01
2.029000000000000000e+03 2.609070948026947789e+01
2.030000000000000000e+03 2.997906887820836630e+01
2.031000000000000000e+03 2.390288983066474060e+01
2.032000000000000000e+03 2.106116420411776957e+01
2.033000000000000000e+03 2.766066105858683244e+01
2.034000000000000000e+03 2.100485751860931316e+01
2.035000000000000000e+03 3.168975883524646875e+01
2.036000000000000000e+03 3.035539812310281604e+01
2.037000000000000000e+03 2.865808162009574644e+01
2.038000000000000000e+03 3.007337879614420828e+01
2.039000000000000000e+03 2.306629856011032231e+01
2.040000000000000000e+03 3.071292181072962180e+01
2.041000000000000000e+03 1.930540364612295789e+01
2.042000000000000000e+03 3.059173912261541162e+01
2.043000000000000000e+03 2.785258950702500513e+01
2.044000000000000000e+03 2.320756709468997769e+01
2.045000000000000000e+03 2.683371891554485344e+01
2.046000000000000000e+03 3.084510461903028400e+01
2.047000000000000000e+03 2.564959667245240027e+01
2.048000000000000000e+03 2.717014299087477269e+01
2.049000000000000000e+03 2.627977520061284977e+01
2.050000000000000000e+03 2.736093536409850913e+01
2.051000000000000000e+03 2.824936215565880460e+01
2.052000000000000000e+03 2.864932859092149187e+01
2.053000000000000000e+03 2.722691727302156295e+01
2.054000000000000000e+03 2.498952955410658916e+01
2.055000000000000000e+03 2.865778868301662641e+01
2.056000000000000000e+03 2.556675382983653222e+01
2.057000000000000000e+03 2.338468037139303135e+01
2.058000000000000000e+03 1.970127770553753166e+01
2.059000000000000000e+03 2.634983108537345942e+01
2.060000000000000000e+03 2.829383136165019508e+01
2.061000000000000000e+03 2.568718043757169056e+01
2.062000000000000000e+03 2.033145535439740570e+01
2.063000000000000000e+03 2.625942123138911555e+01
2.064000000000000000e+03 2.554917395322942397e+01
2.065000000000000000e+03 2.828378131731430756e+01
2.066000000000000000e+03 2.342169315542500385e+01
2.067000000000000000e+03 2.445718264723428348e+01
2.068000000000000000e+03 2.713995682924418062e+01
2.069000000000000000e+03 2.116573820485353963e+01
2.070000000000000000e+03 2.662956699869231514e+01
2.071000000000000000e+03 3.070607683552812972e+01
2.072000000000000000e+03 2.494862858960057395e+01
2.073000000000000000e+03 2.192951262198477735e+01
2.074000000000000000e+03 2.614345705236900486e+01
2.075000000000000000e+03 2.832304511379200207e+01
2.076000000000000000e+03 2.872458160097151847e+01
2.077000000000000000e+03 2.230731910887540081e+01
2.078000000000000000e+03 2.538924334800825022e+01
2.079000000000000000e+03 2.834366986390297072e+01
2.080000000000000000e+03 2.927671299136309813e+01
2.081000000000000000e+03 1.857236544647126664e+01
2.082000000000000000e+03 2.717892153107114694e+01
2.083000000000000000e+03 2.744373347580134492e+01
2.084000000000000000e+03 2.744781919921681279e+01
2.085000000000000000e+03 2.538183864837441561e+01
2.086000000000000000e+03 2.051063124583673059e+01
2.087000000000000000e+03 2.633548193867839871e+01
2.088000000000000000e+03 2.404907835186343590e+01
2.089000000000000000e+03 2.741989334320786398e+01
2.090000000000000000e+03 2.780817176156562809e+01
2.091000000000000000e+03 2.759885257933441238e+01
2.092000000000000000e+03 2.585282468253769750e+01
2.093000000000000000e+03 2.772055960622802928e+01
2.094000000000000000e+03 2.401203344967531095e+01
2.095000000000000000e+03 2.626512081530921350e+01
2.096000000000000000e+03 2.740037644419079754e+01
2.097000000000000000e+03 2.662036117856225914e+01
2.098000000000000000e+03 3.074016589812081790e+01
2.099000000000000000e+03 2.288800955266571080e+01
2.100000000000000000e+03 2.218332867862217839e+01
2.101000000000000000e+03 2.098737213303411053e+01
2.102000000000000000e+03 2.558981772280272793e+01
2.103000000000000000e+03 2.391537596649591180e+01
2.104000000000000000e+03 2.380941365761034945e+01
2.105000000000000000e+03 2.192337552605417272e+01
2.106000000000000000e+03 2.665203141098436390e+01
2.107000000000000000e+03 2.692470484616886139e+01
2.108000000000000000e+03 2.494457442473202136e+01
2.109000000000000000e+03 2.857847548989494868e+01
2.110000000000000000e+03 2.456152542471831524e+01
2.111000000000000000e+03 2.883311865944402896e+01
2.112000000000000000e+03 2.685113709598017806e+01
2.113000000000000000e+03 2.991467840573193371e+01
2.114000000000000000e+03 2.857519484511506036e+01
2.115000000000000000e+03 2.399236497594086615e+01
2.116000000000000000e+03 2.885647083256047551e+01
2.117000000000000000e+03 2.165537531367430191e+01
2.118000000000000000e+03 2.298894518389003494e+01
2.119000000000000000e+03 2.181312184365253870e+01
2.120000000000000000e+03 2.935657945220966525e+01
2.121000000000000000e+03 2.156773885734610730e+01
2.122000000000000000e+03 2.582141433559547394e+01
2.123000000000000000e+03 2.607700236575152530e+01
2.124000000000000000e+03 2.383776096047998649e+01
2.125000000000000000e+03 2.540360463786481660e+01
2.126000000000000000e+03 2.482068610327251079e+01
2.127000000000000000e+03 2.804095547589539805e+01
2.128000000000000000e+03 2.746154990552740927e+01
2.129000000000000000e+03 2.199863494207504289e+01
2.130000000000000000e+03 2.835034321550444858e+01
2.131000000000000000e+03 2.705781679097097481e+01
2.132000000000000000e+03 2.033800879744336143e+01
2.133000000000000000e+03 2.809413320164965810e+01
2.134000000000000000e+03 2.817051858517653073e+01
2.135000000000000000e+03 2.430158925379188162e+01
2.136000000000000000e+03 2.441603260647661244e+01
2.137000000000000000e+03 2.100831639511202198e+01
2.138000000000000000e+03 2.642254007200909882e+01
2.139000000000000000e+03 2.348133094662527043e+01
2.140000000000000000e+03 2.644182968775026410e+01
2.141000000000000000e+03 2.944525424906823119e+01
2.142000000000000000e+03 2.387702725982292407e+01
2.143000000000000000e+03 2.789520046368701855e+01
2.144000000000000000e+03 2.093940652328470264e+01
2.145000000000000000e+03 2.652051156811052124e+01
2.146000000000000000e+03 2.676432690023224836e+01
2.147000000000000000e+03 2.206971525699198011e+01
2.148000000000000000e+03 2.600330105534880332e+01
2.149000000000000000e+03 3.170235869578371180e+01
2.150000000000000000e+03 2.422693073340767711e+01
2.151000000000000000e+03 2.937015851316002113e+01
2.152000000000000000e+03 2.329326254191562384e+01
2.153000000000000000e+03 2.479176221387443846e+01
2.154000000000000000e+03 2.619452881182882820e+01
2.155000000000000000e+03 2.319026971906104961e+01
2.156000000000000000e+03 2.885737643469321867e+01
2.157000000000000000e+03 2.133373356379277297e+01
2.158000000000000000e+03 2.332900023747574281e+01
2.159000000000000000e+03 2.554503936332930181e+01
2.160000000000000000e+03 2.774703120468348416e+01
2.161000000000000000e+03 2.338013333372204627e+01
2.162000000000000000e+03 2.290440895901268448e+01
2.163000000000000000e+03 2.474700225796613395e+01
2.164000000000000000e+03 2.752186074940349059e+01
2.165000000000000000e+03 2.067163565667063807e+01
2.166000000000000000e+03 2.804019751073836986e+01
2.167000000000000000e+03 2.075860648553642918e+01
2.168000000000000000e+03 3.037587262988869696e+01
2.169000000000000000e+03 2.881871695820078472e+01
2.170000000000000000e+03 2.547541787089926046e+01
2.171000000000000000e+03 2.644784775658609277e+01
2.172000000000000000e+03 3.057603997595962042e+01
2.173000000000000000e+03 2.178928554507412230e+01
2.174000000000000000e+03 2.067174788370951788e+01
2.175000000000000000e+03 2.544216331645182905e+01
2.176000000000000000e+03 2.524015365800662281e+01
2.177000000000000000e+03 2.473967679248244167e+01
2.178000000000000000e+03 2.389561655221448078e+01
2.179000000000000000e+03 2.453620320136042920e+01
2.180000000000000000e+03 2.818146022026993336e+01
2.181000000000000000e+03 2.735869410459170226e+01
2.182000000000000000e+03 2.474293305845636937e+01
2.183000000000000000e+03 3.024007826644148622e+01
2.184000000000000000e+03 2.525907284300055622e+01
2.185000000000000000e+03 2.246136832188588883e+01
2.186000000000000000e+03 2.688591524344254324e+01
2.187000000000000000e+03 2.549161678633170425e+01
2.188000000000000000e+03 2.971329577706566027e+01
2.189000000000000000e+03 2.659659738652105787e+01
2.190000000000000000e+03 2.395644445961167790e+01
2.191000000000000000e+03 2.445513528008297044e+01
2.192000000000000000e+03 2.774942537843908852e+01
2.193000000000000000e+03 2.670211466944473244e+01
2.194000000000000000e+03 2.426859746866560386e+01
2.195000000000000000e+03 2.844503227894485775e+01
2.196000000000000000e+03 2.457183518354071694e+01
2.197000000000000000e+03 2.606036659733290506e+01
2.198000000000000000e+03 2.314914178652751886e+01
2.199000000000000000e+03 2.485520118174569504e+01
2.200000000000000000e+03 2.863056221759098108e+01
2.201000000000000000e+03 2.963958889756094095e+01
2.202000000000000000e+03 2.492725767030937689e+01
2.203000000000000000e+03 2.701340790792259838e+01
2.204000000000000000e+03 2.768070742320859168e+01
2.205000000000000000e+03 3.048091467293117418e+01
2.206000000000000000e+03 2.695623485786688533e+01
2.207000000000000000e+03 3.227621878283216006e+01
2.208000000000000000e+03 2.613256796617236333e+01
2.209000000000000000e+03 2.944438162619895749e+01
2.210000000000000000e+03 2.980352077965023483e+01
2.211000000000000000e+03 2.932410445544109834e+01
2.212000000000000000e+03 2.555239937857313848e+01
2.213000000000000000e+03 3.226989546304603351e+01
2.214000000000000000e+03 2.416655882431697933e+01
2.215000000000000000e+03 2.787017085748424350e+01
2.216000000000000000e+03 2.761808309529804362e+01
2.217000000000000000e+03 2.985466277820231085e+01
2.218000000000000000e+03 2.590987229134869452e+01
2.219000000000000000e+03 2.654750299399974622e+01
2.220000000000000000e+03 2.262567739993169624e+01
2.221000000000000000e+03 2.278422263152203087e+01
2.222000000000000000e+03 2.274888777391052841e+01
2.223000000000000000e+03 2.597546703294475634e+01
2.224000000000000000e+03 2.484174176999063377e+01
2.225000000000000000e+03 2.174125774604405947e+01
2.226000000000000000e+03 2.580455646849816986e+01
2.227000000000000000e+03 2.584322616802971595e+01
2.228000000000000000e+03 2.458400427814451561e+01
2.229000000000000000e+03 2.622081414120997422e+01
2.230000000000000000e+03 2.319755863066704293e+01
2.231000000000000000e+03 2.851429136144427190e+01
2.232000000000000000e+03 2.455708781954961140e+01
2.233000000000000000e+03 2.426815820644490884e+01
2.234000000000000000e+03 2.360921979103045842e+01
2.235000000000000000e+03 2.635217981726899694e+01
2.236000000000000000e+03 2.622366049565605906e+01
2.237000000000000000e+03 2.295710838719371338e+01
2.238000000000000000e+03 2.543137621795520786e+01
2.239000000000000000e+03 2.814214614053002350e+01
2.240000000000000000e+03 2.800785703952713135e+01
2.241000000000000000e+03 2.049701873635836691e+01
2.242000000000000000e+03 2.570300785251412279e+01
2.243000000000000000e+03 2.815521883590228569e+01
2.244000000000000000e+03 2.486677431874344890e+01
2.245000000000000000e+03 2.853937518586129940e+01
2.246000000000000000e+03 2.265331601704613007e+01
2.247000000000000000e+03 2.392038380879471049e+01
2.248000000000000000e+03 2.550521869441652001e+01
2.249000000000000000e+03 2.571028344451241665e+01
2.250000000000000000e+03 2.600740431546619291e+01
2.251000000000000000e+03 2.551099450544208835e+01
2.252000000000000000e+03 2.402933443110345024e+01
2.253000000000000000e+03 2.328010934095798490e+01
2.254000000000000000e+03 3.159235779405373989e+01
2.255000000000000000e+03 2.802456955695563323e+01
2.256000000000000000e+03 2.875052058133664801e+01
2.257000000000000000e+03 2.668994660450807643e+01
2.258000000000000000e+03 2.462061834492740076e+01
2.259000000000000000e+03 2.839333304765669297e+01
2.260000000000000000e+03 2.727327221495407272e+01
2.261000000000000000e+03 2.436068582255499493e+01
2.262000000000000000e+03 2.766059842652123635e+01
2.263000000000000000e+03 2.841289406242205828e+01
2.264000000000000000e+03 2.715503180997327348e+01
2.265000000000000000e+03 2.990893854742118663e+01
2.266000000000000000e+03 2.603747613045383602e+01
2.267000000000000000e+03 2.781801137510802491e+01
2.268000000000000000e+03 2.346649776159871337e+01
2.269000000000000000e+03 2.803235862022681602e+01
2.270000000000000000e+03 2.546937204889728434e+01
2.271000000000000000e+03 2.606075633329605523e+01
2.272000000000000000e+03 2.804726113789895336e+01
2.273000000000000000e+03 2.886650937486076174e+01
2.274000000000000000e+03 2.721107150086204740e+01
2.275000000000000000e+03 2.739125831723097804e+01
2.276000000000000000e+03 2.437611440388941730e+01
2.277000000000000000e+03 2.851401801660668056e+01
2.278000000000000000e+03 2.561242457288879493e+01
2.279000000000000000e+03 3.075172401398248923e+01
2.280000000000000000e+03 2.354677487876163511e+01
2.281000000000000000e+03 2.594044303183743594e+01
2.282000000000000000e+03 2.799504229341517814e+01
2.283000000000000000e+03 2.657338489963516892e+01
2.284000000000000000e+03 2.441862604475750231e+01
2.285000000000000000e+03 2.422764534591422603e+01
2.286000000000000000e+03 2.091291222390456284e+01
2.287000000000000000e+03 2.664822405708376962e+01
2.288000000000000000e+03 2.250922691903122441e+01
2.289000000000000000e+03 2.115077243509693261e+01
2.290000000000000000e+03 2.617495668422579058e+01
2.291000000000000000e+03 2.764302052636300644e+01
2.292000000000000000e+03 2.783765913999377872e+01
2.293000000000000000e+03 2.909080140632116240e+01
2.294000000000000000e+03 1.909543242657418105e+01
2.295000000000000000e+03 2.657064648641113536e+01
2.296000000000000000e+03 2.673098794014397228e+01
2.297000000000000000e+03 2.610284724662526656e+01
2.298000000000000000e+03 2.766980877207734579e+01
2.299000000000000000e+03 3.408145083718856228e+01
2.300000000000000000e+03 2.488536895665541948e+01
2.301000000000000000e+03 2.686218283478461188e+01
2.302000000000000000e+03 3.106765238777414950e+01
2.303000000000000000e+03 2.345663373672461915e+01
2.304000000000000000e+03 2.633631472414252173e+01
2.305000000000000000e+03 2.484076574869747844e+01
2.306000000000000000e+03 2.596176464761265379e+01
2.307000000000000000e+03 2.686265206826931617e+01
2.308000000000000000e+03 2.742758057568556040e+01
2.309000000000000000e+03 2.621223048928082022e+01
2.310000000000000000e+03 2.666147240670458629e+01
2.311000000000000000e+03 2.544510489645114504e+01
2.312000000000000000e+03 2.490444871904168522e+01
2.313000000000000000e+03 2.806366265717748831e+01
2.314000000000000000e+03 2.692116033545180187e+01
2.315000000000000000e+03 2.632740129092510983e+01
2.316000000000000000e+03 2.917798749479036857e+01
2.317000000000000000e+03 2.260211680275373425e+01
2.318000000000000000e+03 2.526439632809890767e+01
2.319000000000000000e+03 2.439398190853119175e+01
2.320000000000000000e+03 2.814713640663286043e+01
2.321000000000000000e+03 3.042340880464211850e+01
2.322000000000000000e+03 2.693254067833409238e+01
2.323000000000000000e+03 2.691235617827749138e+01
2.324000000000000000e+03 2.698296669421857885e+01
2.325000000000000000e+03 2.909679724954310842e+01
2.326000000000000000e+03 2.003629685279883788e+01
2.327000000000000000e+03 2.749361147061829058e+01
2.328000000000000000e+03 3.133556981316603895e+01
2.329000000000000000e+03 2.696800446712873267e+01
2.330000000000000000e+03 2.324177058456012546e+01
2.331000000000000000e+03 2.652016792174935489e+01
2.332000000000000000e+03 2.741538051588828040e+01
2.333000000000000000e+03 2.457279909678069174e+01
2.334000000000000000e+03 2.891020777505412909e+01
2.335000000000000000e+03 2.712035235602852978e+01
2.336000000000000000e+03 2.304174492470315627e+01
2.337000000000000000e+03 2.562539619752942599e+01
2.338000000000000000e+03 2.419825669272523783e+01
2.339000000000000000e+03 3.080133521364652438e+01
2.340000000000000000e+03 2.504751689686603910e+01
2.341000000000000000e+03 2.422302188815790558e+01
2.342000000000000000e+03 2.252343331675167448e+01
2.343000000000000000e+03 2.431871558245557452e+01
2.344000000000000000e+03 2.684594418872197252e+01
2.345000000000000000e+03 3.063391683480091743e+01
2.346000000000000000e+03 2.513949955157683291e+01
2.347000000000000000e+03 2.284196838077923886e+01
2.348000000000000000e+03 2.578592931363420604e+01
2.349000000000000000e+03 2.552979094237239366e+01
2.350000000000000000e+03 2.412678961238488284e+01
2.351000000000000000e+03 2.640489482552347411e+01
2.352000000000000000e+03 2.022295344601324985e+01
2.353000000000000000e+03 2.575681049403872436e+01
2.354000000000000000e+03 2.294258518406234870e+01
2.355000000000000000e+03 2.967497633677600533e+01
2.356000000000000000e+03 2.782263367465084514e+01
2.357000000000000000e+03 2.722987263065504493e+01
2.358000000000000000e+03 2.868102103353568211e+01
2.359000000000000000e+03 2.162581357194178366e+01
2.360000000000000000e+03 3.072854059795319159e+01
2.361000000000000000e+03 2.756243070887382274e+01
2.362000000000000000e+03 2.192897895533279140e+01
2.363000000000000000e+03 2.615301400734017179e+01
2.364000000000000000e+03 2.820494150649343013e+01
2.365000000000000000e+03 2.453856925675329848e+01
2.366000000000000000e+03 2.856480921844045895e+01
2.367000000000000000e+03 2.646545214326852857e+01
2.368000000000000000e+03 2.774270195717850029e+01
2.369000000000000000e+03 2.284426290803636661e+01
2.370000000000000000e+03 3.031405121546481851e+01
2.371000000000000000e+03 2.365171146087041620e+01
2.372000000000000000e+03 2.577162995413497981e+01
2.373000000000000000e+03 2.592142286406045315e+01
2.374000000000000000e+03 2.280951858191676607e+01
2.375000000000000000e+03 2.309799246867842726e+01
2.376000000000000000e+03 3.020193041910455278e+01
2.377000000000000000e+03 2.573854625284202058e+01
2.378000000000000000e+03 2.758901136661402731e+01
2.379000000000000000e+03 2.407751185103708025e+01
2.380000000000000000e+03 2.297903269398547366e+01
2.381000000000000000e+03 2.323957777818943171e+01
2.382000000000000000e+03 2.354423771661195630e+01
2.383000000000000000e+03 2.380777831622502916e+01
2.384000000000000000e+03 2.901979305941523890e+01
2.385000000000000000e+03 2.334415817042820862e+01
2.386000000000000000e+03 2.779173297703134438e+01
2.387000000000000000e+03 2.625916444641868353e+01
2.388000000000000000e+03 2.267404330092704967e+01
2.389000000000000000e+03 2.356081927197742587e+01
2.390000000000000000e+03 2.749070741292493025e+01
2.391000000000000000e+03 2.636820314813055077e+01
2.392000000000000000e+03 2.433588298939230654e+01
2.393000000000000000e+03 2.458150523799563913e+01
2.394000000000000000e+03 2.461042403349884111e+01
2.395000000000000000e+03 2.813881943966042343e+01
2.396000000000000000e+03 2.258899048157929457e+01
2.397000000000000000e+03 2.880768372666686616e+01
2.398000000000000000e+03 2.701610050751539305e+01
2.399000000000000000e+03 2.871502856847966001e+01
2.400000000000000000e+03 1.975856544408671311e+01
2.401000000000000000e+03 2.468360341329657004e+01
2.402000000000000000e+03 2.504024057012643922e+01
2.403000000000000000e+03 2.635719314280870762e+01
2.404000000000000000e+03 2.303232479842219149e+01
2.405000000000000000e+03 2.531486210774551182e+01
2.406000000000000000e+03 2.591847307652012233e+01
2.407000000000000000e+03 2.626023895913246875e+01
2.408000000000000000e+03 2.504574994997016901e+01
2.409000000000000000e+03 2.639742060406710422e+01
2.410000000000000000e+03 3.190969020186281568e+01
2.411000000000000000e+03 2.892281786623919615e+01
2.412000000000000000e+03 2.923049768795878833e+01
2.413000000000000000e+03 2.546069078484226011e+01
2.414000000000000000e+03 2.756385555166631818e+01
2.415000000000000000e+03 2.737034013726605508e+01
2.416000000000000000e+03 2.404753940434478565e+01
2.417000000000000000e+03 2.282156754054630099e+01
2.418000000000000000e+03 2.993054125422292344e+01
2.419000000000000000e+03 2.956950979723321993e+01
2.420000000000000000e+03 2.737284998072764708e+01
2.421000000000000000e+03 2.262470223223529686e+01
2.422000000000000000e+03 2.249209431050621077e+01
2.423000000000000000e+03 2.938897584735278556e+01
2.424000000000000000e+03 2.283922633553213544e+01
2.425000000000000000e+03 2.697461443289972749e+01
2.426000000000000000e+03 2.526827710602045585e+01
2.427000000000000000e+03 2.597307160328132269e+01
2.428000000000000000e+03 2.748110593667535539e+01
2.429000000000000000e+03 2.489192840133787854e+01
2.430000000000000000e+03 2.736729235381538317e+01
2.431000000000000000e+03 2.135144369116592600e+01
2.432000000000000000e+03 2.169296592163719239e+01
2.433000000000000000e+03 2.325379286957084091e+01
2.434000000000000000e+03 2.627002879141431180e+01
2.435000000000000000e+03 2.586241987999187231e+01
2.436000000000000000e+03 2.606649491986981815e+01
2.437000000000000000e+03 3.157165637045320139e+01
2.438000000000000000e+03 2.717273006655880607e+01
2.439000000000000000e+03 3.005993180864783199e+01
2.440000000000000000e+03 1.953373287643018585e+01
2.441000000000000000e+03 2.694710135259053629e+01
2.442000000000000000e+03 2.366347658737475967e+01
2.443000000000000000e+03 2.886829407350190380e+01
2.444000000000000000e+03 2.753171135426523364e+01
2.445000000000000000e+03 2.391072604722335981e+01
2.446000000000000000e+03 2.412425082886454319e+01
2.447000000000000000e+03 2.790712942829279086e+01
2.448000000000000000e+03 2.957733127701173004e+01
2.449000000000000000e+03 2.569801421658932838e+01
2.450000000000000000e+03 2.582099655152539341e+01
2.451000000000000000e+03 2.472687509212839174e+01
2.452000000000000000e+03 1.794271461217994457e+01
2.453000000000000000e+03 2.681781894383244946e+01
2.454000000000000000e+03 3.205651605464932175e+01
2.455000000000000000e+03 2.168372293531836803e+01
2.456000000000000000e+03 3.027586984874806220e+01
2.457000000000000000e+03 2.634465437216034545e+01
2.458000000000000000e+03 2.816261720462289020e+01
2.459000000000000000e+03 2.645503877420775041e+01
2.460000000000000000e+03 2.578927192562974824e+01
2.461000000000000000e+03 3.051473529190704781e+01
2.462000000000000000e+03 2.182693583325137254e+01
2.463000000000000000e+03 2.948015076273697233e+01
2.464000000000000000e+03 2.019864090573364024e+01
2.465000000000000000e+03 2.504443581457684331e+01
2.466000000000000000e+03 2.146748244112226445e+01
2.467000000000000000e+03 2.703899495589466184e+01
2.468000000000000000e+03 2.692044866841732542e+01
2.469000000000000000e+03 2.091566637549548702e+01
2.470000000000000000e+03 2.826374419444943697e+01
2.471000000000000000e+03 1.965040047817695168e+01
2.472000000000000000e+03 2.762453489795841222e+01
2.473000000000000000e+03 2.509338016974935925e+01
2.474000000000000000e+03 3.226835591090175370e+01
2.475000000000000000e+03 2.519025282057862825e+01
2.476000000000000000e+03 2.741711208902539454e+01
2.477000000000000000e+03 2.849802850223040451e+01
2.478000000000000000e+03 2.452995390165317247e+01
2.479000000000000000e+03 3.030083602825676792e+01
2.480000000000000000e+03 2.422489277639176919e+01
2.481000000000000000e+03 2.828942164165668771e+01
2.482000000000000000e+03 2.191179091788036004e+01
2.483000000000000000e+03 2.525090341614527389e+01
2.484000000000000000e+03 2.397248489204056909e+01
2.485000000000000000e+03 3.024712004711086166e+01
2.486000000000000000e+03 2.480329183399048532e+01
2.487000000000000000e+03 2.900368005578069486e+01
2.488000000000000000e+03 2.430305902819196717e+01
2.489000000000000000e+03 2.243176683020427831e+01
2.490000000000000000e+03 2.511708646232533226e+01
2.491000000000000000e+03 2.830058889429790980e+01
2.492000000000000000e+03 2.613381615971955796e+01
2.493000000000000000e+03 2.322761270050187576e+01
2.494000000000000000e+03 2.722949136606076692e+01
2.495000000000000000e+03 2.508127466857809296e+01
2.496000000000000000e+03 2.193228561314805347e+01
2.497000000000000000e+03 2.160393347909839790e+01
2.498000000000000000e+03 2.773555124945652395e+01
2.499000000000000000e+03 2.828250688425388759e+01
2.500000000000000000e+03 2.869400137787210170e+01
2.501000000000000000e+03 2.236418606957233379e+01
2.502000000000000000e+03 2.610972071517171145e+01
2.503000000000000000e+03 2.527269248748414299e+01
2.504000000000000000e+03 2.501120336171070235e+01
2.505000000000000000e+03 2.360667856004717180e+01
2.506000000000000000e+03 2.636842760159841603e+01
2.507000000000000000e+03 2.993271933736250290e+01
2.508000000000000000e+03 2.362805087938344428e+01
2.509000000000000000e+03 2.792002247611170773e+01
2.510000000000000000e+03 2.595631767477104646e+01
2.511000000000000000e+03 2.823072705058777743e+01
2.512000000000000000e+03 2.397285509437129747e+01
2.513000000000000000e+03 2.722183213615002018e+01
2.514000000000000000e+03 2.583301423492454063e+01
2.515000000000000000e+03 2.394830898735990843e+01
2.516000000000000000e+03 2.586805560409021965e+01
2.517000000000000000e+03 3.004419100546590471e+01
2.518000000000000000e+03 2.430149641909570590e+01
2.519000000000000000e+03 2.952493975509014490e+01
2.520000000000000000e+03 2.658677762536815692e+01
2.521000000000000000e+03 2.833376426820494842e+01
2.522000000000000000e+03 2.816712340171943296e+01
2.523000000000000000e+03 2.642966787490005487e+01
2.524000000000000000e+03 2.622822577264293997e+01
2.525000000000000000e+03 2.686627387481437879e+01
2.526000000000000000e+03 2.782735783965495457e+01
2.527000000000000000e+03 2.496427604587462667e+01
2.528000000000000000e+03 2.983163293003823213e+01
2.529000000000000000e+03 2.690743198529299818e+01
2.530000000000000000e+03 2.083113516691413736e+01
2.531000000000000000e+03 2.114273020818611215e+01
2.532000000000000000e+03 2.884188683245129070e+01
2.533000000000000000e+03 2.960563719302455965e+01
2.534000000000000000e+03 2.518087895266848975e+01
2.535000000000000000e+03 2.380750278534442899e+01
2.536000000000000000e+03 2.657432170190567788e+01
2.537000000000000000e+03 2.593141560832719250e+01
2.538000000000000000e+03 2.952896320339682390e+01
2.539000000000000000e+03 2.680316112195027145e+01
2.540000000000000000e+03 1.946836347713559690e+01
2.541000000000000000e+03 2.570571281449536016e+01
2.542000000000000000e+03 2.561032107777795730e+01
2.543000000000000000e+03 2.550420991177587382e+01
2.544000000000000000e+03 2.787481010563951145e+01
2.545000000000000000e+03 2.295395432759915622e+01
2.546000000000000000e+03 2.557605353472063925e+01
2.547000000000000000e+03 2.405363729821516472e+01
2.548000000000000000e+03 2.889676379974809706e+01
2.549000000000000000e+03 2.221405946858194724e+01
2.550000000000000000e+03 2.586790842340940699e+01
2.551000000000000000e+03 3.038076054803854831e+01
2.552000000000000000e+03 2.570732441899810539e+01
2.553000000000000000e+03 2.435668899499504647e+01
2.554000000000000000e+03 2.066720701414206829e+01
2.555000000000000000e+03 2.657956444474006474e+01
2.556000000000000000e+03 2.635467764830109516e+01
2.557000000000000000e+03 2.526782258773781820e+01
2.558000000000000000e+03 2.574563374744242239e+01
2.559000000000000000e+03 2.913452671597277188e+01
2.560000000000000000e+03 2.787836351729305662e+01
2.561000000000000000e+03 2.257072253418172991e+01
2.562000000000000000e+03 2.214038409495416815e+01
2.563000000000000000e+03 2.648302936162692944e+01
2.564000000000000000e+03 2.654552889557862727e+01
2.565000000000000000e+03 2.658052893183501908e+01
2.566000000000000000e+03 2.301719547522966636e+01
2.567000000000000000e+03 2.878084113788171550e+01
2.568000000000000000e+03 2.109459436450403302e+01
2.569000000000000000e+03 2.690281851946132718e+01
2.570000000000000000e+03 2.932751411098527328e+01
2.571000000000000000e+03 2.241002664364713937e+01
2.572000000000000000e+03 2.446872367819512206e+01
2.573000000000000000e+03 2.601480347067094456e+01
2.574000000000000000e+03 2.593747628194190824e+01
2.575000000000000000e+03 2.555895140216857442e+01
2.576000000000000000e+03 2.814422058488970535e+01
2.577000000000000000e+03 2.242923434211265743e+01
2.578000000000000000e+03 2.499483143894487114e+01
2.579000000000000000e+03 2.028344757526616959e+01
2.580000000000000000e+03 2.644690813179305167e+01
2.581000000000000000e+03 2.420101483349086635e+01
2.582000000000000000e+03 3.093767740642633868e+01
2.583000000000000000e+03 1.802127394203077415e+01
2.584000000000000000e+03 2.465128441629585510e+01
2.585000000000000000e+03 2.145525223129930836e+01
2.586000000000000000e+03 2.670641799369699854e+01
2.587000000000000000e+03 2.516933413773972106e+01
2.588000000000000000e+03 2.632071573684454791e+01
2.589000000000000000e+03 2.796293960799266642e+01
2.590000000000000000e+03 2.898264610178978273e+01
2.591000000000000000e+03 2.437990679421003648e+01
2.592000000000000000e+03 2.407896412318493518e+01
2.593000000000000000e+03 2.228733825691019632e+01
2.594000000000000000e+03 2.717087411488030924e+01
2.595000000000000000e+03 2.978703200636265791e+01
2.596000000000000000e+03 2.581485438219186079e+01
2.597000000000000000e+03 2.712348186497779778e+01
2.598000000000000000e+03 2.553574846233797757e+01
2.599000000000000000e+03 2.692381171621850200e+01
2.600000000000000000e+03 2.578893802775697353e+01
2.601000000000000000e+03 2.636578368555757024e+01
2.602000000000000000e+03 2.526755141704807883e+01
2.603000000000000000e+03 2.813675471390248717e+01
2.604000000000000000e+03 2.800188933422456117e+01
2.605000000000000000e+03 2.828355126383999263e+01
2.606000000000000000e+03 2.437513525232038347e+01
2.607000000000000000e+03 2.923285934661857155e+01
2.608000000000000000e+03 2.623865332499775604e+01
2.609000000000000000e+03 2.494664631737860105e+01
2.610000000000000000e+03 3.018401347922051414e+01
2.611000000000000000e+03 2.287081329443370237e+01
2.612000000000000000e+03 2.389485652306935393e+01
2.613000000000000000e+03 2.804545586277123093e+01
2.614000000000000000e+03 2.373337640860933462e+01
2.615000000000000000e+03 2.350587054459436587e+01
2.616000000000000000e+03 2.859702518131416937e+01
2.617000000000000000e+03 2.374606154568310146e+01
2.618000000000000000e+03 2.534739301956771484e+01
2.619000000000000000e+03 2.813216485731666339e+01
2.620000000000000000e+03 2.921451100857710870e+01
2.621000000000000000e+03 1.846538060855272079e+01
2.622000000000000000e+03 2.710618880274818920e+01
2.623000000000000000e+03 2.563010891853381068e+01
2.624000000000000000e+03 2.229852094562273024e+01
2.625000000000000000e+03 2.596382696550187674e+01
2.626000000000000000e+03 2.439416825534726740e+01
2.627000000000000000e+03 2.830758580124786050e+01
2.628000000000000000e+03 2.491748284662239143e+01
2.629000000000000000e+03 2.194527918088194696e+01
2.630000000000000000e+03 2.355345197444937355e+01
2.631000000000000000e+03 3.069171086598512943e+01
2.632000000000000000e+03 2.096218244971871059e+01
2.633000000000000000e+03 2.373011139162850114e+01
2.634000000000000000e+03 2.575067420538848140e+01
2.635000000000000000e+03 2.506993577688048092e+01
2.636000000000000000e+03 2.691425717185785160e+01
2.637000000000000000e+03 2.883384491276167338e+01
2.638000000000000000e+03 2.098894584084893111e+01
2.639000000000000000e+03 2.596751037134003326e+01
2.640000000000000000e+03 2.795195345902356365e+01
2.641000000000000000e+03 2.349363643928775147e+01
2.642000000000000000e+03 2.592530403701707797e+01
2.643000000000000000e+03 2.617649804463234275e+01
2.644000000000000000e+03 2.605506620207827240e+01
2.645000000000000000e+03 2.574090923570422618e+01
2.646000000000000000e+03 2.822586186595367863e+01
2.647000000000000000e+03 2.208960999980973838e+01
2.648000000000000000e+03 2.293341712869118254e+01
2.649000000000000000e+03 2.761488100439450122e+01
2.650000000000000000e+03 2.364550248033556912e+01
2.651000000000000000e+03 2.497778962886124887e+01
2.652000000000000000e+03 2.875170719698751043e+01
2.653000000000000000e+03 2.645737163122178970e+01
2.654000000000000000e+03 2.607965401273373374e+01
2.655000000000000000e+03 1.889712805299373599e+01
2.656000000000000000e+03 2.726040336594164870e+01
2.657000000000000000e+03 3.080283567738460349e+01
2.658000000000000000e+03 2.735624551383666514e+01
2.659000000000000000e+03 2.766069228030137950e+01
2.660000000000000000e+03 2.905910195082726588e+01
2.661000000000000000e+03 2.206700457343343658e+01
2.662000000000000000e+03 2.289688236132216659e+01
2.663000000000000000e+03 2.131384458936574688e+01
2.664000000000000000e+03 2.567915514619360806e+01
2.665000000000000000e+03 2.723105655729357366e+01
2.666000000000000000e+03 2.755477300532492890e+01
2.667000000000000000e+03 2.309454358995875012e+01
2.668000000000000000e+03 2.609873419188435761e+01
2.669000000000000000e+03 2.665104750864452043e+01
2.670000000000000000e+03 2.587797221113277857e+01
2.671000000000000000e+03 2.401907393103237354e+01
2.672000000000000000e+03 2.754638217221467755e+01
2.673000000000000000e+03 2.474521036743702140e+01
2.674000000000000000e+03 2.279681006204966209e+01
2.675000000000000000e+03 2.680426152396905692e+01
2.676000000000000000e+03 2.530257223772437314e+01
2.677000000000000000e+03 3.004184523953727037e+01
2.678000000000000000e+03 2.498164771225172132e+01
2.679000000000000000e+03 2.476645633829345883e+01
2.680000000000000000e+03 2.099464483053998620e+01
2.681000000000000000e+03 2.581037857614748177e+01
2.682000000000000000e+03 2.754728777944254503e+01
2.683000000000000000e+03 2.485255347120785174e+01
2.684000000000000000e+03 2.740963551195508430e+01
2.685000000000000000e+03 1.861618751732562771e+01
2.686000000000000000e+03 2.368652234765011855e+01
2.687000000000000000e+03 2.598190422552431755e+01
2.688000000000000000e+03 2.426074927547159277e+01
2.689000000000000000e+03 2.272149359160725268e+01
2.690000000000000000e+03 2.791907288905407469e+01
2.691000000000000000e+03 2.200181056794705725e+01
2.692000000000000000e+03 2.780927308593907199e+01
2.693000000000000000e+03 2.628261087282135833e+01
2.694000000000000000e+03 2.847133995060714540e+01
2.695000000000000000e+03 2.573110634335351676e+01
2.696000000000000000e+03 2.331800451780450700e+01
2.697000000000000000e+03 2.784383832035160466e+01
2.698000000000000000e+03 2.664814617825856047e+01
2.699000000000000000e+03 2.492115123519872455e+01
2.700000000000000000e+03 2.680399467435026750e+01
2.701000000000000000e+03 2.811642918904449928e+01
2.702000000000000000e+03 2.144936289168205690e+01
2.703000000000000000e+03 3.079060279110055021e+01
2.704000000000000000e+03 2.884040521016054726e+01
2.705000000000000000e+03 2.136539704207379842e+01
2.706000000000000000e+03 2.324725529702190130e+01
2.707000000000000000e+03 2.672968669838769173e+01
2.708000000000000000e+03 2.746706664675313547e+01
2.709000000000000000e+03 3.222344059050382015e+01
2.710000000000000000e+03 2.864585238292111669e+01
2.711000000000000000e+03 2.527708892575907740e+01
2.712000000000000000e+03 2.536097410696461907e+01
2.713000000000000000e+03 2.246794614767284770e+01
2.714000000000000000e+03 2.774190272890326270e+01
2.715000000000000000e+03 2.897200790390373371e+01
2.716000000000000000e+03 2.664705853208424813e+01
2.717000000000000000e+03 2.551006357557596615e+01
2.718000000000000000e+03 2.542159612196438800e+01
2.719000000000000000e+03 2.798370334088800959e+01
2.720000000000000000e+03 2.512664823452542606e+01
2.721000000000000000e+03 2.538258217450093923e+01
2.722000000000000000e+03 2.541905011732538711e+01
2.723000000000000000e+03 2.816842381337323076e+01
2.724000000000000000e+03 2.684514959189845840e+01
2.725000000000000000e+03 2.514706058719743709e+01
2.726000000000000000e+03 2.577898840494867727e+01
2.727000000000000000e+03 2.782669821500559593e+01
2.728000000000000000e+03 2.613786863814591044e+01
2.729000000000000000e+03 2.851986258727799850e+01
2.730000000000000000e+03 2.587932806453266465e+01
2.731000000000000000e+03 2.375880532390435462e+01
2.732000000000000000e+03 2.888034317337422152e+01
2.733000000000000000e+03 2.640930187717714617e+01
2.734000000000000000e+03 2.513565613721097236e+01
2.735000000000000000e+03 2.284497789077071772e+01
2.736000000000000000e+03 2.540594000024229260e+01
2.737000000000000000e+03 2.600689969747139330e+01
2.738000000000000000e+03 2.365911096555250026e+01
2.739000000000000000e+03 2.593174749760719777e+01
2.740000000000000000e+03 2.621209762444244618e+01
2.741000000000000000e+03 2.851811856491390529e+01
2.742000000000000000e+03 2.239732207725873536e+01
2.743000000000000000e+03 2.773289286415364074e+01
2.744000000000000000e+03 2.577538602199791384e+01
2.745000000000000000e+03 2.340678168778725876e+01
2.746000000000000000e+03 2.184793413406657692e+01
2.747000000000000000e+03 2.683431175832459203e+01
2.748000000000000000e+03 2.360300907274523752e+01
2.749000000000000000e+03 2.677057398536009458e+01
2.750000000000000000e+03 3.104679708898243007e+01
2.751000000000000000e+03 2.169725814255624741e+01
2.752000000000000000e+03 2.742185243425974051e+01
2.753000000000000000e+03 2.398981372991912409e+01
2.754000000000000000e+03 2.771326746766428784e+01
2.755000000000000000e+03 2.871601987899939701e+01
2.756000000000000000e+03 2.683351576569365449e+01
2.757000000000000000e+03 2.912304668078776260e+01
2.758000000000000000e+03 2.966214428406178527e+01
2.759000000000000000e+03 2.865826501976690110e+01
2.760000000000000000e+03 2.439154539284695744e+01
2.761000000000000000e+03 2.772180386273435104e+01
2.762000000000000000e+03 2.509023305174247653e+01
2.763000000000000000e+03 2.588272250084818893e+01
2.764000000000000000e+03 2.318824153706045266e+01
2.765000000000000000e+03 1.908458742384156892e+01
2.766000000000000000e+03 2.331477014597060915e+01
2.767000000000000000e+03 2.817809939447237610e+01
2.768000000000000000e+03 2.426422676704108738e+01
2.769000000000000000e+03 3.293832037039445026e+01
2.770000000000000000e+03 2.831105172448721774e+01
2.771000000000000000e+03 2.300175473499649215e+01
2.772000000000000000e+03 2.792121204700093529e+01
2.773000000000000000e+03 2.897678074561120454e+01
2.774000000000000000e+03 2.593650371090631879e+01
2.775000000000000000e+03 2.450375152915341559e+01
2.776000000000000000e+03 2.531218600658904805e+01
2.777000000000000000e+03 2.735463153628684196e+01
2.778000000000000000e+03 2.625489484532766582e+01
2.779000000000000000e+03 2.852398589721354583e+01
2.780000000000000000e+03 2.694270272641020370e+01
2.781000000000000000e+03 2.458609115785032984e+01
2.782000000000000000e+03 2.726252469206771423e+01
2.783000000000000000e+03 2.177931463507900745e+01
2.784000000000000000e+03 2.603453903380695067e+01
2.785000000000000000e+03 2.548963646119639748e+01
2.786000000000000000e+03 2.605633357430254549e+01
2.787000000000000000e+03 2.492813923618934524e+01
2.788000000000000000e+03 2.745044758207899349e+01
2.789000000000000000e+03 2.508983874638670741e+01
2.790000000000000000e+03 2.402212768461844306e+01
2.791000000000000000e+03 2.320080982530708980e+01
2.792000000000000000e+03 2.676080897173773820e+01
2.793000000000000000e+03 2.331377584379251289e+01
2.794000000000000000e+03 2.943122402590335085e+01
2.795000000000000000e+03 2.331734454943623547e+01
2.796000000000000000e+03 2.953611211646786572e+01
2.797000000000000000e+03 2.409220815843029584e+01
2.798000000000000000e+03 2.692578995398369912e+01
2.799000000000000000e+03 2.408561566322982017e+01
2.800000000000000000e+03 2.663392942567746147e+01
2.801000000000000000e+03 2.672293729787930161e+01
2.802000000000000000e+03 3.113269809469241522e+01
2.803000000000000000e+03 2.564955970879061908e+01
2.804000000000000000e+03 2.739619552130290359e+01
2.805000000000000000e+03 2.747889615524051621e+01
2.806000000000000000e+03 2.435953070519071417e+01
2.807000000000000000e+03 2.620371587423554161e+01
2.808000000000000000e+03 2.340257802019954525e+01
2.809000000000000000e+03 2.346175109430819106e+01
2.810000000000000000e+03 2.399138146966598839e+01
2.811000000000000000e+03 2.624595455103591135e+01
2.812000000000000000e+03 2.569424662267280723e+01
2.813000000000000000e+03 2.752300279073566003e+01
2.814000000000000000e+03 3.122458103179323530e+01
2.815000000000000000e+03 2.489914713583649331e+01
2.816000000000000000e+03 3.124838427850080436e+01
2.817000000000000000e+03 2.555114570096408855e+01
2.818000000000000000e+03 2.274975055279643854e+01
2.819000000000000000e+03 2.530010863671775212e+01
2.820000000000000000e+03 2.474594116527744347e+01
2.821000000000000000e+03 2.758346242195374387e+01
2.822000000000000000e+03 2.630742541680822200e+01
2.823000000000000000e+03 2.620878497293281484e+01
2.824000000000000000e+03 2.811947440223028849e+01
2.825000000000000000e+03 1.919571292312204136e+01
2.826000000000000000e+03 2.191545237685485858e+01
2.827000000000000000e+03 2.669858126766204975e+01
2.828000000000000000e+03 2.318047727373858180e+01
2.829000000000000000e+03 2.586289700902884547e+01
2.830000000000000000e+03 2.992461255297871858e+01
2.831000000000000000e+03 2.917122650388482441e+01
2.832000000000000000e+03 2.769459783302233546e+01
2.833000000000000000e+03 2.288506138122407663e+01
2.834000000000000000e+03 2.262894352265321274e+01
2.835000000000000000e+03 2.315871243424387771e+01
2.836000000000000000e+03 2.677123996419714302e+01
2.837000000000000000e+03 2.607463288946102153e+01
2.838000000000000000e+03 2.748650328839318036e+01
2.839000000000000000e+03 2.449022981049654746e+01
2.840000000000000000e+03 2.682747846110848045e+01
2.841000000000000000e+03 2.892352724198963188e+01
2.842000000000000000e+03 2.516331472166804062e+01
2.843000000000000000e+03 2.535333620754208184e+01
2.844000000000000000e+03 2.682344395349844390e+01
2.845000000000000000e+03 2.965794690766470154e+01
2.846000000000000000e+03 2.637843577767664627e+01
2.847000000000000000e+03 2.132031980347531075e+01
2.848000000000000000e+03 2.307979993100899918e+01
2.849000000000000000e+03 2.340423863854173092e+01
2.850000000000000000e+03 2.627115745303213856e+01
2.851000000000000000e+03 2.633816483216201831e+01
2.852000000000000000e+03 2.825544672200959084e+01
2.853000000000000000e+03 2.706963497603400626e+01
2.854000000000000000e+03 2.314536287032219164e+01
2.855000000000000000e+03 2.638283976351328164e+01
2.856000000000000000e+03 2.495131382795350206e+01
2.857000000000000000e+03 2.361957104468237745e+01
2.858000000000000000e+03 2.516289626346255659e+01
2.859000000000000000e+03 2.797107891731716833e+01
2.860000000000000000e+03 2.810925899608415790e+01
2.861000000000000000e+03 3.275493999498110753e+01
2.862000000000000000e+03 2.994758258903791059e+01
2.863000000000000000e+03 2.459676833875373347e+01
2.864000000000000000e+03 2.805902353713342734e+01
2.865000000000000000e+03 2.436281056519203148e+01
2.866000000000000000e+03 2.390106318087335424e+01
2.867000000000000000e+03 2.332329586312632230e+01
2.868000000000000000e+03 2.400313175323310944e+01
2.869000000000000000e+03 2.620239367634500738e+01
2.870000000000000000e+03 2.888715276609210747e+01
2.871000000000000000e+03 2.719325815267005808e+01
2.872000000000000000e+03 2.717983277636488992e+01
2.873000000000000000e+03 2.609388882371239404e+01
2.874000000000000000e+03 2.875778604498504976e+01
2.875000000000000000e+03 2.894662617666582705e+01
2.876000000000000000e+03 3.051522021218354652e+01
2.877000000000000000e+03 2.364202199225212908e+01
2.878000000000000000e+03 2.571091208926419114e+01
2.879000000000000000e+03 2.641913937745356833e+01
2.880000000000000000e+03 3.054286059205539772e+01
2.881000000000000000e+03 2.575457808197603171e+01
2.882000000000000000e+03 2.834071487244575849e+01
2.883000000000000000e+03 2.776643731164788775e+01
2.884000000000000000e+03 3.036342141603515898e+01
2.885000000000000000e+03 2.838858370569342426e+01
2.886000000000000000e+03 2.943333048987687661e+01
2.887000000000000000e+03 2.755637879170275895e+01
2.888000000000000000e+03 2.997431673349935366e+01
2.889000000000000000e+03 2.660565153451515741e+01
2.890000000000000000e+03 2.525105908148572809e+01
2.891000000000000000e+03 2.549464536149599070e+01
2.892000000000000000e+03 2.519341726084598676e+01
2.893000000000000000e+03 2.687046272388280244e+01
2.894000000000000000e+03 2.590343382106587100e+01
2.895000000000000000e+03 2.688081686909658785e+01
2.896000000000000000e+03 2.726096263094655825e+01
2.897000000000000000e+03 2.270223765173041031e+01
2.898000000000000000e+03 2.595843800786472144e+01
2.899000000000000000e+03 2.108774053071925181e+01
2.900000000000000000e+03 2.564991177844938619e+01
2.901000000000000000e+03 2.918310918783072339e+01
2.902000000000000000e+03 2.604575642774990385e+01
2.903000000000000000e+03 2.868583442163332720e+01
2.904000000000000000e+03 2.522888774362288800e+01
2.905000000000000000e+03 2.650403903281714690e+01
2.906000000000000000e+03 2.915740872562671271e+01
2.907000000000000000e+03 2.768318880095611689e+01
2.908000000000000000e+03 2.580962162506007829e+01
2.909000000000000000e+03 3.085720854757181897e+01
2.910000000000000000e+03 2.549521759231270224e+01
2.911000000000000000e+03 2.756308933098659963e+01
2.912000000000000000e+03 3.007280628974923786e+01
2.913000000000000000e+03 2.490021754367409912e+01
2.914000000000000000e+03 3.117176266660411699e+01
2.915000000000000000e+03 2.630334309111012914e+01
2.916000000000000000e+03 1.932669951954645882e+01
2.917000000000000000e+03 2.461583644814159655e+01
2.918000000000000000e+03 2.568021997891995412e+01
2.919000000000000000e+03 2.140997004431968520e+01
2.920000000000000000e+03 2.565665532458907805e+01
2.921000000000000000e+03 2.869007252029350852e+01
2.922000000000000000e+03 2.654143075109175598e+01
2.923000000000000000e+03 2.916684342812700592e+01
2.924000000000000000e+03 2.677519567174999082e+01
2.925000000000000000e+03 2.493575873801885834e+01
2.926000000000000000e+03 2.376360568355947933e+01
2.927000000000000000e+03 2.452879445746577147e+01
2.928000000000000000e+03 2.478420918567055864e+01
2.929000000000000000e+03 2.466233542344760821e+01
2.930000000000000000e+03 2.267983255106392804e+01
2.931000000000000000e+03 2.427091890059961798e+01
2.932000000000000000e+03 2.592758396150718170e+01
2.933000000000000000e+03 2.763182261156404351e+01
2.934000000000000000e+03 2.685753982736497747e+01
2.935000000000000000e+03 2.522739598085032497e+01
2.936000000000000000e+03 2.951633385097886730e+01
2.937000000000000000e+03 2.418910982029443701e+01
2.938000000000000000e+03 2.917542491647691349e+01
2.939000000000000000e+03 2.872903398799972052e+01
2.940000000000000000e+03 2.774534595687518035e+01
2.941000000000000000e+03 2.523925665755115233e+01
2.942000000000000000e+03 2.231047988161644824e+01
2.943000000000000000e+03 2.591313514600384238e+01
2.944000000000000000e+03 2.334566959452697432e+01
2.945000000000000000e+03 2.853598439513338292e+01
2.946000000000000000e+03 2.726408572600573876e+01
2.947000000000000000e+03 2.492198811659610769e+01
2.948000000000000000e+03 2.445933157091049281e+01
2.949000000000000000e+03 2.613160747909555326e+01
2.950000000000000000e+03 2.488435316469925240e+01
2.951000000000000000e+03 2.401973087422167907e+01
2.952000000000000000e+03 2.830748135214840389e+01
2.953000000000000000e+03 2.195320146285325436e+01
2.954000000000000000e+03 2.800262559324747613e+01
2.955000000000000000e+03 2.554854944265080263e+01
2.956000000000000000e+03 2.776960169657919053e+01
2.957000000000000000e+03 2.609376158688790781e+01
2.958000000000000000e+03 2.292740113440261851e+01
2.959000000000000000e+03 2.680221962612998965e+01
2.960000000000000000e+03 2.639694705369175409e+01
2.961000000000000000e+03 1.672158631078633206e+01
2.962000000000000000e+03 2.109519394083032395e+01
2.963000000000000000e+03 2.658879451922735981e+01
2.964000000000000000e+03 3.107454819232645349e+01
2.965000000000000000e+03 2.770547588385860038e+01
2.966000000000000000e+03 2.586980985758230034e+01
2.967000000000000000e+03 2.208030877899319933e+01
2.968000000000000000e+03 2.885012543621980541e+01
2.969000000000000000e+03 2.215657854284496509e+01
2.970000000000000000e+03 2.852149585819523736e+01
2.971000000000000000e+03 2.743913585612082073e+01
2.972000000000000000e+03 2.688787398660924666e+01
2.973000000000000000e+03 2.599856220114918770e+01
2.974000000000000000e+03 2.334694990356439703e+01
2.975000000000000000e+03 2.150416203200219911e+01
2.976000000000000000e+03 2.670038856428850949e+01
2.977000000000000000e+03 2.807398627014063663e+01
2.978000000000000000e+03 2.642169264694322450e+01
2.979000000000000000e+03 2.905746932654441039e+01
2.980000000000000000e+03 2.483884362966291448e+01
2.981000000000000000e+03 2.386950115758842372e+01
2.982000000000000000e+03 2.340419207819636327e+01
2.983000000000000000e+03 2.827203913167376470e+01
2.984000000000000000e+03 2.367586703106159263e+01
2.985000000000000000e+03 2.413619843500790907e+01
2.986000000000000000e+03 2.665898431749551989e+01
2.987000000000000000e+03 2.845830922996957923e+01
2.988000000000000000e+03 2.620686081924452182e+01
2.989000000000000000e+03 2.369510865910386599e+01
2.990000000000000000e+03 2.410866439220405155e+01
2.991000000000000000e+03 2.339969664639989588e+01
2.992000000000000000e+03 2.680018284703039200e+01
2.993000000000000000e+03 2.867259006320137260e+01
2.994000000000000000e+03 2.123547214110221404e+01
2.995000000000000000e+03 2.969493983208969823e+01
2.996000000000000000e+03 2.382850766375744556e+01
2.997000000000000000e+03 1.934653894721385825e+01
2.998000000000000000e+03 2.918420689363530585e+01
2.999000000000000000e+03 2.311191972400794015e+01
3.000000000000000000e+03 2.463849440443115668e+01
3.001000000000000000e+03 2.196725098601798365e+01
3.002000000000000000e+03 2.337957603533683582e+01
3.003000000000000000e+03 2.336393275437738382e+01
3.004000000000000000e+03 2.384670292964881710e+01
3.005000000000000000e+03 2.492668040907307514e+01
3.006000000000000000e+03 2.858093372383651598e+01
3.007000000000000000e+03 2.900021445085961247e+01
3.008000000000000000e+03 2.659316152523674504e+01
3.009000000000000000e+03 2.237427920751249744e+01
3.010000000000000000e+03 2.927320236528398922e+01
3.011000000000000000e+03 2.284124736458223737e+01
3.012000000000000000e+03 2.309097012125106119e+01
3.013000000000000000e+03 2.940560219180563095e+01
3.014000000000000000e+03 2.926492371993859720e+01
3.015000000000000000e+03 2.672800354474608042e+01
3.016000000000000000e+03 2.731003495927087954e+01
3.017000000000000000e+03 2.540665458641046826e+01
3.018000000000000000e+03 3.043306403160501716e+01
3.019000000000000000e+03 3.308858578552066376e+01
3.020000000000000000e+03 2.884643700220057383e+01
3.021000000000000000e+03 2.632588280324793573e+01
3.022000000000000000e+03 2.394847620176340541e+01
3.023000000000000000e+03 2.547861946448536230e+01
3.024000000000000000e+03 2.468859036139366481e+01
3.025000000000000000e+03 2.907328939505050869e+01
3.026000000000000000e+03 2.905562878959688078e+01
3.027000000000000000e+03 2.395698926815772367e+01
3.028000000000000000e+03 2.616479597757121667e+01
3.029000000000000000e+03 3.091731277600538164e+01
3.030000000000000000e+03 2.817698253926205254e+01
3.031000000000000000e+03 2.479543074653451740e+01
3.032000000000000000e+03 2.439513432135489523e+01
3.033000000000000000e+03 2.841188646459132983e+01
3.034000000000000000e+03 2.257923083773889061e+01
3.035000000000000000e+03 2.530852777369623396e+01
3.036000000000000000e+03 2.734225699706628987e+01
3.037000000000000000e+03 2.844503583167211147e+01
3.038000000000000000e+03 2.473561732406611569e+01
3.039000000000000000e+03 2.069940840247242164e+01
3.040000000000000000e+03 2.458774172437150085e+01
3.041000000000000000e+03 2.733842819547485448e+01
3.042000000000000000e+03 2.072343711143484057e+01
3.043000000000000000e+03 2.258214159974858504e+01
3.044000000000000000e+03 2.680246993206880646e+01
3.045000000000000000e+03 2.744447839996680827e+01
3.046000000000000000e+03 2.226165005466193847e+01
3.047000000000000000e+03 2.953165629361696176e+01
3.048000000000000000e+03 2.937848994179569928e+01
3.049000000000000000e+03 2.372632615192461003e+01
3.050000000000000000e+03 3.081968973765804520e+01
3.051000000000000000e+03 2.463712697530563389e+01
3.052000000000000000e+03 2.267880580149397218e+01
3.053000000000000000e+03 2.824144089787164447e+01
3.054000000000000000e+03 3.041273336267718008e+01
3.055000000000000000e+03 2.396143247751265903e+01
3.056000000000000000e+03 2.663785173057194200e+01
3.057000000000000000e+03 2.898208772425060076e+01
3.058000000000000000e+03 2.153994951838888738e+01
3.059000000000000000e+03 2.859814957397403390e+01
3.060000000000000000e+03 2.530043198733195453e+01
3.061000000000000000e+03 2.682728472672085118e+01
3.062000000000000000e+03 2.429414265904130588e+01
3.063000000000000000e+03 2.794020681149782703e+01
3.064000000000000000e+03 2.420039309749263268e+01
3.065000000000000000e+03 2.409697280363554484e+01
3.066000000000000000e+03 2.698133077711582928e+01
3.067000000000000000e+03 2.856590002875594791e+01
3.068000000000000000e+03 2.820359511315219692e+01
3.069000000000000000e+03 2.323908590491846837e+01
3.070000000000000000e+03 2.398422516101926405e+01
3.071000000000000000e+03 2.720003967381247989e+01
3.072000000000000000e+03 2.445563863832226303e+01
3.073000000000000000e+03 2.579764031659331991e+01
3.074000000000000000e+03 2.726712878471894186e+01
3.075000000000000000e+03 2.637881898384932100e+01
3.076000000000000000e+03 2.694612421539132185e+01
3.077000000000000000e+03 2.735002425619652300e+01
3.078000000000000000e+03 2.382229350833944537e+01
3.079000000000000000e+03 2.438793302704534227e+01
3.080000000000000000e+03 2.405673383821852340e+01
3.081000000000000000e+03 2.422088728973328031e+01
3.082000000000000000e+03 2.149770147079327032e+01
3.083000000000000000e+03 2.332862754100392522e+01
3.084000000000000000e+03 2.845552284082566530e+01
3.085000000000000000e+03 2.529328647160155441e+01
3.086000000000000000e+03 2.775163397526343800e+01
3.087000000000000000e+03 2.505586813428462278e+01
3.088000000000000000e+03 2.702210316528350376e+01
3.089000000000000000e+03 2.847689464569086581e+01
3.090000000000000000e+03 2.558696657518629536e+01
3.091000000000000000e+03 2.148510503889557910e+01
3.092000000000000000e+03 2.761981422091600535e+01
3.093000000000000000e+03 2.683043473589457761e+01
3.094000000000000000e+03 2.653559768916973738e+01
3.095000000000000000e+03 2.856040626230512913e+01
3.096000000000000000e+03 2.190182309884592016e+01
3.097000000000000000e+03 1.661014814393990946e+01
3.098000000000000000e+03 2.158067548511316147e+01
3.099000000000000000e+03 2.442063089274043008e+01
3.100000000000000000e+03 2.623005436080331165e+01
3.101000000000000000e+03 2.713050395862600794e+01
3.102000000000000000e+03 2.417489054126519221e+01
3.103000000000000000e+03 2.263499326601100492e+01
3.104000000000000000e+03 1.949462767682998177e+01
3.105000000000000000e+03 2.709595262705492758e+01
3.106000000000000000e+03 2.691700922393721740e+01
3.107000000000000000e+03 2.213237890236145233e+01
3.108000000000000000e+03 2.580478260537432078e+01
3.109000000000000000e+03 2.677680192539092019e+01
3.110000000000000000e+03 2.672250318280932291e+01
3.111000000000000000e+03 2.207673965968016105e+01
3.112000000000000000e+03 2.205734705165446030e+01
3.113000000000000000e+03 2.746228330628765946e+01
3.114000000000000000e+03 2.799597456554230490e+01
3.115000000000000000e+03 2.489095952583223692e+01
3.116000000000000000e+03 2.595356520926133115e+01
3.117000000000000000e+03 2.771454895108871241e+01
3.118000000000000000e+03 2.926794040848972855e+01
3.119000000000000000e+03 2.437721032550433975e+01
3.120000000000000000e+03 2.368685075904360104e+01
3.121000000000000000e+03 2.562743521924049617e+01
3.122000000000000000e+03 2.596870365755842869e+01
3.123000000000000000e+03 2.925263735771180151e+01
3.124000000000000000e+03 2.340662974952795850e+01
3.125000000000000000e+03 2.898031457290392865e+01
3.126000000000000000e+03 2.822974899809186411e+01
3.127000000000000000e+03 2.405007315738983209e+01
3.128000000000000000e+03 2.639924619494655644e+01
3.129000000000000000e+03 2.536899475236717194e+01
3.130000000000000000e+03 2.673639044543223520e+01
3.131000000000000000e+03 2.321326260720038803e+01
3.132000000000000000e+03 2.619092308531181956e+01
3.133000000000000000e+03 2.810420305218843140e+01
3.134000000000000000e+03 2.619475530785323869e+01
3.135000000000000000e+03 2.663217919010119061e+01
3.136000000000000000e+03 2.175073200098409387e+01
3.137000000000000000e+03 2.399994630719918831e+01
3.138000000000000000e+03 2.652611379225297839e+01
3.139000000000000000e+03 2.042839100127121554e+01
3.140000000000000000e+03 2.224872312089881987e+01
3.141000000000000000e+03 2.278901745114855260e+01
3.142000000000000000e+03 2.490950486361164806e+01
3.143000000000000000e+03 2.546476337310058113e+01
3.144000000000000000e+03 1.957037257205403691e+01
3.145000000000000000e+03 2.583963466963323796e+01
3.146000000000000000e+03 2.762167529256596765e+01
3.147000000000000000e+03 2.724066439022117336e+01
3.148000000000000000e+03 2.717615671356572449e+01
3.149000000000000000e+03 2.688566626477719979e+01
3.150000000000000000e+03 2.701195069354292855e+01
3.151000000000000000e+03 2.371274905619704754e+01
3.152000000000000000e+03 2.493209461305670871e+01
3.153000000000000000e+03 2.729746512784418755e+01
3.154000000000000000e+03 2.617851434968380531e+01
3.155000000000000000e+03 2.710428547249357578e+01
3.156000000000000000e+03 2.416658061455268580e+01
3.157000000000000000e+03 2.671557671861597427e+01
3.158000000000000000e+03 2.577441941357956168e+01
3.159000000000000000e+03 2.855997624447949690e+01
3.160000000000000000e+03 3.188209062615153400e+01
3.161000000000000000e+03 2.421106417397507826e+01
3.162000000000000000e+03 2.190112775736607986e+01
3.163000000000000000e+03 3.025249943571575884e+01
3.164000000000000000e+03 3.365197431746481271e+01
3.165000000000000000e+03 2.041516300225072200e+01
3.166000000000000000e+03 3.012012885018980413e+01
3.167000000000000000e+03 2.689154804159172940e+01
3.168000000000000000e+03 2.745127582118783849e+01
3.169000000000000000e+03 2.345378528534097384e+01
3.170000000000000000e+03 2.489819326942487976e+01
3.171000000000000000e+03 2.733143831813843860e+01
3.172000000000000000e+03 2.459567494340748794e+01
3.173000000000000000e+03 3.079386290752593425e+01
3.174000000000000000e+03 2.950336175718885912e+01
3.175000000000000000e+03 2.854653732975200242e+01
3.176000000000000000e+03 2.722276337344209551e+01
3.177000000000000000e+03 2.803737489734472277e+01
3.178000000000000000e+03 3.163270626645106987e+01
3.179000000000000000e+03 3.110605033845506284e+01
3.180000000000000000e+03 2.107743813086551299e+01
3.181000000000000000e+03 2.603281981949387713e+01
3.182000000000000000e+03 2.849583518322375397e+01
3.183000000000000000e+03 2.832901965656583343e+01
3.184000000000000000e+03 2.423338467195034340e+01
3.185000000000000000e+03 3.055689434797713844e+01
3.186000000000000000e+03 2.816205933494131841e+01
3.187000000000000000e+03 2.477612356924683112e+01
3.188000000000000000e+03 2.679740996205652337e+01
3.189000000000000000e+03 2.525063965573320246e+01
3.190000000000000000e+03 2.377011755071523069e+01
3.191000000000000000e+03 3.214928722724228294e+01
3.192000000000000000e+03 2.620237122952545050e+01
3.193000000000000000e+03 2.551573290589200482e+01
3.194000000000000000e+03 2.637137537842101054e+01
3.195000000000000000e+03 2.398269671701456573e+01
3.196000000000000000e+03 2.355628544304371985e+01
3.197000000000000000e+03 2.906772113794196599e+01
3.198000000000000000e+03 2.784730344024082527e+01
3.199000000000000000e+03 2.198071670976251824e+01
3.200000000000000000e+03 2.361407539593296079e+01
3.201000000000000000e+03 2.052625675605059641e+01
3.202000000000000000e+03 2.443720424958580040e+01
3.203000000000000000e+03 2.754211533785961663e+01
3.204000000000000000e+03 2.673079783861357939e+01
3.205000000000000000e+03 2.426138989134457091e+01
3.206000000000000000e+03 2.315736810726619410e+01
3.207000000000000000e+03 2.567581128076989216e+01
3.208000000000000000e+03 2.307230284507834028e+01
3.209000000000000000e+03 2.401654926448966165e+01
3.210000000000000000e+03 2.818450583925751829e+01
3.211000000000000000e+03 2.623736378348318610e+01
3.212000000000000000e+03 2.891530066034002289e+01
3.213000000000000000e+03 2.491892728753207109e+01
3.214000000000000000e+03 2.533189762276183998e+01
3.215000000000000000e+03 2.388530152127406581e+01
3.216000000000000000e+03 2.862131318834181926e+01
3.217000000000000000e+03 2.189755119877725775e+01
3.218000000000000000e+03 2.638071072444874332e+01
3.219000000000000000e+03 2.525306785535498832e+01
3.220000000000000000e+03 2.332348841852398991e+01
3.221000000000000000e+03 2.582908726515019282e+01
3.222000000000000000e+03 2.579981928765169741e+01
3.223000000000000000e+03 2.614452067273817804e+01
3.224000000000000000e+03 2.745162443833744348e+01
3.225000000000000000e+03 2.790056610532762704e+01
3.226000000000000000e+03 2.192298134439803547e+01
3.227000000000000000e+03 2.878523634874887094e+01
3.228000000000000000e+03 2.245139270223092609e+01
3.229000000000000000e+03 2.457169548387187064e+01
3.230000000000000000e+03 2.057170104474885619e+01
3.231000000000000000e+03 2.828153627511866830e+01
3.232000000000000000e+03 2.386936481213679784e+01
3.233000000000000000e+03 2.882636901290901932e+01
3.234000000000000000e+03 3.041656629341688145e+01
3.235000000000000000e+03 2.954008410446098409e+01
3.236000000000000000e+03 1.905955044633647333e+01
3.237000000000000000e+03 2.891053272901778826e+01
3.238000000000000000e+03 3.097684379594413073e+01
3.239000000000000000e+03 2.176174969677296289e+01
3.240000000000000000e+03 2.579332015698035008e+01
3.241000000000000000e+03 2.396110223378935444e+01
3.242000000000000000e+03 2.204998264623187509e+01
3.243000000000000000e+03 2.742584757446462262e+01
3.244000000000000000e+03 2.712457536902721245e+01
3.245000000000000000e+03 2.906087427417724811e+01
3.246000000000000000e+03 2.316982239422848977e+01
3.247000000000000000e+03 2.331905805233546047e+01
3.248000000000000000e+03 2.943986104960680095e+01
3.249000000000000000e+03 2.533292282787727956e+01
3.250000000000000000e+03 2.766868030206093110e+01
3.251000000000000000e+03 2.638829548584320861e+01
3.252000000000000000e+03 2.596157500360599713e+01
3.253000000000000000e+03 2.254742001573566057e+01
3.254000000000000000e+03 2.931667928238745446e+01
3.255000000000000000e+03 2.614109902464963398e+01
3.256000000000000000e+03 2.738948340032086293e+01
3.257000000000000000e+03 2.378101442555231415e+01
3.258000000000000000e+03 2.702270129168252666e+01
3.259000000000000000e+03 1.769772582531225780e+01
3.260000000000000000e+03 2.582676050218731589e+01
3.261000000000000000e+03 2.616186991420295627e+01
3.262000000000000000e+03 2.631927856633203788e+01
3.263000000000000000e+03 2.679790153940497532e+01
3.264000000000000000e+03 2.813530256577596234e+01
3.265000000000000000e+03 2.249805012690595873e+01
3.266000000000000000e+03 2.746753900421295214e+01
3.267000000000000000e+03 2.600112784179198044e+01
3.268000000000000000e+03 2.753276996152710510e+01
3.269000000000000000e+03 2.513973825539874696e+01
3.270000000000000000e+03 3.042467990372504261e+01
3.271000000000000000e+03 2.636155166661734484e+01
3.272000000000000000e+03 2.224175356352345290e+01
3.273000000000000000e+03 2.752969378138232770e+01
3.274000000000000000e+03 2.624026594114787514e+01
3.275000000000000000e+03 2.963113694800611242e+01
3.276000000000000000e+03 2.978153967274788982e+01
3.277000000000000000e+03 2.645112714651163088e+01
3.278000000000000000e+03 2.096520712529452624e+01
3.279000000000000000e+03 2.207482349832935142e+01
3.280000000000000000e+03 2.202084060809860233e+01
3.281000000000000000e+03 2.774721041720365022e+01
3.282000000000000000e+03 2.927494036716650427e+01
3.283000000000000000e+03 2.800393061106467130e+01
3.284000000000000000e+03 2.330443866074079295e+01
3.285000000000000000e+03 2.149681804186566580e+01
3.286000000000000000e+03 2.799947408561862972e+01
3.287000000000000000e+03 2.714904786447530327e+01
3.288000000000000000e+03 2.424605296854678826e+01
3.289000000000000000e+03 2.343677534647610372e+01
3.290000000000000000e+03 2.507087436684928861e+01
3.291000000000000000e+03 2.379772785567844906e+01
3.292000000000000000e+03 2.741743870442011399e+01
3.293000000000000000e+03 2.288266566651050482e+01
3.294000000000000000e+03 2.507726583914060114e+01
3.295000000000000000e+03 2.770765985716512958e+01
3.296000000000000000e+03 2.929818540748252431e+01
3.297000000000000000e+03 2.738896578394150794e+01
3.298000000000000000e+03 3.085503032634675336e+01
3.299000000000000000e+03 2.392233754861946693e+01
3.300000000000000000e+03 2.713494867447035475e+01
3.301000000000000000e+03 2.169158333169253794e+01
3.302000000000000000e+03 2.484953908076763440e+01
3.303000000000000000e+03 2.628926515719160406e+01
3.304000000000000000e+03 2.795287108036615109e+01
3.305000000000000000e+03 3.024220965079040369e+01
3.306000000000000000e+03 2.635970356002834691e+01
3.307000000000000000e+03 2.746032968484243142e+01
3.308000000000000000e+03 2.181417340220630052e+01
3.309000000000000000e+03 2.388441325514577329e+01
3.310000000000000000e+03 2.952355652279270970e+01
3.311000000000000000e+03 2.718553161157651843e+01
3.312000000000000000e+03 2.456478280430482286e+01
3.313000000000000000e+03 2.655627016499924409e+01
3.314000000000000000e+03 2.271543529500256398e+01
3.315000000000000000e+03 2.019697785846501148e+01
3.316000000000000000e+03 2.513295473020656701e+01
3.317000000000000000e+03 2.692194602251966984e+01
3.318000000000000000e+03 2.386142453177789235e+01
3.319000000000000000e+03 2.589653631518123333e+01
3.320000000000000000e+03 2.393107697320159133e+01
3.321000000000000000e+03 2.392863478158256285e+01
3.322000000000000000e+03 2.241654570798374024e+01
3.323000000000000000e+03 3.063994951337574690e+01
3.324000000000000000e+03 2.715034183061468553e+01
3.325000000000000000e+03 2.548293040763337913e+01
3.326000000000000000e+03 2.551153169077067773e+01
3.327000000000000000e+03 2.711861229782883242e+01
3.328000000000000000e+03 2.931467429653887535e+01
3.329000000000000000e+03 2.561508929050868844e+01
3.330000000000000000e+03 2.970884102705457508e+01
3.331000000000000000e+03 2.561311748041600822e+01
3.332000000000000000e+03 3.228464409627818554e+01
3.333000000000000000e+03 2.242510833786506907e+01
3.334000000000000000e+03 2.260555429091651192e+01
3.335000000000000000e+03 2.466776008375258655e+01
3.336000000000000000e+03 2.937254232366182194e+01
3.337000000000000000e+03 2.554319966746383486e+01
3.338000000000000000e+03 2.748821907331072012e+01
3.339000000000000000e+03 2.949787238477879470e+01
3.340000000000000000e+03 2.348814984984030829e+01
3.341000000000000000e+03 2.626693560061933042e+01
3.342000000000000000e+03 2.608535506461345221e+01
3.343000000000000000e+03 2.626206561555991570e+01
3.344000000000000000e+03 2.774859090750923230e+01
3.345000000000000000e+03 2.619603290705068943e+01
3.346000000000000000e+03 2.746072148560651272e+01
3.347000000000000000e+03 2.726846350405419628e+01
3.348000000000000000e+03 2.541158662735681162e+01
3.349000000000000000e+03 2.451107609094311002e+01
3.350000000000000000e+03 1.919655083372812143e+01
3.351000000000000000e+03 2.828758424082780465e+01
3.352000000000000000e+03 2.409140866493964950e+01
3.353000000000000000e+03 2.757052780750990451e+01
3.354000000000000000e+03 2.647144348352679444e+01
3.355000000000000000e+03 2.538410000290543422e+01
3.356000000000000000e+03 2.288862888896810333e+01
3.357000000000000000e+03 2.753887858444576509e+01
3.358000000000000000e+03 2.818529050308585582e+01
3.359000000000000000e+03 2.566751766933122525e+01
3.360000000000000000e+03 2.293499941668491005e+01
3.361000000000000000e+03 3.036014424184697447e+01
3.362000000000000000e+03 2.335747531194117244e+01
3.363000000000000000e+03 2.226786399609432010e+01
3.364000000000000000e+03 2.480869479633019026e+01
3.365000000000000000e+03 2.780177437760118409e+01
3.366000000000000000e+03 2.522623761834995904e+01
3.367000000000000000e+03 2.670137773651086377e+01
3.368000000000000000e+03 2.575500460927023738e+01
3.369000000000000000e+03 2.653128537249351382e+01
3.370000000000000000e+03 2.374404204807557761e+01
3.371000000000000000e+03 2.788776429275663205e+01
3.372000000000000000e+03 2.629019823254233046e+01
3.373000000000000000e+03 2.500056583093798324e+01
3.374000000000000000e+03 2.332236570600805337e+01
3.375000000000000000e+03 2.560783347144994337e+01
3.376000000000000000e+03 2.855078473848518428e+01
3.377000000000000000e+03 2.820132634776225800e+01
3.378000000000000000e+03 2.604179192694633826e+01
3.379000000000000000e+03 2.587385705414665793e+01
3.380000000000000000e+03 2.295397283807121269e+01
3.381000000000000000e+03 2.749834283265052903e+01
3.382000000000000000e+03 2.677547175677366909e+01
3.383000000000000000e+03 2.575724234309040384e+01
3.384000000000000000e+03 2.709074700494889854e+01
3.385000000000000000e+03 2.253598629342130621e+01
3.386000000000000000e+03 2.604495479901850175e+01
3.387000000000000000e+03 2.047232792431099924e+01
3.388000000000000000e+03 2.702801598420273876e+01
3.389000000000000000e+03 2.321439198576124241e+01
3.390000000000000000e+03 2.600971777839315990e+01
3.391000000000000000e+03 2.690314670507165573e+01
3.392000000000000000e+03 2.424345994604011167e+01
3.393000000000000000e+03 2.647158881311042578e+01
3.394000000000000000e+03 2.913430238859254473e+01
3.395000000000000000e+03 3.191373118886408022e+01
3.396000000000000000e+03 2.053679692026355852e+01
3.397000000000000000e+03 2.633821760477923135e+01
3.398000000000000000e+03 2.801192677458697844e+01
3.399000000000000000e+03 2.094096256047056315e+01
3.400000000000000000e+03 2.898865064578887640e+01
3.401000000000000000e+03 2.721086610693843255e+01
3.402000000000000000e+03 2.502465132639088097e+01
3.403000000000000000e+03 1.943800160418972922e+01
3.404000000000000000e+03 2.594304150249722341e+01
3.405000000000000000e+03 2.271029977686450252e+01
3.406000000000000000e+03 2.607766456178731218e+01
3.407000000000000000e+03 2.820770599298371906e+01
3.408000000000000000e+03 2.612217315770547543e+01
3.409000000000000000e+03 2.511612594958189959e+01
3.410000000000000000e+03 1.913358273824233535e+01
3.411000000000000000e+03 2.324072528768777701e+01
3.412000000000000000e+03 2.579143375109089220e+01
3.413000000000000000e+03 2.609960677804660634e+01
3.414000000000000000e+03 2.643449853767684132e+01
3.415000000000000000e+03 2.895696342361031839e+01
3.416000000000000000e+03 2.526428373651713244e+01
3.417000000000000000e+03 2.614691245729547475e+01
3.418000000000000000e+03 2.431724241386926266e+01
3.419000000000000000e+03 2.240203227691995380e+01
3.420000000000000000e+03 2.564612436336812706e+01
3.421000000000000000e+03 2.582891475124246838e+01
3.422000000000000000e+03 2.628935476544359062e+01
3.423000000000000000e+03 3.298069109556642786e+01
3.424000000000000000e+03 2.250835967972759022e+01
3.425000000000000000e+03 2.678649200193469682e+01
3.426000000000000000e+03 2.215893757114841733e+01
3.427000000000000000e+03 2.792139830715904125e+01
3.428000000000000000e+03 2.529837293839087664e+01
3.429000000000000000e+03 2.896908629743297325e+01
3.430000000000000000e+03 1.916018297843967133e+01
3.431000000000000000e+03 2.122980071208922226e+01
3.432000000000000000e+03 2.909564621531264805e+01
3.433000000000000000e+03 2.039781181453544434e+01
3.434000000000000000e+03 2.577394989341944154e+01
3.435000000000000000e+03 2.896904097300911474e+01
3.436000000000000000e+03 2.502583421103198091e+01
3.437000000000000000e+03 2.831996396586363574e+01
3.438000000000000000e+03 3.171465715863190837e+01
3.439000000000000000e+03 3.213687270175906718e+01
3.440000000000000000e+03 2.332805778862818258e+01
3.441000000000000000e+03 2.547295773854406065e+01
3.442000000000000000e+03 3.276063947784906816e+01
3.443000000000000000e+03 2.657340262590027891e+01
3.444000000000000000e+03 2.257844741447606296e+01
3.445000000000000000e+03 2.789080189613742888e+01
3.446000000000000000e+03 2.844739697271808510e+01
3.447000000000000000e+03 2.349457635376608877e+01
3.448000000000000000e+03 2.476260240919194899e+01
3.449000000000000000e+03 2.470509091584118977e+01
3.450000000000000000e+03 2.685135667020840344e+01
3.451000000000000000e+03 2.422996094153398161e+01
3.452000000000000000e+03 3.086471357882269118e+01
3.453000000000000000e+03 2.180085186347556103e+01
3.454000000000000000e+03 2.147735678293052075e+01
3.455000000000000000e+03 2.174857959980054289e+01
3.456000000000000000e+03 2.673371939196892910e+01
3.457000000000000000e+03 2.400313825228663589e+01
3.458000000000000000e+03 2.275035598270996928e+01
3.459000000000000000e+03 2.126640397181259345e+01
3.460000000000000000e+03 2.760816395450221705e+01
3.461000000000000000e+03 2.634996760789929127e+01
3.462000000000000000e+03 2.389663539202365428e+01
3.463000000000000000e+03 2.616996442962336644e+01
3.464000000000000000e+03 2.731586090913784659e+01
3.465000000000000000e+03 2.390884249448809484e+01
3.466000000000000000e+03 2.623698109313809468e+01
3.467000000000000000e+03 2.254358774888172334e+01
3.468000000000000000e+03 2.524487179797799996e+01
3.469000000000000000e+03 2.444329047078671380e+01
3.470000000000000000e+03 2.685956209636236380e+01
3.471000000000000000e+03 2.862901245608196632e+01
3.472000000000000000e+03 3.415971305231196453e+01
3.473000000000000000e+03 2.289813359907085655e+01
3.474000000000000000e+03 2.445228460275343352e+01
3.475000000000000000e+03 2.285152148961948271e+01
3.476000000000000000e+03 2.846357364640667598e+01
3.477000000000000000e+03 2.991885000443950915e+01
3.478000000000000000e+03 2.297557227620611897e+01
3.479000000000000000e+03 2.906080094638805988e+01
3.480000000000000000e+03 2.694176922912986782e+01
3.481000000000000000e+03 2.580850109565810513e+01
3.482000000000000000e+03 2.511550008055675320e+01
3.483000000000000000e+03 2.244738872226797710e+01
3.484000000000000000e+03 2.852616243793232087e+01
3.485000000000000000e+03 2.578317226883227775e+01
3.486000000000000000e+03 2.205316009198532967e+01
3.487000000000000000e+03 2.939655868471130162e+01
3.488000000000000000e+03 2.720918316916766244e+01
3.489000000000000000e+03 2.368035749414509183e+01
3.490000000000000000e+03 3.064361827326859355e+01
3.491000000000000000e+03 2.590712813619987287e+01
3.492000000000000000e+03 2.702343328157149571e+01
3.493000000000000000e+03 2.439577634099862991e+01
3.494000000000000000e+03 1.757223007236003198e+01
3.495000000000000000e+03 2.425987097818014604e+01
3.496000000000000000e+03 2.401047126016316113e+01
3.497000000000000000e+03 2.467920280145381540e+01
3.498000000000000000e+03 2.671705841151513638e+01
3.499000000000000000e+03 2.837151783253269954e+01
3.500000000000000000e+03 2.589274965012503316e+01
3.501000000000000000e+03 2.586381604015740976e+01
3.502000000000000000e+03 2.839678620127468278e+01
3.503000000000000000e+03 2.418256602489312712e+01
3.504000000000000000e+03 2.601894370173585003e+01
3.505000000000000000e+03 2.669974881300109715e+01
3.506000000000000000e+03 2.280485195701421830e+01
3.507000000000000000e+03 2.461994619704069009e+01
3.508000000000000000e+03 2.682783754203014226e+01
3.509000000000000000e+03 2.512599870671757074e+01
3.510000000000000000e+03 2.349602970482141728e+01
3.511000000000000000e+03 2.788298365044955673e+01
3.512000000000000000e+03 2.767370803551212433e+01
3.513000000000000000e+03 2.445417280116605241e+01
3.514000000000000000e+03 2.519613839372159347e+01
3.515000000000000000e+03 2.875115405082052433e+01
3.516000000000000000e+03 2.636684757847012150e+01
3.517000000000000000e+03 2.740806539378825235e+01
3.518000000000000000e+03 2.963928532543655336e+01
3.519000000000000000e+03 2.337460239981082566e+01
3.520000000000000000e+03 2.843698961364575695e+01
3.521000000000000000e+03 2.378572157883344573e+01
3.522000000000000000e+03 2.782176457224674593e+01
3.523000000000000000e+03 3.051763478574522281e+01
3.524000000000000000e+03 2.511070457870277295e+01
3.525000000000000000e+03 2.612954453316836734e+01
3.526000000000000000e+03 2.660512874846869025e+01
3.527000000000000000e+03 2.775235047379968734e+01
3.528000000000000000e+03 2.770304622027518349e+01
3.529000000000000000e+03 2.762838584516848428e+01
3.530000000000000000e+03 2.979094659339254392e+01
3.531000000000000000e+03 2.767615002291982407e+01
3.532000000000000000e+03 2.353632807398576432e+01
3.533000000000000000e+03 2.911504669720584104e+01
3.534000000000000000e+03 2.973636398421896487e+01
3.535000000000000000e+03 2.556904738033729885e+01
3.536000000000000000e+03 2.570433591896581405e+01
3.537000000000000000e+03 2.529679149562585749e+01
3.538000000000000000e+03 2.720932124364022542e+01
3.539000000000000000e+03 2.984922670760029462e+01
3.540000000000000000e+03 2.296497056228841416e+01
3.541000000000000000e+03 2.439631466832390316e+01
3.542000000000000000e+03 2.481661523798051405e+01
3.543000000000000000e+03 1.988814296492432732e+01
3.544000000000000000e+03 2.915080034964072198e+01
3.545000000000000000e+03 2.626013332638402886e+01
3.546000000000000000e+03 2.801869343914624011e+01
3.547000000000000000e+03 2.957372066018070456e+01
3.548000000000000000e+03 2.372810001143054848e+01
3.549000000000000000e+03 2.410355050438158031e+01
3.550000000000000000e+03 2.694185635921459365e+01
3.551000000000000000e+03 2.561605671355547997e+01
3.552000000000000000e+03 2.450551579329075125e+01
3.553000000000000000e+03 2.471334254184333190e+01
3.554000000000000000e+03 2.517540523553154230e+01
3.555000000000000000e+03 2.115700495537263137e+01
3.556000000000000000e+03 1.933541960548987149e+01
3.557000000000000000e+03 2.063964694541323297e+01
3.558000000000000000e+03 2.780450613322560116e+01
3.559000000000000000e+03 2.534292536905041260e+01
3.560000000000000000e+03 2.193566876163389878e+01
3.561000000000000000e+03 2.713057847888476815e+01
3.562000000000000000e+03 2.914105613805504902e+01
3.563000000000000000e+03 2.419294065122508641e+01
3.564000000000000000e+03 2.712119274552340542e+01
3.565000000000000000e+03 2.623170899357025476e+01
3.566000000000000000e+03 2.541151933336272961e+01
3.567000000000000000e+03 2.745179535617549504e+01
3.568000000000000000e+03 2.466109347923681483e+01
3.569000000000000000e+03 2.936759926533109066e+01
3.570000000000000000e+03 2.572113087449265834e+01
3.571000000000000000e+03 2.427398524290165938e+01
3.572000000000000000e+03 2.695554514879685115e+01
3.573000000000000000e+03 2.155140889124409043e+01
3.574000000000000000e+03 3.294180312150358247e+01
3.575000000000000000e+03 2.693446264768234855e+01
3.576000000000000000e+03 2.606767433469856243e+01
3.577000000000000000e+03 2.948250962155380606e+01
3.578000000000000000e+03 2.969179542369672475e+01
3.579000000000000000e+03 2.528793037411276501e+01
3.580000000000000000e+03 2.276749105035103682e+01
3.581000000000000000e+03 2.725011712778558604e+01
3.582000000000000000e+03 2.418710533045165079e+01
3.583000000000000000e+03 2.400585326222204330e+01
3.584000000000000000e+03 2.691278847157499143e+01
3.585000000000000000e+03 2.528698348311118593e+01
3.586000000000000000e+03 2.586407482950264125e+01
3.587000000000000000e+03 2.797530529436812685e+01
3.588000000000000000e+03 2.482845727972205907e+01
3.589000000000000000e+03 2.623874924439873624e+01
3.590000000000000000e+03 3.038522557947462133e+01
3.591000000000000000e+03 2.609740542323880774e+01
3.592000000000000000e+03 2.270818735100464991e+01
3.593000000000000000e+03 2.261734544493837618e+01
3.594000000000000000e+03 2.395442208598477762e+01
3.595000000000000000e+03 2.681284065704807418e+01
3.596000000000000000e+03 2.737173272198266005e+01
3.597000000000000000e+03 2.360510163035357323e+01
3.598000000000000000e+03 2.330772108709600587e+01
3.599000000000000000e+03 2.497075814441428676e+01
3.600000000000000000e+03 2.827963056638787975e+01
3.601000000000000000e+03 2.004087618939427884e+01
3.602000000000000000e+03 2.179446435544897298e+01
3.603000000000000000e+03 3.066653255980967785e+01
3.604000000000000000e+03 2.434029492713315079e+01
3.605000000000000000e+03 2.923125720245147008e+01
3.606000000000000000e+03 2.715962092441513320e+01
3.607000000000000000e+03 3.041237148308238147e+01
3.608000000000000000e+03 2.606552586171068242e+01
3.609000000000000000e+03 2.600380964541099260e+01
3.610000000000000000e+03 3.000643976184473161e+01
3.611000000000000000e+03 2.884742612586022759e+01
3.612000000000000000e+03 2.321201498388078477e+01
3.613000000000000000e+03 3.161475717418470310e+01
3.614000000000000000e+03 2.060983831368629282e+01
3.615000000000000000e+03 2.358717297175713767e+01
3.616000000000000000e+03 2.372388069054439441e+01
3.617000000000000000e+03 2.348212429880325303e+01
3.618000000000000000e+03 2.638863632397865189e+01
3.619000000000000000e+03 2.139031958671344924e+01
3.620000000000000000e+03 2.631645239015862359e+01
3.621000000000000000e+03 2.239574149897120137e+01
3.622000000000000000e+03 2.442713840765274114e+01
3.623000000000000000e+03 2.529956741775350437e+01
3.624000000000000000e+03 2.803944471989690612e+01
3.625000000000000000e+03 2.619225163658644462e+01
3.626000000000000000e+03 2.721661131165122427e+01
3.627000000000000000e+03 2.452814018863090695e+01
3.628000000000000000e+03 2.797932074258674007e+01
3.629000000000000000e+03 2.630673142369730755e+01
3.630000000000000000e+03 2.013301076284635016e+01
3.631000000000000000e+03 2.893729566062572900e+01
3.632000000000000000e+03 2.262002270643228385e+01
3.633000000000000000e+03 2.977223920908133437e+01
3.634000000000000000e+03 3.014581242132092953e+01
3.635000000000000000e+03 2.465369520690921945e+01
3.636000000000000000e+03 2.257347746437856983e+01
3.637000000000000000e+03 2.617470617960712076e+01
3.638000000000000000e+03 2.530493626372751947e+01
3.639000000000000000e+03 2.436250142108213979e+01
3.640000000000000000e+03 2.338014774322001088e+01
3.641000000000000000e+03 3.016440909429102035e+01
3.642000000000000000e+03 2.373143781500487393e+01
3.643000000000000000e+03 2.269158184978189041e+01
3.644000000000000000e+03 2.016120310854256914e+01
3.645000000000000000e+03 2.749796822004418928e+01
3.646000000000000000e+03 2.202439867919705563e+01
3.647000000000000000e+03 2.684919179311101090e+01
3.648000000000000000e+03 2.568411812716497522e+01
3.649000000000000000e+03 2.670544745836966172e+01
3.650000000000000000e+03 2.712778635098499791e+01
3.651000000000000000e+03 2.811126600031531808e+01
3.652000000000000000e+03 2.599108736524276253e+01
3.653000000000000000e+03 2.745994881690823064e+01
3.654000000000000000e+03 2.780756643712762255e+01
3.655000000000000000e+03 3.006143204721613316e+01
3.656000000000000000e+03 2.779587450740266164e+01
3.657000000000000000e+03 2.843862941837502234e+01
3.658000000000000000e+03 2.761934588544183100e+01
3.659000000000000000e+03 2.266934636112465995e+01
3.660000000000000000e+03 2.313693538827137175e+01
3.661000000000000000e+03 2.912473805758592604e+01
3.662000000000000000e+03 2.858026956086757053e+01
3.663000000000000000e+03 2.287777559244543113e+01
3.664000000000000000e+03 2.903848275939643031e+01
3.665000000000000000e+03 2.207789835147801227e+01
3.666000000000000000e+03 2.245708651837857062e+01
3.667000000000000000e+03 2.887682091518554728e+01
3.668000000000000000e+03 2.746195324488207845e+01
3.669000000000000000e+03 3.016934193538555675e+01
3.670000000000000000e+03 2.415900869150924279e+01
3.671000000000000000e+03 2.505286848397651411e+01
3.672000000000000000e+03 2.954942992038881400e+01
3.673000000000000000e+03 2.877878325124574133e+01
3.674000000000000000e+03 2.602801460799069844e+01
3.675000000000000000e+03 2.546894194675222778e+01
3.676000000000000000e+03 2.533850276933276646e+01
3.677000000000000000e+03 2.754340424286114697e+01
3.678000000000000000e+03 2.141895884010204298e+01
3.679000000000000000e+03 2.699626953475332414e+01
3.680000000000000000e+03 2.723304914940675303e+01
3.681000000000000000e+03 3.298752216682002114e+01
3.682000000000000000e+03 2.581568088776363723e+01
3.683000000000000000e+03 2.873039176121242733e+01
3.684000000000000000e+03 2.448429756174402527e+01
3.685000000000000000e+03 2.914249643843809423e+01
3.686000000000000000e+03 2.652416977839291690e+01
3.687000000000000000e+03 2.511878360380660169e+01
3.688000000000000000e+03 2.614327176005640041e+01
3.689000000000000000e+03 2.571190566549812573e+01
3.690000000000000000e+03 2.376137070923281414e+01
3.691000000000000000e+03 2.189495892150482703e+01
3.692000000000000000e+03 2.786097638039909441e+01
3.693000000000000000e+03 2.729787928670784680e+01
3.694000000000000000e+03 2.746528399134708209e+01
3.695000000000000000e+03 2.714252605034841892e+01
3.696000000000000000e+03 3.127473044762027143e+01
3.697000000000000000e+03 2.309267971054201496e+01
3.698000000000000000e+03 2.379341007253183093e+01
3.699000000000000000e+03 2.407996486605662767e+01
3.700000000000000000e+03 2.315656022935080216e+01
3.701000000000000000e+03 2.766630748232671166e+01
3.702000000000000000e+03 2.834785641169651882e+01
3.703000000000000000e+03 2.338900363047994091e+01
3.704000000000000000e+03 2.771823360629611344e+01
3.705000000000000000e+03 2.967170777694557771e+01
3.706000000000000000e+03 3.188230339809102887e+01
3.707000000000000000e+03 2.394758913924422927e+01
3.708000000000000000e+03 2.214293394412501570e+01
3.709000000000000000e+03 2.322446851975285753e+01
3.710000000000000000e+03 2.432061046845300822e+01
3.711000000000000000e+03 2.749194392820835020e+01
3.712000000000000000e+03 2.770067666677570628e+01
3.713000000000000000e+03 2.547182891019158291e+01
3.714000000000000000e+03 2.332192908825452804e+01
3.715000000000000000e+03 2.133992432628414093e+01
3.716000000000000000e+03 2.773500165387207872e+01
3.717000000000000000e+03 2.608850767231835377e+01
3.718000000000000000e+03 2.222447917107782445e+01
3.719000000000000000e+03 2.872028831087049028e+01
3.720000000000000000e+03 3.090139028192182025e+01
3.721000000000000000e+03 2.638460180441036229e+01
3.722000000000000000e+03 2.909671392237146037e+01
3.723000000000000000e+03 2.007469174488620567e+01
3.724000000000000000e+03 2.621477253374521865e+01
3.725000000000000000e+03 2.636955919675441606e+01
3.726000000000000000e+03 2.643158795424543683e+01
3.727000000000000000e+03 2.596723607589423111e+01
3.728000000000000000e+03 2.470439629254218872e+01
3.729000000000000000e+03 2.819014111939091904e+01
3.730000000000000000e+03 2.632013344322680126e+01
3.731000000000000000e+03 2.938276178101808256e+01
3.732000000000000000e+03 2.562915602861362174e+01
3.733000000000000000e+03 2.363491962088309961e+01
3.734000000000000000e+03 2.407982235600139731e+01
3.735000000000000000e+03 2.577392700710458939e+01
3.736000000000000000e+03 2.866698763565314678e+01
3.737000000000000000e+03 2.911777750793852348e+01
3.738000000000000000e+03 2.671391455066530085e+01
3.739000000000000000e+03 2.636236604163582342e+01
3.740000000000000000e+03 3.125876783519487034e+01
3.741000000000000000e+03 2.744997766506561732e+01
3.742000000000000000e+03 2.589989992979705136e+01
3.743000000000000000e+03 2.708043919548868317e+01
3.744000000000000000e+03 2.910914922963563711e+01
3.745000000000000000e+03 2.185850769366577140e+01
3.746000000000000000e+03 2.640309731942173954e+01
3.747000000000000000e+03 2.396427335559848615e+01
3.748000000000000000e+03 2.698915832409746685e+01
3.749000000000000000e+03 2.834610402372610949e+01
3.750000000000000000e+03 2.540749709438868109e+01
3.751000000000000000e+03 2.346955002299751314e+01
3.752000000000000000e+03 2.752022236876790373e+01
3.753000000000000000e+03 2.752278064321215822e+01
3.754000000000000000e+03 2.860930340387065485e+01
3.755000000000000000e+03 2.116543618036352115e+01
3.756000000000000000e+03 2.076859681704042160e+01
3.757000000000000000e+03 2.516906160316477070e+01
3.758000000000000000e+03 2.527377961417055729e+01
3.759000000000000000e+03 2.635575109112992465e+01
3.760000000000000000e+03 2.591993393385611455e+01
3.761000000000000000e+03 2.633414651338627976e+01
3.762000000000000000e+03 2.728777601288239651e+01
3.763000000000000000e+03 2.499440976465903574e+01
3.764000000000000000e+03 1.999325070931669401e+01
3.765000000000000000e+03 3.134231491888083454e+01
3.766000000000000000e+03 2.588871682305490651e+01
3.767000000000000000e+03 1.907188597880692882e+01
3.768000000000000000e+03 2.961952877699699727e+01
3.769000000000000000e+03 2.809199352396329630e+01
3.770000000000000000e+03 2.593947873307237018e+01
3.771000000000000000e+03 1.994417450556527527e+01
3.772000000000000000e+03 2.405642853327661257e+01
3.773000000000000000e+03 2.055917973521174957e+01
3.774000000000000000e+03 2.722623192332916631e+01
3.775000000000000000e+03 2.475264428855192378e+01
3.776000000000000000e+03 2.447868310478069631e+01
3.777000000000000000e+03 3.045849657377298314e+01
3.778000000000000000e+03 2.615720547290535336e+01
3.779000000000000000e+03 2.685297903335294123e+01
3.780000000000000000e+03 2.820366369790489713e+01
3.781000000000000000e+03 2.527237085814684647e+01
3.782000000000000000e+03 2.951893549983777021e+01
3.783000000000000000e+03 2.455756163822034210e+01
3.784000000000000000e+03 2.618609615287187964e+01
3.785000000000000000e+03 1.650383205625579919e+01
3.786000000000000000e+03 2.670264211386172093e+01
3.787000000000000000e+03 2.740554820731167851e+01
3.788000000000000000e+03 2.597026351350178786e+01
3.789000000000000000e+03 2.688747134094207070e+01
3.790000000000000000e+03 2.658983983922188443e+01
3.791000000000000000e+03 2.808863815177441836e+01
3.792000000000000000e+03 2.669705438481522108e+01
3.793000000000000000e+03 2.961678296607046690e+01
3.794000000000000000e+03 2.633582806925215536e+01
3.795000000000000000e+03 2.121391387485246227e+01
3.796000000000000000e+03 2.565225881939624841e+01
3.797000000000000000e+03 2.799194198754700480e+01
3.798000000000000000e+03 2.667180594079224676e+01
3.799000000000000000e+03 2.681830846348219310e+01
3.800000000000000000e+03 2.127932046857904425e+01
3.801000000000000000e+03 2.419212723443385116e+01
3.802000000000000000e+03 2.120841773317143719e+01
3.803000000000000000e+03 2.225402573370881854e+01
3.804000000000000000e+03 2.934030801422922252e+01
3.805000000000000000e+03 2.318059972206579644e+01
3.806000000000000000e+03 2.497531314366652566e+01
3.807000000000000000e+03 2.599700314968454862e+01
3.808000000000000000e+03 2.429462971291467710e+01
3.809000000000000000e+03 2.662924910130181644e+01
3.810000000000000000e+03 2.499987313727023874e+01
3.811000000000000000e+03 2.199518458611978744e+01
3.812000000000000000e+03 2.494109816419364734e+01
3.813000000000000000e+03 2.548712484944963563e+01
3.814000000000000000e+03 2.732774533070188028e+01
3.815000000000000000e+03 1.965946499405112391e+01
3.816000000000000000e+03 2.819501176909400186e+01
3.817000000000000000e+03 2.373734236143151222e+01
3.818000000000000000e+03 2.478914222292323899e+01
3.819000000000000000e+03 2.769770950744017668e+01
3.820000000000000000e+03 2.299861188238641674e+01
3.821000000000000000e+03 1.922574750554825584e+01
3.822000000000000000e+03 2.979942025206423040e+01
3.823000000000000000e+03 2.685850175782740834e+01
3.824000000000000000e+03 2.549625349051276046e+01
3.825000000000000000e+03 2.731800970170280607e+01
3.826000000000000000e+03 2.862693351854348123e+01
3.827000000000000000e+03 2.670192686641453506e+01
3.828000000000000000e+03 2.603813309568691636e+01
3.829000000000000000e+03 2.328259257457868259e+01
3.830000000000000000e+03 2.680164216053450943e+01
3.831000000000000000e+03 2.710259063368352983e+01
3.832000000000000000e+03 2.105214762302805553e+01
3.833000000000000000e+03 2.434063550818071775e+01
3.834000000000000000e+03 2.685574543386942992e+01
3.835000000000000000e+03 2.676459148468821070e+01
3.836000000000000000e+03 2.315206409278725630e+01
3.837000000000000000e+03 3.072548495898963239e+01
3.838000000000000000e+03 2.597772861999063210e+01
3.839000000000000000e+03 2.895847083737888283e+01
3.840000000000000000e+03 3.110418721417096322e+01
3.841000000000000000e+03 2.453074319044209872e+01
3.842000000000000000e+03 2.602106365653839859e+01
3.843000000000000000e+03 2.914580949534608223e+01
3.844000000000000000e+03 2.552809217733738478e+01
3.845000000000000000e+03 2.703297935659989548e+01
3.846000000000000000e+03 2.542831318189463374e+01
3.847000000000000000e+03 2.904945850381796646e+01
3.848000000000000000e+03 2.498478867497180289e+01
3.849000000000000000e+03 3.508422902202364924e+01
3.850000000000000000e+03 3.119453798345650952e+01
3.851000000000000000e+03 2.953123387284912127e+01
3.852000000000000000e+03 2.795112712324174353e+01
3.853000000000000000e+03 2.573316662517065012e+01
3.854000000000000000e+03 2.481353607991111687e+01
3.855000000000000000e+03 2.471075822155506430e+01
3.856000000000000000e+03 2.384612887497102562e+01
3.857000000000000000e+03 2.749116253423366629e+01
3.858000000000000000e+03 2.241825569405907359e+01
3.859000000000000000e+03 2.792971547125762299e+01
3.860000000000000000e+03 2.397499521710176040e+01
3.861000000000000000e+03 2.882635533659966143e+01
3.862000000000000000e+03 2.715899529905825815e+01
3.863000000000000000e+03 2.762751496252430528e+01
3.864000000000000000e+03 3.060579786074058717e+01
3.865000000000000000e+03 2.568039959806142392e+01
3.866000000000000000e+03 2.844147091680727613e+01
3.867000000000000000e+03 2.975882045195151449e+01
3.868000000000000000e+03 2.689975673398769374e+01
3.869000000000000000e+03 2.506798739840340673e+01
3.870000000000000000e+03 2.290057738498679285e+01
3.871000000000000000e+03 2.467923973478155375e+01
3.872000000000000000e+03 3.181740085642909932e+01
3.873000000000000000e+03 2.738324901207653639e+01
3.874000000000000000e+03 3.233420529576809344e+01
3.875000000000000000e+03 2.757767549085097158e+01
3.876000000000000000e+03 2.827975841852913064e+01
3.877000000000000000e+03 3.227747122042045191e+01
3.878000000000000000e+03 2.004081549830204878e+01
3.879000000000000000e+03 2.625264096212129061e+01
3.880000000000000000e+03 2.733496100515043281e+01
3.881000000000000000e+03 3.178089987464815636e+01
3.882000000000000000e+03 2.692400420717379106e+01
3.883000000000000000e+03 2.420784584088788094e+01
3.884000000000000000e+03 3.039264592929941600e+01
3.885000000000000000e+03 2.889154792623143564e+01
3.886000000000000000e+03 2.931029121687940275e+01
3.887000000000000000e+03 2.538196625403254814e+01
3.888000000000000000e+03 2.765839268340065260e+01
3.889000000000000000e+03 2.595580173797590007e+01
3.890000000000000000e+03 2.041735959516360666e+01
3.891000000000000000e+03 2.567917515243384230e+01
3.892000000000000000e+03 2.657626060493257114e+01
3.893000000000000000e+03 2.699657548838611731e+01
3.894000000000000000e+03 2.365510477484894380e+01
3.895000000000000000e+03 3.408577823452261413e+01
3.896000000000000000e+03 2.048581079149751361e+01
3.897000000000000000e+03 2.470810457159386431e+01
3.898000000000000000e+03 2.776339419027790711e+01
3.899000000000000000e+03 2.273357835090369150e+01
3.900000000000000000e+03 2.715848739824692260e+01
3.901000000000000000e+03 2.868582316986816494e+01
3.902000000000000000e+03 2.608712265577818101e+01
3.903000000000000000e+03 2.001516392888547813e+01
3.904000000000000000e+03 2.285216721626474978e+01
3.905000000000000000e+03 2.482104489797302804e+01
3.906000000000000000e+03 2.401644929888745139e+01
3.907000000000000000e+03 2.167164014757792145e+01
3.908000000000000000e+03 2.747094004939298983e+01
3.909000000000000000e+03 2.435312123827287678e+01
3.910000000000000000e+03 2.865675182737743754e+01
3.911000000000000000e+03 2.642077714018162027e+01
3.912000000000000000e+03 2.353578801228233530e+01
3.913000000000000000e+03 2.013026576916757193e+01
3.914000000000000000e+03 2.535146945325940493e+01
3.915000000000000000e+03 2.739360945256702351e+01
3.916000000000000000e+03 2.648928321351552739e+01
3.917000000000000000e+03 2.481424843631169708e+01
3.918000000000000000e+03 2.041881798668333303e+01
3.919000000000000000e+03 2.067439905394323318e+01
3.920000000000000000e+03 2.890991159059941396e+01
3.921000000000000000e+03 3.046668151806145985e+01
3.922000000000000000e+03 2.685520112378518576e+01
3.923000000000000000e+03 2.482467324589643098e+01
3.924000000000000000e+03 2.631395811802077844e+01
3.925000000000000000e+03 2.721489101309615322e+01
3.926000000000000000e+03 2.146180538106820990e+01
3.927000000000000000e+03 2.518441575112463937e+01
3.928000000000000000e+03 2.388199018008237573e+01
3.929000000000000000e+03 1.958266669078037125e+01
3.930000000000000000e+03 2.924618470122696579e+01
3.931000000000000000e+03 2.962375149874355884e+01
3.932000000000000000e+03 1.879415988837017792e+01
3.933000000000000000e+03 2.261486737105294154e+01
3.934000000000000000e+03 2.562493372360585298e+01
3.935000000000000000e+03 2.971335926215168399e+01
3.936000000000000000e+03 2.361865709831726434e+01
3.937000000000000000e+03 2.681858847394334333e+01
3.938000000000000000e+03 3.018103375094273488e+01
3.939000000000000000e+03 2.698389324891876839e+01
3.940000000000000000e+03 2.798089550904854406e+01
3.941000000000000000e+03 3.254105387296304031e+01
3.942000000000000000e+03 2.422014868271336141e+01
3.943000000000000000e+03 2.882674627295694236e+01
3.944000000000000000e+03 2.424865852654910370e+01
3.945000000000000000e+03 2.613264464046359947e+01
3.946000000000000000e+03 2.383997250433196058e+01
3.947000000000000000e+03 2.770888057690077133e+01
3.948000000000000000e+03 2.619611112237229733e+01
3.949000000000000000e+03 2.989788308314216891e+01
3.950000000000000000e+03 2.650656529611435275e+01
3.951000000000000000e+03 2.209298973159889101e+01
3.952000000000000000e+03 2.581759533034287202e+01
3.953000000000000000e+03 2.912054298952086384e+01
3.954000000000000000e+03 2.996214957420900049e+01
3.955000000000000000e+03 2.531861416830553324e+01
3.956000000000000000e+03 2.565583670798915961e+01
3.957000000000000000e+03 2.968686050198888893e+01
3.958000000000000000e+03 2.922363367026638770e+01
3.959000000000000000e+03 2.884897782179158909e+01
3.960000000000000000e+03 2.851995119698480252e+01
3.961000000000000000e+03 2.340148168877682266e+01
3.962000000000000000e+03 2.262970023339788739e+01
3.963000000000000000e+03 2.465541768189735450e+01
3.964000000000000000e+03 2.622742084288970688e+01
3.965000000000000000e+03 2.380255398838763625e+01
3.966000000000000000e+03 2.850351304670937935e+01
3.967000000000000000e+03 2.457795135253580554e+01
3.968000000000000000e+03 2.434147329634338419e+01
3.969000000000000000e+03 2.495111182912251024e+01
3.970000000000000000e+03 2.579582412407556191e+01
3.971000000000000000e+03 2.556536131747098040e+01
3.972000000000000000e+03 2.764745564309400905e+01
3.973000000000000000e+03 2.343828564879492049e+01
3.974000000000000000e+03 2.196065513477605791e+01
3.975000000000000000e+03 2.827221694539421648e+01
3.976000000000000000e+03 2.487044976693917064e+01
3.977000000000000000e+03 3.047514465770879966e+01
3.978000000000000000e+03 2.887885481643676044e+01
3.979000000000000000e+03 2.681461271775833310e+01
3.980000000000000000e+03 2.360632611194967367e+01
3.981000000000000000e+03 2.829460122578732850e+01
3.982000000000000000e+03 2.912892621054023579e+01
3.983000000000000000e+03 2.617692827480281892e+01
3.984000000000000000e+03 2.468246405765252405e+01
3.985000000000000000e+03 2.622133957779903923e+01
3.986000000000000000e+03 2.722185660779622651e+01
3.987000000000000000e+03 2.429308668898037382e+01
3.988000000000000000e+03 3.042881638777683406e+01
3.989000000000000000e+03 2.825665146272176997e+01
3.990000000000000000e+03 2.661250989601829886e+01
3.991000000000000000e+03 2.939115900221118949e+01
3.992000000000000000e+03 1.839063839361025643e+01
3.993000000000000000e+03 2.886284897532150850e+01
3.994000000000000000e+03 2.538752093852634317e+01
3.995000000000000000e+03 2.923247578294778393e+01
3.996000000000000000e+03 1.940440845511481172e+01
3.997000000000000000e+03 2.762884466202535094e+01
3.998000000000000000e+03 2.461516630127852423e+01
3.999000000000000000e+03 3.031619524921416087e+01
4.000000000000000000e+03 2.611664146451155943e+01
4.001000000000000000e+03 2.363147055846833666e+01
4.002000000000000000e+03 2.399773337490834280e+01
4.003000000000000000e+03 2.478613037483896875e+01
4.004000000000000000e+03 2.673573129732541886e+01
4.005000000000000000e+03 2.533679543180314653e+01
4.006000000000000000e+03 2.896307621952373168e+01
4.007000000000000000e+03 2.302373773240818622e+01
4.008000000000000000e+03 2.702897829707529453e+01
4.009000000000000000e+03 2.933478602851039341e+01
4.010000000000000000e+03 2.343212149129568900e+01
4.011000000000000000e+03 2.512648109096626925e+01
4.012000000000000000e+03 2.425352164572847613e+01
4.013000000000000000e+03 2.577279196803284123e+01
4.014000000000000000e+03 2.520647913839508192e+01
4.015000000000000000e+03 2.700452277784645361e+01
4.016000000000000000e+03 2.482026248453814787e+01
4.017000000000000000e+03 2.498013886115811388e+01
4.018000000000000000e+03 2.588422539439112313e+01
4.019000000000000000e+03 2.675757446552048435e+01
4.020000000000000000e+03 2.793043015724149214e+01
4.021000000000000000e+03 2.836811890527411606e+01
4.022000000000000000e+03 2.656534534458335983e+01
4.023000000000000000e+03 2.522050561768401877e+01
4.024000000000000000e+03 2.439815553485097510e+01
4.025000000000000000e+03 2.522494408905919983e+01
4.026000000000000000e+03 2.896287287766102025e+01
4.027000000000000000e+03 2.500894432646057908e+01
4.028000000000000000e+03 1.929292777795037495e+01
4.029000000000000000e+03 2.485394526890856071e+01
4.030000000000000000e+03 3.090112595712796306e+01
4.031000000000000000e+03 2.307330034431493715e+01
4.032000000000000000e+03 2.573911875894482648e+01
4.033000000000000000e+03 2.709355138173670596e+01
4.034000000000000000e+03 2.528124080694443521e+01
4.035000000000000000e+03 3.074839016630120625e+01
4.036000000000000000e+03 2.422662535387239657e+01
4.037000000000000000e+03 2.616473466548190530e+01
4.038000000000000000e+03 2.292143041057158825e+01
4.039000000000000000e+03 2.664425203613295068e+01
4.040000000000000000e+03 2.539462815970356857e+01
4.041000000000000000e+03 2.920244700069923027e+01
4.042000000000000000e+03 2.631080284052417184e+01
4.043000000000000000e+03 2.719080242384683999e+01
4.044000000000000000e+03 2.465389588391455433e+01
4.045000000000000000e+03 2.056392738303962631e+01
4.046000000000000000e+03 2.471067242845300527e+01
4.047000000000000000e+03 2.724243485525460784e+01
4.048000000000000000e+03 2.709520907487609875e+01
4.049000000000000000e+03 2.336110779739200893e+01
4.050000000000000000e+03 2.541080130026512407e+01
4.051000000000000000e+03 2.568568723896298778e+01
4.052000000000000000e+03 1.832383966860619040e+01
4.053000000000000000e+03 2.502990958027942980e+01
4.054000000000000000e+03 2.829946982885537565e+01
4.055000000000000000e+03 2.447266078768349118e+01
4.056000000000000000e+03 2.565451390312972890e+01
4.057000000000000000e+03 2.785313685199323785e+01
4.058000000000000000e+03 2.653380147517294674e+01
4.059000000000000000e+03 2.822974716909724435e+01
4.060000000000000000e+03 2.955132312714146892e+01
4.061000000000000000e+03 1.911499174295398973e+01
4.062000000000000000e+03 2.319278406229060963e+01
4.063000000000000000e+03 2.285424263252641808e+01
4.064000000000000000e+03 2.785491907814284573e+01
4.065000000000000000e+03 2.642793557375958713e+01
4.066000000000000000e+03 2.652119059044639471e+01
4.067000000000000000e+03 2.622586922240608587e+01
4.068000000000000000e+03 2.564711303502236106e+01
4.069000000000000000e+03 2.762441182803437201e+01
4.070000000000000000e+03 3.054166405320613009e+01
4.071000000000000000e+03 2.749694642492414332e+01
4.072000000000000000e+03 2.900468519002682655e+01
4.073000000000000000e+03 2.568219198290158900e+01
4.074000000000000000e+03 2.604612845961046474e+01
4.075000000000000000e+03 2.049845807385197105e+01
4.076000000000000000e+03 2.647097282079783298e+01
4.077000000000000000e+03 2.767807934143829840e+01
4.078000000000000000e+03 2.978416819814662730e+01
4.079000000000000000e+03 2.847569596916842372e+01
4.080000000000000000e+03 2.691295317105189611e+01
4.081000000000000000e+03 1.886562154989033147e+01
4.082000000000000000e+03 2.620361268717384462e+01
4.083000000000000000e+03 2.767541849507200880e+01
4.084000000000000000e+03 2.538895462382905421e+01
4.085000000000000000e+03 2.697546203105160245e+01
4.086000000000000000e+03 1.900016985290328364e+01
4.087000000000000000e+03 2.088125571374785849e+01
4.088000000000000000e+03 2.831160833150701706e+01
4.089000000000000000e+03 2.167077310534007140e+01
4.090000000000000000e+03 2.953653481953318050e+01
4.091000000000000000e+03 3.090634346210676853e+01
4.092000000000000000e+03 2.630363959054468737e+01
4.093000000000000000e+03 2.833897155338717511e+01
4.094000000000000000e+03 2.442812061698754178e+01
4.095000000000000000e+03 2.960918271098853083e+01
4.096000000000000000e+03 2.369810524693276221e+01
4.097000000000000000e+03 2.337029614064416094e+01
4.098000000000000000e+03 2.650284407851597379e+01
4.099000000000000000e+03 2.835334864994318238e+01
4.100000000000000000e+03 2.751101689775895309e+01
4.101000000000000000e+03 2.354324409435703913e+01
4.102000000000000000e+03 2.658389522562793772e+01
4.103000000000000000e+03 2.490668166990070631e+01
4.104000000000000000e+03 2.821158351023706246e+01
4.105000000000000000e+03 2.593263252016136278e+01
4.106000000000000000e+03 2.132693502893726389e+01
4.107000000000000000e+03 2.638747606321047456e+01
4.108000000000000000e+03 2.738054564587091022e+01
4.109000000000000000e+03 3.259454930396653793e+01
4.110000000000000000e+03 3.101046915638871937e+01
4.111000000000000000e+03 3.128420572914323827e+01
4.112000000000000000e+03 2.125585372779765692e+01
4.113000000000000000e+03 2.364449267007965716e+01
4.114000000000000000e+03 2.399787560630879213e+01
4.115000000000000000e+03 2.424248193354058856e+01
4.116000000000000000e+03 2.284487545137975673e+01
4.117000000000000000e+03 2.684185296644663055e+01
4.118000000000000000e+03 2.456274119856068339e+01
4.119000000000000000e+03 2.529068199613056578e+01
4.120000000000000000e+03 2.908384162149410912e+01
4.121000000000000000e+03 2.394372449059862262e+01
4.122000000000000000e+03 2.286566542799602786e+01
4.123000000000000000e+03 2.581764520163145349e+01
4.124000000000000000e+03 2.891069257436947382e+01
4.125000000000000000e+03 2.756043548357821749e+01
4.126000000000000000e+03 2.791371564353160650e+01
4.127000000000000000e+03 2.662764065796060109e+01
4.128000000000000000e+03 2.830228674902233621e+01
4.129000000000000000e+03 2.993598472874630545e+01
4.130000000000000000e+03 3.038577182793648390e+01
4.131000000000000000e+03 2.255255995856697737e+01
4.132000000000000000e+03 2.751997460068440304e+01
4.133000000000000000e+03 2.303534737510301866e+01
4.134000000000000000e+03 3.034354906219542869e+01
4.135000000000000000e+03 2.863654219550409152e+01
4.136000000000000000e+03 2.863678216050828240e+01
4.137000000000000000e+03 2.507281791986491726e+01
4.138000000000000000e+03 2.793849297028602408e+01
4.139000000000000000e+03 2.621498758243117422e+01
4.140000000000000000e+03 2.426922680172069136e+01
4.141000000000000000e+03 2.153529609532658995e+01
4.142000000000000000e+03 2.890560264068759011e+01
4.143000000000000000e+03 2.261367336716589804e+01
4.144000000000000000e+03 2.481345663308688287e+01
4.145000000000000000e+03 2.753828214770138416e+01
4.146000000000000000e+03 2.233204729014437007e+01
4.147000000000000000e+03 2.900021009371624459e+01
4.148000000000000000e+03 2.558669591103885210e+01
4.149000000000000000e+03 2.417707813755805546e+01
4.150000000000000000e+03 2.532182336133572420e+01
4.151000000000000000e+03 3.103941876632937280e+01
4.152000000000000000e+03 2.611753501947122302e+01
4.153000000000000000e+03 2.055938844057896731e+01
4.154000000000000000e+03 2.758220782622385059e+01
4.155000000000000000e+03 2.839007773625528941e+01
4.156000000000000000e+03 2.624758597054631792e+01
4.157000000000000000e+03 3.155625180290488174e+01
4.158000000000000000e+03 2.717936000539848251e+01
4.159000000000000000e+03 2.523244795352272973e+01
4.160000000000000000e+03 2.653539103711072400e+01
4.161000000000000000e+03 2.593446111030664980e+01
4.162000000000000000e+03 2.787754192577651935e+01
4.163000000000000000e+03 3.092737343208897016e+01
4.164000000000000000e+03 2.683117224638021270e+01
4.165000000000000000e+03 2.742956822942257844e+01
4.166000000000000000e+03 2.874809420297975038e+01
4.167000000000000000e+03 2.548139351312803313e+01
4.168000000000000000e+03 2.709205217263859922e+01
4.169000000000000000e+03 2.957567649905186258e+01
4.170000000000000000e+03 2.397395933567635851e+01
4.171000000000000000e+03 2.496929324078304191e+01
4.172000000000000000e+03 2.216242931724606180e+01
4.173000000000000000e+03 2.200057445318406124e+01
4.174000000000000000e+03 3.072796163199117814e+01
4.175000000000000000e+03 2.543761785894712446e+01
4.176000000000000000e+03 2.864605953847026498e+01
4.177000000000000000e+03 2.498107866642877539e+01
4.178000000000000000e+03 2.570419289119324091e+01
4.179000000000000000e+03 2.714495052449797186e+01
4.180000000000000000e+03 2.316096220517769666e+01
4.181000000000000000e+03 2.427974563914135686e+01
4.182000000000000000e+03 2.980503520791582162e+01
4.183000000000000000e+03 2.230098536026561362e+01
4.184000000000000000e+03 2.558818333236377285e+01
4.185000000000000000e+03 2.077105377351142934e+01
4.186000000000000000e+03 3.137737994856055579e+01
4.187000000000000000e+03 2.433584131393537930e+01
4.188000000000000000e+03 3.202097310105382633e+01
4.189000000000000000e+03 3.046067070299301349e+01
4.190000000000000000e+03 2.036857452561605086e+01
4.191000000000000000e+03 2.208176808617194453e+01
4.192000000000000000e+03 2.414226372554980671e+01
4.193000000000000000e+03 2.886183155250462917e+01
4.194000000000000000e+03 2.942982443794630854e+01
4.195000000000000000e+03 2.832633287989330029e+01
4.196000000000000000e+03 2.735635747682144014e+01
4.197000000000000000e+03 2.301430456990964046e+01
4.198000000000000000e+03 2.105511752590914654e+01
4.199000000000000000e+03 3.278543831554694776e+01
4.200000000000000000e+03 2.516839598207897666e+01
4.201000000000000000e+03 2.401937035523670261e+01
4.202000000000000000e+03 2.646323910608968077e+01
4.203000000000000000e+03 2.506950366100915062e+01
4.204000000000000000e+03 2.432754385402227371e+01
4.205000000000000000e+03 2.244282142141601355e+01
4.206000000000000000e+03 3.076477969362479925e+01
4.207000000000000000e+03 2.853806391883152926e+01
4.208000000000000000e+03 2.396046799085282331e+01
4.209000000000000000e+03 2.407626642913041337e+01
4.210000000000000000e+03 2.602598390337394818e+01
4.211000000000000000e+03 2.200184388067349772e+01
4.212000000000000000e+03 2.299380686535441498e+01
4.213000000000000000e+03 2.430741762531367911e+01
4.214000000000000000e+03 2.910805370522894719e+01
4.215000000000000000e+03 2.262994295269421130e+01
4.216000000000000000e+03 2.305194649915857141e+01
4.217000000000000000e+03 2.844488644113160447e+01
4.218000000000000000e+03 2.163100226639365786e+01
4.219000000000000000e+03 2.458797230487794749e+01
4.220000000000000000e+03 2.571942495720122324e+01
4.221000000000000000e+03 2.602780990816341955e+01
4.222000000000000000e+03 2.686637393639242433e+01
4.223000000000000000e+03 2.840462247191988610e+01
4.224000000000000000e+03 2.790766521319102011e+01
4.225000000000000000e+03 2.986748534241230857e+01
4.226000000000000000e+03 2.421909604463612098e+01
4.227000000000000000e+03 2.513138273070051554e+01
4.228000000000000000e+03 2.488080562524574901e+01
4.229000000000000000e+03 2.161615850685139861e+01
4.230000000000000000e+03 2.180672737109150106e+01
4.231000000000000000e+03 2.642387173939383516e+01
4.232000000000000000e+03 2.466001986499342991e+01
4.233000000000000000e+03 3.109212786458799727e+01
4.234000000000000000e+03 2.324924383798390792e+01
4.235000000000000000e+03 2.490853390192248185e+01
4.236000000000000000e+03 3.129823879752618865e+01
4.237000000000000000e+03 2.838973450920438424e+01
4.238000000000000000e+03 2.141543882224414475e+01
4.239000000000000000e+03 2.662129823770477444e+01
4.240000000000000000e+03 2.608079187828428402e+01
4.241000000000000000e+03 2.547974226859505720e+01
4.242000000000000000e+03 2.486858983703950798e+01
4.243000000000000000e+03 2.448990016177731732e+01
4.244000000000000000e+03 2.451172704319425932e+01
4.245000000000000000e+03 2.669818277676286655e+01
4.246000000000000000e+03 2.765053167371540255e+01
4.247000000000000000e+03 2.989896121446853883e+01
4.248000000000000000e+03 2.215434025320773159e+01
4.249000000000000000e+03 3.080876814755245974e+01
4.250000000000000000e+03 2.983929516272599969e+01
4.251000000000000000e+03 2.728577771679016806e+01
4.252000000000000000e+03 2.579997791299410892e+01
4.253000000000000000e+03 2.888343099287673610e+01
4.254000000000000000e+03 2.757628476516600102e+01
4.255000000000000000e+03 2.443308276442795801e+01
4.256000000000000000e+03 3.014281380138422506e+01
4.257000000000000000e+03 3.175585258464275284e+01
4.258000000000000000e+03 2.686482084668620374e+01
4.259000000000000000e+03 2.487253453673978143e+01
4.260000000000000000e+03 2.604316827531481593e+01
4.261000000000000000e+03 2.498191961226405056e+01
4.262000000000000000e+03 2.734547951302361568e+01
4.263000000000000000e+03 2.990278285975788108e+01
4.264000000000000000e+03 3.034338076864083078e+01
4.265000000000000000e+03 2.929472535001444911e+01
4.266000000000000000e+03 2.304018659168161065e+01
4.267000000000000000e+03 2.335964561532303208e+01
4.268000000000000000e+03 2.823127078217585506e+01
4.269000000000000000e+03 2.985366180672626513e+01
4.270000000000000000e+03 2.529740298320995251e+01
4.271000000000000000e+03 2.879044547744776850e+01
4.272000000000000000e+03 2.692707850636447731e+01
4.273000000000000000e+03 2.858233772105584336e+01
4.274000000000000000e+03 2.540795862561478557e+01
4.275000000000000000e+03 2.881270749553069521e+01
4.276000000000000000e+03 2.127102548523862069e+01
4.277000000000000000e+03 2.516729238373287458e+01
4.278000000000000000e+03 2.562930045174469385e+01
4.279000000000000000e+03 2.030911698696366940e+01
4.280000000000000000e+03 2.977814417525084068e+01
4.281000000000000000e+03 2.880305402510794011e+01
4.282000000000000000e+03 2.482452142053801936e+01
4.283000000000000000e+03 2.252072082854611068e+01
4.284000000000000000e+03 2.969625849024106046e+01
4.285000000000000000e+03 2.088280702822848056e+01
4.286000000000000000e+03 2.655102841914516887e+01
4.287000000000000000e+03 2.790068705599379228e+01
4.288000000000000000e+03 2.466649056389919892e+01
4.289000000000000000e+03 2.182299521338247317e+01
4.290000000000000000e+03 2.627238217974288048e+01
4.291000000000000000e+03 2.383888765351169781e+01
4.292000000000000000e+03 2.570471476577499104e+01
4.293000000000000000e+03 2.695933827720398668e+01
4.294000000000000000e+03 2.932344863325407402e+01
4.295000000000000000e+03 3.004433289584694933e+01
4.296000000000000000e+03 2.845143374053181873e+01
4.297000000000000000e+03 3.082195551554515234e+01
4.298000000000000000e+03 2.118386042093044708e+01
4.299000000000000000e+03 2.826844637917539416e+01
4.300000000000000000e+03 3.016767861523409167e+01
4.301000000000000000e+03 2.620180229180950704e+01
4.302000000000000000e+03 2.430630533634366586e+01
4.303000000000000000e+03 2.305153511530632926e+01
4.304000000000000000e+03 3.000120866592305191e+01
4.305000000000000000e+03 2.353572069257533173e+01
4.306000000000000000e+03 2.475355033036651164e+01
4.307000000000000000e+03 2.544678216637879231e+01
4.308000000000000000e+03 2.429349574224444197e+01
4.309000000000000000e+03 2.584939906329399051e+01
4.310000000000000000e+03 2.353662967090721025e+01
4.311000000000000000e+03 2.467151302520768041e+01
4.312000000000000000e+03 2.737403697254752188e+01
4.313000000000000000e+03 2.153056897288246319e+01
4.314000000000000000e+03 2.997673097809436271e+01
4.315000000000000000e+03 2.586992690365266867e+01
4.316000000000000000e+03 2.720246074431309324e+01
4.317000000000000000e+03 2.848199700648001809e+01
4.318000000000000000e+03 2.458747291422199766e+01
4.319000000000000000e+03 2.637666110798881292e+01
4.320000000000000000e+03 2.923522880955319536e+01
4.321000000000000000e+03 2.785411450575957204e+01
4.322000000000000000e+03 2.823648716125292779e+01
4.323000000000000000e+03 2.186654264700464623e+01
4.324000000000000000e+03 2.594085633443710037e+01
4.325000000000000000e+03 2.834964894063074325e+01
4.326000000000000000e+03 2.396947890117095170e+01
4.327000000000000000e+03 2.812793105973989327e+01
4.328000000000000000e+03 2.627645950546619602e+01
4.329000000000000000e+03 2.979846617361314998e+01
4.330000000000000000e+03 2.832100302566761130e+01
4.331000000000000000e+03 2.529021860156871426e+01
4.332000000000000000e+03 2.862240247222154110e+01
4.333000000000000000e+03 1.961635359377909182e+01
4.334000000000000000e+03 2.359054525490820708e+01
4.335000000000000000e+03 2.462541737271958908e+01
4.336000000000000000e+03 3.018840214598250427e+01
4.337000000000000000e+03 2.640064976681999909e+01
4.338000000000000000e+03 2.153605204738266821e+01
4.339000000000000000e+03 2.874840028551400195e+01
4.340000000000000000e+03 2.355950137587707616e+01
4.341000000000000000e+03 2.618849485376546937e+01
4.342000000000000000e+03 2.613296899196011225e+01
4.343000000000000000e+03 2.171255176626362626e+01
4.344000000000000000e+03 2.728549732718650134e+01
4.345000000000000000e+03 2.660999670217237423e+01
4.346000000000000000e+03 2.854995664059472915e+01
4.347000000000000000e+03 2.783085083206782073e+01
4.348000000000000000e+03 2.259093977947703635e+01
4.349000000000000000e+03 2.178507969896638130e+01
4.350000000000000000e+03 2.641139445053339685e+01
4.351000000000000000e+03 2.521138245822752921e+01
4.352000000000000000e+03 2.489212980927618801e+01
4.353000000000000000e+03 2.804262039002193418e+01
4.354000000000000000e+03 2.898026277779909066e+01
4.355000000000000000e+03 2.052206680976090070e+01
4.356000000000000000e+03 2.656904166163801406e+01
4.357000000000000000e+03 2.698577237563301878e+01
4.358000000000000000e+03 2.039648267610393262e+01
4.359000000000000000e+03 2.604354325655506841e+01
4.360000000000000000e+03 2.893857566269699433e+01
4.361000000000000000e+03 2.595569296209723120e+01
4.362000000000000000e+03 2.849772164113345951e+01
4.363000000000000000e+03 2.626149235021011918e+01
4.364000000000000000e+03 2.266574599878095597e+01
4.365000000000000000e+03 2.554755629722187749e+01
4.366000000000000000e+03 2.495641752627933840e+01
4.367000000000000000e+03 2.587709914157911939e+01
4.368000000000000000e+03 2.775296274159674326e+01
4.369000000000000000e+03 2.393425431928082148e+01
4.370000000000000000e+03 2.202120677216776556e+01
4.371000000000000000e+03 2.818121093046208614e+01
4.372000000000000000e+03 2.153042416768565204e+01
4.373000000000000000e+03 2.405237166290370610e+01
4.374000000000000000e+03 2.552421301129961506e+01
4.375000000000000000e+03 2.913103867595399166e+01
4.376000000000000000e+03 3.015728267013483688e+01
4.377000000000000000e+03 2.726514461165752934e+01
4.378000000000000000e+03 2.688990219785238622e+01
4.379000000000000000e+03 2.363717581456215910e+01
4.380000000000000000e+03 1.903484021527328807e+01
4.381000000000000000e+03 2.736854163483845070e+01
4.382000000000000000e+03 2.683881832414502000e+01
4.383000000000000000e+03 2.215827962347179891e+01
4.384000000000000000e+03 2.417799465557861538e+01
4.385000000000000000e+03 2.439113266601015084e+01
4.386000000000000000e+03 2.246986399775708065e+01
4.387000000000000000e+03 2.860348384438771063e+01
4.388000000000000000e+03 2.518324340409756701e+01
4.389000000000000000e+03 2.287673998858987545e+01
4.390000000000000000e+03 2.614968454220736405e+01
4.391000000000000000e+03 2.347477580853957591e+01
4.392000000000000000e+03 2.606957262736377956e+01
4.393000000000000000e+03 2.612091675716957084e+01
4.394000000000000000e+03 2.513248445468976655e+01
4.395000000000000000e+03 2.702972588062451464e+01
4.396000000000000000e+03 2.291001964573928262e+01
4.397000000000000000e+03 2.444583530002812566e+01
4.398000000000000000e+03 2.227339308004722085e+01
4.399000000000000000e+03 2.451889297211048202e+01
4.400000000000000000e+03 2.288503608427125968e+01
4.401000000000000000e+03 2.404456098446048173e+01
4.402000000000000000e+03 2.268883808963578375e+01
4.403000000000000000e+03 2.572872341416916342e+01
4.404000000000000000e+03 2.365362651738017519e+01
4.405000000000000000e+03 2.245149200265019473e+01
4.406000000000000000e+03 2.440408426594292735e+01
4.407000000000000000e+03 2.227926672280156239e+01
4.408000000000000000e+03 2.690869264237462133e+01
4.409000000000000000e+03 2.081944879731160114e+01
4.410000000000000000e+03 2.813787529993010494e+01
4.411000000000000000e+03 2.469428023183388987e+01
4.412000000000000000e+03 2.284572855001222180e+01
4.413000000000000000e+03 2.796329081302479480e+01
4.414000000000000000e+03 2.499116391814792593e+01
4.415000000000000000e+03 2.361519583439015335e+01
4.416000000000000000e+03 2.691674589427613284e+01
4.417000000000000000e+03 2.524900889809149618e+01
4.418000000000000000e+03 2.625539892706981249e+01
4.419000000000000000e+03 2.684122024471871626e+01
4.420000000000000000e+03 2.820051047411562095e+01
4.421000000000000000e+03 2.460020988351104165e+01
4.422000000000000000e+03 2.419014454297401429e+01
4.423000000000000000e+03 2.708776427169269141e+01
4.424000000000000000e+03 2.504629028294444737e+01
4.425000000000000000e+03 2.652479538577144424e+01
4.426000000000000000e+03 2.301590961347222830e+01
4.427000000000000000e+03 2.074859073027721124e+01
4.428000000000000000e+03 2.321287245411069122e+01
4.429000000000000000e+03 2.780552622880354008e+01
4.430000000000000000e+03 2.754953389522669838e+01
4.431000000000000000e+03 2.410961089297408222e+01
4.432000000000000000e+03 3.100329162320032594e+01
4.433000000000000000e+03 2.448537297706423743e+01
4.434000000000000000e+03 2.556767507989423649e+01
4.435000000000000000e+03 2.413700441101763516e+01
4.436000000000000000e+03 2.599980865860428025e+01
4.437000000000000000e+03 2.546510652052399593e+01
4.438000000000000000e+03 2.183446110517548533e+01
4.439000000000000000e+03 2.600088116569473229e+01
4.440000000000000000e+03 2.590424673596102068e+01
4.441000000000000000e+03 2.470532740897361634e+01
4.442000000000000000e+03 2.951331746898125630e+01
4.443000000000000000e+03 2.301832408227642546e+01
4.444000000000000000e+03 2.918053591131976532e+01
4.445000000000000000e+03 2.585711542342240676e+01
4.446000000000000000e+03 2.799201811460929790e+01
4.447000000000000000e+03 2.308931332794452018e+01
4.448000000000000000e+03 2.124787271687024415e+01
4.449000000000000000e+03 2.209435395477821729e+01
4.450000000000000000e+03 2.634342548742887757e+01
4.451000000000000000e+03 2.936041224105505165e+01
4.452000000000000000e+03 2.722836970188927452e+01
4.453000000000000000e+03 2.350725184364882736e+01
4.454000000000000000e+03 2.401431258583436446e+01
4.455000000000000000e+03 2.624063581704919557e+01
4.456000000000000000e+03 2.913393519010831056e+01
4.457000000000000000e+03 2.808748317693148167e+01
4.458000000000000000e+03 2.371199478966116558e+01
4.459000000000000000e+03 2.612555677645371688e+01
4.460000000000000000e+03 2.515256343194971578e+01
4.461000000000000000e+03 2.426471077775462604e+01
4.462000000000000000e+03 2.551418744052292809e+01
4.463000000000000000e+03 2.861049352821368430e+01
4.464000000000000000e+03 2.466664837675931210e+01
4.465000000000000000e+03 3.001903873785742505e+01
4.466000000000000000e+03 2.723790693498955306e+01
4.467000000000000000e+03 2.743963193969450387e+01
4.468000000000000000e+03 2.776236280587481886e+01
4.469000000000000000e+03 2.434444906767679129e+01
4.470000000000000000e+03 2.439768975662338946e+01
4.471000000000000000e+03 2.426464458015408354e+01
4.472000000000000000e+03 2.909992620129551710e+01
4.473000000000000000e+03 2.700586687896587179e+01
4.474000000000000000e+03 2.771319631440295694e+01
4.475000000000000000e+03 2.249931488328821771e+01
4.476000000000000000e+03 2.423267570054643727e+01
4.477000000000000000e+03 2.329742488005817336e+01
4.478000000000000000e+03 2.721776733747104160e+01
4.479000000000000000e+03 2.799589106918956816e+01
4.480000000000000000e+03 2.063031793719104812e+01
4.481000000000000000e+03 2.674422384751866844e+01
4.482000000000000000e+03 2.732905563293039819e+01
4.483000000000000000e+03 2.798890878986437158e+01
4.484000000000000000e+03 2.074625236073361023e+01
4.485000000000000000e+03 2.399451662632418092e+01
4.486000000000000000e+03 2.506559413176947615e+01
4.487000000000000000e+03 2.365149466777440068e+01
4.488000000000000000e+03 2.693483328184809622e+01
4.489000000000000000e+03 2.158654773757636747e+01
4.490000000000000000e+03 2.442604073701054901e+01
4.491000000000000000e+03 2.953012130908099309e+01
4.492000000000000000e+03 2.890985496970230528e+01
4.493000000000000000e+03 2.288009193507821237e+01
4.494000000000000000e+03 2.603668884631581903e+01
4.495000000000000000e+03 3.009208696061407551e+01
4.496000000000000000e+03 2.068425958470210091e+01
4.497000000000000000e+03 2.905769046876627471e+01
4.498000000000000000e+03 2.731145024903888086e+01
4.499000000000000000e+03 2.928579076123065406e+01
4.500000000000000000e+03 2.780024310362201234e+01
4.501000000000000000e+03 2.606717505004493773e+01
4.502000000000000000e+03 2.397921653640175776e+01
4.503000000000000000e+03 2.923896839901967226e+01
4.504000000000000000e+03 2.780200160736479731e+01
4.505000000000000000e+03 2.071414980209717882e+01
4.506000000000000000e+03 2.508838296272148582e+01
4.507000000000000000e+03 2.444609896150343431e+01
4.508000000000000000e+03 2.707463355458190435e+01
4.509000000000000000e+03 2.330243168571823276e+01
4.510000000000000000e+03 2.574818576509882107e+01
4.511000000000000000e+03 2.025788061726827394e+01
4.512000000000000000e+03 2.883385399197669585e+01
4.513000000000000000e+03 2.878575335321664852e+01
4.514000000000000000e+03 2.660902806059010572e+01
4.515000000000000000e+03 2.912915603577338786e+01
4.516000000000000000e+03 2.942893157266952286e+01
4.517000000000000000e+03 2.425526510927547719e+01
4.518000000000000000e+03 2.136184512400804536e+01
4.519000000000000000e+03 2.031765559681919342e+01
4.520000000000000000e+03 2.877938974113373405e+01
4.521000000000000000e+03 2.229793181698867244e+01
4.522000000000000000e+03 2.539999561686270013e+01
4.523000000000000000e+03 2.068869003700837084e+01
4.524000000000000000e+03 2.498985410076776859e+01
4.525000000000000000e+03 2.432895636828410701e+01
4.526000000000000000e+03 2.800152312551859168e+01
4.527000000000000000e+03 2.403773094491116780e+01
4.528000000000000000e+03 2.575809603019004257e+01
4.529000000000000000e+03 2.350838372190699133e+01
4.530000000000000000e+03 2.824158388639468953e+01
4.531000000000000000e+03 2.839243275841580783e+01
4.532000000000000000e+03 2.828457019283961671e+01
4.533000000000000000e+03 2.377207193540473540e+01
4.534000000000000000e+03 2.179049262403931664e+01
4.535000000000000000e+03 2.752041975985610023e+01
4.536000000000000000e+03 3.086416733138412027e+01
4.537000000000000000e+03 2.844778789827289600e+01
4.538000000000000000e+03 2.443390273656527256e+01
4.539000000000000000e+03 2.946777591151218800e+01
4.540000000000000000e+03 2.500258012463167745e+01
4.541000000000000000e+03 2.816178354786011084e+01
4.542000000000000000e+03 2.427305368613683356e+01
4.543000000000000000e+03 3.360223091026188769e+01
4.544000000000000000e+03 2.082706408262146169e+01
4.545000000000000000e+03 3.049618727644200789e+01
4.546000000000000000e+03 2.524956609166117261e+01
4.547000000000000000e+03 2.827257892100110226e+01
4.548000000000000000e+03 2.631959871024532305e+01
4.549000000000000000e+03 2.973967549266800958e+01
4.550000000000000000e+03 2.221026823350632284e+01
4.551000000000000000e+03 2.775009191274061848e+01
4.552000000000000000e+03 2.225588598691496145e+01
4.553000000000000000e+03 2.342252566440850359e+01
4.554000000000000000e+03 2.318545670651593227e+01
4.555000000000000000e+03 2.929707803627068330e+01
4.556000000000000000e+03 1.601677173298365986e+01
4.557000000000000000e+03 2.355784817979296619e+01
4.558000000000000000e+03 2.682897434472398146e+01
4.559000000000000000e+03 3.169770018756331709e+01
4.560000000000000000e+03 2.707804367544915891e+01
4.561000000000000000e+03 2.317919566906455842e+01
4.562000000000000000e+03 2.086252743229936257e+01
4.563000000000000000e+03 2.630384597300384542e+01
4.564000000000000000e+03 2.815076716666064982e+01
4.565000000000000000e+03 2.792611790474328970e+01
4.566000000000000000e+03 2.417035982310879305e+01
4.567000000000000000e+03 2.542629398745821945e+01
4.568000000000000000e+03 2.484492277476895694e+01
4.569000000000000000e+03 2.846925186430620869e+01
4.570000000000000000e+03 2.224488513107516496e+01
4.571000000000000000e+03 2.574356602223926416e+01
4.572000000000000000e+03 2.656749479942904557e+01
4.573000000000000000e+03 2.827708216982822620e+01
4.574000000000000000e+03 3.057339128542977491e+01
4.575000000000000000e+03 1.908117508162519727e+01
4.576000000000000000e+03 2.679878210384884696e+01
4.577000000000000000e+03 3.105464386064627291e+01
4.578000000000000000e+03 2.553807414399700093e+01
4.579000000000000000e+03 2.523175452046249490e+01
4.580000000000000000e+03 2.724797984274791318e+01
4.581000000000000000e+03 2.495061456372298991e+01
4.582000000000000000e+03 2.366013442172612713e+01
4.583000000000000000e+03 2.369726737625779478e+01
4.584000000000000000e+03 2.365428824127750929e+01
4.585000000000000000e+03 3.061065568128634951e+01
4.586000000000000000e+03 2.655165402712243505e+01
4.587000000000000000e+03 2.708568637477242547e+01
4.588000000000000000e+03 2.508163133712239556e+01
4.589000000000000000e+03 2.653677383140419366e+01
4.590000000000000000e+03 2.798109242435072019e+01
4.591000000000000000e+03 2.676247325013020273e+01
4.592000000000000000e+03 2.254013165006526620e+01
4.593000000000000000e+03 2.802380932025892690e+01
4.594000000000000000e+03 3.222986199693446707e+01
4.595000000000000000e+03 2.794499846463939008e+01
4.596000000000000000e+03 2.734254431347675407e+01
4.597000000000000000e+03 1.972065354704715645e+01
4.598000000000000000e+03 2.490833332131574807e+01
4.599000000000000000e+03 2.905954825220816318e+01
4.600000000000000000e+03 2.868610259961167941e+01
4.601000000000000000e+03 2.438086851398555410e+01
4.602000000000000000e+03 3.041713063622660584e+01
4.603000000000000000e+03 2.803530999998375250e+01
4.604000000000000000e+03 2.436525380086860437e+01
4.605000000000000000e+03 2.592439128546593707e+01
4.606000000000000000e+03 2.629882085724247887e+01
4.607000000000000000e+03 3.006002714901570982e+01
4.608000000000000000e+03 2.315614603963014773e+01
4.609000000000000000e+03 2.831425775812102330e+01
4.610000000000000000e+03 2.665032859872006199e+01
4.611000000000000000e+03 2.411212328936482407e+01
4.612000000000000000e+03 2.719677508185128900e+01
4.613000000000000000e+03 2.354279780531214783e+01
4.614000000000000000e+03 2.604304912678082573e+01
4.615000000000000000e+03 2.965351608912837733e+01
4.616000000000000000e+03 2.431284572220016216e+01
4.617000000000000000e+03 2.766703403156689234e+01
4.618000000000000000e+03 2.015083044969097514e+01
4.619000000000000000e+03 2.122411363792923211e+01
4.620000000000000000e+03 3.105973999972668409e+01
4.621000000000000000e+03 2.228757192759279704e+01
4.622000000000000000e+03 2.939665654451268395e+01
4.623000000000000000e+03 3.120626182960852546e+01
4.624000000000000000e+03 2.417465217368763319e+01
4.625000000000000000e+03 2.260776709752695979e+01
4.626000000000000000e+03 2.794689555713339146e+01
4.627000000000000000e+03 2.356214693102214142e+01
4.628000000000000000e+03 2.386557479029329798e+01
4.629000000000000000e+03 2.308719952117809271e+01
4.630000000000000000e+03 2.739892036299002598e+01
4.631000000000000000e+03 2.790838607823358686e+01
4.632000000000000000e+03 2.319749045209472627e+01
4.633000000000000000e+03 2.378538658344786683e+01
4.634000000000000000e+03 2.612014874195895686e+01
4.635000000000000000e+03 2.626912953963038788e+01
4.636000000000000000e+03 3.009163945907492277e+01
4.637000000000000000e+03 2.280098079547980205e+01
4.638000000000000000e+03 2.824766834972505691e+01
4.639000000000000000e+03 2.471314036192611852e+01
4.640000000000000000e+03 2.779187861592626518e+01
4.641000000000000000e+03 2.665529743864598444e+01
4.642000000000000000e+03 2.247402320069836179e+01
4.643000000000000000e+03 2.623813161596843813e+01
4.644000000000000000e+03 2.854726693078996291e+01
4.645000000000000000e+03 2.743405327321899634e+01
4.646000000000000000e+03 2.048209171751232915e+01
4.647000000000000000e+03 2.194690989102067036e+01
4.648000000000000000e+03 2.771866269504921121e+01
4.649000000000000000e+03 2.703334996377747146e+01
4.650000000000000000e+03 2.232136114366874224e+01
4.651000000000000000e+03 2.592328368354794677e+01
4.652000000000000000e+03 2.817791426806728694e+01
4.653000000000000000e+03 2.449252165527798653e+01
4.654000000000000000e+03 2.800329070633008754e+01
4.655000000000000000e+03 2.995420133576800836e+01
4.656000000000000000e+03 3.249872308936399179e+01
4.657000000000000000e+03 2.502349429149577276e+01
4.658000000000000000e+03 2.401346173510709292e+01
4.659000000000000000e+03 2.304047368894993042e+01
4.660000000000000000e+03 3.144695712324683967e+01
4.661000000000000000e+03 2.759027207366295542e+01
4.662000000000000000e+03 2.417585848959798156e+01
4.663000000000000000e+03 2.402375200592658899e+01
4.664000000000000000e+03 2.526593358107716369e+01
4.665000000000000000e+03 2.552876330267267591e+01
4.666000000000000000e+03 2.728144373520195387e+01
4.667000000000000000e+03 2.837026728491176897e+01
4.668000000000000000e+03 2.528318908362070871e+01
4.669000000000000000e+03 2.646833669527340049e+01
4.670000000000000000e+03 2.619087558609876609e+01
4.671000000000000000e+03 2.713749937402683443e+01
4.672000000000000000e+03 2.487705196520071382e+01
4.673000000000000000e+03 2.580715012850838264e+01
4.674000000000000000e+03 2.310997572285370794e+01
4.675000000000000000e+03 2.082796328349861525e+01
4.676000000000000000e+03 2.425846137037899553e+01
4.677000000000000000e+03 2.997319792886039380e+01
4.678000000000000000e+03 2.999735823693554337e+01
4.679000000000000000e+03 2.916389384898243975e+01
4.680000000000000000e+03 2.335729204623144284e+01
4.681000000000000000e+03 2.865621271230860501e+01
4.682000000000000000e+03 2.313642165485867253e+01
4.683000000000000000e+03 2.212962549840852589e+01
4.684000000000000000e+03 1.998213120225435446e+01
4.685000000000000000e+03 2.702088483381664830e+01
4.686000000000000000e+03 2.770102804771902072e+01
4.687000000000000000e+03 2.804721741144900804e+01
4.688000000000000000e+03 2.532563867814550562e+01
4.689000000000000000e+03 2.569162475738283291e+01
4.690000000000000000e+03 2.959908488870728860e+01
4.691000000000000000e+03 3.094588269337050690e+01
4.692000000000000000e+03 2.706698911221227277e+01
4.693000000000000000e+03 2.749620666927840418e+01
4.694000000000000000e+03 1.940218103297224772e+01
4.695000000000000000e+03 2.702036859264328328e+01
4.696000000000000000e+03 2.451767441424359362e+01
4.697000000000000000e+03 2.309585896882918732e+01
4.698000000000000000e+03 2.438653350432346301e+01
4.699000000000000000e+03 2.394550306226613401e+01
4.700000000000000000e+03 2.718273024030473195e+01
4.701000000000000000e+03 2.630198901943748524e+01
4.702000000000000000e+03 2.792395037464928720e+01
4.703000000000000000e+03 2.166055748728779662e+01
4.704000000000000000e+03 2.533317180648896638e+01
4.705000000000000000e+03 2.755766554808955604e+01
4.706000000000000000e+03 2.439143430287462166e+01
4.707000000000000000e+03 2.695995767208087912e+01
4.708000000000000000e+03 2.670697963685545062e+01
4.709000000000000000e+03 2.590855020030477007e+01
4.710000000000000000e+03 2.313998429323142147e+01
4.711000000000000000e+03 2.859794068723939375e+01
4.712000000000000000e+03 2.748019533415245164e+01
4.713000000000000000e+03 2.673393495705687428e+01
4.714000000000000000e+03 2.537226990311576458e+01
4.715000000000000000e+03 2.072146926054057658e+01
4.716000000000000000e+03 2.561593024973339183e+01
4.717000000000000000e+03 2.228929499340432940e+01
4.718000000000000000e+03 2.739692614863248821e+01
4.719000000000000000e+03 2.443094589611203915e+01
4.720000000000000000e+03 2.479574352805731507e+01
4.721000000000000000e+03 2.516067503089085733e+01
4.722000000000000000e+03 2.110532720130742490e+01
4.723000000000000000e+03 2.036641643653189604e+01
4.724000000000000000e+03 2.826974748823005967e+01
4.725000000000000000e+03 2.161027152080211522e+01
4.726000000000000000e+03 2.362169450504010726e+01
4.727000000000000000e+03 2.647406282526728560e+01
4.728000000000000000e+03 2.460509140027990682e+01
4.729000000000000000e+03 2.383571280980589790e+01
4.730000000000000000e+03 2.500062492631547073e+01
4.731000000000000000e+03 2.660348850419757838e+01
4.732000000000000000e+03 2.876948837415850591e+01
4.733000000000000000e+03 2.198817725743438700e+01
4.734000000000000000e+03 2.676071399874145484e+01
4.735000000000000000e+03 2.466602281392018625e+01
4.736000000000000000e+03 2.369216081182523581e+01
4.737000000000000000e+03 2.587143568105019753e+01
4.738000000000000000e+03 2.959615003460079308e+01
4.739000000000000000e+03 2.551279137616183590e+01
4.740000000000000000e+03 2.920675817872166036e+01
4.741000000000000000e+03 2.183492729068163030e+01
4.742000000000000000e+03 2.345753463133667793e+01
4.743000000000000000e+03 2.838351915403569947e+01
4.744000000000000000e+03 2.600065470875063056e+01
4.745000000000000000e+03 3.151203780041323910e+01
4.746000000000000000e+03 2.465474330615052523e+01
4.747000000000000000e+03 2.185848297406557705e+01
4.748000000000000000e+03 2.417700836303744438e+01
4.749000000000000000e+03 2.563776012948348182e+01
4.750000000000000000e+03 2.517741824036639642e+01
4.751000000000000000e+03 2.559234876290535610e+01
4.752000000000000000e+03 2.878417187547621836e+01
4.753000000000000000e+03 2.580706139676064836e+01
4.754000000000000000e+03 2.828577752646783594e+01
4.755000000000000000e+03 2.886718788284702342e+01
4.756000000000000000e+03 2.470665919609632155e+01
4.757000000000000000e+03 2.945326667538271082e+01
4.758000000000000000e+03 2.253057167269799521e+01
4.759000000000000000e+03 2.694194646847884300e+01
4.760000000000000000e+03 2.534873000807630561e+01
4.761000000000000000e+03 2.798828911865302871e+01
4.762000000000000000e+03 2.575071516206508804e+01
4.763000000000000000e+03 2.859598180637548381e+01
4.764000000000000000e+03 2.690209581224210922e+01
4.765000000000000000e+03 2.317987543738901479e+01
4.766000000000000000e+03 2.380076930357661524e+01
4.767000000000000000e+03 2.865672340197412993e+01
4.768000000000000000e+03 2.705851713083435683e+01
4.769000000000000000e+03 2.547583089269732426e+01
4.770000000000000000e+03 2.814177598953559567e+01
4.771000000000000000e+03 3.126957313858601850e+01
4.772000000000000000e+03 2.583378048526347115e+01
4.773000000000000000e+03 2.246210700320731846e+01
4.774000000000000000e+03 1.874304735769239372e+01
4.775000000000000000e+03 2.665752828812425790e+01
4.776000000000000000e+03 2.955049387901768654e+01
4.777000000000000000e+03 2.014276925172585919e+01
4.778000000000000000e+03 2.857504077620634320e+01
4.779000000000000000e+03 2.494019005288075519e+01
4.780000000000000000e+03 3.377420152148050647e+01
4.781000000000000000e+03 2.574166990122709109e+01
4.782000000000000000e+03 2.761738562775006400e+01
4.783000000000000000e+03 3.037460146183540388e+01
4.784000000000000000e+03 2.714224502393595628e+01
4.785000000000000000e+03 2.922520870875372268e+01
4.786000000000000000e+03 3.020346028348532030e+01
4.787000000000000000e+03 2.696220032095692432e+01
4.788000000000000000e+03 2.657608524519522675e+01
4.789000000000000000e+03 2.636116846066631680e+01
4.790000000000000000e+03 2.536513080339555160e+01
4.791000000000000000e+03 2.532278562471972450e+01
4.792000000000000000e+03 2.554153434794326216e+01
4.793000000000000000e+03 2.880605072317895576e+01
4.794000000000000000e+03 2.785007495734973304e+01
4.795000000000000000e+03 2.050630992060735736e+01
4.796000000000000000e+03 2.676192113051067523e+01
4.797000000000000000e+03 2.435119639944474912e+01
4.798000000000000000e+03 2.238769396942291223e+01
4.799000000000000000e+03 2.362115267339955338e+01
4.800000000000000000e+03 2.271390838909798049e+01
4.801000000000000000e+03 2.560656291764659187e+01
4.802000000000000000e+03 2.827371866850605997e+01
4.803000000000000000e+03 2.240852248875878416e+01
4.804000000000000000e+03 2.511476314415177669e+01
4.805000000000000000e+03 2.413487593914170759e+01
4.806000000000000000e+03 2.416960253691786420e+01
4.807000000000000000e+03 2.564406423855028905e+01
4.808000000000000000e+03 2.506153989000806703e+01
4.809000000000000000e+03 2.469455089936964853e+01
4.810000000000000000e+03 2.491397042408983609e+01
4.811000000000000000e+03 2.405671511188735323e+01
4.812000000000000000e+03 2.910090324876375689e+01
4.813000000000000000e+03 2.226680220705327073e+01
4.814000000000000000e+03 2.718605933130804431e+01
4.815000000000000000e+03 2.315386144899181886e+01
4.816000000000000000e+03 3.142108627657540154e+01
4.817000000000000000e+03 2.681361538278272150e+01
4.818000000000000000e+03 2.682595581050386357e+01
4.819000000000000000e+03 2.582029066804745909e+01
4.820000000000000000e+03 2.120751884316103286e+01
4.821000000000000000e+03 2.536806439520118062e+01
4.822000000000000000e+03 2.407659042587387788e+01
4.823000000000000000e+03 2.584001822418631988e+01
4.824000000000000000e+03 2.253679246220454147e+01
4.825000000000000000e+03 2.777255132390375181e+01
4.826000000000000000e+03 1.896238362958978030e+01
4.827000000000000000e+03 2.910063963732219960e+01
4.828000000000000000e+03 2.884348172213447015e+01
4.829000000000000000e+03 2.330786110823751400e+01
4.830000000000000000e+03 2.836830248003661126e+01
4.831000000000000000e+03 2.284078620464613607e+01
4.832000000000000000e+03 2.605432036902583093e+01
4.833000000000000000e+03 1.812658666952686914e+01
4.834000000000000000e+03 2.686673952388876785e+01
4.835000000000000000e+03 2.835172572491540777e+01
4.836000000000000000e+03 2.466481107280690921e+01
4.837000000000000000e+03 2.414653298737671960e+01
4.838000000000000000e+03 2.851725204985990914e+01
4.839000000000000000e+03 2.724685609242483864e+01
4.840000000000000000e+03 3.038961036262785953e+01
4.841000000000000000e+03 2.361569946071724146e+01
4.842000000000000000e+03 2.609054493193873370e+01
4.843000000000000000e+03 2.890297686516210973e+01
4.844000000000000000e+03 2.719330285330703489e+01
4.845000000000000000e+03 2.807940124570718154e+01
4.846000000000000000e+03 2.389446908916208301e+01
4.847000000000000000e+03 2.531052315708407363e+01
4.848000000000000000e+03 2.471803832658696365e+01
4.849000000000000000e+03 2.478300324619464590e+01
4.850000000000000000e+03 2.586451987359065186e+01
4.851000000000000000e+03 2.421308530494222921e+01
4.852000000000000000e+03 2.623337890433409569e+01
4.853000000000000000e+03 2.840206833561476785e+01
4.854000000000000000e+03 2.579233392123285640e+01
4.855000000000000000e+03 2.705071670992676403e+01
4.856000000000000000e+03 2.576462322986531461e+01
4.857000000000000000e+03 2.703332939833568815e+01
4.858000000000000000e+03 2.340038352954411138e+01
4.859000000000000000e+03 2.318995818582882862e+01
4.860000000000000000e+03 3.103769302301715882e+01
4.861000000000000000e+03 2.069644365136233333e+01
4.862000000000000000e+03 2.844333395532838082e+01
4.863000000000000000e+03 2.099270961577414241e+01
4.864000000000000000e+03 2.563674195561542746e+01
4.865000000000000000e+03 2.635623981502469704e+01
4.866000000000000000e+03 2.533899217160418260e+01
4.867000000000000000e+03 2.519172421449264121e+01
4.868000000000000000e+03 3.221086373160892435e+01
4.869000000000000000e+03 2.473568990627061481e+01
4.870000000000000000e+03 2.313225450749519041e+01
4.871000000000000000e+03 2.658963373439612354e+01
4.872000000000000000e+03 2.678717312915020443e+01
4.873000000000000000e+03 2.237246651779495821e+01
4.874000000000000000e+03 2.959954438481500105e+01
4.875000000000000000e+03 2.571550464152701210e+01
4.876000000000000000e+03 2.570460568892944409e+01
4.877000000000000000e+03 2.229717146611245226e+01
4.878000000000000000e+03 2.775356926820460046e+01
4.879000000000000000e+03 2.650358415716825533e+01
4.880000000000000000e+03 2.637963901447096049e+01
4.881000000000000000e+03 2.792776902092788660e+01
4.882000000000000000e+03 2.347307424557094180e+01
4.883000000000000000e+03 2.737371130276528319e+01
4.884000000000000000e+03 2.380629299277449107e+01
4.885000000000000000e+03 2.332417327822581044e+01
4.886000000000000000e+03 2.404973939574208330e+01
4.887000000000000000e+03 1.946388519421167373e+01
4.888000000000000000e+03 2.489469225724553070e+01
4.889000000000000000e+03 2.423447940070602158e+01
4.890000000000000000e+03 2.450425205625571223e+01
4.891000000000000000e+03 1.858386445802431908e+01
4.892000000000000000e+03 2.383600216559744922e+01
4.893000000000000000e+03 2.510483633017931382e+01
4.894000000000000000e+03 2.191395504006050388e+01
4.895000000000000000e+03 2.606827768377196364e+01
4.896000000000000000e+03 3.052856227351709251e+01
4.897000000000000000e+03 3.200707580911205241e+01
4.898000000000000000e+03 2.593240128012470791e+01
4.899000000000000000e+03 2.150902369005006420e+01
4.900000000000000000e+03 2.510966356731560367e+01
4.901000000000000000e+03 2.418521894480177892e+01
4.902000000000000000e+03 2.577306464766898131e+01
4.903000000000000000e+03 2.760772106193363484e+01
4.904000000000000000e+03 2.282753682494962533e+01
4.905000000000000000e+03 3.138253304587364312e+01
4.906000000000000000e+03 2.464770469830395427e+01
4.907000000000000000e+03 2.785521399666894737e+01
4.908000000000000000e+03 2.829538048686453777e+01
4.909000000000000000e+03 2.650683155203325470e+01
4.910000000000000000e+03 3.083625584159011268e+01
4.911000000000000000e+03 2.603865879432468233e+01
4.912000000000000000e+03 2.598297807382360247e+01
4.913000000000000000e+03 2.251099134354741693e+01
4.914000000000000000e+03 2.467771272597953569e+01
4.915000000000000000e+03 2.866982504474804827e+01
4.916000000000000000e+03 2.950517304237684257e+01
4.917000000000000000e+03 2.309285695203262634e+01
4.918000000000000000e+03 3.006354151423319365e+01
4.919000000000000000e+03 2.700241340958502079e+01
4.920000000000000000e+03 2.994872962677703399e+01
4.921000000000000000e+03 2.442240792578475350e+01
4.922000000000000000e+03 2.466849225987201777e+01
4.923000000000000000e+03 2.335553996325689496e+01
4.924000000000000000e+03 2.605689897248597831e+01
4.925000000000000000e+03 2.187928128060087829e+01
4.926000000000000000e+03 2.665939847358576031e+01
4.927000000000000000e+03 2.372559813771136561e+01
4.928000000000000000e+03 2.986763777515398388e+01
4.929000000000000000e+03 2.784947716481585189e+01
4.930000000000000000e+03 2.294143306359480761e+01
4.931000000000000000e+03 2.773969632130017260e+01
4.932000000000000000e+03 2.530253634739714030e+01
4.933000000000000000e+03 2.532290647959576901e+01
4.934000000000000000e+03 2.987375014707803444e+01
4.935000000000000000e+03 2.429518773106024199e+01
4.936000000000000000e+03 2.497020913511155271e+01
4.937000000000000000e+03 2.215441408946110258e+01
4.938000000000000000e+03 2.550999958036982562e+01
4.939000000000000000e+03 2.535277716888946387e+01
4.940000000000000000e+03 2.440957023776913459e+01
4.941000000000000000e+03 2.802204725769347604e+01
4.942000000000000000e+03 2.523491743469874393e+01
4.943000000000000000e+03 2.935168380161493573e+01
4.944000000000000000e+03 2.418279919428260882e+01
4.945000000000000000e+03 2.978242981797398770e+01
4.946000000000000000e+03 2.689753765052318712e+01
4.947000000000000000e+03 2.903021752148741541e+01
4.948000000000000000e+03 2.728216718300002341e+01
4.949000000000000000e+03 2.520006296118366507e+01
4.950000000000000000e+03 2.676257246691798741e+01
4.951000000000000000e+03 2.646548337254022343e+01
4.952000000000000000e+03 2.737501869271398647e+01
4.953000000000000000e+03 3.185827691875635637e+01
4.954000000000000000e+03 2.629445020401575306e+01
4.955000000000000000e+03 3.023382036558878738e+01
4.956000000000000000e+03 2.584498555927162755e+01
4.957000000000000000e+03 2.862515164455137295e+01
4.958000000000000000e+03 2.108588362751587653e+01
4.959000000000000000e+03 2.856301119634068186e+01
4.960000000000000000e+03 3.023129550558748591e+01
4.961000000000000000e+03 2.639803394736360076e+01
4.962000000000000000e+03 2.786275059626796491e+01
4.963000000000000000e+03 2.330466933219065240e+01
4.964000000000000000e+03 2.528400978153871748e+01
4.965000000000000000e+03 2.650246133927383596e+01
4.966000000000000000e+03 2.333866187955129234e+01
4.967000000000000000e+03 2.787625476059857732e+01
4.968000000000000000e+03 2.719350464591812511e+01
4.969000000000000000e+03 2.233232441467841767e+01
4.970000000000000000e+03 2.932242367811580763e+01
4.971000000000000000e+03 2.866311423758523347e+01
4.972000000000000000e+03 2.077169091619778740e+01
4.973000000000000000e+03 3.039615452461995915e+01
4.974000000000000000e+03 2.933078575746699812e+01
4.975000000000000000e+03 2.802233146247845497e+01
4.976000000000000000e+03 2.459403421903829212e+01
4.977000000000000000e+03 2.578414048861847974e+01
4.978000000000000000e+03 2.574065522795854477e+01
4.979000000000000000e+03 3.345713900165786470e+01
4.980000000000000000e+03 2.345745203977507742e+01
4.981000000000000000e+03 2.463454847783974344e+01
4.982000000000000000e+03 2.773093801606353281e+01
4.983000000000000000e+03 2.919496875569876337e+01
4.984000000000000000e+03 2.400394569255209021e+01
4.985000000000000000e+03 3.003915241792340041e+01
4.986000000000000000e+03 2.749254562599026031e+01
4.987000000000000000e+03 2.569393879523284241e+01
4.988000000000000000e+03 1.997359976473670073e+01
4.989000000000000000e+03 2.420315098617619753e+01
4.990000000000000000e+03 3.041344798666175109e+01
4.991000000000000000e+03 3.057673443349078468e+01
4.992000000000000000e+03 2.903090767191391919e+01
4.993000000000000000e+03 3.059331982697941044e+01
4.994000000000000000e+03 2.489509160105446739e+01
4.995000000000000000e+03 2.490996644019734774e+01
4.996000000000000000e+03 2.242370741682175606e+01
4.997000000000000000e+03 2.913111268490957073e+01
4.998000000000000000e+03 2.472074249210012198e+01
4.999000000000000000e+03 2.425755304731501383e+01
5.000000000000000000e+03 2.512173123276383180e+01
5.001000000000000000e+03 1.967064750688073715e+01
5.002000000000000000e+03 2.494636275082876153e+01
5.003000000000000000e+03 2.810917580870879462e+01
5.004000000000000000e+03 2.472021446797777244e+01
5.005000000000000000e+03 2.477698250830684401e+01
5.006000000000000000e+03 2.591565246687920876e+01
5.007000000000000000e+03 2.365860222795182466e+01
5.008000000000000000e+03 2.322670861256868591e+01
5.009000000000000000e+03 2.092270046100160030e+01
5.010000000000000000e+03 3.047886995597843907e+01
5.011000000000000000e+03 2.455347932507228847e+01
5.012000000000000000e+03 2.588148625610170939e+01
5.013000000000000000e+03 2.945681289999509644e+01
5.014000000000000000e+03 2.466936901979818586e+01
5.015000000000000000e+03 2.434073086419130405e+01
5.016000000000000000e+03 2.503068596781267630e+01
5.017000000000000000e+03 2.531107739056734118e+01
5.018000000000000000e+03 2.270765689676604282e+01
5.019000000000000000e+03 2.837505283455873695e+01
5.020000000000000000e+03 2.720051924877790128e+01
5.021000000000000000e+03 3.127895199654803449e+01
5.022000000000000000e+03 2.320365078348224230e+01
5.023000000000000000e+03 2.908282788471255031e+01
5.024000000000000000e+03 2.590699306175008587e+01
5.025000000000000000e+03 2.667811977533956380e+01
5.026000000000000000e+03 3.308248861365748894e+01
5.027000000000000000e+03 2.328714022409128859e+01
5.028000000000000000e+03 2.462823706245156430e+01
5.029000000000000000e+03 2.565487911578201619e+01
5.030000000000000000e+03 2.530301944050599872e+01
5.031000000000000000e+03 2.581226956135930806e+01
5.032000000000000000e+03 2.516949456309050603e+01
5.033000000000000000e+03 2.666364738094899778e+01
5.034000000000000000e+03 2.733620056732569381e+01
5.035000000000000000e+03 2.782901232300448058e+01
5.036000000000000000e+03 2.426711477827791086e+01
5.037000000000000000e+03 2.950160670329482571e+01
5.038000000000000000e+03 1.963464333500736103e+01
5.039000000000000000e+03 2.417121465991411000e+01
5.040000000000000000e+03 2.500975165870343986e+01
5.041000000000000000e+03 3.187920569046550412e+01
5.042000000000000000e+03 2.136875128639569965e+01
5.043000000000000000e+03 2.175823207712802798e+01
5.044000000000000000e+03 2.741761258721705730e+01
5.045000000000000000e+03 2.451237307481011740e+01
5.046000000000000000e+03 3.015045143398092975e+01
5.047000000000000000e+03 2.376603163362301885e+01
5.048000000000000000e+03 2.695782094569539566e+01
5.049000000000000000e+03 2.215809395155002903e+01
5.050000000000000000e+03 2.179508395728728232e+01
5.051000000000000000e+03 3.013978683408920745e+01
5.052000000000000000e+03 2.758158932025053645e+01
5.053000000000000000e+03 2.216834880826676724e+01
5.054000000000000000e+03 3.083753925646289318e+01
5.055000000000000000e+03 2.123768104889983022e+01
5.056000000000000000e+03 2.206593240312353998e+01
5.057000000000000000e+03 3.025587201859721986e+01
5.058000000000000000e+03 1.910075598576262124e+01
5.059000000000000000e+03 2.593107953493657192e+01
5.060000000000000000e+03 2.416623408331660272e+01
5.061000000000000000e+03 2.321389072068053849e+01
5.062000000000000000e+03 2.500014264619693449e+01
5.063000000000000000e+03 2.273581639245040975e+01
5.064000000000000000e+03 2.172128306706454737e+01
5.065000000000000000e+03 2.655913107157780928e+01
5.066000000000000000e+03 2.154486289721712922e+01
5.067000000000000000e+03 2.542080540764793639e+01
5.068000000000000000e+03 3.102445923039722331e+01
5.069000000000000000e+03 2.514122283086996390e+01
5.070000000000000000e+03 2.777575356457122524e+01
5.071000000000000000e+03 2.099616941707546047e+01
5.072000000000000000e+03 2.640858600737934481e+01
5.073000000000000000e+03 2.763173005592567932e+01
5.074000000000000000e+03 3.146826353490702033e+01
5.075000000000000000e+03 2.183798601497074543e+01
5.076000000000000000e+03 2.372933813792156954e+01
5.077000000000000000e+03 2.389188109130610016e+01
5.078000000000000000e+03 2.773653266906451265e+01
5.079000000000000000e+03 2.607085064282724929e+01
5.080000000000000000e+03 2.756521567301673414e+01
5.081000000000000000e+03 2.733318471771705305e+01
5.082000000000000000e+03 2.610863285855557336e+01
5.083000000000000000e+03 3.060836570384753941e+01
5.084000000000000000e+03 2.528349598709100832e+01
5.085000000000000000e+03 3.004783862320182308e+01
5.086000000000000000e+03 2.644946121080704771e+01
5.087000000000000000e+03 2.660694038510533233e+01
5.088000000000000000e+03 2.830009464174917255e+01
5.089000000000000000e+03 2.898999567273997613e+01
5.090000000000000000e+03 3.015646030517276799e+01
5.091000000000000000e+03 3.055812247209983568e+01
5.092000000000000000e+03 2.513174170078001879e+01
5.093000000000000000e+03 2.369087724975726772e+01
5.094000000000000000e+03 2.592608272348367748e+01
5.095000000000000000e+03 2.449211859729912177e+01
5.096000000000000000e+03 2.790176478693999229e+01
5.097000000000000000e+03 2.398455778866065558e+01
5.098000000000000000e+03 2.398441286621030599e+01
5.099000000000000000e+03 2.972831427423385264e+01
5.100000000000000000e+03 2.921725170379482606e+01
5.101000000000000000e+03 2.548127502442733316e+01
5.102000000000000000e+03 2.914213700517532146e+01
5.103000000000000000e+03 2.485955543952000113e+01
5.104000000000000000e+03 2.388752078269589774e+01
5.105000000000000000e+03 2.472074781824521850e+01
5.106000000000000000e+03 2.941900516191014603e+01
5.107000000000000000e+03 2.126483078200683963e+01
5.108000000000000000e+03 2.922538061756101868e+01
5.109000000000000000e+03 2.392705754903706250e+01
5.110000000000000000e+03 2.790668693537780243e+01
5.111000000000000000e+03 2.987723893544189124e+01
5.112000000000000000e+03 2.871723216459653116e+01
5.113000000000000000e+03 2.558288206536428078e+01
5.114000000000000000e+03 3.185957138954740486e+01
5.115000000000000000e+03 2.983325672494749625e+01
5.116000000000000000e+03 2.369704108607150062e+01
5.117000000000000000e+03 3.107614311590877065e+01
5.118000000000000000e+03 2.741527001120092422e+01
5.119000000000000000e+03 2.725570559334297727e+01
5.120000000000000000e+03 2.792843755608788925e+01
5.121000000000000000e+03 2.309660870418257161e+01
5.122000000000000000e+03 2.653042670963164085e+01
5.123000000000000000e+03 2.350680692612519351e+01
5.124000000000000000e+03 2.624622335510215976e+01
5.125000000000000000e+03 2.037446262081328285e+01
5.126000000000000000e+03 2.832443234727194792e+01
5.127000000000000000e+03 2.975304803240024398e+01
5.128000000000000000e+03 2.660328917108176583e+01
5.129000000000000000e+03 2.565575808376283362e+01
5.130000000000000000e+03 2.761013223515928416e+01
5.131000000000000000e+03 2.866775817310839258e+01
5.132000000000000000e+03 2.210612301131579116e+01
5.133000000000000000e+03 2.645350670108791036e+01
5.134000000000000000e+03 2.488693955848062345e+01
5.135000000000000000e+03 2.132824745892650142e+01
5.136000000000000000e+03 2.479588053521103319e+01
5.137000000000000000e+03 2.622599283417572380e+01
5.138000000000000000e+03 2.184385251511324100e+01
5.139000000000000000e+03 2.408925595347388438e+01
5.140000000000000000e+03 2.371370901572958090e+01
5.141000000000000000e+03 2.501278786039572211e+01
5.142000000000000000e+03 2.755064535081985611e+01
5.143000000000000000e+03 3.084423975984196531e+01
5.144000000000000000e+03 3.119752793716887496e+01
5.145000000000000000e+03 2.674079002990170650e+01
5.146000000000000000e+03 3.228044702919628861e+01
5.147000000000000000e+03 2.737376386314138443e+01
5.148000000000000000e+03 2.799272626519643481e+01
5.149000000000000000e+03 2.905243091825154877e+01
5.150000000000000000e+03 2.529591947136959362e+01
5.151000000000000000e+03 2.356946059578217145e+01
5.152000000000000000e+03 2.446890118192478525e+01
5.153000000000000000e+03 2.531341296830632359e+01
5.154000000000000000e+03 2.482149601671875772e+01
5.155000000000000000e+03 2.554750331700429911e+01
5.156000000000000000e+03 2.396855316877548603e+01
5.157000000000000000e+03 2.682062420606904141e+01
5.158000000000000000e+03 2.329894612434771162e+01
5.159000000000000000e+03 2.572257134908108611e+01
5.160000000000000000e+03 2.268130900349798651e+01
5.161000000000000000e+03 3.126123433819234165e+01
5.162000000000000000e+03 2.576368297406064656e+01
5.163000000000000000e+03 3.129265663194845715e+01
5.164000000000000000e+03 2.944468716270474218e+01
5.165000000000000000e+03 3.003305402584340911e+01
5.166000000000000000e+03 2.362845213279084433e+01
5.167000000000000000e+03 2.910566659490045893e+01
5.168000000000000000e+03 2.483261827482585460e+01
5.169000000000000000e+03 2.692388304690868850e+01
5.170000000000000000e+03 2.762431360052976004e+01
5.171000000000000000e+03 2.999906879345658339e+01
5.172000000000000000e+03 2.872263142938536973e+01
5.173000000000000000e+03 2.706912779106449563e+01
5.174000000000000000e+03 2.826400246721048148e+01
5.175000000000000000e+03 2.501000248955913463e+01
5.176000000000000000e+03 2.962503611145967142e+01
5.177000000000000000e+03 2.469738251664218609e+01
5.178000000000000000e+03 2.664087550641617597e+01
5.179000000000000000e+03 2.399893799486702051e+01
5.180000000000000000e+03 2.666521541740830870e+01
5.181000000000000000e+03 2.590840023519078983e+01
5.182000000000000000e+03 3.030838174382870420e+01
5.183000000000000000e+03 2.447153512109147044e+01
5.184000000000000000e+03 2.805908497202841190e+01
5.185000000000000000e+03 2.601365217899669346e+01
5.186000000000000000e+03 2.796145576753450257e+01
5.187000000000000000e+03 2.346713506219892409e+01
5.188000000000000000e+03 2.357647841231652208e+01
5.189000000000000000e+03 2.355806412282715812e+01
5.190000000000000000e+03 2.035508520541453592e+01
5.191000000000000000e+03 2.588351918783615346e+01
5.192000000000000000e+03 2.581243585790797113e+01
5.193000000000000000e+03 2.721833650562612306e+01
5.194000000000000000e+03 2.098156331778039885e+01
5.195000000000000000e+03 2.136748867006148345e+01
5.196000000000000000e+03 2.392050075139773213e+01
5.197000000000000000e+03 2.464672687354378766e+01
5.198000000000000000e+03 2.318504751375414230e+01
5.199000000000000000e+03 2.928886359399288608e+01
5.200000000000000000e+03 2.366839373890168829e+01
5.201000000000000000e+03 2.374244229484968471e+01
5.202000000000000000e+03 2.226591085585317487e+01
5.203000000000000000e+03 2.826332088325101566e+01
5.204000000000000000e+03 2.653951903627892150e+01
5.205000000000000000e+03 2.707615254458258747e+01
5.206000000000000000e+03 2.225768176046836189e+01
5.207000000000000000e+03 2.374553359915211104e+01
5.208000000000000000e+03 2.914961310103645431e+01
5.209000000000000000e+03 2.321885929279516603e+01
5.210000000000000000e+03 2.557674036533379791e+01
5.211000000000000000e+03 2.229789084788162512e+01
5.212000000000000000e+03 2.563976370304971297e+01
5.213000000000000000e+03 2.490854823696395925e+01
5.214000000000000000e+03 3.324717073142855384e+01
5.215000000000000000e+03 2.485514093774606081e+01
5.216000000000000000e+03 2.825497534648030040e+01
5.217000000000000000e+03 2.435254122974764357e+01
5.218000000000000000e+03 3.024183661119332811e+01
5.219000000000000000e+03 2.788922246077321887e+01
5.220000000000000000e+03 2.582137922459893531e+01
5.221000000000000000e+03 2.355080142352418093e+01
5.222000000000000000e+03 2.704142496947349983e+01
5.223000000000000000e+03 2.213985488223868003e+01
5.224000000000000000e+03 2.630009798718052139e+01
5.225000000000000000e+03 2.801745113420902200e+01
5.226000000000000000e+03 2.586655264307113811e+01
5.227000000000000000e+03 2.649628932190260144e+01
5.228000000000000000e+03 2.938019375216673978e+01
5.229000000000000000e+03 3.065833644440049000e+01
5.230000000000000000e+03 2.679304571197417673e+01
5.231000000000000000e+03 2.909385021232269608e+01
5.232000000000000000e+03 2.305278155349473934e+01
5.233000000000000000e+03 2.813814511601358603e+01
5.234000000000000000e+03 2.596029713010256756e+01
5.235000000000000000e+03 3.159124416725141415e+01
5.236000000000000000e+03 2.354779748791532867e+01
5.237000000000000000e+03 2.588936464821119898e+01
5.238000000000000000e+03 2.515699810948833104e+01
5.239000000000000000e+03 2.474880391103947375e+01
5.240000000000000000e+03 2.359388591927798728e+01
5.241000000000000000e+03 2.287340101313393959e+01
5.242000000000000000e+03 2.544682278422213884e+01
5.243000000000000000e+03 2.610070294898549648e+01
5.244000000000000000e+03 2.457121367350735142e+01
5.245000000000000000e+03 2.476115661755787301e+01
5.246000000000000000e+03 2.361396269435419626e+01
5.247000000000000000e+03 2.658187000062718042e+01
5.248000000000000000e+03 2.510891724561030003e+01
5.249000000000000000e+03 2.447018931256321395e+01
5.250000000000000000e+03 2.314361540271543660e+01
5.251000000000000000e+03 2.128251674139514904e+01
5.252000000000000000e+03 2.798102571664330895e+01
5.253000000000000000e+03 2.252448835204355504e+01
5.254000000000000000e+03 2.817937387843747388e+01
5.255000000000000000e+03 2.924194517517615211e+01
5.256000000000000000e+03 2.889118240226841294e+01
5.257000000000000000e+03 2.599663379954046860e+01
5.258000000000000000e+03 2.761237706775230194e+01
5.259000000000000000e+03 2.843519351913186810e+01
5.260000000000000000e+03 2.711088574358520020e+01
5.261000000000000000e+03 2.810864370222257591e+01
5.262000000000000000e+03 2.424031620026785916e+01
5.263000000000000000e+03 2.691388099417713065e+01
5.264000000000000000e+03 3.164033714053377722e+01
5.265000000000000000e+03 2.838947303100302477e+01
5.266000000000000000e+03 2.906237726652689091e+01
5.267000000000000000e+03 2.636381279595490312e+01
5.268000000000000000e+03 2.609141229996856737e+01
5.269000000000000000e+03 2.723692969030333444e+01
5.270000000000000000e+03 2.628403182159740226e+01
5.271000000000000000e+03 2.740720733488479510e+01
5.272000000000000000e+03 2.728611855927530883e+01
5.273000000000000000e+03 2.428527873020216177e+01
5.274000000000000000e+03 2.692610713306903136e+01
5.275000000000000000e+03 3.181674310622188884e+01
5.276000000000000000e+03 2.701402985577583848e+01
5.277000000000000000e+03 2.543356538024266200e+01
5.278000000000000000e+03 2.903296428515625749e+01
5.279000000000000000e+03 2.329461241321283183e+01
5.280000000000000000e+03 2.664850474973322747e+01
5.281000000000000000e+03 2.333004151150216288e+01
5.282000000000000000e+03 2.482188452364201225e+01
5.283000000000000000e+03 2.185538431883043842e+01
5.284000000000000000e+03 2.734210534566742368e+01
5.285000000000000000e+03 3.000011862256225470e+01
5.286000000000000000e+03 3.169441592396195873e+01
5.287000000000000000e+03 2.782753464581634262e+01
5.288000000000000000e+03 2.607969802152106098e+01
5.289000000000000000e+03 2.364839464419867099e+01
5.290000000000000000e+03 2.358342562257127994e+01
5.291000000000000000e+03 2.443319651878689314e+01
5.292000000000000000e+03 3.048933810517600307e+01
5.293000000000000000e+03 2.482696777750743777e+01
5.294000000000000000e+03 2.151841213669371911e+01
5.295000000000000000e+03 2.611976205514365645e+01
5.296000000000000000e+03 2.473302413930940702e+01
5.297000000000000000e+03 2.182084192262459865e+01
5.298000000000000000e+03 2.496306046389924660e+01
5.299000000000000000e+03 2.665889126496362849e+01
5.300000000000000000e+03 2.987922146808191215e+01
5.301000000000000000e+03 2.630279137560385649e+01
5.302000000000000000e+03 2.613197702361253150e+01
5.303000000000000000e+03 2.342622862367496239e+01
5.304000000000000000e+03 2.671744578860221608e+01
5.305000000000000000e+03 2.666509875010222430e+01
5.306000000000000000e+03 3.042486986006392158e+01
5.307000000000000000e+03 2.527701468693933862e+01
5.308000000000000000e+03 2.549621023902746941e+01
5.309000000000000000e+03 2.648275095723597516e+01
5.310000000000000000e+03 2.700971705168848302e+01
5.311000000000000000e+03 2.800259697218680444e+01
5.312000000000000000e+03 2.785461028471497613e+01
5.313000000000000000e+03 2.277205484131750524e+01
5.314000000000000000e+03 2.682945384919698029e+01
5.315000000000000000e+03 2.315260999251592366e+01
5.316000000000000000e+03 2.740325806587552293e+01
5.317000000000000000e+03 2.615027944168585705e+01
5.318000000000000000e+03 2.753321848119253801e+01
5.319000000000000000e+03 2.721894800454838759e+01
5.320000000000000000e+03 2.971321469610346355e+01
5.321000000000000000e+03 2.939956538762903904e+01
5.322000000000000000e+03 2.387064552711377630e+01
5.323000000000000000e+03 2.533634363024717473e+01
5.324000000000000000e+03 2.691986879199775018e+01
5.325000000000000000e+03 2.395644761878643436e+01
5.326000000000000000e+03 2.621182851812632819e+01
5.327000000000000000e+03 1.905150817422783760e+01
5.328000000000000000e+03 2.934044049696478851e+01
5.329000000000000000e+03 2.841709592199450896e+01
5.330000000000000000e+03 2.561791639248476926e+01
5.331000000000000000e+03 2.811840431578700361e+01
5.332000000000000000e+03 2.353518937877185024e+01
5.333000000000000000e+03 2.493167293487506697e+01
5.334000000000000000e+03 2.613675395708757776e+01
5.335000000000000000e+03 2.453645634304545808e+01
5.336000000000000000e+03 2.684506745806458028e+01
5.337000000000000000e+03 2.612679290076232164e+01
5.338000000000000000e+03 2.338019684487470684e+01
5.339000000000000000e+03 2.659123877283749238e+01
5.340000000000000000e+03 2.794754863212736851e+01
5.341000000000000000e+03 2.880087956289092688e+01
5.342000000000000000e+03 2.507474724612352901e+01
5.343000000000000000e+03 2.367124090948615134e+01
5.344000000000000000e+03 2.707470898185870567e+01
5.345000000000000000e+03 2.410176481572200302e+01
5.346000000000000000e+03 2.303575710264629350e+01
5.347000000000000000e+03 2.867893222028376599e+01
5.348000000000000000e+03 2.801118229081209776e+01
5.349000000000000000e+03 1.949432650539375089e+01
5.350000000000000000e+03 2.971751915162138502e+01
5.351000000000000000e+03 2.424855263109964554e+01
5.352000000000000000e+03 2.927406878426474179e+01
5.353000000000000000e+03 2.545151410751558885e+01
5.354000000000000000e+03 2.438577639936401908e+01
5.355000000000000000e+03 2.320660703222871746e+01
5.356000000000000000e+03 2.531018598772859818e+01
5.357000000000000000e+03 3.125573575369728019e+01
5.358000000000000000e+03 2.415784544363376085e+01
5.359000000000000000e+03 2.397190441065088606e+01
5.360000000000000000e+03 2.635044374450369276e+01
5.361000000000000000e+03 2.588290724633820616e+01
5.362000000000000000e+03 2.839247170868959813e+01
5.363000000000000000e+03 2.767173631062035710e+01
5.364000000000000000e+03 2.885993517484795490e+01
5.365000000000000000e+03 2.481912563829091312e+01
5.366000000000000000e+03 2.550093710609138498e+01
5.367000000000000000e+03 2.116479485133928051e+01
5.368000000000000000e+03 3.125346449343706823e+01
5.369000000000000000e+03 2.728193083955844145e+01
5.370000000000000000e+03 3.100625148895507266e+01
5.371000000000000000e+03 2.569596563581053061e+01
5.372000000000000000e+03 2.755341088890684276e+01
5.373000000000000000e+03 2.632402246785827771e+01
5.374000000000000000e+03 2.742877675332397303e+01
5.375000000000000000e+03 2.226976480492856325e+01
5.376000000000000000e+03 3.025543974386363999e+01
5.377000000000000000e+03 2.157594830940259811e+01
5.378000000000000000e+03 2.613388852169998700e+01
5.379000000000000000e+03 2.467726765057244620e+01
5.380000000000000000e+03 2.407210991857586890e+01
5.381000000000000000e+03 2.407570233302014628e+01
5.382000000000000000e+03 2.331702371348892555e+01
5.383000000000000000e+03 2.526514997490770753e+01
5.384000000000000000e+03 2.254383843169578583e+01
5.385000000000000000e+03 2.222299089044980747e+01
5.386000000000000000e+03 2.297704316814718339e+01
5.387000000000000000e+03 2.653514660249011925e+01
5.388000000000000000e+03 2.575140168261036422e+01
5.389000000000000000e+03 1.808225110728766083e+01
5.390000000000000000e+03 2.835398088860896237e+01
5.391000000000000000e+03 2.608644937534250019e+01
5.392000000000000000e+03 2.460325465598941364e+01
5.393000000000000000e+03 2.587676163710309041e+01
5.394000000000000000e+03 2.957220270848527122e+01
5.395000000000000000e+03 2.318885448306320285e+01
5.396000000000000000e+03 2.462630794601434303e+01
5.397000000000000000e+03 2.217459732289668750e+01
5.398000000000000000e+03 2.731405789787641325e+01
5.399000000000000000e+03 2.345270323505231147e+01
5.400000000000000000e+03 2.061822684293681718e+01
5.401000000000000000e+03 2.706595250626788740e+01
5.402000000000000000e+03 2.046734984392436729e+01
5.403000000000000000e+03 2.701969581825719402e+01
5.404000000000000000e+03 2.581117825219239492e+01
5.405000000000000000e+03 3.174989829552799137e+01
5.406000000000000000e+03 2.416995048906921184e+01
5.407000000000000000e+03 2.218939955181905788e+01
5.408000000000000000e+03 2.361003910364690839e+01
5.409000000000000000e+03 2.902148639604735791e+01
5.410000000000000000e+03 2.485708918289284597e+01
5.411000000000000000e+03 2.460304191633166937e+01
5.412000000000000000e+03 2.709162690300039600e+01
5.413000000000000000e+03 3.102972673967735773e+01
5.414000000000000000e+03 2.666989944863119177e+01
5.415000000000000000e+03 3.209655815828705983e+01
5.416000000000000000e+03 3.073645638310631156e+01
5.417000000000000000e+03 2.965201640990099463e+01
5.418000000000000000e+03 2.782961245559877028e+01
5.419000000000000000e+03 2.583453811410100798e+01
5.420000000000000000e+03 2.422548539010928081e+01
5.421000000000000000e+03 2.582912847917124921e+01
5.422000000000000000e+03 2.822469218575878713e+01
5.423000000000000000e+03 1.803834134768136011e+01
5.424000000000000000e+03 2.848651381448821596e+01
5.425000000000000000e+03 1.736535356837662647e+01
5.426000000000000000e+03 2.574368883084478199e+01
5.427000000000000000e+03 1.895811925409530119e+01
5.428000000000000000e+03 2.589590552389486788e+01
5.429000000000000000e+03 2.427433539551844177e+01
5.430000000000000000e+03 2.640058946521545025e+01
5.431000000000000000e+03 2.687216854275730782e+01
5.432000000000000000e+03 2.713275078270346441e+01
5.433000000000000000e+03 2.182950268824090401e+01
5.434000000000000000e+03 2.494048927282989681e+01
5.435000000000000000e+03 2.887221878494992211e+01
5.436000000000000000e+03 2.273088263519270669e+01
5.437000000000000000e+03 2.655075944552679346e+01
5.438000000000000000e+03 2.411824729695680247e+01
5.439000000000000000e+03 2.363879286922447776e+01
5.440000000000000000e+03 2.133504143933570774e+01
5.441000000000000000e+03 2.576157506518979545e+01
5.442000000000000000e+03 2.939271680862579927e+01
5.443000000000000000e+03 2.280499219042740933e+01
5.444000000000000000e+03 2.963306461755166765e+01
5.445000000000000000e+03 2.611579394259498699e+01
5.446000000000000000e+03 2.570613670196965117e+01
5.447000000000000000e+03 2.481143765582867999e+01
5.448000000000000000e+03 2.168459297556492871e+01
5.449000000000000000e+03 2.916367275932917735e+01
5.450000000000000000e+03 3.312638272147744800e+01
5.451000000000000000e+03 2.236832786121819794e+01
5.452000000000000000e+03 2.882929953802671008e+01
5.453000000000000000e+03 2.884368077241850159e+01
5.454000000000000000e+03 2.563465053413463579e+01
5.455000000000000000e+03 2.628317356793969140e+01
5.456000000000000000e+03 2.939462454443683725e+01
5.457000000000000000e+03 2.375309932104345023e+01
5.458000000000000000e+03 2.527330148268270094e+01
5.459000000000000000e+03 2.574437702479963264e+01
5.460000000000000000e+03 2.232021652715900828e+01
5.461000000000000000e+03 2.823077513690470397e+01
5.462000000000000000e+03 2.433151919626233450e+01
5.463000000000000000e+03 2.796781781058588834e+01
5.464000000000000000e+03 2.602877469248174336e+01
5.465000000000000000e+03 2.731535935302576590e+01
5.466000000000000000e+03 2.617678204240346318e+01
5.467000000000000000e+03 2.736286386210556287e+01
5.468000000000000000e+03 2.257524959691862421e+01
5.469000000000000000e+03 2.374812222623526026e+01
5.470000000000000000e+03 2.570339028304596596e+01
5.471000000000000000e+03 2.270596327282371618e+01
5.472000000000000000e+03 2.345651513986815573e+01
5.473000000000000000e+03 2.491272019175422514e+01
5.474000000000000000e+03 2.770126074857981280e+01
5.475000000000000000e+03 2.870964948905044878e+01
5.476000000000000000e+03 2.470318718872848862e+01
5.477000000000000000e+03 2.384075557645606125e+01
5.478000000000000000e+03 2.896217365174441483e+01
5.479000000000000000e+03 2.397617330972504845e+01
5.480000000000000000e+03 2.839549042172637883e+01
5.481000000000000000e+03 2.549073364539789921e+01
5.482000000000000000e+03 2.567137292778591373e+01
5.483000000000000000e+03 2.732406732543035943e+01
5.484000000000000000e+03 2.792907339582582438e+01
5.485000000000000000e+03 2.716417685658145587e+01
5.486000000000000000e+03 1.850313979353563099e+01
5.487000000000000000e+03 3.057617868991244237e+01
5.488000000000000000e+03 2.855699844452543701e+01
5.489000000000000000e+03 2.868815450180465021e+01
5.490000000000000000e+03 2.274435103315551032e+01
5.491000000000000000e+03 2.856691721906779335e+01
5.492000000000000000e+03 2.642130197308166117e+01
5.493000000000000000e+03 2.842664085337387903e+01
5.494000000000000000e+03 2.356693920500942241e+01
5.495000000000000000e+03 2.787905993504823599e+01
5.496000000000000000e+03 2.461015829657588938e+01
5.497000000000000000e+03 2.778984658468573699e+01
5.498000000000000000e+03 2.646656056909278831e+01
5.499000000000000000e+03 2.794882814972151763e+01
