                      :-) GROMACS - gmx mdrun, 2024.3 (-:

Copyright 1991-2024 The GROMACS Authors.
GROMACS is free software; you can redistribute it and/or modify it
under the terms of the GNU Lesser General Public License
as published by the Free Software Foundation; either version 2.1
of the License, or (at your option) any later version.

                         Current GROMACS contributors:
       Mark Abraham           Andrey Alekseenko           Vladimir Basov      
      Cathrine Bergh            Eliane Briand               Ania Brown        
      Mahesh Doijade            Giacomo Fiorin          Stefan Fleischmann    
      Sergey Gorelov         Gilles Gouaillardet            Alan Gray         
     M. Eric Irrgang         Farzaneh Jalalypour            Joe Jordan        
     Carsten Kutzner           Justin A. Lemkul          Magnus Lundborg      
       Pascal Merz              Vedran Miletic            Dmitry Morozov      
       Julien Nabet              Szilard Pall        Andrea Pasquadibisceglie 
    Michele Pellegrino          Hubert Santuz             Roland Schulz       
     Tatiana Shugaeva          Alexey Shvetsov            Philip Turner       
     Alessandra Villa      Sebastian Wingbermuehle  

                         Previous GROMACS contributors:
        Emile Apol             Rossen Apostolov           James Barnett       
        Paul Bauer          Herman J.C. Berendsen          Par Bjelkmar       
      Christian Blau          Viacheslav Bolnykh            Kevin Boyd        
    Aldert van Buuren          Carlo Camilloni           Rudi van Drunen      
      Anton Feenstra           Oliver Fleetwood            Vytas Gapsys       
       Gaurav Garg             Gerrit Groenhof            Bert de Groot       
      Anca Hamuraru           Vincent Hindriksen          Victor Holanda      
     Aleksei Iupinov          Christoph Junghans        Prashanth Kanduri     
   Dimitrios Karkoulis           Peter Kasson             Sebastian Kehl      
     Sebastian Keller             Jiri Kraus               Per Larsson        
      Viveca Lindahl            Erik Marklund           Pieter Meulenhoff     
      Teemu Murtola              Sander Pronk             Michael Shirts      
      Alfons Sijbers            Balint Soproni         David van der Spoel    
      Peter Tieleman            Carsten Uphoff             Jon Vincent        
     Teemu Virolainen         Christian Wennberg           Maarten Wolf       
      Artem Zhmurov       

                  Coordinated by the GROMACS project leaders:
                           Berk Hess and Erik Lindahl

GROMACS:      gmx mdrun, version 2024.3
Executable:   /usr/local/gromacs/bin/gmx
Data prefix:  /usr/local/gromacs
Working dir:  /home/konrad_guest/Documents/research/cursor/manual_tip4p
Process ID:   6078
Command line:
  gmx mdrun -v -deffnm npt

GROMACS version:     2024.3
Precision:           mixed
Memory model:        64 bit
MPI library:         thread_mpi
OpenMP support:      enabled (GMX_OPENMP_MAX_THREADS = 128)
GPU support:         disabled
SIMD instructions:   AVX2_256
CPU FFT library:     fftw-3.3.8-sse2-avx-avx2-avx2_128
GPU FFT library:     none
Multi-GPU FFT:       none
RDTSCP usage:        enabled
TNG support:         enabled
Hwloc support:       disabled
Tracing support:     disabled
C compiler:          /usr/bin/cc GNU 11.4.0
C compiler flags:    -fexcess-precision=fast -funroll-all-loops -mavx2 -mfma -Wno-missing-field-initializers -O3 -DNDEBUG
C++ compiler:        /usr/bin/c++ GNU 11.4.0
C++ compiler flags:  -fexcess-precision=fast -funroll-all-loops -mavx2 -mfma -Wno-missing-field-initializers -Wno-cast-function-type-strict -fopenmp -O3 -DNDEBUG
BLAS library:        Internal
LAPACK library:      Internal


Running on 1 node with total 6 cores, 6 processing units
Hardware detected on host konrad-hp:
  CPU info:
    Vendor: AMD
    Brand:  AMD Ryzen 5 4500U with Radeon Graphics         
    Family: 23   Model: 96   Stepping: 1
    Features: aes amd apic avx avx2 clfsh cmov cx8 cx16 f16c fma htt lahf misalignsse mmx msr nonstop_tsc pclmuldq pdpe1gb popcnt pse rdrnd rdtscp sha sse2 sse3 sse4a sse4.1 sse4.2 ssse3
  Hardware topology: Basic
    Packages, cores, and logical processors:
    [indices refer to OS logical processors]
      Package  0: [   0] [   1] [   2] [   3] [   4] [   5]
    CPU limit set by OS: -1   Recommended max number of threads: 6


++++ PLEASE READ AND CITE THE FOLLOWING REFERENCE ++++
M. J. Abraham, T. Murtola, R. Schulz, S. Páll, J. C. Smith, B. Hess, E.
Lindahl
GROMACS: High performance molecular simulations through multi-level
parallelism from laptops to supercomputers
SoftwareX 1 (2015) pp. 19-25
-------- -------- --- Thank You --- -------- --------


++++ PLEASE READ AND CITE THE FOLLOWING REFERENCE ++++
S. Páll, M. J. Abraham, C. Kutzner, B. Hess, E. Lindahl
Tackling Exascale Software Challenges in Molecular Dynamics Simulations with
GROMACS
In S. Markidis & E. Laure (Eds.), Solving Software Challenges for Exascale 8759 (2015) pp. 3-27
-------- -------- --- Thank You --- -------- --------


++++ PLEASE READ AND CITE THE FOLLOWING REFERENCE ++++
S. Pronk, S. Páll, R. Schulz, P. Larsson, P. Bjelkmar, R. Apostolov, M. R.
Shirts, J. C. Smith, P. M. Kasson, D. van der Spoel, B. Hess, and E. Lindahl
GROMACS 4.5: a high-throughput and highly parallel open source molecular
simulation toolkit
Bioinformatics 29 (2013) pp. 845-54
-------- -------- --- Thank You --- -------- --------


++++ PLEASE READ AND CITE THE FOLLOWING REFERENCE ++++
B. Hess and C. Kutzner and D. van der Spoel and E. Lindahl
GROMACS 4: Algorithms for highly efficient, load-balanced, and scalable
molecular simulation
J. Chem. Theory Comput. 4 (2008) pp. 435-447
-------- -------- --- Thank You --- -------- --------


++++ PLEASE READ AND CITE THE FOLLOWING REFERENCE ++++
D. van der Spoel, E. Lindahl, B. Hess, G. Groenhof, A. E. Mark and H. J. C.
Berendsen
GROMACS: Fast, Flexible and Free
J. Comp. Chem. 26 (2005) pp. 1701-1719
-------- -------- --- Thank You --- -------- --------


++++ PLEASE READ AND CITE THE FOLLOWING REFERENCE ++++
E. Lindahl and B. Hess and D. van der Spoel
GROMACS 3.0: A package for molecular simulation and trajectory analysis
J. Mol. Mod. 7 (2001) pp. 306-317
-------- -------- --- Thank You --- -------- --------


++++ PLEASE READ AND CITE THE FOLLOWING REFERENCE ++++
H. J. C. Berendsen, D. van der Spoel and R. van Drunen
GROMACS: A message-passing parallel molecular dynamics implementation
Comp. Phys. Comm. 91 (1995) pp. 43-56
-------- -------- --- Thank You --- -------- --------


++++ PLEASE CITE THE DOI FOR THIS VERSION OF GROMACS ++++
https://doi.org/10.5281/zenodo.13456374
-------- -------- --- Thank You --- -------- --------

Input Parameters:
   integrator                     = md
   tinit                          = 0
   dt                             = 0.002
   nsteps                         = 1500000
   init-step                      = 0
   simulation-part                = 1
   mts                            = false
   mass-repartition-factor        = 1
   comm-mode                      = Linear
   nstcomm                        = 100
   bd-fric                        = 0
   ld-seed                        = -211569410
   emtol                          = 10
   emstep                         = 0.01
   niter                          = 20
   fcstep                         = 0
   nstcgsteep                     = 1000
   nbfgscorr                      = 10
   rtpi                           = 0.05
   nstxout                        = 5000
   nstvout                        = 5000
   nstfout                        = 0
   nstlog                         = 5000
   nstcalcenergy                  = 100
   nstenergy                      = 5000
   nstxout-compressed             = 0
   compressed-x-precision         = 1000
   cutoff-scheme                  = Verlet
   nstlist                        = 10
   pbc                            = xyz
   periodic-molecules             = false
   verlet-buffer-tolerance        = 0.005
   verlet-buffer-pressure-tolerance = 0.5
   rlist                          = 1
   coulombtype                    = PME
   coulomb-modifier               = Potential-shift
   rcoulomb-switch                = 0
   rcoulomb                       = 1
   epsilon-r                      = 1
   epsilon-rf                     = inf
   vdw-type                       = Cut-off
   vdw-modifier                   = Potential-shift
   rvdw-switch                    = 0
   rvdw                           = 1
   DispCorr                       = EnerPres
   table-extension                = 1
   fourierspacing                 = 0.16
   fourier-nx                     = 64
   fourier-ny                     = 64
   fourier-nz                     = 64
   pme-order                      = 4
   ewald-rtol                     = 1e-05
   ewald-rtol-lj                  = 0.001
   lj-pme-comb-rule               = Geometric
   ewald-geometry                 = 3d
   epsilon-surface                = 0
   ensemble-temperature-setting   = constant
   ensemble-temperature           = 273
   tcoupl                         = V-rescale
   nsttcouple                     = 10
   nh-chain-length                = 0
   print-nose-hoover-chain-variables = false
   pcoupl                         = Parrinello-Rahman
   pcoupltype                     = Isotropic
   nstpcouple                     = 25
   tau-p                          = 1
   compressibility (3x3):
      compressibility[    0]={ 5.00000e-05,  0.00000e+00,  0.00000e+00}
      compressibility[    1]={ 0.00000e+00,  5.00000e-05,  0.00000e+00}
      compressibility[    2]={ 0.00000e+00,  0.00000e+00,  5.00000e-05}
   ref-p (3x3):
      ref-p[    0]={ 1.00000e+00,  0.00000e+00,  0.00000e+00}
      ref-p[    1]={ 0.00000e+00,  1.00000e+00,  0.00000e+00}
      ref-p[    2]={ 0.00000e+00,  0.00000e+00,  1.00000e+00}
   refcoord-scaling               = No
   posres-com (3):
      posres-com[0]= 0.00000e+00
      posres-com[1]= 0.00000e+00
      posres-com[2]= 0.00000e+00
   posres-comB (3):
      posres-comB[0]= 0.00000e+00
      posres-comB[1]= 0.00000e+00
      posres-comB[2]= 0.00000e+00
   QMMM                           = false
qm-opts:
   ngQM                           = 0
   constraint-algorithm           = Lincs
   continuation                   = true
   Shake-SOR                      = false
   shake-tol                      = 0.0001
   lincs-order                    = 4
   lincs-iter                     = 1
   lincs-warnangle                = 30
   nwall                          = 0
   wall-type                      = 9-3
   wall-r-linpot                  = -1
   wall-atomtype[0]               = -1
   wall-atomtype[1]               = -1
   wall-density[0]                = 0
   wall-density[1]                = 0
   wall-ewald-zfac                = 3
   pull                           = false
   awh                            = false
   rotation                       = false
   interactiveMD                  = false
   disre                          = No
   disre-weighting                = Conservative
   disre-mixed                    = false
   dr-fc                          = 1000
   dr-tau                         = 0
   nstdisreout                    = 100
   orire-fc                       = 0
   orire-tau                      = 0
   nstorireout                    = 100
   free-energy                    = no
   cos-acceleration               = 0
   deform (3x3):
      deform[    0]={ 0.00000e+00,  0.00000e+00,  0.00000e+00}
      deform[    1]={ 0.00000e+00,  0.00000e+00,  0.00000e+00}
      deform[    2]={ 0.00000e+00,  0.00000e+00,  0.00000e+00}
   simulated-tempering            = false
   swapcoords                     = no
   userint1                       = 0
   userint2                       = 0
   userint3                       = 0
   userint4                       = 0
   userreal1                      = 0
   userreal2                      = 0
   userreal3                      = 0
   userreal4                      = 0
   applied-forces:
     electric-field:
       x:
         E0                       = 0
         omega                    = 0
         t0                       = 0
         sigma                    = 0
       y:
         E0                       = 0
         omega                    = 0
         t0                       = 0
         sigma                    = 0
       z:
         E0                       = 0
         omega                    = 0
         t0                       = 0
         sigma                    = 0
     density-guided-simulation:
       active                     = false
       group                      = protein
       similarity-measure         = inner-product
       atom-spreading-weight      = unity
       force-constant             = 1e+09
       gaussian-transform-spreading-width = 0.2
       gaussian-transform-spreading-range-in-multiples-of-width = 4
       reference-density-filename = reference.mrc
       nst                        = 1
       normalize-densities        = true
       adaptive-force-scaling     = false
       adaptive-force-scaling-time-constant = 4
       shift-vector               = 
       transformation-matrix      = 
     qmmm-cp2k:
       active                     = false
       qmgroup                    = System
       qmmethod                   = PBE
       qmfilenames                = 
       qmcharge                   = 0
       qmmultiplicity             = 1
     colvars:
       active                     = false
       configfile                 = 
       seed                       = -1
grpopts:
   nrdf:       32997
   ref-t:         273
   tau-t:         0.1
annealing:          No
annealing-npoints:           0
   acc:	           0           0           0
   nfreeze:           N           N           N
   energygrp-flags[  0]: 0

Changing nstlist from 10 to 50, rlist from 1 to 1.106


Initializing Domain Decomposition on 1 ranks
Dynamic load balancing: auto
Using update groups, nr 5500, average size 4.0 atoms, max. radius 0.078 nm
Minimum cell size due to atom displacement: 0.292 nm
Using 0 separate PME ranks because: there are too few total ranks for efficient splitting
Optimizing the DD grid for 1 cells with a minimum initial size of 0.292 nm
The maximum allowed number of cells is: X 34 Y 34 Z 34
Domain decomposition grid 1 x 1 x 1, separate PME ranks 0
PME domain decomposition: 1 x 1 x 1

The initial number of communication pulses is:
The initial domain decomposition cell size is:

When dynamic load balancing gets turned on, these settings will change to:
The maximum number of communication pulses is:
The minimum size for domain decomposition cells is 1.262 nm
The requested allowed shrink of DD cells (option -dds) is: 0.80
The allowed shrink of domain decomposition cells is:

Using 1 MPI thread
Using 6 OpenMP threads 

System total charge: 0.000
Will do PME sum in reciprocal space for electrostatic interactions.

++++ PLEASE READ AND CITE THE FOLLOWING REFERENCE ++++
U. Essmann, L. Perera, M. L. Berkowitz, T. Darden, H. Lee and L. G. Pedersen 
A smooth particle mesh Ewald method
J. Chem. Phys. 103 (1995) pp. 8577-8592
-------- -------- --- Thank You --- -------- --------

Using a Gaussian width (1/beta) of 0.320163 nm for Ewald
Potential shift: LJ r^-12: -1.000e+00 r^-6: -1.000e+00, Ewald -1.000e-05
Initialized non-bonded Coulomb Ewald tables, spacing: 9.33e-04 size: 1073

Long Range LJ corr.: <C6> 1.5949e-04


Using SIMD4xM 4x8 nonbonded short-range kernels

Using a dual 4x8 pair-list setup updated with dynamic pruning:
  outer list: updated every 50 steps, buffer 0.106 nm, rlist 1.106 nm
  inner list: updated every 10 steps, buffer 0.000 nm, rlist 1.000 nm
At tolerance 0.005 kJ/mol/ps per atom, equivalent classical 1x1 list would be:
  outer list: updated every 50 steps, buffer 0.231 nm, rlist 1.231 nm
  inner list: updated every 10 steps, buffer 0.033 nm, rlist 1.033 nm

The average pressure is off by at most 0.26 bar due to missing LJ interactions

Using Geometric Lennard-Jones combination rule

Linking all bonded interactions to atoms


Pinning threads with an auto-selected logical cpu stride of 1

++++ PLEASE READ AND CITE THE FOLLOWING REFERENCE ++++
S. Miyamoto and P. A. Kollman
SETTLE: An Analytical Version of the SHAKE and RATTLE Algorithms for Rigid
Water Models
J. Comp. Chem. 13 (1992) pp. 952-962
-------- -------- --- Thank You --- -------- --------


++++ PLEASE READ AND CITE THE FOLLOWING REFERENCE ++++
G. Bussi, D. Donadio and M. Parrinello
Canonical sampling through velocity rescaling
J. Chem. Phys. 126 (2007) pp. 014101
-------- -------- --- Thank You --- -------- --------

There are: 16500 Atoms
There are: 5500 VSites
Atom distribution over 1 domains: av 22000 stddev 0 min 22000 max 22000
Center of mass motion removal mode is Linear
We have the following groups for center of mass motion removal:
  0:  rest

Started mdrun on rank 0 Sat Mar  8 12:19:02 2025

           Step           Time
              0        0.00000

   Energies (kJ/mol)
        LJ (SR)  Disper. corr.   Coulomb (SR)   Coul. recip.      Potential
    4.50026e+04   -3.06199e+02   -2.72678e+05    1.72769e+03   -2.26254e+05
    Kinetic En.   Total Energy  Conserved En.    Temperature Pres. DC (bar)
    3.75801e+04   -1.88674e+05   -1.88611e+05    2.73955e+02   -4.87012e+00
 Pressure (bar)
   -1.16163e+01

           Step           Time
           5000       10.00000

   Energies (kJ/mol)
        LJ (SR)  Disper. corr.   Coulomb (SR)   Coul. recip.      Potential
    4.54708e+04   -7.88816e+02   -2.76594e+05    1.57838e+03   -2.30333e+05
    Kinetic En.   Total Energy  Conserved En.    Temperature Pres. DC (bar)
    3.75451e+04   -1.92788e+05   -1.85590e+05    2.73700e+02   -3.20961e+01
 Pressure (bar)
    1.55790e+01

           Step           Time
          10000       20.00000

   Energies (kJ/mol)
        LJ (SR)  Disper. corr.   Coulomb (SR)   Coul. recip.      Potential
    4.69261e+04   -1.93196e+03   -2.82348e+05    1.19181e+03   -2.36162e+05
    Kinetic En.   Total Energy  Conserved En.    Temperature Pres. DC (bar)
    3.71553e+04   -1.99006e+05   -1.80878e+05    2.70858e+02   -1.92023e+02
 Pressure (bar)
    2.76531e+02

           Step           Time
          15000       30.00000

   Energies (kJ/mol)
        LJ (SR)  Disper. corr.   Coulomb (SR)   Coul. recip.      Potential
    4.58855e+04   -1.97174e+03   -2.82130e+05    1.18976e+03   -2.37026e+05
    Kinetic En.   Total Energy  Conserved En.    Temperature Pres. DC (bar)
    3.72457e+04   -1.99780e+05   -1.80566e+05    2.71517e+02   -2.00006e+02
 Pressure (bar)
   -1.81986e+02

           Step           Time
          20000       40.00000

   Energies (kJ/mol)
        LJ (SR)  Disper. corr.   Coulomb (SR)   Coul. recip.      Potential
    4.68464e+04   -1.97984e+03   -2.83353e+05    1.20337e+03   -2.37283e+05
    Kinetic En.   Total Energy  Conserved En.    Temperature Pres. DC (bar)
    3.72312e+04   -2.00052e+05   -1.80247e+05    2.71412e+02   -2.01652e+02
 Pressure (bar)
    1.75852e+02

           Step           Time
          25000       50.00000

   Energies (kJ/mol)
        LJ (SR)  Disper. corr.   Coulomb (SR)   Coul. recip.      Potential
    4.60334e+04   -1.97831e+03   -2.82725e+05    1.19422e+03   -2.37476e+05
    Kinetic En.   Total Energy  Conserved En.    Temperature Pres. DC (bar)
    3.75460e+04   -1.99930e+05   -1.79996e+05    2.73707e+02   -2.01339e+02
 Pressure (bar)
   -1.16099e+02

           Step           Time
          30000       60.00000

   Energies (kJ/mol)
        LJ (SR)  Disper. corr.   Coulomb (SR)   Coul. recip.      Potential
    4.61125e+04   -1.97234e+03   -2.82993e+05    1.13412e+03   -2.37719e+05
    Kinetic En.   Total Energy  Conserved En.    Temperature Pres. DC (bar)
    3.74560e+04   -2.00263e+05   -1.79704e+05    2.73051e+02   -2.00127e+02
 Pressure (bar)
   -1.61467e+02

           Step           Time
          35000       70.00000

   Energies (kJ/mol)
        LJ (SR)  Disper. corr.   Coulomb (SR)   Coul. recip.      Potential
    4.65698e+04   -1.97288e+03   -2.82799e+05    1.19022e+03   -2.37012e+05
    Kinetic En.   Total Energy  Conserved En.    Temperature Pres. DC (bar)
    3.71016e+04   -1.99911e+05   -1.79385e+05    2.70467e+02   -2.00237e+02
 Pressure (bar)
    5.45297e+01

           Step           Time
          40000       80.00000

   Energies (kJ/mol)
        LJ (SR)  Disper. corr.   Coulomb (SR)   Coul. recip.      Potential
    4.59601e+04   -1.97612e+03   -2.82807e+05    1.12012e+03   -2.37703e+05
    Kinetic En.   Total Energy  Conserved En.    Temperature Pres. DC (bar)
    3.76292e+04   -2.00074e+05   -1.79121e+05    2.74313e+02   -2.00894e+02
 Pressure (bar)
   -1.99290e+02

           Step           Time
          45000       90.00000

   Energies (kJ/mol)
        LJ (SR)  Disper. corr.   Coulomb (SR)   Coul. recip.      Potential
    4.72690e+04   -1.97791e+03   -2.83546e+05    1.20962e+03   -2.37045e+05
    Kinetic En.   Total Energy  Conserved En.    Temperature Pres. DC (bar)
    3.79555e+04   -1.99090e+05   -1.78840e+05    2.76691e+02   -2.01258e+02
 Pressure (bar)
    3.08914e+02

           Step           Time
          50000      100.00000

   Energies (kJ/mol)
        LJ (SR)  Disper. corr.   Coulomb (SR)   Coul. recip.      Potential
    4.68688e+04   -1.97898e+03   -2.82436e+05    1.21742e+03   -2.36329e+05
    Kinetic En.   Total Energy  Conserved En.    Temperature Pres. DC (bar)
    3.80405e+04   -1.98288e+05   -1.78580e+05    2.77311e+02   -2.01475e+02
 Pressure (bar)
    3.31170e+02

           Step           Time
          55000      110.00000

   Energies (kJ/mol)
        LJ (SR)  Disper. corr.   Coulomb (SR)   Coul. recip.      Potential
    4.60868e+04   -1.96089e+03   -2.82577e+05    1.15481e+03   -2.37297e+05
    Kinetic En.   Total Energy  Conserved En.    Temperature Pres. DC (bar)
    3.75270e+04   -1.99770e+05   -1.78278e+05    2.73568e+02   -1.97813e+02
 Pressure (bar)
   -2.16354e+02

           Step           Time
          60000      120.00000

   Energies (kJ/mol)
        LJ (SR)  Disper. corr.   Coulomb (SR)   Coul. recip.      Potential
    4.59132e+04   -1.97194e+03   -2.82198e+05    1.17309e+03   -2.37084e+05
    Kinetic En.   Total Energy  Conserved En.    Temperature Pres. DC (bar)
    3.77243e+04   -1.99359e+05   -1.78002e+05    2.75006e+02   -2.00046e+02
 Pressure (bar)
   -1.66114e+02

           Step           Time
          65000      130.00000

   Energies (kJ/mol)
        LJ (SR)  Disper. corr.   Coulomb (SR)   Coul. recip.      Potential
    4.60122e+04   -1.96643e+03   -2.82300e+05    1.13511e+03   -2.37119e+05
    Kinetic En.   Total Energy  Conserved En.    Temperature Pres. DC (bar)
    3.67852e+04   -2.00334e+05   -1.77735e+05    2.68160e+02   -1.98931e+02
 Pressure (bar)
   -1.84227e+02

           Step           Time
          70000      140.00000

   Energies (kJ/mol)
        LJ (SR)  Disper. corr.   Coulomb (SR)   Coul. recip.      Potential
    4.63080e+04   -1.97950e+03   -2.82830e+05    1.18376e+03   -2.37318e+05
    Kinetic En.   Total Energy  Conserved En.    Temperature Pres. DC (bar)
    3.75711e+04   -1.99747e+05   -1.77449e+05    2.73889e+02   -2.01581e+02
 Pressure (bar)
   -1.31564e+01

           Step           Time
          75000      150.00000

   Energies (kJ/mol)
        LJ (SR)  Disper. corr.   Coulomb (SR)   Coul. recip.      Potential
    4.66569e+04   -1.97539e+03   -2.82657e+05    1.18068e+03   -2.36795e+05
    Kinetic En.   Total Energy  Conserved En.    Temperature Pres. DC (bar)
    3.74006e+04   -1.99395e+05   -1.77165e+05    2.72646e+02   -2.00746e+02
 Pressure (bar)
    9.61525e+01

           Step           Time
          80000      160.00000

   Energies (kJ/mol)
        LJ (SR)  Disper. corr.   Coulomb (SR)   Coul. recip.      Potential
    4.72314e+04   -1.98061e+03   -2.83404e+05    1.14574e+03   -2.37007e+05
    Kinetic En.   Total Energy  Conserved En.    Temperature Pres. DC (bar)
    3.72833e+04   -1.99724e+05   -1.76882e+05    2.71791e+02   -2.01807e+02
 Pressure (bar)
    3.48574e+02

           Step           Time
          85000      170.00000

   Energies (kJ/mol)
        LJ (SR)  Disper. corr.   Coulomb (SR)   Coul. recip.      Potential
    4.64553e+04   -1.98090e+03   -2.82893e+05    1.19126e+03   -2.37227e+05
    Kinetic En.   Total Energy  Conserved En.    Temperature Pres. DC (bar)
    3.76917e+04   -1.99536e+05   -1.76566e+05    2.74768e+02   -2.01866e+02
 Pressure (bar)
    7.17096e+01

           Step           Time
          90000      180.00000

   Energies (kJ/mol)
        LJ (SR)  Disper. corr.   Coulomb (SR)   Coul. recip.      Potential
    4.80889e+04   -1.97265e+03   -2.85197e+05    1.22470e+03   -2.37856e+05
    Kinetic En.   Total Energy  Conserved En.    Temperature Pres. DC (bar)
    3.77291e+04   -2.00127e+05   -1.76253e+05    2.75041e+02   -2.00191e+02
 Pressure (bar)
    4.25016e+02

           Step           Time
          95000      190.00000

   Energies (kJ/mol)
        LJ (SR)  Disper. corr.   Coulomb (SR)   Coul. recip.      Potential
    4.52700e+04   -1.96567e+03   -2.81089e+05    1.17583e+03   -2.36608e+05
    Kinetic En.   Total Energy  Conserved En.    Temperature Pres. DC (bar)
    3.72184e+04   -1.99390e+05   -1.75973e+05    2.71318e+02   -1.98778e+02
 Pressure (bar)
   -3.29052e+02

           Step           Time
         100000      200.00000

   Energies (kJ/mol)
        LJ (SR)  Disper. corr.   Coulomb (SR)   Coul. recip.      Potential
    4.69145e+04   -1.95846e+03   -2.83044e+05    1.21505e+03   -2.36873e+05
    Kinetic En.   Total Energy  Conserved En.    Temperature Pres. DC (bar)
    3.75309e+04   -1.99342e+05   -1.75688e+05    2.73597e+02   -1.97323e+02
 Pressure (bar)
    4.70705e+01

           Step           Time
         105000      210.00000

   Energies (kJ/mol)
        LJ (SR)  Disper. corr.   Coulomb (SR)   Coul. recip.      Potential
    4.57757e+04   -1.95035e+03   -2.81614e+05    1.20969e+03   -2.36579e+05
    Kinetic En.   Total Energy  Conserved En.    Temperature Pres. DC (bar)
    3.75280e+04   -1.99051e+05   -1.75411e+05    2.73576e+02   -1.95693e+02
 Pressure (bar)
   -2.80262e+02

           Step           Time
         110000      220.00000

   Energies (kJ/mol)
        LJ (SR)  Disper. corr.   Coulomb (SR)   Coul. recip.      Potential
    4.62948e+04   -1.97850e+03   -2.82657e+05    1.12542e+03   -2.37215e+05
    Kinetic En.   Total Energy  Conserved En.    Temperature Pres. DC (bar)
    3.73541e+04   -1.99861e+05   -1.75113e+05    2.72308e+02   -2.01379e+02
 Pressure (bar)
   -2.34312e+01

           Step           Time
         115000      230.00000

   Energies (kJ/mol)
        LJ (SR)  Disper. corr.   Coulomb (SR)   Coul. recip.      Potential
    4.69131e+04   -1.98432e+03   -2.82343e+05    1.21871e+03   -2.36195e+05
    Kinetic En.   Total Energy  Conserved En.    Temperature Pres. DC (bar)
    3.80182e+04   -1.98177e+05   -1.74818e+05    2.77149e+02   -2.02564e+02
 Pressure (bar)
    3.68201e+02

           Step           Time
         120000      240.00000

   Energies (kJ/mol)
        LJ (SR)  Disper. corr.   Coulomb (SR)   Coul. recip.      Potential
    4.63537e+04   -1.98125e+03   -2.82524e+05    1.17211e+03   -2.36979e+05
    Kinetic En.   Total Energy  Conserved En.    Temperature Pres. DC (bar)
    3.74896e+04   -1.99489e+05   -1.74561e+05    2.73296e+02   -2.01939e+02
 Pressure (bar)
    6.14298e+01

           Step           Time
         125000      250.00000

   Energies (kJ/mol)
        LJ (SR)  Disper. corr.   Coulomb (SR)   Coul. recip.      Potential
    4.66115e+04   -1.97847e+03   -2.82419e+05    1.12995e+03   -2.36656e+05
    Kinetic En.   Total Energy  Conserved En.    Temperature Pres. DC (bar)
    3.75330e+04   -1.99123e+05   -1.74249e+05    2.73612e+02   -2.01373e+02
 Pressure (bar)
    1.31598e+02

           Step           Time
         130000      260.00000

   Energies (kJ/mol)
        LJ (SR)  Disper. corr.   Coulomb (SR)   Coul. recip.      Potential
    4.62069e+04   -1.96765e+03   -2.82465e+05    1.20032e+03   -2.37025e+05
    Kinetic En.   Total Energy  Conserved En.    Temperature Pres. DC (bar)
    3.75873e+04   -1.99438e+05   -1.73952e+05    2.74007e+02   -1.99178e+02
 Pressure (bar)
   -9.66643e+01

           Step           Time
         135000      270.00000

   Energies (kJ/mol)
        LJ (SR)  Disper. corr.   Coulomb (SR)   Coul. recip.      Potential
    4.73290e+04   -1.97269e+03   -2.84432e+05    1.17743e+03   -2.37898e+05
    Kinetic En.   Total Energy  Conserved En.    Temperature Pres. DC (bar)
    3.80570e+04   -1.99841e+05   -1.73700e+05    2.77432e+02   -2.00199e+02
 Pressure (bar)
    2.31279e+02

           Step           Time
         140000      280.00000

   Energies (kJ/mol)
        LJ (SR)  Disper. corr.   Coulomb (SR)   Coul. recip.      Potential
    4.74391e+04   -1.99176e+03   -2.84565e+05    1.15322e+03   -2.37965e+05
    Kinetic En.   Total Energy  Conserved En.    Temperature Pres. DC (bar)
    3.76363e+04   -2.00328e+05   -1.73448e+05    2.74364e+02   -2.04084e+02
 Pressure (bar)
    4.01901e+02

           Step           Time
         145000      290.00000

   Energies (kJ/mol)
        LJ (SR)  Disper. corr.   Coulomb (SR)   Coul. recip.      Potential
    4.60235e+04   -1.95859e+03   -2.81383e+05    1.17219e+03   -2.36146e+05
    Kinetic En.   Total Energy  Conserved En.    Temperature Pres. DC (bar)
    3.72612e+04   -1.98885e+05   -1.73152e+05    2.71630e+02   -1.97350e+02
 Pressure (bar)
   -1.48188e+02

           Step           Time
         150000      300.00000

   Energies (kJ/mol)
        LJ (SR)  Disper. corr.   Coulomb (SR)   Coul. recip.      Potential
    4.57020e+04   -1.96689e+03   -2.81695e+05    1.17503e+03   -2.36785e+05
    Kinetic En.   Total Energy  Conserved En.    Temperature Pres. DC (bar)
    3.71623e+04   -1.99623e+05   -1.72848e+05    2.70909e+02   -1.99023e+02
 Pressure (bar)
   -2.56088e+02

           Step           Time
         155000      310.00000

   Energies (kJ/mol)
        LJ (SR)  Disper. corr.   Coulomb (SR)   Coul. recip.      Potential
    4.68257e+04   -1.97143e+03   -2.82643e+05    1.17484e+03   -2.36614e+05
    Kinetic En.   Total Energy  Conserved En.    Temperature Pres. DC (bar)
    3.74513e+04   -1.99162e+05   -1.72590e+05    2.73016e+02   -1.99942e+02
 Pressure (bar)
    1.99606e+02

           Step           Time
         160000      320.00000

   Energies (kJ/mol)
        LJ (SR)  Disper. corr.   Coulomb (SR)   Coul. recip.      Potential
    4.51435e+04   -1.96688e+03   -2.80605e+05    1.17807e+03   -2.36250e+05
    Kinetic En.   Total Energy  Conserved En.    Temperature Pres. DC (bar)
    3.80554e+04   -1.98195e+05   -1.72308e+05    2.77420e+02   -1.99022e+02
 Pressure (bar)
   -2.74649e+02

           Step           Time
         165000      330.00000

   Energies (kJ/mol)
        LJ (SR)  Disper. corr.   Coulomb (SR)   Coul. recip.      Potential
    4.69059e+04   -1.98013e+03   -2.83514e+05    1.15859e+03   -2.37430e+05
    Kinetic En.   Total Energy  Conserved En.    Temperature Pres. DC (bar)
    3.73326e+04   -2.00097e+05   -1.72033e+05    2.72151e+02   -2.01711e+02
 Pressure (bar)
    1.42077e+02

           Step           Time
         170000      340.00000

   Energies (kJ/mol)
        LJ (SR)  Disper. corr.   Coulomb (SR)   Coul. recip.      Potential
    4.52686e+04   -1.96021e+03   -2.81004e+05    1.14190e+03   -2.36553e+05
    Kinetic En.   Total Energy  Conserved En.    Temperature Pres. DC (bar)
    3.73550e+04   -1.99198e+05   -1.71737e+05    2.72314e+02   -1.97676e+02
 Pressure (bar)
   -4.16877e+02

           Step           Time
         175000      350.00000

   Energies (kJ/mol)
        LJ (SR)  Disper. corr.   Coulomb (SR)   Coul. recip.      Potential
    4.54196e+04   -1.96905e+03   -2.80959e+05    1.16640e+03   -2.36342e+05
    Kinetic En.   Total Energy  Conserved En.    Temperature Pres. DC (bar)
    3.74816e+04   -1.98861e+05   -1.71416e+05    2.73237e+02   -1.99462e+02
 Pressure (bar)
   -1.87194e+02

           Step           Time
         180000      360.00000

   Energies (kJ/mol)
        LJ (SR)  Disper. corr.   Coulomb (SR)   Coul. recip.      Potential
    4.68841e+04   -1.97634e+03   -2.82719e+05    1.19008e+03   -2.36621e+05
    Kinetic En.   Total Energy  Conserved En.    Temperature Pres. DC (bar)
    3.79639e+04   -1.98657e+05   -1.71166e+05    2.76753e+02   -2.00939e+02
 Pressure (bar)
    2.90850e+02

           Step           Time
         185000      370.00000

   Energies (kJ/mol)
        LJ (SR)  Disper. corr.   Coulomb (SR)   Coul. recip.      Potential
    4.64896e+04   -1.97991e+03   -2.82191e+05    1.13208e+03   -2.36549e+05
    Kinetic En.   Total Energy  Conserved En.    Temperature Pres. DC (bar)
    3.73130e+04   -1.99236e+05   -1.70850e+05    2.72008e+02   -2.01665e+02
 Pressure (bar)
    1.38407e+02

           Step           Time
         190000      380.00000

   Energies (kJ/mol)
        LJ (SR)  Disper. corr.   Coulomb (SR)   Coul. recip.      Potential
    4.59964e+04   -1.97297e+03   -2.82687e+05    1.17429e+03   -2.37489e+05
    Kinetic En.   Total Energy  Conserved En.    Temperature Pres. DC (bar)
    3.75078e+04   -1.99981e+05   -1.70523e+05    2.73428e+02   -2.00255e+02
 Pressure (bar)
   -2.03625e+02

           Step           Time
         195000      390.00000

   Energies (kJ/mol)
        LJ (SR)  Disper. corr.   Coulomb (SR)   Coul. recip.      Potential
    4.73317e+04   -1.97679e+03   -2.84113e+05    1.13012e+03   -2.37628e+05
    Kinetic En.   Total Energy  Conserved En.    Temperature Pres. DC (bar)
    3.78304e+04   -1.99798e+05   -1.70208e+05    2.75780e+02   -2.01031e+02
 Pressure (bar)
    2.70282e+02

Writing checkpoint, step 195950 at Sat Mar  8 12:34:03 2025


           Step           Time
         200000      400.00000

   Energies (kJ/mol)
        LJ (SR)  Disper. corr.   Coulomb (SR)   Coul. recip.      Potential
    4.73190e+04   -1.96783e+03   -2.83620e+05    1.16574e+03   -2.37103e+05
    Kinetic En.   Total Energy  Conserved En.    Temperature Pres. DC (bar)
    3.73665e+04   -1.99737e+05   -1.69972e+05    2.72398e+02   -1.99213e+02
 Pressure (bar)
    2.61832e+02

           Step           Time
         205000      410.00000

   Energies (kJ/mol)
        LJ (SR)  Disper. corr.   Coulomb (SR)   Coul. recip.      Potential
    4.58360e+04   -1.97287e+03   -2.81728e+05    1.19859e+03   -2.36667e+05
    Kinetic En.   Total Energy  Conserved En.    Temperature Pres. DC (bar)
    3.75207e+04   -1.99146e+05   -1.69705e+05    2.73522e+02   -2.00235e+02
 Pressure (bar)
   -1.19340e+02

           Step           Time
         210000      420.00000

   Energies (kJ/mol)
        LJ (SR)  Disper. corr.   Coulomb (SR)   Coul. recip.      Potential
    4.62300e+04   -1.97142e+03   -2.82137e+05    1.18632e+03   -2.36692e+05
    Kinetic En.   Total Energy  Conserved En.    Temperature Pres. DC (bar)
    3.74584e+04   -1.99234e+05   -1.69386e+05    2.73068e+02   -1.99941e+02
 Pressure (bar)
   -1.84623e+00

           Step           Time
         215000      430.00000

   Energies (kJ/mol)
        LJ (SR)  Disper. corr.   Coulomb (SR)   Coul. recip.      Potential
    4.65124e+04   -1.95545e+03   -2.83033e+05    1.21592e+03   -2.37260e+05
    Kinetic En.   Total Energy  Conserved En.    Temperature Pres. DC (bar)
    3.73044e+04   -1.99956e+05   -1.69115e+05    2.71945e+02   -1.96717e+02
 Pressure (bar)
   -1.82974e+02

           Step           Time
         220000      440.00000

   Energies (kJ/mol)
        LJ (SR)  Disper. corr.   Coulomb (SR)   Coul. recip.      Potential
    4.75219e+04   -1.98043e+03   -2.83614e+05    1.13281e+03   -2.36940e+05
    Kinetic En.   Total Energy  Conserved En.    Temperature Pres. DC (bar)
    3.82695e+04   -1.98670e+05   -1.68878e+05    2.78981e+02   -2.01770e+02
 Pressure (bar)
    4.64699e+02

           Step           Time
         225000      450.00000

   Energies (kJ/mol)
        LJ (SR)  Disper. corr.   Coulomb (SR)   Coul. recip.      Potential
    4.71435e+04   -1.97547e+03   -2.83402e+05    1.16328e+03   -2.37071e+05
    Kinetic En.   Total Energy  Conserved En.    Temperature Pres. DC (bar)
    3.76879e+04   -1.99383e+05   -1.68604e+05    2.74741e+02   -2.00763e+02
 Pressure (bar)
    2.80832e+02

           Step           Time
         230000      460.00000

   Energies (kJ/mol)
        LJ (SR)  Disper. corr.   Coulomb (SR)   Coul. recip.      Potential
    4.71860e+04   -1.97542e+03   -2.84253e+05    1.19764e+03   -2.37845e+05
    Kinetic En.   Total Energy  Conserved En.    Temperature Pres. DC (bar)
    3.79381e+04   -1.99907e+05   -1.68325e+05    2.76565e+02   -2.00753e+02
 Pressure (bar)
    2.29940e+02

           Step           Time
         235000      470.00000

   Energies (kJ/mol)
        LJ (SR)  Disper. corr.   Coulomb (SR)   Coul. recip.      Potential
    4.52331e+04   -1.97913e+03   -2.80912e+05    1.13960e+03   -2.36518e+05
    Kinetic En.   Total Energy  Conserved En.    Temperature Pres. DC (bar)
    3.74811e+04   -1.99037e+05   -1.68040e+05    2.73233e+02   -2.01507e+02
 Pressure (bar)
   -2.18234e+02

           Step           Time
         240000      480.00000

   Energies (kJ/mol)
        LJ (SR)  Disper. corr.   Coulomb (SR)   Coul. recip.      Potential
    4.59852e+04   -1.97542e+03   -2.81625e+05    1.21418e+03   -2.36401e+05
    Kinetic En.   Total Energy  Conserved En.    Temperature Pres. DC (bar)
    3.70422e+04   -1.99359e+05   -1.67739e+05    2.70034e+02   -2.00752e+02
 Pressure (bar)
   -5.78848e+01

           Step           Time
         245000      490.00000

   Energies (kJ/mol)
        LJ (SR)  Disper. corr.   Coulomb (SR)   Coul. recip.      Potential
    4.76757e+04   -1.97066e+03   -2.84254e+05    1.21020e+03   -2.37339e+05
    Kinetic En.   Total Energy  Conserved En.    Temperature Pres. DC (bar)
    3.73700e+04   -1.99969e+05   -1.67437e+05    2.72423e+02   -1.99787e+02
 Pressure (bar)
    3.39602e+02

           Step           Time
         250000      500.00000

   Energies (kJ/mol)
        LJ (SR)  Disper. corr.   Coulomb (SR)   Coul. recip.      Potential
    4.59897e+04   -1.98006e+03   -2.81654e+05    1.16480e+03   -2.36479e+05
    Kinetic En.   Total Energy  Conserved En.    Temperature Pres. DC (bar)
    3.71587e+04   -1.99321e+05   -1.67122e+05    2.70883e+02   -2.01695e+02
 Pressure (bar)
   -3.95690e+01

           Step           Time
         255000      510.00000

   Energies (kJ/mol)
        LJ (SR)  Disper. corr.   Coulomb (SR)   Coul. recip.      Potential
    4.60936e+04   -1.96632e+03   -2.82396e+05    1.17848e+03   -2.37090e+05
    Kinetic En.   Total Energy  Conserved En.    Temperature Pres. DC (bar)
    3.70144e+04   -2.00076e+05   -1.66856e+05    2.69831e+02   -1.98910e+02
 Pressure (bar)
   -1.61643e+02

           Step           Time
         260000      520.00000

   Energies (kJ/mol)
        LJ (SR)  Disper. corr.   Coulomb (SR)   Coul. recip.      Potential
    4.69520e+04   -1.98043e+03   -2.83736e+05    1.14012e+03   -2.37624e+05
    Kinetic En.   Total Energy  Conserved En.    Temperature Pres. DC (bar)
    3.67652e+04   -2.00859e+05   -1.66597e+05    2.68014e+02   -2.01771e+02
 Pressure (bar)
    1.16248e+02

           Step           Time
         265000      530.00000

   Energies (kJ/mol)
        LJ (SR)  Disper. corr.   Coulomb (SR)   Coul. recip.      Potential
    4.64485e+04   -1.96074e+03   -2.82220e+05    1.18025e+03   -2.36552e+05
    Kinetic En.   Total Energy  Conserved En.    Temperature Pres. DC (bar)
    3.79853e+04   -1.98567e+05   -1.66320e+05    2.76909e+02   -1.97783e+02
 Pressure (bar)
    2.28103e+01

           Step           Time
         270000      540.00000

   Energies (kJ/mol)
        LJ (SR)  Disper. corr.   Coulomb (SR)   Coul. recip.      Potential
    4.63058e+04   -1.96968e+03   -2.82027e+05    1.21727e+03   -2.36474e+05
    Kinetic En.   Total Energy  Conserved En.    Temperature Pres. DC (bar)
    3.74461e+04   -1.99028e+05   -1.66038e+05    2.72978e+02   -1.99589e+02
 Pressure (bar)
    5.20010e+00

           Step           Time
         275000      550.00000

   Energies (kJ/mol)
        LJ (SR)  Disper. corr.   Coulomb (SR)   Coul. recip.      Potential
    4.61059e+04   -1.98656e+03   -2.82830e+05    1.21487e+03   -2.37496e+05
    Kinetic En.   Total Energy  Conserved En.    Temperature Pres. DC (bar)
    3.71946e+04   -2.00301e+05   -1.65799e+05    2.71144e+02   -2.03022e+02
 Pressure (bar)
   -8.44592e+01

           Step           Time
         280000      560.00000

   Energies (kJ/mol)
        LJ (SR)  Disper. corr.   Coulomb (SR)   Coul. recip.      Potential
    4.64377e+04   -1.97162e+03   -2.82343e+05    1.12669e+03   -2.36750e+05
    Kinetic En.   Total Energy  Conserved En.    Temperature Pres. DC (bar)
    3.73466e+04   -1.99403e+05   -1.65587e+05    2.72253e+02   -1.99982e+02
 Pressure (bar)
    5.41885e+01

           Step           Time
         285000      570.00000

   Energies (kJ/mol)
        LJ (SR)  Disper. corr.   Coulomb (SR)   Coul. recip.      Potential
    4.60096e+04   -1.97054e+03   -2.81826e+05    1.17438e+03   -2.36612e+05
    Kinetic En.   Total Energy  Conserved En.    Temperature Pres. DC (bar)
    3.72054e+04   -1.99407e+05   -1.65265e+05    2.71223e+02   -1.99764e+02
 Pressure (bar)
   -7.67963e+01

           Step           Time
         290000      580.00000

   Energies (kJ/mol)
        LJ (SR)  Disper. corr.   Coulomb (SR)   Coul. recip.      Potential
    4.66525e+04   -1.98144e+03   -2.83000e+05    1.20401e+03   -2.37125e+05
    Kinetic En.   Total Energy  Conserved En.    Temperature Pres. DC (bar)
    3.71106e+04   -2.00015e+05   -1.64996e+05    2.70532e+02   -2.01977e+02
 Pressure (bar)
    1.65629e+02

           Step           Time
         295000      590.00000

   Energies (kJ/mol)
        LJ (SR)  Disper. corr.   Coulomb (SR)   Coul. recip.      Potential
    4.60210e+04   -1.98363e+03   -2.81861e+05    1.16385e+03   -2.36659e+05
    Kinetic En.   Total Energy  Conserved En.    Temperature Pres. DC (bar)
    3.71127e+04   -1.99547e+05   -1.64690e+05    2.70548e+02   -2.02424e+02
 Pressure (bar)
    1.79872e+01

           Step           Time
         300000      600.00000

   Energies (kJ/mol)
        LJ (SR)  Disper. corr.   Coulomb (SR)   Coul. recip.      Potential
    4.68579e+04   -1.97105e+03   -2.83539e+05    1.19244e+03   -2.37460e+05
    Kinetic En.   Total Energy  Conserved En.    Temperature Pres. DC (bar)
    3.73149e+04   -2.00145e+05   -1.64409e+05    2.72022e+02   -1.99865e+02
 Pressure (bar)
    6.71976e+01

           Step           Time
         305000      610.00000

   Energies (kJ/mol)
        LJ (SR)  Disper. corr.   Coulomb (SR)   Coul. recip.      Potential
    4.72702e+04   -1.96287e+03   -2.83967e+05    1.12930e+03   -2.37530e+05
    Kinetic En.   Total Energy  Conserved En.    Temperature Pres. DC (bar)
    3.73341e+04   -2.00196e+05   -1.64082e+05    2.72162e+02   -1.98211e+02
 Pressure (bar)
    1.32014e+02

           Step           Time
         310000      620.00000

   Energies (kJ/mol)
        LJ (SR)  Disper. corr.   Coulomb (SR)   Coul. recip.      Potential
    4.70394e+04   -1.99200e+03   -2.83487e+05    1.19980e+03   -2.37240e+05
    Kinetic En.   Total Energy  Conserved En.    Temperature Pres. DC (bar)
    3.77950e+04   -1.99445e+05   -1.63806e+05    2.75522e+02   -2.04133e+02
 Pressure (bar)
    3.30434e+02

           Step           Time
         315000      630.00000

   Energies (kJ/mol)
        LJ (SR)  Disper. corr.   Coulomb (SR)   Coul. recip.      Potential
    4.61584e+04   -1.97600e+03   -2.82671e+05    1.15879e+03   -2.37329e+05
    Kinetic En.   Total Energy  Conserved En.    Temperature Pres. DC (bar)
    3.69163e+04   -2.00413e+05   -1.63520e+05    2.69116e+02   -2.00870e+02
 Pressure (bar)
   -1.26658e+02

           Step           Time
         320000      640.00000

   Energies (kJ/mol)
        LJ (SR)  Disper. corr.   Coulomb (SR)   Coul. recip.      Potential
    4.64690e+04   -1.98247e+03   -2.83051e+05    1.09988e+03   -2.37465e+05
    Kinetic En.   Total Energy  Conserved En.    Temperature Pres. DC (bar)
    3.73620e+04   -2.00103e+05   -1.63235e+05    2.72365e+02   -2.02186e+02
 Pressure (bar)
    4.19495e+00

           Step           Time
         325000      650.00000

   Energies (kJ/mol)
        LJ (SR)  Disper. corr.   Coulomb (SR)   Coul. recip.      Potential
    4.66568e+04   -1.98066e+03   -2.82786e+05    1.15447e+03   -2.36955e+05
    Kinetic En.   Total Energy  Conserved En.    Temperature Pres. DC (bar)
    3.75105e+04   -1.99445e+05   -1.62975e+05    2.73448e+02   -2.01817e+02
 Pressure (bar)
    1.61152e+02

           Step           Time
         330000      660.00000

   Energies (kJ/mol)
        LJ (SR)  Disper. corr.   Coulomb (SR)   Coul. recip.      Potential
    4.67671e+04   -1.96881e+03   -2.83221e+05    1.14522e+03   -2.37278e+05
    Kinetic En.   Total Energy  Conserved En.    Temperature Pres. DC (bar)
    3.72503e+04   -2.00028e+05   -1.62639e+05    2.71551e+02   -1.99413e+02
 Pressure (bar)
    4.44423e+01

Writing checkpoint, step 330150 at Sat Mar  8 13:07:51 2025


Writing checkpoint, step 330200 at Sat Mar  8 13:07:52 2025


           Step           Time
         335000      670.00000

   Energies (kJ/mol)
        LJ (SR)  Disper. corr.   Coulomb (SR)   Coul. recip.      Potential
    4.60866e+04   -1.97399e+03   -2.82478e+05    1.15543e+03   -2.37209e+05
    Kinetic En.   Total Energy  Conserved En.    Temperature Pres. DC (bar)
    3.72066e+04   -2.00003e+05   -1.62364e+05    2.71232e+02   -2.00463e+02
 Pressure (bar)
   -1.23615e+02

           Step           Time
         340000      680.00000

   Energies (kJ/mol)
        LJ (SR)  Disper. corr.   Coulomb (SR)   Coul. recip.      Potential
    4.59488e+04   -1.96621e+03   -2.82171e+05    1.17707e+03   -2.37011e+05
    Kinetic En.   Total Energy  Conserved En.    Temperature Pres. DC (bar)
    3.73834e+04   -1.99628e+05   -1.62102e+05    2.72521e+02   -1.98886e+02
 Pressure (bar)
   -1.73030e+02

           Step           Time
         345000      690.00000

   Energies (kJ/mol)
        LJ (SR)  Disper. corr.   Coulomb (SR)   Coul. recip.      Potential
    4.56523e+04   -1.97354e+03   -2.81965e+05    1.14661e+03   -2.37139e+05
    Kinetic En.   Total Energy  Conserved En.    Temperature Pres. DC (bar)
    3.79009e+04   -1.99238e+05   -1.61772e+05    2.76294e+02   -2.00370e+02
 Pressure (bar)
   -2.29369e+02

           Step           Time
         350000      700.00000

   Energies (kJ/mol)
        LJ (SR)  Disper. corr.   Coulomb (SR)   Coul. recip.      Potential
    4.58166e+04   -1.97011e+03   -2.82176e+05    1.28442e+03   -2.37045e+05
    Kinetic En.   Total Energy  Conserved En.    Temperature Pres. DC (bar)
    3.76779e+04   -1.99367e+05   -1.61512e+05    2.74668e+02   -1.99676e+02
 Pressure (bar)
   -2.14278e+02

           Step           Time
         355000      710.00000

   Energies (kJ/mol)
        LJ (SR)  Disper. corr.   Coulomb (SR)   Coul. recip.      Potential
    4.62317e+04   -1.98139e+03   -2.81779e+05    1.16159e+03   -2.36367e+05
    Kinetic En.   Total Energy  Conserved En.    Temperature Pres. DC (bar)
    3.70349e+04   -1.99332e+05   -1.61241e+05    2.69980e+02   -2.01966e+02
 Pressure (bar)
    1.10969e+02

           Step           Time
         360000      720.00000

   Energies (kJ/mol)
        LJ (SR)  Disper. corr.   Coulomb (SR)   Coul. recip.      Potential
    4.53636e+04   -1.97354e+03   -2.80531e+05    1.18371e+03   -2.35957e+05
    Kinetic En.   Total Energy  Conserved En.    Temperature Pres. DC (bar)
    3.70728e+04   -1.98884e+05   -1.60952e+05    2.70257e+02   -2.00371e+02
 Pressure (bar)
   -1.93034e+02

           Step           Time
         365000      730.00000

   Energies (kJ/mol)
        LJ (SR)  Disper. corr.   Coulomb (SR)   Coul. recip.      Potential
    4.64027e+04   -1.97959e+03   -2.83511e+05    1.14719e+03   -2.37941e+05
    Kinetic En.   Total Energy  Conserved En.    Temperature Pres. DC (bar)
    3.72430e+04   -2.00698e+05   -1.60673e+05    2.71498e+02   -2.01601e+02
 Pressure (bar)
   -7.46411e+01

           Step           Time
         370000      740.00000

   Energies (kJ/mol)
        LJ (SR)  Disper. corr.   Coulomb (SR)   Coul. recip.      Potential
    4.67147e+04   -1.97957e+03   -2.83874e+05    1.19245e+03   -2.37947e+05
    Kinetic En.   Total Energy  Conserved En.    Temperature Pres. DC (bar)
    3.75730e+04   -2.00374e+05   -1.60394e+05    2.73903e+02   -2.01597e+02
 Pressure (bar)
    1.75577e+01

           Step           Time
         375000      750.00000

   Energies (kJ/mol)
        LJ (SR)  Disper. corr.   Coulomb (SR)   Coul. recip.      Potential
    4.59402e+04   -1.97805e+03   -2.81958e+05    1.18554e+03   -2.36810e+05
    Kinetic En.   Total Energy  Conserved En.    Temperature Pres. DC (bar)
    3.74716e+04   -1.99339e+05   -1.60115e+05    2.73164e+02   -2.01286e+02
 Pressure (bar)
   -3.99229e+01

           Step           Time
         380000      760.00000

   Energies (kJ/mol)
        LJ (SR)  Disper. corr.   Coulomb (SR)   Coul. recip.      Potential
    4.68367e+04   -1.97346e+03   -2.83120e+05    1.14178e+03   -2.37115e+05
    Kinetic En.   Total Energy  Conserved En.    Temperature Pres. DC (bar)
    3.70754e+04   -2.00039e+05   -1.59825e+05    2.70276e+02   -2.00354e+02
 Pressure (bar)
    1.17075e+02

           Step           Time
         385000      770.00000

   Energies (kJ/mol)
        LJ (SR)  Disper. corr.   Coulomb (SR)   Coul. recip.      Potential
    4.63772e+04   -1.97775e+03   -2.82354e+05    1.13490e+03   -2.36820e+05
    Kinetic En.   Total Energy  Conserved En.    Temperature Pres. DC (bar)
    3.71725e+04   -1.99647e+05   -1.59500e+05    2.70984e+02   -2.01226e+02
 Pressure (bar)
    5.60043e+01

           Step           Time
         390000      780.00000

   Energies (kJ/mol)
        LJ (SR)  Disper. corr.   Coulomb (SR)   Coul. recip.      Potential
    4.68735e+04   -1.97207e+03   -2.83630e+05    1.17006e+03   -2.37559e+05
    Kinetic En.   Total Energy  Conserved En.    Temperature Pres. DC (bar)
    3.76302e+04   -1.99928e+05   -1.59241e+05    2.74320e+02   -2.00072e+02
 Pressure (bar)
    8.24824e+01

           Step           Time
         395000      790.00000

   Energies (kJ/mol)
        LJ (SR)  Disper. corr.   Coulomb (SR)   Coul. recip.      Potential
    4.75639e+04   -1.96994e+03   -2.83945e+05    1.18223e+03   -2.37169e+05
    Kinetic En.   Total Energy  Conserved En.    Temperature Pres. DC (bar)
    3.74903e+04   -1.99679e+05   -1.58860e+05    2.73300e+02   -1.99642e+02
 Pressure (bar)
    3.29692e+02

           Step           Time
         400000      800.00000

   Energies (kJ/mol)
        LJ (SR)  Disper. corr.   Coulomb (SR)   Coul. recip.      Potential
    4.56433e+04   -1.95622e+03   -2.82028e+05    1.19408e+03   -2.37147e+05
    Kinetic En.   Total Energy  Conserved En.    Temperature Pres. DC (bar)
    3.76144e+04   -1.99533e+05   -1.58618e+05    2.74205e+02   -1.96872e+02
 Pressure (bar)
   -3.73861e+02

           Step           Time
         405000      810.00000

   Energies (kJ/mol)
        LJ (SR)  Disper. corr.   Coulomb (SR)   Coul. recip.      Potential
    4.69269e+04   -1.97276e+03   -2.83780e+05    1.17918e+03   -2.37647e+05
    Kinetic En.   Total Energy  Conserved En.    Temperature Pres. DC (bar)
    3.69648e+04   -2.00682e+05   -1.58338e+05    2.69470e+02   -2.00213e+02
 Pressure (bar)
    7.80690e-01

           Step           Time
         410000      820.00000

   Energies (kJ/mol)
        LJ (SR)  Disper. corr.   Coulomb (SR)   Coul. recip.      Potential
    4.55666e+04   -1.97005e+03   -2.81514e+05    1.23410e+03   -2.36683e+05
    Kinetic En.   Total Energy  Conserved En.    Temperature Pres. DC (bar)
    3.74040e+04   -1.99279e+05   -1.58054e+05    2.72672e+02   -1.99663e+02
 Pressure (bar)
   -2.34857e+02

           Step           Time
         415000      830.00000

   Energies (kJ/mol)
        LJ (SR)  Disper. corr.   Coulomb (SR)   Coul. recip.      Potential
    4.59686e+04   -1.96464e+03   -2.82145e+05    1.19896e+03   -2.36942e+05
    Kinetic En.   Total Energy  Conserved En.    Temperature Pres. DC (bar)
    3.79768e+04   -1.98965e+05   -1.57777e+05    2.76847e+02   -1.98570e+02
 Pressure (bar)
   -1.82485e+02

           Step           Time
         420000      840.00000

   Energies (kJ/mol)
        LJ (SR)  Disper. corr.   Coulomb (SR)   Coul. recip.      Potential
    4.56076e+04   -1.96207e+03   -2.81159e+05    1.18509e+03   -2.36328e+05
    Kinetic En.   Total Energy  Conserved En.    Temperature Pres. DC (bar)
    3.74459e+04   -1.98883e+05   -1.57494e+05    2.72977e+02   -1.98050e+02
 Pressure (bar)
   -2.95648e+02

           Step           Time
         425000      850.00000

   Energies (kJ/mol)
        LJ (SR)  Disper. corr.   Coulomb (SR)   Coul. recip.      Potential
    4.66610e+04   -1.97025e+03   -2.83009e+05    1.13862e+03   -2.37180e+05
    Kinetic En.   Total Energy  Conserved En.    Temperature Pres. DC (bar)
    3.73158e+04   -1.99864e+05   -1.57242e+05    2.72029e+02   -1.99704e+02
 Pressure (bar)
    1.06457e+01

           Step           Time
         430000      860.00000

   Energies (kJ/mol)
        LJ (SR)  Disper. corr.   Coulomb (SR)   Coul. recip.      Potential
    4.67944e+04   -1.97207e+03   -2.82971e+05    1.18032e+03   -2.36968e+05
    Kinetic En.   Total Energy  Conserved En.    Temperature Pres. DC (bar)
    3.74620e+04   -1.99506e+05   -1.57011e+05    2.73094e+02   -2.00073e+02
 Pressure (bar)
    1.69310e+02

           Step           Time
         435000      870.00000

   Energies (kJ/mol)
        LJ (SR)  Disper. corr.   Coulomb (SR)   Coul. recip.      Potential
    4.72467e+04   -1.97329e+03   -2.83883e+05    1.16575e+03   -2.37444e+05
    Kinetic En.   Total Energy  Conserved En.    Temperature Pres. DC (bar)
    3.70545e+04   -2.00390e+05   -1.56728e+05    2.70124e+02   -2.00320e+02
 Pressure (bar)
    1.48915e+02

           Step           Time
         440000      880.00000

   Energies (kJ/mol)
        LJ (SR)  Disper. corr.   Coulomb (SR)   Coul. recip.      Potential
    4.69269e+04   -1.97323e+03   -2.83056e+05    1.14867e+03   -2.36954e+05
    Kinetic En.   Total Energy  Conserved En.    Temperature Pres. DC (bar)
    3.72380e+04   -1.99716e+05   -1.56508e+05    2.71461e+02   -2.00308e+02
 Pressure (bar)
    2.28568e+02

           Step           Time
         445000      890.00000

   Energies (kJ/mol)
        LJ (SR)  Disper. corr.   Coulomb (SR)   Coul. recip.      Potential
    4.65680e+04   -1.97109e+03   -2.82481e+05    1.14823e+03   -2.36736e+05
    Kinetic En.   Total Energy  Conserved En.    Temperature Pres. DC (bar)
    3.71921e+04   -1.99543e+05   -1.56221e+05    2.71126e+02   -1.99874e+02
 Pressure (bar)
    9.99903e+01

           Step           Time
         450000      900.00000

   Energies (kJ/mol)
        LJ (SR)  Disper. corr.   Coulomb (SR)   Coul. recip.      Potential
    4.63275e+04   -1.97278e+03   -2.82151e+05    1.15970e+03   -2.36637e+05
    Kinetic En.   Total Energy  Conserved En.    Temperature Pres. DC (bar)
    3.74520e+04   -1.99185e+05   -1.55967e+05    2.73021e+02   -2.00216e+02
 Pressure (bar)
    6.39087e+01

           Step           Time
         455000      910.00000

   Energies (kJ/mol)
        LJ (SR)  Disper. corr.   Coulomb (SR)   Coul. recip.      Potential
    4.53131e+04   -1.96199e+03   -2.81146e+05    1.15762e+03   -2.36637e+05
    Kinetic En.   Total Energy  Conserved En.    Temperature Pres. DC (bar)
    3.76104e+04   -1.99027e+05   -1.55669e+05    2.74176e+02   -1.98035e+02
 Pressure (bar)
   -3.98050e+02

           Step           Time
         460000      920.00000

   Energies (kJ/mol)
        LJ (SR)  Disper. corr.   Coulomb (SR)   Coul. recip.      Potential
    4.56198e+04   -1.97280e+03   -2.81473e+05    1.18812e+03   -2.36638e+05
    Kinetic En.   Total Energy  Conserved En.    Temperature Pres. DC (bar)
    3.73791e+04   -1.99259e+05   -1.55386e+05    2.72490e+02   -2.00220e+02
 Pressure (bar)
   -1.52775e+02

           Step           Time
         465000      930.00000

   Energies (kJ/mol)
        LJ (SR)  Disper. corr.   Coulomb (SR)   Coul. recip.      Potential
    4.67219e+04   -1.97734e+03   -2.83190e+05    1.16325e+03   -2.37283e+05
    Kinetic En.   Total Energy  Conserved En.    Temperature Pres. DC (bar)
    3.74854e+04   -1.99797e+05   -1.55070e+05    2.73265e+02   -2.01142e+02
 Pressure (bar)
    9.70083e+01

Writing checkpoint, step 469850 at Sat Mar  8 13:19:03 2025


           Step           Time
         470000      940.00000

   Energies (kJ/mol)
        LJ (SR)  Disper. corr.   Coulomb (SR)   Coul. recip.      Potential
    4.66287e+04   -1.97045e+03   -2.82626e+05    1.18414e+03   -2.36783e+05
    Kinetic En.   Total Energy  Conserved En.    Temperature Pres. DC (bar)
    3.75884e+04   -1.99195e+05   -1.54800e+05    2.74016e+02   -1.99744e+02
 Pressure (bar)
    1.75381e+02

           Step           Time
         475000      950.00000

   Energies (kJ/mol)
        LJ (SR)  Disper. corr.   Coulomb (SR)   Coul. recip.      Potential
    4.60180e+04   -1.97026e+03   -2.82640e+05    1.09657e+03   -2.37496e+05
    Kinetic En.   Total Energy  Conserved En.    Temperature Pres. DC (bar)
    3.71099e+04   -2.00386e+05   -1.54501e+05    2.70527e+02   -1.99706e+02
 Pressure (bar)
   -2.05729e+02

           Step           Time
         480000      960.00000

   Energies (kJ/mol)
        LJ (SR)  Disper. corr.   Coulomb (SR)   Coul. recip.      Potential
    4.68134e+04   -1.96914e+03   -2.82547e+05    1.17895e+03   -2.36524e+05
    Kinetic En.   Total Energy  Conserved En.    Temperature Pres. DC (bar)
    3.74812e+04   -1.99043e+05   -1.54179e+05    2.73234e+02   -1.99480e+02
 Pressure (bar)
    2.12531e+02

           Step           Time
         485000      970.00000

   Energies (kJ/mol)
        LJ (SR)  Disper. corr.   Coulomb (SR)   Coul. recip.      Potential
    4.53142e+04   -1.96187e+03   -2.80674e+05    1.16452e+03   -2.36157e+05
    Kinetic En.   Total Energy  Conserved En.    Temperature Pres. DC (bar)
    3.76745e+04   -1.98482e+05   -1.53875e+05    2.74643e+02   -1.98010e+02
 Pressure (bar)
   -2.62973e+02

           Step           Time
         490000      980.00000

   Energies (kJ/mol)
        LJ (SR)  Disper. corr.   Coulomb (SR)   Coul. recip.      Potential
    4.70195e+04   -1.95931e+03   -2.83661e+05    1.17706e+03   -2.37424e+05
    Kinetic En.   Total Energy  Conserved En.    Temperature Pres. DC (bar)
    3.71259e+04   -2.00298e+05   -1.53541e+05    2.70644e+02   -1.97494e+02
 Pressure (bar)
    4.37811e+01

           Step           Time
         495000      990.00000

   Energies (kJ/mol)
        LJ (SR)  Disper. corr.   Coulomb (SR)   Coul. recip.      Potential
    4.68978e+04   -1.97573e+03   -2.82980e+05    1.22685e+03   -2.36831e+05
    Kinetic En.   Total Energy  Conserved En.    Temperature Pres. DC (bar)
    3.72210e+04   -1.99610e+05   -1.53220e+05    2.71337e+02   -2.00816e+02
 Pressure (bar)
    2.00878e+02

           Step           Time
         500000     1000.00000

   Energies (kJ/mol)
        LJ (SR)  Disper. corr.   Coulomb (SR)   Coul. recip.      Potential
    4.63738e+04   -1.97215e+03   -2.81990e+05    1.24365e+03   -2.36344e+05
    Kinetic En.   Total Energy  Conserved En.    Temperature Pres. DC (bar)
    3.75366e+04   -1.98808e+05   -1.52872e+05    2.73638e+02   -2.00090e+02
 Pressure (bar)
    5.66390e+01

           Step           Time
         505000     1010.00000

   Energies (kJ/mol)
        LJ (SR)  Disper. corr.   Coulomb (SR)   Coul. recip.      Potential
    4.60182e+04   -1.96690e+03   -2.81942e+05    1.13906e+03   -2.36752e+05
    Kinetic En.   Total Energy  Conserved En.    Temperature Pres. DC (bar)
    3.78741e+04   -1.98878e+05   -1.52621e+05    2.76098e+02   -1.99027e+02
 Pressure (bar)
   -1.18706e+02

           Step           Time
         510000     1020.00000

   Energies (kJ/mol)
        LJ (SR)  Disper. corr.   Coulomb (SR)   Coul. recip.      Potential
    4.66252e+04   -1.96857e+03   -2.83203e+05    1.16877e+03   -2.37377e+05
    Kinetic En.   Total Energy  Conserved En.    Temperature Pres. DC (bar)
    3.75353e+04   -1.99842e+05   -1.52345e+05    2.73628e+02   -1.99364e+02
 Pressure (bar)
    2.92819e+01

           Step           Time
         515000     1030.00000

   Energies (kJ/mol)
        LJ (SR)  Disper. corr.   Coulomb (SR)   Coul. recip.      Potential
    4.67135e+04   -1.97383e+03   -2.82948e+05    1.18508e+03   -2.37023e+05
    Kinetic En.   Total Energy  Conserved En.    Temperature Pres. DC (bar)
    3.71980e+04   -1.99825e+05   -1.52099e+05    2.71169e+02   -2.00430e+02
 Pressure (bar)
    1.41136e+02

           Step           Time
         520000     1040.00000

   Energies (kJ/mol)
        LJ (SR)  Disper. corr.   Coulomb (SR)   Coul. recip.      Potential
    4.78244e+04   -1.97552e+03   -2.84753e+05    1.18318e+03   -2.37721e+05
    Kinetic En.   Total Energy  Conserved En.    Temperature Pres. DC (bar)
    3.77015e+04   -2.00020e+05   -1.51823e+05    2.74840e+02   -2.00774e+02
 Pressure (bar)
    3.33714e+02

           Step           Time
         525000     1050.00000

   Energies (kJ/mol)
        LJ (SR)  Disper. corr.   Coulomb (SR)   Coul. recip.      Potential
    4.63674e+04   -1.98642e+03   -2.82237e+05    1.18872e+03   -2.36667e+05
    Kinetic En.   Total Energy  Conserved En.    Temperature Pres. DC (bar)
    3.72723e+04   -1.99395e+05   -1.51533e+05    2.71711e+02   -2.02993e+02
 Pressure (bar)
    1.57042e+02

           Step           Time
         530000     1060.00000

   Energies (kJ/mol)
        LJ (SR)  Disper. corr.   Coulomb (SR)   Coul. recip.      Potential
    4.68462e+04   -1.97368e+03   -2.83579e+05    1.13517e+03   -2.37571e+05
    Kinetic En.   Total Energy  Conserved En.    Temperature Pres. DC (bar)
    3.72149e+04   -2.00356e+05   -1.51265e+05    2.71293e+02   -2.00399e+02
 Pressure (bar)
    9.84154e+01

           Step           Time
         535000     1070.00000

   Energies (kJ/mol)
        LJ (SR)  Disper. corr.   Coulomb (SR)   Coul. recip.      Potential
    4.65945e+04   -1.96925e+03   -2.83211e+05    1.12061e+03   -2.37465e+05
    Kinetic En.   Total Energy  Conserved En.    Temperature Pres. DC (bar)
    3.73196e+04   -2.00146e+05   -1.51007e+05    2.72056e+02   -1.99501e+02
 Pressure (bar)
   -2.77719e+01

           Step           Time
         540000     1080.00000

   Energies (kJ/mol)
        LJ (SR)  Disper. corr.   Coulomb (SR)   Coul. recip.      Potential
    4.62672e+04   -1.95979e+03   -2.81966e+05    1.11867e+03   -2.36540e+05
    Kinetic En.   Total Energy  Conserved En.    Temperature Pres. DC (bar)
    3.63739e+04   -2.00166e+05   -1.50721e+05    2.65162e+02   -1.97592e+02
 Pressure (bar)
   -1.23103e+02

           Step           Time
         545000     1090.00000

   Energies (kJ/mol)
        LJ (SR)  Disper. corr.   Coulomb (SR)   Coul. recip.      Potential
    4.63445e+04   -1.94856e+03   -2.82642e+05    1.22142e+03   -2.37024e+05
    Kinetic En.   Total Energy  Conserved En.    Temperature Pres. DC (bar)
    3.72018e+04   -1.99823e+05   -1.50415e+05    2.71197e+02   -1.95336e+02
 Pressure (bar)
   -2.48781e+02

           Step           Time
         550000     1100.00000

   Energies (kJ/mol)
        LJ (SR)  Disper. corr.   Coulomb (SR)   Coul. recip.      Potential
    4.64894e+04   -1.98854e+03   -2.82787e+05    1.15199e+03   -2.37135e+05
    Kinetic En.   Total Energy  Conserved En.    Temperature Pres. DC (bar)
    3.79030e+04   -1.99232e+05   -1.50117e+05    2.76309e+02   -2.03426e+02
 Pressure (bar)
    1.95786e+02

           Step           Time
         555000     1110.00000

   Energies (kJ/mol)
        LJ (SR)  Disper. corr.   Coulomb (SR)   Coul. recip.      Potential
    4.66571e+04   -1.98012e+03   -2.83259e+05    1.15586e+03   -2.37426e+05
    Kinetic En.   Total Energy  Conserved En.    Temperature Pres. DC (bar)
    3.70731e+04   -2.00353e+05   -1.49836e+05    2.70259e+02   -2.01708e+02
 Pressure (bar)
    9.22379e+01

           Step           Time
         560000     1120.00000

   Energies (kJ/mol)
        LJ (SR)  Disper. corr.   Coulomb (SR)   Coul. recip.      Potential
    4.59696e+04   -1.98568e+03   -2.82076e+05    1.21407e+03   -2.36878e+05
    Kinetic En.   Total Energy  Conserved En.    Temperature Pres. DC (bar)
    3.75419e+04   -1.99336e+05   -1.49576e+05    2.73677e+02   -2.02841e+02
 Pressure (bar)
   -1.29911e+01

           Step           Time
         565000     1130.00000

   Energies (kJ/mol)
        LJ (SR)  Disper. corr.   Coulomb (SR)   Coul. recip.      Potential
    4.65618e+04   -1.96087e+03   -2.83273e+05    1.18884e+03   -2.37484e+05
    Kinetic En.   Total Energy  Conserved En.    Temperature Pres. DC (bar)
    3.76430e+04   -1.99841e+05   -1.49349e+05    2.74414e+02   -1.97808e+02
 Pressure (bar)
   -7.83820e+01

           Step           Time
         570000     1140.00000

   Energies (kJ/mol)
        LJ (SR)  Disper. corr.   Coulomb (SR)   Coul. recip.      Potential
    4.59301e+04   -1.96466e+03   -2.81745e+05    1.14842e+03   -2.36632e+05
    Kinetic En.   Total Energy  Conserved En.    Temperature Pres. DC (bar)
    3.75193e+04   -1.99112e+05   -1.49089e+05    2.73512e+02   -1.98573e+02
 Pressure (bar)
   -9.52878e+01

           Step           Time
         575000     1150.00000

   Energies (kJ/mol)
        LJ (SR)  Disper. corr.   Coulomb (SR)   Coul. recip.      Potential
    4.59880e+04   -1.97819e+03   -2.81421e+05    1.19706e+03   -2.36214e+05
    Kinetic En.   Total Energy  Conserved En.    Temperature Pres. DC (bar)
    3.76408e+04   -1.98573e+05   -1.48843e+05    2.74398e+02   -2.01315e+02
 Pressure (bar)
    3.76258e+01

           Step           Time
         580000     1160.00000

   Energies (kJ/mol)
        LJ (SR)  Disper. corr.   Coulomb (SR)   Coul. recip.      Potential
    4.69718e+04   -1.98475e+03   -2.83159e+05    1.16959e+03   -2.37002e+05
    Kinetic En.   Total Energy  Conserved En.    Temperature Pres. DC (bar)
    3.76643e+04   -1.99338e+05   -1.48534e+05    2.74569e+02   -2.02652e+02
 Pressure (bar)
    2.99982e+02

           Step           Time
         585000     1170.00000

   Energies (kJ/mol)
        LJ (SR)  Disper. corr.   Coulomb (SR)   Coul. recip.      Potential
    4.59654e+04   -1.96305e+03   -2.82473e+05    1.18119e+03   -2.37290e+05
    Kinetic En.   Total Energy  Conserved En.    Temperature Pres. DC (bar)
    3.74225e+04   -1.99867e+05   -1.48220e+05    2.72806e+02   -1.98248e+02
 Pressure (bar)
   -2.68815e+02

           Step           Time
         590000     1180.00000

   Energies (kJ/mol)
        LJ (SR)  Disper. corr.   Coulomb (SR)   Coul. recip.      Potential
    4.50973e+04   -1.95084e+03   -2.80758e+05    1.22380e+03   -2.36388e+05
    Kinetic En.   Total Energy  Conserved En.    Temperature Pres. DC (bar)
    3.75016e+04   -1.98886e+05   -1.47858e+05    2.73383e+02   -1.95791e+02
 Pressure (bar)
   -4.64737e+02

           Step           Time
         595000     1190.00000

   Energies (kJ/mol)
        LJ (SR)  Disper. corr.   Coulomb (SR)   Coul. recip.      Potential
    4.68132e+04   -1.97463e+03   -2.83269e+05    1.14518e+03   -2.37285e+05
    Kinetic En.   Total Energy  Conserved En.    Temperature Pres. DC (bar)
    3.76409e+04   -1.99644e+05   -1.47565e+05    2.74398e+02   -2.00592e+02
 Pressure (bar)
    1.49782e+02

           Step           Time
         600000     1200.00000

   Energies (kJ/mol)
        LJ (SR)  Disper. corr.   Coulomb (SR)   Coul. recip.      Potential
    4.65577e+04   -1.96981e+03   -2.83353e+05    1.17608e+03   -2.37589e+05
    Kinetic En.   Total Energy  Conserved En.    Temperature Pres. DC (bar)
    3.77905e+04   -1.99798e+05   -1.47301e+05    2.75488e+02   -1.99616e+02
 Pressure (bar)
   -4.24377e+01

           Step           Time
         605000     1210.00000

   Energies (kJ/mol)
        LJ (SR)  Disper. corr.   Coulomb (SR)   Coul. recip.      Potential
    4.66708e+04   -1.97677e+03   -2.83586e+05    1.12164e+03   -2.37771e+05
    Kinetic En.   Total Energy  Conserved En.    Temperature Pres. DC (bar)
    3.76547e+04   -2.00116e+05   -1.47021e+05    2.74499e+02   -2.01027e+02
 Pressure (bar)
    3.47103e+01

           Step           Time
         610000     1220.00000

   Energies (kJ/mol)
        LJ (SR)  Disper. corr.   Coulomb (SR)   Coul. recip.      Potential
    4.66802e+04   -1.97613e+03   -2.83181e+05    1.19083e+03   -2.37287e+05
    Kinetic En.   Total Energy  Conserved En.    Temperature Pres. DC (bar)
    3.76154e+04   -1.99671e+05   -1.46737e+05    2.74212e+02   -2.00896e+02
 Pressure (bar)
    1.29700e+02

           Step           Time
         615000     1230.00000

   Energies (kJ/mol)
        LJ (SR)  Disper. corr.   Coulomb (SR)   Coul. recip.      Potential
    4.68049e+04   -1.97815e+03   -2.82380e+05    1.16866e+03   -2.36384e+05
    Kinetic En.   Total Energy  Conserved En.    Temperature Pres. DC (bar)
    3.72511e+04   -1.99133e+05   -1.46482e+05    2.71556e+02   -2.01306e+02
 Pressure (bar)
    2.30560e+02

           Step           Time
         620000     1240.00000

   Energies (kJ/mol)
        LJ (SR)  Disper. corr.   Coulomb (SR)   Coul. recip.      Potential
    4.80072e+04   -1.98142e+03   -2.84954e+05    1.18721e+03   -2.37741e+05
    Kinetic En.   Total Energy  Conserved En.    Temperature Pres. DC (bar)
    3.71382e+04   -2.00603e+05   -1.46195e+05    2.70733e+02   -2.01973e+02
 Pressure (bar)
    4.94775e+02

           Step           Time
         625000     1250.00000

   Energies (kJ/mol)
        LJ (SR)  Disper. corr.   Coulomb (SR)   Coul. recip.      Potential
    4.58702e+04   -1.96331e+03   -2.82210e+05    1.18770e+03   -2.37115e+05
    Kinetic En.   Total Energy  Conserved En.    Temperature Pres. DC (bar)
    3.76676e+04   -1.99447e+05   -1.45900e+05    2.74593e+02   -1.98302e+02
 Pressure (bar)
   -2.60393e+02

           Step           Time
         630000     1260.00000

   Energies (kJ/mol)
        LJ (SR)  Disper. corr.   Coulomb (SR)   Coul. recip.      Potential
    4.67032e+04   -1.97791e+03   -2.83286e+05    1.14194e+03   -2.37419e+05
    Kinetic En.   Total Energy  Conserved En.    Temperature Pres. DC (bar)
    3.74732e+04   -1.99946e+05   -1.45593e+05    2.73176e+02   -2.01259e+02
 Pressure (bar)
    4.13968e+01

           Step           Time
         635000     1270.00000

   Energies (kJ/mol)
        LJ (SR)  Disper. corr.   Coulomb (SR)   Coul. recip.      Potential
    4.68754e+04   -1.97835e+03   -2.83577e+05    1.14093e+03   -2.37539e+05
    Kinetic En.   Total Energy  Conserved En.    Temperature Pres. DC (bar)
    3.76918e+04   -1.99847e+05   -1.45349e+05    2.74770e+02   -2.01349e+02
 Pressure (bar)
    1.52811e+02

           Step           Time
         640000     1280.00000

   Energies (kJ/mol)
        LJ (SR)  Disper. corr.   Coulomb (SR)   Coul. recip.      Potential
    4.54361e+04   -1.96161e+03   -2.81286e+05    1.13591e+03   -2.36675e+05
    Kinetic En.   Total Energy  Conserved En.    Temperature Pres. DC (bar)
    3.73739e+04   -1.99301e+05   -1.45073e+05    2.72452e+02   -1.97957e+02
 Pressure (bar)
   -3.68001e+02

           Step           Time
         645000     1290.00000

   Energies (kJ/mol)
        LJ (SR)  Disper. corr.   Coulomb (SR)   Coul. recip.      Potential
    4.59739e+04   -1.96423e+03   -2.81883e+05    1.19980e+03   -2.36674e+05
    Kinetic En.   Total Energy  Conserved En.    Temperature Pres. DC (bar)
    3.75390e+04   -1.99135e+05   -1.44749e+05    2.73655e+02   -1.98486e+02
 Pressure (bar)
   -1.55980e+02

Writing checkpoint, step 647050 at Sat Mar  8 13:34:02 2025


           Step           Time
         650000     1300.00000

   Energies (kJ/mol)
        LJ (SR)  Disper. corr.   Coulomb (SR)   Coul. recip.      Potential
    4.55470e+04   -1.95924e+03   -2.81735e+05    1.16684e+03   -2.36981e+05
    Kinetic En.   Total Energy  Conserved En.    Temperature Pres. DC (bar)
    3.73352e+04   -1.99646e+05   -1.44484e+05    2.72170e+02   -1.97481e+02
 Pressure (bar)
   -3.50338e+02

           Step           Time
         655000     1310.00000

   Energies (kJ/mol)
        LJ (SR)  Disper. corr.   Coulomb (SR)   Coul. recip.      Potential
    4.65790e+04   -1.98091e+03   -2.83505e+05    1.11028e+03   -2.37797e+05
    Kinetic En.   Total Energy  Conserved En.    Temperature Pres. DC (bar)
    3.73584e+04   -2.00438e+05   -1.44224e+05    2.72339e+02   -2.01868e+02
 Pressure (bar)
   -5.02528e+01

           Step           Time
         660000     1320.00000

   Energies (kJ/mol)
        LJ (SR)  Disper. corr.   Coulomb (SR)   Coul. recip.      Potential
    4.57656e+04   -1.98050e+03   -2.82136e+05    1.18495e+03   -2.37166e+05
    Kinetic En.   Total Energy  Conserved En.    Temperature Pres. DC (bar)
    3.80339e+04   -1.99132e+05   -1.43973e+05    2.77263e+02   -2.01785e+02
 Pressure (bar)
   -1.05746e+02

           Step           Time
         665000     1330.00000

   Energies (kJ/mol)
        LJ (SR)  Disper. corr.   Coulomb (SR)   Coul. recip.      Potential
    4.61010e+04   -1.95649e+03   -2.82902e+05    1.16504e+03   -2.37592e+05
    Kinetic En.   Total Energy  Conserved En.    Temperature Pres. DC (bar)
    3.76465e+04   -1.99946e+05   -1.43680e+05    2.74439e+02   -1.96927e+02
 Pressure (bar)
   -2.81691e+02

           Step           Time
         670000     1340.00000

   Energies (kJ/mol)
        LJ (SR)  Disper. corr.   Coulomb (SR)   Coul. recip.      Potential
    4.68129e+04   -1.97507e+03   -2.83279e+05    1.11580e+03   -2.37326e+05
    Kinetic En.   Total Energy  Conserved En.    Temperature Pres. DC (bar)
    3.74683e+04   -1.99857e+05   -1.43396e+05    2.73140e+02   -2.00681e+02
 Pressure (bar)
    1.34973e+02

           Step           Time
         675000     1350.00000

   Energies (kJ/mol)
        LJ (SR)  Disper. corr.   Coulomb (SR)   Coul. recip.      Potential
    4.64430e+04   -1.98233e+03   -2.82393e+05    1.21345e+03   -2.36719e+05
    Kinetic En.   Total Energy  Conserved En.    Temperature Pres. DC (bar)
    3.77542e+04   -1.98965e+05   -1.43145e+05    2.75224e+02   -2.02159e+02
 Pressure (bar)
    1.29907e+02

           Step           Time
         680000     1360.00000

   Energies (kJ/mol)
        LJ (SR)  Disper. corr.   Coulomb (SR)   Coul. recip.      Potential
    4.62387e+04   -1.97465e+03   -2.82407e+05    1.21510e+03   -2.36928e+05
    Kinetic En.   Total Energy  Conserved En.    Temperature Pres. DC (bar)
    3.74655e+04   -1.99463e+05   -1.42875e+05    2.73120e+02   -2.00596e+02
 Pressure (bar)
   -5.59083e+00

           Step           Time
         685000     1370.00000

   Energies (kJ/mol)
        LJ (SR)  Disper. corr.   Coulomb (SR)   Coul. recip.      Potential
    4.64893e+04   -1.97233e+03   -2.82967e+05    1.13615e+03   -2.37314e+05
    Kinetic En.   Total Energy  Conserved En.    Temperature Pres. DC (bar)
    3.69590e+04   -2.00355e+05   -1.42553e+05    2.69427e+02   -2.00125e+02
 Pressure (bar)
   -4.07570e+01

           Step           Time
         690000     1380.00000

   Energies (kJ/mol)
        LJ (SR)  Disper. corr.   Coulomb (SR)   Coul. recip.      Potential
    4.67904e+04   -1.97119e+03   -2.82770e+05    1.17584e+03   -2.36775e+05
    Kinetic En.   Total Energy  Conserved En.    Temperature Pres. DC (bar)
    3.74867e+04   -1.99288e+05   -1.42291e+05    2.73274e+02   -1.99894e+02
 Pressure (bar)
    1.62241e+02

           Step           Time
         695000     1390.00000

   Energies (kJ/mol)
        LJ (SR)  Disper. corr.   Coulomb (SR)   Coul. recip.      Potential
    4.61984e+04   -1.97150e+03   -2.83005e+05    1.19961e+03   -2.37579e+05
    Kinetic En.   Total Energy  Conserved En.    Temperature Pres. DC (bar)
    3.70108e+04   -2.00568e+05   -1.42014e+05    2.69805e+02   -1.99957e+02
 Pressure (bar)
   -1.32480e+02

           Step           Time
         700000     1400.00000

   Energies (kJ/mol)
        LJ (SR)  Disper. corr.   Coulomb (SR)   Coul. recip.      Potential
    4.59867e+04   -1.96345e+03   -2.82341e+05    1.15516e+03   -2.37162e+05
    Kinetic En.   Total Energy  Conserved En.    Temperature Pres. DC (bar)
    3.78463e+04   -1.99316e+05   -1.41774e+05    2.75896e+02   -1.98329e+02
 Pressure (bar)
   -1.91397e+02

           Step           Time
         705000     1410.00000

   Energies (kJ/mol)
        LJ (SR)  Disper. corr.   Coulomb (SR)   Coul. recip.      Potential
    4.54062e+04   -1.97115e+03   -2.81196e+05    1.19408e+03   -2.36567e+05
    Kinetic En.   Total Energy  Conserved En.    Temperature Pres. DC (bar)
    3.71479e+04   -1.99419e+05   -1.41464e+05    2.70804e+02   -1.99886e+02
 Pressure (bar)
   -2.79076e+02

           Step           Time
         710000     1420.00000

   Energies (kJ/mol)
        LJ (SR)  Disper. corr.   Coulomb (SR)   Coul. recip.      Potential
    4.61584e+04   -1.96755e+03   -2.82175e+05    1.14875e+03   -2.36835e+05
    Kinetic En.   Total Energy  Conserved En.    Temperature Pres. DC (bar)
    3.73580e+04   -1.99477e+05   -1.41174e+05    2.72336e+02   -1.99157e+02
 Pressure (bar)
   -9.11291e+01

           Step           Time
         715000     1430.00000

   Energies (kJ/mol)
        LJ (SR)  Disper. corr.   Coulomb (SR)   Coul. recip.      Potential
    4.67868e+04   -1.97866e+03   -2.83104e+05    1.18044e+03   -2.37116e+05
    Kinetic En.   Total Energy  Conserved En.    Temperature Pres. DC (bar)
    3.76853e+04   -1.99430e+05   -1.40890e+05    2.74722e+02   -2.01411e+02
 Pressure (bar)
    1.76422e+02

           Step           Time
         720000     1440.00000

   Energies (kJ/mol)
        LJ (SR)  Disper. corr.   Coulomb (SR)   Coul. recip.      Potential
    4.67809e+04   -1.96787e+03   -2.82205e+05    1.18586e+03   -2.36206e+05
    Kinetic En.   Total Energy  Conserved En.    Temperature Pres. DC (bar)
    3.75469e+04   -1.98659e+05   -1.40599e+05    2.73713e+02   -1.99222e+02
 Pressure (bar)
    2.31083e+02

           Step           Time
         725000     1450.00000

   Energies (kJ/mol)
        LJ (SR)  Disper. corr.   Coulomb (SR)   Coul. recip.      Potential
    4.66643e+04   -1.97543e+03   -2.82880e+05    1.13728e+03   -2.37054e+05
    Kinetic En.   Total Energy  Conserved En.    Temperature Pres. DC (bar)
    3.70478e+04   -2.00006e+05   -1.40298e+05    2.70074e+02   -2.00754e+02
 Pressure (bar)
    6.84572e+01

           Step           Time
         730000     1460.00000

   Energies (kJ/mol)
        LJ (SR)  Disper. corr.   Coulomb (SR)   Coul. recip.      Potential
    4.72863e+04   -1.98242e+03   -2.83779e+05    1.12943e+03   -2.37346e+05
    Kinetic En.   Total Energy  Conserved En.    Temperature Pres. DC (bar)
    3.77509e+04   -1.99595e+05   -1.40015e+05    2.75200e+02   -2.02176e+02
 Pressure (bar)
    3.30487e+02

           Step           Time
         735000     1470.00000

   Energies (kJ/mol)
        LJ (SR)  Disper. corr.   Coulomb (SR)   Coul. recip.      Potential
    4.69301e+04   -1.97375e+03   -2.83053e+05    1.22813e+03   -2.36869e+05
    Kinetic En.   Total Energy  Conserved En.    Temperature Pres. DC (bar)
    3.70619e+04   -1.99807e+05   -1.39753e+05    2.70178e+02   -2.00414e+02
 Pressure (bar)
    2.66629e+02

           Step           Time
         740000     1480.00000

   Energies (kJ/mol)
        LJ (SR)  Disper. corr.   Coulomb (SR)   Coul. recip.      Potential
    4.78498e+04   -1.96887e+03   -2.84583e+05    1.18903e+03   -2.37513e+05
    Kinetic En.   Total Energy  Conserved En.    Temperature Pres. DC (bar)
    3.75280e+04   -1.99985e+05   -1.39418e+05    2.73575e+02   -1.99425e+02
 Pressure (bar)
    3.20908e+02

           Step           Time
         745000     1490.00000

   Energies (kJ/mol)
        LJ (SR)  Disper. corr.   Coulomb (SR)   Coul. recip.      Potential
    4.76503e+04   -1.97592e+03   -2.83681e+05    1.15807e+03   -2.36849e+05
    Kinetic En.   Total Energy  Conserved En.    Temperature Pres. DC (bar)
    3.78392e+04   -1.99010e+05   -1.39111e+05    2.75844e+02   -2.00853e+02
 Pressure (bar)
    4.67994e+02

           Step           Time
         750000     1500.00000

   Energies (kJ/mol)
        LJ (SR)  Disper. corr.   Coulomb (SR)   Coul. recip.      Potential
    4.58506e+04   -1.97641e+03   -2.82264e+05    1.16428e+03   -2.37226e+05
    Kinetic En.   Total Energy  Conserved En.    Temperature Pres. DC (bar)
    3.75749e+04   -1.99651e+05   -1.38854e+05    2.73917e+02   -2.00953e+02
 Pressure (bar)
   -1.55021e+02

           Step           Time
         755000     1510.00000

   Energies (kJ/mol)
        LJ (SR)  Disper. corr.   Coulomb (SR)   Coul. recip.      Potential
    4.62519e+04   -1.98375e+03   -2.83262e+05    1.13595e+03   -2.37858e+05
    Kinetic En.   Total Energy  Conserved En.    Temperature Pres. DC (bar)
    3.78364e+04   -2.00022e+05   -1.38546e+05    2.75824e+02   -2.02448e+02
 Pressure (bar)
   -3.60551e+01

           Step           Time
         760000     1520.00000

   Energies (kJ/mol)
        LJ (SR)  Disper. corr.   Coulomb (SR)   Coul. recip.      Potential
    4.66729e+04   -1.96876e+03   -2.82889e+05    1.11868e+03   -2.37066e+05
    Kinetic En.   Total Energy  Conserved En.    Temperature Pres. DC (bar)
    3.75711e+04   -1.99495e+05   -1.38263e+05    2.73889e+02   -1.99402e+02
 Pressure (bar)
    1.18389e+02

           Step           Time
         765000     1530.00000

   Energies (kJ/mol)
        LJ (SR)  Disper. corr.   Coulomb (SR)   Coul. recip.      Potential
    4.71308e+04   -1.96321e+03   -2.83449e+05    1.22458e+03   -2.37056e+05
    Kinetic En.   Total Energy  Conserved En.    Temperature Pres. DC (bar)
    3.75229e+04   -1.99534e+05   -1.37985e+05    2.73538e+02   -1.98280e+02
 Pressure (bar)
    1.45296e+02

           Step           Time
         770000     1540.00000

   Energies (kJ/mol)
        LJ (SR)  Disper. corr.   Coulomb (SR)   Coul. recip.      Potential
    4.52614e+04   -1.97689e+03   -2.80581e+05    1.17348e+03   -2.36123e+05
    Kinetic En.   Total Energy  Conserved En.    Temperature Pres. DC (bar)
    3.74403e+04   -1.98682e+05   -1.37713e+05    2.72936e+02   -2.01051e+02
 Pressure (bar)
   -1.91925e+02

           Step           Time
         775000     1550.00000

   Energies (kJ/mol)
        LJ (SR)  Disper. corr.   Coulomb (SR)   Coul. recip.      Potential
    4.77087e+04   -1.97712e+03   -2.84665e+05    1.15074e+03   -2.37782e+05
    Kinetic En.   Total Energy  Conserved En.    Temperature Pres. DC (bar)
    3.79432e+04   -1.99839e+05   -1.37360e+05    2.76602e+02   -2.01099e+02
 Pressure (bar)
    3.88202e+02

           Step           Time
         780000     1560.00000

   Energies (kJ/mol)
        LJ (SR)  Disper. corr.   Coulomb (SR)   Coul. recip.      Potential
    4.73823e+04   -1.96218e+03   -2.83637e+05    1.17633e+03   -2.37040e+05
    Kinetic En.   Total Energy  Conserved En.    Temperature Pres. DC (bar)
    3.73193e+04   -1.99721e+05   -1.37044e+05    2.72054e+02   -1.98072e+02
 Pressure (bar)
    2.06656e+02

           Step           Time
         785000     1570.00000

   Energies (kJ/mol)
        LJ (SR)  Disper. corr.   Coulomb (SR)   Coul. recip.      Potential
    4.71876e+04   -1.97744e+03   -2.83480e+05    1.13315e+03   -2.37137e+05
    Kinetic En.   Total Energy  Conserved En.    Temperature Pres. DC (bar)
    3.68388e+04   -2.00298e+05   -1.36816e+05    2.68551e+02   -2.01163e+02
 Pressure (bar)
    2.61855e+02

Writing checkpoint, step 788800 at Sat Mar  8 13:49:03 2025


           Step           Time
         790000     1580.00000

   Energies (kJ/mol)
        LJ (SR)  Disper. corr.   Coulomb (SR)   Coul. recip.      Potential
    4.64059e+04   -1.97703e+03   -2.82832e+05    1.15136e+03   -2.37251e+05
    Kinetic En.   Total Energy  Conserved En.    Temperature Pres. DC (bar)
    3.69059e+04   -2.00346e+05   -1.36561e+05    2.69040e+02   -2.01080e+02
 Pressure (bar)
   -2.78424e+01

           Step           Time
         795000     1590.00000

   Energies (kJ/mol)
        LJ (SR)  Disper. corr.   Coulomb (SR)   Coul. recip.      Potential
    4.67139e+04   -1.97986e+03   -2.82562e+05    1.15175e+03   -2.36676e+05
    Kinetic En.   Total Energy  Conserved En.    Temperature Pres. DC (bar)
    3.76254e+04   -1.99050e+05   -1.36310e+05    2.74285e+02   -2.01655e+02
 Pressure (bar)
    2.23910e+02

           Step           Time
         800000     1600.00000

   Energies (kJ/mol)
        LJ (SR)  Disper. corr.   Coulomb (SR)   Coul. recip.      Potential
    4.60679e+04   -1.97404e+03   -2.82483e+05    1.20051e+03   -2.37188e+05
    Kinetic En.   Total Energy  Conserved En.    Temperature Pres. DC (bar)
    3.71738e+04   -2.00014e+05   -1.36000e+05    2.70993e+02   -2.00471e+02
 Pressure (bar)
   -1.31723e+02

           Step           Time
         805000     1610.00000

   Energies (kJ/mol)
        LJ (SR)  Disper. corr.   Coulomb (SR)   Coul. recip.      Potential
    4.64259e+04   -1.98106e+03   -2.81961e+05    1.20577e+03   -2.36310e+05
    Kinetic En.   Total Energy  Conserved En.    Temperature Pres. DC (bar)
    3.73306e+04   -1.98980e+05   -1.35727e+05    2.72136e+02   -2.01899e+02
 Pressure (bar)
    1.42190e+02

           Step           Time
         810000     1620.00000

   Energies (kJ/mol)
        LJ (SR)  Disper. corr.   Coulomb (SR)   Coul. recip.      Potential
    4.68902e+04   -1.98310e+03   -2.83661e+05    1.23632e+03   -2.37518e+05
    Kinetic En.   Total Energy  Conserved En.    Temperature Pres. DC (bar)
    3.74132e+04   -2.00104e+05   -1.35418e+05    2.72738e+02   -2.02316e+02
 Pressure (bar)
    1.32913e+02

           Step           Time
         815000     1630.00000

   Energies (kJ/mol)
        LJ (SR)  Disper. corr.   Coulomb (SR)   Coul. recip.      Potential
    4.68690e+04   -1.97327e+03   -2.83129e+05    1.19350e+03   -2.37040e+05
    Kinetic En.   Total Energy  Conserved En.    Temperature Pres. DC (bar)
    3.75230e+04   -1.99517e+05   -1.35169e+05    2.73538e+02   -2.00316e+02
 Pressure (bar)
    2.10558e+02

           Step           Time
         820000     1640.00000

   Energies (kJ/mol)
        LJ (SR)  Disper. corr.   Coulomb (SR)   Coul. recip.      Potential
    4.66374e+04   -1.97692e+03   -2.82915e+05    1.15058e+03   -2.37104e+05
    Kinetic En.   Total Energy  Conserved En.    Temperature Pres. DC (bar)
    3.77129e+04   -1.99391e+05   -1.34876e+05    2.74923e+02   -2.01058e+02
 Pressure (bar)
    9.53841e+01

           Step           Time
         825000     1650.00000

   Energies (kJ/mol)
        LJ (SR)  Disper. corr.   Coulomb (SR)   Coul. recip.      Potential
    4.55896e+04   -1.97154e+03   -2.81499e+05    1.09798e+03   -2.36783e+05
    Kinetic En.   Total Energy  Conserved En.    Temperature Pres. DC (bar)
    3.72030e+04   -1.99580e+05   -1.34617e+05    2.71206e+02   -1.99966e+02
 Pressure (bar)
   -2.48958e+02

           Step           Time
         830000     1660.00000

   Energies (kJ/mol)
        LJ (SR)  Disper. corr.   Coulomb (SR)   Coul. recip.      Potential
    4.63798e+04   -1.97400e+03   -2.82383e+05    1.17902e+03   -2.36798e+05
    Kinetic En.   Total Energy  Conserved En.    Temperature Pres. DC (bar)
    3.75687e+04   -1.99229e+05   -1.34248e+05    2.73872e+02   -2.00464e+02
 Pressure (bar)
    2.75308e+01

           Step           Time
         835000     1670.00000

   Energies (kJ/mol)
        LJ (SR)  Disper. corr.   Coulomb (SR)   Coul. recip.      Potential
    4.60746e+04   -1.97612e+03   -2.81723e+05    1.19730e+03   -2.36427e+05
    Kinetic En.   Total Energy  Conserved En.    Temperature Pres. DC (bar)
    3.79886e+04   -1.98438e+05   -1.33921e+05    2.76933e+02   -2.00894e+02
 Pressure (bar)
    5.49095e+01

           Step           Time
         840000     1680.00000

   Energies (kJ/mol)
        LJ (SR)  Disper. corr.   Coulomb (SR)   Coul. recip.      Potential
    4.70227e+04   -1.97224e+03   -2.83002e+05    1.11451e+03   -2.36837e+05
    Kinetic En.   Total Energy  Conserved En.    Temperature Pres. DC (bar)
    3.77970e+04   -1.99040e+05   -1.33690e+05    2.75536e+02   -2.00107e+02
 Pressure (bar)
    2.40748e+02

           Step           Time
         845000     1690.00000

   Energies (kJ/mol)
        LJ (SR)  Disper. corr.   Coulomb (SR)   Coul. recip.      Potential
    4.63180e+04   -1.95916e+03   -2.82868e+05    1.17048e+03   -2.37339e+05
    Kinetic En.   Total Energy  Conserved En.    Temperature Pres. DC (bar)
    3.78368e+04   -1.99502e+05   -1.33440e+05    2.75826e+02   -1.97464e+02
 Pressure (bar)
   -1.73442e+02

           Step           Time
         850000     1700.00000

   Energies (kJ/mol)
        LJ (SR)  Disper. corr.   Coulomb (SR)   Coul. recip.      Potential
    4.62176e+04   -1.97067e+03   -2.82134e+05    1.18528e+03   -2.36702e+05
    Kinetic En.   Total Energy  Conserved En.    Temperature Pres. DC (bar)
    3.71104e+04   -1.99591e+05   -1.33146e+05    2.70531e+02   -1.99789e+02
 Pressure (bar)
   -1.11975e+02

           Step           Time
         855000     1710.00000

   Energies (kJ/mol)
        LJ (SR)  Disper. corr.   Coulomb (SR)   Coul. recip.      Potential
    4.67915e+04   -1.97856e+03   -2.83268e+05    1.17943e+03   -2.37276e+05
    Kinetic En.   Total Energy  Conserved En.    Temperature Pres. DC (bar)
    3.72944e+04   -1.99981e+05   -1.32889e+05    2.71872e+02   -2.01391e+02
 Pressure (bar)
    1.14828e+02

           Step           Time
         860000     1720.00000

   Energies (kJ/mol)
        LJ (SR)  Disper. corr.   Coulomb (SR)   Coul. recip.      Potential
    4.66937e+04   -1.97682e+03   -2.82696e+05    1.12752e+03   -2.36851e+05
    Kinetic En.   Total Energy  Conserved En.    Temperature Pres. DC (bar)
    3.70545e+04   -1.99797e+05   -1.32577e+05    2.70123e+02   -2.01036e+02
 Pressure (bar)
    1.13024e+02

           Step           Time
         865000     1730.00000

   Energies (kJ/mol)
        LJ (SR)  Disper. corr.   Coulomb (SR)   Coul. recip.      Potential
    4.61345e+04   -1.98281e+03   -2.82090e+05    1.18190e+03   -2.36757e+05
    Kinetic En.   Total Energy  Conserved En.    Temperature Pres. DC (bar)
    3.72894e+04   -1.99467e+05   -1.32308e+05    2.71836e+02   -2.02255e+02
 Pressure (bar)
   -1.24844e+01

           Step           Time
         870000     1740.00000

   Energies (kJ/mol)
        LJ (SR)  Disper. corr.   Coulomb (SR)   Coul. recip.      Potential
    4.66673e+04   -1.98039e+03   -2.83357e+05    1.13293e+03   -2.37537e+05
    Kinetic En.   Total Energy  Conserved En.    Temperature Pres. DC (bar)
    3.75920e+04   -1.99945e+05   -1.31995e+05    2.74042e+02   -2.01763e+02
 Pressure (bar)
    1.25189e+02

           Step           Time
         875000     1750.00000

   Energies (kJ/mol)
        LJ (SR)  Disper. corr.   Coulomb (SR)   Coul. recip.      Potential
    4.68112e+04   -1.96817e+03   -2.83087e+05    1.19385e+03   -2.37050e+05
    Kinetic En.   Total Energy  Conserved En.    Temperature Pres. DC (bar)
    3.73140e+04   -1.99736e+05   -1.31721e+05    2.72015e+02   -1.99282e+02
 Pressure (bar)
    1.43853e+02

           Step           Time
         880000     1760.00000

   Energies (kJ/mol)
        LJ (SR)  Disper. corr.   Coulomb (SR)   Coul. recip.      Potential
    4.59843e+04   -1.97083e+03   -2.81374e+05    1.17740e+03   -2.36183e+05
    Kinetic En.   Total Energy  Conserved En.    Temperature Pres. DC (bar)
    3.70929e+04   -1.99090e+05   -1.31440e+05    2.70403e+02   -1.99821e+02
 Pressure (bar)
   -5.42186e+01

           Step           Time
         885000     1770.00000

   Energies (kJ/mol)
        LJ (SR)  Disper. corr.   Coulomb (SR)   Coul. recip.      Potential
    4.64839e+04   -1.97712e+03   -2.82924e+05    1.21256e+03   -2.37205e+05
    Kinetic En.   Total Energy  Conserved En.    Temperature Pres. DC (bar)
    3.75880e+04   -1.99617e+05   -1.31132e+05    2.74012e+02   -2.01097e+02
 Pressure (bar)
    1.04998e+01

           Step           Time
         890000     1780.00000

   Energies (kJ/mol)
        LJ (SR)  Disper. corr.   Coulomb (SR)   Coul. recip.      Potential
    4.66318e+04   -1.97152e+03   -2.82991e+05    1.17137e+03   -2.37159e+05
    Kinetic En.   Total Energy  Conserved En.    Temperature Pres. DC (bar)
    3.77181e+04   -1.99441e+05   -1.30831e+05    2.74961e+02   -1.99961e+02
 Pressure (bar)
    7.13927e+01

           Step           Time
         895000     1790.00000

   Energies (kJ/mol)
        LJ (SR)  Disper. corr.   Coulomb (SR)   Coul. recip.      Potential
    4.72121e+04   -1.98292e+03   -2.83927e+05    1.18940e+03   -2.37508e+05
    Kinetic En.   Total Energy  Conserved En.    Temperature Pres. DC (bar)
    3.72983e+04   -2.00210e+05   -1.30557e+05    2.71901e+02   -2.02279e+02
 Pressure (bar)
    2.49406e+02

           Step           Time
         900000     1800.00000

   Energies (kJ/mol)
        LJ (SR)  Disper. corr.   Coulomb (SR)   Coul. recip.      Potential
    4.55772e+04   -1.96823e+03   -2.82335e+05    1.16193e+03   -2.37565e+05
    Kinetic En.   Total Energy  Conserved En.    Temperature Pres. DC (bar)
    3.73188e+04   -2.00246e+05   -1.30256e+05    2.72050e+02   -1.99295e+02
 Pressure (bar)
   -3.48656e+02

           Step           Time
         905000     1810.00000

   Energies (kJ/mol)
        LJ (SR)  Disper. corr.   Coulomb (SR)   Coul. recip.      Potential
    4.66098e+04   -1.96712e+03   -2.83141e+05    1.23157e+03   -2.37267e+05
    Kinetic En.   Total Energy  Conserved En.    Temperature Pres. DC (bar)
    3.76021e+04   -1.99665e+05   -1.29991e+05    2.74115e+02   -1.99070e+02
 Pressure (bar)
    2.52384e+01

           Step           Time
         910000     1820.00000

   Energies (kJ/mol)
        LJ (SR)  Disper. corr.   Coulomb (SR)   Coul. recip.      Potential
    4.67758e+04   -1.97930e+03   -2.83475e+05    1.13102e+03   -2.37548e+05
    Kinetic En.   Total Energy  Conserved En.    Temperature Pres. DC (bar)
    3.75894e+04   -1.99958e+05   -1.29727e+05    2.74023e+02   -2.01541e+02
 Pressure (bar)
    1.21851e+02

           Step           Time
         915000     1830.00000

   Energies (kJ/mol)
        LJ (SR)  Disper. corr.   Coulomb (SR)   Coul. recip.      Potential
    4.66380e+04   -1.97345e+03   -2.82864e+05    1.13253e+03   -2.37067e+05
    Kinetic En.   Total Energy  Conserved En.    Temperature Pres. DC (bar)
    3.73221e+04   -1.99745e+05   -1.29432e+05    2.72074e+02   -2.00352e+02
 Pressure (bar)
    3.52532e+01

Writing checkpoint, step 915750 at Sat Mar  8 14:04:03 2025


           Step           Time
         920000     1840.00000

   Energies (kJ/mol)
        LJ (SR)  Disper. corr.   Coulomb (SR)   Coul. recip.      Potential
    4.67814e+04   -1.98084e+03   -2.83656e+05    1.21430e+03   -2.37641e+05
    Kinetic En.   Total Energy  Conserved En.    Temperature Pres. DC (bar)
    3.73311e+04   -2.00310e+05   -1.29188e+05    2.72140e+02   -2.01854e+02
 Pressure (bar)
    5.64000e+01

           Step           Time
         925000     1850.00000

   Energies (kJ/mol)
        LJ (SR)  Disper. corr.   Coulomb (SR)   Coul. recip.      Potential
    4.72565e+04   -1.97402e+03   -2.83249e+05    1.21856e+03   -2.36748e+05
    Kinetic En.   Total Energy  Conserved En.    Temperature Pres. DC (bar)
    3.76878e+04   -1.99061e+05   -1.28900e+05    2.74740e+02   -2.00468e+02
 Pressure (bar)
    3.35752e+02

           Step           Time
         930000     1860.00000

   Energies (kJ/mol)
        LJ (SR)  Disper. corr.   Coulomb (SR)   Coul. recip.      Potential
    4.63475e+04   -1.97061e+03   -2.83121e+05    1.15678e+03   -2.37587e+05
    Kinetic En.   Total Energy  Conserved En.    Temperature Pres. DC (bar)
    3.73142e+04   -2.00273e+05   -1.28612e+05    2.72016e+02   -1.99776e+02
 Pressure (bar)
   -1.37413e+02

           Step           Time
         935000     1870.00000

   Energies (kJ/mol)
        LJ (SR)  Disper. corr.   Coulomb (SR)   Coul. recip.      Potential
    4.61958e+04   -1.97179e+03   -2.81878e+05    1.13709e+03   -2.36517e+05
    Kinetic En.   Total Energy  Conserved En.    Temperature Pres. DC (bar)
    3.80007e+04   -1.98516e+05   -1.28306e+05    2.77021e+02   -2.00016e+02
 Pressure (bar)
    3.35565e+01

           Step           Time
         940000     1880.00000

   Energies (kJ/mol)
        LJ (SR)  Disper. corr.   Coulomb (SR)   Coul. recip.      Potential
    4.76242e+04   -1.97023e+03   -2.84898e+05    1.14906e+03   -2.38095e+05
    Kinetic En.   Total Energy  Conserved En.    Temperature Pres. DC (bar)
    3.75850e+04   -2.00510e+05   -1.28030e+05    2.73991e+02   -1.99700e+02
 Pressure (bar)
    2.04365e+02

           Step           Time
         945000     1890.00000

   Energies (kJ/mol)
        LJ (SR)  Disper. corr.   Coulomb (SR)   Coul. recip.      Potential
    4.58438e+04   -1.96065e+03   -2.82231e+05    1.12243e+03   -2.37225e+05
    Kinetic En.   Total Energy  Conserved En.    Temperature Pres. DC (bar)
    3.77314e+04   -1.99494e+05   -1.27763e+05    2.75058e+02   -1.97763e+02
 Pressure (bar)
   -2.56012e+02

           Step           Time
         950000     1900.00000

   Energies (kJ/mol)
        LJ (SR)  Disper. corr.   Coulomb (SR)   Coul. recip.      Potential
    4.58400e+04   -1.96974e+03   -2.81432e+05    1.09210e+03   -2.36469e+05
    Kinetic En.   Total Energy  Conserved En.    Temperature Pres. DC (bar)
    3.72036e+04   -1.99266e+05   -1.27478e+05    2.71210e+02   -1.99601e+02
 Pressure (bar)
   -1.20045e+02

           Step           Time
         955000     1910.00000

   Energies (kJ/mol)
        LJ (SR)  Disper. corr.   Coulomb (SR)   Coul. recip.      Potential
    4.66629e+04   -1.98133e+03   -2.82552e+05    1.20696e+03   -2.36664e+05
    Kinetic En.   Total Energy  Conserved En.    Temperature Pres. DC (bar)
    3.67601e+04   -1.99903e+05   -1.27186e+05    2.67978e+02   -2.01954e+02
 Pressure (bar)
    2.11573e+02

           Step           Time
         960000     1920.00000

   Energies (kJ/mol)
        LJ (SR)  Disper. corr.   Coulomb (SR)   Coul. recip.      Potential
    4.65898e+04   -1.98276e+03   -2.83535e+05    1.14740e+03   -2.37781e+05
    Kinetic En.   Total Energy  Conserved En.    Temperature Pres. DC (bar)
    3.78054e+04   -1.99975e+05   -1.26939e+05    2.75597e+02   -2.02245e+02
 Pressure (bar)
    6.04649e+01

           Step           Time
         965000     1930.00000

   Energies (kJ/mol)
        LJ (SR)  Disper. corr.   Coulomb (SR)   Coul. recip.      Potential
    4.66992e+04   -1.98661e+03   -2.82873e+05    1.14876e+03   -2.37012e+05
    Kinetic En.   Total Energy  Conserved En.    Temperature Pres. DC (bar)
    3.78266e+04   -1.99185e+05   -1.26646e+05    2.75752e+02   -2.03032e+02
 Pressure (bar)
    2.48210e+02

           Step           Time
         970000     1940.00000

   Energies (kJ/mol)
        LJ (SR)  Disper. corr.   Coulomb (SR)   Coul. recip.      Potential
    4.60045e+04   -1.96821e+03   -2.81800e+05    1.18896e+03   -2.36575e+05
    Kinetic En.   Total Energy  Conserved En.    Temperature Pres. DC (bar)
    3.73026e+04   -1.99273e+05   -1.26334e+05    2.71932e+02   -1.99290e+02
 Pressure (bar)
   -1.04559e+02

           Step           Time
         975000     1950.00000

   Energies (kJ/mol)
        LJ (SR)  Disper. corr.   Coulomb (SR)   Coul. recip.      Potential
    4.63267e+04   -1.97670e+03   -2.82880e+05    1.17377e+03   -2.37356e+05
    Kinetic En.   Total Energy  Conserved En.    Temperature Pres. DC (bar)
    3.78568e+04   -1.99499e+05   -1.26008e+05    2.75972e+02   -2.01012e+02
 Pressure (bar)
    6.70856e+00

           Step           Time
         980000     1960.00000

   Energies (kJ/mol)
        LJ (SR)  Disper. corr.   Coulomb (SR)   Coul. recip.      Potential
    4.71448e+04   -1.97372e+03   -2.83712e+05    1.16889e+03   -2.37372e+05
    Kinetic En.   Total Energy  Conserved En.    Temperature Pres. DC (bar)
    3.72399e+04   -2.00132e+05   -1.25695e+05    2.71475e+02   -2.00407e+02
 Pressure (bar)
    1.35119e+02

           Step           Time
         985000     1970.00000

   Energies (kJ/mol)
        LJ (SR)  Disper. corr.   Coulomb (SR)   Coul. recip.      Potential
    4.62679e+04   -1.96743e+03   -2.83260e+05    1.18590e+03   -2.37774e+05
    Kinetic En.   Total Energy  Conserved En.    Temperature Pres. DC (bar)
    3.78018e+04   -1.99972e+05   -1.25390e+05    2.75571e+02   -1.99133e+02
 Pressure (bar)
   -1.84804e+02

           Step           Time
         990000     1980.00000

   Energies (kJ/mol)
        LJ (SR)  Disper. corr.   Coulomb (SR)   Coul. recip.      Potential
    4.57199e+04   -1.96348e+03   -2.81927e+05    1.11598e+03   -2.37055e+05
    Kinetic En.   Total Energy  Conserved En.    Temperature Pres. DC (bar)
    3.75050e+04   -1.99550e+05   -1.25092e+05    2.73407e+02   -1.98334e+02
 Pressure (bar)
   -3.08030e+02

           Step           Time
         995000     1990.00000

   Energies (kJ/mol)
        LJ (SR)  Disper. corr.   Coulomb (SR)   Coul. recip.      Potential
    4.59329e+04   -1.98319e+03   -2.82039e+05    1.13851e+03   -2.36951e+05
    Kinetic En.   Total Energy  Conserved En.    Temperature Pres. DC (bar)
    3.73914e+04   -1.99559e+05   -1.24788e+05    2.72580e+02   -2.02333e+02
 Pressure (bar)
   -5.06274e+01

           Step           Time
        1000000     2000.00000

   Energies (kJ/mol)
        LJ (SR)  Disper. corr.   Coulomb (SR)   Coul. recip.      Potential
    4.63838e+04   -1.96970e+03   -2.82573e+05    1.17880e+03   -2.36980e+05
    Kinetic En.   Total Energy  Conserved En.    Temperature Pres. DC (bar)
    3.69750e+04   -2.00005e+05   -1.24482e+05    2.69544e+02   -1.99592e+02
 Pressure (bar)
   -8.63986e+01

           Step           Time
        1005000     2010.00000

   Energies (kJ/mol)
        LJ (SR)  Disper. corr.   Coulomb (SR)   Coul. recip.      Potential
    4.62713e+04   -1.96780e+03   -2.82669e+05    1.16407e+03   -2.37201e+05
    Kinetic En.   Total Energy  Conserved En.    Temperature Pres. DC (bar)
    3.77153e+04   -1.99486e+05   -1.24182e+05    2.74940e+02   -1.99208e+02
 Pressure (bar)
   -1.21249e+02

           Step           Time
        1010000     2020.00000

   Energies (kJ/mol)
        LJ (SR)  Disper. corr.   Coulomb (SR)   Coul. recip.      Potential
    4.62707e+04   -1.97962e+03   -2.82428e+05    1.17282e+03   -2.36964e+05
    Kinetic En.   Total Energy  Conserved En.    Temperature Pres. DC (bar)
    3.78196e+04   -1.99144e+05   -1.23917e+05    2.75701e+02   -2.01606e+02
 Pressure (bar)
    3.58195e+01

           Step           Time
        1015000     2030.00000

   Energies (kJ/mol)
        LJ (SR)  Disper. corr.   Coulomb (SR)   Coul. recip.      Potential
    4.62518e+04   -1.96843e+03   -2.82142e+05    1.20396e+03   -2.36655e+05
    Kinetic En.   Total Energy  Conserved En.    Temperature Pres. DC (bar)
    3.69191e+04   -1.99736e+05   -1.23648e+05    2.69137e+02   -1.99336e+02
 Pressure (bar)
   -7.73410e+01

           Step           Time
        1020000     2040.00000

   Energies (kJ/mol)
        LJ (SR)  Disper. corr.   Coulomb (SR)   Coul. recip.      Potential
    4.62263e+04   -1.98453e+03   -2.82891e+05    1.15237e+03   -2.37496e+05
    Kinetic En.   Total Energy  Conserved En.    Temperature Pres. DC (bar)
    3.74282e+04   -2.00068e+05   -1.23378e+05    2.72848e+02   -2.02606e+02
 Pressure (bar)
   -6.74037e+01

           Step           Time
        1025000     2050.00000

   Energies (kJ/mol)
        LJ (SR)  Disper. corr.   Coulomb (SR)   Coul. recip.      Potential
    4.72519e+04   -1.98758e+03   -2.83815e+05    1.14710e+03   -2.37403e+05
    Kinetic En.   Total Energy  Conserved En.    Temperature Pres. DC (bar)
    3.71362e+04   -2.00267e+05   -1.23077e+05    2.70719e+02   -2.03230e+02
 Pressure (bar)
    3.23696e+02

           Step           Time
        1030000     2060.00000

   Energies (kJ/mol)
        LJ (SR)  Disper. corr.   Coulomb (SR)   Coul. recip.      Potential
    4.71322e+04   -1.96981e+03   -2.83999e+05    1.16400e+03   -2.37672e+05
    Kinetic En.   Total Energy  Conserved En.    Temperature Pres. DC (bar)
    3.73759e+04   -2.00296e+05   -1.22821e+05    2.72466e+02   -1.99615e+02
 Pressure (bar)
    7.75888e+01

           Step           Time
        1035000     2070.00000

   Energies (kJ/mol)
        LJ (SR)  Disper. corr.   Coulomb (SR)   Coul. recip.      Potential
    4.73624e+04   -1.98312e+03   -2.83968e+05    1.15825e+03   -2.37430e+05
    Kinetic En.   Total Energy  Conserved En.    Temperature Pres. DC (bar)
    3.73384e+04   -2.00092e+05   -1.22529e+05    2.72193e+02   -2.02319e+02
 Pressure (bar)
    3.38832e+02

           Step           Time
        1040000     2080.00000

   Energies (kJ/mol)
        LJ (SR)  Disper. corr.   Coulomb (SR)   Coul. recip.      Potential
    4.61485e+04   -1.96487e+03   -2.82396e+05    1.16584e+03   -2.37046e+05
    Kinetic En.   Total Energy  Conserved En.    Temperature Pres. DC (bar)
    3.74039e+04   -1.99642e+05   -1.22232e+05    2.72670e+02   -1.98616e+02
 Pressure (bar)
   -1.40805e+02

           Step           Time
        1045000     2090.00000

   Energies (kJ/mol)
        LJ (SR)  Disper. corr.   Coulomb (SR)   Coul. recip.      Potential
    4.72092e+04   -1.98281e+03   -2.83339e+05    1.16401e+03   -2.36948e+05
    Kinetic En.   Total Energy  Conserved En.    Temperature Pres. DC (bar)
    3.74215e+04   -1.99527e+05   -1.21927e+05    2.72799e+02   -2.02256e+02
 Pressure (bar)
    2.94045e+02

           Step           Time
        1050000     2100.00000

   Energies (kJ/mol)
        LJ (SR)  Disper. corr.   Coulomb (SR)   Coul. recip.      Potential
    4.57036e+04   -1.96447e+03   -2.81933e+05    1.13770e+03   -2.37056e+05
    Kinetic En.   Total Energy  Conserved En.    Temperature Pres. DC (bar)
    3.72606e+04   -1.99796e+05   -1.21661e+05    2.71626e+02   -1.98534e+02
 Pressure (bar)
   -2.79128e+02

           Step           Time
        1055000     2110.00000

   Energies (kJ/mol)
        LJ (SR)  Disper. corr.   Coulomb (SR)   Coul. recip.      Potential
    4.65072e+04   -1.96824e+03   -2.82481e+05    1.20377e+03   -2.36739e+05
    Kinetic En.   Total Energy  Conserved En.    Temperature Pres. DC (bar)
    3.76486e+04   -1.99090e+05   -1.21415e+05    2.74455e+02   -1.99296e+02
 Pressure (bar)
    5.01585e+01

           Step           Time
        1060000     2120.00000

   Energies (kJ/mol)
        LJ (SR)  Disper. corr.   Coulomb (SR)   Coul. recip.      Potential
    4.67979e+04   -1.97186e+03   -2.83328e+05    1.16182e+03   -2.37340e+05
    Kinetic En.   Total Energy  Conserved En.    Temperature Pres. DC (bar)
    3.72535e+04   -2.00087e+05   -1.21082e+05    2.71574e+02   -2.00030e+02
 Pressure (bar)
    6.67454e+01

           Step           Time
        1065000     2130.00000

   Energies (kJ/mol)
        LJ (SR)  Disper. corr.   Coulomb (SR)   Coul. recip.      Potential
    4.57830e+04   -1.96326e+03   -2.81756e+05    1.17580e+03   -2.36761e+05
    Kinetic En.   Total Energy  Conserved En.    Temperature Pres. DC (bar)
    3.77143e+04   -1.99046e+05   -1.20831e+05    2.74933e+02   -1.98290e+02
 Pressure (bar)
   -2.62454e+02

           Step           Time
        1070000     2140.00000

   Energies (kJ/mol)
        LJ (SR)  Disper. corr.   Coulomb (SR)   Coul. recip.      Potential
    4.67962e+04   -1.98841e+03   -2.83289e+05    1.18878e+03   -2.37293e+05
    Kinetic En.   Total Energy  Conserved En.    Temperature Pres. DC (bar)
    3.74507e+04   -1.99842e+05   -1.20590e+05    2.73011e+02   -2.03399e+02
 Pressure (bar)
    2.54937e+02

           Step           Time
        1075000     2150.00000

   Energies (kJ/mol)
        LJ (SR)  Disper. corr.   Coulomb (SR)   Coul. recip.      Potential
    4.72585e+04   -1.99063e+03   -2.84307e+05    1.16037e+03   -2.37878e+05
    Kinetic En.   Total Energy  Conserved En.    Temperature Pres. DC (bar)
    3.80401e+04   -1.99838e+05   -1.20353e+05    2.77308e+02   -2.03852e+02
 Pressure (bar)
    3.98140e+02

           Step           Time
        1080000     2160.00000

   Energies (kJ/mol)
        LJ (SR)  Disper. corr.   Coulomb (SR)   Coul. recip.      Potential
    4.79227e+04   -1.97603e+03   -2.83906e+05    1.19497e+03   -2.36764e+05
    Kinetic En.   Total Energy  Conserved En.    Temperature Pres. DC (bar)
    3.74410e+04   -1.99323e+05   -1.20054e+05    2.72941e+02   -2.00877e+02
 Pressure (bar)
    5.71469e+02

Writing checkpoint, step 1082950 at Sat Mar  8 14:19:02 2025


           Step           Time
        1085000     2170.00000

   Energies (kJ/mol)
        LJ (SR)  Disper. corr.   Coulomb (SR)   Coul. recip.      Potential
    4.55131e+04   -1.97549e+03   -2.81318e+05    1.16793e+03   -2.36613e+05
    Kinetic En.   Total Energy  Conserved En.    Temperature Pres. DC (bar)
    3.70144e+04   -1.99598e+05   -1.19788e+05    2.69831e+02   -2.00767e+02
 Pressure (bar)
   -2.55857e+02

           Step           Time
        1090000     2180.00000

   Energies (kJ/mol)
        LJ (SR)  Disper. corr.   Coulomb (SR)   Coul. recip.      Potential
    4.57981e+04   -1.98042e+03   -2.82052e+05    1.17974e+03   -2.37055e+05
    Kinetic En.   Total Energy  Conserved En.    Temperature Pres. DC (bar)
    3.71285e+04   -1.99926e+05   -1.19518e+05    2.70663e+02   -2.01770e+02
 Pressure (bar)
   -1.64865e+02

           Step           Time
        1095000     2190.00000

   Energies (kJ/mol)
        LJ (SR)  Disper. corr.   Coulomb (SR)   Coul. recip.      Potential
    4.59429e+04   -1.96935e+03   -2.82291e+05    1.18860e+03   -2.37129e+05
    Kinetic En.   Total Energy  Conserved En.    Temperature Pres. DC (bar)
    3.77480e+04   -1.99381e+05   -1.19262e+05    2.75179e+02   -1.99522e+02
 Pressure (bar)
   -1.48652e+02

           Step           Time
        1100000     2200.00000

   Energies (kJ/mol)
        LJ (SR)  Disper. corr.   Coulomb (SR)   Coul. recip.      Potential
    4.57176e+04   -1.95408e+03   -2.81019e+05    1.20504e+03   -2.36050e+05
    Kinetic En.   Total Energy  Conserved En.    Temperature Pres. DC (bar)
    3.70952e+04   -1.98955e+05   -1.18972e+05    2.70420e+02   -1.96443e+02
 Pressure (bar)
   -2.77108e+02

           Step           Time
        1105000     2210.00000

   Energies (kJ/mol)
        LJ (SR)  Disper. corr.   Coulomb (SR)   Coul. recip.      Potential
    4.68477e+04   -1.97033e+03   -2.83797e+05    1.12499e+03   -2.37794e+05
    Kinetic En.   Total Energy  Conserved En.    Temperature Pres. DC (bar)
    3.76506e+04   -2.00144e+05   -1.18678e+05    2.74469e+02   -1.99720e+02
 Pressure (bar)
    5.63864e+01

           Step           Time
        1110000     2220.00000

   Energies (kJ/mol)
        LJ (SR)  Disper. corr.   Coulomb (SR)   Coul. recip.      Potential
    4.67489e+04   -1.98256e+03   -2.82749e+05    1.18257e+03   -2.36800e+05
    Kinetic En.   Total Energy  Conserved En.    Temperature Pres. DC (bar)
    3.70188e+04   -1.99782e+05   -1.18410e+05    2.69863e+02   -2.02204e+02
 Pressure (bar)
    2.05680e+02

           Step           Time
        1115000     2230.00000

   Energies (kJ/mol)
        LJ (SR)  Disper. corr.   Coulomb (SR)   Coul. recip.      Potential
    4.62895e+04   -1.97164e+03   -2.82077e+05    1.14223e+03   -2.36617e+05
    Kinetic En.   Total Energy  Conserved En.    Temperature Pres. DC (bar)
    3.73630e+04   -1.99254e+05   -1.18137e+05    2.72373e+02   -1.99986e+02
 Pressure (bar)
    1.42191e+01

           Step           Time
        1120000     2240.00000

   Energies (kJ/mol)
        LJ (SR)  Disper. corr.   Coulomb (SR)   Coul. recip.      Potential
    4.63999e+04   -1.96969e+03   -2.83027e+05    1.14298e+03   -2.37454e+05
    Kinetic En.   Total Energy  Conserved En.    Temperature Pres. DC (bar)
    3.67313e+04   -2.00722e+05   -1.17821e+05    2.67768e+02   -1.99590e+02
 Pressure (bar)
   -7.42824e+01

           Step           Time
        1125000     2250.00000

   Energies (kJ/mol)
        LJ (SR)  Disper. corr.   Coulomb (SR)   Coul. recip.      Potential
    4.64857e+04   -1.96969e+03   -2.83449e+05    1.14967e+03   -2.37784e+05
    Kinetic En.   Total Energy  Conserved En.    Temperature Pres. DC (bar)
    3.70962e+04   -2.00687e+05   -1.17558e+05    2.70428e+02   -1.99591e+02
 Pressure (bar)
   -1.16029e+02

           Step           Time
        1130000     2260.00000

   Energies (kJ/mol)
        LJ (SR)  Disper. corr.   Coulomb (SR)   Coul. recip.      Potential
    4.67148e+04   -1.97803e+03   -2.82157e+05    1.09150e+03   -2.36329e+05
    Kinetic En.   Total Energy  Conserved En.    Temperature Pres. DC (bar)
    3.80031e+04   -1.98326e+05   -1.17266e+05    2.77038e+02   -2.01282e+02
 Pressure (bar)
    2.55773e+02

           Step           Time
        1135000     2270.00000

   Energies (kJ/mol)
        LJ (SR)  Disper. corr.   Coulomb (SR)   Coul. recip.      Potential
    4.63667e+04   -1.99115e+03   -2.82999e+05    1.11891e+03   -2.37505e+05
    Kinetic En.   Total Energy  Conserved En.    Temperature Pres. DC (bar)
    3.74789e+04   -2.00026e+05   -1.16987e+05    2.73217e+02   -2.03960e+02
 Pressure (bar)
    4.25606e+01

           Step           Time
        1140000     2280.00000

   Energies (kJ/mol)
        LJ (SR)  Disper. corr.   Coulomb (SR)   Coul. recip.      Potential
    4.68121e+04   -1.98209e+03   -2.82404e+05    1.18139e+03   -2.36393e+05
    Kinetic En.   Total Energy  Conserved En.    Temperature Pres. DC (bar)
    3.78164e+04   -1.98576e+05   -1.16762e+05    2.75678e+02   -2.02110e+02
 Pressure (bar)
    3.31158e+02

           Step           Time
        1145000     2290.00000

   Energies (kJ/mol)
        LJ (SR)  Disper. corr.   Coulomb (SR)   Coul. recip.      Potential
    4.57614e+04   -1.97178e+03   -2.81712e+05    1.14234e+03   -2.36780e+05
    Kinetic En.   Total Energy  Conserved En.    Temperature Pres. DC (bar)
    3.75758e+04   -1.99204e+05   -1.16470e+05    2.73924e+02   -2.00015e+02
 Pressure (bar)
   -2.07363e+02

           Step           Time
        1150000     2300.00000

   Energies (kJ/mol)
        LJ (SR)  Disper. corr.   Coulomb (SR)   Coul. recip.      Potential
    4.64610e+04   -1.96451e+03   -2.81864e+05    1.18136e+03   -2.36186e+05
    Kinetic En.   Total Energy  Conserved En.    Temperature Pres. DC (bar)
    3.71729e+04   -1.99013e+05   -1.16218e+05    2.70986e+02   -1.98542e+02
 Pressure (bar)
    7.95208e+01

           Step           Time
        1155000     2310.00000

   Energies (kJ/mol)
        LJ (SR)  Disper. corr.   Coulomb (SR)   Coul. recip.      Potential
    4.61875e+04   -1.97709e+03   -2.82876e+05    1.15376e+03   -2.37512e+05
    Kinetic En.   Total Energy  Conserved En.    Temperature Pres. DC (bar)
    3.69807e+04   -2.00531e+05   -1.15876e+05    2.69586e+02   -2.01092e+02
 Pressure (bar)
   -8.19118e+01

           Step           Time
        1160000     2320.00000

   Energies (kJ/mol)
        LJ (SR)  Disper. corr.   Coulomb (SR)   Coul. recip.      Potential
    4.71989e+04   -1.97812e+03   -2.83618e+05    1.15257e+03   -2.37244e+05
    Kinetic En.   Total Energy  Conserved En.    Temperature Pres. DC (bar)
    3.76998e+04   -1.99544e+05   -1.15648e+05    2.74828e+02   -2.01302e+02
 Pressure (bar)
    2.50922e+02

           Step           Time
        1165000     2330.00000

   Energies (kJ/mol)
        LJ (SR)  Disper. corr.   Coulomb (SR)   Coul. recip.      Potential
    4.61333e+04   -1.97205e+03   -2.81360e+05    1.15728e+03   -2.36041e+05
    Kinetic En.   Total Energy  Conserved En.    Temperature Pres. DC (bar)
    3.75354e+04   -1.98506e+05   -1.15403e+05    2.73629e+02   -2.00069e+02
 Pressure (bar)
    5.06991e+01

           Step           Time
        1170000     2340.00000

   Energies (kJ/mol)
        LJ (SR)  Disper. corr.   Coulomb (SR)   Coul. recip.      Potential
    4.69381e+04   -1.96484e+03   -2.83679e+05    1.15515e+03   -2.37551e+05
    Kinetic En.   Total Energy  Conserved En.    Temperature Pres. DC (bar)
    3.78190e+04   -1.99732e+05   -1.15108e+05    2.75696e+02   -1.98611e+02
 Pressure (bar)
    7.54157e+01

           Step           Time
        1175000     2350.00000

   Energies (kJ/mol)
        LJ (SR)  Disper. corr.   Coulomb (SR)   Coul. recip.      Potential
    4.70026e+04   -1.98378e+03   -2.83219e+05    1.14153e+03   -2.37058e+05
    Kinetic En.   Total Energy  Conserved En.    Temperature Pres. DC (bar)
    3.75112e+04   -1.99547e+05   -1.14866e+05    2.73453e+02   -2.02454e+02
 Pressure (bar)
    3.14233e+02

           Step           Time
        1180000     2360.00000

   Energies (kJ/mol)
        LJ (SR)  Disper. corr.   Coulomb (SR)   Coul. recip.      Potential
    4.57966e+04   -1.96208e+03   -2.81711e+05    1.15677e+03   -2.36719e+05
    Kinetic En.   Total Energy  Conserved En.    Temperature Pres. DC (bar)
    3.74593e+04   -1.99260e+05   -1.14622e+05    2.73074e+02   -1.98053e+02
 Pressure (bar)
   -2.67800e+02

           Step           Time
        1185000     2370.00000

   Energies (kJ/mol)
        LJ (SR)  Disper. corr.   Coulomb (SR)   Coul. recip.      Potential
    4.69989e+04   -1.97899e+03   -2.82639e+05    1.20484e+03   -2.36414e+05
    Kinetic En.   Total Energy  Conserved En.    Temperature Pres. DC (bar)
    3.72006e+04   -1.99213e+05   -1.14328e+05    2.71189e+02   -2.01478e+02
 Pressure (bar)
    3.13632e+02

           Step           Time
        1190000     2380.00000

   Energies (kJ/mol)
        LJ (SR)  Disper. corr.   Coulomb (SR)   Coul. recip.      Potential
    4.69751e+04   -1.97359e+03   -2.83411e+05    1.15169e+03   -2.37258e+05
    Kinetic En.   Total Energy  Conserved En.    Temperature Pres. DC (bar)
    3.78005e+04   -1.99458e+05   -1.14092e+05    2.75561e+02   -2.00380e+02
 Pressure (bar)
    1.29516e+02

           Step           Time
        1195000     2390.00000

   Energies (kJ/mol)
        LJ (SR)  Disper. corr.   Coulomb (SR)   Coul. recip.      Potential
    4.63574e+04   -1.98554e+03   -2.82353e+05    1.17553e+03   -2.36806e+05
    Kinetic En.   Total Energy  Conserved En.    Temperature Pres. DC (bar)
    3.73262e+04   -1.99479e+05   -1.13820e+05    2.72104e+02   -2.02813e+02
 Pressure (bar)
    9.70733e+01

           Step           Time
        1200000     2400.00000

   Energies (kJ/mol)
        LJ (SR)  Disper. corr.   Coulomb (SR)   Coul. recip.      Potential
    4.70584e+04   -1.96785e+03   -2.83339e+05    1.15755e+03   -2.37091e+05
    Kinetic En.   Total Energy  Conserved En.    Temperature Pres. DC (bar)
    3.74326e+04   -1.99658e+05   -1.13510e+05    2.72880e+02   -1.99219e+02
 Pressure (bar)
    1.78091e+02

           Step           Time
        1205000     2410.00000

   Energies (kJ/mol)
        LJ (SR)  Disper. corr.   Coulomb (SR)   Coul. recip.      Potential
    4.61172e+04   -1.96148e+03   -2.81777e+05    1.15936e+03   -2.36462e+05
    Kinetic En.   Total Energy  Conserved En.    Temperature Pres. DC (bar)
    3.77140e+04   -1.98748e+05   -1.13269e+05    2.74931e+02   -1.97932e+02
 Pressure (bar)
   -7.25350e+01

           Step           Time
        1210000     2420.00000

   Energies (kJ/mol)
        LJ (SR)  Disper. corr.   Coulomb (SR)   Coul. recip.      Potential
    4.59397e+04   -1.97012e+03   -2.82510e+05    1.19403e+03   -2.37346e+05
    Kinetic En.   Total Energy  Conserved En.    Temperature Pres. DC (bar)
    3.74559e+04   -1.99890e+05   -1.12988e+05    2.73050e+02   -1.99678e+02
 Pressure (bar)
   -2.37803e+02

           Step           Time
        1215000     2430.00000

   Energies (kJ/mol)
        LJ (SR)  Disper. corr.   Coulomb (SR)   Coul. recip.      Potential
    4.65389e+04   -1.96922e+03   -2.82768e+05    1.13565e+03   -2.37063e+05
    Kinetic En.   Total Energy  Conserved En.    Temperature Pres. DC (bar)
    3.69427e+04   -2.00120e+05   -1.12711e+05    2.69308e+02   -1.99494e+02
 Pressure (bar)
    2.27537e+01

           Step           Time
        1220000     2440.00000

   Energies (kJ/mol)
        LJ (SR)  Disper. corr.   Coulomb (SR)   Coul. recip.      Potential
    4.63794e+04   -1.97256e+03   -2.82935e+05    1.18877e+03   -2.37339e+05
    Kinetic En.   Total Energy  Conserved En.    Temperature Pres. DC (bar)
    3.71775e+04   -2.00162e+05   -1.12458e+05    2.71020e+02   -2.00173e+02
 Pressure (bar)
   -1.26809e+02

           Step           Time
        1225000     2450.00000

   Energies (kJ/mol)
        LJ (SR)  Disper. corr.   Coulomb (SR)   Coul. recip.      Potential
    4.61917e+04   -1.96243e+03   -2.82463e+05    1.22442e+03   -2.37009e+05
    Kinetic En.   Total Energy  Conserved En.    Temperature Pres. DC (bar)
    3.74732e+04   -1.99536e+05   -1.12125e+05    2.73175e+02   -1.98122e+02
 Pressure (bar)
   -1.34947e+02

           Step           Time
        1230000     2460.00000

   Energies (kJ/mol)
        LJ (SR)  Disper. corr.   Coulomb (SR)   Coul. recip.      Potential
    4.67964e+04   -1.97604e+03   -2.83325e+05    1.17876e+03   -2.37326e+05
    Kinetic En.   Total Energy  Conserved En.    Temperature Pres. DC (bar)
    3.76227e+04   -1.99703e+05   -1.11761e+05    2.74265e+02   -2.00878e+02
 Pressure (bar)
    9.37470e+01

           Step           Time
        1235000     2470.00000

   Energies (kJ/mol)
        LJ (SR)  Disper. corr.   Coulomb (SR)   Coul. recip.      Potential
    4.64517e+04   -1.96055e+03   -2.82206e+05    1.15724e+03   -2.36557e+05
    Kinetic En.   Total Energy  Conserved En.    Temperature Pres. DC (bar)
    3.74641e+04   -1.99093e+05   -1.11484e+05    2.73109e+02   -1.97744e+02
 Pressure (bar)
   -5.40327e+01

           Step           Time
        1240000     2480.00000

   Energies (kJ/mol)
        LJ (SR)  Disper. corr.   Coulomb (SR)   Coul. recip.      Potential
    4.73167e+04   -1.98281e+03   -2.84049e+05    1.19852e+03   -2.37517e+05
    Kinetic En.   Total Energy  Conserved En.    Temperature Pres. DC (bar)
    3.71228e+04   -2.00394e+05   -1.11224e+05    2.70621e+02   -2.02256e+02
 Pressure (bar)
    3.09712e+02

           Step           Time
        1245000     2490.00000

   Energies (kJ/mol)
        LJ (SR)  Disper. corr.   Coulomb (SR)   Coul. recip.      Potential
    4.55219e+04   -1.97750e+03   -2.81276e+05    1.20097e+03   -2.36530e+05
    Kinetic En.   Total Energy  Conserved En.    Temperature Pres. DC (bar)
    3.76558e+04   -1.98875e+05   -1.10961e+05    2.74507e+02   -2.01175e+02
 Pressure (bar)
   -1.46362e+02

           Step           Time
        1250000     2500.00000

   Energies (kJ/mol)
        LJ (SR)  Disper. corr.   Coulomb (SR)   Coul. recip.      Potential
    4.58905e+04   -1.96216e+03   -2.82007e+05    1.19093e+03   -2.36888e+05
    Kinetic En.   Total Energy  Conserved En.    Temperature Pres. DC (bar)
    3.76669e+04   -1.99221e+05   -1.10695e+05    2.74588e+02   -1.98070e+02
 Pressure (bar)
   -2.53858e+02

           Step           Time
        1255000     2510.00000

   Energies (kJ/mol)
        LJ (SR)  Disper. corr.   Coulomb (SR)   Coul. recip.      Potential
    4.59409e+04   -1.96783e+03   -2.81612e+05    1.17624e+03   -2.36463e+05
    Kinetic En.   Total Energy  Conserved En.    Temperature Pres. DC (bar)
    3.74874e+04   -1.98976e+05   -1.10406e+05    2.73279e+02   -1.99215e+02
 Pressure (bar)
   -8.42728e+01

Writing checkpoint, step 1256200 at Sat Mar  8 14:34:03 2025


           Step           Time
        1260000     2520.00000

   Energies (kJ/mol)
        LJ (SR)  Disper. corr.   Coulomb (SR)   Coul. recip.      Potential
    4.61828e+04   -1.96671e+03   -2.82257e+05    1.20094e+03   -2.36840e+05
    Kinetic En.   Total Energy  Conserved En.    Temperature Pres. DC (bar)
    3.77284e+04   -1.99111e+05   -1.10115e+05    2.75036e+02   -1.98989e+02
 Pressure (bar)
   -1.20359e+02

           Step           Time
        1265000     2530.00000

   Energies (kJ/mol)
        LJ (SR)  Disper. corr.   Coulomb (SR)   Coul. recip.      Potential
    4.68022e+04   -1.97908e+03   -2.83256e+05    1.15533e+03   -2.37277e+05
    Kinetic En.   Total Energy  Conserved En.    Temperature Pres. DC (bar)
    3.73352e+04   -1.99942e+05   -1.09749e+05    2.72170e+02   -2.01496e+02
 Pressure (bar)
    1.23125e+02

           Step           Time
        1270000     2540.00000

   Energies (kJ/mol)
        LJ (SR)  Disper. corr.   Coulomb (SR)   Coul. recip.      Potential
    4.66561e+04   -1.97693e+03   -2.82046e+05    1.12822e+03   -2.36239e+05
    Kinetic En.   Total Energy  Conserved En.    Temperature Pres. DC (bar)
    3.74140e+04   -1.98825e+05   -1.09491e+05    2.72744e+02   -2.01059e+02
 Pressure (bar)
    2.63619e+02

           Step           Time
        1275000     2550.00000

   Energies (kJ/mol)
        LJ (SR)  Disper. corr.   Coulomb (SR)   Coul. recip.      Potential
    4.60501e+04   -1.96844e+03   -2.82387e+05    1.13921e+03   -2.37166e+05
    Kinetic En.   Total Energy  Conserved En.    Temperature Pres. DC (bar)
    3.77370e+04   -1.99429e+05   -1.09202e+05    2.75099e+02   -1.99338e+02
 Pressure (bar)
   -1.74104e+02

           Step           Time
        1280000     2560.00000

   Energies (kJ/mol)
        LJ (SR)  Disper. corr.   Coulomb (SR)   Coul. recip.      Potential
    4.73347e+04   -1.96432e+03   -2.84175e+05    1.14497e+03   -2.37659e+05
    Kinetic En.   Total Energy  Conserved En.    Temperature Pres. DC (bar)
    3.72370e+04   -2.00422e+05   -1.08926e+05    2.71454e+02   -1.98505e+02
 Pressure (bar)
    1.44369e+02

           Step           Time
        1285000     2570.00000

   Energies (kJ/mol)
        LJ (SR)  Disper. corr.   Coulomb (SR)   Coul. recip.      Potential
    4.63869e+04   -1.96578e+03   -2.82383e+05    1.17495e+03   -2.36787e+05
    Kinetic En.   Total Energy  Conserved En.    Temperature Pres. DC (bar)
    3.77543e+04   -1.99033e+05   -1.08706e+05    2.75225e+02   -1.98799e+02
 Pressure (bar)
   -6.01115e+00

           Step           Time
        1290000     2580.00000

   Energies (kJ/mol)
        LJ (SR)  Disper. corr.   Coulomb (SR)   Coul. recip.      Potential
    4.72140e+04   -1.98178e+03   -2.83842e+05    1.12838e+03   -2.37482e+05
    Kinetic En.   Total Energy  Conserved En.    Temperature Pres. DC (bar)
    3.71629e+04   -2.00319e+05   -1.08424e+05    2.70914e+02   -2.02045e+02
 Pressure (bar)
    2.33464e+02

           Step           Time
        1295000     2590.00000

   Energies (kJ/mol)
        LJ (SR)  Disper. corr.   Coulomb (SR)   Coul. recip.      Potential
    4.64083e+04   -1.97844e+03   -2.82336e+05    1.17355e+03   -2.36733e+05
    Kinetic En.   Total Energy  Conserved En.    Temperature Pres. DC (bar)
    3.76589e+04   -1.99074e+05   -1.08018e+05    2.74530e+02   -2.01366e+02
 Pressure (bar)
    6.98684e+01

           Step           Time
        1300000     2600.00000

   Energies (kJ/mol)
        LJ (SR)  Disper. corr.   Coulomb (SR)   Coul. recip.      Potential
    4.60253e+04   -1.96472e+03   -2.81377e+05    1.19331e+03   -2.36123e+05
    Kinetic En.   Total Energy  Conserved En.    Temperature Pres. DC (bar)
    3.79929e+04   -1.98130e+05   -1.07696e+05    2.76965e+02   -1.98585e+02
 Pressure (bar)
   -2.66020e+01

           Step           Time
        1305000     2610.00000

   Energies (kJ/mol)
        LJ (SR)  Disper. corr.   Coulomb (SR)   Coul. recip.      Potential
    4.74410e+04   -1.96683e+03   -2.83963e+05    1.20824e+03   -2.37281e+05
    Kinetic En.   Total Energy  Conserved En.    Temperature Pres. DC (bar)
    3.72113e+04   -2.00069e+05   -1.07410e+05    2.71267e+02   -1.99011e+02
 Pressure (bar)
    2.22105e+02

           Step           Time
        1310000     2620.00000

   Energies (kJ/mol)
        LJ (SR)  Disper. corr.   Coulomb (SR)   Coul. recip.      Potential
    4.62534e+04   -1.95428e+03   -2.82662e+05    1.21192e+03   -2.37151e+05
    Kinetic En.   Total Energy  Conserved En.    Temperature Pres. DC (bar)
    3.72652e+04   -1.99886e+05   -1.07128e+05    2.71660e+02   -1.96482e+02
 Pressure (bar)
   -2.34453e+02

           Step           Time
        1315000     2630.00000

   Energies (kJ/mol)
        LJ (SR)  Disper. corr.   Coulomb (SR)   Coul. recip.      Potential
    4.68789e+04   -1.98159e+03   -2.83437e+05    1.18481e+03   -2.37355e+05
    Kinetic En.   Total Energy  Conserved En.    Temperature Pres. DC (bar)
    3.75814e+04   -1.99774e+05   -1.06839e+05    2.73965e+02   -2.02008e+02
 Pressure (bar)
    2.04720e+02

           Step           Time
        1320000     2640.00000

   Energies (kJ/mol)
        LJ (SR)  Disper. corr.   Coulomb (SR)   Coul. recip.      Potential
    4.59691e+04   -1.97536e+03   -2.82550e+05    1.16201e+03   -2.37395e+05
    Kinetic En.   Total Energy  Conserved En.    Temperature Pres. DC (bar)
    3.72518e+04   -2.00143e+05   -1.06564e+05    2.71562e+02   -2.00740e+02
 Pressure (bar)
   -1.60897e+02

           Step           Time
        1325000     2650.00000

   Energies (kJ/mol)
        LJ (SR)  Disper. corr.   Coulomb (SR)   Coul. recip.      Potential
    4.57597e+04   -1.97344e+03   -2.82269e+05    1.16618e+03   -2.37317e+05
    Kinetic En.   Total Energy  Conserved En.    Temperature Pres. DC (bar)
    3.75378e+04   -1.99779e+05   -1.06258e+05    2.73647e+02   -2.00351e+02
 Pressure (bar)
   -1.94561e+02

           Step           Time
        1330000     2660.00000

   Energies (kJ/mol)
        LJ (SR)  Disper. corr.   Coulomb (SR)   Coul. recip.      Potential
    4.66575e+04   -1.96370e+03   -2.82954e+05    1.18492e+03   -2.37075e+05
    Kinetic En.   Total Energy  Conserved En.    Temperature Pres. DC (bar)
    3.81336e+04   -1.98941e+05   -1.06002e+05    2.77990e+02   -1.98379e+02
 Pressure (bar)
   -1.29566e+01

           Step           Time
        1335000     2670.00000

   Energies (kJ/mol)
        LJ (SR)  Disper. corr.   Coulomb (SR)   Coul. recip.      Potential
    4.69165e+04   -1.97189e+03   -2.83217e+05    1.21098e+03   -2.37062e+05
    Kinetic En.   Total Energy  Conserved En.    Temperature Pres. DC (bar)
    3.72550e+04   -1.99807e+05   -1.05748e+05    2.71585e+02   -2.00037e+02
 Pressure (bar)
    1.32917e+02

           Step           Time
        1340000     2680.00000

   Energies (kJ/mol)
        LJ (SR)  Disper. corr.   Coulomb (SR)   Coul. recip.      Potential
    4.69925e+04   -1.97462e+03   -2.83523e+05    1.17359e+03   -2.37332e+05
    Kinetic En.   Total Energy  Conserved En.    Temperature Pres. DC (bar)
    3.80745e+04   -1.99257e+05   -1.05502e+05    2.77559e+02   -2.00589e+02
 Pressure (bar)
    1.43971e+02

           Step           Time
        1345000     2690.00000

   Energies (kJ/mol)
        LJ (SR)  Disper. corr.   Coulomb (SR)   Coul. recip.      Potential
    4.67286e+04   -1.96999e+03   -2.83121e+05    1.17042e+03   -2.37192e+05
    Kinetic En.   Total Energy  Conserved En.    Temperature Pres. DC (bar)
    3.80296e+04   -1.99162e+05   -1.05242e+05    2.77232e+02   -1.99652e+02
 Pressure (bar)
    9.73271e+01

           Step           Time
        1350000     2700.00000

   Energies (kJ/mol)
        LJ (SR)  Disper. corr.   Coulomb (SR)   Coul. recip.      Potential
    4.72892e+04   -1.96716e+03   -2.83294e+05    1.20066e+03   -2.36772e+05
    Kinetic En.   Total Energy  Conserved En.    Temperature Pres. DC (bar)
    3.73033e+04   -1.99468e+05   -1.04956e+05    2.71937e+02   -1.99079e+02
 Pressure (bar)
    2.44151e+02

           Step           Time
        1355000     2710.00000

   Energies (kJ/mol)
        LJ (SR)  Disper. corr.   Coulomb (SR)   Coul. recip.      Potential
    4.61429e+04   -1.96904e+03   -2.82656e+05    1.17485e+03   -2.37308e+05
    Kinetic En.   Total Energy  Conserved En.    Temperature Pres. DC (bar)
    3.69220e+04   -2.00386e+05   -1.04692e+05    2.69157e+02   -1.99460e+02
 Pressure (bar)
   -1.67742e+02

           Step           Time
        1360000     2720.00000

   Energies (kJ/mol)
        LJ (SR)  Disper. corr.   Coulomb (SR)   Coul. recip.      Potential
    4.76698e+04   -1.96716e+03   -2.84470e+05    1.18702e+03   -2.37580e+05
    Kinetic En.   Total Energy  Conserved En.    Temperature Pres. DC (bar)
    3.80054e+04   -1.99575e+05   -1.04407e+05    2.77056e+02   -1.99078e+02
 Pressure (bar)
    2.89531e+02

           Step           Time
        1365000     2730.00000

   Energies (kJ/mol)
        LJ (SR)  Disper. corr.   Coulomb (SR)   Coul. recip.      Potential
    4.61951e+04   -1.97760e+03   -2.82861e+05    1.18991e+03   -2.37453e+05
    Kinetic En.   Total Energy  Conserved En.    Temperature Pres. DC (bar)
    3.72720e+04   -2.00181e+05   -1.04132e+05    2.71709e+02   -2.01196e+02
 Pressure (bar)
   -1.17347e+02

           Step           Time
        1370000     2740.00000

   Energies (kJ/mol)
        LJ (SR)  Disper. corr.   Coulomb (SR)   Coul. recip.      Potential
    4.69006e+04   -1.95762e+03   -2.84045e+05    1.17878e+03   -2.37923e+05
    Kinetic En.   Total Energy  Conserved En.    Temperature Pres. DC (bar)
    3.75479e+04   -2.00375e+05   -1.03867e+05    2.73720e+02   -1.97154e+02
 Pressure (bar)
   -9.23146e+01

           Step           Time
        1375000     2750.00000

   Energies (kJ/mol)
        LJ (SR)  Disper. corr.   Coulomb (SR)   Coul. recip.      Potential
    4.61776e+04   -1.96200e+03   -2.82598e+05    1.15824e+03   -2.37224e+05
    Kinetic En.   Total Energy  Conserved En.    Temperature Pres. DC (bar)
    3.73970e+04   -1.99827e+05   -1.03584e+05    2.72620e+02   -1.98036e+02
 Pressure (bar)
   -1.19990e+02

           Step           Time
        1380000     2760.00000

   Energies (kJ/mol)
        LJ (SR)  Disper. corr.   Coulomb (SR)   Coul. recip.      Potential
    4.55648e+04   -1.97475e+03   -2.82642e+05    1.18539e+03   -2.37867e+05
    Kinetic En.   Total Energy  Conserved En.    Temperature Pres. DC (bar)
    3.69962e+04   -2.00871e+05   -1.03336e+05    2.69698e+02   -2.00616e+02
 Pressure (bar)
   -3.88534e+02

           Step           Time
        1385000     2770.00000

   Energies (kJ/mol)
        LJ (SR)  Disper. corr.   Coulomb (SR)   Coul. recip.      Potential
    4.61331e+04   -1.99377e+03   -2.81835e+05    1.18914e+03   -2.36507e+05
    Kinetic En.   Total Energy  Conserved En.    Temperature Pres. DC (bar)
    3.72013e+04   -1.99306e+05   -1.03008e+05    2.71193e+02   -2.04497e+02
 Pressure (bar)
    2.11112e+02

           Step           Time
        1390000     2780.00000

   Energies (kJ/mol)
        LJ (SR)  Disper. corr.   Coulomb (SR)   Coul. recip.      Potential
    4.65422e+04   -1.97868e+03   -2.83369e+05    1.14251e+03   -2.37663e+05
    Kinetic En.   Total Energy  Conserved En.    Temperature Pres. DC (bar)
    3.75710e+04   -2.00092e+05   -1.02735e+05    2.73889e+02   -2.01414e+02
 Pressure (bar)
   -2.03634e+01

           Step           Time
        1395000     2790.00000

   Energies (kJ/mol)
        LJ (SR)  Disper. corr.   Coulomb (SR)   Coul. recip.      Potential
    4.63805e+04   -1.97601e+03   -2.83088e+05    1.12045e+03   -2.37563e+05
    Kinetic En.   Total Energy  Conserved En.    Temperature Pres. DC (bar)
    3.77108e+04   -1.99852e+05   -1.02417e+05    2.74908e+02   -2.00873e+02
 Pressure (bar)
   -2.30011e+01

           Step           Time
        1400000     2800.00000

   Energies (kJ/mol)
        LJ (SR)  Disper. corr.   Coulomb (SR)   Coul. recip.      Potential
    4.69871e+04   -1.98079e+03   -2.84276e+05    1.12792e+03   -2.38142e+05
    Kinetic En.   Total Energy  Conserved En.    Temperature Pres. DC (bar)
    3.72357e+04   -2.00906e+05   -1.02105e+05    2.71444e+02   -2.01845e+02
 Pressure (bar)
    3.61455e+01

           Step           Time
        1405000     2810.00000

   Energies (kJ/mol)
        LJ (SR)  Disper. corr.   Coulomb (SR)   Coul. recip.      Potential
    4.66311e+04   -1.97295e+03   -2.83542e+05    1.14084e+03   -2.37743e+05
    Kinetic En.   Total Energy  Conserved En.    Temperature Pres. DC (bar)
    3.79791e+04   -1.99764e+05   -1.01835e+05    2.76864e+02   -2.00251e+02
 Pressure (bar)
    2.00589e+01

           Step           Time
        1410000     2820.00000

   Energies (kJ/mol)
        LJ (SR)  Disper. corr.   Coulomb (SR)   Coul. recip.      Potential
    4.68586e+04   -1.96435e+03   -2.83328e+05    1.21189e+03   -2.37222e+05
    Kinetic En.   Total Energy  Conserved En.    Temperature Pres. DC (bar)
    3.71050e+04   -2.00117e+05   -1.01552e+05    2.70492e+02   -1.98510e+02
 Pressure (bar)
    1.35435e+01

           Step           Time
        1415000     2830.00000

   Energies (kJ/mol)
        LJ (SR)  Disper. corr.   Coulomb (SR)   Coul. recip.      Potential
    4.63966e+04   -1.98054e+03   -2.83320e+05    1.12314e+03   -2.37780e+05
    Kinetic En.   Total Energy  Conserved En.    Temperature Pres. DC (bar)
    3.78984e+04   -1.99882e+05   -1.01277e+05    2.76276e+02   -2.01794e+02
 Pressure (bar)
    1.74896e+01

           Step           Time
        1420000     2840.00000

   Energies (kJ/mol)
        LJ (SR)  Disper. corr.   Coulomb (SR)   Coul. recip.      Potential
    4.62139e+04   -1.97601e+03   -2.82639e+05    1.11414e+03   -2.37287e+05
    Kinetic En.   Total Energy  Conserved En.    Temperature Pres. DC (bar)
    3.70880e+04   -2.00199e+05   -1.01029e+05    2.70368e+02   -2.00872e+02
 Pressure (bar)
   -1.03769e+02

           Step           Time
        1425000     2850.00000

   Energies (kJ/mol)
        LJ (SR)  Disper. corr.   Coulomb (SR)   Coul. recip.      Potential
    4.66221e+04   -1.97162e+03   -2.83072e+05    1.19203e+03   -2.37230e+05
    Kinetic En.   Total Energy  Conserved En.    Temperature Pres. DC (bar)
    3.75543e+04   -1.99675e+05   -1.00666e+05    2.73767e+02   -1.99982e+02
 Pressure (bar)
    3.58484e+01

           Step           Time
        1430000     2860.00000

   Energies (kJ/mol)
        LJ (SR)  Disper. corr.   Coulomb (SR)   Coul. recip.      Potential
    4.65534e+04   -1.97284e+03   -2.82961e+05    1.10726e+03   -2.37274e+05
    Kinetic En.   Total Energy  Conserved En.    Temperature Pres. DC (bar)
    3.76692e+04   -1.99604e+05   -1.00392e+05    2.74605e+02   -2.00228e+02
 Pressure (bar)
    2.94679e+01

Writing checkpoint, step 1431800 at Sat Mar  8 14:49:02 2025


           Step           Time
        1435000     2870.00000

   Energies (kJ/mol)
        LJ (SR)  Disper. corr.   Coulomb (SR)   Coul. recip.      Potential
    4.63761e+04   -1.97264e+03   -2.83230e+05    1.16257e+03   -2.37664e+05
    Kinetic En.   Total Energy  Conserved En.    Temperature Pres. DC (bar)
    3.72288e+04   -2.00435e+05   -1.00128e+05    2.71394e+02   -2.00188e+02
 Pressure (bar)
   -1.28582e+02

           Step           Time
        1440000     2880.00000

   Energies (kJ/mol)
        LJ (SR)  Disper. corr.   Coulomb (SR)   Coul. recip.      Potential
    4.64905e+04   -1.98250e+03   -2.82104e+05    1.20886e+03   -2.36388e+05
    Kinetic En.   Total Energy  Conserved En.    Temperature Pres. DC (bar)
    3.74898e+04   -1.98898e+05   -9.98423e+04    2.73297e+02   -2.02193e+02
 Pressure (bar)
    2.33957e+02

           Step           Time
        1445000     2890.00000

   Energies (kJ/mol)
        LJ (SR)  Disper. corr.   Coulomb (SR)   Coul. recip.      Potential
    4.69756e+04   -1.97793e+03   -2.83375e+05    1.18328e+03   -2.37194e+05
    Kinetic En.   Total Energy  Conserved En.    Temperature Pres. DC (bar)
    3.78452e+04   -1.99349e+05   -9.95815e+04    2.75887e+02   -2.01263e+02
 Pressure (bar)
    2.09691e+02

           Step           Time
        1450000     2900.00000

   Energies (kJ/mol)
        LJ (SR)  Disper. corr.   Coulomb (SR)   Coul. recip.      Potential
    4.61845e+04   -1.97681e+03   -2.81869e+05    1.15294e+03   -2.36508e+05
    Kinetic En.   Total Energy  Conserved En.    Temperature Pres. DC (bar)
    3.72993e+04   -1.99209e+05   -9.93125e+04    2.71908e+02   -2.01034e+02
 Pressure (bar)
    4.87493e+01

           Step           Time
        1455000     2910.00000

   Energies (kJ/mol)
        LJ (SR)  Disper. corr.   Coulomb (SR)   Coul. recip.      Potential
    4.65824e+04   -1.96704e+03   -2.82679e+05    1.18214e+03   -2.36881e+05
    Kinetic En.   Total Energy  Conserved En.    Temperature Pres. DC (bar)
    3.78069e+04   -1.99074e+05   -9.90093e+04    2.75609e+02   -1.99054e+02
 Pressure (bar)
    4.80526e+01

           Step           Time
        1460000     2920.00000

   Energies (kJ/mol)
        LJ (SR)  Disper. corr.   Coulomb (SR)   Coul. recip.      Potential
    4.68969e+04   -1.96739e+03   -2.83074e+05    1.14483e+03   -2.37000e+05
    Kinetic En.   Total Energy  Conserved En.    Temperature Pres. DC (bar)
    3.74292e+04   -1.99571e+05   -9.86858e+04    2.72855e+02   -1.99125e+02
 Pressure (bar)
    1.37131e+02

           Step           Time
        1465000     2930.00000

   Energies (kJ/mol)
        LJ (SR)  Disper. corr.   Coulomb (SR)   Coul. recip.      Potential
    4.62830e+04   -1.96572e+03   -2.81896e+05    1.22743e+03   -2.36351e+05
    Kinetic En.   Total Energy  Conserved En.    Temperature Pres. DC (bar)
    3.80084e+04   -1.98343e+05   -9.84452e+04    2.77077e+02   -1.98787e+02
 Pressure (bar)
    2.50645e+00

           Step           Time
        1470000     2940.00000

   Energies (kJ/mol)
        LJ (SR)  Disper. corr.   Coulomb (SR)   Coul. recip.      Potential
    4.59765e+04   -1.96724e+03   -2.82611e+05    1.19150e+03   -2.37410e+05
    Kinetic En.   Total Energy  Conserved En.    Temperature Pres. DC (bar)
    3.79723e+04   -1.99438e+05   -9.81358e+04    2.76814e+02   -1.99095e+02
 Pressure (bar)
   -1.95836e+02

           Step           Time
        1475000     2950.00000

   Energies (kJ/mol)
        LJ (SR)  Disper. corr.   Coulomb (SR)   Coul. recip.      Potential
    4.70477e+04   -1.97724e+03   -2.83765e+05    1.15745e+03   -2.37537e+05
    Kinetic En.   Total Energy  Conserved En.    Temperature Pres. DC (bar)
    3.77737e+04   -1.99764e+05   -9.78826e+04    2.75366e+02   -2.01123e+02
 Pressure (bar)
    1.90003e+02

           Step           Time
        1480000     2960.00000

   Energies (kJ/mol)
        LJ (SR)  Disper. corr.   Coulomb (SR)   Coul. recip.      Potential
    4.61748e+04   -1.96798e+03   -2.82577e+05    1.12852e+03   -2.37241e+05
    Kinetic En.   Total Energy  Conserved En.    Temperature Pres. DC (bar)
    3.76853e+04   -1.99556e+05   -9.76140e+04    2.74722e+02   -1.99244e+02
 Pressure (bar)
   -1.01078e+02

           Step           Time
        1485000     2970.00000

   Energies (kJ/mol)
        LJ (SR)  Disper. corr.   Coulomb (SR)   Coul. recip.      Potential
    4.65550e+04   -1.97923e+03   -2.83036e+05    1.17811e+03   -2.37282e+05
    Kinetic En.   Total Energy  Conserved En.    Temperature Pres. DC (bar)
    3.76710e+04   -1.99611e+05   -9.73147e+04    2.74618e+02   -2.01527e+02
 Pressure (bar)
    8.66452e+01

           Step           Time
        1490000     2980.00000

   Energies (kJ/mol)
        LJ (SR)  Disper. corr.   Coulomb (SR)   Coul. recip.      Potential
    4.72774e+04   -1.97046e+03   -2.83591e+05    1.11440e+03   -2.37170e+05
    Kinetic En.   Total Energy  Conserved En.    Temperature Pres. DC (bar)
    3.74855e+04   -1.99685e+05   -9.70211e+04    2.73266e+02   -1.99747e+02
 Pressure (bar)
    2.42454e+02

           Step           Time
        1495000     2990.00000

   Energies (kJ/mol)
        LJ (SR)  Disper. corr.   Coulomb (SR)   Coul. recip.      Potential
    4.49703e+04   -1.96722e+03   -2.80872e+05    1.22083e+03   -2.36648e+05
    Kinetic En.   Total Energy  Conserved En.    Temperature Pres. DC (bar)
    3.72560e+04   -1.99392e+05   -9.67437e+04    2.71592e+02   -1.99091e+02
 Pressure (bar)
   -4.35108e+02

           Step           Time
        1500000     3000.00000

Writing checkpoint, step 1500000 at Sat Mar  8 14:54:54 2025


   Energies (kJ/mol)
        LJ (SR)  Disper. corr.   Coulomb (SR)   Coul. recip.      Potential
    4.57313e+04   -1.96876e+03   -2.81877e+05    1.13500e+03   -2.36980e+05
    Kinetic En.   Total Energy  Conserved En.    Temperature Pres. DC (bar)
    3.75544e+04   -1.99425e+05   -9.64670e+04    2.73768e+02   -1.99402e+02
 Pressure (bar)
   -2.16804e+02


Energy conservation over simulation part #1 of length 3000 ps, time 0 to 3000 ps
  Conserved energy drift: 1.40e-03 kJ/mol/ps per atom


	<======  ###############  ==>
	<====  A V E R A G E S  ====>
	<==  ###############  ======>

	Statistics over 1500001 steps using 15001 frames

   Energies (kJ/mol)
        LJ (SR)  Disper. corr.   Coulomb (SR)   Coul. recip.      Potential
    4.64119e+04   -1.96603e+03   -2.82642e+05    1.17108e+03   -2.37025e+05
    Kinetic En.   Total Energy  Conserved En.    Temperature Pres. DC (bar)
    3.74541e+04   -1.99571e+05   -1.38884e+05    2.73036e+02   -1.99305e+02
 Pressure (bar)
    2.23606e+00

          Box-X          Box-Y          Box-Z
    5.48534e+00    5.48534e+00    5.48534e+00

   Total Virial (kJ/mol)
    1.24857e+04   -7.35296e+00    7.78102e+00
   -7.36499e+00    1.24652e+04   -6.21808e+00
    7.78903e+00   -6.18533e+00    1.24773e+04

   Pressure (bar)
    9.37841e-01    1.88035e+00   -1.71456e+00
    1.88276e+00    3.17741e+00    1.17822e+00
   -1.71602e+00    1.17157e+00    2.59293e+00


	M E G A - F L O P S   A C C O U N T I N G

 NB=Group-cutoff nonbonded kernels    NxN=N-by-N cluster Verlet kernels
 RF=Reaction-Field  VdW=Van der Waals  QSTab=quadratic-spline table
 W3=SPC/TIP3p  W4=TIP4p (single or pairs)
 V&F=Potential and force  V=Potential only  F=Force only

 Computing:                               M-Number         M-Flops  % Flops
-----------------------------------------------------------------------------
 Pair Search distance check          269739.448238     2427655.034     0.2
 NxN Ewald Elec. + LJ [F]          10120399.194352   667946346.827    45.8
 NxN Ewald Elec. + LJ [V&F]          102231.886832    10938811.891     0.8
 NxN LJ [F]                               0.188800           6.230     0.0
 NxN Ewald Elec. [F]               10117051.525008   617140143.025    42.3
 NxN Ewald Elec. [V&F]               102197.932176     8584626.303     0.6
 Calc Weights                         99000.066000     3564002.376     0.2
 Spread Q Bspline                   2112001.408000     4224002.816     0.3
 Gather F Bspline                   2112001.408000    12672008.448     0.9
 3D-FFT                            14155785.437184   113246283.497     7.8
 Solve PME                           202752.135168    12976136.651     0.9
 Reset In Box                           660.000000        1980.000     0.0
 CG-CoM                                 660.022000        1980.066     0.0
 Virial                                1322.722045       23808.997     0.0
 Stop-CM                                330.022000        3300.220     0.0
 Calc-Ekin                            13200.044000      356401.188     0.0
 Constraint-V                         24750.016500      222750.148     0.0
 Constraint-Vir                         990.016500       23760.396     0.0
 Settle                                8250.005500     3052502.035     0.2
 Virtual Site 3                        8580.011000      317460.407     0.0
-----------------------------------------------------------------------------
 Total                                              1457723966.557   100.0
-----------------------------------------------------------------------------


    D O M A I N   D E C O M P O S I T I O N   S T A T I S T I C S

 av. #atoms communicated per step for force:  2 x 0.0


      R E A L   C Y C L E   A N D   T I M E   A C C O U N T I N G

On 1 MPI rank, each using 6 OpenMP threads

 Activity:              Num   Num      Call    Wall time         Giga-Cycles
                        Ranks Threads  Count      (s)         total sum    %
--------------------------------------------------------------------------------
 Domain decomp.            1    6      30000      63.301        900.328   0.7
 Vsite constr.             1    6    1500001      26.087        371.036   0.3
 Neighbor search           1    6      30001     198.220       2819.294   2.1
 Force                     1    6    1500001    4896.667      69645.472  52.4
 PME mesh                  1    6    1500001    3581.594      50941.135  38.3
 NB X/F buffer ops.        1    6    2970001     275.624       3920.217   2.9
 Vsite spread              1    6    1560002      65.565        932.534   0.7
 Write traj.               1    6        311       1.665         23.677   0.0
 Update                    1    6    1500001     108.924       1549.235   1.2
 Constraints               1    6    1500001      79.190       1126.320   0.8
 Rest                                             55.160        784.550   0.6
--------------------------------------------------------------------------------
 Total                                          9351.998     133013.798 100.0
--------------------------------------------------------------------------------
 Breakdown of PME mesh activities
--------------------------------------------------------------------------------
 PME spread                1    6    1500001     636.039       9046.412   6.8
 PME gather                1    6    1500001     419.514       5966.759   4.5
 PME 3D-FFT                1    6    3000002    2441.103      34719.889  26.1
 PME solve Elec            1    6    1500001      68.780        978.267   0.7
--------------------------------------------------------------------------------

               Core t (s)   Wall t (s)        (%)
       Time:    56111.988     9351.998      600.0
                         2h35:51
                 (ns/day)    (hour/ns)
Performance:       27.716        0.866
Finished mdrun on rank 0 Sat Mar  8 14:54:54 2025

