                      :-) GROMACS - gmx mdrun, 2024.3 (-:

Copyright 1991-2024 The GROMACS Authors.
GROMACS is free software; you can redistribute it and/or modify it
under the terms of the GNU Lesser General Public License
as published by the Free Software Foundation; either version 2.1
of the License, or (at your option) any later version.

                         Current GROMACS contributors:
       Mark Abraham           Andrey Alekseenko           Vladimir Basov      
      Cathrine Bergh            Eliane Briand               Ania Brown        
      Mahesh Doijade            Giacomo Fiorin          Stefan Fleischmann    
      Sergey Gorelov         Gilles Gouaillardet            Alan Gray         
     M. Eric Irrgang         Farzaneh Jalalypour            Joe Jordan        
     Carsten Kutzner           Justin A. Lemkul          Magnus Lundborg      
       Pascal Merz              Vedran Miletic            Dmitry Morozov      
       Julien Nabet              Szilard Pall        Andrea Pasquadibisceglie 
    Michele Pellegrino          Hubert Santuz             Roland Schulz       
     Tatiana Shugaeva          Alexey Shvetsov            Philip Turner       
     Alessandra Villa      Sebastian Wingbermuehle  

                         Previous GROMACS contributors:
        Emile Apol             Rossen Apostolov           James Barnett       
        Paul Bauer          Herman J.C. Berendsen          Par Bjelkmar       
      Christian Blau          Viacheslav Bolnykh            Kevin Boyd        
    Aldert van Buuren          Carlo Camilloni           Rudi van Drunen      
      Anton Feenstra           Oliver Fleetwood            Vytas Gapsys       
       Gaurav Garg             Gerrit Groenhof            Bert de Groot       
      Anca Hamuraru           Vincent Hindriksen          Victor Holanda      
     Aleksei Iupinov          Christoph Junghans        Prashanth Kanduri     
   Dimitrios Karkoulis           Peter Kasson             Sebastian Kehl      
     Sebastian Keller             Jiri Kraus               Per Larsson        
      Viveca Lindahl            Erik Marklund           Pieter Meulenhoff     
      Teemu Murtola              Sander Pronk             Michael Shirts      
      Alfons Sijbers            Balint Soproni         David van der Spoel    
      Peter Tieleman            Carsten Uphoff             Jon Vincent        
     Teemu Virolainen         Christian Wennberg           Maarten Wolf       
      Artem Zhmurov       

                  Coordinated by the GROMACS project leaders:
                           Berk Hess and Erik Lindahl

GROMACS:      gmx mdrun, version 2024.3
Executable:   /usr/local/gromacs/bin/gmx
Data prefix:  /usr/local/gromacs
Working dir:  /home/konrad_guest/Documents/research/cursor/tip4p_273K
Process ID:   4115
Command line:
  gmx mdrun -v -deffnm md

GROMACS version:     2024.3
Precision:           mixed
Memory model:        64 bit
MPI library:         thread_mpi
OpenMP support:      enabled (GMX_OPENMP_MAX_THREADS = 128)
GPU support:         disabled
SIMD instructions:   AVX2_256
CPU FFT library:     fftw-3.3.8-sse2-avx-avx2-avx2_128
GPU FFT library:     none
Multi-GPU FFT:       none
RDTSCP usage:        enabled
TNG support:         enabled
Hwloc support:       disabled
Tracing support:     disabled
C compiler:          /usr/bin/cc GNU 11.4.0
C compiler flags:    -fexcess-precision=fast -funroll-all-loops -mavx2 -mfma -Wno-missing-field-initializers -O3 -DNDEBUG
C++ compiler:        /usr/bin/c++ GNU 11.4.0
C++ compiler flags:  -fexcess-precision=fast -funroll-all-loops -mavx2 -mfma -Wno-missing-field-initializers -Wno-cast-function-type-strict -fopenmp -O3 -DNDEBUG
BLAS library:        Internal
LAPACK library:      Internal


Running on 1 node with total 6 cores, 6 processing units
Hardware detected on host konrad-hp:
  CPU info:
    Vendor: AMD
    Brand:  AMD Ryzen 5 4500U with Radeon Graphics         
    Family: 23   Model: 96   Stepping: 1
    Features: aes amd apic avx avx2 clfsh cmov cx8 cx16 f16c fma htt lahf misalignsse mmx msr nonstop_tsc pclmuldq pdpe1gb popcnt pse rdrnd rdtscp sha sse2 sse3 sse4a sse4.1 sse4.2 ssse3
  Hardware topology: Basic
    Packages, cores, and logical processors:
    [indices refer to OS logical processors]
      Package  0: [   0] [   1] [   2] [   3] [   4] [   5]
    CPU limit set by OS: -1   Recommended max number of threads: 6


++++ PLEASE READ AND CITE THE FOLLOWING REFERENCE ++++
M. J. Abraham, T. Murtola, R. Schulz, S. Páll, J. C. Smith, B. Hess, E.
Lindahl
GROMACS: High performance molecular simulations through multi-level
parallelism from laptops to supercomputers
SoftwareX 1 (2015) pp. 19-25
-------- -------- --- Thank You --- -------- --------


++++ PLEASE READ AND CITE THE FOLLOWING REFERENCE ++++
S. Páll, M. J. Abraham, C. Kutzner, B. Hess, E. Lindahl
Tackling Exascale Software Challenges in Molecular Dynamics Simulations with
GROMACS
In S. Markidis & E. Laure (Eds.), Solving Software Challenges for Exascale 8759 (2015) pp. 3-27
-------- -------- --- Thank You --- -------- --------


++++ PLEASE READ AND CITE THE FOLLOWING REFERENCE ++++
S. Pronk, S. Páll, R. Schulz, P. Larsson, P. Bjelkmar, R. Apostolov, M. R.
Shirts, J. C. Smith, P. M. Kasson, D. van der Spoel, B. Hess, and E. Lindahl
GROMACS 4.5: a high-throughput and highly parallel open source molecular
simulation toolkit
Bioinformatics 29 (2013) pp. 845-54
-------- -------- --- Thank You --- -------- --------


++++ PLEASE READ AND CITE THE FOLLOWING REFERENCE ++++
B. Hess and C. Kutzner and D. van der Spoel and E. Lindahl
GROMACS 4: Algorithms for highly efficient, load-balanced, and scalable
molecular simulation
J. Chem. Theory Comput. 4 (2008) pp. 435-447
-------- -------- --- Thank You --- -------- --------


++++ PLEASE READ AND CITE THE FOLLOWING REFERENCE ++++
D. van der Spoel, E. Lindahl, B. Hess, G. Groenhof, A. E. Mark and H. J. C.
Berendsen
GROMACS: Fast, Flexible and Free
J. Comp. Chem. 26 (2005) pp. 1701-1719
-------- -------- --- Thank You --- -------- --------


++++ PLEASE READ AND CITE THE FOLLOWING REFERENCE ++++
E. Lindahl and B. Hess and D. van der Spoel
GROMACS 3.0: A package for molecular simulation and trajectory analysis
J. Mol. Mod. 7 (2001) pp. 306-317
-------- -------- --- Thank You --- -------- --------


++++ PLEASE READ AND CITE THE FOLLOWING REFERENCE ++++
H. J. C. Berendsen, D. van der Spoel and R. van Drunen
GROMACS: A message-passing parallel molecular dynamics implementation
Comp. Phys. Comm. 91 (1995) pp. 43-56
-------- -------- --- Thank You --- -------- --------


++++ PLEASE CITE THE DOI FOR THIS VERSION OF GROMACS ++++
https://doi.org/10.5281/zenodo.13456374
-------- -------- --- Thank You --- -------- --------

Input Parameters:
   integrator                     = md
   tinit                          = 0
   dt                             = 0.002
   nsteps                         = 2500000
   init-step                      = 0
   simulation-part                = 1
   mts                            = false
   mass-repartition-factor        = 1
   comm-mode                      = Linear
   nstcomm                        = 100
   bd-fric                        = 0
   ld-seed                        = -297869828
   emtol                          = 10
   emstep                         = 0.01
   niter                          = 20
   fcstep                         = 0
   nstcgsteep                     = 1000
   nbfgscorr                      = 10
   rtpi                           = 0.05
   nstxout                        = 5000
   nstvout                        = 5000
   nstfout                        = 0
   nstlog                         = 5000
   nstcalcenergy                  = 100
   nstenergy                      = 5000
   nstxout-compressed             = 25000
   compressed-x-precision         = 100
   cutoff-scheme                  = Verlet
   nstlist                        = 10
   pbc                            = xyz
   periodic-molecules             = false
   verlet-buffer-tolerance        = 0.005
   verlet-buffer-pressure-tolerance = 0.5
   rlist                          = 1
   coulombtype                    = PME
   coulomb-modifier               = Potential-shift
   rcoulomb-switch                = 0
   rcoulomb                       = 1
   epsilon-r                      = 1
   epsilon-rf                     = inf
   vdw-type                       = Cut-off
   vdw-modifier                   = Potential-shift
   rvdw-switch                    = 0
   rvdw                           = 1
   DispCorr                       = EnerPres
   table-extension                = 1
   fourierspacing                 = 0.16
   fourier-nx                     = 36
   fourier-ny                     = 36
   fourier-nz                     = 36
   pme-order                      = 4
   ewald-rtol                     = 1e-05
   ewald-rtol-lj                  = 0.001
   lj-pme-comb-rule               = Geometric
   ewald-geometry                 = 3d
   epsilon-surface                = 0
   ensemble-temperature-setting   = constant
   ensemble-temperature           = 273
   tcoupl                         = V-rescale
   nsttcouple                     = 10
   nh-chain-length                = 0
   print-nose-hoover-chain-variables = false
   pcoupl                         = Parrinello-Rahman
   pcoupltype                     = Isotropic
   nstpcouple                     = 50
   tau-p                          = 2
   compressibility (3x3):
      compressibility[    0]={ 5.00000e-05,  0.00000e+00,  0.00000e+00}
      compressibility[    1]={ 0.00000e+00,  5.00000e-05,  0.00000e+00}
      compressibility[    2]={ 0.00000e+00,  0.00000e+00,  5.00000e-05}
   ref-p (3x3):
      ref-p[    0]={ 1.00000e+00,  0.00000e+00,  0.00000e+00}
      ref-p[    1]={ 0.00000e+00,  1.00000e+00,  0.00000e+00}
      ref-p[    2]={ 0.00000e+00,  0.00000e+00,  1.00000e+00}
   refcoord-scaling               = No
   posres-com (3):
      posres-com[0]= 0.00000e+00
      posres-com[1]= 0.00000e+00
      posres-com[2]= 0.00000e+00
   posres-comB (3):
      posres-comB[0]= 0.00000e+00
      posres-comB[1]= 0.00000e+00
      posres-comB[2]= 0.00000e+00
   QMMM                           = false
qm-opts:
   ngQM                           = 0
   constraint-algorithm           = Lincs
   continuation                   = true
   Shake-SOR                      = false
   shake-tol                      = 0.0001
   lincs-order                    = 4
   lincs-iter                     = 1
   lincs-warnangle                = 30
   nwall                          = 0
   wall-type                      = 9-3
   wall-r-linpot                  = -1
   wall-atomtype[0]               = -1
   wall-atomtype[1]               = -1
   wall-density[0]                = 0
   wall-density[1]                = 0
   wall-ewald-zfac                = 3
   pull                           = false
   awh                            = false
   rotation                       = false
   interactiveMD                  = false
   disre                          = No
   disre-weighting                = Conservative
   disre-mixed                    = false
   dr-fc                          = 1000
   dr-tau                         = 0
   nstdisreout                    = 100
   orire-fc                       = 0
   orire-tau                      = 0
   nstorireout                    = 100
   free-energy                    = no
   cos-acceleration               = 0
   deform (3x3):
      deform[    0]={ 0.00000e+00,  0.00000e+00,  0.00000e+00}
      deform[    1]={ 0.00000e+00,  0.00000e+00,  0.00000e+00}
      deform[    2]={ 0.00000e+00,  0.00000e+00,  0.00000e+00}
   simulated-tempering            = false
   swapcoords                     = no
   userint1                       = 0
   userint2                       = 0
   userint3                       = 0
   userint4                       = 0
   userreal1                      = 0
   userreal2                      = 0
   userreal3                      = 0
   userreal4                      = 0
   applied-forces:
     electric-field:
       x:
         E0                       = 0
         omega                    = 0
         t0                       = 0
         sigma                    = 0
       y:
         E0                       = 0
         omega                    = 0
         t0                       = 0
         sigma                    = 0
       z:
         E0                       = 0
         omega                    = 0
         t0                       = 0
         sigma                    = 0
     density-guided-simulation:
       active                     = false
       group                      = protein
       similarity-measure         = inner-product
       atom-spreading-weight      = unity
       force-constant             = 1e+09
       gaussian-transform-spreading-width = 0.2
       gaussian-transform-spreading-range-in-multiples-of-width = 4
       reference-density-filename = reference.mrc
       nst                        = 1
       normalize-densities        = true
       adaptive-force-scaling     = false
       adaptive-force-scaling-time-constant = 4
       shift-vector               = 
       transformation-matrix      = 
     qmmm-cp2k:
       active                     = false
       qmgroup                    = System
       qmmethod                   = PBE
       qmfilenames                = 
       qmcharge                   = 0
       qmmultiplicity             = 1
     colvars:
       active                     = false
       configfile                 = 
       seed                       = -1
grpopts:
   nrdf:       32997
   ref-t:         273
   tau-t:         0.1
annealing:          No
annealing-npoints:           0
   acc:	           0           0           0
   nfreeze:           N           N           N
   energygrp-flags[  0]: 0

Changing nstlist from 10 to 50, rlist from 1 to 1.114


Initializing Domain Decomposition on 1 ranks
Dynamic load balancing: auto
Using update groups, nr 5500, average size 4.0 atoms, max. radius 0.078 nm
Minimum cell size due to atom displacement: 0.292 nm
Using 0 separate PME ranks because: there are too few total ranks for efficient splitting
Optimizing the DD grid for 1 cells with a minimum initial size of 0.292 nm
The maximum allowed number of cells is: X 18 Y 18 Z 18
Domain decomposition grid 1 x 1 x 1, separate PME ranks 0
PME domain decomposition: 1 x 1 x 1

The initial number of communication pulses is:
The initial domain decomposition cell size is:

When dynamic load balancing gets turned on, these settings will change to:
The maximum number of communication pulses is:
The minimum size for domain decomposition cells is 1.270 nm
The requested allowed shrink of DD cells (option -dds) is: 0.80
The allowed shrink of domain decomposition cells is:

Using 1 MPI thread
Using 6 OpenMP threads 

System total charge: 0.000
Will do PME sum in reciprocal space for electrostatic interactions.

++++ PLEASE READ AND CITE THE FOLLOWING REFERENCE ++++
U. Essmann, L. Perera, M. L. Berkowitz, T. Darden, H. Lee and L. G. Pedersen 
A smooth particle mesh Ewald method
J. Chem. Phys. 103 (1995) pp. 8577-8592
-------- -------- --- Thank You --- -------- --------

Using a Gaussian width (1/beta) of 0.320163 nm for Ewald
Potential shift: LJ r^-12: -1.000e+00 r^-6: -1.000e+00, Ewald -1.000e-05
Initialized non-bonded Coulomb Ewald tables, spacing: 9.33e-04 size: 1073

Long Range LJ corr.: <C6> 1.5949e-04


Using SIMD4xM 4x8 nonbonded short-range kernels

Using a dual 4x8 pair-list setup updated with dynamic pruning:
  outer list: updated every 50 steps, buffer 0.114 nm, rlist 1.114 nm
  inner list: updated every 10 steps, buffer 0.000 nm, rlist 1.000 nm
At tolerance 0.005 kJ/mol/ps per atom, equivalent classical 1x1 list would be:
  outer list: updated every 50 steps, buffer 0.237 nm, rlist 1.237 nm
  inner list: updated every 10 steps, buffer 0.035 nm, rlist 1.035 nm

The average pressure is off by at most 0.33 bar due to missing LJ interactions

Using Geometric Lennard-Jones combination rule

Linking all bonded interactions to atoms


Pinning threads with an auto-selected logical cpu stride of 1

++++ PLEASE READ AND CITE THE FOLLOWING REFERENCE ++++
S. Miyamoto and P. A. Kollman
SETTLE: An Analytical Version of the SHAKE and RATTLE Algorithms for Rigid
Water Models
J. Comp. Chem. 13 (1992) pp. 952-962
-------- -------- --- Thank You --- -------- --------


++++ PLEASE READ AND CITE THE FOLLOWING REFERENCE ++++
G. Bussi, D. Donadio and M. Parrinello
Canonical sampling through velocity rescaling
J. Chem. Phys. 126 (2007) pp. 014101
-------- -------- --- Thank You --- -------- --------

There are: 16500 Atoms
There are: 5500 VSites
Atom distribution over 1 domains: av 22000 stddev 0 min 22000 max 22000
Center of mass motion removal mode is Linear
We have the following groups for center of mass motion removal:
  0:  rest

Started mdrun on rank 0 Sat Mar 15 09:28:09 2025

           Step           Time
              0        0.00000

   Energies (kJ/mol)
        LJ (SR)  Disper. corr.   Coulomb (SR)   Coul. recip.      Potential
    4.64857e+04   -1.96313e+03   -2.82546e+05    1.15479e+03   -2.36869e+05
    Kinetic En.   Total Energy  Conserved En.    Temperature Pres. DC (bar)
    3.78910e+04   -1.98978e+05   -1.98968e+05    2.76221e+02   -1.98264e+02
 Pressure (bar)
   -3.89267e+01

           Step           Time
           5000       10.00000

   Energies (kJ/mol)
        LJ (SR)  Disper. corr.   Coulomb (SR)   Coul. recip.      Potential
    4.60130e+04   -1.97777e+03   -2.81839e+05    1.17917e+03   -2.36625e+05
    Kinetic En.   Total Energy  Conserved En.    Temperature Pres. DC (bar)
    3.70335e+04   -1.99592e+05   -1.98781e+05    2.69970e+02   -2.01229e+02
 Pressure (bar)
   -7.32736e+01

           Step           Time
          10000       20.00000

   Energies (kJ/mol)
        LJ (SR)  Disper. corr.   Coulomb (SR)   Coul. recip.      Potential
    4.54963e+04   -1.96126e+03   -2.81212e+05    1.15571e+03   -2.36521e+05
    Kinetic En.   Total Energy  Conserved En.    Temperature Pres. DC (bar)
    3.74285e+04   -1.99093e+05   -1.98513e+05    2.72850e+02   -1.97887e+02
 Pressure (bar)
   -2.58916e+02

           Step           Time
          15000       30.00000

   Energies (kJ/mol)
        LJ (SR)  Disper. corr.   Coulomb (SR)   Coul. recip.      Potential
    4.62943e+04   -1.97254e+03   -2.83437e+05    1.12882e+03   -2.37986e+05
    Kinetic En.   Total Energy  Conserved En.    Temperature Pres. DC (bar)
    3.70600e+04   -2.00926e+05   -1.98202e+05    2.70163e+02   -2.00167e+02
 Pressure (bar)
   -1.51489e+02

           Step           Time
          20000       40.00000

   Energies (kJ/mol)
        LJ (SR)  Disper. corr.   Coulomb (SR)   Coul. recip.      Potential
    4.65209e+04   -1.96033e+03   -2.83081e+05    1.17448e+03   -2.37346e+05
    Kinetic En.   Total Energy  Conserved En.    Temperature Pres. DC (bar)
    3.72978e+04   -2.00049e+05   -1.97872e+05    2.71897e+02   -1.97699e+02
 Pressure (bar)
   -7.61408e+01

           Step           Time
          25000       50.00000

   Energies (kJ/mol)
        LJ (SR)  Disper. corr.   Coulomb (SR)   Coul. recip.      Potential
    4.51159e+04   -1.97192e+03   -2.80478e+05    1.12623e+03   -2.36208e+05
    Kinetic En.   Total Energy  Conserved En.    Temperature Pres. DC (bar)
    3.71668e+04   -1.99041e+05   -1.97569e+05    2.70942e+02   -2.00042e+02
 Pressure (bar)
   -3.02833e+02

           Step           Time
          30000       60.00000

   Energies (kJ/mol)
        LJ (SR)  Disper. corr.   Coulomb (SR)   Coul. recip.      Potential
    4.61275e+04   -1.96385e+03   -2.82156e+05    1.20358e+03   -2.36789e+05
    Kinetic En.   Total Energy  Conserved En.    Temperature Pres. DC (bar)
    3.70545e+04   -1.99734e+05   -1.97293e+05    2.70124e+02   -1.98409e+02
 Pressure (bar)
   -1.58178e+02

           Step           Time
          35000       70.00000

   Energies (kJ/mol)
        LJ (SR)  Disper. corr.   Coulomb (SR)   Coul. recip.      Potential
    4.53866e+04   -1.97542e+03   -2.80851e+05    1.24728e+03   -2.36193e+05
    Kinetic En.   Total Energy  Conserved En.    Temperature Pres. DC (bar)
    3.76725e+04   -1.98520e+05   -1.97093e+05    2.74628e+02   -2.00753e+02
 Pressure (bar)
   -1.83186e+02

           Step           Time
          40000       80.00000

   Energies (kJ/mol)
        LJ (SR)  Disper. corr.   Coulomb (SR)   Coul. recip.      Potential
    4.65565e+04   -1.97444e+03   -2.82879e+05    1.18108e+03   -2.37116e+05
    Kinetic En.   Total Energy  Conserved En.    Temperature Pres. DC (bar)
    3.75086e+04   -1.99608e+05   -1.96821e+05    2.73434e+02   -2.00554e+02
 Pressure (bar)
    7.91090e+01

           Step           Time
          45000       90.00000

   Energies (kJ/mol)
        LJ (SR)  Disper. corr.   Coulomb (SR)   Coul. recip.      Potential
    4.68457e+04   -1.97268e+03   -2.83725e+05    1.17816e+03   -2.37674e+05
    Kinetic En.   Total Energy  Conserved En.    Temperature Pres. DC (bar)
    3.72760e+04   -2.00398e+05   -1.96515e+05    2.71738e+02   -2.00196e+02
 Pressure (bar)
    3.50519e+01

           Step           Time
          50000      100.00000

   Energies (kJ/mol)
        LJ (SR)  Disper. corr.   Coulomb (SR)   Coul. recip.      Potential
    4.70279e+04   -1.98109e+03   -2.83083e+05    1.18608e+03   -2.36850e+05
    Kinetic En.   Total Energy  Conserved En.    Temperature Pres. DC (bar)
    3.78568e+04   -1.98993e+05   -1.96150e+05    2.75972e+02   -2.01905e+02
 Pressure (bar)
    3.08626e+02

           Step           Time
          55000      110.00000

   Energies (kJ/mol)
        LJ (SR)  Disper. corr.   Coulomb (SR)   Coul. recip.      Potential
    4.63535e+04   -1.96196e+03   -2.82591e+05    1.18121e+03   -2.37018e+05
    Kinetic En.   Total Energy  Conserved En.    Temperature Pres. DC (bar)
    3.76539e+04   -1.99364e+05   -1.95915e+05    2.74493e+02   -1.98028e+02
 Pressure (bar)
   -1.14183e+02

           Step           Time
          60000      120.00000

   Energies (kJ/mol)
        LJ (SR)  Disper. corr.   Coulomb (SR)   Coul. recip.      Potential
    4.59594e+04   -1.95113e+03   -2.82485e+05    1.16003e+03   -2.37317e+05
    Kinetic En.   Total Energy  Conserved En.    Temperature Pres. DC (bar)
    3.74532e+04   -1.99864e+05   -1.95627e+05    2.73030e+02   -1.95851e+02
 Pressure (bar)
   -3.65336e+02

           Step           Time
          65000      130.00000

   Energies (kJ/mol)
        LJ (SR)  Disper. corr.   Coulomb (SR)   Coul. recip.      Potential
    4.58062e+04   -1.98029e+03   -2.82833e+05    1.16877e+03   -2.37838e+05
    Kinetic En.   Total Energy  Conserved En.    Temperature Pres. DC (bar)
    3.72396e+04   -2.00598e+05   -1.95335e+05    2.71473e+02   -2.01743e+02
 Pressure (bar)
   -2.28819e+02

           Step           Time
          70000      140.00000

   Energies (kJ/mol)
        LJ (SR)  Disper. corr.   Coulomb (SR)   Coul. recip.      Potential
    4.64848e+04   -1.97309e+03   -2.82883e+05    1.16938e+03   -2.37202e+05
    Kinetic En.   Total Energy  Conserved En.    Temperature Pres. DC (bar)
    3.75775e+04   -1.99624e+05   -1.95093e+05    2.73936e+02   -2.00281e+02
 Pressure (bar)
   -8.34870e+00

           Step           Time
          75000      150.00000

   Energies (kJ/mol)
        LJ (SR)  Disper. corr.   Coulomb (SR)   Coul. recip.      Potential
    4.66328e+04   -1.97603e+03   -2.83375e+05    1.16505e+03   -2.37553e+05
    Kinetic En.   Total Energy  Conserved En.    Temperature Pres. DC (bar)
    3.78336e+04   -1.99720e+05   -1.94697e+05    2.75803e+02   -2.00876e+02
 Pressure (bar)
    4.42757e+01

           Step           Time
          80000      160.00000

   Energies (kJ/mol)
        LJ (SR)  Disper. corr.   Coulomb (SR)   Coul. recip.      Potential
    4.73895e+04   -1.97836e+03   -2.84576e+05    1.16390e+03   -2.38000e+05
    Kinetic En.   Total Energy  Conserved En.    Temperature Pres. DC (bar)
    3.74754e+04   -2.00525e+05   -1.94381e+05    2.73192e+02   -2.01350e+02
 Pressure (bar)
    2.29177e+02

           Step           Time
          85000      170.00000

   Energies (kJ/mol)
        LJ (SR)  Disper. corr.   Coulomb (SR)   Coul. recip.      Potential
    4.70950e+04   -1.98647e+03   -2.82964e+05    1.14965e+03   -2.36706e+05
    Kinetic En.   Total Energy  Conserved En.    Temperature Pres. DC (bar)
    3.74813e+04   -1.99225e+05   -1.94114e+05    2.73234e+02   -2.03003e+02
 Pressure (bar)
    3.44032e+02

           Step           Time
          90000      180.00000

   Energies (kJ/mol)
        LJ (SR)  Disper. corr.   Coulomb (SR)   Coul. recip.      Potential
    4.62373e+04   -1.96765e+03   -2.82333e+05    1.14730e+03   -2.36916e+05
    Kinetic En.   Total Energy  Conserved En.    Temperature Pres. DC (bar)
    3.72968e+04   -1.99620e+05   -1.93813e+05    2.71890e+02   -1.99178e+02
 Pressure (bar)
   -1.42245e+02

           Step           Time
          95000      190.00000

   Energies (kJ/mol)
        LJ (SR)  Disper. corr.   Coulomb (SR)   Coul. recip.      Potential
    4.65029e+04   -1.96056e+03   -2.82328e+05    1.19497e+03   -2.36591e+05
    Kinetic En.   Total Energy  Conserved En.    Temperature Pres. DC (bar)
    3.74113e+04   -1.99180e+05   -1.93510e+05    2.72724e+02   -1.97746e+02
 Pressure (bar)
    2.78018e+01

           Step           Time
         100000      200.00000

   Energies (kJ/mol)
        LJ (SR)  Disper. corr.   Coulomb (SR)   Coul. recip.      Potential
    4.70848e+04   -1.95310e+03   -2.82654e+05    1.16357e+03   -2.36359e+05
    Kinetic En.   Total Energy  Conserved En.    Temperature Pres. DC (bar)
    3.73542e+04   -1.99005e+05   -1.93147e+05    2.72308e+02   -1.96245e+02
 Pressure (bar)
    1.68433e+02

           Step           Time
         105000      210.00000

   Energies (kJ/mol)
        LJ (SR)  Disper. corr.   Coulomb (SR)   Coul. recip.      Potential
    4.67682e+04   -1.97166e+03   -2.82988e+05    1.16217e+03   -2.37029e+05
    Kinetic En.   Total Energy  Conserved En.    Temperature Pres. DC (bar)
    3.77507e+04   -1.99279e+05   -1.92806e+05    2.75199e+02   -1.99989e+02
 Pressure (bar)
    1.05903e+02

           Step           Time
         110000      220.00000

   Energies (kJ/mol)
        LJ (SR)  Disper. corr.   Coulomb (SR)   Coul. recip.      Potential
    4.64247e+04   -1.97996e+03   -2.81923e+05    1.16931e+03   -2.36309e+05
    Kinetic En.   Total Energy  Conserved En.    Temperature Pres. DC (bar)
    3.77365e+04   -1.98572e+05   -1.92330e+05    2.75095e+02   -2.01676e+02
 Pressure (bar)
    1.72024e+02

           Step           Time
         115000      230.00000

   Energies (kJ/mol)
        LJ (SR)  Disper. corr.   Coulomb (SR)   Coul. recip.      Potential
    4.63889e+04   -1.97745e+03   -2.83209e+05    1.19965e+03   -2.37598e+05
    Kinetic En.   Total Energy  Conserved En.    Temperature Pres. DC (bar)
    3.72289e+04   -2.00369e+05   -1.91992e+05    2.71395e+02   -2.01165e+02
 Pressure (bar)
   -9.11857e+01

           Step           Time
         120000      240.00000

   Energies (kJ/mol)
        LJ (SR)  Disper. corr.   Coulomb (SR)   Coul. recip.      Potential
    4.65499e+04   -1.97562e+03   -2.82591e+05    1.15982e+03   -2.36857e+05
    Kinetic En.   Total Energy  Conserved En.    Temperature Pres. DC (bar)
    3.74054e+04   -1.99451e+05   -1.91646e+05    2.72682e+02   -2.00793e+02
 Pressure (bar)
    8.51791e+01

           Step           Time
         125000      250.00000

   Energies (kJ/mol)
        LJ (SR)  Disper. corr.   Coulomb (SR)   Coul. recip.      Potential
    4.66713e+04   -1.96335e+03   -2.82356e+05    1.21686e+03   -2.36431e+05
    Kinetic En.   Total Energy  Conserved En.    Temperature Pres. DC (bar)
    3.73478e+04   -1.99083e+05   -1.91369e+05    2.72261e+02   -1.98308e+02
 Pressure (bar)
    8.95499e+01

           Step           Time
         130000      260.00000

   Energies (kJ/mol)
        LJ (SR)  Disper. corr.   Coulomb (SR)   Coul. recip.      Potential
    4.57228e+04   -1.95829e+03   -2.81786e+05    1.16280e+03   -2.36859e+05
    Kinetic En.   Total Energy  Conserved En.    Temperature Pres. DC (bar)
    3.71659e+04   -1.99693e+05   -1.91117e+05    2.70935e+02   -1.97289e+02
 Pressure (bar)
   -3.19694e+02

           Step           Time
         135000      270.00000

   Energies (kJ/mol)
        LJ (SR)  Disper. corr.   Coulomb (SR)   Coul. recip.      Potential
    4.60430e+04   -1.97901e+03   -2.83123e+05    1.17801e+03   -2.37881e+05
    Kinetic En.   Total Energy  Conserved En.    Temperature Pres. DC (bar)
    3.73591e+04   -2.00522e+05   -1.90732e+05    2.72344e+02   -2.01482e+02
 Pressure (bar)
   -1.22072e+02

           Step           Time
         140000      280.00000

   Energies (kJ/mol)
        LJ (SR)  Disper. corr.   Coulomb (SR)   Coul. recip.      Potential
    4.66043e+04   -1.98153e+03   -2.83070e+05    1.12770e+03   -2.37319e+05
    Kinetic En.   Total Energy  Conserved En.    Temperature Pres. DC (bar)
    3.72348e+04   -2.00084e+05   -1.90419e+05    2.71438e+02   -2.01995e+02
 Pressure (bar)
    1.12472e+02

           Step           Time
         145000      290.00000

   Energies (kJ/mol)
        LJ (SR)  Disper. corr.   Coulomb (SR)   Coul. recip.      Potential
    4.69922e+04   -1.97113e+03   -2.83474e+05    1.12417e+03   -2.37328e+05
    Kinetic En.   Total Energy  Conserved En.    Temperature Pres. DC (bar)
    3.76608e+04   -1.99667e+05   -1.90177e+05    2.74543e+02   -1.99882e+02
 Pressure (bar)
    1.98607e+02

           Step           Time
         150000      300.00000

   Energies (kJ/mol)
        LJ (SR)  Disper. corr.   Coulomb (SR)   Coul. recip.      Potential
    4.67785e+04   -1.96415e+03   -2.82713e+05    1.17343e+03   -2.36725e+05
    Kinetic En.   Total Energy  Conserved En.    Temperature Pres. DC (bar)
    3.77230e+04   -1.99002e+05   -1.89895e+05    2.74997e+02   -1.98470e+02
 Pressure (bar)
    1.50332e+02

           Step           Time
         155000      310.00000

   Energies (kJ/mol)
        LJ (SR)  Disper. corr.   Coulomb (SR)   Coul. recip.      Potential
    4.66418e+04   -1.97850e+03   -2.83427e+05    1.16206e+03   -2.37602e+05
    Kinetic En.   Total Energy  Conserved En.    Temperature Pres. DC (bar)
    3.72376e+04   -2.00364e+05   -1.89545e+05    2.71458e+02   -2.01379e+02
 Pressure (bar)
    3.72239e+01

           Step           Time
         160000      320.00000

   Energies (kJ/mol)
        LJ (SR)  Disper. corr.   Coulomb (SR)   Coul. recip.      Potential
    4.69466e+04   -1.97201e+03   -2.83804e+05    1.09421e+03   -2.37735e+05
    Kinetic En.   Total Energy  Conserved En.    Temperature Pres. DC (bar)
    3.71064e+04   -2.00628e+05   -1.89230e+05    2.70501e+02   -2.00061e+02
 Pressure (bar)
    6.72602e+01

           Step           Time
         165000      330.00000

   Energies (kJ/mol)
        LJ (SR)  Disper. corr.   Coulomb (SR)   Coul. recip.      Potential
    4.61855e+04   -1.97326e+03   -2.81475e+05    1.21195e+03   -2.36051e+05
    Kinetic En.   Total Energy  Conserved En.    Temperature Pres. DC (bar)
    3.74917e+04   -1.98559e+05   -1.88908e+05    2.73310e+02   -2.00314e+02
 Pressure (bar)
    9.78723e+01

           Step           Time
         170000      340.00000

   Energies (kJ/mol)
        LJ (SR)  Disper. corr.   Coulomb (SR)   Coul. recip.      Potential
    4.71065e+04   -1.97213e+03   -2.83796e+05    1.17288e+03   -2.37489e+05
    Kinetic En.   Total Energy  Conserved En.    Temperature Pres. DC (bar)
    3.75956e+04   -1.99893e+05   -1.88476e+05    2.74068e+02   -2.00085e+02
 Pressure (bar)
    1.43597e+02

           Step           Time
         175000      350.00000

   Energies (kJ/mol)
        LJ (SR)  Disper. corr.   Coulomb (SR)   Coul. recip.      Potential
    4.66703e+04   -1.97457e+03   -2.83059e+05    1.14414e+03   -2.37219e+05
    Kinetic En.   Total Energy  Conserved En.    Temperature Pres. DC (bar)
    3.75207e+04   -1.99699e+05   -1.88134e+05    2.73522e+02   -2.00580e+02
 Pressure (bar)
    1.46878e+02

           Step           Time
         180000      360.00000

   Energies (kJ/mol)
        LJ (SR)  Disper. corr.   Coulomb (SR)   Coul. recip.      Potential
    4.66386e+04   -1.96830e+03   -2.83182e+05    1.15788e+03   -2.37354e+05
    Kinetic En.   Total Energy  Conserved En.    Temperature Pres. DC (bar)
    3.76686e+04   -1.99686e+05   -1.87845e+05    2.74600e+02   -1.99310e+02
 Pressure (bar)
    2.16729e+01

           Step           Time
         185000      370.00000

   Energies (kJ/mol)
        LJ (SR)  Disper. corr.   Coulomb (SR)   Coul. recip.      Potential
    4.62298e+04   -1.98581e+03   -2.82783e+05    1.12945e+03   -2.37410e+05
    Kinetic En.   Total Energy  Conserved En.    Temperature Pres. DC (bar)
    3.72260e+04   -2.00184e+05   -1.87560e+05    2.71374e+02   -2.02868e+02
 Pressure (bar)
    3.13048e+01

           Step           Time
         190000      380.00000

   Energies (kJ/mol)
        LJ (SR)  Disper. corr.   Coulomb (SR)   Coul. recip.      Potential
    4.74225e+04   -1.98873e+03   -2.84001e+05    1.18273e+03   -2.37384e+05
    Kinetic En.   Total Energy  Conserved En.    Temperature Pres. DC (bar)
    3.75510e+04   -1.99834e+05   -1.87186e+05    2.73743e+02   -2.03464e+02
 Pressure (bar)
    3.57297e+02

           Step           Time
         195000      390.00000

   Energies (kJ/mol)
        LJ (SR)  Disper. corr.   Coulomb (SR)   Coul. recip.      Potential
    4.57740e+04   -1.95444e+03   -2.81037e+05    1.16240e+03   -2.36055e+05
    Kinetic En.   Total Energy  Conserved En.    Temperature Pres. DC (bar)
    3.72657e+04   -1.98790e+05   -1.86868e+05    2.71663e+02   -1.96515e+02
 Pressure (bar)
   -2.28669e+02

           Step           Time
         200000      400.00000

   Energies (kJ/mol)
        LJ (SR)  Disper. corr.   Coulomb (SR)   Coul. recip.      Potential
    4.58294e+04   -1.96142e+03   -2.81246e+05    1.19754e+03   -2.36181e+05
    Kinetic En.   Total Energy  Conserved En.    Temperature Pres. DC (bar)
    3.78454e+04   -1.98335e+05   -1.86551e+05    2.75889e+02   -1.97919e+02
 Pressure (bar)
   -1.63231e+02

Writing checkpoint, step 200350 at Sat Mar 15 09:43:10 2025


           Step           Time
         205000      410.00000

   Energies (kJ/mol)
        LJ (SR)  Disper. corr.   Coulomb (SR)   Coul. recip.      Potential
    4.66049e+04   -1.96999e+03   -2.82758e+05    1.18310e+03   -2.36940e+05
    Kinetic En.   Total Energy  Conserved En.    Temperature Pres. DC (bar)
    3.73662e+04   -1.99573e+05   -1.86203e+05    2.72396e+02   -1.99650e+02
 Pressure (bar)
    6.51584e+01

           Step           Time
         210000      420.00000

   Energies (kJ/mol)
        LJ (SR)  Disper. corr.   Coulomb (SR)   Coul. recip.      Potential
    4.57831e+04   -1.96636e+03   -2.81914e+05    1.13380e+03   -2.36963e+05
    Kinetic En.   Total Energy  Conserved En.    Temperature Pres. DC (bar)
    3.72855e+04   -1.99678e+05   -1.85914e+05    2.71808e+02   -1.98917e+02
 Pressure (bar)
   -1.78906e+02

           Step           Time
         215000      430.00000

   Energies (kJ/mol)
        LJ (SR)  Disper. corr.   Coulomb (SR)   Coul. recip.      Potential
    4.71835e+04   -1.96342e+03   -2.84284e+05    1.16351e+03   -2.37900e+05
    Kinetic En.   Total Energy  Conserved En.    Temperature Pres. DC (bar)
    3.73734e+04   -2.00527e+05   -1.85670e+05    2.72448e+02   -1.98324e+02
 Pressure (bar)
    3.59225e+01

           Step           Time
         220000      440.00000

   Energies (kJ/mol)
        LJ (SR)  Disper. corr.   Coulomb (SR)   Coul. recip.      Potential
    4.60550e+04   -1.99179e+03   -2.81975e+05    1.17824e+03   -2.36733e+05
    Kinetic En.   Total Energy  Conserved En.    Temperature Pres. DC (bar)
    3.74056e+04   -1.99328e+05   -1.85432e+05    2.72683e+02   -2.04091e+02
 Pressure (bar)
    7.93882e+01

           Step           Time
         225000      450.00000

   Energies (kJ/mol)
        LJ (SR)  Disper. corr.   Coulomb (SR)   Coul. recip.      Potential
    4.53562e+04   -1.96874e+03   -2.81543e+05    1.16096e+03   -2.36995e+05
    Kinetic En.   Total Energy  Conserved En.    Temperature Pres. DC (bar)
    3.67274e+04   -2.00267e+05   -1.85169e+05    2.67739e+02   -1.99397e+02
 Pressure (bar)
   -3.77320e+02

           Step           Time
         230000      460.00000

   Energies (kJ/mol)
        LJ (SR)  Disper. corr.   Coulomb (SR)   Coul. recip.      Potential
    4.62096e+04   -1.97498e+03   -2.82462e+05    1.16956e+03   -2.37058e+05
    Kinetic En.   Total Energy  Conserved En.    Temperature Pres. DC (bar)
    3.72898e+04   -1.99769e+05   -1.84870e+05    2.71838e+02   -2.00663e+02
 Pressure (bar)
   -2.95732e+01

           Step           Time
         235000      470.00000

   Energies (kJ/mol)
        LJ (SR)  Disper. corr.   Coulomb (SR)   Coul. recip.      Potential
    4.70992e+04   -1.97820e+03   -2.83623e+05    1.16668e+03   -2.37336e+05
    Kinetic En.   Total Energy  Conserved En.    Temperature Pres. DC (bar)
    3.74487e+04   -1.99887e+05   -1.84593e+05    2.72997e+02   -2.01317e+02
 Pressure (bar)
    2.05286e+02

           Step           Time
         240000      480.00000

   Energies (kJ/mol)
        LJ (SR)  Disper. corr.   Coulomb (SR)   Coul. recip.      Potential
    4.65545e+04   -1.96868e+03   -2.82801e+05    1.10490e+03   -2.37110e+05
    Kinetic En.   Total Energy  Conserved En.    Temperature Pres. DC (bar)
    3.73733e+04   -1.99737e+05   -1.84344e+05    2.72447e+02   -1.99386e+02
 Pressure (bar)
   -1.27546e+01

           Step           Time
         245000      490.00000

   Energies (kJ/mol)
        LJ (SR)  Disper. corr.   Coulomb (SR)   Coul. recip.      Potential
    4.61171e+04   -1.97664e+03   -2.82673e+05    1.20195e+03   -2.37331e+05
    Kinetic En.   Total Energy  Conserved En.    Temperature Pres. DC (bar)
    3.75771e+04   -1.99754e+05   -1.84040e+05    2.73934e+02   -2.01000e+02
 Pressure (bar)
   -1.05103e+02

           Step           Time
         250000      500.00000

   Energies (kJ/mol)
        LJ (SR)  Disper. corr.   Coulomb (SR)   Coul. recip.      Potential
    4.65216e+04   -1.95694e+03   -2.81927e+05    1.18807e+03   -2.36174e+05
    Kinetic En.   Total Energy  Conserved En.    Temperature Pres. DC (bar)
    3.73708e+04   -1.98803e+05   -1.83724e+05    2.72430e+02   -1.97017e+02
 Pressure (bar)
   -7.96398e+00

           Step           Time
         255000      510.00000

   Energies (kJ/mol)
        LJ (SR)  Disper. corr.   Coulomb (SR)   Coul. recip.      Potential
    4.63424e+04   -1.97387e+03   -2.82368e+05    1.17833e+03   -2.36821e+05
    Kinetic En.   Total Energy  Conserved En.    Temperature Pres. DC (bar)
    3.76577e+04   -1.99163e+05   -1.83234e+05    2.74520e+02   -2.00437e+02
 Pressure (bar)
    2.19330e+01

           Step           Time
         260000      520.00000

   Energies (kJ/mol)
        LJ (SR)  Disper. corr.   Coulomb (SR)   Coul. recip.      Potential
    4.64201e+04   -1.95979e+03   -2.82883e+05    1.16451e+03   -2.37258e+05
    Kinetic En.   Total Energy  Conserved En.    Temperature Pres. DC (bar)
    3.81197e+04   -1.99138e+05   -1.82847e+05    2.77889e+02   -1.97591e+02
 Pressure (bar)
   -1.27894e+02

           Step           Time
         265000      530.00000

   Energies (kJ/mol)
        LJ (SR)  Disper. corr.   Coulomb (SR)   Coul. recip.      Potential
    4.62077e+04   -1.95951e+03   -2.83269e+05    1.15959e+03   -2.37862e+05
    Kinetic En.   Total Energy  Conserved En.    Temperature Pres. DC (bar)
    3.79573e+04   -1.99904e+05   -1.82476e+05    2.76705e+02   -1.97534e+02
 Pressure (bar)
   -2.72439e+02

           Step           Time
         270000      540.00000

   Energies (kJ/mol)
        LJ (SR)  Disper. corr.   Coulomb (SR)   Coul. recip.      Potential
    4.63363e+04   -1.98339e+03   -2.82212e+05    1.15402e+03   -2.36705e+05
    Kinetic En.   Total Energy  Conserved En.    Temperature Pres. DC (bar)
    3.79252e+04   -1.98779e+05   -1.82141e+05    2.76471e+02   -2.02375e+02
 Pressure (bar)
    9.73647e+01

           Step           Time
         275000      550.00000

   Energies (kJ/mol)
        LJ (SR)  Disper. corr.   Coulomb (SR)   Coul. recip.      Potential
    4.59466e+04   -1.97568e+03   -2.81462e+05    1.16223e+03   -2.36329e+05
    Kinetic En.   Total Energy  Conserved En.    Temperature Pres. DC (bar)
    3.76212e+04   -1.98708e+05   -1.81884e+05    2.74255e+02   -2.00805e+02
 Pressure (bar)
    3.35234e+01

           Step           Time
         280000      560.00000

   Energies (kJ/mol)
        LJ (SR)  Disper. corr.   Coulomb (SR)   Coul. recip.      Potential
    4.65587e+04   -1.97479e+03   -2.82226e+05    1.06039e+03   -2.36582e+05
    Kinetic En.   Total Energy  Conserved En.    Temperature Pres. DC (bar)
    3.72483e+04   -1.99333e+05   -1.81568e+05    2.71536e+02   -2.00625e+02
 Pressure (bar)
    1.26668e+02

           Step           Time
         285000      570.00000

   Energies (kJ/mol)
        LJ (SR)  Disper. corr.   Coulomb (SR)   Coul. recip.      Potential
    4.65463e+04   -1.97273e+03   -2.82984e+05    1.18791e+03   -2.37222e+05
    Kinetic En.   Total Energy  Conserved En.    Temperature Pres. DC (bar)
    3.75444e+04   -1.99678e+05   -1.81289e+05    2.73695e+02   -2.00206e+02
 Pressure (bar)
   -2.50090e+01

           Step           Time
         290000      580.00000

   Energies (kJ/mol)
        LJ (SR)  Disper. corr.   Coulomb (SR)   Coul. recip.      Potential
    4.72619e+04   -1.98014e+03   -2.83500e+05    1.19024e+03   -2.37028e+05
    Kinetic En.   Total Energy  Conserved En.    Temperature Pres. DC (bar)
    3.72029e+04   -1.99825e+05   -1.81026e+05    2.71205e+02   -2.01713e+02
 Pressure (bar)
    3.25258e+02

           Step           Time
         295000      590.00000

   Energies (kJ/mol)
        LJ (SR)  Disper. corr.   Coulomb (SR)   Coul. recip.      Potential
    4.57223e+04   -1.96123e+03   -2.81761e+05    1.09926e+03   -2.36901e+05
    Kinetic En.   Total Energy  Conserved En.    Temperature Pres. DC (bar)
    3.75805e+04   -1.99320e+05   -1.80713e+05    2.73958e+02   -1.97882e+02
 Pressure (bar)
   -2.81915e+02

           Step           Time
         300000      600.00000

   Energies (kJ/mol)
        LJ (SR)  Disper. corr.   Coulomb (SR)   Coul. recip.      Potential
    4.70894e+04   -1.97886e+03   -2.83615e+05    1.11817e+03   -2.37386e+05
    Kinetic En.   Total Energy  Conserved En.    Temperature Pres. DC (bar)
    3.70381e+04   -2.00348e+05   -1.80404e+05    2.70004e+02   -2.01452e+02
 Pressure (bar)
    2.80534e+02

           Step           Time
         305000      610.00000

   Energies (kJ/mol)
        LJ (SR)  Disper. corr.   Coulomb (SR)   Coul. recip.      Potential
    4.54924e+04   -1.96310e+03   -2.81976e+05    1.21388e+03   -2.37233e+05
    Kinetic En.   Total Energy  Conserved En.    Temperature Pres. DC (bar)
    3.77539e+04   -1.99479e+05   -1.80107e+05    2.75222e+02   -1.98259e+02
 Pressure (bar)
   -3.82769e+02

           Step           Time
         310000      620.00000

   Energies (kJ/mol)
        LJ (SR)  Disper. corr.   Coulomb (SR)   Coul. recip.      Potential
    4.66935e+04   -1.97942e+03   -2.83056e+05    1.17446e+03   -2.37168e+05
    Kinetic En.   Total Energy  Conserved En.    Temperature Pres. DC (bar)
    3.74875e+04   -1.99680e+05   -1.79816e+05    2.73280e+02   -2.01565e+02
 Pressure (bar)
    1.45100e+02

           Step           Time
         315000      630.00000

   Energies (kJ/mol)
        LJ (SR)  Disper. corr.   Coulomb (SR)   Coul. recip.      Potential
    4.70020e+04   -1.97453e+03   -2.83104e+05    1.17986e+03   -2.36896e+05
    Kinetic En.   Total Energy  Conserved En.    Temperature Pres. DC (bar)
    3.70737e+04   -1.99823e+05   -1.79546e+05    2.70263e+02   -2.00572e+02
 Pressure (bar)
    2.10617e+02

           Step           Time
         320000      640.00000

   Energies (kJ/mol)
        LJ (SR)  Disper. corr.   Coulomb (SR)   Coul. recip.      Potential
    4.71873e+04   -1.96481e+03   -2.84405e+05    1.17656e+03   -2.38006e+05
    Kinetic En.   Total Energy  Conserved En.    Temperature Pres. DC (bar)
    3.72032e+04   -2.00802e+05   -1.79237e+05    2.71208e+02   -1.98603e+02
 Pressure (bar)
    4.12436e+01

           Step           Time
         325000      650.00000

   Energies (kJ/mol)
        LJ (SR)  Disper. corr.   Coulomb (SR)   Coul. recip.      Potential
    4.70957e+04   -1.96471e+03   -2.83236e+05    1.21203e+03   -2.36893e+05
    Kinetic En.   Total Energy  Conserved En.    Temperature Pres. DC (bar)
    3.74024e+04   -1.99491e+05   -1.78944e+05    2.72660e+02   -1.98583e+02
 Pressure (bar)
    1.91398e+02

           Step           Time
         330000      660.00000

   Energies (kJ/mol)
        LJ (SR)  Disper. corr.   Coulomb (SR)   Coul. recip.      Potential
    4.70056e+04   -1.97231e+03   -2.83371e+05    1.17194e+03   -2.37166e+05
    Kinetic En.   Total Energy  Conserved En.    Temperature Pres. DC (bar)
    3.76239e+04   -1.99542e+05   -1.78561e+05    2.74275e+02   -2.00122e+02
 Pressure (bar)
    2.05360e+02

           Step           Time
         335000      670.00000

   Energies (kJ/mol)
        LJ (SR)  Disper. corr.   Coulomb (SR)   Coul. recip.      Potential
    4.55343e+04   -1.96230e+03   -2.81260e+05    1.19455e+03   -2.36493e+05
    Kinetic En.   Total Energy  Conserved En.    Temperature Pres. DC (bar)
    3.77013e+04   -1.98792e+05   -1.78304e+05    2.74838e+02   -1.98098e+02
 Pressure (bar)
   -3.32710e+02

           Step           Time
         340000      680.00000

   Energies (kJ/mol)
        LJ (SR)  Disper. corr.   Coulomb (SR)   Coul. recip.      Potential
    4.61140e+04   -1.98904e+03   -2.82509e+05    1.13653e+03   -2.37248e+05
    Kinetic En.   Total Energy  Conserved En.    Temperature Pres. DC (bar)
    3.77880e+04   -1.99460e+05   -1.77985e+05    2.75471e+02   -2.03528e+02
 Pressure (bar)
   -2.90290e+01

           Step           Time
         345000      690.00000

   Energies (kJ/mol)
        LJ (SR)  Disper. corr.   Coulomb (SR)   Coul. recip.      Potential
    4.64625e+04   -1.98197e+03   -2.81762e+05    1.17611e+03   -2.36105e+05
    Kinetic En.   Total Energy  Conserved En.    Temperature Pres. DC (bar)
    3.68822e+04   -1.99223e+05   -1.77677e+05    2.68868e+02   -2.02085e+02
 Pressure (bar)
    2.27923e+02

           Step           Time
         350000      700.00000

   Energies (kJ/mol)
        LJ (SR)  Disper. corr.   Coulomb (SR)   Coul. recip.      Potential
    4.75201e+04   -1.96868e+03   -2.84213e+05    1.15483e+03   -2.37506e+05
    Kinetic En.   Total Energy  Conserved En.    Temperature Pres. DC (bar)
    3.73107e+04   -2.00196e+05   -1.77326e+05    2.71991e+02   -1.99386e+02
 Pressure (bar)
    2.41595e+02

           Step           Time
         355000      710.00000

   Energies (kJ/mol)
        LJ (SR)  Disper. corr.   Coulomb (SR)   Coul. recip.      Potential
    4.73739e+04   -1.99262e+03   -2.84866e+05    1.13399e+03   -2.38351e+05
    Kinetic En.   Total Energy  Conserved En.    Temperature Pres. DC (bar)
    3.75504e+04   -2.00801e+05   -1.77060e+05    2.73739e+02   -2.04261e+02
 Pressure (bar)
    2.96453e+02

           Step           Time
         360000      720.00000

   Energies (kJ/mol)
        LJ (SR)  Disper. corr.   Coulomb (SR)   Coul. recip.      Potential
    4.74754e+04   -1.95812e+03   -2.83702e+05    1.18450e+03   -2.37000e+05
    Kinetic En.   Total Energy  Conserved En.    Temperature Pres. DC (bar)
    3.76486e+04   -1.99352e+05   -1.76799e+05    2.74455e+02   -1.97254e+02
 Pressure (bar)
    2.65998e+02

           Step           Time
         365000      730.00000

   Energies (kJ/mol)
        LJ (SR)  Disper. corr.   Coulomb (SR)   Coul. recip.      Potential
    4.73985e+04   -1.97792e+03   -2.84024e+05    1.18060e+03   -2.37423e+05
    Kinetic En.   Total Energy  Conserved En.    Temperature Pres. DC (bar)
    3.76184e+04   -1.99804e+05   -1.76558e+05    2.74234e+02   -2.01261e+02
 Pressure (bar)
    2.67424e+02

           Step           Time
         370000      740.00000

   Energies (kJ/mol)
        LJ (SR)  Disper. corr.   Coulomb (SR)   Coul. recip.      Potential
    4.67472e+04   -1.96774e+03   -2.83264e+05    1.15964e+03   -2.37325e+05
    Kinetic En.   Total Energy  Conserved En.    Temperature Pres. DC (bar)
    3.75938e+04   -1.99731e+05   -1.76293e+05    2.74055e+02   -1.99195e+02
 Pressure (bar)
    6.07799e+01

           Step           Time
         375000      750.00000

   Energies (kJ/mol)
        LJ (SR)  Disper. corr.   Coulomb (SR)   Coul. recip.      Potential
    4.58048e+04   -1.95616e+03   -2.81977e+05    1.16656e+03   -2.36962e+05
    Kinetic En.   Total Energy  Conserved En.    Temperature Pres. DC (bar)
    3.76560e+04   -1.99306e+05   -1.76011e+05    2.74509e+02   -1.96860e+02
 Pressure (bar)
   -3.19210e+02

Writing checkpoint, step 379900 at Sat Mar 15 09:58:09 2025


           Step           Time
         380000      760.00000

   Energies (kJ/mol)
        LJ (SR)  Disper. corr.   Coulomb (SR)   Coul. recip.      Potential
    4.64838e+04   -1.97799e+03   -2.82722e+05    1.15360e+03   -2.37063e+05
    Kinetic En.   Total Energy  Conserved En.    Temperature Pres. DC (bar)
    3.75486e+04   -1.99514e+05   -1.75605e+05    2.73725e+02   -2.01274e+02
 Pressure (bar)
    4.59538e+01

           Step           Time
         385000      770.00000

   Energies (kJ/mol)
        LJ (SR)  Disper. corr.   Coulomb (SR)   Coul. recip.      Potential
    4.71965e+04   -1.96575e+03   -2.83364e+05    1.16327e+03   -2.36970e+05
    Kinetic En.   Total Energy  Conserved En.    Temperature Pres. DC (bar)
    3.69388e+04   -2.00032e+05   -1.75374e+05    2.69280e+02   -1.98794e+02
 Pressure (bar)
    2.23580e+02

           Step           Time
         390000      780.00000

   Energies (kJ/mol)
        LJ (SR)  Disper. corr.   Coulomb (SR)   Coul. recip.      Potential
    4.70081e+04   -1.97076e+03   -2.82816e+05    1.18063e+03   -2.36598e+05
    Kinetic En.   Total Energy  Conserved En.    Temperature Pres. DC (bar)
    3.77649e+04   -1.98833e+05   -1.75119e+05    2.75303e+02   -1.99806e+02
 Pressure (bar)
    2.47315e+02

           Step           Time
         395000      790.00000

   Energies (kJ/mol)
        LJ (SR)  Disper. corr.   Coulomb (SR)   Coul. recip.      Potential
    4.56777e+04   -1.97551e+03   -2.81493e+05    1.13837e+03   -2.36653e+05
    Kinetic En.   Total Energy  Conserved En.    Temperature Pres. DC (bar)
    3.74179e+04   -1.99235e+05   -1.74881e+05    2.72772e+02   -2.00770e+02
 Pressure (bar)
   -1.73161e+02

           Step           Time
         400000      800.00000

   Energies (kJ/mol)
        LJ (SR)  Disper. corr.   Coulomb (SR)   Coul. recip.      Potential
    4.69809e+04   -1.98271e+03   -2.83786e+05    1.16331e+03   -2.37625e+05
    Kinetic En.   Total Energy  Conserved En.    Temperature Pres. DC (bar)
    3.69597e+04   -2.00665e+05   -1.74611e+05    2.69432e+02   -2.02236e+02
 Pressure (bar)
    2.11322e+02

           Step           Time
         405000      810.00000

   Energies (kJ/mol)
        LJ (SR)  Disper. corr.   Coulomb (SR)   Coul. recip.      Potential
    4.66925e+04   -1.97426e+03   -2.83399e+05    1.14913e+03   -2.37532e+05
    Kinetic En.   Total Energy  Conserved En.    Temperature Pres. DC (bar)
    3.72921e+04   -2.00239e+05   -1.74346e+05    2.71856e+02   -2.00517e+02
 Pressure (bar)
    7.80197e+01

           Step           Time
         410000      820.00000

   Energies (kJ/mol)
        LJ (SR)  Disper. corr.   Coulomb (SR)   Coul. recip.      Potential
    4.64054e+04   -1.99766e+03   -2.82830e+05    1.13536e+03   -2.37287e+05
    Kinetic En.   Total Energy  Conserved En.    Temperature Pres. DC (bar)
    3.74165e+04   -1.99871e+05   -1.74025e+05    2.72762e+02   -2.05295e+02
 Pressure (bar)
    1.66815e+02

           Step           Time
         415000      830.00000

   Energies (kJ/mol)
        LJ (SR)  Disper. corr.   Coulomb (SR)   Coul. recip.      Potential
    4.71974e+04   -1.99316e+03   -2.83515e+05    1.16519e+03   -2.37145e+05
    Kinetic En.   Total Energy  Conserved En.    Temperature Pres. DC (bar)
    3.79662e+04   -1.99179e+05   -1.73699e+05    2.76770e+02   -2.04370e+02
 Pressure (bar)
    4.36029e+02

           Step           Time
         420000      840.00000

   Energies (kJ/mol)
        LJ (SR)  Disper. corr.   Coulomb (SR)   Coul. recip.      Potential
    4.61772e+04   -1.96453e+03   -2.82043e+05    1.19320e+03   -2.36637e+05
    Kinetic En.   Total Energy  Conserved En.    Temperature Pres. DC (bar)
    3.75918e+04   -1.99045e+05   -1.73321e+05    2.74040e+02   -1.98546e+02
 Pressure (bar)
   -4.71013e+01

           Step           Time
         425000      850.00000

   Energies (kJ/mol)
        LJ (SR)  Disper. corr.   Coulomb (SR)   Coul. recip.      Potential
    4.69343e+04   -1.98071e+03   -2.83386e+05    1.17867e+03   -2.37254e+05
    Kinetic En.   Total Energy  Conserved En.    Temperature Pres. DC (bar)
    3.76952e+04   -1.99559e+05   -1.73000e+05    2.74794e+02   -2.01828e+02
 Pressure (bar)
    1.74294e+02

           Step           Time
         430000      860.00000

   Energies (kJ/mol)
        LJ (SR)  Disper. corr.   Coulomb (SR)   Coul. recip.      Potential
    4.67179e+04   -1.96333e+03   -2.83202e+05    1.16057e+03   -2.37287e+05
    Kinetic En.   Total Energy  Conserved En.    Temperature Pres. DC (bar)
    3.76454e+04   -1.99641e+05   -1.72698e+05    2.74431e+02   -1.98306e+02
 Pressure (bar)
   -5.25029e+01

           Step           Time
         435000      870.00000

   Energies (kJ/mol)
        LJ (SR)  Disper. corr.   Coulomb (SR)   Coul. recip.      Potential
    4.65857e+04   -1.96713e+03   -2.83217e+05    1.19212e+03   -2.37406e+05
    Kinetic En.   Total Energy  Conserved En.    Temperature Pres. DC (bar)
    3.74391e+04   -1.99967e+05   -1.72436e+05    2.72927e+02   -1.99072e+02
 Pressure (bar)
   -4.22966e+01

           Step           Time
         440000      880.00000

   Energies (kJ/mol)
        LJ (SR)  Disper. corr.   Coulomb (SR)   Coul. recip.      Potential
    4.62415e+04   -1.95443e+03   -2.82652e+05    1.18550e+03   -2.37179e+05
    Kinetic En.   Total Energy  Conserved En.    Temperature Pres. DC (bar)
    3.72870e+04   -1.99892e+05   -1.72061e+05    2.71818e+02   -1.96512e+02
 Pressure (bar)
   -1.93744e+02

           Step           Time
         445000      890.00000

   Energies (kJ/mol)
        LJ (SR)  Disper. corr.   Coulomb (SR)   Coul. recip.      Potential
    4.66470e+04   -1.98367e+03   -2.82635e+05    1.16894e+03   -2.36803e+05
    Kinetic En.   Total Energy  Conserved En.    Temperature Pres. DC (bar)
    3.73520e+04   -1.99451e+05   -1.71737e+05    2.72292e+02   -2.02431e+02
 Pressure (bar)
    1.84833e+02

           Step           Time
         450000      900.00000

   Energies (kJ/mol)
        LJ (SR)  Disper. corr.   Coulomb (SR)   Coul. recip.      Potential
    4.60060e+04   -1.97892e+03   -2.82406e+05    1.19376e+03   -2.37185e+05
    Kinetic En.   Total Energy  Conserved En.    Temperature Pres. DC (bar)
    3.72869e+04   -1.99898e+05   -1.71354e+05    2.71817e+02   -2.01463e+02
 Pressure (bar)
   -1.43710e+02

           Step           Time
         455000      910.00000

   Energies (kJ/mol)
        LJ (SR)  Disper. corr.   Coulomb (SR)   Coul. recip.      Potential
    4.63427e+04   -1.96550e+03   -2.82606e+05    1.19145e+03   -2.37038e+05
    Kinetic En.   Total Energy  Conserved En.    Temperature Pres. DC (bar)
    3.73370e+04   -1.99700e+05   -1.71047e+05    2.72183e+02   -1.98743e+02
 Pressure (bar)
   -6.03207e+01

           Step           Time
         460000      920.00000

   Energies (kJ/mol)
        LJ (SR)  Disper. corr.   Coulomb (SR)   Coul. recip.      Potential
    4.59011e+04   -1.97122e+03   -2.82791e+05    1.19959e+03   -2.37662e+05
    Kinetic En.   Total Energy  Conserved En.    Temperature Pres. DC (bar)
    3.74229e+04   -2.00239e+05   -1.70755e+05    2.72809e+02   -1.99900e+02
 Pressure (bar)
   -2.49116e+02

           Step           Time
         465000      930.00000

   Energies (kJ/mol)
        LJ (SR)  Disper. corr.   Coulomb (SR)   Coul. recip.      Potential
    4.69454e+04   -1.97334e+03   -2.83385e+05    1.16984e+03   -2.37243e+05
    Kinetic En.   Total Energy  Conserved En.    Temperature Pres. DC (bar)
    3.73708e+04   -1.99872e+05   -1.70443e+05    2.72429e+02   -2.00331e+02
 Pressure (bar)
    2.09275e+02

           Step           Time
         470000      940.00000

   Energies (kJ/mol)
        LJ (SR)  Disper. corr.   Coulomb (SR)   Coul. recip.      Potential
    4.64757e+04   -1.97518e+03   -2.83009e+05    1.19083e+03   -2.37318e+05
    Kinetic En.   Total Energy  Conserved En.    Temperature Pres. DC (bar)
    3.75868e+04   -1.99731e+05   -1.70147e+05    2.74004e+02   -2.00703e+02
 Pressure (bar)
    4.89529e+01

           Step           Time
         475000      950.00000

   Energies (kJ/mol)
        LJ (SR)  Disper. corr.   Coulomb (SR)   Coul. recip.      Potential
    4.74052e+04   -1.98037e+03   -2.83879e+05    1.16215e+03   -2.37292e+05
    Kinetic En.   Total Energy  Conserved En.    Temperature Pres. DC (bar)
    3.77452e+04   -1.99547e+05   -1.69899e+05    2.75159e+02   -2.01758e+02
 Pressure (bar)
    3.53952e+02

           Step           Time
         480000      960.00000

   Energies (kJ/mol)
        LJ (SR)  Disper. corr.   Coulomb (SR)   Coul. recip.      Potential
    4.53996e+04   -1.95704e+03   -2.80982e+05    1.16141e+03   -2.36378e+05
    Kinetic En.   Total Energy  Conserved En.    Temperature Pres. DC (bar)
    3.81396e+04   -1.98238e+05   -1.69687e+05    2.78034e+02   -1.97038e+02
 Pressure (bar)
   -3.24760e+02

           Step           Time
         485000      970.00000

   Energies (kJ/mol)
        LJ (SR)  Disper. corr.   Coulomb (SR)   Coul. recip.      Potential
    4.55979e+04   -1.97112e+03   -2.80782e+05    1.21918e+03   -2.35936e+05
    Kinetic En.   Total Energy  Conserved En.    Temperature Pres. DC (bar)
    3.72322e+04   -1.98704e+05   -1.69306e+05    2.71419e+02   -1.99881e+02
 Pressure (bar)
   -1.68394e+02

           Step           Time
         490000      980.00000

   Energies (kJ/mol)
        LJ (SR)  Disper. corr.   Coulomb (SR)   Coul. recip.      Potential
    4.62611e+04   -1.97936e+03   -2.82885e+05    1.11985e+03   -2.37484e+05
    Kinetic En.   Total Energy  Conserved En.    Temperature Pres. DC (bar)
    3.68791e+04   -2.00605e+05   -1.68940e+05    2.68845e+02   -2.01553e+02
 Pressure (bar)
   -7.03853e+01

           Step           Time
         495000      990.00000

   Energies (kJ/mol)
        LJ (SR)  Disper. corr.   Coulomb (SR)   Coul. recip.      Potential
    4.65493e+04   -1.98377e+03   -2.82838e+05    1.14939e+03   -2.37123e+05
    Kinetic En.   Total Energy  Conserved En.    Temperature Pres. DC (bar)
    3.73707e+04   -1.99752e+05   -1.68616e+05    2.72429e+02   -2.02453e+02
 Pressure (bar)
    1.28844e+02

           Step           Time
         500000     1000.00000

   Energies (kJ/mol)
        LJ (SR)  Disper. corr.   Coulomb (SR)   Coul. recip.      Potential
    4.56700e+04   -1.94783e+03   -2.81568e+05    1.16246e+03   -2.36683e+05
    Kinetic En.   Total Energy  Conserved En.    Temperature Pres. DC (bar)
    3.72375e+04   -1.99446e+05   -1.68288e+05    2.71458e+02   -1.95189e+02
 Pressure (bar)
   -3.94578e+02

           Step           Time
         505000     1010.00000

   Energies (kJ/mol)
        LJ (SR)  Disper. corr.   Coulomb (SR)   Coul. recip.      Potential
    4.65119e+04   -1.97440e+03   -2.82756e+05    1.17131e+03   -2.37047e+05
    Kinetic En.   Total Energy  Conserved En.    Temperature Pres. DC (bar)
    3.72177e+04   -1.99829e+05   -1.67974e+05    2.71313e+02   -2.00545e+02
 Pressure (bar)
    3.07691e+01

           Step           Time
         510000     1020.00000

   Energies (kJ/mol)
        LJ (SR)  Disper. corr.   Coulomb (SR)   Coul. recip.      Potential
    4.69504e+04   -1.96943e+03   -2.83753e+05    1.12934e+03   -2.37643e+05
    Kinetic En.   Total Energy  Conserved En.    Temperature Pres. DC (bar)
    3.72465e+04   -2.00396e+05   -1.67705e+05    2.71523e+02   -1.99538e+02
 Pressure (bar)
    5.47632e+01

           Step           Time
         515000     1030.00000

   Energies (kJ/mol)
        LJ (SR)  Disper. corr.   Coulomb (SR)   Coul. recip.      Potential
    4.55239e+04   -1.95962e+03   -2.81895e+05    1.17228e+03   -2.37158e+05
    Kinetic En.   Total Energy  Conserved En.    Temperature Pres. DC (bar)
    3.77208e+04   -1.99438e+05   -1.67356e+05    2.74980e+02   -1.97557e+02
 Pressure (bar)
   -3.87692e+02

           Step           Time
         520000     1040.00000

   Energies (kJ/mol)
        LJ (SR)  Disper. corr.   Coulomb (SR)   Coul. recip.      Potential
    4.65510e+04   -1.98225e+03   -2.82722e+05    1.17610e+03   -2.36977e+05
    Kinetic En.   Total Energy  Conserved En.    Temperature Pres. DC (bar)
    3.77386e+04   -1.99238e+05   -1.67098e+05    2.75111e+02   -2.02143e+02
 Pressure (bar)
    1.57070e+02

           Step           Time
         525000     1050.00000

   Energies (kJ/mol)
        LJ (SR)  Disper. corr.   Coulomb (SR)   Coul. recip.      Potential
    4.65219e+04   -1.98268e+03   -2.83580e+05    1.14181e+03   -2.37899e+05
    Kinetic En.   Total Energy  Conserved En.    Temperature Pres. DC (bar)
    3.76059e+04   -2.00293e+05   -1.66726e+05    2.74143e+02   -2.02229e+02
 Pressure (bar)
   -2.01953e+01

           Step           Time
         530000     1060.00000

   Energies (kJ/mol)
        LJ (SR)  Disper. corr.   Coulomb (SR)   Coul. recip.      Potential
    4.59283e+04   -1.94969e+03   -2.82901e+05    1.13649e+03   -2.37786e+05
    Kinetic En.   Total Energy  Conserved En.    Temperature Pres. DC (bar)
    3.74891e+04   -2.00297e+05   -1.66371e+05    2.73292e+02   -1.95561e+02
 Pressure (bar)
   -4.59750e+02

           Step           Time
         535000     1070.00000

   Energies (kJ/mol)
        LJ (SR)  Disper. corr.   Coulomb (SR)   Coul. recip.      Potential
    4.65396e+04   -1.97039e+03   -2.82235e+05    1.14346e+03   -2.36523e+05
    Kinetic En.   Total Energy  Conserved En.    Temperature Pres. DC (bar)
    3.76201e+04   -1.98903e+05   -1.66034e+05    2.74246e+02   -1.99732e+02
 Pressure (bar)
    9.65827e+01

           Step           Time
         540000     1080.00000

   Energies (kJ/mol)
        LJ (SR)  Disper. corr.   Coulomb (SR)   Coul. recip.      Potential
    4.61731e+04   -1.98953e+03   -2.82851e+05    1.09284e+03   -2.37574e+05
    Kinetic En.   Total Energy  Conserved En.    Temperature Pres. DC (bar)
    3.72095e+04   -2.00365e+05   -1.65658e+05    2.71254e+02   -2.03629e+02
 Pressure (bar)
   -1.79116e+01

           Step           Time
         545000     1090.00000

   Energies (kJ/mol)
        LJ (SR)  Disper. corr.   Coulomb (SR)   Coul. recip.      Potential
    4.70270e+04   -1.98382e+03   -2.83459e+05    1.15981e+03   -2.37256e+05
    Kinetic En.   Total Energy  Conserved En.    Temperature Pres. DC (bar)
    3.78874e+04   -1.99369e+05   -1.65318e+05    2.76195e+02   -2.02462e+02
 Pressure (bar)
    2.65896e+02

           Step           Time
         550000     1100.00000

   Energies (kJ/mol)
        LJ (SR)  Disper. corr.   Coulomb (SR)   Coul. recip.      Potential
    4.62864e+04   -1.97974e+03   -2.82309e+05    1.16641e+03   -2.36836e+05
    Kinetic En.   Total Energy  Conserved En.    Temperature Pres. DC (bar)
    3.73623e+04   -1.99473e+05   -1.64936e+05    2.72367e+02   -2.01631e+02
 Pressure (bar)
    7.95706e+01

           Step           Time
         555000     1110.00000

   Energies (kJ/mol)
        LJ (SR)  Disper. corr.   Coulomb (SR)   Coul. recip.      Potential
    4.57825e+04   -1.95873e+03   -2.81884e+05    1.21597e+03   -2.36844e+05
    Kinetic En.   Total Energy  Conserved En.    Temperature Pres. DC (bar)
    3.76395e+04   -1.99205e+05   -1.64694e+05    2.74388e+02   -1.97378e+02
 Pressure (bar)
   -3.03463e+02

           Step           Time
         560000     1120.00000

   Energies (kJ/mol)
        LJ (SR)  Disper. corr.   Coulomb (SR)   Coul. recip.      Potential
    4.63737e+04   -1.95987e+03   -2.82508e+05    1.20472e+03   -2.36889e+05
    Kinetic En.   Total Energy  Conserved En.    Temperature Pres. DC (bar)
    3.77772e+04   -1.99112e+05   -1.64361e+05    2.75392e+02   -1.97606e+02
 Pressure (bar)
   -9.78177e+01

Writing checkpoint, step 562550 at Sat Mar 15 10:13:09 2025


           Step           Time
         565000     1130.00000

   Energies (kJ/mol)
        LJ (SR)  Disper. corr.   Coulomb (SR)   Coul. recip.      Potential
    4.70216e+04   -1.98919e+03   -2.82951e+05    1.13807e+03   -2.36781e+05
    Kinetic En.   Total Energy  Conserved En.    Temperature Pres. DC (bar)
    3.72689e+04   -1.99512e+05   -1.63911e+05    2.71686e+02   -2.03558e+02
 Pressure (bar)
    3.29019e+02

           Step           Time
         570000     1140.00000

   Energies (kJ/mol)
        LJ (SR)  Disper. corr.   Coulomb (SR)   Coul. recip.      Potential
    4.66479e+04   -1.97873e+03   -2.82499e+05    1.22707e+03   -2.36603e+05
    Kinetic En.   Total Energy  Conserved En.    Temperature Pres. DC (bar)
    3.70003e+04   -1.99602e+05   -1.63621e+05    2.69728e+02   -2.01425e+02
 Pressure (bar)
    2.20668e+02

           Step           Time
         575000     1150.00000

   Energies (kJ/mol)
        LJ (SR)  Disper. corr.   Coulomb (SR)   Coul. recip.      Potential
    4.67308e+04   -1.98823e+03   -2.83068e+05    1.16746e+03   -2.37158e+05
    Kinetic En.   Total Energy  Conserved En.    Temperature Pres. DC (bar)
    3.78057e+04   -1.99353e+05   -1.63335e+05    2.75600e+02   -2.03361e+02
 Pressure (bar)
    2.11591e+02

           Step           Time
         580000     1160.00000

   Energies (kJ/mol)
        LJ (SR)  Disper. corr.   Coulomb (SR)   Coul. recip.      Potential
    4.64151e+04   -1.97174e+03   -2.82742e+05    1.13526e+03   -2.37163e+05
    Kinetic En.   Total Energy  Conserved En.    Temperature Pres. DC (bar)
    3.73404e+04   -1.99823e+05   -1.63069e+05    2.72208e+02   -2.00005e+02
 Pressure (bar)
    3.09818e+00

           Step           Time
         585000     1170.00000

   Energies (kJ/mol)
        LJ (SR)  Disper. corr.   Coulomb (SR)   Coul. recip.      Potential
    4.81629e+04   -1.97515e+03   -2.85207e+05    1.17702e+03   -2.37842e+05
    Kinetic En.   Total Energy  Conserved En.    Temperature Pres. DC (bar)
    3.72618e+04   -2.00581e+05   -1.62694e+05    2.71635e+02   -2.00697e+02
 Pressure (bar)
    4.54279e+02

           Step           Time
         590000     1180.00000

   Energies (kJ/mol)
        LJ (SR)  Disper. corr.   Coulomb (SR)   Coul. recip.      Potential
    4.61898e+04   -1.98929e+03   -2.82888e+05    1.16555e+03   -2.37522e+05
    Kinetic En.   Total Energy  Conserved En.    Temperature Pres. DC (bar)
    3.72292e+04   -2.00293e+05   -1.62331e+05    2.71397e+02   -2.03578e+02
 Pressure (bar)
   -2.06145e+01

           Step           Time
         595000     1190.00000

   Energies (kJ/mol)
        LJ (SR)  Disper. corr.   Coulomb (SR)   Coul. recip.      Potential
    4.60366e+04   -1.97032e+03   -2.81785e+05    1.16367e+03   -2.36555e+05
    Kinetic En.   Total Energy  Conserved En.    Temperature Pres. DC (bar)
    3.80465e+04   -1.98509e+05   -1.62017e+05    2.77355e+02   -1.99717e+02
 Pressure (bar)
   -4.26944e+01

           Step           Time
         600000     1200.00000

   Energies (kJ/mol)
        LJ (SR)  Disper. corr.   Coulomb (SR)   Coul. recip.      Potential
    4.61278e+04   -1.98391e+03   -2.82642e+05    1.16953e+03   -2.37328e+05
    Kinetic En.   Total Energy  Conserved En.    Temperature Pres. DC (bar)
    3.75616e+04   -1.99767e+05   -1.61580e+05    2.73820e+02   -2.02480e+02
 Pressure (bar)
   -1.02427e+01

           Step           Time
         605000     1210.00000

   Energies (kJ/mol)
        LJ (SR)  Disper. corr.   Coulomb (SR)   Coul. recip.      Potential
    4.64534e+04   -1.97226e+03   -2.82913e+05    1.10690e+03   -2.37324e+05
    Kinetic En.   Total Energy  Conserved En.    Temperature Pres. DC (bar)
    3.75684e+04   -1.99756e+05   -1.61237e+05    2.73870e+02   -2.00111e+02
 Pressure (bar)
   -4.89716e+01

           Step           Time
         610000     1220.00000

   Energies (kJ/mol)
        LJ (SR)  Disper. corr.   Coulomb (SR)   Coul. recip.      Potential
    4.70640e+04   -1.96908e+03   -2.83843e+05    1.17034e+03   -2.37578e+05
    Kinetic En.   Total Energy  Conserved En.    Temperature Pres. DC (bar)
    3.80574e+04   -1.99520e+05   -1.60930e+05    2.77434e+02   -1.99467e+02
 Pressure (bar)
    8.26220e+01

           Step           Time
         615000     1230.00000

   Energies (kJ/mol)
        LJ (SR)  Disper. corr.   Coulomb (SR)   Coul. recip.      Potential
    4.71333e+04   -1.98916e+03   -2.83418e+05    1.15293e+03   -2.37121e+05
    Kinetic En.   Total Energy  Conserved En.    Temperature Pres. DC (bar)
    3.74588e+04   -1.99663e+05   -1.60634e+05    2.73071e+02   -2.03553e+02
 Pressure (bar)
    3.52187e+02

           Step           Time
         620000     1240.00000

   Energies (kJ/mol)
        LJ (SR)  Disper. corr.   Coulomb (SR)   Coul. recip.      Potential
    4.65176e+04   -1.96534e+03   -2.83232e+05    1.09160e+03   -2.37588e+05
    Kinetic En.   Total Energy  Conserved En.    Temperature Pres. DC (bar)
    3.76996e+04   -1.99889e+05   -1.60301e+05    2.74826e+02   -1.98712e+02
 Pressure (bar)
   -9.22575e+01

           Step           Time
         625000     1250.00000

   Energies (kJ/mol)
        LJ (SR)  Disper. corr.   Coulomb (SR)   Coul. recip.      Potential
    4.67387e+04   -1.96156e+03   -2.82962e+05    1.14059e+03   -2.37045e+05
    Kinetic En.   Total Energy  Conserved En.    Temperature Pres. DC (bar)
    3.73802e+04   -1.99665e+05   -1.59993e+05    2.72498e+02   -1.97948e+02
 Pressure (bar)
   -5.18210e+00

           Step           Time
         630000     1260.00000

   Energies (kJ/mol)
        LJ (SR)  Disper. corr.   Coulomb (SR)   Coul. recip.      Potential
    4.56863e+04   -1.95310e+03   -2.81925e+05    1.19158e+03   -2.37000e+05
    Kinetic En.   Total Energy  Conserved En.    Temperature Pres. DC (bar)
    3.71286e+04   -1.99871e+05   -1.59607e+05    2.70664e+02   -1.96245e+02
 Pressure (bar)
   -3.80225e+02

           Step           Time
         635000     1270.00000

   Energies (kJ/mol)
        LJ (SR)  Disper. corr.   Coulomb (SR)   Coul. recip.      Potential
    4.68078e+04   -1.98687e+03   -2.82633e+05    1.22072e+03   -2.36592e+05
    Kinetic En.   Total Energy  Conserved En.    Temperature Pres. DC (bar)
    3.77904e+04   -1.98802e+05   -1.59328e+05    2.75488e+02   -2.03085e+02
 Pressure (bar)
    3.19244e+02

           Step           Time
         640000     1280.00000

   Energies (kJ/mol)
        LJ (SR)  Disper. corr.   Coulomb (SR)   Coul. recip.      Potential
    4.59163e+04   -1.97209e+03   -2.81753e+05    1.18766e+03   -2.36622e+05
    Kinetic En.   Total Energy  Conserved En.    Temperature Pres. DC (bar)
    3.75872e+04   -1.99034e+05   -1.59080e+05    2.74007e+02   -2.00078e+02
 Pressure (bar)
   -9.80559e+01

           Step           Time
         645000     1290.00000

   Energies (kJ/mol)
        LJ (SR)  Disper. corr.   Coulomb (SR)   Coul. recip.      Potential
    4.65469e+04   -1.97904e+03   -2.82347e+05    1.17542e+03   -2.36603e+05
    Kinetic En.   Total Energy  Conserved En.    Temperature Pres. DC (bar)
    3.71232e+04   -1.99480e+05   -1.58719e+05    2.70624e+02   -2.01489e+02
 Pressure (bar)
    1.28222e+02

           Step           Time
         650000     1300.00000

   Energies (kJ/mol)
        LJ (SR)  Disper. corr.   Coulomb (SR)   Coul. recip.      Potential
    4.68659e+04   -1.98285e+03   -2.83217e+05    1.19710e+03   -2.37137e+05
    Kinetic En.   Total Energy  Conserved En.    Temperature Pres. DC (bar)
    3.72334e+04   -1.99903e+05   -1.58141e+05    2.71427e+02   -2.02264e+02
 Pressure (bar)
    1.96716e+02

           Step           Time
         655000     1310.00000

   Energies (kJ/mol)
        LJ (SR)  Disper. corr.   Coulomb (SR)   Coul. recip.      Potential
    4.63621e+04   -1.97332e+03   -2.82652e+05    1.14306e+03   -2.37120e+05
    Kinetic En.   Total Energy  Conserved En.    Temperature Pres. DC (bar)
    3.69696e+04   -2.00151e+05   -1.57779e+05    2.69504e+02   -2.00325e+02
 Pressure (bar)
   -5.44089e+01

           Step           Time
         660000     1320.00000

   Energies (kJ/mol)
        LJ (SR)  Disper. corr.   Coulomb (SR)   Coul. recip.      Potential
    4.60674e+04   -1.96629e+03   -2.83047e+05    1.13263e+03   -2.37814e+05
    Kinetic En.   Total Energy  Conserved En.    Temperature Pres. DC (bar)
    3.74160e+04   -2.00398e+05   -1.57494e+05    2.72759e+02   -1.98902e+02
 Pressure (bar)
   -2.31265e+02

           Step           Time
         665000     1330.00000

   Energies (kJ/mol)
        LJ (SR)  Disper. corr.   Coulomb (SR)   Coul. recip.      Potential
    4.60714e+04   -1.98439e+03   -2.82011e+05    1.16704e+03   -2.36757e+05
    Kinetic En.   Total Energy  Conserved En.    Temperature Pres. DC (bar)
    3.74811e+04   -1.99276e+05   -1.57263e+05    2.73233e+02   -2.02578e+02
 Pressure (bar)
    2.29246e+01

           Step           Time
         670000     1340.00000

   Energies (kJ/mol)
        LJ (SR)  Disper. corr.   Coulomb (SR)   Coul. recip.      Potential
    4.74754e+04   -1.97176e+03   -2.83931e+05    1.14816e+03   -2.37279e+05
    Kinetic En.   Total Energy  Conserved En.    Temperature Pres. DC (bar)
    3.77973e+04   -1.99482e+05   -1.56993e+05    2.75538e+02   -2.00010e+02
 Pressure (bar)
    3.14251e+02

           Step           Time
         675000     1350.00000

   Energies (kJ/mol)
        LJ (SR)  Disper. corr.   Coulomb (SR)   Coul. recip.      Potential
    4.64964e+04   -1.96880e+03   -2.83226e+05    1.17905e+03   -2.37519e+05
    Kinetic En.   Total Energy  Conserved En.    Temperature Pres. DC (bar)
    3.78477e+04   -1.99671e+05   -1.56569e+05    2.75906e+02   -1.99411e+02
 Pressure (bar)
   -4.90069e+01

           Step           Time
         680000     1360.00000

   Energies (kJ/mol)
        LJ (SR)  Disper. corr.   Coulomb (SR)   Coul. recip.      Potential
    4.62103e+04   -1.98231e+03   -2.82870e+05    1.17939e+03   -2.37463e+05
    Kinetic En.   Total Energy  Conserved En.    Temperature Pres. DC (bar)
    3.76770e+04   -1.99786e+05   -1.56248e+05    2.74661e+02   -2.02153e+02
 Pressure (bar)
   -5.01465e+01

           Step           Time
         685000     1370.00000

   Energies (kJ/mol)
        LJ (SR)  Disper. corr.   Coulomb (SR)   Coul. recip.      Potential
    4.59823e+04   -1.96582e+03   -2.81330e+05    1.16751e+03   -2.36146e+05
    Kinetic En.   Total Energy  Conserved En.    Temperature Pres. DC (bar)
    3.77815e+04   -1.98364e+05   -1.55905e+05    2.75423e+02   -1.98808e+02
 Pressure (bar)
   -6.26463e+01

           Step           Time
         690000     1380.00000

   Energies (kJ/mol)
        LJ (SR)  Disper. corr.   Coulomb (SR)   Coul. recip.      Potential
    4.66594e+04   -1.98208e+03   -2.83129e+05    1.15443e+03   -2.37298e+05
    Kinetic En.   Total Energy  Conserved En.    Temperature Pres. DC (bar)
    3.76658e+04   -1.99632e+05   -1.55626e+05    2.74580e+02   -2.02107e+02
 Pressure (bar)
    5.09566e+01

           Step           Time
         695000     1390.00000

   Energies (kJ/mol)
        LJ (SR)  Disper. corr.   Coulomb (SR)   Coul. recip.      Potential
    4.67970e+04   -1.97012e+03   -2.83173e+05    1.19307e+03   -2.37154e+05
    Kinetic En.   Total Energy  Conserved En.    Temperature Pres. DC (bar)
    3.73469e+04   -1.99807e+05   -1.55335e+05    2.72255e+02   -1.99678e+02
 Pressure (bar)
    6.80122e+01

           Step           Time
         700000     1400.00000

   Energies (kJ/mol)
        LJ (SR)  Disper. corr.   Coulomb (SR)   Coul. recip.      Potential
    4.72554e+04   -1.98329e+03   -2.83296e+05    1.21154e+03   -2.36813e+05
    Kinetic En.   Total Energy  Conserved En.    Temperature Pres. DC (bar)
    3.75393e+04   -1.99273e+05   -1.55045e+05    2.73658e+02   -2.02353e+02
 Pressure (bar)
    3.71976e+02

           Step           Time
         705000     1410.00000

   Energies (kJ/mol)
        LJ (SR)  Disper. corr.   Coulomb (SR)   Coul. recip.      Potential
    4.70748e+04   -1.98260e+03   -2.83727e+05    1.09899e+03   -2.37536e+05
    Kinetic En.   Total Energy  Conserved En.    Temperature Pres. DC (bar)
    3.74567e+04   -2.00079e+05   -1.54705e+05    2.73055e+02   -2.02213e+02
 Pressure (bar)
    2.83470e+02

           Step           Time
         710000     1420.00000

   Energies (kJ/mol)
        LJ (SR)  Disper. corr.   Coulomb (SR)   Coul. recip.      Potential
    4.61133e+04   -1.98392e+03   -2.82401e+05    1.22262e+03   -2.37049e+05
    Kinetic En.   Total Energy  Conserved En.    Temperature Pres. DC (bar)
    3.80005e+04   -1.99049e+05   -1.54419e+05    2.77020e+02   -2.02483e+02
 Pressure (bar)
    2.69678e+01

           Step           Time
         715000     1430.00000

   Energies (kJ/mol)
        LJ (SR)  Disper. corr.   Coulomb (SR)   Coul. recip.      Potential
    4.60186e+04   -1.96955e+03   -2.82101e+05    1.19265e+03   -2.36859e+05
    Kinetic En.   Total Energy  Conserved En.    Temperature Pres. DC (bar)
    3.71163e+04   -1.99743e+05   -1.54089e+05    2.70574e+02   -1.99561e+02
 Pressure (bar)
   -1.48730e+02

           Step           Time
         720000     1440.00000

   Energies (kJ/mol)
        LJ (SR)  Disper. corr.   Coulomb (SR)   Coul. recip.      Potential
    4.65019e+04   -1.96425e+03   -2.82473e+05    1.17584e+03   -2.36760e+05
    Kinetic En.   Total Energy  Conserved En.    Temperature Pres. DC (bar)
    3.82523e+04   -1.98508e+05   -1.53860e+05    2.78855e+02   -1.98490e+02
 Pressure (bar)
    1.20692e+01

           Step           Time
         725000     1450.00000

   Energies (kJ/mol)
        LJ (SR)  Disper. corr.   Coulomb (SR)   Coul. recip.      Potential
    4.64490e+04   -1.98359e+03   -2.82534e+05    1.17454e+03   -2.36894e+05
    Kinetic En.   Total Energy  Conserved En.    Temperature Pres. DC (bar)
    3.72356e+04   -1.99659e+05   -1.53579e+05    2.71444e+02   -2.02415e+02
 Pressure (bar)
    1.20753e+02

           Step           Time
         730000     1460.00000

   Energies (kJ/mol)
        LJ (SR)  Disper. corr.   Coulomb (SR)   Coul. recip.      Potential
    4.61163e+04   -1.96920e+03   -2.83184e+05    1.19501e+03   -2.37842e+05
    Kinetic En.   Total Energy  Conserved En.    Temperature Pres. DC (bar)
    3.70440e+04   -2.00798e+05   -1.53288e+05    2.70047e+02   -1.99492e+02
 Pressure (bar)
   -2.45494e+02

           Step           Time
         735000     1470.00000

   Energies (kJ/mol)
        LJ (SR)  Disper. corr.   Coulomb (SR)   Coul. recip.      Potential
    4.73586e+04   -1.97289e+03   -2.84380e+05    1.20157e+03   -2.37793e+05
    Kinetic En.   Total Energy  Conserved En.    Temperature Pres. DC (bar)
    3.76510e+04   -2.00142e+05   -1.52987e+05    2.74472e+02   -2.00238e+02
 Pressure (bar)
    1.71569e+02

           Step           Time
         740000     1480.00000

   Energies (kJ/mol)
        LJ (SR)  Disper. corr.   Coulomb (SR)   Coul. recip.      Potential
    4.60155e+04   -1.96508e+03   -2.82030e+05    1.13340e+03   -2.36846e+05
    Kinetic En.   Total Energy  Conserved En.    Temperature Pres. DC (bar)
    3.74590e+04   -1.99387e+05   -1.52740e+05    2.73072e+02   -1.98658e+02
 Pressure (bar)
   -2.10542e+02

           Step           Time
         745000     1490.00000

   Energies (kJ/mol)
        LJ (SR)  Disper. corr.   Coulomb (SR)   Coul. recip.      Potential
    4.62672e+04   -1.97330e+03   -2.82197e+05    1.13956e+03   -2.36763e+05
    Kinetic En.   Total Energy  Conserved En.    Temperature Pres. DC (bar)
    3.73828e+04   -1.99381e+05   -1.52432e+05    2.72516e+02   -2.00322e+02
 Pressure (bar)
   -7.81932e+00

           Step           Time
         750000     1500.00000

   Energies (kJ/mol)
        LJ (SR)  Disper. corr.   Coulomb (SR)   Coul. recip.      Potential
    4.66311e+04   -1.98031e+03   -2.83086e+05    1.19475e+03   -2.37241e+05
    Kinetic En.   Total Energy  Conserved En.    Temperature Pres. DC (bar)
    3.76856e+04   -1.99555e+05   -1.52172e+05    2.74724e+02   -2.01747e+02
 Pressure (bar)
    1.14962e+02

           Step           Time
         755000     1510.00000

   Energies (kJ/mol)
        LJ (SR)  Disper. corr.   Coulomb (SR)   Coul. recip.      Potential
    4.66951e+04   -1.98607e+03   -2.82952e+05    1.13128e+03   -2.37112e+05
    Kinetic En.   Total Energy  Conserved En.    Temperature Pres. DC (bar)
    3.72528e+04   -1.99859e+05   -1.51877e+05    2.71569e+02   -2.02920e+02
 Pressure (bar)
    1.74747e+02

Writing checkpoint, step 756750 at Sat Mar 15 10:28:09 2025


           Step           Time
         760000     1520.00000

   Energies (kJ/mol)
        LJ (SR)  Disper. corr.   Coulomb (SR)   Coul. recip.      Potential
    4.54308e+04   -1.97208e+03   -2.81565e+05    1.17005e+03   -2.36936e+05
    Kinetic En.   Total Energy  Conserved En.    Temperature Pres. DC (bar)
    3.78109e+04   -1.99125e+05   -1.51575e+05    2.75637e+02   -2.00075e+02
 Pressure (bar)
   -3.21862e+02

           Step           Time
         765000     1530.00000

   Energies (kJ/mol)
        LJ (SR)  Disper. corr.   Coulomb (SR)   Coul. recip.      Potential
    4.67913e+04   -1.97597e+03   -2.83060e+05    1.18799e+03   -2.37057e+05
    Kinetic En.   Total Energy  Conserved En.    Temperature Pres. DC (bar)
    3.74585e+04   -1.99598e+05   -1.51253e+05    2.73069e+02   -2.00864e+02
 Pressure (bar)
    1.88054e+02

           Step           Time
         770000     1540.00000

   Energies (kJ/mol)
        LJ (SR)  Disper. corr.   Coulomb (SR)   Coul. recip.      Potential
    4.67509e+04   -1.97444e+03   -2.83402e+05    1.14916e+03   -2.37477e+05
    Kinetic En.   Total Energy  Conserved En.    Temperature Pres. DC (bar)
    3.72340e+04   -2.00243e+05   -1.50900e+05    2.71432e+02   -2.00554e+02
 Pressure (bar)
    7.42465e+01

           Step           Time
         775000     1550.00000

   Energies (kJ/mol)
        LJ (SR)  Disper. corr.   Coulomb (SR)   Coul. recip.      Potential
    4.48504e+04   -1.96646e+03   -2.81190e+05    1.18872e+03   -2.37117e+05
    Kinetic En.   Total Energy  Conserved En.    Temperature Pres. DC (bar)
    3.79234e+04   -1.99193e+05   -1.50648e+05    2.76458e+02   -1.98937e+02
 Pressure (bar)
   -5.60904e+02

           Step           Time
         780000     1560.00000

   Energies (kJ/mol)
        LJ (SR)  Disper. corr.   Coulomb (SR)   Coul. recip.      Potential
    4.61682e+04   -1.94883e+03   -2.81610e+05    1.15937e+03   -2.36231e+05
    Kinetic En.   Total Energy  Conserved En.    Temperature Pres. DC (bar)
    3.76213e+04   -1.98610e+05   -1.50364e+05    2.74255e+02   -1.95389e+02
 Pressure (bar)
   -8.96123e+01

           Step           Time
         785000     1570.00000

   Energies (kJ/mol)
        LJ (SR)  Disper. corr.   Coulomb (SR)   Coul. recip.      Potential
    4.69062e+04   -1.97329e+03   -2.83612e+05    1.22602e+03   -2.37453e+05
    Kinetic En.   Total Energy  Conserved En.    Temperature Pres. DC (bar)
    3.80070e+04   -1.99446e+05   -1.50096e+05    2.77067e+02   -2.00321e+02
 Pressure (bar)
    1.04063e+02

           Step           Time
         790000     1580.00000

   Energies (kJ/mol)
        LJ (SR)  Disper. corr.   Coulomb (SR)   Coul. recip.      Potential
    4.71158e+04   -1.96068e+03   -2.84384e+05    1.18879e+03   -2.38040e+05
    Kinetic En.   Total Energy  Conserved En.    Temperature Pres. DC (bar)
    3.75436e+04   -2.00496e+05   -1.49817e+05    2.73689e+02   -1.97771e+02
 Pressure (bar)
   -1.37610e+01

           Step           Time
         795000     1590.00000

   Energies (kJ/mol)
        LJ (SR)  Disper. corr.   Coulomb (SR)   Coul. recip.      Potential
    4.63963e+04   -1.97509e+03   -2.82441e+05    1.10174e+03   -2.36918e+05
    Kinetic En.   Total Energy  Conserved En.    Temperature Pres. DC (bar)
    3.77308e+04   -1.99188e+05   -1.49414e+05    2.75054e+02   -2.00685e+02
 Pressure (bar)
    5.52853e+01

           Step           Time
         800000     1600.00000

   Energies (kJ/mol)
        LJ (SR)  Disper. corr.   Coulomb (SR)   Coul. recip.      Potential
    4.68047e+04   -1.96666e+03   -2.83289e+05    1.20599e+03   -2.37245e+05
    Kinetic En.   Total Energy  Conserved En.    Temperature Pres. DC (bar)
    3.76728e+04   -1.99572e+05   -1.49101e+05    2.74631e+02   -1.98978e+02
 Pressure (bar)
    6.48321e+01

           Step           Time
         805000     1610.00000

   Energies (kJ/mol)
        LJ (SR)  Disper. corr.   Coulomb (SR)   Coul. recip.      Potential
    4.60566e+04   -1.97577e+03   -2.81950e+05    1.16353e+03   -2.36705e+05
    Kinetic En.   Total Energy  Conserved En.    Temperature Pres. DC (bar)
    3.68730e+04   -1.99832e+05   -1.48793e+05    2.68800e+02   -2.00824e+02
 Pressure (bar)
   -3.23913e+01

           Step           Time
         810000     1620.00000

   Energies (kJ/mol)
        LJ (SR)  Disper. corr.   Coulomb (SR)   Coul. recip.      Potential
    4.69454e+04   -1.97604e+03   -2.83520e+05    1.14744e+03   -2.37403e+05
    Kinetic En.   Total Energy  Conserved En.    Temperature Pres. DC (bar)
    3.71646e+04   -2.00238e+05   -1.48387e+05    2.70926e+02   -2.00879e+02
 Pressure (bar)
    1.35561e+02

           Step           Time
         815000     1630.00000

   Energies (kJ/mol)
        LJ (SR)  Disper. corr.   Coulomb (SR)   Coul. recip.      Potential
    4.71913e+04   -1.97970e+03   -2.83879e+05    1.18458e+03   -2.37483e+05
    Kinetic En.   Total Energy  Conserved En.    Temperature Pres. DC (bar)
    3.75835e+04   -1.99899e+05   -1.48094e+05    2.73980e+02   -2.01622e+02
 Pressure (bar)
    2.80366e+02

           Step           Time
         820000     1640.00000

   Energies (kJ/mol)
        LJ (SR)  Disper. corr.   Coulomb (SR)   Coul. recip.      Potential
    4.68468e+04   -1.96174e+03   -2.83227e+05    1.16374e+03   -2.37178e+05
    Kinetic En.   Total Energy  Conserved En.    Temperature Pres. DC (bar)
    3.73513e+04   -1.99827e+05   -1.47765e+05    2.72287e+02   -1.97984e+02
 Pressure (bar)
    7.33119e+01

           Step           Time
         825000     1650.00000

   Energies (kJ/mol)
        LJ (SR)  Disper. corr.   Coulomb (SR)   Coul. recip.      Potential
    4.63724e+04   -1.96554e+03   -2.82048e+05    1.14640e+03   -2.36494e+05
    Kinetic En.   Total Energy  Conserved En.    Temperature Pres. DC (bar)
    3.72135e+04   -1.99281e+05   -1.47458e+05    2.71283e+02   -1.98750e+02
 Pressure (bar)
    3.82803e+01

           Step           Time
         830000     1660.00000

   Energies (kJ/mol)
        LJ (SR)  Disper. corr.   Coulomb (SR)   Coul. recip.      Potential
    4.53560e+04   -1.95870e+03   -2.80914e+05    1.21382e+03   -2.36303e+05
    Kinetic En.   Total Energy  Conserved En.    Temperature Pres. DC (bar)
    3.73839e+04   -1.98919e+05   -1.47149e+05    2.72524e+02   -1.97371e+02
 Pressure (bar)
   -3.69705e+02

           Step           Time
         835000     1670.00000

   Energies (kJ/mol)
        LJ (SR)  Disper. corr.   Coulomb (SR)   Coul. recip.      Potential
    4.64411e+04   -1.97287e+03   -2.83455e+05    1.16735e+03   -2.37819e+05
    Kinetic En.   Total Energy  Conserved En.    Temperature Pres. DC (bar)
    3.78293e+04   -1.99990e+05   -1.46817e+05    2.75771e+02   -2.00235e+02
 Pressure (bar)
   -1.52080e+02

           Step           Time
         840000     1680.00000

   Energies (kJ/mol)
        LJ (SR)  Disper. corr.   Coulomb (SR)   Coul. recip.      Potential
    4.71454e+04   -1.98384e+03   -2.83674e+05    1.18463e+03   -2.37328e+05
    Kinetic En.   Total Energy  Conserved En.    Temperature Pres. DC (bar)
    3.73714e+04   -1.99956e+05   -1.46558e+05    2.72434e+02   -2.02465e+02
 Pressure (bar)
    2.59606e+02

           Step           Time
         845000     1690.00000

   Energies (kJ/mol)
        LJ (SR)  Disper. corr.   Coulomb (SR)   Coul. recip.      Potential
    4.60428e+04   -1.97003e+03   -2.82435e+05    1.18348e+03   -2.37179e+05
    Kinetic En.   Total Energy  Conserved En.    Temperature Pres. DC (bar)
    3.75172e+04   -1.99662e+05   -1.46271e+05    2.73496e+02   -1.99659e+02
 Pressure (bar)
   -1.83197e+02

           Step           Time
         850000     1700.00000

   Energies (kJ/mol)
        LJ (SR)  Disper. corr.   Coulomb (SR)   Coul. recip.      Potential
    4.61718e+04   -1.97319e+03   -2.81581e+05    1.20546e+03   -2.36177e+05
    Kinetic En.   Total Energy  Conserved En.    Temperature Pres. DC (bar)
    3.76732e+04   -1.98504e+05   -1.46039e+05    2.74633e+02   -2.00300e+02
 Pressure (bar)
    5.26079e+01

           Step           Time
         855000     1710.00000

   Energies (kJ/mol)
        LJ (SR)  Disper. corr.   Coulomb (SR)   Coul. recip.      Potential
    4.67790e+04   -1.96855e+03   -2.83562e+05    1.15889e+03   -2.37592e+05
    Kinetic En.   Total Energy  Conserved En.    Temperature Pres. DC (bar)
    3.76904e+04   -1.99902e+05   -1.45749e+05    2.74759e+02   -1.99360e+02
 Pressure (bar)
    6.17361e+01

           Step           Time
         860000     1720.00000

   Energies (kJ/mol)
        LJ (SR)  Disper. corr.   Coulomb (SR)   Coul. recip.      Potential
    4.60587e+04   -1.96128e+03   -2.82091e+05    1.16727e+03   -2.36826e+05
    Kinetic En.   Total Energy  Conserved En.    Temperature Pres. DC (bar)
    3.78545e+04   -1.98972e+05   -1.45351e+05    2.75955e+02   -1.97890e+02
 Pressure (bar)
   -1.54723e+02

           Step           Time
         865000     1730.00000

   Energies (kJ/mol)
        LJ (SR)  Disper. corr.   Coulomb (SR)   Coul. recip.      Potential
    4.54935e+04   -1.94657e+03   -2.81443e+05    1.17657e+03   -2.36719e+05
    Kinetic En.   Total Energy  Conserved En.    Temperature Pres. DC (bar)
    3.73295e+04   -1.99390e+05   -1.45001e+05    2.72128e+02   -1.94936e+02
 Pressure (bar)
   -4.61704e+02

           Step           Time
         870000     1740.00000

   Energies (kJ/mol)
        LJ (SR)  Disper. corr.   Coulomb (SR)   Coul. recip.      Potential
    4.56333e+04   -1.95648e+03   -2.81980e+05    1.16850e+03   -2.37135e+05
    Kinetic En.   Total Energy  Conserved En.    Temperature Pres. DC (bar)
    3.76622e+04   -1.99472e+05   -1.44660e+05    2.74554e+02   -1.96925e+02
 Pressure (bar)
   -4.04540e+02

           Step           Time
         875000     1750.00000

   Energies (kJ/mol)
        LJ (SR)  Disper. corr.   Coulomb (SR)   Coul. recip.      Potential
    4.66389e+04   -1.97966e+03   -2.83295e+05    1.14453e+03   -2.37492e+05
    Kinetic En.   Total Energy  Conserved En.    Temperature Pres. DC (bar)
    3.71417e+04   -2.00350e+05   -1.44354e+05    2.70759e+02   -2.01614e+02
 Pressure (bar)
    6.10717e+01

           Step           Time
         880000     1760.00000

   Energies (kJ/mol)
        LJ (SR)  Disper. corr.   Coulomb (SR)   Coul. recip.      Potential
    4.56695e+04   -1.96162e+03   -2.81851e+05    1.13783e+03   -2.37005e+05
    Kinetic En.   Total Energy  Conserved En.    Temperature Pres. DC (bar)
    3.80480e+04   -1.98957e+05   -1.44077e+05    2.77366e+02   -1.97959e+02
 Pressure (bar)
   -3.11824e+02

           Step           Time
         885000     1770.00000

   Energies (kJ/mol)
        LJ (SR)  Disper. corr.   Coulomb (SR)   Coul. recip.      Potential
    4.60382e+04   -1.96497e+03   -2.81856e+05    1.18715e+03   -2.36596e+05
    Kinetic En.   Total Energy  Conserved En.    Temperature Pres. DC (bar)
    3.71427e+04   -1.99453e+05   -1.43731e+05    2.70766e+02   -1.98635e+02
 Pressure (bar)
   -1.65446e+02

           Step           Time
         890000     1780.00000

   Energies (kJ/mol)
        LJ (SR)  Disper. corr.   Coulomb (SR)   Coul. recip.      Potential
    4.62398e+04   -1.98253e+03   -2.82535e+05    1.17083e+03   -2.37106e+05
    Kinetic En.   Total Energy  Conserved En.    Temperature Pres. DC (bar)
    3.73562e+04   -1.99750e+05   -1.43492e+05    2.72323e+02   -2.02199e+02
 Pressure (bar)
   -9.45523e+00

           Step           Time
         895000     1790.00000

   Energies (kJ/mol)
        LJ (SR)  Disper. corr.   Coulomb (SR)   Coul. recip.      Potential
    4.59751e+04   -1.98560e+03   -2.81769e+05    1.12553e+03   -2.36654e+05
    Kinetic En.   Total Energy  Conserved En.    Temperature Pres. DC (bar)
    3.76583e+04   -1.98996e+05   -1.43160e+05    2.74525e+02   -2.02825e+02
 Pressure (bar)
    3.95179e+01

           Step           Time
         900000     1800.00000

   Energies (kJ/mol)
        LJ (SR)  Disper. corr.   Coulomb (SR)   Coul. recip.      Potential
    4.68026e+04   -1.97131e+03   -2.83178e+05    1.19265e+03   -2.37154e+05
    Kinetic En.   Total Energy  Conserved En.    Temperature Pres. DC (bar)
    3.73119e+04   -1.99842e+05   -1.42862e+05    2.72000e+02   -1.99919e+02
 Pressure (bar)
    1.13439e+02

           Step           Time
         905000     1810.00000

   Energies (kJ/mol)
        LJ (SR)  Disper. corr.   Coulomb (SR)   Coul. recip.      Potential
    4.69885e+04   -1.98052e+03   -2.83695e+05    1.16070e+03   -2.37526e+05
    Kinetic En.   Total Energy  Conserved En.    Temperature Pres. DC (bar)
    3.75596e+04   -1.99966e+05   -1.42602e+05    2.73806e+02   -2.01789e+02
 Pressure (bar)
    2.21188e+02

           Step           Time
         910000     1820.00000

   Energies (kJ/mol)
        LJ (SR)  Disper. corr.   Coulomb (SR)   Coul. recip.      Potential
    4.53911e+04   -1.95962e+03   -2.80502e+05    1.16411e+03   -2.35906e+05
    Kinetic En.   Total Energy  Conserved En.    Temperature Pres. DC (bar)
    3.75708e+04   -1.98335e+05   -1.42333e+05    2.73887e+02   -1.97557e+02
 Pressure (bar)
   -2.31877e+02

           Step           Time
         915000     1830.00000

   Energies (kJ/mol)
        LJ (SR)  Disper. corr.   Coulomb (SR)   Coul. recip.      Potential
    4.63424e+04   -1.96450e+03   -2.82744e+05    1.14694e+03   -2.37220e+05
    Kinetic En.   Total Energy  Conserved En.    Temperature Pres. DC (bar)
    3.76441e+04   -1.99576e+05   -1.42064e+05    2.74421e+02   -1.98541e+02
 Pressure (bar)
   -1.06534e+02

           Step           Time
         920000     1840.00000

   Energies (kJ/mol)
        LJ (SR)  Disper. corr.   Coulomb (SR)   Coul. recip.      Potential
    4.63314e+04   -1.97296e+03   -2.82395e+05    1.13346e+03   -2.36903e+05
    Kinetic En.   Total Energy  Conserved En.    Temperature Pres. DC (bar)
    3.70217e+04   -1.99881e+05   -1.41638e+05    2.69884e+02   -2.00253e+02
 Pressure (bar)
   -3.48078e+01

           Step           Time
         925000     1850.00000

   Energies (kJ/mol)
        LJ (SR)  Disper. corr.   Coulomb (SR)   Coul. recip.      Potential
    4.65070e+04   -1.97340e+03   -2.83092e+05    1.17647e+03   -2.37381e+05
    Kinetic En.   Total Energy  Conserved En.    Temperature Pres. DC (bar)
    3.74570e+04   -1.99924e+05   -1.41342e+05    2.73058e+02   -2.00343e+02
 Pressure (bar)
    3.76577e+00

           Step           Time
         930000     1860.00000

   Energies (kJ/mol)
        LJ (SR)  Disper. corr.   Coulomb (SR)   Coul. recip.      Potential
    4.65867e+04   -1.94904e+03   -2.82650e+05    1.17643e+03   -2.36836e+05
    Kinetic En.   Total Energy  Conserved En.    Temperature Pres. DC (bar)
    3.70181e+04   -1.99817e+05   -1.41065e+05    2.69858e+02   -1.95432e+02
 Pressure (bar)
   -1.66481e+02

           Step           Time
         935000     1870.00000

   Energies (kJ/mol)
        LJ (SR)  Disper. corr.   Coulomb (SR)   Coul. recip.      Potential
    4.63331e+04   -1.96251e+03   -2.82212e+05    1.17394e+03   -2.36667e+05
    Kinetic En.   Total Energy  Conserved En.    Temperature Pres. DC (bar)
    3.72327e+04   -1.99434e+05   -1.40776e+05    2.71423e+02   -1.98139e+02
 Pressure (bar)
   -7.04401e+01

           Step           Time
         940000     1880.00000

   Energies (kJ/mol)
        LJ (SR)  Disper. corr.   Coulomb (SR)   Coul. recip.      Potential
    4.54100e+04   -1.96261e+03   -2.81237e+05    1.13281e+03   -2.36657e+05
    Kinetic En.   Total Energy  Conserved En.    Temperature Pres. DC (bar)
    3.79446e+04   -1.98712e+05   -1.40498e+05    2.76612e+02   -1.98160e+02
 Pressure (bar)
   -3.38838e+02

           Step           Time
         945000     1890.00000

   Energies (kJ/mol)
        LJ (SR)  Disper. corr.   Coulomb (SR)   Coul. recip.      Potential
    4.56217e+04   -1.95471e+03   -2.81509e+05    1.20319e+03   -2.36639e+05
    Kinetic En.   Total Energy  Conserved En.    Temperature Pres. DC (bar)
    3.76456e+04   -1.98993e+05   -1.40176e+05    2.74433e+02   -1.96570e+02
 Pressure (bar)
   -3.55537e+02

           Step           Time
         950000     1900.00000

   Energies (kJ/mol)
        LJ (SR)  Disper. corr.   Coulomb (SR)   Coul. recip.      Potential
    4.75023e+04   -1.97878e+03   -2.84775e+05    1.14898e+03   -2.38102e+05
    Kinetic En.   Total Energy  Conserved En.    Temperature Pres. DC (bar)
    3.72399e+04   -2.00862e+05   -1.39921e+05    2.71475e+02   -2.01436e+02
 Pressure (bar)
    2.29801e+02

           Step           Time
         955000     1910.00000

   Energies (kJ/mol)
        LJ (SR)  Disper. corr.   Coulomb (SR)   Coul. recip.      Potential
    4.60458e+04   -1.96954e+03   -2.82667e+05    1.14874e+03   -2.37442e+05
    Kinetic En.   Total Energy  Conserved En.    Temperature Pres. DC (bar)
    3.74932e+04   -1.99949e+05   -1.39502e+05    2.73321e+02   -1.99560e+02
 Pressure (bar)
   -2.37701e+02

           Step           Time
         960000     1920.00000

   Energies (kJ/mol)
        LJ (SR)  Disper. corr.   Coulomb (SR)   Coul. recip.      Potential
    4.62839e+04   -1.97947e+03   -2.82603e+05    1.23630e+03   -2.37062e+05
    Kinetic En.   Total Energy  Conserved En.    Temperature Pres. DC (bar)
    3.76408e+04   -1.99422e+05   -1.39167e+05    2.74397e+02   -2.01575e+02
 Pressure (bar)
    9.56026e+00

Writing checkpoint, step 962200 at Sat Mar 15 10:43:09 2025


           Step           Time
         965000     1930.00000

   Energies (kJ/mol)
        LJ (SR)  Disper. corr.   Coulomb (SR)   Coul. recip.      Potential
    4.61464e+04   -1.96081e+03   -2.82114e+05    1.16438e+03   -2.36765e+05
    Kinetic En.   Total Energy  Conserved En.    Temperature Pres. DC (bar)
    3.71785e+04   -1.99586e+05   -1.38909e+05    2.71027e+02   -1.97797e+02
 Pressure (bar)
   -1.92852e+02

           Step           Time
         970000     1940.00000

   Energies (kJ/mol)
        LJ (SR)  Disper. corr.   Coulomb (SR)   Coul. recip.      Potential
    4.64176e+04   -1.98681e+03   -2.82492e+05    1.16954e+03   -2.36891e+05
    Kinetic En.   Total Energy  Conserved En.    Temperature Pres. DC (bar)
    3.73139e+04   -1.99577e+05   -1.38613e+05    2.72015e+02   -2.03072e+02
 Pressure (bar)
    1.49376e+02

           Step           Time
         975000     1950.00000

   Energies (kJ/mol)
        LJ (SR)  Disper. corr.   Coulomb (SR)   Coul. recip.      Potential
    4.66087e+04   -1.96230e+03   -2.83558e+05    1.11057e+03   -2.37801e+05
    Kinetic En.   Total Energy  Conserved En.    Temperature Pres. DC (bar)
    3.74275e+04   -2.00373e+05   -1.38171e+05    2.72843e+02   -1.98097e+02
 Pressure (bar)
   -1.10994e+02

           Step           Time
         980000     1960.00000

   Energies (kJ/mol)
        LJ (SR)  Disper. corr.   Coulomb (SR)   Coul. recip.      Potential
    4.59345e+04   -1.96600e+03   -2.82277e+05    1.17610e+03   -2.37132e+05
    Kinetic En.   Total Energy  Conserved En.    Temperature Pres. DC (bar)
    3.73924e+04   -1.99740e+05   -1.37929e+05    2.72586e+02   -1.98844e+02
 Pressure (bar)
   -1.74325e+02

           Step           Time
         985000     1970.00000

   Energies (kJ/mol)
        LJ (SR)  Disper. corr.   Coulomb (SR)   Coul. recip.      Potential
    4.62888e+04   -1.97177e+03   -2.82151e+05    1.15189e+03   -2.36682e+05
    Kinetic En.   Total Energy  Conserved En.    Temperature Pres. DC (bar)
    3.80333e+04   -1.98649e+05   -1.37678e+05    2.77259e+02   -2.00012e+02
 Pressure (bar)
    2.97521e+01

           Step           Time
         990000     1980.00000

   Energies (kJ/mol)
        LJ (SR)  Disper. corr.   Coulomb (SR)   Coul. recip.      Potential
    4.57958e+04   -1.96564e+03   -2.81526e+05    1.14281e+03   -2.36553e+05
    Kinetic En.   Total Energy  Conserved En.    Temperature Pres. DC (bar)
    3.72210e+04   -1.99332e+05   -1.37273e+05    2.71337e+02   -1.98771e+02
 Pressure (bar)
   -1.87057e+02

           Step           Time
         995000     1990.00000

   Energies (kJ/mol)
        LJ (SR)  Disper. corr.   Coulomb (SR)   Coul. recip.      Potential
    4.63855e+04   -1.96689e+03   -2.82550e+05    1.12115e+03   -2.37010e+05
    Kinetic En.   Total Energy  Conserved En.    Temperature Pres. DC (bar)
    3.75230e+04   -1.99487e+05   -1.37027e+05    2.73539e+02   -1.99024e+02
 Pressure (bar)
   -1.58404e+01

           Step           Time
        1000000     2000.00000

   Energies (kJ/mol)
        LJ (SR)  Disper. corr.   Coulomb (SR)   Coul. recip.      Potential
    4.59144e+04   -1.97027e+03   -2.81673e+05    1.19664e+03   -2.36533e+05
    Kinetic En.   Total Energy  Conserved En.    Temperature Pres. DC (bar)
    3.79053e+04   -1.98627e+05   -1.36770e+05    2.76325e+02   -1.99708e+02
 Pressure (bar)
   -5.16422e+01

           Step           Time
        1005000     2010.00000

   Energies (kJ/mol)
        LJ (SR)  Disper. corr.   Coulomb (SR)   Coul. recip.      Potential
    4.59430e+04   -1.95943e+03   -2.81433e+05    1.19361e+03   -2.36255e+05
    Kinetic En.   Total Energy  Conserved En.    Temperature Pres. DC (bar)
    3.72267e+04   -1.99029e+05   -1.36502e+05    2.71379e+02   -1.97519e+02
 Pressure (bar)
   -1.76231e+02

           Step           Time
        1010000     2020.00000

   Energies (kJ/mol)
        LJ (SR)  Disper. corr.   Coulomb (SR)   Coul. recip.      Potential
    4.54833e+04   -1.95189e+03   -2.81659e+05    1.19362e+03   -2.36934e+05
    Kinetic En.   Total Energy  Conserved En.    Temperature Pres. DC (bar)
    3.74086e+04   -1.99525e+05   -1.36192e+05    2.72705e+02   -1.96002e+02
 Pressure (bar)
   -4.76987e+02

           Step           Time
        1015000     2030.00000

   Energies (kJ/mol)
        LJ (SR)  Disper. corr.   Coulomb (SR)   Coul. recip.      Potential
    4.74353e+04   -1.98896e+03   -2.83515e+05    1.18650e+03   -2.36882e+05
    Kinetic En.   Total Energy  Conserved En.    Temperature Pres. DC (bar)
    3.74676e+04   -1.99415e+05   -1.35853e+05    2.73135e+02   -2.03512e+02
 Pressure (bar)
    4.86856e+02

           Step           Time
        1020000     2040.00000

   Energies (kJ/mol)
        LJ (SR)  Disper. corr.   Coulomb (SR)   Coul. recip.      Potential
    4.72819e+04   -1.97336e+03   -2.83666e+05    1.17816e+03   -2.37180e+05
    Kinetic En.   Total Energy  Conserved En.    Temperature Pres. DC (bar)
    3.75800e+04   -1.99600e+05   -1.35461e+05    2.73954e+02   -2.00334e+02
 Pressure (bar)
    1.95835e+02

           Step           Time
        1025000     2050.00000

   Energies (kJ/mol)
        LJ (SR)  Disper. corr.   Coulomb (SR)   Coul. recip.      Potential
    4.67428e+04   -1.98471e+03   -2.83169e+05    1.20138e+03   -2.37209e+05
    Kinetic En.   Total Energy  Conserved En.    Temperature Pres. DC (bar)
    3.73627e+04   -1.99846e+05   -1.35060e+05    2.72370e+02   -2.02643e+02
 Pressure (bar)
    1.86978e+02

           Step           Time
        1030000     2060.00000

   Energies (kJ/mol)
        LJ (SR)  Disper. corr.   Coulomb (SR)   Coul. recip.      Potential
    4.66671e+04   -1.96972e+03   -2.82583e+05    1.18492e+03   -2.36701e+05
    Kinetic En.   Total Energy  Conserved En.    Temperature Pres. DC (bar)
    3.78039e+04   -1.98897e+05   -1.34804e+05    2.75586e+02   -1.99596e+02
 Pressure (bar)
    1.35321e+02

           Step           Time
        1035000     2070.00000

   Energies (kJ/mol)
        LJ (SR)  Disper. corr.   Coulomb (SR)   Coul. recip.      Potential
    4.64044e+04   -1.98038e+03   -2.82884e+05    1.16773e+03   -2.37292e+05
    Kinetic En.   Total Energy  Conserved En.    Temperature Pres. DC (bar)
    3.70332e+04   -2.00259e+05   -1.34554e+05    2.69968e+02   -2.01760e+02
 Pressure (bar)
    2.16495e+00

           Step           Time
        1040000     2080.00000

   Energies (kJ/mol)
        LJ (SR)  Disper. corr.   Coulomb (SR)   Coul. recip.      Potential
    4.66873e+04   -1.98647e+03   -2.83129e+05    1.12322e+03   -2.37304e+05
    Kinetic En.   Total Energy  Conserved En.    Temperature Pres. DC (bar)
    3.73918e+04   -1.99913e+05   -1.34303e+05    2.72583e+02   -2.03002e+02
 Pressure (bar)
    1.47134e+02

           Step           Time
        1045000     2090.00000

   Energies (kJ/mol)
        LJ (SR)  Disper. corr.   Coulomb (SR)   Coul. recip.      Potential
    4.54347e+04   -1.96580e+03   -2.81341e+05    1.18014e+03   -2.36692e+05
    Kinetic En.   Total Energy  Conserved En.    Temperature Pres. DC (bar)
    3.69805e+04   -1.99712e+05   -1.33974e+05    2.69584e+02   -1.98803e+02
 Pressure (bar)
   -2.82309e+02

           Step           Time
        1050000     2100.00000

   Energies (kJ/mol)
        LJ (SR)  Disper. corr.   Coulomb (SR)   Coul. recip.      Potential
    4.57839e+04   -1.97301e+03   -2.82200e+05    1.16340e+03   -2.37226e+05
    Kinetic En.   Total Energy  Conserved En.    Temperature Pres. DC (bar)
    3.74563e+04   -1.99770e+05   -1.33761e+05    2.73052e+02   -2.00264e+02
 Pressure (bar)
   -1.87572e+02

           Step           Time
        1055000     2110.00000

   Energies (kJ/mol)
        LJ (SR)  Disper. corr.   Coulomb (SR)   Coul. recip.      Potential
    4.66627e+04   -1.97011e+03   -2.83189e+05    1.14791e+03   -2.37348e+05
    Kinetic En.   Total Energy  Conserved En.    Temperature Pres. DC (bar)
    3.75357e+04   -1.99813e+05   -1.33460e+05    2.73632e+02   -1.99676e+02
 Pressure (bar)
    1.72828e+01

           Step           Time
        1060000     2120.00000

   Energies (kJ/mol)
        LJ (SR)  Disper. corr.   Coulomb (SR)   Coul. recip.      Potential
    4.64814e+04   -1.96976e+03   -2.82442e+05    1.22631e+03   -2.36704e+05
    Kinetic En.   Total Energy  Conserved En.    Temperature Pres. DC (bar)
    3.77011e+04   -1.99003e+05   -1.33199e+05    2.74837e+02   -1.99604e+02
 Pressure (bar)
    8.24652e+01

           Step           Time
        1065000     2130.00000

   Energies (kJ/mol)
        LJ (SR)  Disper. corr.   Coulomb (SR)   Coul. recip.      Potential
    4.57135e+04   -1.96204e+03   -2.81574e+05    1.20109e+03   -2.36622e+05
    Kinetic En.   Total Energy  Conserved En.    Temperature Pres. DC (bar)
    3.71207e+04   -1.99501e+05   -1.32742e+05    2.70606e+02   -1.98045e+02
 Pressure (bar)
   -2.64871e+02

           Step           Time
        1070000     2140.00000

   Energies (kJ/mol)
        LJ (SR)  Disper. corr.   Coulomb (SR)   Coul. recip.      Potential
    4.63246e+04   -1.99045e+03   -2.83297e+05    1.16404e+03   -2.37798e+05
    Kinetic En.   Total Energy  Conserved En.    Temperature Pres. DC (bar)
    3.72924e+04   -2.00506e+05   -1.32382e+05    2.71858e+02   -2.03815e+02
 Pressure (bar)
   -1.38252e+01

           Step           Time
        1075000     2150.00000

   Energies (kJ/mol)
        LJ (SR)  Disper. corr.   Coulomb (SR)   Coul. recip.      Potential
    4.56913e+04   -1.97587e+03   -2.82512e+05    1.14517e+03   -2.37652e+05
    Kinetic En.   Total Energy  Conserved En.    Temperature Pres. DC (bar)
    3.75935e+04   -2.00058e+05   -1.32085e+05    2.74053e+02   -2.00844e+02
 Pressure (bar)
   -3.05650e+02

           Step           Time
        1080000     2160.00000

   Energies (kJ/mol)
        LJ (SR)  Disper. corr.   Coulomb (SR)   Coul. recip.      Potential
    4.67009e+04   -1.97852e+03   -2.82698e+05    1.12554e+03   -2.36850e+05
    Kinetic En.   Total Energy  Conserved En.    Temperature Pres. DC (bar)
    3.73918e+04   -1.99458e+05   -1.31768e+05    2.72583e+02   -2.01383e+02
 Pressure (bar)
    1.57242e+02

           Step           Time
        1085000     2170.00000

   Energies (kJ/mol)
        LJ (SR)  Disper. corr.   Coulomb (SR)   Coul. recip.      Potential
    4.64255e+04   -1.97452e+03   -2.82255e+05    1.17696e+03   -2.36627e+05
    Kinetic En.   Total Energy  Conserved En.    Temperature Pres. DC (bar)
    3.79191e+04   -1.98708e+05   -1.31489e+05    2.76427e+02   -2.00570e+02
 Pressure (bar)
    8.12274e+01

           Step           Time
        1090000     2180.00000

   Energies (kJ/mol)
        LJ (SR)  Disper. corr.   Coulomb (SR)   Coul. recip.      Potential
    4.59888e+04   -1.98541e+03   -2.81691e+05    1.13506e+03   -2.36553e+05
    Kinetic En.   Total Energy  Conserved En.    Temperature Pres. DC (bar)
    3.77976e+04   -1.98755e+05   -1.31198e+05    2.75541e+02   -2.02786e+02
 Pressure (bar)
    3.14343e+01

           Step           Time
        1095000     2190.00000

   Energies (kJ/mol)
        LJ (SR)  Disper. corr.   Coulomb (SR)   Coul. recip.      Potential
    4.66590e+04   -1.97438e+03   -2.82266e+05    1.21694e+03   -2.36364e+05
    Kinetic En.   Total Energy  Conserved En.    Temperature Pres. DC (bar)
    3.73308e+04   -1.99033e+05   -1.30939e+05    2.72138e+02   -2.00541e+02
 Pressure (bar)
    2.16425e+02

           Step           Time
        1100000     2200.00000

   Energies (kJ/mol)
        LJ (SR)  Disper. corr.   Coulomb (SR)   Coul. recip.      Potential
    4.58688e+04   -1.96922e+03   -2.81871e+05    1.17173e+03   -2.36800e+05
    Kinetic En.   Total Energy  Conserved En.    Temperature Pres. DC (bar)
    3.73638e+04   -1.99436e+05   -1.30554e+05    2.72378e+02   -1.99496e+02
 Pressure (bar)
   -1.44731e+02

           Step           Time
        1105000     2210.00000

   Energies (kJ/mol)
        LJ (SR)  Disper. corr.   Coulomb (SR)   Coul. recip.      Potential
    4.65449e+04   -1.97536e+03   -2.82183e+05    1.17930e+03   -2.36434e+05
    Kinetic En.   Total Energy  Conserved En.    Temperature Pres. DC (bar)
    3.74813e+04   -1.98953e+05   -1.30287e+05    2.73235e+02   -2.00739e+02
 Pressure (bar)
    1.53273e+02

           Step           Time
        1110000     2220.00000

   Energies (kJ/mol)
        LJ (SR)  Disper. corr.   Coulomb (SR)   Coul. recip.      Potential
    4.68723e+04   -1.97482e+03   -2.83515e+05    1.22285e+03   -2.37394e+05
    Kinetic En.   Total Energy  Conserved En.    Temperature Pres. DC (bar)
    3.76448e+04   -1.99750e+05   -1.29897e+05    2.74426e+02   -2.00631e+02
 Pressure (bar)
    9.09384e+01

           Step           Time
        1115000     2230.00000

   Energies (kJ/mol)
        LJ (SR)  Disper. corr.   Coulomb (SR)   Coul. recip.      Potential
    4.57434e+04   -1.97100e+03   -2.81351e+05    1.27987e+03   -2.36298e+05
    Kinetic En.   Total Energy  Conserved En.    Temperature Pres. DC (bar)
    3.63498e+04   -1.99949e+05   -1.29653e+05    2.64986e+02   -1.99856e+02
 Pressure (bar)
   -1.95960e+02

           Step           Time
        1120000     2240.00000

   Energies (kJ/mol)
        LJ (SR)  Disper. corr.   Coulomb (SR)   Coul. recip.      Potential
    4.64560e+04   -1.98590e+03   -2.82736e+05    1.15241e+03   -2.37114e+05
    Kinetic En.   Total Energy  Conserved En.    Temperature Pres. DC (bar)
    3.76778e+04   -1.99436e+05   -1.29395e+05    2.74667e+02   -2.02887e+02
 Pressure (bar)
    1.14406e+02

           Step           Time
        1125000     2250.00000

   Energies (kJ/mol)
        LJ (SR)  Disper. corr.   Coulomb (SR)   Coul. recip.      Potential
    4.65444e+04   -1.97881e+03   -2.82503e+05    1.12196e+03   -2.36815e+05
    Kinetic En.   Total Energy  Conserved En.    Temperature Pres. DC (bar)
    3.73022e+04   -1.99513e+05   -1.29155e+05    2.71929e+02   -2.01442e+02
 Pressure (bar)
    7.32932e+01

           Step           Time
        1130000     2260.00000

   Energies (kJ/mol)
        LJ (SR)  Disper. corr.   Coulomb (SR)   Coul. recip.      Potential
    4.57637e+04   -1.96744e+03   -2.81507e+05    1.18446e+03   -2.36526e+05
    Kinetic En.   Total Energy  Conserved En.    Temperature Pres. DC (bar)
    3.81909e+04   -1.98335e+05   -1.28886e+05    2.78408e+02   -1.99136e+02
 Pressure (bar)
   -1.71038e+02

           Step           Time
        1135000     2270.00000

   Energies (kJ/mol)
        LJ (SR)  Disper. corr.   Coulomb (SR)   Coul. recip.      Potential
    4.65896e+04   -1.97300e+03   -2.83568e+05    1.14487e+03   -2.37806e+05
    Kinetic En.   Total Energy  Conserved En.    Temperature Pres. DC (bar)
    3.72459e+04   -2.00560e+05   -1.28566e+05    2.71518e+02   -2.00262e+02
 Pressure (bar)
   -1.39773e+01

           Step           Time
        1140000     2280.00000

   Energies (kJ/mol)
        LJ (SR)  Disper. corr.   Coulomb (SR)   Coul. recip.      Potential
    4.62949e+04   -1.97194e+03   -2.82520e+05    1.21052e+03   -2.36987e+05
    Kinetic En.   Total Energy  Conserved En.    Temperature Pres. DC (bar)
    3.77739e+04   -1.99213e+05   -1.28309e+05    2.75368e+02   -2.00047e+02
 Pressure (bar)
    1.87125e+01

Writing checkpoint, step 1143900 at Sat Mar 15 10:58:09 2025


           Step           Time
        1145000     2290.00000

   Energies (kJ/mol)
        LJ (SR)  Disper. corr.   Coulomb (SR)   Coul. recip.      Potential
    4.61862e+04   -1.96466e+03   -2.82423e+05    1.19362e+03   -2.37008e+05
    Kinetic En.   Total Energy  Conserved En.    Temperature Pres. DC (bar)
    3.77891e+04   -1.99218e+05   -1.27994e+05    2.75478e+02   -1.98573e+02
 Pressure (bar)
   -9.43266e+01

           Step           Time
        1150000     2300.00000

   Energies (kJ/mol)
        LJ (SR)  Disper. corr.   Coulomb (SR)   Coul. recip.      Potential
    4.57133e+04   -1.97099e+03   -2.81737e+05    1.12770e+03   -2.36867e+05
    Kinetic En.   Total Energy  Conserved En.    Temperature Pres. DC (bar)
    3.73245e+04   -1.99543e+05   -1.27717e+05    2.72092e+02   -1.99854e+02
 Pressure (bar)
   -2.05137e+02

           Step           Time
        1155000     2310.00000

   Energies (kJ/mol)
        LJ (SR)  Disper. corr.   Coulomb (SR)   Coul. recip.      Potential
    4.60062e+04   -1.97385e+03   -2.81988e+05    1.17725e+03   -2.36778e+05
    Kinetic En.   Total Energy  Conserved En.    Temperature Pres. DC (bar)
    3.76851e+04   -1.99093e+05   -1.27431e+05    2.74720e+02   -2.00434e+02
 Pressure (bar)
   -4.59650e+01

           Step           Time
        1160000     2320.00000

   Energies (kJ/mol)
        LJ (SR)  Disper. corr.   Coulomb (SR)   Coul. recip.      Potential
    4.58962e+04   -1.98119e+03   -2.81343e+05    1.16155e+03   -2.36267e+05
    Kinetic En.   Total Energy  Conserved En.    Temperature Pres. DC (bar)
    3.72900e+04   -1.98977e+05   -1.27126e+05    2.71841e+02   -2.01925e+02
 Pressure (bar)
    3.36394e+01

           Step           Time
        1165000     2330.00000

   Energies (kJ/mol)
        LJ (SR)  Disper. corr.   Coulomb (SR)   Coul. recip.      Potential
    4.50096e+04   -1.95971e+03   -2.80794e+05    1.18381e+03   -2.36560e+05
    Kinetic En.   Total Energy  Conserved En.    Temperature Pres. DC (bar)
    3.73109e+04   -1.99249e+05   -1.26823e+05    2.71993e+02   -1.97574e+02
 Pressure (bar)
   -4.52938e+02

           Step           Time
        1170000     2340.00000

   Energies (kJ/mol)
        LJ (SR)  Disper. corr.   Coulomb (SR)   Coul. recip.      Potential
    4.63320e+04   -1.97420e+03   -2.82153e+05    1.21700e+03   -2.36578e+05
    Kinetic En.   Total Energy  Conserved En.    Temperature Pres. DC (bar)
    3.75636e+04   -1.99014e+05   -1.26543e+05    2.73835e+02   -2.00504e+02
 Pressure (bar)
    6.29239e+01

           Step           Time
        1175000     2350.00000

   Energies (kJ/mol)
        LJ (SR)  Disper. corr.   Coulomb (SR)   Coul. recip.      Potential
    4.62894e+04   -1.95984e+03   -2.82120e+05    1.17797e+03   -2.36613e+05
    Kinetic En.   Total Energy  Conserved En.    Temperature Pres. DC (bar)
    3.75410e+04   -1.99072e+05   -1.26205e+05    2.73670e+02   -1.97601e+02
 Pressure (bar)
   -4.12200e+01

           Step           Time
        1180000     2360.00000

   Energies (kJ/mol)
        LJ (SR)  Disper. corr.   Coulomb (SR)   Coul. recip.      Potential
    4.64783e+04   -1.96575e+03   -2.83373e+05    1.10154e+03   -2.37759e+05
    Kinetic En.   Total Energy  Conserved En.    Temperature Pres. DC (bar)
    3.70468e+04   -2.00712e+05   -1.25971e+05    2.70067e+02   -1.98794e+02
 Pressure (bar)
   -1.28078e+02

           Step           Time
        1185000     2370.00000

   Energies (kJ/mol)
        LJ (SR)  Disper. corr.   Coulomb (SR)   Coul. recip.      Potential
    4.57013e+04   -1.96465e+03   -2.82188e+05    1.18179e+03   -2.37269e+05
    Kinetic En.   Total Energy  Conserved En.    Temperature Pres. DC (bar)
    3.72641e+04   -2.00005e+05   -1.25619e+05    2.71652e+02   -1.98572e+02
 Pressure (bar)
   -3.19121e+02

           Step           Time
        1190000     2380.00000

   Energies (kJ/mol)
        LJ (SR)  Disper. corr.   Coulomb (SR)   Coul. recip.      Potential
    4.68589e+04   -1.97753e+03   -2.83382e+05    1.15301e+03   -2.37348e+05
    Kinetic En.   Total Energy  Conserved En.    Temperature Pres. DC (bar)
    3.74963e+04   -1.99851e+05   -1.25181e+05    2.73344e+02   -2.01181e+02
 Pressure (bar)
    1.51976e+02

           Step           Time
        1195000     2390.00000

   Energies (kJ/mol)
        LJ (SR)  Disper. corr.   Coulomb (SR)   Coul. recip.      Potential
    4.68431e+04   -1.97937e+03   -2.83367e+05    1.18774e+03   -2.37316e+05
    Kinetic En.   Total Energy  Conserved En.    Temperature Pres. DC (bar)
    3.71038e+04   -2.00212e+05   -1.24815e+05    2.70483e+02   -2.01555e+02
 Pressure (bar)
    1.44228e+02

           Step           Time
        1200000     2400.00000

   Energies (kJ/mol)
        LJ (SR)  Disper. corr.   Coulomb (SR)   Coul. recip.      Potential
    4.58756e+04   -1.95712e+03   -2.81716e+05    1.20762e+03   -2.36590e+05
    Kinetic En.   Total Energy  Conserved En.    Temperature Pres. DC (bar)
    3.73531e+04   -1.99236e+05   -1.24451e+05    2.72300e+02   -1.97053e+02
 Pressure (bar)
   -2.28168e+02

           Step           Time
        1205000     2410.00000

   Energies (kJ/mol)
        LJ (SR)  Disper. corr.   Coulomb (SR)   Coul. recip.      Potential
    4.62607e+04   -1.97558e+03   -2.82031e+05    1.16431e+03   -2.36582e+05
    Kinetic En.   Total Energy  Conserved En.    Temperature Pres. DC (bar)
    3.79357e+04   -1.98646e+05   -1.24175e+05    2.76548e+02   -2.00785e+02
 Pressure (bar)
    7.90452e+01

           Step           Time
        1210000     2420.00000

   Energies (kJ/mol)
        LJ (SR)  Disper. corr.   Coulomb (SR)   Coul. recip.      Potential
    4.64518e+04   -1.98180e+03   -2.83030e+05    1.17489e+03   -2.37385e+05
    Kinetic En.   Total Energy  Conserved En.    Temperature Pres. DC (bar)
    3.74316e+04   -1.99953e+05   -1.23885e+05    2.72873e+02   -2.02050e+02
 Pressure (bar)
    6.50838e+01

           Step           Time
        1215000     2430.00000

   Energies (kJ/mol)
        LJ (SR)  Disper. corr.   Coulomb (SR)   Coul. recip.      Potential
    4.63429e+04   -1.97975e+03   -2.82336e+05    1.14738e+03   -2.36826e+05
    Kinetic En.   Total Energy  Conserved En.    Temperature Pres. DC (bar)
    3.77758e+04   -1.99050e+05   -1.23605e+05    2.75382e+02   -2.01632e+02
 Pressure (bar)
    4.43315e+01

           Step           Time
        1220000     2440.00000

   Energies (kJ/mol)
        LJ (SR)  Disper. corr.   Coulomb (SR)   Coul. recip.      Potential
    4.62235e+04   -1.98283e+03   -2.82376e+05    1.17208e+03   -2.36964e+05
    Kinetic En.   Total Energy  Conserved En.    Temperature Pres. DC (bar)
    3.74586e+04   -1.99505e+05   -1.23349e+05    2.73069e+02   -2.02259e+02
 Pressure (bar)
    1.17997e+01

           Step           Time
        1225000     2450.00000

   Energies (kJ/mol)
        LJ (SR)  Disper. corr.   Coulomb (SR)   Coul. recip.      Potential
    4.69299e+04   -1.97265e+03   -2.83538e+05    1.16610e+03   -2.37415e+05
    Kinetic En.   Total Energy  Conserved En.    Temperature Pres. DC (bar)
    3.74094e+04   -2.00005e+05   -1.23062e+05    2.72711e+02   -2.00191e+02
 Pressure (bar)
    1.14559e+02

           Step           Time
        1230000     2460.00000

   Energies (kJ/mol)
        LJ (SR)  Disper. corr.   Coulomb (SR)   Coul. recip.      Potential
    4.63461e+04   -1.97112e+03   -2.82553e+05    1.13005e+03   -2.37048e+05
    Kinetic En.   Total Energy  Conserved En.    Temperature Pres. DC (bar)
    3.74845e+04   -1.99563e+05   -1.22681e+05    2.73258e+02   -1.99881e+02
 Pressure (bar)
   -3.59834e+01

           Step           Time
        1235000     2470.00000

   Energies (kJ/mol)
        LJ (SR)  Disper. corr.   Coulomb (SR)   Coul. recip.      Potential
    4.67910e+04   -1.97518e+03   -2.83169e+05    1.18740e+03   -2.37166e+05
    Kinetic En.   Total Energy  Conserved En.    Temperature Pres. DC (bar)
    3.75025e+04   -1.99663e+05   -1.22363e+05    2.73389e+02   -2.00704e+02
 Pressure (bar)
    1.43800e+02

           Step           Time
        1240000     2480.00000

   Energies (kJ/mol)
        LJ (SR)  Disper. corr.   Coulomb (SR)   Coul. recip.      Potential
    4.68783e+04   -1.95739e+03   -2.83416e+05    1.16054e+03   -2.37334e+05
    Kinetic En.   Total Energy  Conserved En.    Temperature Pres. DC (bar)
    3.76924e+04   -1.99642e+05   -1.22053e+05    2.74774e+02   -1.97109e+02
 Pressure (bar)
   -5.41206e+01

           Step           Time
        1245000     2490.00000

   Energies (kJ/mol)
        LJ (SR)  Disper. corr.   Coulomb (SR)   Coul. recip.      Potential
    4.60688e+04   -1.97530e+03   -2.83035e+05    1.14741e+03   -2.37794e+05
    Kinetic En.   Total Energy  Conserved En.    Temperature Pres. DC (bar)
    3.73967e+04   -2.00398e+05   -1.21517e+05    2.72618e+02   -2.00728e+02
 Pressure (bar)
   -1.90591e+02

           Step           Time
        1250000     2500.00000

   Energies (kJ/mol)
        LJ (SR)  Disper. corr.   Coulomb (SR)   Coul. recip.      Potential
    4.61471e+04   -1.98037e+03   -2.82731e+05    1.18198e+03   -2.37382e+05
    Kinetic En.   Total Energy  Conserved En.    Temperature Pres. DC (bar)
    3.73499e+04   -2.00033e+05   -1.21218e+05    2.72277e+02   -2.01760e+02
 Pressure (bar)
   -8.66715e+01

           Step           Time
        1255000     2510.00000

   Energies (kJ/mol)
        LJ (SR)  Disper. corr.   Coulomb (SR)   Coul. recip.      Potential
    4.60900e+04   -1.95772e+03   -2.83195e+05    1.18488e+03   -2.37878e+05
    Kinetic En.   Total Energy  Conserved En.    Temperature Pres. DC (bar)
    3.74065e+04   -2.00471e+05   -1.20957e+05    2.72689e+02   -1.97174e+02
 Pressure (bar)
   -3.15225e+02

           Step           Time
        1260000     2520.00000

   Energies (kJ/mol)
        LJ (SR)  Disper. corr.   Coulomb (SR)   Coul. recip.      Potential
    4.52384e+04   -1.94689e+03   -2.80834e+05    1.20747e+03   -2.36336e+05
    Kinetic En.   Total Energy  Conserved En.    Temperature Pres. DC (bar)
    3.74431e+04   -1.98892e+05   -1.20596e+05    2.72956e+02   -1.95000e+02
 Pressure (bar)
   -4.98243e+02

           Step           Time
        1265000     2530.00000

   Energies (kJ/mol)
        LJ (SR)  Disper. corr.   Coulomb (SR)   Coul. recip.      Potential
    4.64293e+04   -1.98946e+03   -2.82772e+05    1.16317e+03   -2.37169e+05
    Kinetic En.   Total Energy  Conserved En.    Temperature Pres. DC (bar)
    3.75683e+04   -1.99601e+05   -1.20266e+05    2.73869e+02   -2.03614e+02
 Pressure (bar)
    1.44356e+02

           Step           Time
        1270000     2540.00000

   Energies (kJ/mol)
        LJ (SR)  Disper. corr.   Coulomb (SR)   Coul. recip.      Potential
    4.65005e+04   -1.95766e+03   -2.82459e+05    1.16056e+03   -2.36756e+05
    Kinetic En.   Total Energy  Conserved En.    Temperature Pres. DC (bar)
    3.77838e+04   -1.98972e+05   -1.19808e+05    2.75440e+02   -1.97162e+02
 Pressure (bar)
   -3.67419e+01

           Step           Time
        1275000     2550.00000

   Energies (kJ/mol)
        LJ (SR)  Disper. corr.   Coulomb (SR)   Coul. recip.      Potential
    4.52373e+04   -1.96710e+03   -2.81116e+05    1.20227e+03   -2.36643e+05
    Kinetic En.   Total Energy  Conserved En.    Temperature Pres. DC (bar)
    3.75313e+04   -1.99112e+05   -1.19524e+05    2.73600e+02   -1.99066e+02
 Pressure (bar)
   -3.41362e+02

           Step           Time
        1280000     2560.00000

   Energies (kJ/mol)
        LJ (SR)  Disper. corr.   Coulomb (SR)   Coul. recip.      Potential
    4.51941e+04   -1.96359e+03   -2.80706e+05    1.22395e+03   -2.36252e+05
    Kinetic En.   Total Energy  Conserved En.    Temperature Pres. DC (bar)
    3.72808e+04   -1.98971e+05   -1.19175e+05    2.71773e+02   -1.98358e+02
 Pressure (bar)
   -4.12784e+02

           Step           Time
        1285000     2570.00000

   Energies (kJ/mol)
        LJ (SR)  Disper. corr.   Coulomb (SR)   Coul. recip.      Potential
    4.67628e+04   -1.99498e+03   -2.82997e+05    1.12860e+03   -2.37100e+05
    Kinetic En.   Total Energy  Conserved En.    Temperature Pres. DC (bar)
    3.78343e+04   -1.99266e+05   -1.18830e+05    2.75808e+02   -2.04743e+02
 Pressure (bar)
    3.43830e+02

           Step           Time
        1290000     2580.00000

   Energies (kJ/mol)
        LJ (SR)  Disper. corr.   Coulomb (SR)   Coul. recip.      Potential
    4.62941e+04   -1.97092e+03   -2.83233e+05    1.13851e+03   -2.37772e+05
    Kinetic En.   Total Energy  Conserved En.    Temperature Pres. DC (bar)
    3.76568e+04   -2.00115e+05   -1.18500e+05    2.74514e+02   -1.99839e+02
 Pressure (bar)
   -1.54106e+02

           Step           Time
        1295000     2590.00000

   Energies (kJ/mol)
        LJ (SR)  Disper. corr.   Coulomb (SR)   Coul. recip.      Potential
    4.67288e+04   -1.97170e+03   -2.82934e+05    1.18364e+03   -2.36993e+05
    Kinetic En.   Total Energy  Conserved En.    Temperature Pres. DC (bar)
    3.72519e+04   -1.99741e+05   -1.18150e+05    2.71563e+02   -1.99998e+02
 Pressure (bar)
    1.07680e+02

           Step           Time
        1300000     2600.00000

   Energies (kJ/mol)
        LJ (SR)  Disper. corr.   Coulomb (SR)   Coul. recip.      Potential
    4.58558e+04   -1.97091e+03   -2.81985e+05    1.20350e+03   -2.36896e+05
    Kinetic En.   Total Energy  Conserved En.    Temperature Pres. DC (bar)
    3.77213e+04   -1.99175e+05   -1.17918e+05    2.74984e+02   -1.99837e+02
 Pressure (bar)
   -1.48482e+02

Writing checkpoint, step 1300550 at Sat Mar 15 11:13:10 2025


           Step           Time
        1305000     2610.00000

   Energies (kJ/mol)
        LJ (SR)  Disper. corr.   Coulomb (SR)   Coul. recip.      Potential
    4.56039e+04   -1.95727e+03   -2.81861e+05    1.20132e+03   -2.37014e+05
    Kinetic En.   Total Energy  Conserved En.    Temperature Pres. DC (bar)
    3.70982e+04   -1.99915e+05   -1.17627e+05    2.70442e+02   -1.97084e+02
 Pressure (bar)
   -3.86067e+02

           Step           Time
        1310000     2620.00000

   Energies (kJ/mol)
        LJ (SR)  Disper. corr.   Coulomb (SR)   Coul. recip.      Potential
    4.61336e+04   -1.97525e+03   -2.82075e+05    1.20993e+03   -2.36707e+05
    Kinetic En.   Total Energy  Conserved En.    Temperature Pres. DC (bar)
    3.72209e+04   -1.99486e+05   -1.17334e+05    2.71336e+02   -2.00719e+02
 Pressure (bar)
   -2.00751e+01

           Step           Time
        1315000     2630.00000

   Energies (kJ/mol)
        LJ (SR)  Disper. corr.   Coulomb (SR)   Coul. recip.      Potential
    4.54403e+04   -1.96562e+03   -2.80701e+05    1.18264e+03   -2.36043e+05
    Kinetic En.   Total Energy  Conserved En.    Temperature Pres. DC (bar)
    3.71519e+04   -1.98892e+05   -1.16889e+05    2.70833e+02   -1.98767e+02
 Pressure (bar)
   -1.86120e+02

           Step           Time
        1320000     2640.00000

   Energies (kJ/mol)
        LJ (SR)  Disper. corr.   Coulomb (SR)   Coul. recip.      Potential
    4.67731e+04   -1.97937e+03   -2.83702e+05    1.19436e+03   -2.37714e+05
    Kinetic En.   Total Energy  Conserved En.    Temperature Pres. DC (bar)
    3.69702e+04   -2.00744e+05   -1.16570e+05    2.69509e+02   -2.01556e+02
 Pressure (bar)
    4.27786e+01

           Step           Time
        1325000     2650.00000

   Energies (kJ/mol)
        LJ (SR)  Disper. corr.   Coulomb (SR)   Coul. recip.      Potential
    4.61122e+04   -1.96292e+03   -2.82547e+05    1.17457e+03   -2.37223e+05
    Kinetic En.   Total Energy  Conserved En.    Temperature Pres. DC (bar)
    3.74155e+04   -1.99807e+05   -1.16313e+05    2.72755e+02   -1.98223e+02
 Pressure (bar)
   -1.87883e+02

           Step           Time
        1330000     2660.00000

   Energies (kJ/mol)
        LJ (SR)  Disper. corr.   Coulomb (SR)   Coul. recip.      Potential
    4.67538e+04   -1.95710e+03   -2.83524e+05    1.12093e+03   -2.37606e+05
    Kinetic En.   Total Energy  Conserved En.    Temperature Pres. DC (bar)
    3.74332e+04   -2.00173e+05   -1.16060e+05    2.72884e+02   -1.97049e+02
 Pressure (bar)
   -3.71255e+01

           Step           Time
        1335000     2670.00000

   Energies (kJ/mol)
        LJ (SR)  Disper. corr.   Coulomb (SR)   Coul. recip.      Potential
    4.70006e+04   -1.96681e+03   -2.83490e+05    1.17013e+03   -2.37286e+05
    Kinetic En.   Total Energy  Conserved En.    Temperature Pres. DC (bar)
    3.73135e+04   -1.99973e+05   -1.15787e+05    2.72012e+02   -1.99008e+02
 Pressure (bar)
    7.63104e+01

           Step           Time
        1340000     2680.00000

   Energies (kJ/mol)
        LJ (SR)  Disper. corr.   Coulomb (SR)   Coul. recip.      Potential
    4.64880e+04   -1.97572e+03   -2.83120e+05    1.14939e+03   -2.37458e+05
    Kinetic En.   Total Energy  Conserved En.    Temperature Pres. DC (bar)
    3.70615e+04   -2.00396e+05   -1.15438e+05    2.70175e+02   -2.00813e+02
 Pressure (bar)
    3.30909e+01

           Step           Time
        1345000     2690.00000

   Energies (kJ/mol)
        LJ (SR)  Disper. corr.   Coulomb (SR)   Coul. recip.      Potential
    4.62818e+04   -1.96240e+03   -2.81933e+05    1.25778e+03   -2.36356e+05
    Kinetic En.   Total Energy  Conserved En.    Temperature Pres. DC (bar)
    3.76273e+04   -1.98729e+05   -1.15176e+05    2.74299e+02   -1.98117e+02
 Pressure (bar)
    1.38331e+01

           Step           Time
        1350000     2700.00000

   Energies (kJ/mol)
        LJ (SR)  Disper. corr.   Coulomb (SR)   Coul. recip.      Potential
    4.74051e+04   -1.98382e+03   -2.84626e+05    1.20018e+03   -2.38005e+05
    Kinetic En.   Total Energy  Conserved En.    Temperature Pres. DC (bar)
    3.71701e+04   -2.00835e+05   -1.14832e+05    2.70966e+02   -2.02461e+02
 Pressure (bar)
    2.60141e+02

           Step           Time
        1355000     2710.00000

   Energies (kJ/mol)
        LJ (SR)  Disper. corr.   Coulomb (SR)   Coul. recip.      Potential
    4.63269e+04   -1.97873e+03   -2.82828e+05    1.21766e+03   -2.37263e+05
    Kinetic En.   Total Energy  Conserved En.    Temperature Pres. DC (bar)
    3.79650e+04   -1.99297e+05   -1.14517e+05    2.76761e+02   -2.01425e+02
 Pressure (bar)
   -2.94931e+00

           Step           Time
        1360000     2720.00000

   Energies (kJ/mol)
        LJ (SR)  Disper. corr.   Coulomb (SR)   Coul. recip.      Potential
    4.61102e+04   -1.97358e+03   -2.82411e+05    1.21181e+03   -2.37063e+05
    Kinetic En.   Total Energy  Conserved En.    Temperature Pres. DC (bar)
    3.76156e+04   -1.99447e+05   -1.14186e+05    2.74214e+02   -2.00380e+02
 Pressure (bar)
   -1.06570e+02

           Step           Time
        1365000     2730.00000

   Energies (kJ/mol)
        LJ (SR)  Disper. corr.   Coulomb (SR)   Coul. recip.      Potential
    4.54012e+04   -1.97834e+03   -2.81324e+05    1.12175e+03   -2.36779e+05
    Kinetic En.   Total Energy  Conserved En.    Temperature Pres. DC (bar)
    3.71416e+04   -1.99637e+05   -1.13884e+05    2.70759e+02   -2.01347e+02
 Pressure (bar)
   -2.60935e+02

           Step           Time
        1370000     2740.00000

   Energies (kJ/mol)
        LJ (SR)  Disper. corr.   Coulomb (SR)   Coul. recip.      Potential
    4.65016e+04   -1.97633e+03   -2.83103e+05    1.17962e+03   -2.37398e+05
    Kinetic En.   Total Energy  Conserved En.    Temperature Pres. DC (bar)
    3.74402e+04   -1.99958e+05   -1.13558e+05    2.72935e+02   -2.00937e+02
 Pressure (bar)
    2.86971e+01

           Step           Time
        1375000     2750.00000

   Energies (kJ/mol)
        LJ (SR)  Disper. corr.   Coulomb (SR)   Coul. recip.      Potential
    4.73351e+04   -1.97003e+03   -2.83563e+05    1.23310e+03   -2.36965e+05
    Kinetic En.   Total Energy  Conserved En.    Temperature Pres. DC (bar)
    3.74325e+04   -1.99532e+05   -1.13285e+05    2.72879e+02   -1.99660e+02
 Pressure (bar)
    3.42493e+02

           Step           Time
        1380000     2760.00000

   Energies (kJ/mol)
        LJ (SR)  Disper. corr.   Coulomb (SR)   Coul. recip.      Potential
    4.60966e+04   -1.99182e+03   -2.82571e+05    1.20150e+03   -2.37265e+05
    Kinetic En.   Total Energy  Conserved En.    Temperature Pres. DC (bar)
    3.70175e+04   -2.00247e+05   -1.13023e+05    2.69854e+02   -2.04098e+02
 Pressure (bar)
   -2.13645e+01

           Step           Time
        1385000     2770.00000

   Energies (kJ/mol)
        LJ (SR)  Disper. corr.   Coulomb (SR)   Coul. recip.      Potential
    4.63439e+04   -1.97022e+03   -2.82207e+05    1.16802e+03   -2.36666e+05
    Kinetic En.   Total Energy  Conserved En.    Temperature Pres. DC (bar)
    3.70163e+04   -1.99649e+05   -1.12771e+05    2.69845e+02   -1.99698e+02
 Pressure (bar)
   -8.94896e+00

           Step           Time
        1390000     2780.00000

   Energies (kJ/mol)
        LJ (SR)  Disper. corr.   Coulomb (SR)   Coul. recip.      Potential
    4.71880e+04   -1.97785e+03   -2.84163e+05    1.16292e+03   -2.37790e+05
    Kinetic En.   Total Energy  Conserved En.    Temperature Pres. DC (bar)
    3.76888e+04   -2.00101e+05   -1.12457e+05    2.74748e+02   -2.01246e+02
 Pressure (bar)
    1.48202e+02

           Step           Time
        1395000     2790.00000

   Energies (kJ/mol)
        LJ (SR)  Disper. corr.   Coulomb (SR)   Coul. recip.      Potential
    4.63415e+04   -1.96234e+03   -2.82540e+05    1.15197e+03   -2.37009e+05
    Kinetic En.   Total Energy  Conserved En.    Temperature Pres. DC (bar)
    3.74490e+04   -1.99560e+05   -1.12202e+05    2.72999e+02   -1.98106e+02
 Pressure (bar)
   -1.12287e+02

           Step           Time
        1400000     2800.00000

   Energies (kJ/mol)
        LJ (SR)  Disper. corr.   Coulomb (SR)   Coul. recip.      Potential
    4.59147e+04   -1.96027e+03   -2.81355e+05    1.18990e+03   -2.36211e+05
    Kinetic En.   Total Energy  Conserved En.    Temperature Pres. DC (bar)
    3.78527e+04   -1.98358e+05   -1.11854e+05    2.75942e+02   -1.97688e+02
 Pressure (bar)
   -1.38722e+02

           Step           Time
        1405000     2810.00000

   Energies (kJ/mol)
        LJ (SR)  Disper. corr.   Coulomb (SR)   Coul. recip.      Potential
    4.62371e+04   -1.97794e+03   -2.82402e+05    1.12285e+03   -2.37020e+05
    Kinetic En.   Total Energy  Conserved En.    Temperature Pres. DC (bar)
    3.76396e+04   -1.99380e+05   -1.11560e+05    2.74389e+02   -2.01265e+02
 Pressure (bar)
   -2.86463e+01

           Step           Time
        1410000     2820.00000

   Energies (kJ/mol)
        LJ (SR)  Disper. corr.   Coulomb (SR)   Coul. recip.      Potential
    4.64057e+04   -1.97043e+03   -2.82949e+05    1.15436e+03   -2.37359e+05
    Kinetic En.   Total Energy  Conserved En.    Temperature Pres. DC (bar)
    3.76406e+04   -1.99719e+05   -1.11223e+05    2.74396e+02   -1.99740e+02
 Pressure (bar)
   -6.02084e+01

           Step           Time
        1415000     2830.00000

   Energies (kJ/mol)
        LJ (SR)  Disper. corr.   Coulomb (SR)   Coul. recip.      Potential
    4.65202e+04   -1.98031e+03   -2.82588e+05    1.21280e+03   -2.36835e+05
    Kinetic En.   Total Energy  Conserved En.    Temperature Pres. DC (bar)
    3.71547e+04   -1.99681e+05   -1.10905e+05    2.70854e+02   -2.01747e+02
 Pressure (bar)
    1.34310e+02

           Step           Time
        1420000     2840.00000

   Energies (kJ/mol)
        LJ (SR)  Disper. corr.   Coulomb (SR)   Coul. recip.      Potential
    4.57774e+04   -1.96562e+03   -2.81570e+05    1.22173e+03   -2.36537e+05
    Kinetic En.   Total Energy  Conserved En.    Temperature Pres. DC (bar)
    3.70063e+04   -1.99530e+05   -1.10420e+05    2.69772e+02   -1.98767e+02
 Pressure (bar)
   -2.70942e+02

           Step           Time
        1425000     2850.00000

   Energies (kJ/mol)
        LJ (SR)  Disper. corr.   Coulomb (SR)   Coul. recip.      Potential
    4.64310e+04   -1.96974e+03   -2.81572e+05    1.24139e+03   -2.35869e+05
    Kinetic En.   Total Energy  Conserved En.    Temperature Pres. DC (bar)
    3.73786e+04   -1.98491e+05   -1.10118e+05    2.72486e+02   -1.99602e+02
 Pressure (bar)
    1.43042e+02

           Step           Time
        1430000     2860.00000

   Energies (kJ/mol)
        LJ (SR)  Disper. corr.   Coulomb (SR)   Coul. recip.      Potential
    4.76990e+04   -1.97601e+03   -2.84426e+05    1.18781e+03   -2.37516e+05
    Kinetic En.   Total Energy  Conserved En.    Temperature Pres. DC (bar)
    3.78281e+04   -1.99687e+05   -1.09742e+05    2.75763e+02   -2.00872e+02
 Pressure (bar)
    3.90152e+02

           Step           Time
        1435000     2870.00000

   Energies (kJ/mol)
        LJ (SR)  Disper. corr.   Coulomb (SR)   Coul. recip.      Potential
    4.68445e+04   -1.97571e+03   -2.83179e+05    1.18062e+03   -2.37130e+05
    Kinetic En.   Total Energy  Conserved En.    Temperature Pres. DC (bar)
    3.77700e+04   -1.99360e+05   -1.09381e+05    2.75339e+02   -2.00812e+02
 Pressure (bar)
    2.04993e+02

           Step           Time
        1440000     2880.00000

   Energies (kJ/mol)
        LJ (SR)  Disper. corr.   Coulomb (SR)   Coul. recip.      Potential
    4.58907e+04   -1.96981e+03   -2.81630e+05    1.14638e+03   -2.36563e+05
    Kinetic En.   Total Energy  Conserved En.    Temperature Pres. DC (bar)
    3.76049e+04   -1.98958e+05   -1.08971e+05    2.74136e+02   -1.99615e+02
 Pressure (bar)
   -9.53313e+01

           Step           Time
        1445000     2890.00000

   Energies (kJ/mol)
        LJ (SR)  Disper. corr.   Coulomb (SR)   Coul. recip.      Potential
    4.62456e+04   -1.96584e+03   -2.83255e+05    1.15072e+03   -2.37825e+05
    Kinetic En.   Total Energy  Conserved En.    Temperature Pres. DC (bar)
    3.70470e+04   -2.00778e+05   -1.08656e+05    2.70069e+02   -1.98812e+02
 Pressure (bar)
   -1.73694e+02

           Step           Time
        1450000     2900.00000

   Energies (kJ/mol)
        LJ (SR)  Disper. corr.   Coulomb (SR)   Coul. recip.      Potential
    4.62211e+04   -1.98032e+03   -2.81293e+05    1.14857e+03   -2.35903e+05
    Kinetic En.   Total Energy  Conserved En.    Temperature Pres. DC (bar)
    3.76575e+04   -1.98246e+05   -1.08334e+05    2.74520e+02   -2.01748e+02
 Pressure (bar)
    1.57157e+02

           Step           Time
        1455000     2910.00000

   Energies (kJ/mol)
        LJ (SR)  Disper. corr.   Coulomb (SR)   Coul. recip.      Potential
    4.69800e+04   -1.97293e+03   -2.83798e+05    1.12867e+03   -2.37662e+05
    Kinetic En.   Total Energy  Conserved En.    Temperature Pres. DC (bar)
    3.77224e+04   -1.99940e+05   -1.07964e+05    2.74992e+02   -2.00247e+02
 Pressure (bar)
    1.34420e+02

           Step           Time
        1460000     2920.00000

   Energies (kJ/mol)
        LJ (SR)  Disper. corr.   Coulomb (SR)   Coul. recip.      Potential
    4.62590e+04   -1.98449e+03   -2.82598e+05    1.11857e+03   -2.37205e+05
    Kinetic En.   Total Energy  Conserved En.    Temperature Pres. DC (bar)
    3.76895e+04   -1.99516e+05   -1.07610e+05    2.74752e+02   -2.02599e+02
 Pressure (bar)
    1.66171e+01

           Step           Time
        1465000     2930.00000

   Energies (kJ/mol)
        LJ (SR)  Disper. corr.   Coulomb (SR)   Coul. recip.      Potential
    4.66999e+04   -1.95873e+03   -2.83086e+05    1.18280e+03   -2.37162e+05
    Kinetic En.   Total Energy  Conserved En.    Temperature Pres. DC (bar)
    3.73678e+04   -1.99794e+05   -1.07256e+05    2.72408e+02   -1.97378e+02
 Pressure (bar)
   -4.32906e+01

Writing checkpoint, step 1466500 at Sat Mar 15 11:28:10 2025


           Step           Time
        1470000     2940.00000

   Energies (kJ/mol)
        LJ (SR)  Disper. corr.   Coulomb (SR)   Coul. recip.      Potential
    4.61811e+04   -1.94967e+03   -2.82106e+05    1.14191e+03   -2.36732e+05
    Kinetic En.   Total Energy  Conserved En.    Temperature Pres. DC (bar)
    3.77589e+04   -1.98973e+05   -1.06936e+05    2.75259e+02   -1.95557e+02
 Pressure (bar)
   -1.85988e+02

           Step           Time
        1475000     2950.00000

   Energies (kJ/mol)
        LJ (SR)  Disper. corr.   Coulomb (SR)   Coul. recip.      Potential
    4.58267e+04   -1.97102e+03   -2.82453e+05    1.16028e+03   -2.37437e+05
    Kinetic En.   Total Energy  Conserved En.    Temperature Pres. DC (bar)
    3.77637e+04   -1.99674e+05   -1.06692e+05    2.75293e+02   -1.99860e+02
 Pressure (bar)
   -2.47591e+02

           Step           Time
        1480000     2960.00000

   Energies (kJ/mol)
        LJ (SR)  Disper. corr.   Coulomb (SR)   Coul. recip.      Potential
    4.60280e+04   -1.95088e+03   -2.81713e+05    1.17681e+03   -2.36459e+05
    Kinetic En.   Total Energy  Conserved En.    Temperature Pres. DC (bar)
    3.69371e+04   -1.99522e+05   -1.06422e+05    2.69267e+02   -1.95800e+02
 Pressure (bar)
   -2.58368e+02

           Step           Time
        1485000     2970.00000

   Energies (kJ/mol)
        LJ (SR)  Disper. corr.   Coulomb (SR)   Coul. recip.      Potential
    4.64388e+04   -1.97417e+03   -2.82965e+05    1.20340e+03   -2.37297e+05
    Kinetic En.   Total Energy  Conserved En.    Temperature Pres. DC (bar)
    3.75558e+04   -1.99741e+05   -1.06070e+05    2.73778e+02   -2.00499e+02
 Pressure (bar)
   -4.28634e+01

           Step           Time
        1490000     2980.00000

   Energies (kJ/mol)
        LJ (SR)  Disper. corr.   Coulomb (SR)   Coul. recip.      Potential
    4.59859e+04   -1.96309e+03   -2.81970e+05    1.16257e+03   -2.36785e+05
    Kinetic En.   Total Energy  Conserved En.    Temperature Pres. DC (bar)
    3.71416e+04   -1.99643e+05   -1.05749e+05    2.70759e+02   -1.98256e+02
 Pressure (bar)
   -1.90377e+02

           Step           Time
        1495000     2990.00000

   Energies (kJ/mol)
        LJ (SR)  Disper. corr.   Coulomb (SR)   Coul. recip.      Potential
    4.59822e+04   -1.97626e+03   -2.81897e+05    1.17283e+03   -2.36718e+05
    Kinetic En.   Total Energy  Conserved En.    Temperature Pres. DC (bar)
    3.75805e+04   -1.99137e+05   -1.05360e+05    2.73958e+02   -2.00924e+02
 Pressure (bar)
   -6.68915e+01

           Step           Time
        1500000     3000.00000

   Energies (kJ/mol)
        LJ (SR)  Disper. corr.   Coulomb (SR)   Coul. recip.      Potential
    4.68644e+04   -1.97264e+03   -2.83876e+05    1.16795e+03   -2.37816e+05
    Kinetic En.   Total Energy  Conserved En.    Temperature Pres. DC (bar)
    3.74414e+04   -2.00375e+05   -1.05008e+05    2.72944e+02   -2.00188e+02
 Pressure (bar)
    8.74951e+01

           Step           Time
        1505000     3010.00000

   Energies (kJ/mol)
        LJ (SR)  Disper. corr.   Coulomb (SR)   Coul. recip.      Potential
    4.61895e+04   -1.95839e+03   -2.82949e+05    1.17793e+03   -2.37540e+05
    Kinetic En.   Total Energy  Conserved En.    Temperature Pres. DC (bar)
    3.77594e+04   -1.99780e+05   -1.04675e+05    2.75262e+02   -1.97310e+02
 Pressure (bar)
   -2.69192e+02

           Step           Time
        1510000     3020.00000

   Energies (kJ/mol)
        LJ (SR)  Disper. corr.   Coulomb (SR)   Coul. recip.      Potential
    4.64523e+04   -1.96496e+03   -2.82653e+05    1.16085e+03   -2.37004e+05
    Kinetic En.   Total Energy  Conserved En.    Temperature Pres. DC (bar)
    3.69432e+04   -2.00061e+05   -1.04387e+05    2.69312e+02   -1.98635e+02
 Pressure (bar)
   -8.78218e+01

           Step           Time
        1515000     3030.00000

   Energies (kJ/mol)
        LJ (SR)  Disper. corr.   Coulomb (SR)   Coul. recip.      Potential
    4.60519e+04   -1.96731e+03   -2.81808e+05    1.21114e+03   -2.36512e+05
    Kinetic En.   Total Energy  Conserved En.    Temperature Pres. DC (bar)
    3.72713e+04   -1.99241e+05   -1.04064e+05    2.71704e+02   -1.99108e+02
 Pressure (bar)
   -8.46233e+01

           Step           Time
        1520000     3040.00000

   Energies (kJ/mol)
        LJ (SR)  Disper. corr.   Coulomb (SR)   Coul. recip.      Potential
    4.64862e+04   -1.96345e+03   -2.82482e+05    1.18230e+03   -2.36777e+05
    Kinetic En.   Total Energy  Conserved En.    Temperature Pres. DC (bar)
    3.73123e+04   -1.99465e+05   -1.03690e+05    2.72003e+02   -1.98329e+02
 Pressure (bar)
   -2.82048e+01

           Step           Time
        1525000     3050.00000

   Energies (kJ/mol)
        LJ (SR)  Disper. corr.   Coulomb (SR)   Coul. recip.      Potential
    4.60586e+04   -1.99099e+03   -2.81712e+05    1.16788e+03   -2.36477e+05
    Kinetic En.   Total Energy  Conserved En.    Temperature Pres. DC (bar)
    3.78346e+04   -1.98642e+05   -1.03348e+05    2.75811e+02   -2.03926e+02
 Pressure (bar)
    7.39904e+01

           Step           Time
        1530000     3060.00000

   Energies (kJ/mol)
        LJ (SR)  Disper. corr.   Coulomb (SR)   Coul. recip.      Potential
    4.74499e+04   -1.97312e+03   -2.84285e+05    1.16188e+03   -2.37647e+05
    Kinetic En.   Total Energy  Conserved En.    Temperature Pres. DC (bar)
    3.72404e+04   -2.00406e+05   -1.03002e+05    2.71479e+02   -2.00286e+02
 Pressure (bar)
    2.57797e+02

           Step           Time
        1535000     3070.00000

   Energies (kJ/mol)
        LJ (SR)  Disper. corr.   Coulomb (SR)   Coul. recip.      Potential
    4.55825e+04   -1.95461e+03   -2.80990e+05    1.16084e+03   -2.36201e+05
    Kinetic En.   Total Energy  Conserved En.    Temperature Pres. DC (bar)
    3.75787e+04   -1.98623e+05   -1.02728e+05    2.73945e+02   -1.96549e+02
 Pressure (bar)
   -2.91774e+02

           Step           Time
        1540000     3080.00000

   Energies (kJ/mol)
        LJ (SR)  Disper. corr.   Coulomb (SR)   Coul. recip.      Potential
    4.61174e+04   -1.97312e+03   -2.81876e+05    1.14792e+03   -2.36584e+05
    Kinetic En.   Total Energy  Conserved En.    Temperature Pres. DC (bar)
    3.73062e+04   -1.99278e+05   -1.02443e+05    2.71958e+02   -2.00286e+02
 Pressure (bar)
   -3.71597e+01

           Step           Time
        1545000     3090.00000

   Energies (kJ/mol)
        LJ (SR)  Disper. corr.   Coulomb (SR)   Coul. recip.      Potential
    4.67051e+04   -1.97524e+03   -2.82771e+05    1.15578e+03   -2.36885e+05
    Kinetic En.   Total Energy  Conserved En.    Temperature Pres. DC (bar)
    3.77179e+04   -1.99167e+05   -1.02159e+05    2.74959e+02   -2.00717e+02
 Pressure (bar)
    1.79085e+02

           Step           Time
        1550000     3100.00000

   Energies (kJ/mol)
        LJ (SR)  Disper. corr.   Coulomb (SR)   Coul. recip.      Potential
    4.75353e+04   -1.98650e+03   -2.84036e+05    1.14171e+03   -2.37346e+05
    Kinetic En.   Total Energy  Conserved En.    Temperature Pres. DC (bar)
    3.80349e+04   -1.99311e+05   -1.01836e+05    2.77270e+02   -2.03008e+02
 Pressure (bar)
    4.34548e+02

           Step           Time
        1555000     3110.00000

   Energies (kJ/mol)
        LJ (SR)  Disper. corr.   Coulomb (SR)   Coul. recip.      Potential
    4.67948e+04   -1.97330e+03   -2.83210e+05    1.19198e+03   -2.37197e+05
    Kinetic En.   Total Energy  Conserved En.    Temperature Pres. DC (bar)
    3.79490e+04   -1.99248e+05   -1.01417e+05    2.76644e+02   -2.00322e+02
 Pressure (bar)
    1.49393e+02

           Step           Time
        1560000     3120.00000

   Energies (kJ/mol)
        LJ (SR)  Disper. corr.   Coulomb (SR)   Coul. recip.      Potential
    4.60046e+04   -1.96258e+03   -2.81591e+05    1.20449e+03   -2.36344e+05
    Kinetic En.   Total Energy  Conserved En.    Temperature Pres. DC (bar)
    3.75551e+04   -1.98789e+05   -1.00982e+05    2.73773e+02   -1.98153e+02
 Pressure (bar)
   -1.02768e+02

           Step           Time
        1565000     3130.00000

   Energies (kJ/mol)
        LJ (SR)  Disper. corr.   Coulomb (SR)   Coul. recip.      Potential
    4.68626e+04   -1.95601e+03   -2.83398e+05    1.17125e+03   -2.37321e+05
    Kinetic En.   Total Energy  Conserved En.    Temperature Pres. DC (bar)
    3.73973e+04   -1.99923e+05   -1.00688e+05    2.72623e+02   -1.96830e+02
 Pressure (bar)
    1.48817e+00

           Step           Time
        1570000     3140.00000

   Energies (kJ/mol)
        LJ (SR)  Disper. corr.   Coulomb (SR)   Coul. recip.      Potential
    4.66760e+04   -1.96373e+03   -2.83261e+05    1.19701e+03   -2.37352e+05
    Kinetic En.   Total Energy  Conserved En.    Temperature Pres. DC (bar)
    3.72770e+04   -2.00075e+05   -1.00457e+05    2.71745e+02   -1.98386e+02
 Pressure (bar)
   -5.92184e+01

           Step           Time
        1575000     3150.00000

   Energies (kJ/mol)
        LJ (SR)  Disper. corr.   Coulomb (SR)   Coul. recip.      Potential
    4.64050e+04   -1.97474e+03   -2.82861e+05    1.15546e+03   -2.37275e+05
    Kinetic En.   Total Energy  Conserved En.    Temperature Pres. DC (bar)
    3.75189e+04   -1.99756e+05   -1.00207e+05    2.73509e+02   -2.00615e+02
 Pressure (bar)
   -2.39994e+01

           Step           Time
        1580000     3160.00000

   Energies (kJ/mol)
        LJ (SR)  Disper. corr.   Coulomb (SR)   Coul. recip.      Potential
    4.63849e+04   -1.96264e+03   -2.81503e+05    1.19949e+03   -2.35881e+05
    Kinetic En.   Total Energy  Conserved En.    Temperature Pres. DC (bar)
    3.74075e+04   -1.98474e+05   -9.99719e+04    2.72697e+02   -1.98166e+02
 Pressure (bar)
    1.18213e+02

           Step           Time
        1585000     3170.00000

   Energies (kJ/mol)
        LJ (SR)  Disper. corr.   Coulomb (SR)   Coul. recip.      Potential
    4.60983e+04   -1.96081e+03   -2.82793e+05    1.12972e+03   -2.37526e+05
    Kinetic En.   Total Energy  Conserved En.    Temperature Pres. DC (bar)
    3.76326e+04   -1.99893e+05   -9.96160e+04    2.74338e+02   -1.97797e+02
 Pressure (bar)
   -2.24143e+02

           Step           Time
        1590000     3180.00000

   Energies (kJ/mol)
        LJ (SR)  Disper. corr.   Coulomb (SR)   Coul. recip.      Potential
    4.55297e+04   -1.95390e+03   -2.81307e+05    1.12939e+03   -2.36601e+05
    Kinetic En.   Total Energy  Conserved En.    Temperature Pres. DC (bar)
    3.74950e+04   -1.99106e+05   -9.93292e+04    2.73335e+02   -1.96407e+02
 Pressure (bar)
   -3.94133e+02

           Step           Time
        1595000     3190.00000

   Energies (kJ/mol)
        LJ (SR)  Disper. corr.   Coulomb (SR)   Coul. recip.      Potential
    4.67734e+04   -1.95916e+03   -2.82498e+05    1.16382e+03   -2.36520e+05
    Kinetic En.   Total Energy  Conserved En.    Temperature Pres. DC (bar)
    3.70224e+04   -1.99498e+05   -9.90300e+04    2.69889e+02   -1.97465e+02
 Pressure (bar)
    8.48369e+01

           Step           Time
        1600000     3200.00000

   Energies (kJ/mol)
        LJ (SR)  Disper. corr.   Coulomb (SR)   Coul. recip.      Potential
    4.66716e+04   -1.99079e+03   -2.83424e+05    1.15707e+03   -2.37586e+05
    Kinetic En.   Total Energy  Conserved En.    Temperature Pres. DC (bar)
    3.72630e+04   -2.00323e+05   -9.86973e+04    2.71643e+02   -2.03886e+02
 Pressure (bar)
    1.33154e+02

           Step           Time
        1605000     3210.00000

   Energies (kJ/mol)
        LJ (SR)  Disper. corr.   Coulomb (SR)   Coul. recip.      Potential
    4.70631e+04   -1.97612e+03   -2.83094e+05    1.15609e+03   -2.36851e+05
    Kinetic En.   Total Energy  Conserved En.    Temperature Pres. DC (bar)
    3.77039e+04   -1.99147e+05   -9.84001e+04    2.74858e+02   -2.00896e+02
 Pressure (bar)
    2.78481e+02

           Step           Time
        1610000     3220.00000

   Energies (kJ/mol)
        LJ (SR)  Disper. corr.   Coulomb (SR)   Coul. recip.      Potential
    4.56099e+04   -1.98233e+03   -2.82092e+05    1.17043e+03   -2.37294e+05
    Kinetic En.   Total Energy  Conserved En.    Temperature Pres. DC (bar)
    3.78450e+04   -1.99449e+05   -9.79771e+04    2.75886e+02   -2.02159e+02
 Pressure (bar)
   -2.00122e+02

           Step           Time
        1615000     3230.00000

   Energies (kJ/mol)
        LJ (SR)  Disper. corr.   Coulomb (SR)   Coul. recip.      Potential
    4.63305e+04   -1.96953e+03   -2.82355e+05    1.21311e+03   -2.36781e+05
    Kinetic En.   Total Energy  Conserved En.    Temperature Pres. DC (bar)
    3.73589e+04   -1.99422e+05   -9.76747e+04    2.72343e+02   -1.99558e+02
 Pressure (bar)
   -6.74970e+01

           Step           Time
        1620000     3240.00000

   Energies (kJ/mol)
        LJ (SR)  Disper. corr.   Coulomb (SR)   Coul. recip.      Potential
    4.59791e+04   -1.96329e+03   -2.81871e+05    1.18313e+03   -2.36672e+05
    Kinetic En.   Total Energy  Conserved En.    Temperature Pres. DC (bar)
    3.70963e+04   -1.99576e+05   -9.73723e+04    2.70428e+02   -1.98296e+02
 Pressure (bar)
   -1.69308e+02

           Step           Time
        1625000     3250.00000

   Energies (kJ/mol)
        LJ (SR)  Disper. corr.   Coulomb (SR)   Coul. recip.      Potential
    4.71260e+04   -1.98128e+03   -2.83469e+05    1.21289e+03   -2.37111e+05
    Kinetic En.   Total Energy  Conserved En.    Temperature Pres. DC (bar)
    3.80009e+04   -1.99110e+05   -9.71457e+04    2.77023e+02   -2.01945e+02
 Pressure (bar)
    3.33564e+02

           Step           Time
        1630000     3260.00000

   Energies (kJ/mol)
        LJ (SR)  Disper. corr.   Coulomb (SR)   Coul. recip.      Potential
    4.60631e+04   -1.97285e+03   -2.82350e+05    1.12249e+03   -2.37138e+05
    Kinetic En.   Total Energy  Conserved En.    Temperature Pres. DC (bar)
    3.71738e+04   -1.99964e+05   -9.68095e+04    2.70993e+02   -2.00230e+02
 Pressure (bar)
   -1.13170e+02

           Step           Time
        1635000     3270.00000

   Energies (kJ/mol)
        LJ (SR)  Disper. corr.   Coulomb (SR)   Coul. recip.      Potential
    4.62369e+04   -1.96479e+03   -2.82209e+05    1.19197e+03   -2.36745e+05
    Kinetic En.   Total Energy  Conserved En.    Temperature Pres. DC (bar)
    3.75665e+04   -1.99178e+05   -9.64267e+04    2.73856e+02   -1.98599e+02
 Pressure (bar)
   -3.72347e+01

Writing checkpoint, step 1636750 at Sat Mar 15 11:43:09 2025


           Step           Time
        1640000     3280.00000

   Energies (kJ/mol)
        LJ (SR)  Disper. corr.   Coulomb (SR)   Coul. recip.      Potential
    4.60789e+04   -1.95761e+03   -2.81902e+05    1.18277e+03   -2.36598e+05
    Kinetic En.   Total Energy  Conserved En.    Temperature Pres. DC (bar)
    3.73983e+04   -1.99199e+05   -9.61013e+04    2.72629e+02   -1.97152e+02
 Pressure (bar)
   -1.40810e+02

           Step           Time
        1645000     3290.00000

   Energies (kJ/mol)
        LJ (SR)  Disper. corr.   Coulomb (SR)   Coul. recip.      Potential
    4.63964e+04   -1.99304e+03   -2.82717e+05    1.12505e+03   -2.37189e+05
    Kinetic En.   Total Energy  Conserved En.    Temperature Pres. DC (bar)
    3.75067e+04   -1.99682e+05   -9.57996e+04    2.73420e+02   -2.04346e+02
 Pressure (bar)
    1.49186e+02

           Step           Time
        1650000     3300.00000

   Energies (kJ/mol)
        LJ (SR)  Disper. corr.   Coulomb (SR)   Coul. recip.      Potential
    4.51351e+04   -1.97272e+03   -2.80803e+05    1.16966e+03   -2.36471e+05
    Kinetic En.   Total Energy  Conserved En.    Temperature Pres. DC (bar)
    3.77376e+04   -1.98733e+05   -9.54400e+04    2.75104e+02   -2.00204e+02
 Pressure (bar)
   -2.98832e+02

           Step           Time
        1655000     3310.00000

   Energies (kJ/mol)
        LJ (SR)  Disper. corr.   Coulomb (SR)   Coul. recip.      Potential
    4.57962e+04   -1.96690e+03   -2.82110e+05    1.15368e+03   -2.37127e+05
    Kinetic En.   Total Energy  Conserved En.    Temperature Pres. DC (bar)
    3.70804e+04   -2.00047e+05   -9.51480e+04    2.70312e+02   -1.99025e+02
 Pressure (bar)
   -2.34931e+02

           Step           Time
        1660000     3320.00000

   Energies (kJ/mol)
        LJ (SR)  Disper. corr.   Coulomb (SR)   Coul. recip.      Potential
    4.63131e+04   -1.98155e+03   -2.83010e+05    1.16268e+03   -2.37516e+05
    Kinetic En.   Total Energy  Conserved En.    Temperature Pres. DC (bar)
    3.69481e+04   -2.00568e+05   -9.48486e+04    2.69348e+02   -2.01999e+02
 Pressure (bar)
   -4.52793e+01

           Step           Time
        1665000     3330.00000

   Energies (kJ/mol)
        LJ (SR)  Disper. corr.   Coulomb (SR)   Coul. recip.      Potential
    4.67194e+04   -1.95980e+03   -2.82122e+05    1.20978e+03   -2.36152e+05
    Kinetic En.   Total Energy  Conserved En.    Temperature Pres. DC (bar)
    3.75184e+04   -1.98634e+05   -9.45814e+04    2.73505e+02   -1.97594e+02
 Pressure (bar)
    1.49586e+02

           Step           Time
        1670000     3340.00000

   Energies (kJ/mol)
        LJ (SR)  Disper. corr.   Coulomb (SR)   Coul. recip.      Potential
    4.66492e+04   -1.97900e+03   -2.83279e+05    1.18729e+03   -2.37421e+05
    Kinetic En.   Total Energy  Conserved En.    Temperature Pres. DC (bar)
    3.69692e+04   -2.00452e+05   -9.42601e+04    2.69502e+02   -2.01481e+02
 Pressure (bar)
    7.82269e+01

           Step           Time
        1675000     3350.00000

   Energies (kJ/mol)
        LJ (SR)  Disper. corr.   Coulomb (SR)   Coul. recip.      Potential
    4.63864e+04   -1.97525e+03   -2.83191e+05    1.15870e+03   -2.37621e+05
    Kinetic En.   Total Energy  Conserved En.    Temperature Pres. DC (bar)
    3.73744e+04   -2.00247e+05   -9.38893e+04    2.72456e+02   -2.00719e+02
 Pressure (bar)
   -1.28850e+02

           Step           Time
        1680000     3360.00000

   Energies (kJ/mol)
        LJ (SR)  Disper. corr.   Coulomb (SR)   Coul. recip.      Potential
    4.73136e+04   -1.97700e+03   -2.84221e+05    1.17470e+03   -2.37710e+05
    Kinetic En.   Total Energy  Conserved En.    Temperature Pres. DC (bar)
    3.75252e+04   -2.00184e+05   -9.36188e+04    2.73555e+02   -2.01074e+02
 Pressure (bar)
    2.55025e+02

           Step           Time
        1685000     3370.00000

   Energies (kJ/mol)
        LJ (SR)  Disper. corr.   Coulomb (SR)   Coul. recip.      Potential
    4.70323e+04   -1.97020e+03   -2.83337e+05    1.19028e+03   -2.37085e+05
    Kinetic En.   Total Energy  Conserved En.    Temperature Pres. DC (bar)
    3.70567e+04   -2.00028e+05   -9.33613e+04    2.70140e+02   -1.99693e+02
 Pressure (bar)
    1.69633e+02

           Step           Time
        1690000     3380.00000

   Energies (kJ/mol)
        LJ (SR)  Disper. corr.   Coulomb (SR)   Coul. recip.      Potential
    4.70116e+04   -1.97870e+03   -2.83695e+05    1.12013e+03   -2.37542e+05
    Kinetic En.   Total Energy  Conserved En.    Temperature Pres. DC (bar)
    3.72639e+04   -2.00278e+05   -9.31135e+04    2.71650e+02   -2.01420e+02
 Pressure (bar)
    1.30656e+02

           Step           Time
        1695000     3390.00000

   Energies (kJ/mol)
        LJ (SR)  Disper. corr.   Coulomb (SR)   Coul. recip.      Potential
    4.68619e+04   -1.96409e+03   -2.83198e+05    1.11237e+03   -2.37187e+05
    Kinetic En.   Total Energy  Conserved En.    Temperature Pres. DC (bar)
    3.72715e+04   -1.99916e+05   -9.28512e+04    2.71706e+02   -1.98458e+02
 Pressure (bar)
    7.42308e+01

           Step           Time
        1700000     3400.00000

   Energies (kJ/mol)
        LJ (SR)  Disper. corr.   Coulomb (SR)   Coul. recip.      Potential
    4.77809e+04   -1.97475e+03   -2.84115e+05    1.15039e+03   -2.37158e+05
    Kinetic En.   Total Energy  Conserved En.    Temperature Pres. DC (bar)
    3.74547e+04   -1.99703e+05   -9.25553e+04    2.73041e+02   -2.00616e+02
 Pressure (bar)
    4.21146e+02

           Step           Time
        1705000     3410.00000

   Energies (kJ/mol)
        LJ (SR)  Disper. corr.   Coulomb (SR)   Coul. recip.      Potential
    4.59363e+04   -1.96663e+03   -2.83112e+05    1.17230e+03   -2.37971e+05
    Kinetic En.   Total Energy  Conserved En.    Temperature Pres. DC (bar)
    3.72413e+04   -2.00729e+05   -9.23227e+04    2.71485e+02   -1.98971e+02
 Pressure (bar)
   -4.11599e+02

           Step           Time
        1710000     3420.00000

   Energies (kJ/mol)
        LJ (SR)  Disper. corr.   Coulomb (SR)   Coul. recip.      Potential
    4.60139e+04   -1.95412e+03   -2.82753e+05    1.13635e+03   -2.37557e+05
    Kinetic En.   Total Energy  Conserved En.    Temperature Pres. DC (bar)
    3.74619e+04   -2.00095e+05   -9.20098e+04    2.73093e+02   -1.96450e+02
 Pressure (bar)
   -3.43156e+02

           Step           Time
        1715000     3430.00000

   Energies (kJ/mol)
        LJ (SR)  Disper. corr.   Coulomb (SR)   Coul. recip.      Potential
    4.62064e+04   -1.98951e+03   -2.81343e+05    1.20475e+03   -2.35922e+05
    Kinetic En.   Total Energy  Conserved En.    Temperature Pres. DC (bar)
    3.79011e+04   -1.98020e+05   -9.16901e+04    2.76295e+02   -2.03625e+02
 Pressure (bar)
    2.47387e+02

           Step           Time
        1720000     3440.00000

   Energies (kJ/mol)
        LJ (SR)  Disper. corr.   Coulomb (SR)   Coul. recip.      Potential
    4.60219e+04   -1.96350e+03   -2.82260e+05    1.16423e+03   -2.37038e+05
    Kinetic En.   Total Energy  Conserved En.    Temperature Pres. DC (bar)
    3.68664e+04   -2.00171e+05   -9.13358e+04    2.68753e+02   -1.98340e+02
 Pressure (bar)
   -1.48347e+02

           Step           Time
        1725000     3450.00000

   Energies (kJ/mol)
        LJ (SR)  Disper. corr.   Coulomb (SR)   Coul. recip.      Potential
    4.54467e+04   -1.97597e+03   -2.81659e+05    1.16301e+03   -2.37026e+05
    Kinetic En.   Total Energy  Conserved En.    Temperature Pres. DC (bar)
    3.79452e+04   -1.99080e+05   -9.09928e+04    2.76617e+02   -2.00864e+02
 Pressure (bar)
   -1.87566e+02

           Step           Time
        1730000     3460.00000

   Energies (kJ/mol)
        LJ (SR)  Disper. corr.   Coulomb (SR)   Coul. recip.      Potential
    4.72859e+04   -1.97741e+03   -2.83993e+05    1.15058e+03   -2.37534e+05
    Kinetic En.   Total Energy  Conserved En.    Temperature Pres. DC (bar)
    3.77996e+04   -1.99735e+05   -9.06036e+04    2.75555e+02   -2.01157e+02
 Pressure (bar)
    2.04563e+02

           Step           Time
        1735000     3470.00000

   Energies (kJ/mol)
        LJ (SR)  Disper. corr.   Coulomb (SR)   Coul. recip.      Potential
    4.58609e+04   -1.96800e+03   -2.82631e+05    1.12006e+03   -2.37618e+05
    Kinetic En.   Total Energy  Conserved En.    Temperature Pres. DC (bar)
    3.73317e+04   -2.00286e+05   -9.03260e+04    2.72145e+02   -1.99248e+02
 Pressure (bar)
   -2.81311e+02

           Step           Time
        1740000     3480.00000

   Energies (kJ/mol)
        LJ (SR)  Disper. corr.   Coulomb (SR)   Coul. recip.      Potential
    4.65807e+04   -1.96995e+03   -2.82888e+05    1.15331e+03   -2.37124e+05
    Kinetic En.   Total Energy  Conserved En.    Temperature Pres. DC (bar)
    3.77074e+04   -1.99416e+05   -8.99843e+04    2.74883e+02   -1.99644e+02
 Pressure (bar)
    6.29812e+01

           Step           Time
        1745000     3490.00000

   Energies (kJ/mol)
        LJ (SR)  Disper. corr.   Coulomb (SR)   Coul. recip.      Potential
    4.59347e+04   -1.95574e+03   -2.82405e+05    1.18351e+03   -2.37242e+05
    Kinetic En.   Total Energy  Conserved En.    Temperature Pres. DC (bar)
    3.74552e+04   -1.99787e+05   -8.96333e+04    2.73045e+02   -1.96777e+02
 Pressure (bar)
   -2.74614e+02

           Step           Time
        1750000     3500.00000

   Energies (kJ/mol)
        LJ (SR)  Disper. corr.   Coulomb (SR)   Coul. recip.      Potential
    4.59760e+04   -1.97637e+03   -2.81717e+05    1.21086e+03   -2.36506e+05
    Kinetic En.   Total Energy  Conserved En.    Temperature Pres. DC (bar)
    3.73395e+04   -1.99166e+05   -8.93103e+04    2.72201e+02   -2.00945e+02
 Pressure (bar)
   -6.72741e+00

           Step           Time
        1755000     3510.00000

   Energies (kJ/mol)
        LJ (SR)  Disper. corr.   Coulomb (SR)   Coul. recip.      Potential
    4.62047e+04   -1.97092e+03   -2.82196e+05    1.20151e+03   -2.36761e+05
    Kinetic En.   Total Energy  Conserved En.    Temperature Pres. DC (bar)
    3.69878e+04   -1.99773e+05   -8.90471e+04    2.69637e+02   -1.99840e+02
 Pressure (bar)
   -9.45082e+01

           Step           Time
        1760000     3520.00000

   Energies (kJ/mol)
        LJ (SR)  Disper. corr.   Coulomb (SR)   Coul. recip.      Potential
    4.63032e+04   -1.98295e+03   -2.83123e+05    1.15962e+03   -2.37643e+05
    Kinetic En.   Total Energy  Conserved En.    Temperature Pres. DC (bar)
    3.75456e+04   -2.00097e+05   -8.87853e+04    2.73704e+02   -2.02284e+02
 Pressure (bar)
   -5.44674e+01

           Step           Time
        1765000     3530.00000

   Energies (kJ/mol)
        LJ (SR)  Disper. corr.   Coulomb (SR)   Coul. recip.      Potential
    4.58555e+04   -1.96958e+03   -2.81635e+05    1.10689e+03   -2.36642e+05
    Kinetic En.   Total Energy  Conserved En.    Temperature Pres. DC (bar)
    3.68189e+04   -1.99823e+05   -8.85145e+04    2.68406e+02   -1.99568e+02
 Pressure (bar)
   -1.26386e+02

           Step           Time
        1770000     3540.00000

   Energies (kJ/mol)
        LJ (SR)  Disper. corr.   Coulomb (SR)   Coul. recip.      Potential
    4.54397e+04   -1.96565e+03   -2.81118e+05    1.15912e+03   -2.36485e+05
    Kinetic En.   Total Energy  Conserved En.    Temperature Pres. DC (bar)
    3.74813e+04   -1.99003e+05   -8.81923e+04    2.73235e+02   -1.98774e+02
 Pressure (bar)
   -2.83357e+02

           Step           Time
        1775000     3550.00000

   Energies (kJ/mol)
        LJ (SR)  Disper. corr.   Coulomb (SR)   Coul. recip.      Potential
    4.59878e+04   -1.97382e+03   -2.82544e+05    1.18883e+03   -2.37341e+05
    Kinetic En.   Total Energy  Conserved En.    Temperature Pres. DC (bar)
    3.73287e+04   -2.00012e+05   -8.79466e+04    2.72122e+02   -2.00427e+02
 Pressure (bar)
   -1.43981e+02

           Step           Time
        1780000     3560.00000

   Energies (kJ/mol)
        LJ (SR)  Disper. corr.   Coulomb (SR)   Coul. recip.      Potential
    4.62002e+04   -1.96840e+03   -2.82364e+05    1.18818e+03   -2.36945e+05
    Kinetic En.   Total Energy  Conserved En.    Temperature Pres. DC (bar)
    3.74668e+04   -1.99478e+05   -8.76209e+04    2.73129e+02   -1.99330e+02
 Pressure (bar)
   -7.19981e+01

           Step           Time
        1785000     3570.00000

   Energies (kJ/mol)
        LJ (SR)  Disper. corr.   Coulomb (SR)   Coul. recip.      Potential
    4.64127e+04   -1.97563e+03   -2.82893e+05    1.20184e+03   -2.37254e+05
    Kinetic En.   Total Energy  Conserved En.    Temperature Pres. DC (bar)
    3.73223e+04   -1.99931e+05   -8.72346e+04    2.72076e+02   -2.00794e+02
 Pressure (bar)
    2.19850e+00

           Step           Time
        1790000     3580.00000

   Energies (kJ/mol)
        LJ (SR)  Disper. corr.   Coulomb (SR)   Coul. recip.      Potential
    4.73872e+04   -1.98275e+03   -2.84155e+05    1.16591e+03   -2.37585e+05
    Kinetic En.   Total Energy  Conserved En.    Temperature Pres. DC (bar)
    3.72642e+04   -2.00320e+05   -8.69342e+04    2.71652e+02   -2.02244e+02
 Pressure (bar)
    3.27087e+02

           Step           Time
        1795000     3590.00000

   Energies (kJ/mol)
        LJ (SR)  Disper. corr.   Coulomb (SR)   Coul. recip.      Potential
    4.64399e+04   -1.98931e+03   -2.82689e+05    1.17172e+03   -2.37067e+05
    Kinetic En.   Total Energy  Conserved En.    Temperature Pres. DC (bar)
    3.74993e+04   -1.99567e+05   -8.66215e+04    2.73366e+02   -2.03582e+02
 Pressure (bar)
    1.32847e+02

           Step           Time
        1800000     3600.00000

   Energies (kJ/mol)
        LJ (SR)  Disper. corr.   Coulomb (SR)   Coul. recip.      Potential
    4.59099e+04   -1.97487e+03   -2.81591e+05    1.14042e+03   -2.36516e+05
    Kinetic En.   Total Energy  Conserved En.    Temperature Pres. DC (bar)
    3.80002e+04   -1.98516e+05   -8.63552e+04    2.77018e+02   -2.00641e+02
 Pressure (bar)
   -5.72448e+01

           Step           Time
        1805000     3610.00000

   Energies (kJ/mol)
        LJ (SR)  Disper. corr.   Coulomb (SR)   Coul. recip.      Potential
    4.69150e+04   -1.97080e+03   -2.82995e+05    1.14469e+03   -2.36906e+05
    Kinetic En.   Total Energy  Conserved En.    Temperature Pres. DC (bar)
    3.77011e+04   -1.99205e+05   -8.61267e+04    2.74837e+02   -1.99815e+02
 Pressure (bar)
    1.57209e+02

           Step           Time
        1810000     3620.00000

   Energies (kJ/mol)
        LJ (SR)  Disper. corr.   Coulomb (SR)   Coul. recip.      Potential
    4.58307e+04   -1.97167e+03   -2.81937e+05    1.13648e+03   -2.36941e+05
    Kinetic En.   Total Energy  Conserved En.    Temperature Pres. DC (bar)
    3.72674e+04   -1.99674e+05   -8.58628e+04    2.71676e+02   -1.99991e+02
 Pressure (bar)
   -1.88542e+02

           Step           Time
        1815000     3630.00000

   Energies (kJ/mol)
        LJ (SR)  Disper. corr.   Coulomb (SR)   Coul. recip.      Potential
    4.64447e+04   -1.97363e+03   -2.82622e+05    1.19326e+03   -2.36958e+05
    Kinetic En.   Total Energy  Conserved En.    Temperature Pres. DC (bar)
    3.76227e+04   -1.99335e+05   -8.55379e+04    2.74266e+02   -2.00388e+02
 Pressure (bar)
    2.44929e+01

           Step           Time
        1820000     3640.00000

   Energies (kJ/mol)
        LJ (SR)  Disper. corr.   Coulomb (SR)   Coul. recip.      Potential
    4.65366e+04   -1.97463e+03   -2.82530e+05    1.12356e+03   -2.36844e+05
    Kinetic En.   Total Energy  Conserved En.    Temperature Pres. DC (bar)
    3.74462e+04   -1.99398e+05   -8.52701e+04    2.72979e+02   -2.00592e+02
 Pressure (bar)
    6.23334e+01

           Step           Time
        1825000     3650.00000

   Energies (kJ/mol)
        LJ (SR)  Disper. corr.   Coulomb (SR)   Coul. recip.      Potential
    4.74275e+04   -1.96694e+03   -2.83617e+05    1.13254e+03   -2.37024e+05
    Kinetic En.   Total Energy  Conserved En.    Temperature Pres. DC (bar)
    3.75236e+04   -1.99500e+05   -8.49809e+04    2.73543e+02   -1.99033e+02
 Pressure (bar)
    2.79520e+02

           Step           Time
        1830000     3660.00000

   Energies (kJ/mol)
        LJ (SR)  Disper. corr.   Coulomb (SR)   Coul. recip.      Potential
    4.58807e+04   -1.95907e+03   -2.82692e+05    1.20332e+03   -2.37567e+05
    Kinetic En.   Total Energy  Conserved En.    Temperature Pres. DC (bar)
    3.69821e+04   -2.00585e+05   -8.46627e+04    2.69596e+02   -1.97446e+02
 Pressure (bar)
   -3.73783e+02

           Step           Time
        1835000     3670.00000

   Energies (kJ/mol)
        LJ (SR)  Disper. corr.   Coulomb (SR)   Coul. recip.      Potential
    4.44582e+04   -1.95112e+03   -2.79968e+05    1.14340e+03   -2.36317e+05
    Kinetic En.   Total Energy  Conserved En.    Temperature Pres. DC (bar)
    3.72272e+04   -1.99090e+05   -8.41988e+04    2.71382e+02   -1.95849e+02
 Pressure (bar)
   -7.29266e+02

           Step           Time
        1840000     3680.00000

   Energies (kJ/mol)
        LJ (SR)  Disper. corr.   Coulomb (SR)   Coul. recip.      Potential
    4.56122e+04   -1.97649e+03   -2.81737e+05    1.16019e+03   -2.36941e+05
    Kinetic En.   Total Energy  Conserved En.    Temperature Pres. DC (bar)
    3.74190e+04   -1.99522e+05   -8.38644e+04    2.72780e+02   -2.00969e+02
 Pressure (bar)
   -2.12555e+02

           Step           Time
        1845000     3690.00000

   Energies (kJ/mol)
        LJ (SR)  Disper. corr.   Coulomb (SR)   Coul. recip.      Potential
    4.69862e+04   -1.97671e+03   -2.83764e+05    1.12753e+03   -2.37627e+05
    Kinetic En.   Total Energy  Conserved En.    Temperature Pres. DC (bar)
    3.80468e+04   -1.99580e+05   -8.35443e+04    2.77357e+02   -2.01014e+02
 Pressure (bar)
    1.49725e+02

           Step           Time
        1850000     3700.00000

   Energies (kJ/mol)
        LJ (SR)  Disper. corr.   Coulomb (SR)   Coul. recip.      Potential
    4.62056e+04   -1.97536e+03   -2.82207e+05    1.16319e+03   -2.36813e+05
    Kinetic En.   Total Energy  Conserved En.    Temperature Pres. DC (bar)
    3.74621e+04   -1.99351e+05   -8.32795e+04    2.73095e+02   -2.00741e+02
 Pressure (bar)
   -5.27945e+01

           Step           Time
        1855000     3710.00000

   Energies (kJ/mol)
        LJ (SR)  Disper. corr.   Coulomb (SR)   Coul. recip.      Potential
    4.52140e+04   -1.98258e+03   -2.81248e+05    1.14596e+03   -2.36871e+05
    Kinetic En.   Total Energy  Conserved En.    Temperature Pres. DC (bar)
    3.75869e+04   -1.99284e+05   -8.29589e+04    2.74005e+02   -2.02208e+02
 Pressure (bar)
   -2.37778e+02

           Step           Time
        1860000     3720.00000

   Energies (kJ/mol)
        LJ (SR)  Disper. corr.   Coulomb (SR)   Coul. recip.      Potential
    4.67665e+04   -1.97689e+03   -2.83203e+05    1.15706e+03   -2.37257e+05
    Kinetic En.   Total Energy  Conserved En.    Temperature Pres. DC (bar)
    3.70498e+04   -2.00207e+05   -8.27012e+04    2.70089e+02   -2.01050e+02
 Pressure (bar)
    1.10104e+02

Writing checkpoint, step 1863900 at Sat Mar 15 11:58:09 2025


           Step           Time
        1865000     3730.00000

   Energies (kJ/mol)
        LJ (SR)  Disper. corr.   Coulomb (SR)   Coul. recip.      Potential
    4.62164e+04   -1.99434e+03   -2.83190e+05    1.13710e+03   -2.37831e+05
    Kinetic En.   Total Energy  Conserved En.    Temperature Pres. DC (bar)
    3.79336e+04   -1.99897e+05   -8.24575e+04    2.76532e+02   -2.04613e+02
 Pressure (bar)
    2.72689e+01

           Step           Time
        1870000     3740.00000

   Energies (kJ/mol)
        LJ (SR)  Disper. corr.   Coulomb (SR)   Coul. recip.      Potential
    4.70041e+04   -1.98607e+03   -2.83530e+05    1.13528e+03   -2.37377e+05
    Kinetic En.   Total Energy  Conserved En.    Temperature Pres. DC (bar)
    3.76240e+04   -1.99753e+05   -8.21098e+04    2.74275e+02   -2.02921e+02
 Pressure (bar)
    3.05410e+02

           Step           Time
        1875000     3750.00000

   Energies (kJ/mol)
        LJ (SR)  Disper. corr.   Coulomb (SR)   Coul. recip.      Potential
    4.58174e+04   -1.96255e+03   -2.81742e+05    1.20529e+03   -2.36682e+05
    Kinetic En.   Total Energy  Conserved En.    Temperature Pres. DC (bar)
    3.73160e+04   -1.99366e+05   -8.17230e+04    2.72030e+02   -1.98147e+02
 Pressure (bar)
   -2.00700e+02

           Step           Time
        1880000     3760.00000

   Energies (kJ/mol)
        LJ (SR)  Disper. corr.   Coulomb (SR)   Coul. recip.      Potential
    4.63710e+04   -1.98546e+03   -2.82414e+05    1.17231e+03   -2.36856e+05
    Kinetic En.   Total Energy  Conserved En.    Temperature Pres. DC (bar)
    3.73633e+04   -1.99493e+05   -8.14705e+04    2.72375e+02   -2.02796e+02
 Pressure (bar)
    1.46931e+02

           Step           Time
        1885000     3770.00000

   Energies (kJ/mol)
        LJ (SR)  Disper. corr.   Coulomb (SR)   Coul. recip.      Potential
    4.64021e+04   -1.95402e+03   -2.83118e+05    1.14769e+03   -2.37522e+05
    Kinetic En.   Total Energy  Conserved En.    Temperature Pres. DC (bar)
    3.76008e+04   -1.99921e+05   -8.11759e+04    2.74106e+02   -1.96430e+02
 Pressure (bar)
   -1.84362e+02

           Step           Time
        1890000     3780.00000

   Energies (kJ/mol)
        LJ (SR)  Disper. corr.   Coulomb (SR)   Coul. recip.      Potential
    4.58031e+04   -1.96858e+03   -2.81928e+05    1.12902e+03   -2.36964e+05
    Kinetic En.   Total Energy  Conserved En.    Temperature Pres. DC (bar)
    3.68074e+04   -2.00157e+05   -8.08484e+04    2.68322e+02   -1.99365e+02
 Pressure (bar)
   -2.16020e+02

           Step           Time
        1895000     3790.00000

   Energies (kJ/mol)
        LJ (SR)  Disper. corr.   Coulomb (SR)   Coul. recip.      Potential
    4.56408e+04   -1.97322e+03   -2.82750e+05    1.16042e+03   -2.37922e+05
    Kinetic En.   Total Energy  Conserved En.    Temperature Pres. DC (bar)
    3.76355e+04   -2.00286e+05   -8.05922e+04    2.74359e+02   -2.00306e+02
 Pressure (bar)
   -3.36547e+02

           Step           Time
        1900000     3800.00000

   Energies (kJ/mol)
        LJ (SR)  Disper. corr.   Coulomb (SR)   Coul. recip.      Potential
    4.67728e+04   -1.96933e+03   -2.82982e+05    1.17712e+03   -2.37001e+05
    Kinetic En.   Total Energy  Conserved En.    Temperature Pres. DC (bar)
    3.77623e+04   -1.99239e+05   -8.03100e+04    2.75283e+02   -1.99517e+02
 Pressure (bar)
    8.83045e+01

           Step           Time
        1905000     3810.00000

   Energies (kJ/mol)
        LJ (SR)  Disper. corr.   Coulomb (SR)   Coul. recip.      Potential
    4.52833e+04   -1.95640e+03   -2.81212e+05    1.11474e+03   -2.36770e+05
    Kinetic En.   Total Energy  Conserved En.    Temperature Pres. DC (bar)
    3.74776e+04   -1.99293e+05   -7.99650e+04    2.73208e+02   -1.96909e+02
 Pressure (bar)
   -4.34491e+02

           Step           Time
        1910000     3820.00000

   Energies (kJ/mol)
        LJ (SR)  Disper. corr.   Coulomb (SR)   Coul. recip.      Potential
    4.52981e+04   -1.97068e+03   -2.80775e+05    1.17961e+03   -2.36268e+05
    Kinetic En.   Total Energy  Conserved En.    Temperature Pres. DC (bar)
    3.72052e+04   -1.99063e+05   -7.95873e+04    2.71222e+02   -1.99791e+02
 Pressure (bar)
   -2.63247e+02

           Step           Time
        1915000     3830.00000

   Energies (kJ/mol)
        LJ (SR)  Disper. corr.   Coulomb (SR)   Coul. recip.      Potential
    4.58705e+04   -1.97506e+03   -2.81726e+05    1.19321e+03   -2.36637e+05
    Kinetic En.   Total Energy  Conserved En.    Temperature Pres. DC (bar)
    3.78127e+04   -1.98825e+05   -7.92466e+04    2.75650e+02   -2.00679e+02
 Pressure (bar)
   -3.77070e+01

           Step           Time
        1920000     3840.00000

   Energies (kJ/mol)
        LJ (SR)  Disper. corr.   Coulomb (SR)   Coul. recip.      Potential
    4.63243e+04   -1.96395e+03   -2.82694e+05    1.20200e+03   -2.37132e+05
    Kinetic En.   Total Energy  Conserved En.    Temperature Pres. DC (bar)
    3.74188e+04   -1.99713e+05   -7.87426e+04    2.72779e+02   -1.98431e+02
 Pressure (bar)
   -1.62737e+02

           Step           Time
        1925000     3850.00000

   Energies (kJ/mol)
        LJ (SR)  Disper. corr.   Coulomb (SR)   Coul. recip.      Potential
    4.65836e+04   -1.97548e+03   -2.82897e+05    1.13511e+03   -2.37154e+05
    Kinetic En.   Total Energy  Conserved En.    Temperature Pres. DC (bar)
    3.78552e+04   -1.99298e+05   -7.83990e+04    2.75960e+02   -2.00764e+02
 Pressure (bar)
    5.89937e+01

           Step           Time
        1930000     3860.00000

   Energies (kJ/mol)
        LJ (SR)  Disper. corr.   Coulomb (SR)   Coul. recip.      Potential
    4.73769e+04   -1.98028e+03   -2.84163e+05    1.14510e+03   -2.37621e+05
    Kinetic En.   Total Energy  Conserved En.    Temperature Pres. DC (bar)
    3.72632e+04   -2.00358e+05   -7.80419e+04    2.71645e+02   -2.01740e+02
 Pressure (bar)
    3.36652e+02

           Step           Time
        1935000     3870.00000

   Energies (kJ/mol)
        LJ (SR)  Disper. corr.   Coulomb (SR)   Coul. recip.      Potential
    4.62116e+04   -1.96608e+03   -2.83101e+05    1.18413e+03   -2.37671e+05
    Kinetic En.   Total Energy  Conserved En.    Temperature Pres. DC (bar)
    3.80610e+04   -1.99610e+05   -7.78165e+04    2.77461e+02   -1.98860e+02
 Pressure (bar)
   -1.69339e+02

           Step           Time
        1940000     3880.00000

   Energies (kJ/mol)
        LJ (SR)  Disper. corr.   Coulomb (SR)   Coul. recip.      Potential
    4.59391e+04   -1.96828e+03   -2.81886e+05    1.13521e+03   -2.36780e+05
    Kinetic En.   Total Energy  Conserved En.    Temperature Pres. DC (bar)
    3.74641e+04   -1.99316e+05   -7.75632e+04    2.73109e+02   -1.99304e+02
 Pressure (bar)
   -1.32101e+02

           Step           Time
        1945000     3890.00000

   Energies (kJ/mol)
        LJ (SR)  Disper. corr.   Coulomb (SR)   Coul. recip.      Potential
    4.67489e+04   -1.98131e+03   -2.83135e+05    1.13073e+03   -2.37236e+05
    Kinetic En.   Total Energy  Conserved En.    Temperature Pres. DC (bar)
    3.75966e+04   -1.99640e+05   -7.72558e+04    2.74076e+02   -2.01951e+02
 Pressure (bar)
    2.08439e+02

           Step           Time
        1950000     3900.00000

   Energies (kJ/mol)
        LJ (SR)  Disper. corr.   Coulomb (SR)   Coul. recip.      Potential
    4.66679e+04   -1.96525e+03   -2.82594e+05    1.22789e+03   -2.36664e+05
    Kinetic En.   Total Energy  Conserved En.    Temperature Pres. DC (bar)
    3.72914e+04   -1.99372e+05   -7.69137e+04    2.71851e+02   -1.98693e+02
 Pressure (bar)
    1.14446e+02

           Step           Time
        1955000     3910.00000

   Energies (kJ/mol)
        LJ (SR)  Disper. corr.   Coulomb (SR)   Coul. recip.      Potential
    4.53041e+04   -1.97812e+03   -2.81104e+05    1.12495e+03   -2.36653e+05
    Kinetic En.   Total Energy  Conserved En.    Temperature Pres. DC (bar)
    3.76620e+04   -1.98991e+05   -7.66052e+04    2.74552e+02   -2.01301e+02
 Pressure (bar)
   -2.65822e+02

           Step           Time
        1960000     3920.00000

   Energies (kJ/mol)
        LJ (SR)  Disper. corr.   Coulomb (SR)   Coul. recip.      Potential
    4.66310e+04   -1.97434e+03   -2.83184e+05    1.23403e+03   -2.37293e+05
    Kinetic En.   Total Energy  Conserved En.    Temperature Pres. DC (bar)
    3.71715e+04   -2.00122e+05   -7.61656e+04    2.70976e+02   -2.00534e+02
 Pressure (bar)
    6.71737e+01

           Step           Time
        1965000     3930.00000

   Energies (kJ/mol)
        LJ (SR)  Disper. corr.   Coulomb (SR)   Coul. recip.      Potential
    4.64126e+04   -1.98061e+03   -2.83122e+05    1.14537e+03   -2.37544e+05
    Kinetic En.   Total Energy  Conserved En.    Temperature Pres. DC (bar)
    3.69072e+04   -2.00637e+05   -7.58965e+04    2.69050e+02   -2.01808e+02
 Pressure (bar)
    2.06547e+01

           Step           Time
        1970000     3940.00000

   Energies (kJ/mol)
        LJ (SR)  Disper. corr.   Coulomb (SR)   Coul. recip.      Potential
    4.64146e+04   -1.97626e+03   -2.82462e+05    1.18129e+03   -2.36842e+05
    Kinetic En.   Total Energy  Conserved En.    Temperature Pres. DC (bar)
    3.74421e+04   -1.99400e+05   -7.56021e+04    2.72949e+02   -2.00922e+02
 Pressure (bar)
    9.91634e+01

           Step           Time
        1975000     3950.00000

   Energies (kJ/mol)
        LJ (SR)  Disper. corr.   Coulomb (SR)   Coul. recip.      Potential
    4.67608e+04   -1.96888e+03   -2.83466e+05    1.16523e+03   -2.37509e+05
    Kinetic En.   Total Energy  Conserved En.    Temperature Pres. DC (bar)
    3.74656e+04   -2.00043e+05   -7.53008e+04    2.73120e+02   -1.99426e+02
 Pressure (bar)
    1.90432e+01

           Step           Time
        1980000     3960.00000

   Energies (kJ/mol)
        LJ (SR)  Disper. corr.   Coulomb (SR)   Coul. recip.      Potential
    4.57090e+04   -1.98304e+03   -2.81386e+05    1.21835e+03   -2.36442e+05
    Kinetic En.   Total Energy  Conserved En.    Temperature Pres. DC (bar)
    3.78931e+04   -1.98549e+05   -7.49253e+04    2.76237e+02   -2.02302e+02
 Pressure (bar)
   -3.84157e+01

           Step           Time
        1985000     3970.00000

   Energies (kJ/mol)
        LJ (SR)  Disper. corr.   Coulomb (SR)   Coul. recip.      Potential
    4.68188e+04   -1.96457e+03   -2.83617e+05    1.16624e+03   -2.37596e+05
    Kinetic En.   Total Energy  Conserved En.    Temperature Pres. DC (bar)
    3.74758e+04   -2.00120e+05   -7.46118e+04    2.73195e+02   -1.98555e+02
 Pressure (bar)
   -5.65673e+01

           Step           Time
        1990000     3980.00000

   Energies (kJ/mol)
        LJ (SR)  Disper. corr.   Coulomb (SR)   Coul. recip.      Potential
    4.60355e+04   -1.99017e+03   -2.81664e+05    1.12736e+03   -2.36491e+05
    Kinetic En.   Total Energy  Conserved En.    Temperature Pres. DC (bar)
    3.72128e+04   -1.99278e+05   -7.42752e+04    2.71278e+02   -2.03759e+02
 Pressure (bar)
    1.00343e+02

           Step           Time
        1995000     3990.00000

   Energies (kJ/mol)
        LJ (SR)  Disper. corr.   Coulomb (SR)   Coul. recip.      Potential
    4.63580e+04   -1.97237e+03   -2.82297e+05    1.17374e+03   -2.36738e+05
    Kinetic En.   Total Energy  Conserved En.    Temperature Pres. DC (bar)
    3.76775e+04   -1.99060e+05   -7.39745e+04    2.74665e+02   -2.00133e+02
 Pressure (bar)
    5.16327e+01

           Step           Time
        2000000     4000.00000

   Energies (kJ/mol)
        LJ (SR)  Disper. corr.   Coulomb (SR)   Coul. recip.      Potential
    4.67921e+04   -1.98181e+03   -2.83776e+05    1.12960e+03   -2.37836e+05
    Kinetic En.   Total Energy  Conserved En.    Temperature Pres. DC (bar)
    3.75111e+04   -2.00325e+05   -7.37214e+04    2.73452e+02   -2.02053e+02
 Pressure (bar)
    1.02974e+02

           Step           Time
        2005000     4010.00000

   Energies (kJ/mol)
        LJ (SR)  Disper. corr.   Coulomb (SR)   Coul. recip.      Potential
    4.71627e+04   -1.97661e+03   -2.83036e+05    1.22757e+03   -2.36622e+05
    Kinetic En.   Total Energy  Conserved En.    Temperature Pres. DC (bar)
    3.74047e+04   -1.99218e+05   -7.34471e+04    2.72677e+02   -2.00994e+02
 Pressure (bar)
    3.52927e+02

           Step           Time
        2010000     4020.00000

   Energies (kJ/mol)
        LJ (SR)  Disper. corr.   Coulomb (SR)   Coul. recip.      Potential
    4.67894e+04   -1.98799e+03   -2.82898e+05    1.17836e+03   -2.36918e+05
    Kinetic En.   Total Energy  Conserved En.    Temperature Pres. DC (bar)
    3.72907e+04   -1.99628e+05   -7.31686e+04    2.71846e+02   -2.03314e+02
 Pressure (bar)
    2.76711e+02

           Step           Time
        2015000     4030.00000

   Energies (kJ/mol)
        LJ (SR)  Disper. corr.   Coulomb (SR)   Coul. recip.      Potential
    4.63104e+04   -1.97866e+03   -2.82869e+05    1.15133e+03   -2.37386e+05
    Kinetic En.   Total Energy  Conserved En.    Temperature Pres. DC (bar)
    3.73700e+04   -2.00016e+05   -7.27994e+04    2.72424e+02   -2.01411e+02
 Pressure (bar)
   -2.89872e+01

           Step           Time
        2020000     4040.00000

   Energies (kJ/mol)
        LJ (SR)  Disper. corr.   Coulomb (SR)   Coul. recip.      Potential
    4.68749e+04   -1.97671e+03   -2.82943e+05    1.17764e+03   -2.36867e+05
    Kinetic En.   Total Energy  Conserved En.    Temperature Pres. DC (bar)
    3.74831e+04   -1.99384e+05   -7.25002e+04    2.73248e+02   -2.01014e+02
 Pressure (bar)
    1.59840e+02

           Step           Time
        2025000     4050.00000

   Energies (kJ/mol)
        LJ (SR)  Disper. corr.   Coulomb (SR)   Coul. recip.      Potential
    4.71518e+04   -1.98089e+03   -2.83252e+05    1.14335e+03   -2.36938e+05
    Kinetic En.   Total Energy  Conserved En.    Temperature Pres. DC (bar)
    3.74545e+04   -1.99483e+05   -7.21099e+04    2.73039e+02   -2.01864e+02
 Pressure (bar)
    3.49352e+02

           Step           Time
        2030000     4060.00000

   Energies (kJ/mol)
        LJ (SR)  Disper. corr.   Coulomb (SR)   Coul. recip.      Potential
    4.63373e+04   -1.97774e+03   -2.81998e+05    1.12482e+03   -2.36514e+05
    Kinetic En.   Total Energy  Conserved En.    Temperature Pres. DC (bar)
    3.75897e+04   -1.98924e+05   -7.18086e+04    2.74025e+02   -2.01223e+02
 Pressure (bar)
    1.16435e+02

           Step           Time
        2035000     4070.00000

   Energies (kJ/mol)
        LJ (SR)  Disper. corr.   Coulomb (SR)   Coul. recip.      Potential
    4.52886e+04   -1.95387e+03   -2.80985e+05    1.17190e+03   -2.36478e+05
    Kinetic En.   Total Energy  Conserved En.    Temperature Pres. DC (bar)
    3.73075e+04   -1.99170e+05   -7.15635e+04    2.71968e+02   -1.96399e+02
 Pressure (bar)
   -4.14920e+02

           Step           Time
        2040000     4080.00000

   Energies (kJ/mol)
        LJ (SR)  Disper. corr.   Coulomb (SR)   Coul. recip.      Potential
    4.70925e+04   -1.96837e+03   -2.82898e+05    1.21010e+03   -2.36564e+05
    Kinetic En.   Total Energy  Conserved En.    Temperature Pres. DC (bar)
    3.78676e+04   -1.98697e+05   -7.13008e+04    2.76051e+02   -1.99324e+02
 Pressure (bar)
    3.30743e+02

           Step           Time
        2045000     4090.00000

   Energies (kJ/mol)
        LJ (SR)  Disper. corr.   Coulomb (SR)   Coul. recip.      Potential
    4.59661e+04   -1.96214e+03   -2.81622e+05    1.16754e+03   -2.36450e+05
    Kinetic En.   Total Energy  Conserved En.    Temperature Pres. DC (bar)
    3.69055e+04   -1.99545e+05   -7.10590e+04    2.69037e+02   -1.98064e+02
 Pressure (bar)
   -1.95779e+02

           Step           Time
        2050000     4100.00000

   Energies (kJ/mol)
        LJ (SR)  Disper. corr.   Coulomb (SR)   Coul. recip.      Potential
    4.60299e+04   -1.96366e+03   -2.81896e+05    1.15564e+03   -2.36674e+05
    Kinetic En.   Total Energy  Conserved En.    Temperature Pres. DC (bar)
    3.77645e+04   -1.98909e+05   -7.07666e+04    2.75299e+02   -1.98372e+02
 Pressure (bar)
   -1.18559e+02

           Step           Time
        2055000     4110.00000

   Energies (kJ/mol)
        LJ (SR)  Disper. corr.   Coulomb (SR)   Coul. recip.      Potential
    4.60351e+04   -1.97369e+03   -2.82245e+05    1.15118e+03   -2.37033e+05
    Kinetic En.   Total Energy  Conserved En.    Temperature Pres. DC (bar)
    3.72120e+04   -1.99821e+05   -7.04668e+04    2.71272e+02   -2.00402e+02
 Pressure (bar)
   -1.51826e+02

           Step           Time
        2060000     4120.00000

   Energies (kJ/mol)
        LJ (SR)  Disper. corr.   Coulomb (SR)   Coul. recip.      Potential
    4.74120e+04   -1.96520e+03   -2.84608e+05    1.20183e+03   -2.37960e+05
    Kinetic En.   Total Energy  Conserved En.    Temperature Pres. DC (bar)
    3.74648e+04   -2.00495e+05   -7.01464e+04    2.73114e+02   -1.98682e+02
 Pressure (bar)
    1.22861e+02

           Step           Time
        2065000     4130.00000

   Energies (kJ/mol)
        LJ (SR)  Disper. corr.   Coulomb (SR)   Coul. recip.      Potential
    4.57662e+04   -1.97826e+03   -2.81565e+05    1.23551e+03   -2.36542e+05
    Kinetic En.   Total Energy  Conserved En.    Temperature Pres. DC (bar)
    3.77100e+04   -1.98832e+05   -6.98893e+04    2.74902e+02   -2.01331e+02
 Pressure (bar)
   -1.20332e+02

           Step           Time
        2070000     4140.00000

   Energies (kJ/mol)
        LJ (SR)  Disper. corr.   Coulomb (SR)   Coul. recip.      Potential
    4.64945e+04   -1.98817e+03   -2.82585e+05    1.12457e+03   -2.36954e+05
    Kinetic En.   Total Energy  Conserved En.    Temperature Pres. DC (bar)
    3.76086e+04   -1.99345e+05   -6.94728e+04    2.74163e+02   -2.03349e+02
 Pressure (bar)
    1.15124e+02

           Step           Time
        2075000     4150.00000

   Energies (kJ/mol)
        LJ (SR)  Disper. corr.   Coulomb (SR)   Coul. recip.      Potential
    4.62052e+04   -1.97715e+03   -2.82111e+05    1.17373e+03   -2.36709e+05
    Kinetic En.   Total Energy  Conserved En.    Temperature Pres. DC (bar)
    3.73532e+04   -1.99356e+05   -6.91955e+04    2.72301e+02   -2.01103e+02
 Pressure (bar)
    1.92643e+01

           Step           Time
        2080000     4160.00000

   Energies (kJ/mol)
        LJ (SR)  Disper. corr.   Coulomb (SR)   Coul. recip.      Potential
    4.60333e+04   -1.96804e+03   -2.81708e+05    1.14482e+03   -2.36497e+05
    Kinetic En.   Total Energy  Conserved En.    Temperature Pres. DC (bar)
    3.70029e+04   -1.99495e+05   -6.89240e+04    2.69747e+02   -1.99257e+02
 Pressure (bar)
   -8.73744e+01

           Step           Time
        2085000     4170.00000

   Energies (kJ/mol)
        LJ (SR)  Disper. corr.   Coulomb (SR)   Coul. recip.      Potential
    4.56173e+04   -1.96946e+03   -2.81984e+05    1.17695e+03   -2.37159e+05
    Kinetic En.   Total Energy  Conserved En.    Temperature Pres. DC (bar)
    3.73030e+04   -1.99856e+05   -6.85855e+04    2.71935e+02   -1.99544e+02
 Pressure (bar)
   -3.39306e+02

           Step           Time
        2090000     4180.00000

   Energies (kJ/mol)
        LJ (SR)  Disper. corr.   Coulomb (SR)   Coul. recip.      Potential
    4.65914e+04   -1.98182e+03   -2.83564e+05    1.11158e+03   -2.37843e+05
    Kinetic En.   Total Energy  Conserved En.    Temperature Pres. DC (bar)
    3.74946e+04   -2.00348e+05   -6.82706e+04    2.73332e+02   -2.02053e+02
 Pressure (bar)
    2.96628e+01

Writing checkpoint, step 2094000 at Sat Mar 15 12:13:09 2025


           Step           Time
        2095000     4190.00000

   Energies (kJ/mol)
        LJ (SR)  Disper. corr.   Coulomb (SR)   Coul. recip.      Potential
    4.70792e+04   -1.97197e+03   -2.83789e+05    1.12966e+03   -2.37552e+05
    Kinetic En.   Total Energy  Conserved En.    Temperature Pres. DC (bar)
    3.69617e+04   -2.00590e+05   -6.79569e+04    2.69447e+02   -2.00051e+02
 Pressure (bar)
    8.92729e+01

           Step           Time
        2100000     4200.00000

   Energies (kJ/mol)
        LJ (SR)  Disper. corr.   Coulomb (SR)   Coul. recip.      Potential
    4.63305e+04   -1.95610e+03   -2.82868e+05    1.13570e+03   -2.37358e+05
    Kinetic En.   Total Energy  Conserved En.    Temperature Pres. DC (bar)
    3.69736e+04   -2.00384e+05   -6.76337e+04    2.69534e+02   -1.96848e+02
 Pressure (bar)
   -1.83404e+02

           Step           Time
        2105000     4210.00000

   Energies (kJ/mol)
        LJ (SR)  Disper. corr.   Coulomb (SR)   Coul. recip.      Potential
    4.64690e+04   -1.97645e+03   -2.83597e+05    1.16447e+03   -2.37940e+05
    Kinetic En.   Total Energy  Conserved En.    Temperature Pres. DC (bar)
    3.73085e+04   -2.00632e+05   -6.73154e+04    2.71975e+02   -2.00962e+02
 Pressure (bar)
   -6.36137e+01

           Step           Time
        2110000     4220.00000

   Energies (kJ/mol)
        LJ (SR)  Disper. corr.   Coulomb (SR)   Coul. recip.      Potential
    4.67918e+04   -1.96046e+03   -2.83090e+05    1.19732e+03   -2.37061e+05
    Kinetic En.   Total Energy  Conserved En.    Temperature Pres. DC (bar)
    3.70383e+04   -2.00023e+05   -6.70334e+04    2.70005e+02   -1.97725e+02
 Pressure (bar)
    3.40776e+00

           Step           Time
        2115000     4230.00000

   Energies (kJ/mol)
        LJ (SR)  Disper. corr.   Coulomb (SR)   Coul. recip.      Potential
    4.71350e+04   -1.98314e+03   -2.83460e+05    1.17070e+03   -2.37137e+05
    Kinetic En.   Total Energy  Conserved En.    Temperature Pres. DC (bar)
    3.72960e+04   -1.99841e+05   -6.67615e+04    2.71884e+02   -2.02323e+02
 Pressure (bar)
    3.01570e+02

           Step           Time
        2120000     4240.00000

   Energies (kJ/mol)
        LJ (SR)  Disper. corr.   Coulomb (SR)   Coul. recip.      Potential
    4.61092e+04   -1.95706e+03   -2.82682e+05    1.14145e+03   -2.37388e+05
    Kinetic En.   Total Energy  Conserved En.    Temperature Pres. DC (bar)
    3.79102e+04   -1.99478e+05   -6.64346e+04    2.76362e+02   -1.97041e+02
 Pressure (bar)
   -2.40915e+02

           Step           Time
        2125000     4250.00000

   Energies (kJ/mol)
        LJ (SR)  Disper. corr.   Coulomb (SR)   Coul. recip.      Potential
    4.64663e+04   -1.96346e+03   -2.82390e+05    1.18318e+03   -2.36704e+05
    Kinetic En.   Total Energy  Conserved En.    Temperature Pres. DC (bar)
    3.73331e+04   -1.99371e+05   -6.61091e+04    2.72154e+02   -1.98332e+02
 Pressure (bar)
    1.51216e+01

           Step           Time
        2130000     4260.00000

   Energies (kJ/mol)
        LJ (SR)  Disper. corr.   Coulomb (SR)   Coul. recip.      Potential
    4.58519e+04   -1.96559e+03   -2.81912e+05    1.19570e+03   -2.36830e+05
    Kinetic En.   Total Energy  Conserved En.    Temperature Pres. DC (bar)
    3.77574e+04   -1.99073e+05   -6.58618e+04    2.75248e+02   -1.98761e+02
 Pressure (bar)
   -2.11666e+02

           Step           Time
        2135000     4270.00000

   Energies (kJ/mol)
        LJ (SR)  Disper. corr.   Coulomb (SR)   Coul. recip.      Potential
    4.69131e+04   -1.98216e+03   -2.83055e+05    1.16883e+03   -2.36955e+05
    Kinetic En.   Total Energy  Conserved En.    Temperature Pres. DC (bar)
    3.75618e+04   -1.99394e+05   -6.55722e+04    2.73822e+02   -2.02123e+02
 Pressure (bar)
    2.21055e+02

           Step           Time
        2140000     4280.00000

   Energies (kJ/mol)
        LJ (SR)  Disper. corr.   Coulomb (SR)   Coul. recip.      Potential
    4.70449e+04   -1.96669e+03   -2.83679e+05    1.15925e+03   -2.37441e+05
    Kinetic En.   Total Energy  Conserved En.    Temperature Pres. DC (bar)
    3.67045e+04   -2.00737e+05   -6.53406e+04    2.67572e+02   -1.98984e+02
 Pressure (bar)
    6.72540e+01

           Step           Time
        2145000     4290.00000

   Energies (kJ/mol)
        LJ (SR)  Disper. corr.   Coulomb (SR)   Coul. recip.      Potential
    4.68880e+04   -1.97682e+03   -2.82164e+05    1.17240e+03   -2.36081e+05
    Kinetic En.   Total Energy  Conserved En.    Temperature Pres. DC (bar)
    3.75112e+04   -1.98570e+05   -6.50777e+04    2.73453e+02   -2.01036e+02
 Pressure (bar)
    3.50649e+02

           Step           Time
        2150000     4300.00000

   Energies (kJ/mol)
        LJ (SR)  Disper. corr.   Coulomb (SR)   Coul. recip.      Potential
    4.65131e+04   -1.96683e+03   -2.83008e+05    1.17083e+03   -2.37291e+05
    Kinetic En.   Total Energy  Conserved En.    Temperature Pres. DC (bar)
    3.80152e+04   -1.99276e+05   -6.48530e+04    2.77127e+02   -1.99011e+02
 Pressure (bar)
    7.12329e+00

           Step           Time
        2155000     4310.00000

   Energies (kJ/mol)
        LJ (SR)  Disper. corr.   Coulomb (SR)   Coul. recip.      Potential
    4.73193e+04   -1.98481e+03   -2.84002e+05    1.22381e+03   -2.37443e+05
    Kinetic En.   Total Energy  Conserved En.    Temperature Pres. DC (bar)
    3.76211e+04   -1.99822e+05   -6.45254e+04    2.74254e+02   -2.02665e+02
 Pressure (bar)
    3.55571e+02

           Step           Time
        2160000     4320.00000

   Energies (kJ/mol)
        LJ (SR)  Disper. corr.   Coulomb (SR)   Coul. recip.      Potential
    4.56319e+04   -1.95493e+03   -2.81102e+05    1.16175e+03   -2.36263e+05
    Kinetic En.   Total Energy  Conserved En.    Temperature Pres. DC (bar)
    3.72286e+04   -1.99034e+05   -6.42616e+04    2.71392e+02   -1.96613e+02
 Pressure (bar)
   -2.85480e+02

           Step           Time
        2165000     4330.00000

   Energies (kJ/mol)
        LJ (SR)  Disper. corr.   Coulomb (SR)   Coul. recip.      Potential
    4.74127e+04   -1.98455e+03   -2.84470e+05    1.10499e+03   -2.37937e+05
    Kinetic En.   Total Energy  Conserved En.    Temperature Pres. DC (bar)
    3.75841e+04   -2.00353e+05   -6.39769e+04    2.73984e+02   -2.02610e+02
 Pressure (bar)
    2.64118e+02

           Step           Time
        2170000     4340.00000

   Energies (kJ/mol)
        LJ (SR)  Disper. corr.   Coulomb (SR)   Coul. recip.      Potential
    4.71922e+04   -1.98096e+03   -2.83843e+05    1.13524e+03   -2.37497e+05
    Kinetic En.   Total Energy  Conserved En.    Temperature Pres. DC (bar)
    3.74926e+04   -2.00004e+05   -6.36354e+04    2.73317e+02   -2.01879e+02
 Pressure (bar)
    2.53947e+02

           Step           Time
        2175000     4350.00000

   Energies (kJ/mol)
        LJ (SR)  Disper. corr.   Coulomb (SR)   Coul. recip.      Potential
    4.60804e+04   -1.96658e+03   -2.81771e+05    1.23662e+03   -2.36420e+05
    Kinetic En.   Total Energy  Conserved En.    Temperature Pres. DC (bar)
    3.69905e+04   -1.99430e+05   -6.33518e+04    2.69657e+02   -1.98962e+02
 Pressure (bar)
   -7.92303e+01

           Step           Time
        2180000     4360.00000

   Energies (kJ/mol)
        LJ (SR)  Disper. corr.   Coulomb (SR)   Coul. recip.      Potential
    4.73779e+04   -1.98221e+03   -2.83886e+05    1.13305e+03   -2.37357e+05
    Kinetic En.   Total Energy  Conserved En.    Temperature Pres. DC (bar)
    3.77568e+04   -1.99600e+05   -6.30059e+04    2.75243e+02   -2.02133e+02
 Pressure (bar)
    3.38908e+02

           Step           Time
        2185000     4370.00000

   Energies (kJ/mol)
        LJ (SR)  Disper. corr.   Coulomb (SR)   Coul. recip.      Potential
    4.70833e+04   -1.95385e+03   -2.83224e+05    1.17712e+03   -2.36917e+05
    Kinetic En.   Total Energy  Conserved En.    Temperature Pres. DC (bar)
    3.76378e+04   -1.99280e+05   -6.27108e+04    2.74376e+02   -1.96396e+02
 Pressure (bar)
    9.01524e+01

           Step           Time
        2190000     4380.00000

   Energies (kJ/mol)
        LJ (SR)  Disper. corr.   Coulomb (SR)   Coul. recip.      Potential
    4.63380e+04   -1.96979e+03   -2.82353e+05    1.20540e+03   -2.36779e+05
    Kinetic En.   Total Energy  Conserved En.    Temperature Pres. DC (bar)
    3.73946e+04   -1.99385e+05   -6.22292e+04    2.72603e+02   -1.99610e+02
 Pressure (bar)
   -6.42170e+01

           Step           Time
        2195000     4390.00000

   Energies (kJ/mol)
        LJ (SR)  Disper. corr.   Coulomb (SR)   Coul. recip.      Potential
    4.63593e+04   -1.97174e+03   -2.83234e+05    1.11556e+03   -2.37730e+05
    Kinetic En.   Total Energy  Conserved En.    Temperature Pres. DC (bar)
    3.76631e+04   -2.00067e+05   -6.20097e+04    2.74560e+02   -2.00006e+02
 Pressure (bar)
   -1.25359e+02

           Step           Time
        2200000     4400.00000

   Energies (kJ/mol)
        LJ (SR)  Disper. corr.   Coulomb (SR)   Coul. recip.      Potential
    4.73587e+04   -1.98267e+03   -2.84356e+05    1.18407e+03   -2.37796e+05
    Kinetic En.   Total Energy  Conserved En.    Temperature Pres. DC (bar)
    3.75626e+04   -2.00233e+05   -6.17117e+04    2.73828e+02   -2.02227e+02
 Pressure (bar)
    2.66838e+02

           Step           Time
        2205000     4410.00000

   Energies (kJ/mol)
        LJ (SR)  Disper. corr.   Coulomb (SR)   Coul. recip.      Potential
    4.68088e+04   -1.97628e+03   -2.83042e+05    1.15475e+03   -2.37055e+05
    Kinetic En.   Total Energy  Conserved En.    Temperature Pres. DC (bar)
    3.76733e+04   -1.99382e+05   -6.13863e+04    2.74634e+02   -2.00927e+02
 Pressure (bar)
    1.93968e+02

           Step           Time
        2210000     4420.00000

   Energies (kJ/mol)
        LJ (SR)  Disper. corr.   Coulomb (SR)   Coul. recip.      Potential
    4.70173e+04   -1.98862e+03   -2.83729e+05    1.10708e+03   -2.37593e+05
    Kinetic En.   Total Energy  Conserved En.    Temperature Pres. DC (bar)
    3.76293e+04   -1.99964e+05   -6.11292e+04    2.74314e+02   -2.03443e+02
 Pressure (bar)
    2.69410e+02

           Step           Time
        2215000     4430.00000

   Energies (kJ/mol)
        LJ (SR)  Disper. corr.   Coulomb (SR)   Coul. recip.      Potential
    4.62471e+04   -1.97545e+03   -2.82973e+05    1.17052e+03   -2.37531e+05
    Kinetic En.   Total Energy  Conserved En.    Temperature Pres. DC (bar)
    3.73068e+04   -2.00225e+05   -6.08230e+04    2.71962e+02   -2.00759e+02
 Pressure (bar)
   -1.21684e+02

           Step           Time
        2220000     4440.00000

   Energies (kJ/mol)
        LJ (SR)  Disper. corr.   Coulomb (SR)   Coul. recip.      Potential
    4.58763e+04   -1.97963e+03   -2.82150e+05    1.19431e+03   -2.37059e+05
    Kinetic En.   Total Energy  Conserved En.    Temperature Pres. DC (bar)
    3.75657e+04   -1.99493e+05   -6.05458e+04    2.73850e+02   -2.01608e+02
 Pressure (bar)
   -6.52359e+01

           Step           Time
        2225000     4450.00000

   Energies (kJ/mol)
        LJ (SR)  Disper. corr.   Coulomb (SR)   Coul. recip.      Potential
    4.56083e+04   -1.95416e+03   -2.81676e+05    1.21821e+03   -2.36803e+05
    Kinetic En.   Total Energy  Conserved En.    Temperature Pres. DC (bar)
    3.74823e+04   -1.99321e+05   -6.01924e+04    2.73242e+02   -1.96459e+02
 Pressure (bar)
   -4.42979e+02

           Step           Time
        2230000     4460.00000

   Energies (kJ/mol)
        LJ (SR)  Disper. corr.   Coulomb (SR)   Coul. recip.      Potential
    4.68311e+04   -1.97148e+03   -2.82966e+05    1.12316e+03   -2.36983e+05
    Kinetic En.   Total Energy  Conserved En.    Temperature Pres. DC (bar)
    3.71965e+04   -1.99787e+05   -5.99179e+04    2.71159e+02   -1.99954e+02
 Pressure (bar)
    1.39491e+02

           Step           Time
        2235000     4470.00000

   Energies (kJ/mol)
        LJ (SR)  Disper. corr.   Coulomb (SR)   Coul. recip.      Potential
    4.55518e+04   -1.97271e+03   -2.81886e+05    1.15345e+03   -2.37153e+05
    Kinetic En.   Total Energy  Conserved En.    Temperature Pres. DC (bar)
    3.73870e+04   -1.99766e+05   -5.96214e+04    2.72547e+02   -2.00202e+02
 Pressure (bar)
   -2.97194e+02

           Step           Time
        2240000     4480.00000

   Energies (kJ/mol)
        LJ (SR)  Disper. corr.   Coulomb (SR)   Coul. recip.      Potential
    4.59125e+04   -1.97821e+03   -2.81972e+05    1.18517e+03   -2.36852e+05
    Kinetic En.   Total Energy  Conserved En.    Temperature Pres. DC (bar)
    3.72373e+04   -1.99615e+05   -5.93523e+04    2.71456e+02   -2.01320e+02
 Pressure (bar)
   -7.41984e+01

           Step           Time
        2245000     4490.00000

   Energies (kJ/mol)
        LJ (SR)  Disper. corr.   Coulomb (SR)   Coul. recip.      Potential
    4.57986e+04   -1.97065e+03   -2.81612e+05    1.13399e+03   -2.36650e+05
    Kinetic En.   Total Energy  Conserved En.    Temperature Pres. DC (bar)
    3.74154e+04   -1.99234e+05   -5.89987e+04    2.72754e+02   -1.99785e+02
 Pressure (bar)
   -1.52398e+02

           Step           Time
        2250000     4500.00000

   Energies (kJ/mol)
        LJ (SR)  Disper. corr.   Coulomb (SR)   Coul. recip.      Potential
    4.63197e+04   -1.96522e+03   -2.81875e+05    1.13319e+03   -2.36387e+05
    Kinetic En.   Total Energy  Conserved En.    Temperature Pres. DC (bar)
    3.72360e+04   -1.99151e+05   -5.87225e+04    2.71447e+02   -1.98687e+02
 Pressure (bar)
    1.46777e+01

           Step           Time
        2255000     4510.00000

   Energies (kJ/mol)
        LJ (SR)  Disper. corr.   Coulomb (SR)   Coul. recip.      Potential
    4.56389e+04   -1.96859e+03   -2.81532e+05    1.18694e+03   -2.36675e+05
    Kinetic En.   Total Energy  Conserved En.    Temperature Pres. DC (bar)
    3.77164e+04   -1.98958e+05   -5.84612e+04    2.74949e+02   -1.99367e+02
 Pressure (bar)
   -2.55022e+02

           Step           Time
        2260000     4520.00000

   Energies (kJ/mol)
        LJ (SR)  Disper. corr.   Coulomb (SR)   Coul. recip.      Potential
    4.69285e+04   -1.99383e+03   -2.83741e+05    1.16282e+03   -2.37644e+05
    Kinetic En.   Total Energy  Conserved En.    Temperature Pres. DC (bar)
    3.70556e+04   -2.00588e+05   -5.81745e+04    2.70132e+02   -2.04508e+02
 Pressure (bar)
    2.14990e+02

           Step           Time
        2265000     4530.00000

   Energies (kJ/mol)
        LJ (SR)  Disper. corr.   Coulomb (SR)   Coul. recip.      Potential
    4.64710e+04   -1.98153e+03   -2.83669e+05    1.18092e+03   -2.37998e+05
    Kinetic En.   Total Energy  Conserved En.    Temperature Pres. DC (bar)
    3.72374e+04   -2.00761e+05   -5.78709e+04    2.71456e+02   -2.01996e+02
 Pressure (bar)
   -4.74859e+01

           Step           Time
        2270000     4540.00000

   Energies (kJ/mol)
        LJ (SR)  Disper. corr.   Coulomb (SR)   Coul. recip.      Potential
    4.54884e+04   -1.97921e+03   -2.81138e+05    1.17503e+03   -2.36454e+05
    Kinetic En.   Total Energy  Conserved En.    Temperature Pres. DC (bar)
    3.78261e+04   -1.98628e+05   -5.75586e+04    2.75748e+02   -2.01523e+02
 Pressure (bar)
   -2.12123e+02

           Step           Time
        2275000     4550.00000

   Energies (kJ/mol)
        LJ (SR)  Disper. corr.   Coulomb (SR)   Coul. recip.      Potential
    4.68849e+04   -1.98089e+03   -2.83229e+05    1.22242e+03   -2.37102e+05
    Kinetic En.   Total Energy  Conserved En.    Temperature Pres. DC (bar)
    3.76650e+04   -1.99437e+05   -5.72614e+04    2.74574e+02   -2.01864e+02
 Pressure (bar)
    1.94154e+02

           Step           Time
        2280000     4560.00000

   Energies (kJ/mol)
        LJ (SR)  Disper. corr.   Coulomb (SR)   Coul. recip.      Potential
    4.70704e+04   -1.96934e+03   -2.83528e+05    1.15054e+03   -2.37277e+05
    Kinetic En.   Total Energy  Conserved En.    Temperature Pres. DC (bar)
    3.66992e+04   -2.00577e+05   -5.69572e+04    2.67533e+02   -1.99519e+02
 Pressure (bar)
    1.16461e+02

           Step           Time
        2285000     4570.00000

   Energies (kJ/mol)
        LJ (SR)  Disper. corr.   Coulomb (SR)   Coul. recip.      Potential
    4.67410e+04   -1.98040e+03   -2.82915e+05    1.12095e+03   -2.37034e+05
    Kinetic En.   Total Energy  Conserved En.    Temperature Pres. DC (bar)
    3.72662e+04   -1.99767e+05   -5.66972e+04    2.71667e+02   -2.01766e+02
 Pressure (bar)
    1.63140e+02

           Step           Time
        2290000     4580.00000

   Energies (kJ/mol)
        LJ (SR)  Disper. corr.   Coulomb (SR)   Coul. recip.      Potential
    4.62736e+04   -1.97589e+03   -2.82345e+05    1.12615e+03   -2.36921e+05
    Kinetic En.   Total Energy  Conserved En.    Temperature Pres. DC (bar)
    3.75768e+04   -1.99344e+05   -5.64097e+04    2.73931e+02   -2.00847e+02
 Pressure (bar)
   -1.73934e+01

           Step           Time
        2295000     4590.00000

   Energies (kJ/mol)
        LJ (SR)  Disper. corr.   Coulomb (SR)   Coul. recip.      Potential
    4.66515e+04   -1.96734e+03   -2.83365e+05    1.17923e+03   -2.37501e+05
    Kinetic En.   Total Energy  Conserved En.    Temperature Pres. DC (bar)
    3.75039e+04   -1.99997e+05   -5.60865e+04    2.73399e+02   -1.99114e+02
 Pressure (bar)
   -6.62278e+01

           Step           Time
        2300000     4600.00000

   Energies (kJ/mol)
        LJ (SR)  Disper. corr.   Coulomb (SR)   Coul. recip.      Potential
    4.58202e+04   -1.96803e+03   -2.81847e+05    1.15223e+03   -2.36843e+05
    Kinetic En.   Total Energy  Conserved En.    Temperature Pres. DC (bar)
    3.72582e+04   -1.99585e+05   -5.57646e+04    2.71608e+02   -1.99255e+02
 Pressure (bar)
   -2.15189e+02

           Step           Time
        2305000     4610.00000

   Energies (kJ/mol)
        LJ (SR)  Disper. corr.   Coulomb (SR)   Coul. recip.      Potential
    4.71844e+04   -1.96476e+03   -2.84289e+05    1.16881e+03   -2.37900e+05
    Kinetic En.   Total Energy  Conserved En.    Temperature Pres. DC (bar)
    3.77029e+04   -2.00197e+05   -5.54515e+04    2.74850e+02   -1.98593e+02
 Pressure (bar)
    8.67128e+01

           Step           Time
        2310000     4620.00000

   Energies (kJ/mol)
        LJ (SR)  Disper. corr.   Coulomb (SR)   Coul. recip.      Potential
    4.55646e+04   -1.96654e+03   -2.81952e+05    1.21610e+03   -2.37138e+05
    Kinetic En.   Total Energy  Conserved En.    Temperature Pres. DC (bar)
    3.74838e+04   -1.99654e+05   -5.51111e+04    2.73253e+02   -1.98953e+02
 Pressure (bar)
   -3.63948e+02

Writing checkpoint, step 2313150 at Sat Mar 15 12:28:09 2025


           Step           Time
        2315000     4630.00000

   Energies (kJ/mol)
        LJ (SR)  Disper. corr.   Coulomb (SR)   Coul. recip.      Potential
    4.58006e+04   -1.96651e+03   -2.81003e+05    1.14605e+03   -2.36023e+05
    Kinetic En.   Total Energy  Conserved En.    Temperature Pres. DC (bar)
    3.77739e+04   -1.98249e+05   -5.47665e+04    2.75368e+02   -1.98948e+02
 Pressure (bar)
   -5.20790e+01

           Step           Time
        2320000     4640.00000

   Energies (kJ/mol)
        LJ (SR)  Disper. corr.   Coulomb (SR)   Coul. recip.      Potential
    4.76606e+04   -1.97163e+03   -2.83729e+05    1.17299e+03   -2.36867e+05
    Kinetic En.   Total Energy  Conserved En.    Temperature Pres. DC (bar)
    3.70925e+04   -1.99775e+05   -5.43829e+04    2.70400e+02   -1.99984e+02
 Pressure (bar)
    4.00739e+02

           Step           Time
        2325000     4650.00000

   Energies (kJ/mol)
        LJ (SR)  Disper. corr.   Coulomb (SR)   Coul. recip.      Potential
    4.55309e+04   -1.96280e+03   -2.81325e+05    1.18006e+03   -2.36577e+05
    Kinetic En.   Total Energy  Conserved En.    Temperature Pres. DC (bar)
    3.78985e+04   -1.98679e+05   -5.41446e+04    2.76276e+02   -1.98199e+02
 Pressure (bar)
   -2.68247e+02

           Step           Time
        2330000     4660.00000

   Energies (kJ/mol)
        LJ (SR)  Disper. corr.   Coulomb (SR)   Coul. recip.      Potential
    4.60654e+04   -1.97260e+03   -2.81660e+05    1.15602e+03   -2.36411e+05
    Kinetic En.   Total Energy  Conserved En.    Temperature Pres. DC (bar)
    3.76086e+04   -1.98803e+05   -5.38938e+04    2.74163e+02   -2.00181e+02
 Pressure (bar)
    4.28455e+01

           Step           Time
        2335000     4670.00000

   Energies (kJ/mol)
        LJ (SR)  Disper. corr.   Coulomb (SR)   Coul. recip.      Potential
    4.71173e+04   -1.98222e+03   -2.83989e+05    1.15136e+03   -2.37702e+05
    Kinetic En.   Total Energy  Conserved En.    Temperature Pres. DC (bar)
    3.76900e+04   -2.00012e+05   -5.35528e+04    2.74756e+02   -2.02135e+02
 Pressure (bar)
    2.03104e+02

           Step           Time
        2340000     4680.00000

   Energies (kJ/mol)
        LJ (SR)  Disper. corr.   Coulomb (SR)   Coul. recip.      Potential
    4.74911e+04   -1.96500e+03   -2.83777e+05    1.21012e+03   -2.37041e+05
    Kinetic En.   Total Energy  Conserved En.    Temperature Pres. DC (bar)
    3.74959e+04   -1.99545e+05   -5.31764e+04    2.73341e+02   -1.98642e+02
 Pressure (bar)
    2.54345e+02

           Step           Time
        2345000     4690.00000

   Energies (kJ/mol)
        LJ (SR)  Disper. corr.   Coulomb (SR)   Coul. recip.      Potential
    4.51144e+04   -1.97217e+03   -2.80789e+05    1.14174e+03   -2.36505e+05
    Kinetic En.   Total Energy  Conserved En.    Temperature Pres. DC (bar)
    3.74678e+04   -1.99037e+05   -5.28250e+04    2.73136e+02   -2.00092e+02
 Pressure (bar)
   -4.07159e+02

           Step           Time
        2350000     4700.00000

   Energies (kJ/mol)
        LJ (SR)  Disper. corr.   Coulomb (SR)   Coul. recip.      Potential
    4.58292e+04   -1.98392e+03   -2.82314e+05    1.18676e+03   -2.37282e+05
    Kinetic En.   Total Energy  Conserved En.    Temperature Pres. DC (bar)
    3.73755e+04   -1.99907e+05   -5.25325e+04    2.72463e+02   -2.02482e+02
 Pressure (bar)
   -8.81960e+01

           Step           Time
        2355000     4710.00000

   Energies (kJ/mol)
        LJ (SR)  Disper. corr.   Coulomb (SR)   Coul. recip.      Potential
    4.59447e+04   -1.94919e+03   -2.81392e+05    1.20972e+03   -2.36187e+05
    Kinetic En.   Total Energy  Conserved En.    Temperature Pres. DC (bar)
    3.78123e+04   -1.98375e+05   -5.21340e+04    2.75648e+02   -1.95462e+02
 Pressure (bar)
   -2.29179e+02

           Step           Time
        2360000     4720.00000

   Energies (kJ/mol)
        LJ (SR)  Disper. corr.   Coulomb (SR)   Coul. recip.      Potential
    4.52713e+04   -1.96351e+03   -2.80539e+05    1.19734e+03   -2.36034e+05
    Kinetic En.   Total Energy  Conserved En.    Temperature Pres. DC (bar)
    3.74536e+04   -1.98580e+05   -5.17535e+04    2.73033e+02   -1.98340e+02
 Pressure (bar)
   -3.19161e+02

           Step           Time
        2365000     4730.00000

   Energies (kJ/mol)
        LJ (SR)  Disper. corr.   Coulomb (SR)   Coul. recip.      Potential
    4.66929e+04   -1.97337e+03   -2.82545e+05    1.20391e+03   -2.36621e+05
    Kinetic En.   Total Energy  Conserved En.    Temperature Pres. DC (bar)
    3.73954e+04   -1.99226e+05   -5.12707e+04    2.72608e+02   -2.00336e+02
 Pressure (bar)
    1.65201e+02

           Step           Time
        2370000     4740.00000

   Energies (kJ/mol)
        LJ (SR)  Disper. corr.   Coulomb (SR)   Coul. recip.      Potential
    4.53088e+04   -1.95278e+03   -2.80624e+05    1.22553e+03   -2.36042e+05
    Kinetic En.   Total Energy  Conserved En.    Temperature Pres. DC (bar)
    3.75387e+04   -1.98504e+05   -5.09921e+04    2.73654e+02   -1.96182e+02
 Pressure (bar)
   -3.82114e+02

           Step           Time
        2375000     4750.00000

   Energies (kJ/mol)
        LJ (SR)  Disper. corr.   Coulomb (SR)   Coul. recip.      Potential
    4.56403e+04   -1.97434e+03   -2.81680e+05    1.13493e+03   -2.36879e+05
    Kinetic En.   Total Energy  Conserved En.    Temperature Pres. DC (bar)
    3.69064e+04   -1.99973e+05   -5.06609e+04    2.69044e+02   -2.00533e+02
 Pressure (bar)
   -1.96595e+02

           Step           Time
        2380000     4760.00000

   Energies (kJ/mol)
        LJ (SR)  Disper. corr.   Coulomb (SR)   Coul. recip.      Potential
    4.67134e+04   -1.95932e+03   -2.82464e+05    1.11711e+03   -2.36593e+05
    Kinetic En.   Total Energy  Conserved En.    Temperature Pres. DC (bar)
    3.80018e+04   -1.98591e+05   -5.03630e+04    2.77029e+02   -1.97497e+02
 Pressure (bar)
    7.67752e+01

           Step           Time
        2385000     4770.00000

   Energies (kJ/mol)
        LJ (SR)  Disper. corr.   Coulomb (SR)   Coul. recip.      Potential
    4.61048e+04   -1.97397e+03   -2.81577e+05    1.21897e+03   -2.36227e+05
    Kinetic En.   Total Energy  Conserved En.    Temperature Pres. DC (bar)
    3.72163e+04   -1.99011e+05   -5.00361e+04    2.71303e+02   -2.00458e+02
 Pressure (bar)
    2.76673e+01

           Step           Time
        2390000     4780.00000

   Energies (kJ/mol)
        LJ (SR)  Disper. corr.   Coulomb (SR)   Coul. recip.      Potential
    4.64977e+04   -1.97203e+03   -2.82791e+05    1.15428e+03   -2.37111e+05
    Kinetic En.   Total Energy  Conserved En.    Temperature Pres. DC (bar)
    3.77166e+04   -1.99394e+05   -4.96687e+04    2.74950e+02   -2.00065e+02
 Pressure (bar)
    5.04102e+01

           Step           Time
        2395000     4790.00000

   Energies (kJ/mol)
        LJ (SR)  Disper. corr.   Coulomb (SR)   Coul. recip.      Potential
    4.67929e+04   -1.98397e+03   -2.83104e+05    1.14793e+03   -2.37147e+05
    Kinetic En.   Total Energy  Conserved En.    Temperature Pres. DC (bar)
    3.73793e+04   -1.99768e+05   -4.93829e+04    2.72491e+02   -2.02492e+02
 Pressure (bar)
    1.93114e+02

           Step           Time
        2400000     4800.00000

   Energies (kJ/mol)
        LJ (SR)  Disper. corr.   Coulomb (SR)   Coul. recip.      Potential
    4.63223e+04   -1.97148e+03   -2.82022e+05    1.19838e+03   -2.36472e+05
    Kinetic En.   Total Energy  Conserved En.    Temperature Pres. DC (bar)
    3.75670e+04   -1.98905e+05   -4.91084e+04    2.73859e+02   -1.99953e+02
 Pressure (bar)
    8.13307e+01

           Step           Time
        2405000     4810.00000

   Energies (kJ/mol)
        LJ (SR)  Disper. corr.   Coulomb (SR)   Coul. recip.      Potential
    4.72401e+04   -1.98813e+03   -2.83773e+05    1.18109e+03   -2.37340e+05
    Kinetic En.   Total Energy  Conserved En.    Temperature Pres. DC (bar)
    3.74103e+04   -1.99930e+05   -4.87391e+04    2.72717e+02   -2.03341e+02
 Pressure (bar)
    3.72833e+02

           Step           Time
        2410000     4820.00000

   Energies (kJ/mol)
        LJ (SR)  Disper. corr.   Coulomb (SR)   Coul. recip.      Potential
    4.59274e+04   -1.94970e+03   -2.83056e+05    1.17102e+03   -2.37908e+05
    Kinetic En.   Total Energy  Conserved En.    Temperature Pres. DC (bar)
    3.75233e+04   -2.00384e+05   -4.84389e+04    2.73541e+02   -1.95564e+02
 Pressure (bar)
   -4.45291e+02

           Step           Time
        2415000     4830.00000

   Energies (kJ/mol)
        LJ (SR)  Disper. corr.   Coulomb (SR)   Coul. recip.      Potential
    4.64723e+04   -1.97937e+03   -2.82659e+05    1.14433e+03   -2.37022e+05
    Kinetic En.   Total Energy  Conserved En.    Temperature Pres. DC (bar)
    3.78519e+04   -1.99170e+05   -4.81147e+04    2.75936e+02   -2.01554e+02
 Pressure (bar)
    1.26218e+02

           Step           Time
        2420000     4840.00000

   Energies (kJ/mol)
        LJ (SR)  Disper. corr.   Coulomb (SR)   Coul. recip.      Potential
    4.75039e+04   -1.97592e+03   -2.83765e+05    1.12535e+03   -2.37112e+05
    Kinetic En.   Total Energy  Conserved En.    Temperature Pres. DC (bar)
    3.77787e+04   -1.99333e+05   -4.77846e+04    2.75402e+02   -2.00854e+02
 Pressure (bar)
    3.87534e+02

           Step           Time
        2425000     4850.00000

   Energies (kJ/mol)
        LJ (SR)  Disper. corr.   Coulomb (SR)   Coul. recip.      Potential
    4.67376e+04   -1.98151e+03   -2.83189e+05    1.19740e+03   -2.37235e+05
    Kinetic En.   Total Energy  Conserved En.    Temperature Pres. DC (bar)
    3.73238e+04   -1.99911e+05   -4.75238e+04    2.72087e+02   -2.01991e+02
 Pressure (bar)
    1.48429e+02

           Step           Time
        2430000     4860.00000

   Energies (kJ/mol)
        LJ (SR)  Disper. corr.   Coulomb (SR)   Coul. recip.      Potential
    4.66767e+04   -1.96707e+03   -2.82613e+05    1.13570e+03   -2.36767e+05
    Kinetic En.   Total Energy  Conserved En.    Temperature Pres. DC (bar)
    3.74453e+04   -1.99322e+05   -4.72154e+04    2.72972e+02   -1.99060e+02
 Pressure (bar)
    9.52322e+01

           Step           Time
        2435000     4870.00000

   Energies (kJ/mol)
        LJ (SR)  Disper. corr.   Coulomb (SR)   Coul. recip.      Potential
    4.61165e+04   -1.96862e+03   -2.82358e+05    1.16110e+03   -2.37049e+05
    Kinetic En.   Total Energy  Conserved En.    Temperature Pres. DC (bar)
    3.77030e+04   -1.99346e+05   -4.68375e+04    2.74851e+02   -1.99373e+02
 Pressure (bar)
   -1.34258e+02

Writing checkpoint, step 2436000 at Sat Mar 15 12:43:09 2025


           Step           Time
        2440000     4880.00000

   Energies (kJ/mol)
        LJ (SR)  Disper. corr.   Coulomb (SR)   Coul. recip.      Potential
    4.55057e+04   -1.96121e+03   -2.81660e+05    1.19121e+03   -2.36924e+05
    Kinetic En.   Total Energy  Conserved En.    Temperature Pres. DC (bar)
    3.70407e+04   -1.99883e+05   -4.65263e+04    2.70023e+02   -1.97878e+02
 Pressure (bar)
   -3.89946e+02

           Step           Time
        2445000     4890.00000

   Energies (kJ/mol)
        LJ (SR)  Disper. corr.   Coulomb (SR)   Coul. recip.      Potential
    4.55535e+04   -1.96197e+03   -2.80616e+05    1.18895e+03   -2.35835e+05
    Kinetic En.   Total Energy  Conserved En.    Temperature Pres. DC (bar)
    3.70451e+04   -1.98790e+05   -4.62192e+04    2.70055e+02   -1.98031e+02
 Pressure (bar)
   -1.71054e+02

           Step           Time
        2450000     4900.00000

   Energies (kJ/mol)
        LJ (SR)  Disper. corr.   Coulomb (SR)   Coul. recip.      Potential
    4.71452e+04   -1.98717e+03   -2.84062e+05    1.22042e+03   -2.37684e+05
    Kinetic En.   Total Energy  Conserved En.    Temperature Pres. DC (bar)
    3.76034e+04   -2.00081e+05   -4.59474e+04    2.74125e+02   -2.03145e+02
 Pressure (bar)
    2.80395e+02

           Step           Time
        2455000     4910.00000

   Energies (kJ/mol)
        LJ (SR)  Disper. corr.   Coulomb (SR)   Coul. recip.      Potential
    4.60235e+04   -1.96550e+03   -2.82329e+05    1.15078e+03   -2.37121e+05
    Kinetic En.   Total Energy  Conserved En.    Temperature Pres. DC (bar)
    3.76309e+04   -1.99490e+05   -4.57049e+04    2.74325e+02   -1.98743e+02
 Pressure (bar)
   -1.79240e+02

           Step           Time
        2460000     4920.00000

   Energies (kJ/mol)
        LJ (SR)  Disper. corr.   Coulomb (SR)   Coul. recip.      Potential
    4.53252e+04   -1.97168e+03   -2.81130e+05    1.17109e+03   -2.36606e+05
    Kinetic En.   Total Energy  Conserved En.    Temperature Pres. DC (bar)
    3.69705e+04   -1.99635e+05   -4.54407e+04    2.69511e+02   -1.99993e+02
 Pressure (bar)
   -2.91363e+02

           Step           Time
        2465000     4930.00000

   Energies (kJ/mol)
        LJ (SR)  Disper. corr.   Coulomb (SR)   Coul. recip.      Potential
    4.63285e+04   -1.96602e+03   -2.82052e+05    1.17328e+03   -2.36517e+05
    Kinetic En.   Total Energy  Conserved En.    Temperature Pres. DC (bar)
    3.73764e+04   -1.99140e+05   -4.51159e+04    2.72470e+02   -1.98849e+02
 Pressure (bar)
   -1.41868e+01

           Step           Time
        2470000     4940.00000

   Energies (kJ/mol)
        LJ (SR)  Disper. corr.   Coulomb (SR)   Coul. recip.      Potential
    4.58894e+04   -1.96295e+03   -2.81839e+05    1.19583e+03   -2.36717e+05
    Kinetic En.   Total Energy  Conserved En.    Temperature Pres. DC (bar)
    3.76877e+04   -1.99029e+05   -4.48645e+04    2.74739e+02   -1.98228e+02
 Pressure (bar)
   -1.77673e+02

           Step           Time
        2475000     4950.00000

   Energies (kJ/mol)
        LJ (SR)  Disper. corr.   Coulomb (SR)   Coul. recip.      Potential
    4.54556e+04   -1.95593e+03   -2.80780e+05    1.16443e+03   -2.36116e+05
    Kinetic En.   Total Energy  Conserved En.    Temperature Pres. DC (bar)
    3.80079e+04   -1.98108e+05   -4.45659e+04    2.77074e+02   -1.96815e+02
 Pressure (bar)
   -3.15676e+02

           Step           Time
        2480000     4960.00000

   Energies (kJ/mol)
        LJ (SR)  Disper. corr.   Coulomb (SR)   Coul. recip.      Potential
    4.70434e+04   -1.97061e+03   -2.82815e+05    1.14869e+03   -2.36594e+05
    Kinetic En.   Total Energy  Conserved En.    Temperature Pres. DC (bar)
    3.73812e+04   -1.99213e+05   -4.42320e+04    2.72505e+02   -1.99778e+02
 Pressure (bar)
    3.03002e+02

           Step           Time
        2485000     4970.00000

   Energies (kJ/mol)
        LJ (SR)  Disper. corr.   Coulomb (SR)   Coul. recip.      Potential
    4.53826e+04   -1.94666e+03   -2.80595e+05    1.17664e+03   -2.35982e+05
    Kinetic En.   Total Energy  Conserved En.    Temperature Pres. DC (bar)
    3.74569e+04   -1.98525e+05   -4.38187e+04    2.73057e+02   -1.94956e+02
 Pressure (bar)
   -3.81983e+02

           Step           Time
        2490000     4980.00000

   Energies (kJ/mol)
        LJ (SR)  Disper. corr.   Coulomb (SR)   Coul. recip.      Potential
    4.57361e+04   -1.97169e+03   -2.81782e+05    1.15523e+03   -2.36862e+05
    Kinetic En.   Total Energy  Conserved En.    Temperature Pres. DC (bar)
    3.74589e+04   -1.99403e+05   -4.34748e+04    2.73072e+02   -1.99996e+02
 Pressure (bar)
   -1.54113e+02

           Step           Time
        2495000     4990.00000

   Energies (kJ/mol)
        LJ (SR)  Disper. corr.   Coulomb (SR)   Coul. recip.      Potential
    4.63253e+04   -1.96592e+03   -2.82682e+05    1.17056e+03   -2.37152e+05
    Kinetic En.   Total Energy  Conserved En.    Temperature Pres. DC (bar)
    3.76873e+04   -1.99465e+05   -4.31353e+04    2.74737e+02   -1.98827e+02
 Pressure (bar)
   -9.25705e+01

           Step           Time
        2500000     5000.00000

Writing checkpoint, step 2500000 at Sat Mar 15 12:47:33 2025


   Energies (kJ/mol)
        LJ (SR)  Disper. corr.   Coulomb (SR)   Coul. recip.      Potential
    4.69124e+04   -1.96674e+03   -2.83508e+05    1.17156e+03   -2.37391e+05
    Kinetic En.   Total Energy  Conserved En.    Temperature Pres. DC (bar)
    3.77625e+04   -1.99628e+05   -4.28743e+04    2.75284e+02   -1.98993e+02
 Pressure (bar)
    6.14255e+01


Energy conservation over simulation part #1 of length 5000 ps, time 0 to 5000 ps
  Conserved energy drift: 1.42e-03 kJ/mol/ps per atom


	<======  ###############  ==>
	<====  A V E R A G E S  ====>
	<==  ###############  ======>

	Statistics over 2500001 steps using 25001 frames

   Energies (kJ/mol)
        LJ (SR)  Disper. corr.   Coulomb (SR)   Coul. recip.      Potential
    4.64057e+04   -1.97214e+03   -2.82635e+05    1.16876e+03   -2.37033e+05
    Kinetic En.   Total Energy  Conserved En.    Temperature Pres. DC (bar)
    3.74520e+04   -1.99581e+05   -1.20997e+05    2.73021e+02   -2.00092e+02
 Pressure (bar)
    8.52052e-01

          Box-X          Box-Y          Box-Z
    5.47168e+00    5.47168e+00    5.47168e+00

   Total Virial (kJ/mol)
    1.24815e+04   -8.59601e+00   -4.93750e+00
   -8.59727e+00    1.24835e+04   -4.34295e+00
   -4.92185e+00   -4.34199e+00    1.24842e+04

   Pressure (bar)
    1.33829e+00    1.67770e+00    1.12347e+00
    1.67796e+00    6.18411e-01    1.00206e+00
    1.12029e+00    1.00186e+00    5.99454e-01


	M E G A - F L O P S   A C C O U N T I N G

 NB=Group-cutoff nonbonded kernels    NxN=N-by-N cluster Verlet kernels
 RF=Reaction-Field  VdW=Van der Waals  QSTab=quadratic-spline table
 W3=SPC/TIP3p  W4=TIP4p (single or pairs)
 V&F=Potential and force  V=Potential only  F=Force only

 Computing:                               M-Number         M-Flops  % Flops
-----------------------------------------------------------------------------
 Pair Search distance check          455056.120856     4095505.088     0.2
 NxN Ewald Elec. + LJ [F]          17189237.538384  1134489677.533    49.5
 NxN Ewald Elec. + LJ [V&F]          173634.702240    18578913.140     0.8
 NxN Ewald Elec. [F]               17183699.090128  1048205644.498    45.7
 NxN Ewald Elec. [V&F]               173578.656384    14580607.136     0.6
 Calc Weights                        165000.066000     5940002.376     0.3
 Spread Q Bspline                   3520001.408000     7040002.816     0.3
 Gather F Bspline                   3520001.408000    21120008.448     0.9
 3D-FFT                             3618121.447248    28944971.578     1.3
 Solve PME                            61560.024624     3939841.576     0.2
 Reset In Box                          1100.000000        3300.000     0.0
 CG-CoM                                1100.022000        3300.066     0.0
 Virial                                1102.272045       19840.897     0.0
 Stop-CM                                550.022000        5500.220     0.0
 Calc-Ekin                            11000.044000      297001.188     0.0
 Constraint-V                         41250.016500      371250.149     0.0
 Constraint-Vir                         825.016500       19800.396     0.0
 Settle                               13750.005500     5087502.035     0.2
 Virtual Site 3                       14025.011000      518925.407     0.0
-----------------------------------------------------------------------------
 Total                                              2293261594.546   100.0
-----------------------------------------------------------------------------


    D O M A I N   D E C O M P O S I T I O N   S T A T I S T I C S

 av. #atoms communicated per step for force:  2 x 0.0


      R E A L   C Y C L E   A N D   T I M E   A C C O U N T I N G

On 1 MPI rank, each using 6 OpenMP threads

 Activity:              Num   Num      Call    Wall time         Giga-Cycles
                        Ranks Threads  Count      (s)         total sum    %
--------------------------------------------------------------------------------
 Domain decomp.            1    6      50000     113.162       1609.498   0.9
 Vsite constr.             1    6    2500001      46.845        666.276   0.4
 Neighbor search           1    6      50001     362.829       5160.514   3.0
 Force                     1    6    2500001    8531.234     121339.665  71.3
 PME mesh                  1    6    2500001    1813.246      25789.777  15.2
 NB X/F buffer ops.        1    6    4950001     662.006       9415.706   5.5
 Vsite spread              1    6    2550002     101.584       1444.830   0.8
 Write traj.               1    6        514       2.725         38.751   0.0
 Update                    1    6    2500001     127.285       1810.376   1.1
 Constraints               1    6    2500001     136.668       1943.827   1.1
 Rest                                             66.442        945.006   0.6
--------------------------------------------------------------------------------
 Total                                         11964.025     170164.226 100.0
--------------------------------------------------------------------------------
 Breakdown of PME mesh activities
--------------------------------------------------------------------------------
 PME spread                1    6    2500001     888.981      12643.967   7.4
 PME gather                1    6    2500001     441.776       6283.375   3.7
 PME 3D-FFT                1    6    5000002     424.923       6043.682   3.6
 PME solve Elec            1    6    2500001      28.551        406.082   0.2
--------------------------------------------------------------------------------

               Core t (s)   Wall t (s)        (%)
       Time:    71784.150    11964.025      600.0
                         3h19:24
                 (ns/day)    (hour/ns)
Performance:       36.108        0.665
Finished mdrun on rank 0 Sat Mar 15 12:47:33 2025

