                      :-) GROMACS - gmx mdrun, 2024.3 (-:

Copyright 1991-2024 The GROMACS Authors.
GROMACS is free software; you can redistribute it and/or modify it
under the terms of the GNU Lesser General Public License
as published by the Free Software Foundation; either version 2.1
of the License, or (at your option) any later version.

                         Current GROMACS contributors:
       Mark Abraham           Andrey Alekseenko           Vladimir Basov      
      Cathrine Bergh            Eliane Briand               Ania Brown        
      Mahesh Doijade            Giacomo Fiorin          Stefan Fleischmann    
      Sergey Gorelov         Gilles Gouaillardet            Alan Gray         
     M. Eric Irrgang         Farzaneh Jalalypour            Joe Jordan        
     Carsten Kutzner           Justin A. Lemkul          Magnus Lundborg      
       Pascal Merz              Vedran Miletic            Dmitry Morozov      
       Julien Nabet              Szilard Pall        Andrea Pasquadibisceglie 
    Michele Pellegrino          Hubert Santuz             Roland Schulz       
     Tatiana Shugaeva          Alexey Shvetsov            Philip Turner       
     Alessandra Villa      Sebastian Wingbermuehle  

                         Previous GROMACS contributors:
        Emile Apol             Rossen Apostolov           James Barnett       
        Paul Bauer          Herman J.C. Berendsen          Par Bjelkmar       
      Christian Blau          Viacheslav Bolnykh            Kevin Boyd        
    Aldert van Buuren          Carlo Camilloni           Rudi van Drunen      
      Anton Feenstra           Oliver Fleetwood            Vytas Gapsys       
       Gaurav Garg             Gerrit Groenhof            Bert de Groot       
      Anca Hamuraru           Vincent Hindriksen          Victor Holanda      
     Aleksei Iupinov          Christoph Junghans        Prashanth Kanduri     
   Dimitrios Karkoulis           Peter Kasson             Sebastian Kehl      
     Sebastian Keller             Jiri Kraus               Per Larsson        
      Viveca Lindahl            Erik Marklund           Pieter Meulenhoff     
      Teemu Murtola              Sander Pronk             Michael Shirts      
      Alfons Sijbers            Balint Soproni         David van der Spoel    
      Peter Tieleman            Carsten Uphoff             Jon Vincent        
     Teemu Virolainen         Christian Wennberg           Maarten Wolf       
      Artem Zhmurov       

                  Coordinated by the GROMACS project leaders:
                           Berk Hess and Erik Lindahl

GROMACS:      gmx mdrun, version 2024.3
Executable:   /usr/local/gromacs/bin/gmx
Data prefix:  /usr/local/gromacs
Working dir:  /home/konrad_guest/Documents/research/cursor/tip4p_298K
Process ID:   17582
Command line:
  gmx mdrun -v -deffnm nvt

GROMACS version:     2024.3
Precision:           mixed
Memory model:        64 bit
MPI library:         thread_mpi
OpenMP support:      enabled (GMX_OPENMP_MAX_THREADS = 128)
GPU support:         disabled
SIMD instructions:   AVX2_256
CPU FFT library:     fftw-3.3.8-sse2-avx-avx2-avx2_128
GPU FFT library:     none
Multi-GPU FFT:       none
RDTSCP usage:        enabled
TNG support:         enabled
Hwloc support:       disabled
Tracing support:     disabled
C compiler:          /usr/bin/cc GNU 11.4.0
C compiler flags:    -fexcess-precision=fast -funroll-all-loops -mavx2 -mfma -Wno-missing-field-initializers -O3 -DNDEBUG
C++ compiler:        /usr/bin/c++ GNU 11.4.0
C++ compiler flags:  -fexcess-precision=fast -funroll-all-loops -mavx2 -mfma -Wno-missing-field-initializers -Wno-cast-function-type-strict -fopenmp -O3 -DNDEBUG
BLAS library:        Internal
LAPACK library:      Internal


Running on 1 node with total 6 cores, 6 processing units
Hardware detected on host konrad-hp:
  CPU info:
    Vendor: AMD
    Brand:  AMD Ryzen 5 4500U with Radeon Graphics         
    Family: 23   Model: 96   Stepping: 1
    Features: aes amd apic avx avx2 clfsh cmov cx8 cx16 f16c fma htt lahf misalignsse mmx msr nonstop_tsc pclmuldq pdpe1gb popcnt pse rdrnd rdtscp sha sse2 sse3 sse4a sse4.1 sse4.2 ssse3
  Hardware topology: Basic
    Packages, cores, and logical processors:
    [indices refer to OS logical processors]
      Package  0: [   0] [   1] [   2] [   3] [   4] [   5]
    CPU limit set by OS: -1   Recommended max number of threads: 6


++++ PLEASE READ AND CITE THE FOLLOWING REFERENCE ++++
M. J. Abraham, T. Murtola, R. Schulz, S. Páll, J. C. Smith, B. Hess, E.
Lindahl
GROMACS: High performance molecular simulations through multi-level
parallelism from laptops to supercomputers
SoftwareX 1 (2015) pp. 19-25
-------- -------- --- Thank You --- -------- --------


++++ PLEASE READ AND CITE THE FOLLOWING REFERENCE ++++
S. Páll, M. J. Abraham, C. Kutzner, B. Hess, E. Lindahl
Tackling Exascale Software Challenges in Molecular Dynamics Simulations with
GROMACS
In S. Markidis & E. Laure (Eds.), Solving Software Challenges for Exascale 8759 (2015) pp. 3-27
-------- -------- --- Thank You --- -------- --------


++++ PLEASE READ AND CITE THE FOLLOWING REFERENCE ++++
S. Pronk, S. Páll, R. Schulz, P. Larsson, P. Bjelkmar, R. Apostolov, M. R.
Shirts, J. C. Smith, P. M. Kasson, D. van der Spoel, B. Hess, and E. Lindahl
GROMACS 4.5: a high-throughput and highly parallel open source molecular
simulation toolkit
Bioinformatics 29 (2013) pp. 845-54
-------- -------- --- Thank You --- -------- --------


++++ PLEASE READ AND CITE THE FOLLOWING REFERENCE ++++
B. Hess and C. Kutzner and D. van der Spoel and E. Lindahl
GROMACS 4: Algorithms for highly efficient, load-balanced, and scalable
molecular simulation
J. Chem. Theory Comput. 4 (2008) pp. 435-447
-------- -------- --- Thank You --- -------- --------


++++ PLEASE READ AND CITE THE FOLLOWING REFERENCE ++++
D. van der Spoel, E. Lindahl, B. Hess, G. Groenhof, A. E. Mark and H. J. C.
Berendsen
GROMACS: Fast, Flexible and Free
J. Comp. Chem. 26 (2005) pp. 1701-1719
-------- -------- --- Thank You --- -------- --------


++++ PLEASE READ AND CITE THE FOLLOWING REFERENCE ++++
E. Lindahl and B. Hess and D. van der Spoel
GROMACS 3.0: A package for molecular simulation and trajectory analysis
J. Mol. Mod. 7 (2001) pp. 306-317
-------- -------- --- Thank You --- -------- --------


++++ PLEASE READ AND CITE THE FOLLOWING REFERENCE ++++
H. J. C. Berendsen, D. van der Spoel and R. van Drunen
GROMACS: A message-passing parallel molecular dynamics implementation
Comp. Phys. Comm. 91 (1995) pp. 43-56
-------- -------- --- Thank You --- -------- --------


++++ PLEASE CITE THE DOI FOR THIS VERSION OF GROMACS ++++
https://doi.org/10.5281/zenodo.13456374
-------- -------- --- Thank You --- -------- --------

Input Parameters:
   integrator                     = md
   tinit                          = 0
   dt                             = 0.002
   nsteps                         = 1500000
   init-step                      = 0
   simulation-part                = 1
   mts                            = false
   mass-repartition-factor        = 1
   comm-mode                      = Linear
   nstcomm                        = 100
   bd-fric                        = 0
   ld-seed                        = -211575817
   emtol                          = 10
   emstep                         = 0.01
   niter                          = 20
   fcstep                         = 0
   nstcgsteep                     = 1000
   nbfgscorr                      = 10
   rtpi                           = 0.05
   nstxout                        = 5000
   nstvout                        = 5000
   nstfout                        = 0
   nstlog                         = 5000
   nstcalcenergy                  = 100
   nstenergy                      = 5000
   nstxout-compressed             = 0
   compressed-x-precision         = 1000
   cutoff-scheme                  = Verlet
   nstlist                        = 10
   pbc                            = xyz
   periodic-molecules             = false
   verlet-buffer-tolerance        = 0.005
   verlet-buffer-pressure-tolerance = 0.5
   rlist                          = 1.001
   coulombtype                    = PME
   coulomb-modifier               = Potential-shift
   rcoulomb-switch                = 0
   rcoulomb                       = 1
   epsilon-r                      = 1
   epsilon-rf                     = inf
   vdw-type                       = Cut-off
   vdw-modifier                   = Potential-shift
   rvdw-switch                    = 0
   rvdw                           = 1
   DispCorr                       = EnerPres
   table-extension                = 1
   fourierspacing                 = 0.16
   fourier-nx                     = 36
   fourier-ny                     = 36
   fourier-nz                     = 36
   pme-order                      = 4
   ewald-rtol                     = 1e-05
   ewald-rtol-lj                  = 0.001
   lj-pme-comb-rule               = Geometric
   ewald-geometry                 = 3d
   epsilon-surface                = 0
   ensemble-temperature-setting   = constant
   ensemble-temperature           = 298
   tcoupl                         = V-rescale
   nsttcouple                     = 10
   nh-chain-length                = 0
   print-nose-hoover-chain-variables = false
   pcoupl                         = No
   refcoord-scaling               = No
   posres-com (3):
      posres-com[0]= 0.00000e+00
      posres-com[1]= 0.00000e+00
      posres-com[2]= 0.00000e+00
   posres-comB (3):
      posres-comB[0]= 0.00000e+00
      posres-comB[1]= 0.00000e+00
      posres-comB[2]= 0.00000e+00
   QMMM                           = false
qm-opts:
   ngQM                           = 0
   constraint-algorithm           = Lincs
   continuation                   = false
   Shake-SOR                      = false
   shake-tol                      = 0.0001
   lincs-order                    = 4
   lincs-iter                     = 1
   lincs-warnangle                = 30
   nwall                          = 0
   wall-type                      = 9-3
   wall-r-linpot                  = -1
   wall-atomtype[0]               = -1
   wall-atomtype[1]               = -1
   wall-density[0]                = 0
   wall-density[1]                = 0
   wall-ewald-zfac                = 3
   pull                           = false
   awh                            = false
   rotation                       = false
   interactiveMD                  = false
   disre                          = No
   disre-weighting                = Conservative
   disre-mixed                    = false
   dr-fc                          = 1000
   dr-tau                         = 0
   nstdisreout                    = 100
   orire-fc                       = 0
   orire-tau                      = 0
   nstorireout                    = 100
   free-energy                    = no
   cos-acceleration               = 0
   deform (3x3):
      deform[    0]={ 0.00000e+00,  0.00000e+00,  0.00000e+00}
      deform[    1]={ 0.00000e+00,  0.00000e+00,  0.00000e+00}
      deform[    2]={ 0.00000e+00,  0.00000e+00,  0.00000e+00}
   simulated-tempering            = false
   swapcoords                     = no
   userint1                       = 0
   userint2                       = 0
   userint3                       = 0
   userint4                       = 0
   userreal1                      = 0
   userreal2                      = 0
   userreal3                      = 0
   userreal4                      = 0
   applied-forces:
     electric-field:
       x:
         E0                       = 0
         omega                    = 0
         t0                       = 0
         sigma                    = 0
       y:
         E0                       = 0
         omega                    = 0
         t0                       = 0
         sigma                    = 0
       z:
         E0                       = 0
         omega                    = 0
         t0                       = 0
         sigma                    = 0
     density-guided-simulation:
       active                     = false
       group                      = protein
       similarity-measure         = inner-product
       atom-spreading-weight      = unity
       force-constant             = 1e+09
       gaussian-transform-spreading-width = 0.2
       gaussian-transform-spreading-range-in-multiples-of-width = 4
       reference-density-filename = reference.mrc
       nst                        = 1
       normalize-densities        = true
       adaptive-force-scaling     = false
       adaptive-force-scaling-time-constant = 4
       shift-vector               = 
       transformation-matrix      = 
     qmmm-cp2k:
       active                     = false
       qmgroup                    = System
       qmmethod                   = PBE
       qmfilenames                = 
       qmcharge                   = 0
       qmmultiplicity             = 1
     colvars:
       active                     = false
       configfile                 = 
       seed                       = -1
grpopts:
   nrdf:       32997
   ref-t:         298
   tau-t:         0.1
annealing:          No
annealing-npoints:           0
   acc:	           0           0           0
   nfreeze:           N           N           N
   energygrp-flags[  0]: 0

Changing nstlist from 10 to 40, rlist from 1.001 to 1.1


Initializing Domain Decomposition on 1 ranks
Dynamic load balancing: auto
Using update groups, nr 5500, average size 4.0 atoms, max. radius 0.078 nm
Minimum cell size due to atom displacement: 0.254 nm
Using 0 separate PME ranks because: there are too few total ranks for efficient splitting
Optimizing the DD grid for 1 cells with a minimum initial size of 0.254 nm
The maximum allowed number of cells is: X 21 Y 21 Z 21
Domain decomposition grid 1 x 1 x 1, separate PME ranks 0
PME domain decomposition: 1 x 1 x 1

The initial number of communication pulses is:
The initial domain decomposition cell size is:

When dynamic load balancing gets turned on, these settings will change to:
The maximum number of communication pulses is:
The minimum size for domain decomposition cells is 1.256 nm
The requested allowed shrink of DD cells (option -dds) is: 0.80
The allowed shrink of domain decomposition cells is:

Using 1 MPI thread
Using 6 OpenMP threads 

System total charge: 0.000
Will do PME sum in reciprocal space for electrostatic interactions.

++++ PLEASE READ AND CITE THE FOLLOWING REFERENCE ++++
U. Essmann, L. Perera, M. L. Berkowitz, T. Darden, H. Lee and L. G. Pedersen 
A smooth particle mesh Ewald method
J. Chem. Phys. 103 (1995) pp. 8577-8592
-------- -------- --- Thank You --- -------- --------

Using a Gaussian width (1/beta) of 0.320163 nm for Ewald
Potential shift: LJ r^-12: -1.000e+00 r^-6: -1.000e+00, Ewald -1.000e-05
Initialized non-bonded Coulomb Ewald tables, spacing: 9.33e-04 size: 1073

Long Range LJ corr.: <C6> 1.5949e-04


Using SIMD4xM 4x8 nonbonded short-range kernels

Using a dual 4x8 pair-list setup updated with dynamic pruning:
  outer list: updated every 40 steps, buffer 0.100 nm, rlist 1.100 nm
  inner list: updated every 10 steps, buffer 0.001 nm, rlist 1.001 nm
At tolerance 0.005 kJ/mol/ps per atom, equivalent classical 1x1 list would be:
  outer list: updated every 40 steps, buffer 0.213 nm, rlist 1.213 nm
  inner list: updated every 10 steps, buffer 0.038 nm, rlist 1.038 nm

The average pressure is off by at most 0.29 bar due to missing LJ interactions

Using Geometric Lennard-Jones combination rule
Removing pbc first time

Linking all bonded interactions to atoms


Pinning threads with an auto-selected logical cpu stride of 1

++++ PLEASE READ AND CITE THE FOLLOWING REFERENCE ++++
S. Miyamoto and P. A. Kollman
SETTLE: An Analytical Version of the SHAKE and RATTLE Algorithms for Rigid
Water Models
J. Comp. Chem. 13 (1992) pp. 952-962
-------- -------- --- Thank You --- -------- --------


++++ PLEASE READ AND CITE THE FOLLOWING REFERENCE ++++
G. Bussi, D. Donadio and M. Parrinello
Canonical sampling through velocity rescaling
J. Chem. Phys. 126 (2007) pp. 014101
-------- -------- --- Thank You --- -------- --------

There are: 16500 Atoms
There are: 5500 VSites
Atom distribution over 1 domains: av 22000 stddev 0 min 22000 max 22000

Constraining the starting coordinates (step 0)

Constraining the coordinates at t0-dt (step 0)
Center of mass motion removal mode is Linear
We have the following groups for center of mass motion removal:
  0:  rest
RMS relative constraint deviation after constraining: 0.00e+00
Initial temperature: 274.977 K

Started mdrun on rank 0 Sat Mar 15 13:08:52 2025

           Step           Time
              0        0.00000

   Energies (kJ/mol)
        LJ (SR)  Disper. corr.   Coulomb (SR)   Coul. recip.      Potential
    5.32670e+04   -1.96313e+03   -3.24811e+05    7.53101e+02   -2.72754e+05
    Kinetic En.   Total Energy  Conserved En.    Temperature Pres. DC (bar)
    3.77201e+04   -2.35034e+05   -2.35034e+05    2.74976e+02   -1.98264e+02
 Pressure (bar)
   -2.77416e+03

           Step           Time
           5000       10.00000

   Energies (kJ/mol)
        LJ (SR)  Disper. corr.   Coulomb (SR)   Coul. recip.      Potential
    4.23579e+04   -1.96313e+03   -2.69454e+05    1.28838e+03   -2.27771e+05
    Kinetic En.   Total Energy  Conserved En.    Temperature Pres. DC (bar)
    4.05712e+04   -1.87200e+05   -2.34522e+05    2.95760e+02   -1.98264e+02
 Pressure (bar)
    2.38180e+01

           Step           Time
          10000       20.00000

   Energies (kJ/mol)
        LJ (SR)  Disper. corr.   Coulomb (SR)   Coul. recip.      Potential
    4.31897e+04   -1.96313e+03   -2.70977e+05    1.27702e+03   -2.28474e+05
    Kinetic En.   Total Energy  Conserved En.    Temperature Pres. DC (bar)
    4.10694e+04   -1.87404e+05   -2.34280e+05    2.99392e+02   -1.98264e+02
 Pressure (bar)
    2.76740e+02

           Step           Time
          15000       30.00000

   Energies (kJ/mol)
        LJ (SR)  Disper. corr.   Coulomb (SR)   Coul. recip.      Potential
    4.30531e+04   -1.96313e+03   -2.70968e+05    1.28904e+03   -2.28589e+05
    Kinetic En.   Total Energy  Conserved En.    Temperature Pres. DC (bar)
    4.07075e+04   -1.87881e+05   -2.34052e+05    2.96753e+02   -1.98264e+02
 Pressure (bar)
    1.69137e+02

           Step           Time
          20000       40.00000

   Energies (kJ/mol)
        LJ (SR)  Disper. corr.   Coulomb (SR)   Coul. recip.      Potential
    4.29938e+04   -1.96313e+03   -2.71051e+05    1.36312e+03   -2.28657e+05
    Kinetic En.   Total Energy  Conserved En.    Temperature Pres. DC (bar)
    4.11512e+04   -1.87506e+05   -2.33813e+05    2.99988e+02   -1.98264e+02
 Pressure (bar)
    1.57105e+02

           Step           Time
          25000       50.00000

   Energies (kJ/mol)
        LJ (SR)  Disper. corr.   Coulomb (SR)   Coul. recip.      Potential
    4.29491e+04   -1.96313e+03   -2.70519e+05    1.23997e+03   -2.28293e+05
    Kinetic En.   Total Energy  Conserved En.    Temperature Pres. DC (bar)
    4.09927e+04   -1.87301e+05   -2.33591e+05    2.98832e+02   -1.98264e+02
 Pressure (bar)
    2.18026e+02

           Step           Time
          30000       60.00000

   Energies (kJ/mol)
        LJ (SR)  Disper. corr.   Coulomb (SR)   Coul. recip.      Potential
    4.20952e+04   -1.96313e+03   -2.70330e+05    1.22974e+03   -2.28968e+05
    Kinetic En.   Total Energy  Conserved En.    Temperature Pres. DC (bar)
    4.10106e+04   -1.87958e+05   -2.33357e+05    2.98963e+02   -1.98264e+02
 Pressure (bar)
   -1.23404e+02

           Step           Time
          35000       70.00000

   Energies (kJ/mol)
        LJ (SR)  Disper. corr.   Coulomb (SR)   Coul. recip.      Potential
    4.29363e+04   -1.96313e+03   -2.71470e+05    1.25229e+03   -2.29244e+05
    Kinetic En.   Total Energy  Conserved En.    Temperature Pres. DC (bar)
    4.10908e+04   -1.88154e+05   -2.33135e+05    2.99548e+02   -1.98264e+02
 Pressure (bar)
    2.84157e+01

           Step           Time
          40000       80.00000

   Energies (kJ/mol)
        LJ (SR)  Disper. corr.   Coulomb (SR)   Coul. recip.      Potential
    4.29649e+04   -1.96313e+03   -2.70330e+05    1.38496e+03   -2.27943e+05
    Kinetic En.   Total Energy  Conserved En.    Temperature Pres. DC (bar)
    4.05983e+04   -1.87345e+05   -2.32881e+05    2.95957e+02   -1.98264e+02
 Pressure (bar)
    2.22976e+02

           Step           Time
          45000       90.00000

   Energies (kJ/mol)
        LJ (SR)  Disper. corr.   Coulomb (SR)   Coul. recip.      Potential
    4.24793e+04   -1.96313e+03   -2.69380e+05    1.31992e+03   -2.27543e+05
    Kinetic En.   Total Energy  Conserved En.    Temperature Pres. DC (bar)
    4.06904e+04   -1.86853e+05   -2.32660e+05    2.96629e+02   -1.98264e+02
 Pressure (bar)
    7.51410e+01

           Step           Time
          50000      100.00000

   Energies (kJ/mol)
        LJ (SR)  Disper. corr.   Coulomb (SR)   Coul. recip.      Potential
    4.28970e+04   -1.96313e+03   -2.70781e+05    1.30975e+03   -2.28537e+05
    Kinetic En.   Total Energy  Conserved En.    Temperature Pres. DC (bar)
    4.11407e+04   -1.87397e+05   -2.32437e+05    2.99911e+02   -1.98264e+02
 Pressure (bar)
    1.73562e+02

           Step           Time
          55000      110.00000

   Energies (kJ/mol)
        LJ (SR)  Disper. corr.   Coulomb (SR)   Coul. recip.      Potential
    4.26358e+04   -1.96313e+03   -2.70844e+05    1.32872e+03   -2.28842e+05
    Kinetic En.   Total Energy  Conserved En.    Temperature Pres. DC (bar)
    4.05151e+04   -1.88327e+05   -2.32200e+05    2.95351e+02   -1.98264e+02
 Pressure (bar)
   -4.77085e+00

           Step           Time
          60000      120.00000

   Energies (kJ/mol)
        LJ (SR)  Disper. corr.   Coulomb (SR)   Coul. recip.      Potential
    4.22034e+04   -1.96313e+03   -2.69629e+05    1.29958e+03   -2.28089e+05
    Kinetic En.   Total Energy  Conserved En.    Temperature Pres. DC (bar)
    4.08377e+04   -1.87251e+05   -2.31969e+05    2.97703e+02   -1.98264e+02
 Pressure (bar)
    6.09047e+01

           Step           Time
          65000      130.00000

   Energies (kJ/mol)
        LJ (SR)  Disper. corr.   Coulomb (SR)   Coul. recip.      Potential
    4.23514e+04   -1.96313e+03   -2.70211e+05    1.31671e+03   -2.28506e+05
    Kinetic En.   Total Energy  Conserved En.    Temperature Pres. DC (bar)
    4.11697e+04   -1.87336e+05   -2.31745e+05    3.00123e+02   -1.98264e+02
 Pressure (bar)
    6.92321e+00

           Step           Time
          70000      140.00000

   Energies (kJ/mol)
        LJ (SR)  Disper. corr.   Coulomb (SR)   Coul. recip.      Potential
    4.32856e+04   -1.96313e+03   -2.71319e+05    1.25695e+03   -2.28740e+05
    Kinetic En.   Total Energy  Conserved En.    Temperature Pres. DC (bar)
    4.07922e+04   -1.87947e+05   -2.31507e+05    2.97371e+02   -1.98264e+02
 Pressure (bar)
    2.46230e+02

           Step           Time
          75000      150.00000

   Energies (kJ/mol)
        LJ (SR)  Disper. corr.   Coulomb (SR)   Coul. recip.      Potential
    4.24494e+04   -1.96313e+03   -2.70004e+05    1.28638e+03   -2.28231e+05
    Kinetic En.   Total Energy  Conserved En.    Temperature Pres. DC (bar)
    4.12836e+04   -1.86947e+05   -2.31284e+05    3.00953e+02   -1.98264e+02
 Pressure (bar)
    8.66568e+01

           Step           Time
          80000      160.00000

   Energies (kJ/mol)
        LJ (SR)  Disper. corr.   Coulomb (SR)   Coul. recip.      Potential
    4.27173e+04   -1.96313e+03   -2.69835e+05    1.27176e+03   -2.27809e+05
    Kinetic En.   Total Energy  Conserved En.    Temperature Pres. DC (bar)
    4.11622e+04   -1.86647e+05   -2.31048e+05    3.00068e+02   -1.98264e+02
 Pressure (bar)
    1.25924e+02

           Step           Time
          85000      170.00000

   Energies (kJ/mol)
        LJ (SR)  Disper. corr.   Coulomb (SR)   Coul. recip.      Potential
    4.28164e+04   -1.96313e+03   -2.69715e+05    1.38069e+03   -2.27481e+05
    Kinetic En.   Total Energy  Conserved En.    Temperature Pres. DC (bar)
    4.09732e+04   -1.86508e+05   -2.30815e+05    2.98690e+02   -1.98264e+02
 Pressure (bar)
    2.87091e+02

           Step           Time
          90000      180.00000

   Energies (kJ/mol)
        LJ (SR)  Disper. corr.   Coulomb (SR)   Coul. recip.      Potential
    4.26430e+04   -1.96313e+03   -2.71043e+05    1.30274e+03   -2.29060e+05
    Kinetic En.   Total Energy  Conserved En.    Temperature Pres. DC (bar)
    4.04330e+04   -1.88627e+05   -2.30587e+05    2.94753e+02   -1.98264e+02
 Pressure (bar)
   -5.06261e+01

           Step           Time
          95000      190.00000

   Energies (kJ/mol)
        LJ (SR)  Disper. corr.   Coulomb (SR)   Coul. recip.      Potential
    4.18113e+04   -1.96313e+03   -2.69374e+05    1.33822e+03   -2.28188e+05
    Kinetic En.   Total Energy  Conserved En.    Temperature Pres. DC (bar)
    4.09096e+04   -1.87278e+05   -2.30365e+05    2.98226e+02   -1.98264e+02
 Pressure (bar)
   -1.72913e+02

           Step           Time
         100000      200.00000

   Energies (kJ/mol)
        LJ (SR)  Disper. corr.   Coulomb (SR)   Coul. recip.      Potential
    4.32640e+04   -1.96313e+03   -2.70632e+05    1.34313e+03   -2.27988e+05
    Kinetic En.   Total Energy  Conserved En.    Temperature Pres. DC (bar)
    4.06419e+04   -1.87346e+05   -2.30122e+05    2.96275e+02   -1.98264e+02
 Pressure (bar)
    2.85842e+02

           Step           Time
         105000      210.00000

   Energies (kJ/mol)
        LJ (SR)  Disper. corr.   Coulomb (SR)   Coul. recip.      Potential
    4.30399e+04   -1.96313e+03   -2.71109e+05    1.30706e+03   -2.28725e+05
    Kinetic En.   Total Energy  Conserved En.    Temperature Pres. DC (bar)
    4.12700e+04   -1.87455e+05   -2.29885e+05    3.00854e+02   -1.98264e+02
 Pressure (bar)
    1.91454e+02

           Step           Time
         110000      220.00000

   Energies (kJ/mol)
        LJ (SR)  Disper. corr.   Coulomb (SR)   Coul. recip.      Potential
    4.20926e+04   -1.96313e+03   -2.69540e+05    1.29678e+03   -2.28114e+05
    Kinetic En.   Total Energy  Conserved En.    Temperature Pres. DC (bar)
    4.07863e+04   -1.87328e+05   -2.29662e+05    2.97328e+02   -1.98264e+02
 Pressure (bar)
   -4.81589e+01

           Step           Time
         115000      230.00000

   Energies (kJ/mol)
        LJ (SR)  Disper. corr.   Coulomb (SR)   Coul. recip.      Potential
    4.30214e+04   -1.96313e+03   -2.70224e+05    1.29789e+03   -2.27868e+05
    Kinetic En.   Total Energy  Conserved En.    Temperature Pres. DC (bar)
    4.09606e+04   -1.86907e+05   -2.29421e+05    2.98599e+02   -1.98264e+02
 Pressure (bar)
    2.51680e+02

           Step           Time
         120000      240.00000

   Energies (kJ/mol)
        LJ (SR)  Disper. corr.   Coulomb (SR)   Coul. recip.      Potential
    4.33643e+04   -1.96313e+03   -2.71779e+05    1.28893e+03   -2.29089e+05
    Kinetic En.   Total Energy  Conserved En.    Temperature Pres. DC (bar)
    4.12679e+04   -1.87821e+05   -2.29194e+05    3.00838e+02   -1.98264e+02
 Pressure (bar)
    2.30862e+02

           Step           Time
         125000      250.00000

   Energies (kJ/mol)
        LJ (SR)  Disper. corr.   Coulomb (SR)   Coul. recip.      Potential
    4.30404e+04   -1.96313e+03   -2.70590e+05    1.26830e+03   -2.28244e+05
    Kinetic En.   Total Energy  Conserved En.    Temperature Pres. DC (bar)
    4.08059e+04   -1.87438e+05   -2.28964e+05    2.97470e+02   -1.98264e+02
 Pressure (bar)
    2.24263e+02

           Step           Time
         130000      260.00000

   Energies (kJ/mol)
        LJ (SR)  Disper. corr.   Coulomb (SR)   Coul. recip.      Potential
    4.33037e+04   -1.96313e+03   -2.71549e+05    1.32779e+03   -2.28881e+05
    Kinetic En.   Total Energy  Conserved En.    Temperature Pres. DC (bar)
    4.12826e+04   -1.87598e+05   -2.28736e+05    3.00946e+02   -1.98264e+02
 Pressure (bar)
    2.38663e+02

           Step           Time
         135000      270.00000

   Energies (kJ/mol)
        LJ (SR)  Disper. corr.   Coulomb (SR)   Coul. recip.      Potential
    4.27350e+04   -1.96313e+03   -2.70071e+05    1.23700e+03   -2.28062e+05
    Kinetic En.   Total Energy  Conserved En.    Temperature Pres. DC (bar)
    4.13610e+04   -1.86701e+05   -2.28512e+05    3.01518e+02   -1.98264e+02
 Pressure (bar)
    1.99711e+02

           Step           Time
         140000      280.00000

   Energies (kJ/mol)
        LJ (SR)  Disper. corr.   Coulomb (SR)   Coul. recip.      Potential
    4.26073e+04   -1.96313e+03   -2.70326e+05    1.26391e+03   -2.28418e+05
    Kinetic En.   Total Energy  Conserved En.    Temperature Pres. DC (bar)
    4.04897e+04   -1.87929e+05   -2.28277e+05    2.95165e+02   -1.98264e+02
 Pressure (bar)
    1.43011e+01

           Step           Time
         145000      290.00000

   Energies (kJ/mol)
        LJ (SR)  Disper. corr.   Coulomb (SR)   Coul. recip.      Potential
    4.14308e+04   -1.96313e+03   -2.68918e+05    1.27297e+03   -2.28177e+05
    Kinetic En.   Total Energy  Conserved En.    Temperature Pres. DC (bar)
    4.09159e+04   -1.87261e+05   -2.28043e+05    2.98272e+02   -1.98264e+02
 Pressure (bar)
   -3.18296e+02

           Step           Time
         150000      300.00000

   Energies (kJ/mol)
        LJ (SR)  Disper. corr.   Coulomb (SR)   Coul. recip.      Potential
    4.36796e+04   -1.96313e+03   -2.71176e+05    1.25132e+03   -2.28208e+05
    Kinetic En.   Total Energy  Conserved En.    Temperature Pres. DC (bar)
    4.05446e+04   -1.87663e+05   -2.27810e+05    2.95566e+02   -1.98264e+02
 Pressure (bar)
    4.35264e+02

           Step           Time
         155000      310.00000

   Energies (kJ/mol)
        LJ (SR)  Disper. corr.   Coulomb (SR)   Coul. recip.      Potential
    4.32211e+04   -1.96313e+03   -2.70892e+05    1.29947e+03   -2.28334e+05
    Kinetic En.   Total Energy  Conserved En.    Temperature Pres. DC (bar)
    4.05712e+04   -1.87763e+05   -2.27581e+05    2.95760e+02   -1.98264e+02
 Pressure (bar)
    2.76009e+02

           Step           Time
         160000      320.00000

   Energies (kJ/mol)
        LJ (SR)  Disper. corr.   Coulomb (SR)   Coul. recip.      Potential
    4.24626e+04   -1.96313e+03   -2.71155e+05    1.25887e+03   -2.29397e+05
    Kinetic En.   Total Energy  Conserved En.    Temperature Pres. DC (bar)
    4.13004e+04   -1.88097e+05   -2.27354e+05    3.01075e+02   -1.98264e+02
 Pressure (bar)
   -1.05761e+02

           Step           Time
         165000      330.00000

   Energies (kJ/mol)
        LJ (SR)  Disper. corr.   Coulomb (SR)   Coul. recip.      Potential
    4.28067e+04   -1.96313e+03   -2.70686e+05    1.30604e+03   -2.28537e+05
    Kinetic En.   Total Energy  Conserved En.    Temperature Pres. DC (bar)
    4.04760e+04   -1.88061e+05   -2.27118e+05    2.95066e+02   -1.98264e+02
 Pressure (bar)
    1.20075e+02

           Step           Time
         170000      340.00000

   Energies (kJ/mol)
        LJ (SR)  Disper. corr.   Coulomb (SR)   Coul. recip.      Potential
    4.26143e+04   -1.96313e+03   -2.69473e+05    1.30789e+03   -2.27514e+05
    Kinetic En.   Total Energy  Conserved En.    Temperature Pres. DC (bar)
    4.06872e+04   -1.86827e+05   -2.26887e+05    2.96606e+02   -1.98264e+02
 Pressure (bar)
    1.64483e+02

           Step           Time
         175000      350.00000

   Energies (kJ/mol)
        LJ (SR)  Disper. corr.   Coulomb (SR)   Coul. recip.      Potential
    4.23483e+04   -1.96313e+03   -2.69581e+05    1.34458e+03   -2.27851e+05
    Kinetic En.   Total Energy  Conserved En.    Temperature Pres. DC (bar)
    4.15679e+04   -1.86283e+05   -2.26660e+05    3.03026e+02   -1.98264e+02
 Pressure (bar)
    5.19514e+01

           Step           Time
         180000      360.00000

   Energies (kJ/mol)
        LJ (SR)  Disper. corr.   Coulomb (SR)   Coul. recip.      Potential
    4.27586e+04   -1.96313e+03   -2.70951e+05    1.26640e+03   -2.28889e+05
    Kinetic En.   Total Energy  Conserved En.    Temperature Pres. DC (bar)
    4.07591e+04   -1.88130e+05   -2.26431e+05    2.97130e+02   -1.98264e+02
 Pressure (bar)
    7.82861e+01

           Step           Time
         185000      370.00000

   Energies (kJ/mol)
        LJ (SR)  Disper. corr.   Coulomb (SR)   Coul. recip.      Potential
    4.24310e+04   -1.96313e+03   -2.70588e+05    1.33903e+03   -2.28781e+05
    Kinetic En.   Total Energy  Conserved En.    Temperature Pres. DC (bar)
    4.10821e+04   -1.87699e+05   -2.26205e+05    2.99484e+02   -1.98264e+02
 Pressure (bar)
   -2.73985e+01

           Step           Time
         190000      380.00000

   Energies (kJ/mol)
        LJ (SR)  Disper. corr.   Coulomb (SR)   Coul. recip.      Potential
    4.32422e+04   -1.96313e+03   -2.71143e+05    1.27705e+03   -2.28587e+05
    Kinetic En.   Total Energy  Conserved En.    Temperature Pres. DC (bar)
    4.07296e+04   -1.87857e+05   -2.25969e+05    2.96915e+02   -1.98264e+02
 Pressure (bar)
    2.19397e+02

           Step           Time
         195000      390.00000

   Energies (kJ/mol)
        LJ (SR)  Disper. corr.   Coulomb (SR)   Coul. recip.      Potential
    4.21391e+04   -1.96313e+03   -2.70889e+05    1.25435e+03   -2.29459e+05
    Kinetic En.   Total Energy  Conserved En.    Temperature Pres. DC (bar)
    4.02994e+04   -1.89159e+05   -2.25735e+05    2.93779e+02   -1.98264e+02
 Pressure (bar)
   -3.29167e+02

           Step           Time
         200000      400.00000

   Energies (kJ/mol)
        LJ (SR)  Disper. corr.   Coulomb (SR)   Coul. recip.      Potential
    4.22884e+04   -1.96313e+03   -2.69875e+05    1.31510e+03   -2.28235e+05
    Kinetic En.   Total Energy  Conserved En.    Temperature Pres. DC (bar)
    4.12708e+04   -1.86964e+05   -2.25510e+05    3.00860e+02   -1.98264e+02
 Pressure (bar)
    2.02392e+01

           Step           Time
         205000      410.00000

   Energies (kJ/mol)
        LJ (SR)  Disper. corr.   Coulomb (SR)   Coul. recip.      Potential
    4.31534e+04   -1.96313e+03   -2.70902e+05    1.30983e+03   -2.28402e+05
    Kinetic En.   Total Energy  Conserved En.    Temperature Pres. DC (bar)
    4.08968e+04   -1.87505e+05   -2.25268e+05    2.98133e+02   -1.98264e+02
 Pressure (bar)
    2.20633e+02

           Step           Time
         210000      420.00000

   Energies (kJ/mol)
        LJ (SR)  Disper. corr.   Coulomb (SR)   Coul. recip.      Potential
    4.24609e+04   -1.96313e+03   -2.69975e+05    1.30546e+03   -2.28172e+05
    Kinetic En.   Total Energy  Conserved En.    Temperature Pres. DC (bar)
    4.10877e+04   -1.87084e+05   -2.25036e+05    2.99525e+02   -1.98264e+02
 Pressure (bar)
    6.84664e+01

           Step           Time
         215000      430.00000

   Energies (kJ/mol)
        LJ (SR)  Disper. corr.   Coulomb (SR)   Coul. recip.      Potential
    4.34212e+04   -1.96313e+03   -2.71576e+05    1.27653e+03   -2.28841e+05
    Kinetic En.   Total Energy  Conserved En.    Temperature Pres. DC (bar)
    4.07379e+04   -1.88103e+05   -2.24805e+05    2.96975e+02   -1.98264e+02
 Pressure (bar)
    2.71383e+02

           Step           Time
         220000      440.00000

   Energies (kJ/mol)
        LJ (SR)  Disper. corr.   Coulomb (SR)   Coul. recip.      Potential
    4.33418e+04   -1.96313e+03   -2.71215e+05    1.30094e+03   -2.28535e+05
    Kinetic En.   Total Energy  Conserved En.    Temperature Pres. DC (bar)
    4.05340e+04   -1.88001e+05   -2.24563e+05    2.95489e+02   -1.98264e+02
 Pressure (bar)
    2.65634e+02

           Step           Time
         225000      450.00000

   Energies (kJ/mol)
        LJ (SR)  Disper. corr.   Coulomb (SR)   Coul. recip.      Potential
    4.21502e+04   -1.96313e+03   -2.69783e+05    1.27271e+03   -2.28323e+05
    Kinetic En.   Total Energy  Conserved En.    Temperature Pres. DC (bar)
    4.10180e+04   -1.87305e+05   -2.24335e+05    2.99017e+02   -1.98264e+02
 Pressure (bar)
   -6.67748e+01

Writing checkpoint, step 225960 at Sat Mar 15 13:23:52 2025


           Step           Time
         230000      460.00000

   Energies (kJ/mol)
        LJ (SR)  Disper. corr.   Coulomb (SR)   Coul. recip.      Potential
    4.31248e+04   -1.96313e+03   -2.70769e+05    1.31566e+03   -2.28291e+05
    Kinetic En.   Total Energy  Conserved En.    Temperature Pres. DC (bar)
    4.09121e+04   -1.87379e+05   -2.24108e+05    2.98245e+02   -1.98264e+02
 Pressure (bar)
    2.31504e+02

           Step           Time
         235000      470.00000

   Energies (kJ/mol)
        LJ (SR)  Disper. corr.   Coulomb (SR)   Coul. recip.      Potential
    4.28100e+04   -1.96313e+03   -2.70594e+05    1.32858e+03   -2.28418e+05
    Kinetic En.   Total Energy  Conserved En.    Temperature Pres. DC (bar)
    4.09554e+04   -1.87463e+05   -2.23874e+05    2.98561e+02   -1.98264e+02
 Pressure (bar)
    8.91551e+01

           Step           Time
         240000      480.00000

   Energies (kJ/mol)
        LJ (SR)  Disper. corr.   Coulomb (SR)   Coul. recip.      Potential
    4.32272e+04   -1.96313e+03   -2.72172e+05    1.27309e+03   -2.29635e+05
    Kinetic En.   Total Energy  Conserved En.    Temperature Pres. DC (bar)
    4.07871e+04   -1.88848e+05   -2.23644e+05    2.97333e+02   -1.98264e+02
 Pressure (bar)
    1.16515e+02

           Step           Time
         245000      490.00000

   Energies (kJ/mol)
        LJ (SR)  Disper. corr.   Coulomb (SR)   Coul. recip.      Potential
    4.19060e+04   -1.96313e+03   -2.68722e+05    1.28733e+03   -2.27492e+05
    Kinetic En.   Total Energy  Conserved En.    Temperature Pres. DC (bar)
    4.07450e+04   -1.86747e+05   -2.23414e+05    2.97027e+02   -1.98264e+02
 Pressure (bar)
   -2.43156e+01

           Step           Time
         250000      500.00000

   Energies (kJ/mol)
        LJ (SR)  Disper. corr.   Coulomb (SR)   Coul. recip.      Potential
    4.20033e+04   -1.96313e+03   -2.69050e+05    1.28722e+03   -2.27722e+05
    Kinetic En.   Total Energy  Conserved En.    Temperature Pres. DC (bar)
    4.12526e+04   -1.86470e+05   -2.23187e+05    3.00728e+02   -1.98264e+02
 Pressure (bar)
   -1.54718e+01

           Step           Time
         255000      510.00000

   Energies (kJ/mol)
        LJ (SR)  Disper. corr.   Coulomb (SR)   Coul. recip.      Potential
    4.22804e+04   -1.96313e+03   -2.70072e+05    1.25409e+03   -2.28500e+05
    Kinetic En.   Total Energy  Conserved En.    Temperature Pres. DC (bar)
    4.07980e+04   -1.87702e+05   -2.22954e+05    2.97414e+02   -1.98264e+02
 Pressure (bar)
   -1.36148e+01

           Step           Time
         260000      520.00000

   Energies (kJ/mol)
        LJ (SR)  Disper. corr.   Coulomb (SR)   Coul. recip.      Potential
    4.30210e+04   -1.96313e+03   -2.70620e+05    1.31738e+03   -2.28245e+05
    Kinetic En.   Total Energy  Conserved En.    Temperature Pres. DC (bar)
    4.11862e+04   -1.87058e+05   -2.22723e+05    3.00243e+02   -1.98264e+02
 Pressure (bar)
    2.02510e+02

           Step           Time
         265000      530.00000

   Energies (kJ/mol)
        LJ (SR)  Disper. corr.   Coulomb (SR)   Coul. recip.      Potential
    4.27551e+04   -1.96313e+03   -2.70910e+05    1.32524e+03   -2.28793e+05
    Kinetic En.   Total Energy  Conserved En.    Temperature Pres. DC (bar)
    4.16226e+04   -1.87170e+05   -2.22496e+05    3.03424e+02   -1.98264e+02
 Pressure (bar)
    8.81540e+01

           Step           Time
         270000      540.00000

   Energies (kJ/mol)
        LJ (SR)  Disper. corr.   Coulomb (SR)   Coul. recip.      Potential
    4.31212e+04   -1.96313e+03   -2.70704e+05    1.30403e+03   -2.28242e+05
    Kinetic En.   Total Energy  Conserved En.    Temperature Pres. DC (bar)
    4.08101e+04   -1.87432e+05   -2.22268e+05    2.97501e+02   -1.98264e+02
 Pressure (bar)
    2.46911e+02

           Step           Time
         275000      550.00000

   Energies (kJ/mol)
        LJ (SR)  Disper. corr.   Coulomb (SR)   Coul. recip.      Potential
    4.25669e+04   -1.96313e+03   -2.69812e+05    1.33757e+03   -2.27871e+05
    Kinetic En.   Total Energy  Conserved En.    Temperature Pres. DC (bar)
    4.10530e+04   -1.86818e+05   -2.22030e+05    2.99272e+02   -1.98264e+02
 Pressure (bar)
    1.64136e+02

           Step           Time
         280000      560.00000

   Energies (kJ/mol)
        LJ (SR)  Disper. corr.   Coulomb (SR)   Coul. recip.      Potential
    4.25998e+04   -1.96313e+03   -2.70748e+05    1.31565e+03   -2.28796e+05
    Kinetic En.   Total Energy  Conserved En.    Temperature Pres. DC (bar)
    4.11189e+04   -1.87677e+05   -2.21799e+05    2.99753e+02   -1.98264e+02
 Pressure (bar)
    2.59466e+01

           Step           Time
         285000      570.00000

   Energies (kJ/mol)
        LJ (SR)  Disper. corr.   Coulomb (SR)   Coul. recip.      Potential
    4.27826e+04   -1.96313e+03   -2.71103e+05    1.33593e+03   -2.28948e+05
    Kinetic En.   Total Energy  Conserved En.    Temperature Pres. DC (bar)
    4.08642e+04   -1.88083e+05   -2.21571e+05    2.97896e+02   -1.98264e+02
 Pressure (bar)
    6.54215e+01

           Step           Time
         290000      580.00000

   Energies (kJ/mol)
        LJ (SR)  Disper. corr.   Coulomb (SR)   Coul. recip.      Potential
    4.21548e+04   -1.96313e+03   -2.69387e+05    1.30857e+03   -2.27886e+05
    Kinetic En.   Total Energy  Conserved En.    Temperature Pres. DC (bar)
    4.06774e+04   -1.87209e+05   -2.21343e+05    2.96534e+02   -1.98264e+02
 Pressure (bar)
   -7.14623e+00

           Step           Time
         295000      590.00000

   Energies (kJ/mol)
        LJ (SR)  Disper. corr.   Coulomb (SR)   Coul. recip.      Potential
    4.18303e+04   -1.96313e+03   -2.69040e+05    1.30251e+03   -2.27870e+05
    Kinetic En.   Total Energy  Conserved En.    Temperature Pres. DC (bar)
    4.16292e+04   -1.86241e+05   -2.21113e+05    3.03473e+02   -1.98264e+02
 Pressure (bar)
   -6.88190e+01

           Step           Time
         300000      600.00000

   Energies (kJ/mol)
        LJ (SR)  Disper. corr.   Coulomb (SR)   Coul. recip.      Potential
    4.30339e+04   -1.96313e+03   -2.71236e+05    1.32399e+03   -2.28841e+05
    Kinetic En.   Total Energy  Conserved En.    Temperature Pres. DC (bar)
    4.10908e+04   -1.87750e+05   -2.20885e+05    2.99548e+02   -1.98264e+02
 Pressure (bar)
    9.37033e+01

           Step           Time
         305000      610.00000

   Energies (kJ/mol)
        LJ (SR)  Disper. corr.   Coulomb (SR)   Coul. recip.      Potential
    4.27758e+04   -1.96313e+03   -2.71187e+05    1.30507e+03   -2.29069e+05
    Kinetic En.   Total Energy  Conserved En.    Temperature Pres. DC (bar)
    4.05961e+04   -1.88473e+05   -2.20645e+05    2.95942e+02   -1.98264e+02
 Pressure (bar)
   -4.59353e+01

           Step           Time
         310000      620.00000

   Energies (kJ/mol)
        LJ (SR)  Disper. corr.   Coulomb (SR)   Coul. recip.      Potential
    4.22753e+04   -1.96313e+03   -2.69471e+05    1.34815e+03   -2.27811e+05
    Kinetic En.   Total Energy  Conserved En.    Temperature Pres. DC (bar)
    4.11837e+04   -1.86627e+05   -2.20414e+05    3.00225e+02   -1.98264e+02
 Pressure (bar)
    6.73881e+01

           Step           Time
         315000      630.00000

   Energies (kJ/mol)
        LJ (SR)  Disper. corr.   Coulomb (SR)   Coul. recip.      Potential
    4.21549e+04   -1.96313e+03   -2.69295e+05    1.32603e+03   -2.27777e+05
    Kinetic En.   Total Energy  Conserved En.    Temperature Pres. DC (bar)
    4.08726e+04   -1.86905e+05   -2.20187e+05    2.97957e+02   -1.98264e+02
 Pressure (bar)
    1.74374e+01

           Step           Time
         320000      640.00000

   Energies (kJ/mol)
        LJ (SR)  Disper. corr.   Coulomb (SR)   Coul. recip.      Potential
    4.24224e+04   -1.96313e+03   -2.69483e+05    1.30824e+03   -2.27716e+05
    Kinetic En.   Total Energy  Conserved En.    Temperature Pres. DC (bar)
    4.09064e+04   -1.86809e+05   -2.19954e+05    2.98204e+02   -1.98264e+02
 Pressure (bar)
    7.44407e+01

           Step           Time
         325000      650.00000

   Energies (kJ/mol)
        LJ (SR)  Disper. corr.   Coulomb (SR)   Coul. recip.      Potential
    4.27520e+04   -1.96313e+03   -2.70456e+05    1.32172e+03   -2.28345e+05
    Kinetic En.   Total Energy  Conserved En.    Temperature Pres. DC (bar)
    4.09961e+04   -1.87349e+05   -2.19717e+05    2.98857e+02   -1.98264e+02
 Pressure (bar)
    9.79956e+01

           Step           Time
         330000      660.00000

   Energies (kJ/mol)
        LJ (SR)  Disper. corr.   Coulomb (SR)   Coul. recip.      Potential
    4.31793e+04   -1.96313e+03   -2.71243e+05    1.27750e+03   -2.28750e+05
    Kinetic En.   Total Energy  Conserved En.    Temperature Pres. DC (bar)
    4.07711e+04   -1.87979e+05   -2.19490e+05    2.97217e+02   -1.98264e+02
 Pressure (bar)
    1.89057e+02

           Step           Time
         335000      670.00000

   Energies (kJ/mol)
        LJ (SR)  Disper. corr.   Coulomb (SR)   Coul. recip.      Potential
    4.20602e+04   -1.96313e+03   -2.69461e+05    1.28804e+03   -2.28076e+05
    Kinetic En.   Total Energy  Conserved En.    Temperature Pres. DC (bar)
    4.10671e+04   -1.87009e+05   -2.19265e+05    2.99375e+02   -1.98264e+02
 Pressure (bar)
   -8.03285e+01

           Step           Time
         340000      680.00000

   Energies (kJ/mol)
        LJ (SR)  Disper. corr.   Coulomb (SR)   Coul. recip.      Potential
    4.19987e+04   -1.96313e+03   -2.69521e+05    1.32882e+03   -2.28156e+05
    Kinetic En.   Total Energy  Conserved En.    Temperature Pres. DC (bar)
    4.14159e+04   -1.86740e+05   -2.19035e+05    3.01917e+02   -1.98264e+02
 Pressure (bar)
   -1.29877e+02

           Step           Time
         345000      690.00000

   Energies (kJ/mol)
        LJ (SR)  Disper. corr.   Coulomb (SR)   Coul. recip.      Potential
    4.18773e+04   -1.96313e+03   -2.68422e+05    1.32387e+03   -2.27184e+05
    Kinetic En.   Total Energy  Conserved En.    Temperature Pres. DC (bar)
    4.06300e+04   -1.86554e+05   -2.18796e+05    2.96189e+02   -1.98264e+02
 Pressure (bar)
   -3.30125e+00

           Step           Time
         350000      700.00000

   Energies (kJ/mol)
        LJ (SR)  Disper. corr.   Coulomb (SR)   Coul. recip.      Potential
    4.30565e+04   -1.96313e+03   -2.70485e+05    1.28771e+03   -2.28104e+05
    Kinetic En.   Total Energy  Conserved En.    Temperature Pres. DC (bar)
    4.17168e+04   -1.86387e+05   -2.18563e+05    3.04111e+02   -1.98264e+02
 Pressure (bar)
    2.80878e+02

           Step           Time
         355000      710.00000

   Energies (kJ/mol)
        LJ (SR)  Disper. corr.   Coulomb (SR)   Coul. recip.      Potential
    4.27667e+04   -1.96313e+03   -2.70365e+05    1.27476e+03   -2.28286e+05
    Kinetic En.   Total Energy  Conserved En.    Temperature Pres. DC (bar)
    4.08201e+04   -1.87466e+05   -2.18326e+05    2.97574e+02   -1.98264e+02
 Pressure (bar)
    1.25150e+02

           Step           Time
         360000      720.00000

   Energies (kJ/mol)
        LJ (SR)  Disper. corr.   Coulomb (SR)   Coul. recip.      Potential
    4.34836e+04   -1.96313e+03   -2.71470e+05    1.29992e+03   -2.28649e+05
    Kinetic En.   Total Energy  Conserved En.    Temperature Pres. DC (bar)
    4.07514e+04   -1.87898e+05   -2.18104e+05    2.97073e+02   -1.98264e+02
 Pressure (bar)
    2.79794e+02

           Step           Time
         365000      730.00000

   Energies (kJ/mol)
        LJ (SR)  Disper. corr.   Coulomb (SR)   Coul. recip.      Potential
    4.27512e+04   -1.96313e+03   -2.70417e+05    1.27446e+03   -2.28355e+05
    Kinetic En.   Total Energy  Conserved En.    Temperature Pres. DC (bar)
    4.09906e+04   -1.87364e+05   -2.17860e+05    2.98817e+02   -1.98264e+02
 Pressure (bar)
    1.30976e+02

           Step           Time
         370000      740.00000

   Energies (kJ/mol)
        LJ (SR)  Disper. corr.   Coulomb (SR)   Coul. recip.      Potential
    4.25268e+04   -1.96313e+03   -2.69554e+05    1.30967e+03   -2.27681e+05
    Kinetic En.   Total Energy  Conserved En.    Temperature Pres. DC (bar)
    4.08377e+04   -1.86843e+05   -2.17641e+05    2.97702e+02   -1.98264e+02
 Pressure (bar)
    1.23095e+02

           Step           Time
         375000      750.00000

   Energies (kJ/mol)
        LJ (SR)  Disper. corr.   Coulomb (SR)   Coul. recip.      Potential
    4.19416e+04   -1.96313e+03   -2.69474e+05    1.28166e+03   -2.28214e+05
    Kinetic En.   Total Energy  Conserved En.    Temperature Pres. DC (bar)
    4.12876e+04   -1.86926e+05   -2.17413e+05    3.00982e+02   -1.98264e+02
 Pressure (bar)
   -6.00339e+01

           Step           Time
         380000      760.00000

   Energies (kJ/mol)
        LJ (SR)  Disper. corr.   Coulomb (SR)   Coul. recip.      Potential
    4.27558e+04   -1.96313e+03   -2.70100e+05    1.35444e+03   -2.27953e+05
    Kinetic En.   Total Energy  Conserved En.    Temperature Pres. DC (bar)
    4.05335e+04   -1.87419e+05   -2.17180e+05    2.95485e+02   -1.98264e+02
 Pressure (bar)
    1.68629e+02

           Step           Time
         385000      770.00000

   Energies (kJ/mol)
        LJ (SR)  Disper. corr.   Coulomb (SR)   Coul. recip.      Potential
    4.30646e+04   -1.96313e+03   -2.71887e+05    1.27480e+03   -2.29510e+05
    Kinetic En.   Total Energy  Conserved En.    Temperature Pres. DC (bar)
    4.09729e+04   -1.88538e+05   -2.16954e+05    2.98688e+02   -1.98264e+02
 Pressure (bar)
    4.94139e+01

           Step           Time
         390000      780.00000

   Energies (kJ/mol)
        LJ (SR)  Disper. corr.   Coulomb (SR)   Coul. recip.      Potential
    4.23591e+04   -1.96313e+03   -2.70246e+05    1.31588e+03   -2.28534e+05
    Kinetic En.   Total Energy  Conserved En.    Temperature Pres. DC (bar)
    4.10535e+04   -1.87480e+05   -2.16719e+05    2.99276e+02   -1.98264e+02
 Pressure (bar)
   -5.13335e+01

           Step           Time
         395000      790.00000

   Energies (kJ/mol)
        LJ (SR)  Disper. corr.   Coulomb (SR)   Coul. recip.      Potential
    4.32976e+04   -1.96313e+03   -2.71464e+05    1.27241e+03   -2.28857e+05
    Kinetic En.   Total Energy  Conserved En.    Temperature Pres. DC (bar)
    4.12369e+04   -1.87621e+05   -2.16484e+05    3.00613e+02   -1.98264e+02
 Pressure (bar)
    1.94338e+02

           Step           Time
         400000      800.00000

   Energies (kJ/mol)
        LJ (SR)  Disper. corr.   Coulomb (SR)   Coul. recip.      Potential
    4.20660e+04   -1.96313e+03   -2.69483e+05    1.35043e+03   -2.28029e+05
    Kinetic En.   Total Energy  Conserved En.    Temperature Pres. DC (bar)
    4.08190e+04   -1.87210e+05   -2.16246e+05    2.97567e+02   -1.98264e+02
 Pressure (bar)
   -6.81586e+01

           Step           Time
         405000      810.00000

   Energies (kJ/mol)
        LJ (SR)  Disper. corr.   Coulomb (SR)   Coul. recip.      Potential
    4.26014e+04   -1.96313e+03   -2.70063e+05    1.31791e+03   -2.28107e+05
    Kinetic En.   Total Energy  Conserved En.    Temperature Pres. DC (bar)
    4.07856e+04   -1.87321e+05   -2.16021e+05    2.97323e+02   -1.98264e+02
 Pressure (bar)
    5.66040e+01

           Step           Time
         410000      820.00000

   Energies (kJ/mol)
        LJ (SR)  Disper. corr.   Coulomb (SR)   Coul. recip.      Potential
    4.25606e+04   -1.96313e+03   -2.70413e+05    1.25319e+03   -2.28563e+05
    Kinetic En.   Total Energy  Conserved En.    Temperature Pres. DC (bar)
    4.06331e+04   -1.87930e+05   -2.15785e+05    2.96211e+02   -1.98264e+02
 Pressure (bar)
   -3.72408e+01

           Step           Time
         415000      830.00000

   Energies (kJ/mol)
        LJ (SR)  Disper. corr.   Coulomb (SR)   Coul. recip.      Potential
    4.23554e+04   -1.96313e+03   -2.69866e+05    1.28113e+03   -2.28193e+05
    Kinetic En.   Total Energy  Conserved En.    Temperature Pres. DC (bar)
    4.11208e+04   -1.87072e+05   -2.15562e+05    2.99767e+02   -1.98264e+02
 Pressure (bar)
   -4.26117e+01

           Step           Time
         420000      840.00000

   Energies (kJ/mol)
        LJ (SR)  Disper. corr.   Coulomb (SR)   Coul. recip.      Potential
    4.22204e+04   -1.96313e+03   -2.69549e+05    1.28334e+03   -2.28008e+05
    Kinetic En.   Total Energy  Conserved En.    Temperature Pres. DC (bar)
    4.18027e+04   -1.86206e+05   -2.15334e+05    3.04737e+02   -1.98264e+02
 Pressure (bar)
   -3.05076e+01

           Step           Time
         425000      850.00000

   Energies (kJ/mol)
        LJ (SR)  Disper. corr.   Coulomb (SR)   Coul. recip.      Potential
    4.28441e+04   -1.96313e+03   -2.70775e+05    1.33643e+03   -2.28558e+05
    Kinetic En.   Total Energy  Conserved En.    Temperature Pres. DC (bar)
    4.11305e+04   -1.87427e+05   -2.15100e+05    2.99837e+02   -1.98264e+02
 Pressure (bar)
    1.88237e+02

           Step           Time
         430000      860.00000

   Energies (kJ/mol)
        LJ (SR)  Disper. corr.   Coulomb (SR)   Coul. recip.      Potential
    4.30715e+04   -1.96313e+03   -2.70856e+05    1.30922e+03   -2.28439e+05
    Kinetic En.   Total Energy  Conserved En.    Temperature Pres. DC (bar)
    4.03438e+04   -1.88095e+05   -2.14866e+05    2.94102e+02   -1.98264e+02
 Pressure (bar)
    1.56988e+02

           Step           Time
         435000      870.00000

   Energies (kJ/mol)
        LJ (SR)  Disper. corr.   Coulomb (SR)   Coul. recip.      Potential
    4.36620e+04   -1.96313e+03   -2.72172e+05    1.32211e+03   -2.29151e+05
    Kinetic En.   Total Energy  Conserved En.    Temperature Pres. DC (bar)
    4.08863e+04   -1.88265e+05   -2.14631e+05    2.98057e+02   -1.98264e+02
 Pressure (bar)
    2.59275e+02

           Step           Time
         440000      880.00000

   Energies (kJ/mol)
        LJ (SR)  Disper. corr.   Coulomb (SR)   Coul. recip.      Potential
    4.23730e+04   -1.96313e+03   -2.70237e+05    1.30917e+03   -2.28518e+05
    Kinetic En.   Total Energy  Conserved En.    Temperature Pres. DC (bar)
    4.07798e+04   -1.87738e+05   -2.14400e+05    2.97280e+02   -1.98264e+02
 Pressure (bar)
   -2.58605e+01

Writing checkpoint, step 441720 at Sat Mar 15 13:38:52 2025


           Step           Time
         445000      890.00000

   Energies (kJ/mol)
        LJ (SR)  Disper. corr.   Coulomb (SR)   Coul. recip.      Potential
    4.31175e+04   -1.96313e+03   -2.70963e+05    1.28596e+03   -2.28522e+05
    Kinetic En.   Total Energy  Conserved En.    Temperature Pres. DC (bar)
    4.05388e+04   -1.87983e+05   -2.14169e+05    2.95523e+02   -1.98264e+02
 Pressure (bar)
    2.17635e+02

           Step           Time
         450000      900.00000

   Energies (kJ/mol)
        LJ (SR)  Disper. corr.   Coulomb (SR)   Coul. recip.      Potential
    4.23517e+04   -1.96313e+03   -2.69857e+05    1.26944e+03   -2.28199e+05
    Kinetic En.   Total Energy  Conserved En.    Temperature Pres. DC (bar)
    4.07315e+04   -1.87468e+05   -2.13946e+05    2.96929e+02   -1.98264e+02
 Pressure (bar)
    1.56109e+01

           Step           Time
         455000      910.00000

   Energies (kJ/mol)
        LJ (SR)  Disper. corr.   Coulomb (SR)   Coul. recip.      Potential
    4.31571e+04   -1.96313e+03   -2.70724e+05    1.30092e+03   -2.28229e+05
    Kinetic En.   Total Energy  Conserved En.    Temperature Pres. DC (bar)
    4.10407e+04   -1.87188e+05   -2.13709e+05    2.99183e+02   -1.98264e+02
 Pressure (bar)
    2.65188e+02

           Step           Time
         460000      920.00000

   Energies (kJ/mol)
        LJ (SR)  Disper. corr.   Coulomb (SR)   Coul. recip.      Potential
    4.16963e+04   -1.96313e+03   -2.69223e+05    1.28721e+03   -2.28203e+05
    Kinetic En.   Total Energy  Conserved En.    Temperature Pres. DC (bar)
    4.15007e+04   -1.86702e+05   -2.13487e+05    3.02536e+02   -1.98264e+02
 Pressure (bar)
   -1.31509e+02

           Step           Time
         465000      930.00000

   Energies (kJ/mol)
        LJ (SR)  Disper. corr.   Coulomb (SR)   Coul. recip.      Potential
    4.37194e+04   -1.96313e+03   -2.71764e+05    1.32626e+03   -2.28682e+05
    Kinetic En.   Total Energy  Conserved En.    Temperature Pres. DC (bar)
    4.01210e+04   -1.88561e+05   -2.13241e+05    2.92478e+02   -1.98264e+02
 Pressure (bar)
    3.61518e+02

           Step           Time
         470000      940.00000

   Energies (kJ/mol)
        LJ (SR)  Disper. corr.   Coulomb (SR)   Coul. recip.      Potential
    4.33114e+04   -1.96313e+03   -2.70829e+05    1.28923e+03   -2.28192e+05
    Kinetic En.   Total Energy  Conserved En.    Temperature Pres. DC (bar)
    4.15379e+04   -1.86654e+05   -2.13012e+05    3.02807e+02   -1.98264e+02
 Pressure (bar)
    3.31652e+02

           Step           Time
         475000      950.00000

   Energies (kJ/mol)
        LJ (SR)  Disper. corr.   Coulomb (SR)   Coul. recip.      Potential
    4.38701e+04   -1.96313e+03   -2.72296e+05    1.27022e+03   -2.29119e+05
    Kinetic En.   Total Energy  Conserved En.    Temperature Pres. DC (bar)
    4.13493e+04   -1.87769e+05   -2.12792e+05    3.01432e+02   -1.98264e+02
 Pressure (bar)
    3.49305e+02

           Step           Time
         480000      960.00000

   Energies (kJ/mol)
        LJ (SR)  Disper. corr.   Coulomb (SR)   Coul. recip.      Potential
    4.28445e+04   -1.96313e+03   -2.70617e+05    1.31230e+03   -2.28423e+05
    Kinetic En.   Total Energy  Conserved En.    Temperature Pres. DC (bar)
    4.08754e+04   -1.87548e+05   -2.12552e+05    2.97977e+02   -1.98264e+02
 Pressure (bar)
    1.23395e+02

           Step           Time
         485000      970.00000

   Energies (kJ/mol)
        LJ (SR)  Disper. corr.   Coulomb (SR)   Coul. recip.      Potential
    4.30890e+04   -1.96313e+03   -2.71423e+05    1.31613e+03   -2.28981e+05
    Kinetic En.   Total Energy  Conserved En.    Temperature Pres. DC (bar)
    4.12647e+04   -1.87716e+05   -2.12321e+05    3.00815e+02   -1.98264e+02
 Pressure (bar)
    1.55608e+02

           Step           Time
         490000      980.00000

   Energies (kJ/mol)
        LJ (SR)  Disper. corr.   Coulomb (SR)   Coul. recip.      Potential
    4.21120e+04   -1.96313e+03   -2.69729e+05    1.30338e+03   -2.28277e+05
    Kinetic En.   Total Energy  Conserved En.    Temperature Pres. DC (bar)
    4.08983e+04   -1.87379e+05   -2.12091e+05    2.98144e+02   -1.98264e+02
 Pressure (bar)
   -3.54583e+01

           Step           Time
         495000      990.00000

   Energies (kJ/mol)
        LJ (SR)  Disper. corr.   Coulomb (SR)   Coul. recip.      Potential
    4.39221e+04   -1.96313e+03   -2.71962e+05    1.32875e+03   -2.28674e+05
    Kinetic En.   Total Energy  Conserved En.    Temperature Pres. DC (bar)
    4.06454e+04   -1.88029e+05   -2.11857e+05    2.96301e+02   -1.98264e+02
 Pressure (bar)
    4.58426e+02

           Step           Time
         500000     1000.00000

   Energies (kJ/mol)
        LJ (SR)  Disper. corr.   Coulomb (SR)   Coul. recip.      Potential
    4.22779e+04   -1.96313e+03   -2.70978e+05    1.30222e+03   -2.29361e+05
    Kinetic En.   Total Energy  Conserved En.    Temperature Pres. DC (bar)
    4.02749e+04   -1.89086e+05   -2.11629e+05    2.93600e+02   -1.98264e+02
 Pressure (bar)
   -1.78117e+02

           Step           Time
         505000     1010.00000

   Energies (kJ/mol)
        LJ (SR)  Disper. corr.   Coulomb (SR)   Coul. recip.      Potential
    4.30617e+04   -1.96313e+03   -2.71064e+05    1.31510e+03   -2.28651e+05
    Kinetic En.   Total Energy  Conserved En.    Temperature Pres. DC (bar)
    4.05688e+04   -1.88082e+05   -2.11389e+05    2.95743e+02   -1.98264e+02
 Pressure (bar)
    2.16073e+02

           Step           Time
         510000     1020.00000

   Energies (kJ/mol)
        LJ (SR)  Disper. corr.   Coulomb (SR)   Coul. recip.      Potential
    4.23237e+04   -1.96313e+03   -2.69818e+05    1.29945e+03   -2.28158e+05
    Kinetic En.   Total Energy  Conserved En.    Temperature Pres. DC (bar)
    4.05504e+04   -1.87608e+05   -2.11160e+05    2.95609e+02   -1.98264e+02
 Pressure (bar)
   -4.97233e-02

           Step           Time
         515000     1030.00000

   Energies (kJ/mol)
        LJ (SR)  Disper. corr.   Coulomb (SR)   Coul. recip.      Potential
    4.27965e+04   -1.96313e+03   -2.70983e+05    1.33216e+03   -2.28818e+05
    Kinetic En.   Total Energy  Conserved En.    Temperature Pres. DC (bar)
    4.02594e+04   -1.88558e+05   -2.10934e+05    2.93487e+02   -1.98264e+02
 Pressure (bar)
    3.49563e+01

           Step           Time
         520000     1040.00000

   Energies (kJ/mol)
        LJ (SR)  Disper. corr.   Coulomb (SR)   Coul. recip.      Potential
    4.35749e+04   -1.96313e+03   -2.72200e+05    1.24020e+03   -2.29348e+05
    Kinetic En.   Total Energy  Conserved En.    Temperature Pres. DC (bar)
    4.09503e+04   -1.88397e+05   -2.10704e+05    2.98524e+02   -1.98264e+02
 Pressure (bar)
    1.82512e+02

           Step           Time
         525000     1050.00000

   Energies (kJ/mol)
        LJ (SR)  Disper. corr.   Coulomb (SR)   Coul. recip.      Potential
    4.23904e+04   -1.96313e+03   -2.70380e+05    1.26915e+03   -2.28683e+05
    Kinetic En.   Total Energy  Conserved En.    Temperature Pres. DC (bar)
    4.06652e+04   -1.88018e+05   -2.10477e+05    2.96445e+02   -1.98264e+02
 Pressure (bar)
   -1.09817e+02

           Step           Time
         530000     1060.00000

   Energies (kJ/mol)
        LJ (SR)  Disper. corr.   Coulomb (SR)   Coul. recip.      Potential
    4.34665e+04   -1.96313e+03   -2.71557e+05    1.24517e+03   -2.28808e+05
    Kinetic En.   Total Energy  Conserved En.    Temperature Pres. DC (bar)
    4.09714e+04   -1.87837e+05   -2.10243e+05    2.98678e+02   -1.98264e+02
 Pressure (bar)
    2.67740e+02

           Step           Time
         535000     1070.00000

   Energies (kJ/mol)
        LJ (SR)  Disper. corr.   Coulomb (SR)   Coul. recip.      Potential
    4.23175e+04   -1.96313e+03   -2.69611e+05    1.31320e+03   -2.27943e+05
    Kinetic En.   Total Energy  Conserved En.    Temperature Pres. DC (bar)
    4.01779e+04   -1.87765e+05   -2.10013e+05    2.92893e+02   -1.98264e+02
 Pressure (bar)
    3.98367e+00

           Step           Time
         540000     1080.00000

   Energies (kJ/mol)
        LJ (SR)  Disper. corr.   Coulomb (SR)   Coul. recip.      Potential
    4.33516e+04   -1.96313e+03   -2.70154e+05    1.33063e+03   -2.27435e+05
    Kinetic En.   Total Energy  Conserved En.    Temperature Pres. DC (bar)
    4.01214e+04   -1.87314e+05   -2.09771e+05    2.92481e+02   -1.98264e+02
 Pressure (bar)
    3.90162e+02

           Step           Time
         545000     1090.00000

   Energies (kJ/mol)
        LJ (SR)  Disper. corr.   Coulomb (SR)   Coul. recip.      Potential
    4.34113e+04   -1.96313e+03   -2.70706e+05    1.30910e+03   -2.27949e+05
    Kinetic En.   Total Energy  Conserved En.    Temperature Pres. DC (bar)
    4.10976e+04   -1.86851e+05   -2.09550e+05    2.99597e+02   -1.98264e+02
 Pressure (bar)
    3.97965e+02

           Step           Time
         550000     1100.00000

   Energies (kJ/mol)
        LJ (SR)  Disper. corr.   Coulomb (SR)   Coul. recip.      Potential
    4.30065e+04   -1.96313e+03   -2.71087e+05    1.30806e+03   -2.28735e+05
    Kinetic En.   Total Energy  Conserved En.    Temperature Pres. DC (bar)
    4.08035e+04   -1.87932e+05   -2.09318e+05    2.97453e+02   -1.98264e+02
 Pressure (bar)
    1.08933e+02

           Step           Time
         555000     1110.00000

   Energies (kJ/mol)
        LJ (SR)  Disper. corr.   Coulomb (SR)   Coul. recip.      Potential
    4.26087e+04   -1.96313e+03   -2.70354e+05    1.32009e+03   -2.28388e+05
    Kinetic En.   Total Energy  Conserved En.    Temperature Pres. DC (bar)
    4.09037e+04   -1.87485e+05   -2.09087e+05    2.98184e+02   -1.98264e+02
 Pressure (bar)
    8.10602e+01

           Step           Time
         560000     1120.00000

   Energies (kJ/mol)
        LJ (SR)  Disper. corr.   Coulomb (SR)   Coul. recip.      Potential
    4.31651e+04   -1.96313e+03   -2.70399e+05    1.25449e+03   -2.27942e+05
    Kinetic En.   Total Energy  Conserved En.    Temperature Pres. DC (bar)
    4.01155e+04   -1.87827e+05   -2.08845e+05    2.92438e+02   -1.98264e+02
 Pressure (bar)
    2.49099e+02

           Step           Time
         565000     1130.00000

   Energies (kJ/mol)
        LJ (SR)  Disper. corr.   Coulomb (SR)   Coul. recip.      Potential
    4.27002e+04   -1.96313e+03   -2.70216e+05    1.35900e+03   -2.28120e+05
    Kinetic En.   Total Energy  Conserved En.    Temperature Pres. DC (bar)
    4.12019e+04   -1.86918e+05   -2.08629e+05    3.00358e+02   -1.98264e+02
 Pressure (bar)
    8.93928e+01

           Step           Time
         570000     1140.00000

   Energies (kJ/mol)
        LJ (SR)  Disper. corr.   Coulomb (SR)   Coul. recip.      Potential
    4.22488e+04   -1.96313e+03   -2.69475e+05    1.32237e+03   -2.27867e+05
    Kinetic En.   Total Energy  Conserved En.    Temperature Pres. DC (bar)
    4.13582e+04   -1.86509e+05   -2.08398e+05    3.01497e+02   -1.98264e+02
 Pressure (bar)
    2.89201e+01

           Step           Time
         575000     1150.00000

   Energies (kJ/mol)
        LJ (SR)  Disper. corr.   Coulomb (SR)   Coul. recip.      Potential
    4.25139e+04   -1.96313e+03   -2.69886e+05    1.26976e+03   -2.28066e+05
    Kinetic En.   Total Energy  Conserved En.    Temperature Pres. DC (bar)
    4.07383e+04   -1.87328e+05   -2.08175e+05    2.96978e+02   -1.98264e+02
 Pressure (bar)
    7.64219e+01

           Step           Time
         580000     1160.00000

   Energies (kJ/mol)
        LJ (SR)  Disper. corr.   Coulomb (SR)   Coul. recip.      Potential
    4.24718e+04   -1.96313e+03   -2.69792e+05    1.25969e+03   -2.28023e+05
    Kinetic En.   Total Energy  Conserved En.    Temperature Pres. DC (bar)
    4.07990e+04   -1.87224e+05   -2.07938e+05    2.97421e+02   -1.98264e+02
 Pressure (bar)
    1.16803e+02

           Step           Time
         585000     1170.00000

   Energies (kJ/mol)
        LJ (SR)  Disper. corr.   Coulomb (SR)   Coul. recip.      Potential
    4.33490e+04   -1.96313e+03   -2.70946e+05    1.38466e+03   -2.28176e+05
    Kinetic En.   Total Energy  Conserved En.    Temperature Pres. DC (bar)
    4.10326e+04   -1.87143e+05   -2.07704e+05    2.99123e+02   -1.98264e+02
 Pressure (bar)
    3.59005e+02

           Step           Time
         590000     1180.00000

   Energies (kJ/mol)
        LJ (SR)  Disper. corr.   Coulomb (SR)   Coul. recip.      Potential
    4.29407e+04   -1.96313e+03   -2.70554e+05    1.31169e+03   -2.28265e+05
    Kinetic En.   Total Energy  Conserved En.    Temperature Pres. DC (bar)
    4.09096e+04   -1.87355e+05   -2.07473e+05    2.98227e+02   -1.98264e+02
 Pressure (bar)
    1.51365e+02

           Step           Time
         595000     1190.00000

   Energies (kJ/mol)
        LJ (SR)  Disper. corr.   Coulomb (SR)   Coul. recip.      Potential
    4.28000e+04   -1.96313e+03   -2.69790e+05    1.29304e+03   -2.27660e+05
    Kinetic En.   Total Energy  Conserved En.    Temperature Pres. DC (bar)
    4.09656e+04   -1.86694e+05   -2.07241e+05    2.98635e+02   -1.98264e+02
 Pressure (bar)
    2.59181e+02

           Step           Time
         600000     1200.00000

   Energies (kJ/mol)
        LJ (SR)  Disper. corr.   Coulomb (SR)   Coul. recip.      Potential
    4.29338e+04   -1.96313e+03   -2.70691e+05    1.26283e+03   -2.28458e+05
    Kinetic En.   Total Energy  Conserved En.    Temperature Pres. DC (bar)
    4.14060e+04   -1.87052e+05   -2.07013e+05    3.01845e+02   -1.98264e+02
 Pressure (bar)
    2.03497e+02

           Step           Time
         605000     1210.00000

   Energies (kJ/mol)
        LJ (SR)  Disper. corr.   Coulomb (SR)   Coul. recip.      Potential
    4.20794e+04   -1.96313e+03   -2.70229e+05    1.27505e+03   -2.28838e+05
    Kinetic En.   Total Energy  Conserved En.    Temperature Pres. DC (bar)
    4.09430e+04   -1.87895e+05   -2.06782e+05    2.98471e+02   -1.98264e+02
 Pressure (bar)
   -1.07129e+02

           Step           Time
         610000     1220.00000

   Energies (kJ/mol)
        LJ (SR)  Disper. corr.   Coulomb (SR)   Coul. recip.      Potential
    4.23051e+04   -1.96313e+03   -2.70081e+05    1.32621e+03   -2.28413e+05
    Kinetic En.   Total Energy  Conserved En.    Temperature Pres. DC (bar)
    4.10036e+04   -1.87409e+05   -2.06544e+05    2.98912e+02   -1.98264e+02
 Pressure (bar)
   -5.20243e+01

           Step           Time
         615000     1230.00000

   Energies (kJ/mol)
        LJ (SR)  Disper. corr.   Coulomb (SR)   Coul. recip.      Potential
    4.32757e+04   -1.96313e+03   -2.70956e+05    1.29846e+03   -2.28345e+05
    Kinetic En.   Total Energy  Conserved En.    Temperature Pres. DC (bar)
    4.04771e+04   -1.87868e+05   -2.06311e+05    2.95074e+02   -1.98264e+02
 Pressure (bar)
    2.85530e+02

           Step           Time
         620000     1240.00000

   Energies (kJ/mol)
        LJ (SR)  Disper. corr.   Coulomb (SR)   Coul. recip.      Potential
    4.33491e+04   -1.96313e+03   -2.71102e+05    1.29373e+03   -2.28422e+05
    Kinetic En.   Total Energy  Conserved En.    Temperature Pres. DC (bar)
    4.08292e+04   -1.87593e+05   -2.06089e+05    2.97641e+02   -1.98264e+02
 Pressure (bar)
    2.92714e+02

           Step           Time
         625000     1250.00000

   Energies (kJ/mol)
        LJ (SR)  Disper. corr.   Coulomb (SR)   Coul. recip.      Potential
    4.25607e+04   -1.96313e+03   -2.69348e+05    1.37662e+03   -2.27374e+05
    Kinetic En.   Total Energy  Conserved En.    Temperature Pres. DC (bar)
    4.05712e+04   -1.86803e+05   -2.05844e+05    2.95760e+02   -1.98264e+02
 Pressure (bar)
    1.84542e+02

           Step           Time
         630000     1260.00000

   Energies (kJ/mol)
        LJ (SR)  Disper. corr.   Coulomb (SR)   Coul. recip.      Potential
    4.17021e+04   -1.96313e+03   -2.67971e+05    1.29932e+03   -2.26932e+05
    Kinetic En.   Total Energy  Conserved En.    Temperature Pres. DC (bar)
    4.06731e+04   -1.86259e+05   -2.05628e+05    2.96503e+02   -1.98264e+02
 Pressure (bar)
   -7.00919e+01

           Step           Time
         635000     1270.00000

   Energies (kJ/mol)
        LJ (SR)  Disper. corr.   Coulomb (SR)   Coul. recip.      Potential
    4.32925e+04   -1.96313e+03   -2.71729e+05    1.23304e+03   -2.29167e+05
    Kinetic En.   Total Energy  Conserved En.    Temperature Pres. DC (bar)
    4.11864e+04   -1.87980e+05   -2.05400e+05    3.00245e+02   -1.98264e+02
 Pressure (bar)
    2.42449e+02

           Step           Time
         640000     1280.00000

   Energies (kJ/mol)
        LJ (SR)  Disper. corr.   Coulomb (SR)   Coul. recip.      Potential
    4.21038e+04   -1.96313e+03   -2.69966e+05    1.31459e+03   -2.28511e+05
    Kinetic En.   Total Energy  Conserved En.    Temperature Pres. DC (bar)
    4.10661e+04   -1.87445e+05   -2.05157e+05    2.99367e+02   -1.98264e+02
 Pressure (bar)
   -1.11161e+02

           Step           Time
         645000     1290.00000

   Energies (kJ/mol)
        LJ (SR)  Disper. corr.   Coulomb (SR)   Coul. recip.      Potential
    4.35480e+04   -1.96313e+03   -2.71989e+05    1.24811e+03   -2.29156e+05
    Kinetic En.   Total Energy  Conserved En.    Temperature Pres. DC (bar)
    4.08498e+04   -1.88306e+05   -2.04921e+05    2.97791e+02   -1.98264e+02
 Pressure (bar)
    2.53100e+02

           Step           Time
         650000     1300.00000

   Energies (kJ/mol)
        LJ (SR)  Disper. corr.   Coulomb (SR)   Coul. recip.      Potential
    4.31539e+04   -1.96313e+03   -2.71053e+05    1.29940e+03   -2.28563e+05
    Kinetic En.   Total Energy  Conserved En.    Temperature Pres. DC (bar)
    4.07596e+04   -1.87804e+05   -2.04692e+05    2.97133e+02   -1.98264e+02
 Pressure (bar)
    2.05353e+02

           Step           Time
         655000     1310.00000

   Energies (kJ/mol)
        LJ (SR)  Disper. corr.   Coulomb (SR)   Coul. recip.      Potential
    4.28832e+04   -1.96313e+03   -2.70611e+05    1.29259e+03   -2.28399e+05
    Kinetic En.   Total Energy  Conserved En.    Temperature Pres. DC (bar)
    4.07569e+04   -1.87642e+05   -2.04463e+05    2.97113e+02   -1.98264e+02
 Pressure (bar)
    1.65878e+02

Writing checkpoint, step 655720 at Sat Mar 15 13:53:52 2025


           Step           Time
         660000     1320.00000

   Energies (kJ/mol)
        LJ (SR)  Disper. corr.   Coulomb (SR)   Coul. recip.      Potential
    4.11654e+04   -1.96313e+03   -2.68361e+05    1.35672e+03   -2.27802e+05
    Kinetic En.   Total Energy  Conserved En.    Temperature Pres. DC (bar)
    4.06905e+04   -1.87112e+05   -2.04224e+05    2.96630e+02   -1.98264e+02
 Pressure (bar)
   -2.78278e+02

           Step           Time
         665000     1330.00000

   Energies (kJ/mol)
        LJ (SR)  Disper. corr.   Coulomb (SR)   Coul. recip.      Potential
    4.26992e+04   -1.96313e+03   -2.70710e+05    1.33526e+03   -2.28639e+05
    Kinetic En.   Total Energy  Conserved En.    Temperature Pres. DC (bar)
    4.10257e+04   -1.87613e+05   -2.04001e+05    2.99073e+02   -1.98264e+02
 Pressure (bar)
    7.61496e+01

           Step           Time
         670000     1340.00000

   Energies (kJ/mol)
        LJ (SR)  Disper. corr.   Coulomb (SR)   Coul. recip.      Potential
    4.27889e+04   -1.96313e+03   -2.69933e+05    1.25697e+03   -2.27850e+05
    Kinetic En.   Total Energy  Conserved En.    Temperature Pres. DC (bar)
    4.07226e+04   -1.87128e+05   -2.03765e+05    2.96863e+02   -1.98264e+02
 Pressure (bar)
    2.16712e+02

           Step           Time
         675000     1350.00000

   Energies (kJ/mol)
        LJ (SR)  Disper. corr.   Coulomb (SR)   Coul. recip.      Potential
    4.22787e+04   -1.96313e+03   -2.70608e+05    1.26528e+03   -2.29027e+05
    Kinetic En.   Total Energy  Conserved En.    Temperature Pres. DC (bar)
    4.10167e+04   -1.88010e+05   -2.03536e+05    2.99008e+02   -1.98264e+02
 Pressure (bar)
   -1.41046e+02

           Step           Time
         680000     1360.00000

   Energies (kJ/mol)
        LJ (SR)  Disper. corr.   Coulomb (SR)   Coul. recip.      Potential
    4.22668e+04   -1.96313e+03   -2.69462e+05    1.27787e+03   -2.27880e+05
    Kinetic En.   Total Energy  Conserved En.    Temperature Pres. DC (bar)
    4.04765e+04   -1.87404e+05   -2.03300e+05    2.95070e+02   -1.98264e+02
 Pressure (bar)
   -2.14619e+01

           Step           Time
         685000     1370.00000

   Energies (kJ/mol)
        LJ (SR)  Disper. corr.   Coulomb (SR)   Coul. recip.      Potential
    4.16413e+04   -1.96313e+03   -2.68794e+05    1.34236e+03   -2.27774e+05
    Kinetic En.   Total Energy  Conserved En.    Temperature Pres. DC (bar)
    4.15070e+04   -1.86267e+05   -2.03077e+05    3.02581e+02   -1.98264e+02
 Pressure (bar)
   -7.99701e+01

           Step           Time
         690000     1380.00000

   Energies (kJ/mol)
        LJ (SR)  Disper. corr.   Coulomb (SR)   Coul. recip.      Potential
    4.30696e+04   -1.96313e+03   -2.70325e+05    1.27246e+03   -2.27946e+05
    Kinetic En.   Total Energy  Conserved En.    Temperature Pres. DC (bar)
    4.12220e+04   -1.86724e+05   -2.02849e+05    3.00504e+02   -1.98264e+02
 Pressure (bar)
    2.89909e+02

           Step           Time
         695000     1390.00000

   Energies (kJ/mol)
        LJ (SR)  Disper. corr.   Coulomb (SR)   Coul. recip.      Potential
    4.24615e+04   -1.96313e+03   -2.70043e+05    1.27412e+03   -2.28270e+05
    Kinetic En.   Total Energy  Conserved En.    Temperature Pres. DC (bar)
    4.10988e+04   -1.87171e+05   -2.02621e+05    2.99606e+02   -1.98264e+02
 Pressure (bar)
    3.78839e+01

           Step           Time
         700000     1400.00000

   Energies (kJ/mol)
        LJ (SR)  Disper. corr.   Coulomb (SR)   Coul. recip.      Potential
    4.35201e+04   -1.96313e+03   -2.71858e+05    1.29369e+03   -2.29008e+05
    Kinetic En.   Total Energy  Conserved En.    Temperature Pres. DC (bar)
    4.06050e+04   -1.88403e+05   -2.02377e+05    2.96006e+02   -1.98264e+02
 Pressure (bar)
    2.93273e+02

           Step           Time
         705000     1410.00000

   Energies (kJ/mol)
        LJ (SR)  Disper. corr.   Coulomb (SR)   Coul. recip.      Potential
    4.17860e+04   -1.96313e+03   -2.69597e+05    1.29780e+03   -2.28476e+05
    Kinetic En.   Total Energy  Conserved En.    Temperature Pres. DC (bar)
    4.05709e+04   -1.87905e+05   -2.02146e+05    2.95758e+02   -1.98264e+02
 Pressure (bar)
   -1.76131e+02

           Step           Time
         710000     1420.00000

   Energies (kJ/mol)
        LJ (SR)  Disper. corr.   Coulomb (SR)   Coul. recip.      Potential
    4.27479e+04   -1.96313e+03   -2.71131e+05    1.28701e+03   -2.29059e+05
    Kinetic En.   Total Energy  Conserved En.    Temperature Pres. DC (bar)
    4.03493e+04   -1.88710e+05   -2.01924e+05    2.94142e+02   -1.98264e+02
 Pressure (bar)
    8.41390e+00

           Step           Time
         715000     1430.00000

   Energies (kJ/mol)
        LJ (SR)  Disper. corr.   Coulomb (SR)   Coul. recip.      Potential
    4.28152e+04   -1.96313e+03   -2.70984e+05    1.32342e+03   -2.28809e+05
    Kinetic En.   Total Energy  Conserved En.    Temperature Pres. DC (bar)
    4.10293e+04   -1.87780e+05   -2.01704e+05    2.99100e+02   -1.98264e+02
 Pressure (bar)
    8.36354e+01

           Step           Time
         720000     1440.00000

   Energies (kJ/mol)
        LJ (SR)  Disper. corr.   Coulomb (SR)   Coul. recip.      Potential
    4.29455e+04   -1.96313e+03   -2.71621e+05    1.26707e+03   -2.29372e+05
    Kinetic En.   Total Energy  Conserved En.    Temperature Pres. DC (bar)
    4.11383e+04   -1.88234e+05   -2.01468e+05    2.99894e+02   -1.98264e+02
 Pressure (bar)
    2.79739e+01

           Step           Time
         725000     1450.00000

   Energies (kJ/mol)
        LJ (SR)  Disper. corr.   Coulomb (SR)   Coul. recip.      Potential
    4.29678e+04   -1.96313e+03   -2.70244e+05    1.27774e+03   -2.27962e+05
    Kinetic En.   Total Energy  Conserved En.    Temperature Pres. DC (bar)
    4.03911e+04   -1.87571e+05   -2.01232e+05    2.94447e+02   -1.98264e+02
 Pressure (bar)
    2.39873e+02

           Step           Time
         730000     1460.00000

   Energies (kJ/mol)
        LJ (SR)  Disper. corr.   Coulomb (SR)   Coul. recip.      Potential
    4.28571e+04   -1.96313e+03   -2.70603e+05    1.27286e+03   -2.28436e+05
    Kinetic En.   Total Energy  Conserved En.    Temperature Pres. DC (bar)
    4.04536e+04   -1.87983e+05   -2.01004e+05    2.94902e+02   -1.98264e+02
 Pressure (bar)
    1.59345e+02

           Step           Time
         735000     1470.00000

   Energies (kJ/mol)
        LJ (SR)  Disper. corr.   Coulomb (SR)   Coul. recip.      Potential
    4.33965e+04   -1.96313e+03   -2.71254e+05    1.29073e+03   -2.28530e+05
    Kinetic En.   Total Energy  Conserved En.    Temperature Pres. DC (bar)
    4.10624e+04   -1.87468e+05   -2.00775e+05    2.99341e+02   -1.98264e+02
 Pressure (bar)
    2.48220e+02

           Step           Time
         740000     1480.00000

   Energies (kJ/mol)
        LJ (SR)  Disper. corr.   Coulomb (SR)   Coul. recip.      Potential
    4.34639e+04   -1.96313e+03   -2.71587e+05    1.33732e+03   -2.28749e+05
    Kinetic En.   Total Energy  Conserved En.    Temperature Pres. DC (bar)
    4.09244e+04   -1.87825e+05   -2.00536e+05    2.98334e+02   -1.98264e+02
 Pressure (bar)
    2.86655e+02

           Step           Time
         745000     1490.00000

   Energies (kJ/mol)
        LJ (SR)  Disper. corr.   Coulomb (SR)   Coul. recip.      Potential
    4.37259e+04   -1.96313e+03   -2.71260e+05    1.33100e+03   -2.28166e+05
    Kinetic En.   Total Energy  Conserved En.    Temperature Pres. DC (bar)
    4.09048e+04   -1.87261e+05   -2.00300e+05    2.98192e+02   -1.98264e+02
 Pressure (bar)
    4.52470e+02

           Step           Time
         750000     1500.00000

   Energies (kJ/mol)
        LJ (SR)  Disper. corr.   Coulomb (SR)   Coul. recip.      Potential
    4.22529e+04   -1.96313e+03   -2.70004e+05    1.32633e+03   -2.28387e+05
    Kinetic En.   Total Energy  Conserved En.    Temperature Pres. DC (bar)
    4.06704e+04   -1.87717e+05   -2.00071e+05    2.96483e+02   -1.98264e+02
 Pressure (bar)
   -8.36195e+01

           Step           Time
         755000     1510.00000

   Energies (kJ/mol)
        LJ (SR)  Disper. corr.   Coulomb (SR)   Coul. recip.      Potential
    4.20432e+04   -1.96313e+03   -2.69228e+05    1.32587e+03   -2.27822e+05
    Kinetic En.   Total Energy  Conserved En.    Temperature Pres. DC (bar)
    4.04042e+04   -1.87418e+05   -1.99848e+05    2.94542e+02   -1.98264e+02
 Pressure (bar)
   -5.27415e+01

           Step           Time
         760000     1520.00000

   Energies (kJ/mol)
        LJ (SR)  Disper. corr.   Coulomb (SR)   Coul. recip.      Potential
    4.29303e+04   -1.96313e+03   -2.70176e+05    1.29739e+03   -2.27911e+05
    Kinetic En.   Total Energy  Conserved En.    Temperature Pres. DC (bar)
    4.06406e+04   -1.87271e+05   -1.99614e+05    2.96266e+02   -1.98264e+02
 Pressure (bar)
    2.49436e+02

           Step           Time
         765000     1530.00000

   Energies (kJ/mol)
        LJ (SR)  Disper. corr.   Coulomb (SR)   Coul. recip.      Potential
    4.28423e+04   -1.96313e+03   -2.70204e+05    1.28141e+03   -2.28043e+05
    Kinetic En.   Total Energy  Conserved En.    Temperature Pres. DC (bar)
    4.09890e+04   -1.87054e+05   -1.99380e+05    2.98805e+02   -1.98264e+02
 Pressure (bar)
    2.25505e+02

           Step           Time
         770000     1540.00000

   Energies (kJ/mol)
        LJ (SR)  Disper. corr.   Coulomb (SR)   Coul. recip.      Potential
    4.25524e+04   -1.96313e+03   -2.69195e+05    1.34157e+03   -2.27264e+05
    Kinetic En.   Total Energy  Conserved En.    Temperature Pres. DC (bar)
    4.06289e+04   -1.86635e+05   -1.99143e+05    2.96181e+02   -1.98264e+02
 Pressure (bar)
    1.98212e+02

           Step           Time
         775000     1550.00000

   Energies (kJ/mol)
        LJ (SR)  Disper. corr.   Coulomb (SR)   Coul. recip.      Potential
    4.30416e+04   -1.96313e+03   -2.70310e+05    1.30408e+03   -2.27927e+05
    Kinetic En.   Total Energy  Conserved En.    Temperature Pres. DC (bar)
    4.07609e+04   -1.87166e+05   -1.98914e+05    2.97143e+02   -1.98264e+02
 Pressure (bar)
    2.76899e+02

           Step           Time
         780000     1560.00000

   Energies (kJ/mol)
        LJ (SR)  Disper. corr.   Coulomb (SR)   Coul. recip.      Potential
    4.25864e+04   -1.96313e+03   -2.70437e+05    1.31246e+03   -2.28501e+05
    Kinetic En.   Total Energy  Conserved En.    Temperature Pres. DC (bar)
    4.11776e+04   -1.87324e+05   -1.98691e+05    3.00180e+02   -1.98264e+02
 Pressure (bar)
    4.94409e+01

           Step           Time
         785000     1570.00000

   Energies (kJ/mol)
        LJ (SR)  Disper. corr.   Coulomb (SR)   Coul. recip.      Potential
    4.29765e+04   -1.96313e+03   -2.70990e+05    1.30978e+03   -2.28667e+05
    Kinetic En.   Total Energy  Conserved En.    Temperature Pres. DC (bar)
    4.07247e+04   -1.87942e+05   -1.98456e+05    2.96879e+02   -1.98264e+02
 Pressure (bar)
    1.59589e+02

           Step           Time
         790000     1580.00000

   Energies (kJ/mol)
        LJ (SR)  Disper. corr.   Coulomb (SR)   Coul. recip.      Potential
    4.32927e+04   -1.96313e+03   -2.71152e+05    1.28999e+03   -2.28532e+05
    Kinetic En.   Total Energy  Conserved En.    Temperature Pres. DC (bar)
    4.09978e+04   -1.87535e+05   -1.98218e+05    2.98870e+02   -1.98264e+02
 Pressure (bar)
    2.62411e+02

           Step           Time
         795000     1590.00000

   Energies (kJ/mol)
        LJ (SR)  Disper. corr.   Coulomb (SR)   Coul. recip.      Potential
    4.34436e+04   -1.96313e+03   -2.71377e+05    1.24604e+03   -2.28650e+05
    Kinetic En.   Total Energy  Conserved En.    Temperature Pres. DC (bar)
    4.06034e+04   -1.88047e+05   -1.97992e+05    2.95995e+02   -1.98264e+02
 Pressure (bar)
    3.04506e+02

           Step           Time
         800000     1600.00000

   Energies (kJ/mol)
        LJ (SR)  Disper. corr.   Coulomb (SR)   Coul. recip.      Potential
    4.28996e+04   -1.96313e+03   -2.70196e+05    1.31638e+03   -2.27943e+05
    Kinetic En.   Total Energy  Conserved En.    Temperature Pres. DC (bar)
    4.08560e+04   -1.87087e+05   -1.97746e+05    2.97836e+02   -1.98264e+02
 Pressure (bar)
    2.00816e+02

           Step           Time
         805000     1610.00000

   Energies (kJ/mol)
        LJ (SR)  Disper. corr.   Coulomb (SR)   Coul. recip.      Potential
    4.30102e+04   -1.96313e+03   -2.71015e+05    1.28442e+03   -2.28683e+05
    Kinetic En.   Total Energy  Conserved En.    Temperature Pres. DC (bar)
    4.05429e+04   -1.88140e+05   -1.97517e+05    2.95554e+02   -1.98264e+02
 Pressure (bar)
    1.21429e+02

           Step           Time
         810000     1620.00000

   Energies (kJ/mol)
        LJ (SR)  Disper. corr.   Coulomb (SR)   Coul. recip.      Potential
    4.25431e+04   -1.96313e+03   -2.69651e+05    1.27575e+03   -2.27796e+05
    Kinetic En.   Total Energy  Conserved En.    Temperature Pres. DC (bar)
    4.03946e+04   -1.87401e+05   -1.97297e+05    2.94472e+02   -1.98264e+02
 Pressure (bar)
    6.81696e+01

           Step           Time
         815000     1630.00000

   Energies (kJ/mol)
        LJ (SR)  Disper. corr.   Coulomb (SR)   Coul. recip.      Potential
    4.30281e+04   -1.96313e+03   -2.71309e+05    1.29735e+03   -2.28946e+05
    Kinetic En.   Total Energy  Conserved En.    Temperature Pres. DC (bar)
    4.04396e+04   -1.88507e+05   -1.97055e+05    2.94800e+02   -1.98264e+02
 Pressure (bar)
    1.28453e+02

           Step           Time
         820000     1640.00000

   Energies (kJ/mol)
        LJ (SR)  Disper. corr.   Coulomb (SR)   Coul. recip.      Potential
    4.24380e+04   -1.96313e+03   -2.70424e+05    1.32255e+03   -2.28626e+05
    Kinetic En.   Total Energy  Conserved En.    Temperature Pres. DC (bar)
    4.11701e+04   -1.87456e+05   -1.96836e+05    3.00126e+02   -1.98264e+02
 Pressure (bar)
   -2.68961e+01

           Step           Time
         825000     1650.00000

   Energies (kJ/mol)
        LJ (SR)  Disper. corr.   Coulomb (SR)   Coul. recip.      Potential
    4.29398e+04   -1.96313e+03   -2.70032e+05    1.32921e+03   -2.27726e+05
    Kinetic En.   Total Energy  Conserved En.    Temperature Pres. DC (bar)
    4.09560e+04   -1.86770e+05   -1.96603e+05    2.98565e+02   -1.98264e+02
 Pressure (bar)
    2.45769e+02

           Step           Time
         830000     1660.00000

   Energies (kJ/mol)
        LJ (SR)  Disper. corr.   Coulomb (SR)   Coul. recip.      Potential
    4.40240e+04   -1.96313e+03   -2.71966e+05    1.27396e+03   -2.28631e+05
    Kinetic En.   Total Energy  Conserved En.    Temperature Pres. DC (bar)
    4.13410e+04   -1.87290e+05   -1.96370e+05    3.01372e+02   -1.98264e+02
 Pressure (bar)
    4.29923e+02

           Step           Time
         835000     1670.00000

   Energies (kJ/mol)
        LJ (SR)  Disper. corr.   Coulomb (SR)   Coul. recip.      Potential
    4.30388e+04   -1.96313e+03   -2.71126e+05    1.26699e+03   -2.28784e+05
    Kinetic En.   Total Energy  Conserved En.    Temperature Pres. DC (bar)
    4.09140e+04   -1.87870e+05   -1.96141e+05    2.98259e+02   -1.98264e+02
 Pressure (bar)
    1.06726e+02

           Step           Time
         840000     1680.00000

   Energies (kJ/mol)
        LJ (SR)  Disper. corr.   Coulomb (SR)   Coul. recip.      Potential
    4.21218e+04   -1.96313e+03   -2.69251e+05    1.27209e+03   -2.27821e+05
    Kinetic En.   Total Energy  Conserved En.    Temperature Pres. DC (bar)
    4.05313e+04   -1.87289e+05   -1.95903e+05    2.95469e+02   -1.98264e+02
 Pressure (bar)
    7.73727e+00

           Step           Time
         845000     1690.00000

   Energies (kJ/mol)
        LJ (SR)  Disper. corr.   Coulomb (SR)   Coul. recip.      Potential
    4.36616e+04   -1.96313e+03   -2.72090e+05    1.28672e+03   -2.29105e+05
    Kinetic En.   Total Energy  Conserved En.    Temperature Pres. DC (bar)
    4.08818e+04   -1.88223e+05   -1.95673e+05    2.98024e+02   -1.98264e+02
 Pressure (bar)
    3.36922e+02

Writing checkpoint, step 849000 at Sat Mar 15 14:08:52 2025


           Step           Time
         850000     1700.00000

   Energies (kJ/mol)
        LJ (SR)  Disper. corr.   Coulomb (SR)   Coul. recip.      Potential
    4.31313e+04   -1.96313e+03   -2.71221e+05    1.29038e+03   -2.28763e+05
    Kinetic En.   Total Energy  Conserved En.    Temperature Pres. DC (bar)
    4.07639e+04   -1.87999e+05   -1.95443e+05    2.97165e+02   -1.98264e+02
 Pressure (bar)
    1.49240e+02

           Step           Time
         855000     1710.00000

   Energies (kJ/mol)
        LJ (SR)  Disper. corr.   Coulomb (SR)   Coul. recip.      Potential
    4.33716e+04   -1.96313e+03   -2.70831e+05    1.30976e+03   -2.28113e+05
    Kinetic En.   Total Energy  Conserved En.    Temperature Pres. DC (bar)
    4.08815e+04   -1.87232e+05   -1.95211e+05    2.98022e+02   -1.98264e+02
 Pressure (bar)
    3.09824e+02

           Step           Time
         860000     1720.00000

   Energies (kJ/mol)
        LJ (SR)  Disper. corr.   Coulomb (SR)   Coul. recip.      Potential
    4.26526e+04   -1.96313e+03   -2.70462e+05    1.28799e+03   -2.28485e+05
    Kinetic En.   Total Energy  Conserved En.    Temperature Pres. DC (bar)
    4.10029e+04   -1.87482e+05   -1.94969e+05    2.98907e+02   -1.98264e+02
 Pressure (bar)
    8.76858e+01

           Step           Time
         865000     1730.00000

   Energies (kJ/mol)
        LJ (SR)  Disper. corr.   Coulomb (SR)   Coul. recip.      Potential
    4.33219e+04   -1.96313e+03   -2.71849e+05    1.25628e+03   -2.29234e+05
    Kinetic En.   Total Energy  Conserved En.    Temperature Pres. DC (bar)
    4.05060e+04   -1.88728e+05   -1.94736e+05    2.95284e+02   -1.98264e+02
 Pressure (bar)
    1.95224e+02

           Step           Time
         870000     1740.00000

   Energies (kJ/mol)
        LJ (SR)  Disper. corr.   Coulomb (SR)   Coul. recip.      Potential
    4.23617e+04   -1.96313e+03   -2.70116e+05    1.26702e+03   -2.28450e+05
    Kinetic En.   Total Energy  Conserved En.    Temperature Pres. DC (bar)
    4.07543e+04   -1.87696e+05   -1.94517e+05    2.97095e+02   -1.98264e+02
 Pressure (bar)
   -1.28975e+01

           Step           Time
         875000     1750.00000

   Energies (kJ/mol)
        LJ (SR)  Disper. corr.   Coulomb (SR)   Coul. recip.      Potential
    4.39488e+04   -1.96313e+03   -2.72224e+05    1.24876e+03   -2.28990e+05
    Kinetic En.   Total Energy  Conserved En.    Temperature Pres. DC (bar)
    4.03213e+04   -1.88668e+05   -1.94284e+05    2.93938e+02   -1.98264e+02
 Pressure (bar)
    4.12760e+02

           Step           Time
         880000     1760.00000

   Energies (kJ/mol)
        LJ (SR)  Disper. corr.   Coulomb (SR)   Coul. recip.      Potential
    4.30445e+04   -1.96313e+03   -2.70438e+05    1.33638e+03   -2.28020e+05
    Kinetic En.   Total Energy  Conserved En.    Temperature Pres. DC (bar)
    4.08036e+04   -1.87217e+05   -1.94042e+05    2.97454e+02   -1.98264e+02
 Pressure (bar)
    2.54081e+02

           Step           Time
         885000     1770.00000

   Energies (kJ/mol)
        LJ (SR)  Disper. corr.   Coulomb (SR)   Coul. recip.      Potential
    4.30364e+04   -1.96313e+03   -2.70369e+05    1.26715e+03   -2.28029e+05
    Kinetic En.   Total Energy  Conserved En.    Temperature Pres. DC (bar)
    4.13765e+04   -1.86652e+05   -1.93828e+05    3.01630e+02   -1.98264e+02
 Pressure (bar)
    2.70528e+02

           Step           Time
         890000     1780.00000

   Energies (kJ/mol)
        LJ (SR)  Disper. corr.   Coulomb (SR)   Coul. recip.      Potential
    4.22946e+04   -1.96313e+03   -2.70286e+05    1.26403e+03   -2.28691e+05
    Kinetic En.   Total Energy  Conserved En.    Temperature Pres. DC (bar)
    4.09433e+04   -1.87747e+05   -1.93586e+05    2.98473e+02   -1.98264e+02
 Pressure (bar)
   -3.96960e+00

           Step           Time
         895000     1790.00000

   Energies (kJ/mol)
        LJ (SR)  Disper. corr.   Coulomb (SR)   Coul. recip.      Potential
    4.29146e+04   -1.96313e+03   -2.71540e+05    1.30593e+03   -2.29282e+05
    Kinetic En.   Total Energy  Conserved En.    Temperature Pres. DC (bar)
    4.15249e+04   -1.87757e+05   -1.93355e+05    3.02712e+02   -1.98264e+02
 Pressure (bar)
    6.43011e+01

           Step           Time
         900000     1800.00000

   Energies (kJ/mol)
        LJ (SR)  Disper. corr.   Coulomb (SR)   Coul. recip.      Potential
    4.31361e+04   -1.96313e+03   -2.71018e+05    1.37812e+03   -2.28467e+05
    Kinetic En.   Total Energy  Conserved En.    Temperature Pres. DC (bar)
    4.07243e+04   -1.87743e+05   -1.93125e+05    2.96876e+02   -1.98264e+02
 Pressure (bar)
    1.72526e+02

           Step           Time
         905000     1810.00000

   Energies (kJ/mol)
        LJ (SR)  Disper. corr.   Coulomb (SR)   Coul. recip.      Potential
    4.23501e+04   -1.96313e+03   -2.69833e+05    1.24653e+03   -2.28199e+05
    Kinetic En.   Total Energy  Conserved En.    Temperature Pres. DC (bar)
    4.14450e+04   -1.86754e+05   -1.92898e+05    3.02130e+02   -1.98264e+02
 Pressure (bar)
    1.81464e+01

           Step           Time
         910000     1820.00000

   Energies (kJ/mol)
        LJ (SR)  Disper. corr.   Coulomb (SR)   Coul. recip.      Potential
    4.40048e+04   -1.96313e+03   -2.72183e+05    1.30276e+03   -2.28839e+05
    Kinetic En.   Total Energy  Conserved En.    Temperature Pres. DC (bar)
    4.07295e+04   -1.88109e+05   -1.92656e+05    2.96913e+02   -1.98264e+02
 Pressure (bar)
    4.96699e+02

           Step           Time
         915000     1830.00000

   Energies (kJ/mol)
        LJ (SR)  Disper. corr.   Coulomb (SR)   Coul. recip.      Potential
    4.28967e+04   -1.96313e+03   -2.70400e+05    1.31769e+03   -2.28148e+05
    Kinetic En.   Total Energy  Conserved En.    Temperature Pres. DC (bar)
    4.05955e+04   -1.87553e+05   -1.92417e+05    2.95937e+02   -1.98264e+02
 Pressure (bar)
    2.15728e+02

           Step           Time
         920000     1840.00000

   Energies (kJ/mol)
        LJ (SR)  Disper. corr.   Coulomb (SR)   Coul. recip.      Potential
    4.30817e+04   -1.96313e+03   -2.70593e+05    1.27437e+03   -2.28200e+05
    Kinetic En.   Total Energy  Conserved En.    Temperature Pres. DC (bar)
    4.08519e+04   -1.87348e+05   -1.92198e+05    2.97806e+02   -1.98264e+02
 Pressure (bar)
    2.29980e+02

           Step           Time
         925000     1850.00000

   Energies (kJ/mol)
        LJ (SR)  Disper. corr.   Coulomb (SR)   Coul. recip.      Potential
    4.34039e+04   -1.96313e+03   -2.71855e+05    1.25054e+03   -2.29163e+05
    Kinetic En.   Total Energy  Conserved En.    Temperature Pres. DC (bar)
    4.11838e+04   -1.87979e+05   -1.91970e+05    3.00226e+02   -1.98264e+02
 Pressure (bar)
    2.55156e+02

           Step           Time
         930000     1860.00000

   Energies (kJ/mol)
        LJ (SR)  Disper. corr.   Coulomb (SR)   Coul. recip.      Potential
    4.27565e+04   -1.96313e+03   -2.70955e+05    1.30524e+03   -2.28857e+05
    Kinetic En.   Total Energy  Conserved En.    Temperature Pres. DC (bar)
    4.09411e+04   -1.87916e+05   -1.91732e+05    2.98457e+02   -1.98264e+02
 Pressure (bar)
    6.01899e+01

           Step           Time
         935000     1870.00000

   Energies (kJ/mol)
        LJ (SR)  Disper. corr.   Coulomb (SR)   Coul. recip.      Potential
    4.29327e+04   -1.96313e+03   -2.70859e+05    1.32154e+03   -2.28568e+05
    Kinetic En.   Total Energy  Conserved En.    Temperature Pres. DC (bar)
    4.11388e+04   -1.87429e+05   -1.91501e+05    2.99898e+02   -1.98264e+02
 Pressure (bar)
    1.62268e+02

           Step           Time
         940000     1880.00000

   Energies (kJ/mol)
        LJ (SR)  Disper. corr.   Coulomb (SR)   Coul. recip.      Potential
    4.23871e+04   -1.96313e+03   -2.70110e+05    1.34060e+03   -2.28346e+05
    Kinetic En.   Total Energy  Conserved En.    Temperature Pres. DC (bar)
    4.12844e+04   -1.87061e+05   -1.91277e+05    3.00959e+02   -1.98264e+02
 Pressure (bar)
    1.67934e+01

           Step           Time
         945000     1890.00000

   Energies (kJ/mol)
        LJ (SR)  Disper. corr.   Coulomb (SR)   Coul. recip.      Potential
    4.28301e+04   -1.96313e+03   -2.70366e+05    1.29674e+03   -2.28202e+05
    Kinetic En.   Total Energy  Conserved En.    Temperature Pres. DC (bar)
    4.12590e+04   -1.86943e+05   -1.91045e+05    3.00774e+02   -1.98264e+02
 Pressure (bar)
    1.65249e+02

           Step           Time
         950000     1900.00000

   Energies (kJ/mol)
        LJ (SR)  Disper. corr.   Coulomb (SR)   Coul. recip.      Potential
    4.30837e+04   -1.96313e+03   -2.70755e+05    1.25564e+03   -2.28378e+05
    Kinetic En.   Total Energy  Conserved En.    Temperature Pres. DC (bar)
    4.12308e+04   -1.87148e+05   -1.90806e+05    3.00568e+02   -1.98264e+02
 Pressure (bar)
    2.61016e+02

           Step           Time
         955000     1910.00000

   Energies (kJ/mol)
        LJ (SR)  Disper. corr.   Coulomb (SR)   Coul. recip.      Potential
    4.17936e+04   -1.96313e+03   -2.69228e+05    1.29958e+03   -2.28098e+05
    Kinetic En.   Total Energy  Conserved En.    Temperature Pres. DC (bar)
    4.12563e+04   -1.86841e+05   -1.90592e+05    3.00754e+02   -1.98264e+02
 Pressure (bar)
   -2.12558e+02

           Step           Time
         960000     1920.00000

   Energies (kJ/mol)
        LJ (SR)  Disper. corr.   Coulomb (SR)   Coul. recip.      Potential
    4.30159e+04   -1.96313e+03   -2.70909e+05    1.32430e+03   -2.28532e+05
    Kinetic En.   Total Energy  Conserved En.    Temperature Pres. DC (bar)
    4.12269e+04   -1.87305e+05   -1.90349e+05    3.00540e+02   -1.98264e+02
 Pressure (bar)
    1.59627e+02

           Step           Time
         965000     1930.00000

   Energies (kJ/mol)
        LJ (SR)  Disper. corr.   Coulomb (SR)   Coul. recip.      Potential
    4.35491e+04   -1.96313e+03   -2.70870e+05    1.30380e+03   -2.27980e+05
    Kinetic En.   Total Energy  Conserved En.    Temperature Pres. DC (bar)
    4.11820e+04   -1.86798e+05   -1.90117e+05    3.00213e+02   -1.98264e+02
 Pressure (bar)
    4.23109e+02

           Step           Time
         970000     1940.00000

   Energies (kJ/mol)
        LJ (SR)  Disper. corr.   Coulomb (SR)   Coul. recip.      Potential
    4.24193e+04   -1.96313e+03   -2.69098e+05    1.30200e+03   -2.27340e+05
    Kinetic En.   Total Energy  Conserved En.    Temperature Pres. DC (bar)
    4.08000e+04   -1.86540e+05   -1.89880e+05    2.97428e+02   -1.98264e+02
 Pressure (bar)
    2.02063e+02

           Step           Time
         975000     1950.00000

   Energies (kJ/mol)
        LJ (SR)  Disper. corr.   Coulomb (SR)   Coul. recip.      Potential
    4.25402e+04   -1.96313e+03   -2.69470e+05    1.30117e+03   -2.27592e+05
    Kinetic En.   Total Energy  Conserved En.    Temperature Pres. DC (bar)
    4.11703e+04   -1.86422e+05   -1.89659e+05    3.00127e+02   -1.98264e+02
 Pressure (bar)
    1.67102e+02

           Step           Time
         980000     1960.00000

   Energies (kJ/mol)
        LJ (SR)  Disper. corr.   Coulomb (SR)   Coul. recip.      Potential
    4.26533e+04   -1.96313e+03   -2.69440e+05    1.32578e+03   -2.27424e+05
    Kinetic En.   Total Energy  Conserved En.    Temperature Pres. DC (bar)
    4.03207e+04   -1.87103e+05   -1.89415e+05    2.93934e+02   -1.98264e+02
 Pressure (bar)
    1.97501e+02

           Step           Time
         985000     1970.00000

   Energies (kJ/mol)
        LJ (SR)  Disper. corr.   Coulomb (SR)   Coul. recip.      Potential
    4.33621e+04   -1.96313e+03   -2.71391e+05    1.28962e+03   -2.28702e+05
    Kinetic En.   Total Energy  Conserved En.    Temperature Pres. DC (bar)
    4.05576e+04   -1.88145e+05   -1.89193e+05    2.95661e+02   -1.98264e+02
 Pressure (bar)
    2.74013e+02

           Step           Time
         990000     1980.00000

   Energies (kJ/mol)
        LJ (SR)  Disper. corr.   Coulomb (SR)   Coul. recip.      Potential
    4.30597e+04   -1.96313e+03   -2.70631e+05    1.26693e+03   -2.28268e+05
    Kinetic En.   Total Energy  Conserved En.    Temperature Pres. DC (bar)
    4.06599e+04   -1.87608e+05   -1.88958e+05    2.96406e+02   -1.98264e+02
 Pressure (bar)
    2.36260e+02

           Step           Time
         995000     1990.00000

   Energies (kJ/mol)
        LJ (SR)  Disper. corr.   Coulomb (SR)   Coul. recip.      Potential
    4.21695e+04   -1.96313e+03   -2.68844e+05    1.33879e+03   -2.27299e+05
    Kinetic En.   Total Energy  Conserved En.    Temperature Pres. DC (bar)
    4.13892e+04   -1.85910e+05   -1.88731e+05    3.01723e+02   -1.98264e+02
 Pressure (bar)
    1.15939e+02

           Step           Time
        1000000     2000.00000

   Energies (kJ/mol)
        LJ (SR)  Disper. corr.   Coulomb (SR)   Coul. recip.      Potential
    4.28039e+04   -1.96313e+03   -2.71184e+05    1.30314e+03   -2.29040e+05
    Kinetic En.   Total Energy  Conserved En.    Temperature Pres. DC (bar)
    4.13702e+04   -1.87669e+05   -1.88497e+05    3.01584e+02   -1.98264e+02
 Pressure (bar)
    5.35336e+01

           Step           Time
        1005000     2010.00000

   Energies (kJ/mol)
        LJ (SR)  Disper. corr.   Coulomb (SR)   Coul. recip.      Potential
    4.20436e+04   -1.96313e+03   -2.69071e+05    1.28948e+03   -2.27701e+05
    Kinetic En.   Total Energy  Conserved En.    Temperature Pres. DC (bar)
    4.03448e+04   -1.87356e+05   -1.88266e+05    2.94109e+02   -1.98264e+02
 Pressure (bar)
   -3.64274e+01

           Step           Time
        1010000     2020.00000

   Energies (kJ/mol)
        LJ (SR)  Disper. corr.   Coulomb (SR)   Coul. recip.      Potential
    4.28039e+04   -1.96313e+03   -2.69277e+05    1.32857e+03   -2.27107e+05
    Kinetic En.   Total Energy  Conserved En.    Temperature Pres. DC (bar)
    4.07999e+04   -1.86307e+05   -1.88031e+05    2.97427e+02   -1.98264e+02
 Pressure (bar)
    3.33884e+02

           Step           Time
        1015000     2030.00000

   Energies (kJ/mol)
        LJ (SR)  Disper. corr.   Coulomb (SR)   Coul. recip.      Potential
    4.25624e+04   -1.96313e+03   -2.71145e+05    1.34978e+03   -2.29196e+05
    Kinetic En.   Total Energy  Conserved En.    Temperature Pres. DC (bar)
    4.06963e+04   -1.88499e+05   -1.87807e+05    2.96672e+02   -1.98264e+02
 Pressure (bar)
   -5.10626e+01

           Step           Time
        1020000     2040.00000

   Energies (kJ/mol)
        LJ (SR)  Disper. corr.   Coulomb (SR)   Coul. recip.      Potential
    4.28303e+04   -1.96313e+03   -2.70124e+05    1.27864e+03   -2.27978e+05
    Kinetic En.   Total Energy  Conserved En.    Temperature Pres. DC (bar)
    4.14780e+04   -1.86500e+05   -1.87575e+05    3.02370e+02   -1.98264e+02
 Pressure (bar)
    2.16151e+02

           Step           Time
        1025000     2050.00000

   Energies (kJ/mol)
        LJ (SR)  Disper. corr.   Coulomb (SR)   Coul. recip.      Potential
    4.36440e+04   -1.96313e+03   -2.72102e+05    1.31155e+03   -2.29109e+05
    Kinetic En.   Total Energy  Conserved En.    Temperature Pres. DC (bar)
    4.06079e+04   -1.88501e+05   -1.87339e+05    2.96027e+02   -1.98264e+02
 Pressure (bar)
    2.37450e+02

           Step           Time
        1030000     2060.00000

   Energies (kJ/mol)
        LJ (SR)  Disper. corr.   Coulomb (SR)   Coul. recip.      Potential
    4.30903e+04   -1.96313e+03   -2.71155e+05    1.31715e+03   -2.28711e+05
    Kinetic En.   Total Energy  Conserved En.    Temperature Pres. DC (bar)
    4.11036e+04   -1.87607e+05   -1.87120e+05    2.99641e+02   -1.98264e+02
 Pressure (bar)
    1.79937e+02

           Step           Time
        1035000     2070.00000

   Energies (kJ/mol)
        LJ (SR)  Disper. corr.   Coulomb (SR)   Coul. recip.      Potential
    4.27867e+04   -1.96313e+03   -2.69901e+05    1.34096e+03   -2.27737e+05
    Kinetic En.   Total Energy  Conserved En.    Temperature Pres. DC (bar)
    4.12794e+04   -1.86457e+05   -1.86881e+05    3.00922e+02   -1.98264e+02
 Pressure (bar)
    1.88562e+02

           Step           Time
        1040000     2080.00000

   Energies (kJ/mol)
        LJ (SR)  Disper. corr.   Coulomb (SR)   Coul. recip.      Potential
    4.16544e+04   -1.96313e+03   -2.69526e+05    1.25577e+03   -2.28579e+05
    Kinetic En.   Total Energy  Conserved En.    Temperature Pres. DC (bar)
    4.07459e+04   -1.87834e+05   -1.86650e+05    2.97033e+02   -1.98264e+02
 Pressure (bar)
   -2.58745e+02

Writing checkpoint, step 1043640 at Sat Mar 15 14:23:52 2025


           Step           Time
        1045000     2090.00000

   Energies (kJ/mol)
        LJ (SR)  Disper. corr.   Coulomb (SR)   Coul. recip.      Potential
    4.24712e+04   -1.96313e+03   -2.69159e+05    1.36481e+03   -2.27286e+05
    Kinetic En.   Total Energy  Conserved En.    Temperature Pres. DC (bar)
    4.12552e+04   -1.86031e+05   -1.86416e+05    3.00746e+02   -1.98264e+02
 Pressure (bar)
    1.57379e+02

           Step           Time
        1050000     2100.00000

   Energies (kJ/mol)
        LJ (SR)  Disper. corr.   Coulomb (SR)   Coul. recip.      Potential
    4.25661e+04   -1.96313e+03   -2.70095e+05    1.35515e+03   -2.28137e+05
    Kinetic En.   Total Energy  Conserved En.    Temperature Pres. DC (bar)
    4.08385e+04   -1.87298e+05   -1.86190e+05    2.97708e+02   -1.98264e+02
 Pressure (bar)
    1.16218e+02

           Step           Time
        1055000     2110.00000

   Energies (kJ/mol)
        LJ (SR)  Disper. corr.   Coulomb (SR)   Coul. recip.      Potential
    4.34279e+04   -1.96313e+03   -2.70974e+05    1.32621e+03   -2.28183e+05
    Kinetic En.   Total Energy  Conserved En.    Temperature Pres. DC (bar)
    4.07817e+04   -1.87402e+05   -1.85955e+05    2.97294e+02   -1.98264e+02
 Pressure (bar)
    3.29157e+02

           Step           Time
        1060000     2120.00000

   Energies (kJ/mol)
        LJ (SR)  Disper. corr.   Coulomb (SR)   Coul. recip.      Potential
    4.21966e+04   -1.96313e+03   -2.69741e+05    1.26127e+03   -2.28246e+05
    Kinetic En.   Total Energy  Conserved En.    Temperature Pres. DC (bar)
    4.11623e+04   -1.87084e+05   -1.85735e+05    3.00069e+02   -1.98264e+02
 Pressure (bar)
   -5.21177e+01

           Step           Time
        1065000     2130.00000

   Energies (kJ/mol)
        LJ (SR)  Disper. corr.   Coulomb (SR)   Coul. recip.      Potential
    4.23393e+04   -1.96313e+03   -2.70196e+05    1.34488e+03   -2.28475e+05
    Kinetic En.   Total Energy  Conserved En.    Temperature Pres. DC (bar)
    4.04453e+04   -1.88029e+05   -1.85492e+05    2.94842e+02   -1.98264e+02
 Pressure (bar)
   -4.36865e+01

           Step           Time
        1070000     2140.00000

   Energies (kJ/mol)
        LJ (SR)  Disper. corr.   Coulomb (SR)   Coul. recip.      Potential
    4.19168e+04   -1.96313e+03   -2.68939e+05    1.30589e+03   -2.27680e+05
    Kinetic En.   Total Energy  Conserved En.    Temperature Pres. DC (bar)
    4.13240e+04   -1.86356e+05   -1.85271e+05    3.01248e+02   -1.98264e+02
 Pressure (bar)
   -8.32305e+00

           Step           Time
        1075000     2150.00000

   Energies (kJ/mol)
        LJ (SR)  Disper. corr.   Coulomb (SR)   Coul. recip.      Potential
    4.21438e+04   -1.96313e+03   -2.69438e+05    1.31959e+03   -2.27938e+05
    Kinetic En.   Total Energy  Conserved En.    Temperature Pres. DC (bar)
    4.01682e+04   -1.87769e+05   -1.85035e+05    2.92822e+02   -1.98264e+02
 Pressure (bar)
   -6.68657e+01

           Step           Time
        1080000     2160.00000

   Energies (kJ/mol)
        LJ (SR)  Disper. corr.   Coulomb (SR)   Coul. recip.      Potential
    4.25960e+04   -1.96313e+03   -2.70469e+05    1.27783e+03   -2.28559e+05
    Kinetic En.   Total Energy  Conserved En.    Temperature Pres. DC (bar)
    4.06822e+04   -1.87876e+05   -1.84809e+05    2.96569e+02   -1.98264e+02
 Pressure (bar)
    1.65398e+01

           Step           Time
        1085000     2170.00000

   Energies (kJ/mol)
        LJ (SR)  Disper. corr.   Coulomb (SR)   Coul. recip.      Potential
    4.23633e+04   -1.96313e+03   -2.69120e+05    1.31846e+03   -2.27401e+05
    Kinetic En.   Total Energy  Conserved En.    Temperature Pres. DC (bar)
    4.09443e+04   -1.86457e+05   -1.84577e+05    2.98480e+02   -1.98264e+02
 Pressure (bar)
    1.49024e+02

           Step           Time
        1090000     2180.00000

   Energies (kJ/mol)
        LJ (SR)  Disper. corr.   Coulomb (SR)   Coul. recip.      Potential
    4.23059e+04   -1.96313e+03   -2.69307e+05    1.30531e+03   -2.27659e+05
    Kinetic En.   Total Energy  Conserved En.    Temperature Pres. DC (bar)
    4.08463e+04   -1.86813e+05   -1.84349e+05    2.97765e+02   -1.98264e+02
 Pressure (bar)
    7.46901e+01

           Step           Time
        1095000     2190.00000

   Energies (kJ/mol)
        LJ (SR)  Disper. corr.   Coulomb (SR)   Coul. recip.      Potential
    4.30871e+04   -1.96313e+03   -2.71015e+05    1.29654e+03   -2.28595e+05
    Kinetic En.   Total Energy  Conserved En.    Temperature Pres. DC (bar)
    4.04804e+04   -1.88114e+05   -1.84113e+05    2.95098e+02   -1.98264e+02
 Pressure (bar)
    1.73428e+02

           Step           Time
        1100000     2200.00000

   Energies (kJ/mol)
        LJ (SR)  Disper. corr.   Coulomb (SR)   Coul. recip.      Potential
    4.20371e+04   -1.96313e+03   -2.69260e+05    1.25536e+03   -2.27931e+05
    Kinetic En.   Total Energy  Conserved En.    Temperature Pres. DC (bar)
    4.09890e+04   -1.86942e+05   -1.83889e+05    2.98806e+02   -1.98264e+02
 Pressure (bar)
   -2.64526e+01

           Step           Time
        1105000     2210.00000

   Energies (kJ/mol)
        LJ (SR)  Disper. corr.   Coulomb (SR)   Coul. recip.      Potential
    4.26254e+04   -1.96313e+03   -2.70780e+05    1.27601e+03   -2.28842e+05
    Kinetic En.   Total Energy  Conserved En.    Temperature Pres. DC (bar)
    4.09448e+04   -1.87897e+05   -1.83649e+05    2.98483e+02   -1.98264e+02
 Pressure (bar)
    3.48017e+01

           Step           Time
        1110000     2220.00000

   Energies (kJ/mol)
        LJ (SR)  Disper. corr.   Coulomb (SR)   Coul. recip.      Potential
    4.32348e+04   -1.96313e+03   -2.70429e+05    1.31113e+03   -2.27846e+05
    Kinetic En.   Total Energy  Conserved En.    Temperature Pres. DC (bar)
    4.09458e+04   -1.86900e+05   -1.83419e+05    2.98491e+02   -1.98264e+02
 Pressure (bar)
    3.27366e+02

           Step           Time
        1115000     2230.00000

   Energies (kJ/mol)
        LJ (SR)  Disper. corr.   Coulomb (SR)   Coul. recip.      Potential
    4.22688e+04   -1.96313e+03   -2.69896e+05    1.26271e+03   -2.28328e+05
    Kinetic En.   Total Energy  Conserved En.    Temperature Pres. DC (bar)
    4.10991e+04   -1.87229e+05   -1.83190e+05    2.99608e+02   -1.98264e+02
 Pressure (bar)
   -1.79945e+01

           Step           Time
        1120000     2240.00000

   Energies (kJ/mol)
        LJ (SR)  Disper. corr.   Coulomb (SR)   Coul. recip.      Potential
    4.37096e+04   -1.96313e+03   -2.71436e+05    1.30778e+03   -2.28382e+05
    Kinetic En.   Total Energy  Conserved En.    Temperature Pres. DC (bar)
    4.04666e+04   -1.87915e+05   -1.82949e+05    2.94998e+02   -1.98264e+02
 Pressure (bar)
    4.31630e+02

           Step           Time
        1125000     2250.00000

   Energies (kJ/mol)
        LJ (SR)  Disper. corr.   Coulomb (SR)   Coul. recip.      Potential
    4.14201e+04   -1.96313e+03   -2.69091e+05    1.34652e+03   -2.28288e+05
    Kinetic En.   Total Energy  Conserved En.    Temperature Pres. DC (bar)
    4.10874e+04   -1.87200e+05   -1.82727e+05    2.99523e+02   -1.98264e+02
 Pressure (bar)
   -3.23806e+02

           Step           Time
        1130000     2260.00000

   Energies (kJ/mol)
        LJ (SR)  Disper. corr.   Coulomb (SR)   Coul. recip.      Potential
    4.29654e+04   -1.96313e+03   -2.70318e+05    1.29162e+03   -2.28024e+05
    Kinetic En.   Total Energy  Conserved En.    Temperature Pres. DC (bar)
    4.13426e+04   -1.86681e+05   -1.82495e+05    3.01383e+02   -1.98264e+02
 Pressure (bar)
    2.35877e+02

           Step           Time
        1135000     2270.00000

   Energies (kJ/mol)
        LJ (SR)  Disper. corr.   Coulomb (SR)   Coul. recip.      Potential
    4.26708e+04   -1.96313e+03   -2.70042e+05    1.36770e+03   -2.27967e+05
    Kinetic En.   Total Energy  Conserved En.    Temperature Pres. DC (bar)
    4.03786e+04   -1.87588e+05   -1.82263e+05    2.94356e+02   -1.98264e+02
 Pressure (bar)
    1.20255e+02

           Step           Time
        1140000     2280.00000

   Energies (kJ/mol)
        LJ (SR)  Disper. corr.   Coulomb (SR)   Coul. recip.      Potential
    4.24008e+04   -1.96313e+03   -2.70131e+05    1.23711e+03   -2.28456e+05
    Kinetic En.   Total Energy  Conserved En.    Temperature Pres. DC (bar)
    4.08285e+04   -1.87628e+05   -1.82032e+05    2.97635e+02   -1.98264e+02
 Pressure (bar)
    3.19630e+01

           Step           Time
        1145000     2290.00000

   Energies (kJ/mol)
        LJ (SR)  Disper. corr.   Coulomb (SR)   Coul. recip.      Potential
    4.17275e+04   -1.96313e+03   -2.69070e+05    1.27563e+03   -2.28030e+05
    Kinetic En.   Total Energy  Conserved En.    Temperature Pres. DC (bar)
    4.12434e+04   -1.86787e+05   -1.81808e+05    3.00660e+02   -1.98264e+02
 Pressure (bar)
   -1.67332e+02

           Step           Time
        1150000     2300.00000

   Energies (kJ/mol)
        LJ (SR)  Disper. corr.   Coulomb (SR)   Coul. recip.      Potential
    4.37190e+04   -1.96313e+03   -2.71286e+05    1.31806e+03   -2.28212e+05
    Kinetic En.   Total Energy  Conserved En.    Temperature Pres. DC (bar)
    4.07137e+04   -1.87498e+05   -1.81563e+05    2.96798e+02   -1.98264e+02
 Pressure (bar)
    4.19906e+02

           Step           Time
        1155000     2310.00000

   Energies (kJ/mol)
        LJ (SR)  Disper. corr.   Coulomb (SR)   Coul. recip.      Potential
    4.24622e+04   -1.96313e+03   -2.69700e+05    1.29176e+03   -2.27909e+05
    Kinetic En.   Total Energy  Conserved En.    Temperature Pres. DC (bar)
    4.09025e+04   -1.87007e+05   -1.81351e+05    2.98175e+02   -1.98264e+02
 Pressure (bar)
    1.03152e+02

           Step           Time
        1160000     2320.00000

   Energies (kJ/mol)
        LJ (SR)  Disper. corr.   Coulomb (SR)   Coul. recip.      Potential
    4.23540e+04   -1.96313e+03   -2.69884e+05    1.29031e+03   -2.28203e+05
    Kinetic En.   Total Energy  Conserved En.    Temperature Pres. DC (bar)
    4.12071e+04   -1.86996e+05   -1.81110e+05    3.00395e+02   -1.98264e+02
 Pressure (bar)
    3.89512e+01

           Step           Time
        1165000     2330.00000

   Energies (kJ/mol)
        LJ (SR)  Disper. corr.   Coulomb (SR)   Coul. recip.      Potential
    4.35822e+04   -1.96313e+03   -2.70926e+05    1.26403e+03   -2.28043e+05
    Kinetic En.   Total Energy  Conserved En.    Temperature Pres. DC (bar)
    4.10747e+04   -1.86969e+05   -1.80884e+05    2.99431e+02   -1.98264e+02
 Pressure (bar)
    4.58988e+02

           Step           Time
        1170000     2340.00000

   Energies (kJ/mol)
        LJ (SR)  Disper. corr.   Coulomb (SR)   Coul. recip.      Potential
    4.24771e+04   -1.96313e+03   -2.70422e+05    1.34211e+03   -2.28566e+05
    Kinetic En.   Total Energy  Conserved En.    Temperature Pres. DC (bar)
    4.06310e+04   -1.87935e+05   -1.80641e+05    2.96196e+02   -1.98264e+02
 Pressure (bar)
    1.44907e+01

           Step           Time
        1175000     2350.00000

   Energies (kJ/mol)
        LJ (SR)  Disper. corr.   Coulomb (SR)   Coul. recip.      Potential
    4.30158e+04   -1.96313e+03   -2.71331e+05    1.32888e+03   -2.28949e+05
    Kinetic En.   Total Energy  Conserved En.    Temperature Pres. DC (bar)
    4.05976e+04   -1.88352e+05   -1.80415e+05    2.95952e+02   -1.98264e+02
 Pressure (bar)
    1.69566e+02

           Step           Time
        1180000     2360.00000

   Energies (kJ/mol)
        LJ (SR)  Disper. corr.   Coulomb (SR)   Coul. recip.      Potential
    4.27580e+04   -1.96313e+03   -2.71001e+05    1.31841e+03   -2.28888e+05
    Kinetic En.   Total Energy  Conserved En.    Temperature Pres. DC (bar)
    4.06753e+04   -1.88213e+05   -1.80191e+05    2.96519e+02   -1.98264e+02
 Pressure (bar)
    7.76090e+01

           Step           Time
        1185000     2370.00000

   Energies (kJ/mol)
        LJ (SR)  Disper. corr.   Coulomb (SR)   Coul. recip.      Potential
    4.21988e+04   -1.96313e+03   -2.69111e+05    1.36574e+03   -2.27510e+05
    Kinetic En.   Total Energy  Conserved En.    Temperature Pres. DC (bar)
    4.08525e+04   -1.86657e+05   -1.79954e+05    2.97811e+02   -1.98264e+02
 Pressure (bar)
    8.58581e+01

           Step           Time
        1190000     2380.00000

   Energies (kJ/mol)
        LJ (SR)  Disper. corr.   Coulomb (SR)   Coul. recip.      Potential
    4.09816e+04   -1.96313e+03   -2.67878e+05    1.30674e+03   -2.27552e+05
    Kinetic En.   Total Energy  Conserved En.    Temperature Pres. DC (bar)
    4.08714e+04   -1.86681e+05   -1.79729e+05    2.97948e+02   -1.98264e+02
 Pressure (bar)
   -3.24482e+02

           Step           Time
        1195000     2390.00000

   Energies (kJ/mol)
        LJ (SR)  Disper. corr.   Coulomb (SR)   Coul. recip.      Potential
    4.35745e+04   -1.96313e+03   -2.72029e+05    1.35378e+03   -2.29064e+05
    Kinetic En.   Total Energy  Conserved En.    Temperature Pres. DC (bar)
    4.08519e+04   -1.88212e+05   -1.79493e+05    2.97806e+02   -1.98264e+02
 Pressure (bar)
    2.77834e+02

           Step           Time
        1200000     2400.00000

   Energies (kJ/mol)
        LJ (SR)  Disper. corr.   Coulomb (SR)   Coul. recip.      Potential
    4.22885e+04   -1.96313e+03   -2.69884e+05    1.36483e+03   -2.28194e+05
    Kinetic En.   Total Energy  Conserved En.    Temperature Pres. DC (bar)
    4.04984e+04   -1.87696e+05   -1.79262e+05    2.95229e+02   -1.98264e+02
 Pressure (bar)
   -1.61763e+01

           Step           Time
        1205000     2410.00000

   Energies (kJ/mol)
        LJ (SR)  Disper. corr.   Coulomb (SR)   Coul. recip.      Potential
    4.28063e+04   -1.96313e+03   -2.70156e+05    1.26192e+03   -2.28051e+05
    Kinetic En.   Total Energy  Conserved En.    Temperature Pres. DC (bar)
    4.05477e+04   -1.87503e+05   -1.79030e+05    2.95589e+02   -1.98264e+02
 Pressure (bar)
    2.34815e+02

           Step           Time
        1210000     2420.00000

   Energies (kJ/mol)
        LJ (SR)  Disper. corr.   Coulomb (SR)   Coul. recip.      Potential
    4.22516e+04   -1.96313e+03   -2.69650e+05    1.31859e+03   -2.28043e+05
    Kinetic En.   Total Energy  Conserved En.    Temperature Pres. DC (bar)
    4.08999e+04   -1.87143e+05   -1.78796e+05    2.98156e+02   -1.98264e+02
 Pressure (bar)
    4.29057e+01

           Step           Time
        1215000     2430.00000

   Energies (kJ/mol)
        LJ (SR)  Disper. corr.   Coulomb (SR)   Coul. recip.      Potential
    4.26746e+04   -1.96313e+03   -2.69713e+05    1.28295e+03   -2.27718e+05
    Kinetic En.   Total Energy  Conserved En.    Temperature Pres. DC (bar)
    4.06458e+04   -1.87073e+05   -1.78572e+05    2.96304e+02   -1.98264e+02
 Pressure (bar)
    1.85219e+02

           Step           Time
        1220000     2440.00000

   Energies (kJ/mol)
        LJ (SR)  Disper. corr.   Coulomb (SR)   Coul. recip.      Potential
    4.17431e+04   -1.96313e+03   -2.69726e+05    1.29771e+03   -2.28648e+05
    Kinetic En.   Total Energy  Conserved En.    Temperature Pres. DC (bar)
    4.10510e+04   -1.87597e+05   -1.78346e+05    2.99258e+02   -1.98264e+02
 Pressure (bar)
   -2.47712e+02

           Step           Time
        1225000     2450.00000

   Energies (kJ/mol)
        LJ (SR)  Disper. corr.   Coulomb (SR)   Coul. recip.      Potential
    4.28388e+04   -1.96313e+03   -2.70682e+05    1.23107e+03   -2.28575e+05
    Kinetic En.   Total Energy  Conserved En.    Temperature Pres. DC (bar)
    4.11713e+04   -1.87404e+05   -1.78115e+05    3.00134e+02   -1.98264e+02
 Pressure (bar)
    1.47417e+02

           Step           Time
        1230000     2460.00000

   Energies (kJ/mol)
        LJ (SR)  Disper. corr.   Coulomb (SR)   Coul. recip.      Potential
    4.37680e+04   -1.96313e+03   -2.71368e+05    1.31678e+03   -2.28246e+05
    Kinetic En.   Total Energy  Conserved En.    Temperature Pres. DC (bar)
    4.09671e+04   -1.87279e+05   -1.77892e+05    2.98646e+02   -1.98264e+02
 Pressure (bar)
    4.30571e+02

Writing checkpoint, step 1233960 at Sat Mar 15 14:38:52 2025


           Step           Time
        1235000     2470.00000

   Energies (kJ/mol)
        LJ (SR)  Disper. corr.   Coulomb (SR)   Coul. recip.      Potential
    4.28317e+04   -1.96313e+03   -2.70393e+05    1.32342e+03   -2.28201e+05
    Kinetic En.   Total Energy  Conserved En.    Temperature Pres. DC (bar)
    4.06490e+04   -1.87552e+05   -1.77653e+05    2.96327e+02   -1.98264e+02
 Pressure (bar)
    1.65497e+02

           Step           Time
        1240000     2480.00000

   Energies (kJ/mol)
        LJ (SR)  Disper. corr.   Coulomb (SR)   Coul. recip.      Potential
    4.28561e+04   -1.96313e+03   -2.70009e+05    1.26749e+03   -2.27848e+05
    Kinetic En.   Total Energy  Conserved En.    Temperature Pres. DC (bar)
    4.04774e+04   -1.87371e+05   -1.77411e+05    2.95076e+02   -1.98264e+02
 Pressure (bar)
    2.23478e+02

           Step           Time
        1245000     2490.00000

   Energies (kJ/mol)
        LJ (SR)  Disper. corr.   Coulomb (SR)   Coul. recip.      Potential
    4.19784e+04   -1.96313e+03   -2.69720e+05    1.36800e+03   -2.28337e+05
    Kinetic En.   Total Energy  Conserved En.    Temperature Pres. DC (bar)
    4.16006e+04   -1.86736e+05   -1.77193e+05    3.03264e+02   -1.98264e+02
 Pressure (bar)
   -6.03495e+01

           Step           Time
        1250000     2500.00000

   Energies (kJ/mol)
        LJ (SR)  Disper. corr.   Coulomb (SR)   Coul. recip.      Potential
    4.20823e+04   -1.96313e+03   -2.68807e+05    1.29499e+03   -2.27393e+05
    Kinetic En.   Total Energy  Conserved En.    Temperature Pres. DC (bar)
    4.03694e+04   -1.87023e+05   -1.76952e+05    2.94289e+02   -1.98264e+02
 Pressure (bar)
    4.47898e+01

           Step           Time
        1255000     2510.00000

   Energies (kJ/mol)
        LJ (SR)  Disper. corr.   Coulomb (SR)   Coul. recip.      Potential
    4.28660e+04   -1.96313e+03   -2.70409e+05    1.34036e+03   -2.28166e+05
    Kinetic En.   Total Energy  Conserved En.    Temperature Pres. DC (bar)
    4.05146e+04   -1.87651e+05   -1.76721e+05    2.95347e+02   -1.98264e+02
 Pressure (bar)
    2.09387e+02

           Step           Time
        1260000     2520.00000

   Energies (kJ/mol)
        LJ (SR)  Disper. corr.   Coulomb (SR)   Coul. recip.      Potential
    4.35005e+04   -1.96313e+03   -2.72411e+05    1.30182e+03   -2.29572e+05
    Kinetic En.   Total Energy  Conserved En.    Temperature Pres. DC (bar)
    4.13749e+04   -1.88197e+05   -1.76495e+05    3.01619e+02   -1.98264e+02
 Pressure (bar)
    2.24870e+02

           Step           Time
        1265000     2530.00000

   Energies (kJ/mol)
        LJ (SR)  Disper. corr.   Coulomb (SR)   Coul. recip.      Potential
    4.22181e+04   -1.96313e+03   -2.69995e+05    1.29865e+03   -2.28441e+05
    Kinetic En.   Total Energy  Conserved En.    Temperature Pres. DC (bar)
    4.15403e+04   -1.86901e+05   -1.76268e+05    3.02824e+02   -1.98264e+02
 Pressure (bar)
   -1.06136e+02

           Step           Time
        1270000     2540.00000

   Energies (kJ/mol)
        LJ (SR)  Disper. corr.   Coulomb (SR)   Coul. recip.      Potential
    4.32436e+04   -1.96313e+03   -2.70478e+05    1.26773e+03   -2.27929e+05
    Kinetic En.   Total Energy  Conserved En.    Temperature Pres. DC (bar)
    4.11954e+04   -1.86734e+05   -1.76027e+05    3.00310e+02   -1.98264e+02
 Pressure (bar)
    3.35829e+02

           Step           Time
        1275000     2550.00000

   Energies (kJ/mol)
        LJ (SR)  Disper. corr.   Coulomb (SR)   Coul. recip.      Potential
    4.33373e+04   -1.96313e+03   -2.71776e+05    1.29094e+03   -2.29111e+05
    Kinetic En.   Total Energy  Conserved En.    Temperature Pres. DC (bar)
    4.05741e+04   -1.88537e+05   -1.75798e+05    2.95781e+02   -1.98264e+02
 Pressure (bar)
    2.31723e+02

           Step           Time
        1280000     2560.00000

   Energies (kJ/mol)
        LJ (SR)  Disper. corr.   Coulomb (SR)   Coul. recip.      Potential
    4.28401e+04   -1.96313e+03   -2.70385e+05    1.36066e+03   -2.28147e+05
    Kinetic En.   Total Energy  Conserved En.    Temperature Pres. DC (bar)
    4.05429e+04   -1.87604e+05   -1.75559e+05    2.95554e+02   -1.98264e+02
 Pressure (bar)
    1.62980e+02

           Step           Time
        1285000     2570.00000

   Energies (kJ/mol)
        LJ (SR)  Disper. corr.   Coulomb (SR)   Coul. recip.      Potential
    4.37564e+04   -1.96313e+03   -2.71567e+05    1.34041e+03   -2.28434e+05
    Kinetic En.   Total Energy  Conserved En.    Temperature Pres. DC (bar)
    4.07934e+04   -1.87640e+05   -1.75340e+05    2.97380e+02   -1.98264e+02
 Pressure (bar)
    3.69594e+02

           Step           Time
        1290000     2580.00000

   Energies (kJ/mol)
        LJ (SR)  Disper. corr.   Coulomb (SR)   Coul. recip.      Potential
    4.31556e+04   -1.96313e+03   -2.70212e+05    1.30365e+03   -2.27716e+05
    Kinetic En.   Total Energy  Conserved En.    Temperature Pres. DC (bar)
    4.10650e+04   -1.86651e+05   -1.75106e+05    2.99360e+02   -1.98264e+02
 Pressure (bar)
    3.10890e+02

           Step           Time
        1295000     2590.00000

   Energies (kJ/mol)
        LJ (SR)  Disper. corr.   Coulomb (SR)   Coul. recip.      Potential
    4.28735e+04   -1.96313e+03   -2.70491e+05    1.32198e+03   -2.28259e+05
    Kinetic En.   Total Energy  Conserved En.    Temperature Pres. DC (bar)
    4.11421e+04   -1.87117e+05   -1.74885e+05    2.99922e+02   -1.98264e+02
 Pressure (bar)
    1.82207e+02

           Step           Time
        1300000     2600.00000

   Energies (kJ/mol)
        LJ (SR)  Disper. corr.   Coulomb (SR)   Coul. recip.      Potential
    4.29546e+04   -1.96313e+03   -2.70508e+05    1.35215e+03   -2.28164e+05
    Kinetic En.   Total Energy  Conserved En.    Temperature Pres. DC (bar)
    4.08929e+04   -1.87272e+05   -1.74647e+05    2.98105e+02   -1.98264e+02
 Pressure (bar)
    2.31968e+02

           Step           Time
        1305000     2610.00000

   Energies (kJ/mol)
        LJ (SR)  Disper. corr.   Coulomb (SR)   Coul. recip.      Potential
    4.21488e+04   -1.96313e+03   -2.69463e+05    1.26390e+03   -2.28013e+05
    Kinetic En.   Total Energy  Conserved En.    Temperature Pres. DC (bar)
    4.07749e+04   -1.87238e+05   -1.74408e+05    2.97245e+02   -1.98264e+02
 Pressure (bar)
   -2.57620e+01

           Step           Time
        1310000     2620.00000

   Energies (kJ/mol)
        LJ (SR)  Disper. corr.   Coulomb (SR)   Coul. recip.      Potential
    4.23496e+04   -1.96313e+03   -2.70694e+05    1.27422e+03   -2.29034e+05
    Kinetic En.   Total Energy  Conserved En.    Temperature Pres. DC (bar)
    4.06899e+04   -1.88344e+05   -1.74173e+05    2.96625e+02   -1.98264e+02
 Pressure (bar)
   -8.40874e+01

           Step           Time
        1315000     2630.00000

   Energies (kJ/mol)
        LJ (SR)  Disper. corr.   Coulomb (SR)   Coul. recip.      Potential
    4.30089e+04   -1.96313e+03   -2.70271e+05    1.31814e+03   -2.27907e+05
    Kinetic En.   Total Energy  Conserved En.    Temperature Pres. DC (bar)
    4.09978e+04   -1.86909e+05   -1.73950e+05    2.98870e+02   -1.98264e+02
 Pressure (bar)
    2.32158e+02

           Step           Time
        1320000     2640.00000

   Energies (kJ/mol)
        LJ (SR)  Disper. corr.   Coulomb (SR)   Coul. recip.      Potential
    4.31388e+04   -1.96313e+03   -2.70703e+05    1.32046e+03   -2.28207e+05
    Kinetic En.   Total Energy  Conserved En.    Temperature Pres. DC (bar)
    4.11876e+04   -1.87020e+05   -1.73709e+05    3.00253e+02   -1.98264e+02
 Pressure (bar)
    2.37220e+02

           Step           Time
        1325000     2650.00000

   Energies (kJ/mol)
        LJ (SR)  Disper. corr.   Coulomb (SR)   Coul. recip.      Potential
    4.30572e+04   -1.96313e+03   -2.70607e+05    1.31274e+03   -2.28200e+05
    Kinetic En.   Total Energy  Conserved En.    Temperature Pres. DC (bar)
    4.08634e+04   -1.87336e+05   -1.73475e+05    2.97890e+02   -1.98264e+02
 Pressure (bar)
    2.39963e+02

           Step           Time
        1330000     2660.00000

   Energies (kJ/mol)
        LJ (SR)  Disper. corr.   Coulomb (SR)   Coul. recip.      Potential
    4.31955e+04   -1.96313e+03   -2.70192e+05    1.30728e+03   -2.27652e+05
    Kinetic En.   Total Energy  Conserved En.    Temperature Pres. DC (bar)
    4.08666e+04   -1.86785e+05   -1.73254e+05    2.97913e+02   -1.98264e+02
 Pressure (bar)
    3.41855e+02

           Step           Time
        1335000     2670.00000

   Energies (kJ/mol)
        LJ (SR)  Disper. corr.   Coulomb (SR)   Coul. recip.      Potential
    4.27403e+04   -1.96313e+03   -2.70218e+05    1.34907e+03   -2.28092e+05
    Kinetic En.   Total Energy  Conserved En.    Temperature Pres. DC (bar)
    4.07029e+04   -1.87389e+05   -1.73018e+05    2.96720e+02   -1.98264e+02
 Pressure (bar)
    8.65226e+01

           Step           Time
        1340000     2680.00000

   Energies (kJ/mol)
        LJ (SR)  Disper. corr.   Coulomb (SR)   Coul. recip.      Potential
    4.29398e+04   -1.96313e+03   -2.70916e+05    1.31060e+03   -2.28629e+05
    Kinetic En.   Total Energy  Conserved En.    Temperature Pres. DC (bar)
    4.07242e+04   -1.87905e+05   -1.72788e+05    2.96875e+02   -1.98264e+02
 Pressure (bar)
    1.02371e+02

           Step           Time
        1345000     2690.00000

   Energies (kJ/mol)
        LJ (SR)  Disper. corr.   Coulomb (SR)   Coul. recip.      Potential
    4.37117e+04   -1.96313e+03   -2.71800e+05    1.23967e+03   -2.28812e+05
    Kinetic En.   Total Energy  Conserved En.    Temperature Pres. DC (bar)
    4.04364e+04   -1.88375e+05   -1.72550e+05    2.94777e+02   -1.98264e+02
 Pressure (bar)
    3.39062e+02

           Step           Time
        1350000     2700.00000

   Energies (kJ/mol)
        LJ (SR)  Disper. corr.   Coulomb (SR)   Coul. recip.      Potential
    4.31333e+04   -1.96313e+03   -2.70685e+05    1.24863e+03   -2.28266e+05
    Kinetic En.   Total Energy  Conserved En.    Temperature Pres. DC (bar)
    4.10159e+04   -1.87250e+05   -1.72325e+05    2.99002e+02   -1.98264e+02
 Pressure (bar)
    2.39848e+02

           Step           Time
        1355000     2710.00000

   Energies (kJ/mol)
        LJ (SR)  Disper. corr.   Coulomb (SR)   Coul. recip.      Potential
    4.31410e+04   -1.96313e+03   -2.71170e+05    1.26405e+03   -2.28729e+05
    Kinetic En.   Total Energy  Conserved En.    Temperature Pres. DC (bar)
    4.10866e+04   -1.87642e+05   -1.72095e+05    2.99517e+02   -1.98264e+02
 Pressure (bar)
    1.73679e+02

           Step           Time
        1360000     2720.00000

   Energies (kJ/mol)
        LJ (SR)  Disper. corr.   Coulomb (SR)   Coul. recip.      Potential
    4.27091e+04   -1.96313e+03   -2.70348e+05    1.31347e+03   -2.28288e+05
    Kinetic En.   Total Energy  Conserved En.    Temperature Pres. DC (bar)
    4.08820e+04   -1.87406e+05   -1.71867e+05    2.98025e+02   -1.98264e+02
 Pressure (bar)
    6.00561e+01

           Step           Time
        1365000     2730.00000

   Energies (kJ/mol)
        LJ (SR)  Disper. corr.   Coulomb (SR)   Coul. recip.      Potential
    4.32121e+04   -1.96313e+03   -2.70683e+05    1.33878e+03   -2.28095e+05
    Kinetic En.   Total Energy  Conserved En.    Temperature Pres. DC (bar)
    4.09807e+04   -1.87114e+05   -1.71629e+05    2.98745e+02   -1.98264e+02
 Pressure (bar)
    3.24721e+02

           Step           Time
        1370000     2740.00000

   Energies (kJ/mol)
        LJ (SR)  Disper. corr.   Coulomb (SR)   Coul. recip.      Potential
    4.28015e+04   -1.96313e+03   -2.70203e+05    1.31116e+03   -2.28054e+05
    Kinetic En.   Total Energy  Conserved En.    Temperature Pres. DC (bar)
    4.08613e+04   -1.87193e+05   -1.71396e+05    2.97875e+02   -1.98264e+02
 Pressure (bar)
    1.86638e+02

           Step           Time
        1375000     2750.00000

   Energies (kJ/mol)
        LJ (SR)  Disper. corr.   Coulomb (SR)   Coul. recip.      Potential
    4.29515e+04   -1.96313e+03   -2.70982e+05    1.27297e+03   -2.28720e+05
    Kinetic En.   Total Energy  Conserved En.    Temperature Pres. DC (bar)
    4.09660e+04   -1.87754e+05   -1.71172e+05    2.98638e+02   -1.98264e+02
 Pressure (bar)
    1.00879e+02

           Step           Time
        1380000     2760.00000

   Energies (kJ/mol)
        LJ (SR)  Disper. corr.   Coulomb (SR)   Coul. recip.      Potential
    4.29795e+04   -1.96313e+03   -2.70320e+05    1.34758e+03   -2.27956e+05
    Kinetic En.   Total Energy  Conserved En.    Temperature Pres. DC (bar)
    4.10734e+04   -1.86882e+05   -1.70937e+05    2.99421e+02   -1.98264e+02
 Pressure (bar)
    2.82772e+02

           Step           Time
        1385000     2770.00000

   Energies (kJ/mol)
        LJ (SR)  Disper. corr.   Coulomb (SR)   Coul. recip.      Potential
    4.34786e+04   -1.96313e+03   -2.71658e+05    1.32507e+03   -2.28818e+05
    Kinetic En.   Total Energy  Conserved En.    Temperature Pres. DC (bar)
    4.06796e+04   -1.88138e+05   -1.70704e+05    2.96550e+02   -1.98264e+02
 Pressure (bar)
    2.37130e+02

           Step           Time
        1390000     2780.00000

   Energies (kJ/mol)
        LJ (SR)  Disper. corr.   Coulomb (SR)   Coul. recip.      Potential
    4.29706e+04   -1.96313e+03   -2.70842e+05    1.28461e+03   -2.28550e+05
    Kinetic En.   Total Energy  Conserved En.    Temperature Pres. DC (bar)
    4.00837e+04   -1.88466e+05   -1.70468e+05    2.92206e+02   -1.98264e+02
 Pressure (bar)
    1.55449e+02

           Step           Time
        1395000     2790.00000

   Energies (kJ/mol)
        LJ (SR)  Disper. corr.   Coulomb (SR)   Coul. recip.      Potential
    4.31365e+04   -1.96313e+03   -2.70732e+05    1.29305e+03   -2.28266e+05
    Kinetic En.   Total Energy  Conserved En.    Temperature Pres. DC (bar)
    4.03963e+04   -1.87870e+05   -1.70250e+05    2.94485e+02   -1.98264e+02
 Pressure (bar)
    2.07111e+02

           Step           Time
        1400000     2800.00000

   Energies (kJ/mol)
        LJ (SR)  Disper. corr.   Coulomb (SR)   Coul. recip.      Potential
    4.19261e+04   -1.96313e+03   -2.68743e+05    1.27255e+03   -2.27508e+05
    Kinetic En.   Total Energy  Conserved En.    Temperature Pres. DC (bar)
    4.04695e+04   -1.87038e+05   -1.70018e+05    2.95018e+02   -1.98264e+02
 Pressure (bar)
   -7.36002e+01

           Step           Time
        1405000     2810.00000

   Energies (kJ/mol)
        LJ (SR)  Disper. corr.   Coulomb (SR)   Coul. recip.      Potential
    4.29938e+04   -1.96313e+03   -2.71245e+05    1.27245e+03   -2.28942e+05
    Kinetic En.   Total Energy  Conserved En.    Temperature Pres. DC (bar)
    4.08201e+04   -1.88122e+05   -1.69788e+05    2.97574e+02   -1.98264e+02
 Pressure (bar)
    1.08215e+02

           Step           Time
        1410000     2820.00000

   Energies (kJ/mol)
        LJ (SR)  Disper. corr.   Coulomb (SR)   Coul. recip.      Potential
    4.21303e+04   -1.96313e+03   -2.69516e+05    1.32753e+03   -2.28021e+05
    Kinetic En.   Total Energy  Conserved En.    Temperature Pres. DC (bar)
    4.07195e+04   -1.87302e+05   -1.69549e+05    2.96841e+02   -1.98264e+02
 Pressure (bar)
   -3.70869e+01

           Step           Time
        1415000     2830.00000

   Energies (kJ/mol)
        LJ (SR)  Disper. corr.   Coulomb (SR)   Coul. recip.      Potential
    4.25635e+04   -1.96313e+03   -2.70438e+05    1.33529e+03   -2.28503e+05
    Kinetic En.   Total Energy  Conserved En.    Temperature Pres. DC (bar)
    4.16689e+04   -1.86834e+05   -1.69318e+05    3.03762e+02   -1.98264e+02
 Pressure (bar)
    8.95532e+01

Writing checkpoint, step 1416600 at Sat Mar 15 14:53:52 2025


           Step           Time
        1420000     2840.00000

   Energies (kJ/mol)
        LJ (SR)  Disper. corr.   Coulomb (SR)   Coul. recip.      Potential
    4.27137e+04   -1.96313e+03   -2.70520e+05    1.33561e+03   -2.28434e+05
    Kinetic En.   Total Energy  Conserved En.    Temperature Pres. DC (bar)
    4.08652e+04   -1.87569e+05   -1.69086e+05    2.97903e+02   -1.98264e+02
 Pressure (bar)
    6.52449e+01

           Step           Time
        1425000     2850.00000

   Energies (kJ/mol)
        LJ (SR)  Disper. corr.   Coulomb (SR)   Coul. recip.      Potential
    4.25866e+04   -1.96313e+03   -2.70945e+05    1.30469e+03   -2.29017e+05
    Kinetic En.   Total Energy  Conserved En.    Temperature Pres. DC (bar)
    4.16774e+04   -1.87340e+05   -1.68859e+05    3.03824e+02   -1.98264e+02
 Pressure (bar)
    3.19098e+01

           Step           Time
        1430000     2860.00000

   Energies (kJ/mol)
        LJ (SR)  Disper. corr.   Coulomb (SR)   Coul. recip.      Potential
    4.19986e+04   -1.96313e+03   -2.69344e+05    1.28623e+03   -2.28022e+05
    Kinetic En.   Total Energy  Conserved En.    Temperature Pres. DC (bar)
    4.11468e+04   -1.86875e+05   -1.68613e+05    2.99956e+02   -1.98264e+02
 Pressure (bar)
   -3.48979e+01

           Step           Time
        1435000     2870.00000

   Energies (kJ/mol)
        LJ (SR)  Disper. corr.   Coulomb (SR)   Coul. recip.      Potential
    4.26431e+04   -1.96313e+03   -2.71123e+05    1.35563e+03   -2.29087e+05
    Kinetic En.   Total Energy  Conserved En.    Temperature Pres. DC (bar)
    4.08845e+04   -1.88202e+05   -1.68391e+05    2.98044e+02   -1.98264e+02
 Pressure (bar)
   -5.86323e+01

           Step           Time
        1440000     2880.00000

   Energies (kJ/mol)
        LJ (SR)  Disper. corr.   Coulomb (SR)   Coul. recip.      Potential
    4.30398e+04   -1.96313e+03   -2.71749e+05    1.28270e+03   -2.29390e+05
    Kinetic En.   Total Energy  Conserved En.    Temperature Pres. DC (bar)
    4.04151e+04   -1.88975e+05   -1.68159e+05    2.94622e+02   -1.98264e+02
 Pressure (bar)
    5.74590e+01

           Step           Time
        1445000     2890.00000

   Energies (kJ/mol)
        LJ (SR)  Disper. corr.   Coulomb (SR)   Coul. recip.      Potential
    4.30792e+04   -1.96313e+03   -2.70795e+05    1.24327e+03   -2.28436e+05
    Kinetic En.   Total Energy  Conserved En.    Temperature Pres. DC (bar)
    4.13147e+04   -1.87121e+05   -1.67925e+05    3.01180e+02   -1.98264e+02
 Pressure (bar)
    2.59731e+02

           Step           Time
        1450000     2900.00000

   Energies (kJ/mol)
        LJ (SR)  Disper. corr.   Coulomb (SR)   Coul. recip.      Potential
    4.30732e+04   -1.96313e+03   -2.70720e+05    1.32549e+03   -2.28284e+05
    Kinetic En.   Total Energy  Conserved En.    Temperature Pres. DC (bar)
    4.09868e+04   -1.87297e+05   -1.67689e+05    2.98789e+02   -1.98264e+02
 Pressure (bar)
    1.74736e+02

           Step           Time
        1455000     2910.00000

   Energies (kJ/mol)
        LJ (SR)  Disper. corr.   Coulomb (SR)   Coul. recip.      Potential
    4.31329e+04   -1.96313e+03   -2.70608e+05    1.27010e+03   -2.28168e+05
    Kinetic En.   Total Energy  Conserved En.    Temperature Pres. DC (bar)
    4.12331e+04   -1.86935e+05   -1.67464e+05    3.00585e+02   -1.98264e+02
 Pressure (bar)
    3.22752e+02

           Step           Time
        1460000     2920.00000

   Energies (kJ/mol)
        LJ (SR)  Disper. corr.   Coulomb (SR)   Coul. recip.      Potential
    4.27533e+04   -1.96313e+03   -2.70605e+05    1.31629e+03   -2.28498e+05
    Kinetic En.   Total Energy  Conserved En.    Temperature Pres. DC (bar)
    4.11117e+04   -1.87387e+05   -1.67234e+05    2.99700e+02   -1.98264e+02
 Pressure (bar)
    5.06425e+01

           Step           Time
        1465000     2930.00000

   Energies (kJ/mol)
        LJ (SR)  Disper. corr.   Coulomb (SR)   Coul. recip.      Potential
    4.24823e+04   -1.96313e+03   -2.69952e+05    1.28387e+03   -2.28149e+05
    Kinetic En.   Total Energy  Conserved En.    Temperature Pres. DC (bar)
    4.08620e+04   -1.87287e+05   -1.66997e+05    2.97880e+02   -1.98264e+02
 Pressure (bar)
    4.81039e+01

           Step           Time
        1470000     2940.00000

   Energies (kJ/mol)
        LJ (SR)  Disper. corr.   Coulomb (SR)   Coul. recip.      Potential
    4.27268e+04   -1.96313e+03   -2.70498e+05    1.29014e+03   -2.28445e+05
    Kinetic En.   Total Energy  Conserved En.    Temperature Pres. DC (bar)
    4.07745e+04   -1.87670e+05   -1.66767e+05    2.97242e+02   -1.98264e+02
 Pressure (bar)
    7.76157e+01

           Step           Time
        1475000     2950.00000

   Energies (kJ/mol)
        LJ (SR)  Disper. corr.   Coulomb (SR)   Coul. recip.      Potential
    4.31506e+04   -1.96313e+03   -2.70740e+05    1.32006e+03   -2.28232e+05
    Kinetic En.   Total Energy  Conserved En.    Temperature Pres. DC (bar)
    4.11709e+04   -1.87062e+05   -1.66536e+05    3.00131e+02   -1.98264e+02
 Pressure (bar)
    2.42661e+02

           Step           Time
        1480000     2960.00000

   Energies (kJ/mol)
        LJ (SR)  Disper. corr.   Coulomb (SR)   Coul. recip.      Potential
    4.20828e+04   -1.96313e+03   -2.69313e+05    1.33318e+03   -2.27860e+05
    Kinetic En.   Total Energy  Conserved En.    Temperature Pres. DC (bar)
    4.14502e+04   -1.86410e+05   -1.66311e+05    3.02168e+02   -1.98264e+02
 Pressure (bar)
    4.16578e+01

           Step           Time
        1485000     2970.00000

   Energies (kJ/mol)
        LJ (SR)  Disper. corr.   Coulomb (SR)   Coul. recip.      Potential
    4.26545e+04   -1.96313e+03   -2.70304e+05    1.34729e+03   -2.28265e+05
    Kinetic En.   Total Energy  Conserved En.    Temperature Pres. DC (bar)
    4.13245e+04   -1.86940e+05   -1.66085e+05    3.01252e+02   -1.98264e+02
 Pressure (bar)
    7.26863e+01

           Step           Time
        1490000     2980.00000

   Energies (kJ/mol)
        LJ (SR)  Disper. corr.   Coulomb (SR)   Coul. recip.      Potential
    4.32730e+04   -1.96313e+03   -2.71273e+05    1.30880e+03   -2.28654e+05
    Kinetic En.   Total Energy  Conserved En.    Temperature Pres. DC (bar)
    4.09708e+04   -1.87684e+05   -1.65853e+05    2.98673e+02   -1.98264e+02
 Pressure (bar)
    2.15701e+02

           Step           Time
        1495000     2990.00000

   Energies (kJ/mol)
        LJ (SR)  Disper. corr.   Coulomb (SR)   Coul. recip.      Potential
    4.26105e+04   -1.96313e+03   -2.69518e+05    1.27516e+03   -2.27596e+05
    Kinetic En.   Total Energy  Conserved En.    Temperature Pres. DC (bar)
    4.04290e+04   -1.87167e+05   -1.65607e+05    2.94723e+02   -1.98264e+02
 Pressure (bar)
    1.35240e+02

           Step           Time
        1500000     3000.00000

Writing checkpoint, step 1500000 at Sat Mar 15 15:00:52 2025


   Energies (kJ/mol)
        LJ (SR)  Disper. corr.   Coulomb (SR)   Coul. recip.      Potential
    4.37381e+04   -1.96313e+03   -2.71469e+05    1.32255e+03   -2.28372e+05
    Kinetic En.   Total Energy  Conserved En.    Temperature Pres. DC (bar)
    4.06661e+04   -1.87706e+05   -1.65375e+05    2.96452e+02   -1.98264e+02
 Pressure (bar)
    4.14963e+02


Energy conservation over simulation part #1 of length 3000 ps, time 0 to 3000 ps
  Conserved energy drift: 1.06e-03 kJ/mol/ps per atom


	<======  ###############  ==>
	<====  A V E R A G E S  ====>
	<==  ###############  ======>

	Statistics over 1500001 steps using 15001 frames

   Energies (kJ/mol)
        LJ (SR)  Disper. corr.   Coulomb (SR)   Coul. recip.      Potential
    4.27359e+04   -1.96313e+03   -2.70412e+05    1.30305e+03   -2.28336e+05
    Kinetic En.   Total Energy  Conserved En.    Temperature Pres. DC (bar)
    4.08827e+04   -1.87454e+05   -2.00068e+05    2.98031e+02   -1.98264e+02
 Pressure (bar)
    1.16135e+02

   Total Virial (kJ/mol)
    1.30504e+04    1.32812e+01    5.01596e+00
    1.32880e+01    1.30558e+04   -1.99480e+00
    5.01156e+00   -2.00611e+00    1.30501e+04

   Pressure (bar)
    1.16424e+02   -2.61530e+00   -5.71671e-01
   -2.61666e+00    1.15203e+02    6.29387e-01
   -5.70784e-01    6.31669e-01    1.16779e+02


	M E G A - F L O P S   A C C O U N T I N G

 NB=Group-cutoff nonbonded kernels    NxN=N-by-N cluster Verlet kernels
 RF=Reaction-Field  VdW=Van der Waals  QSTab=quadratic-spline table
 W3=SPC/TIP3p  W4=TIP4p (single or pairs)
 V&F=Potential and force  V=Potential only  F=Force only

 Computing:                               M-Number         M-Flops  % Flops
-----------------------------------------------------------------------------
 Pair Search distance check          333795.780558     3004162.025     0.2
 NxN Ewald Elec. + LJ [F]           9949701.847088   656680321.908    49.4
 NxN Ewald Elec. + LJ [V&F]          100509.113808    10754475.177     0.8
 NxN LJ [F]                               0.179200           5.914     0.0
 NxN Ewald Elec. [F]                9946166.027824   606716127.697    45.6
 NxN Ewald Elec. [V&F]               100473.461744     8439770.786     0.6
 Calc Weights                         99000.066000     3564002.376     0.3
 Spread Q Bspline                   2112001.408000     4224002.816     0.3
 Gather F Bspline                   2112001.408000    12672008.448     1.0
 3D-FFT                             2170873.447248    17366987.578     1.3
 Solve PME                            36936.024624     2363905.576     0.2
 Reset In Box                           825.022000        2475.066     0.0
 CG-CoM                                 825.044000        2475.132     0.0
 Virial                                 330.697045        5952.547     0.0
 Stop-CM                                330.044000        3300.440     0.0
 Calc-Ekin                             6600.044000      178201.188     0.0
 Constraint-V                         24750.033000      222750.297     0.0
 Constraint-Vir                         247.516500        5940.396     0.0
 Settle                                8250.016500     3052506.105     0.2
 Virtual Site 3                        8332.511000      308302.907     0.0
-----------------------------------------------------------------------------
 Total                                              1329567674.379   100.0
-----------------------------------------------------------------------------


    D O M A I N   D E C O M P O S I T I O N   S T A T I S T I C S

 av. #atoms communicated per step for force:  2 x 0.0


      R E A L   C Y C L E   A N D   T I M E   A C C O U N T I N G

On 1 MPI rank, each using 6 OpenMP threads

 Activity:              Num   Num      Call    Wall time         Giga-Cycles
                        Ranks Threads  Count      (s)         total sum    %
--------------------------------------------------------------------------------
 Domain decomp.            1    6      37501      80.432       1143.986   1.2
 Vsite constr.             1    6    1500001      23.699        337.073   0.4
 Neighbor search           1    6      37501     257.198       3658.149   3.8
 Force                     1    6    1500001    4937.891      70231.985  73.5
 PME mesh                  1    6    1500001     936.168      13315.181  13.9
 NB X/F buffer ops.        1    6    2962501     268.006       3811.864   4.0
 Vsite spread              1    6    1515002      46.208        657.219   0.7
 Write traj.               1    6        308       1.622         23.066   0.0
 Update                    1    6    1500001      62.682        891.534   0.9
 Constraints               1    6    1500003      73.167       1040.657   1.1
 Rest                                             33.839        481.298   0.5
--------------------------------------------------------------------------------
 Total                                          6720.911      95592.012 100.0
--------------------------------------------------------------------------------
 Breakdown of PME mesh activities
--------------------------------------------------------------------------------
 PME spread                1    6    1500001     456.613       6494.440   6.8
 PME gather                1    6    1500001     227.833       3240.490   3.4
 PME 3D-FFT                1    6    3000002     222.870       3169.896   3.3
 PME solve Elec            1    6    1500001      17.402        247.509   0.3
--------------------------------------------------------------------------------

               Core t (s)   Wall t (s)        (%)
       Time:    40325.468     6720.911      600.0
                         1h52:00
                 (ns/day)    (hour/ns)
Performance:       38.566        0.622
Finished mdrun on rank 0 Sat Mar 15 15:00:52 2025

