# 2D Density map on xz plane
1.483354357300198639e-04 1.993294492886895470e-04 2.223929897408867627e-04 2.195395955855643060e-04 2.185590046849784853e-04 2.137389560499358254e-04 1.986306804539004339e-04 2.031357106897879565e-04 2.206129243266548973e-04 2.231891551351181785e-04 2.235100482748674812e-04 2.372123380083899862e-04 2.310929284733992547e-04 2.043216812990327445e-04 2.114651426179720473e-04 2.481435150704607690e-04 2.593220166126538879e-04 2.359145145031381102e-04 2.176114936857958984e-04 2.178934943817437500e-04 2.184367056286002490e-04 2.101738332432782170e-04 2.106899491176305868e-04 2.173941329702528769e-04 2.173705157381499277e-04 2.114119936280855442e-04 2.080075986292500277e-04 2.074491942711470332e-04 1.975467566106249508e-04 1.849435872536099113e-04 1.865355235070152869e-04 2.046394848408556724e-04 2.253344025478009141e-04 2.360472137253601891e-04 2.285039838539198466e-04 2.203399020414895776e-04 2.197241394493451095e-04 2.145975557492664498e-04 2.058804343390197478e-04 1.998668983695387673e-04 1.958901056655995847e-04 1.873576999542621963e-04 1.859486159469073184e-04 2.021231110857321547e-04 2.129359152407846699e-04 2.085594593339718797e-04 2.005549253886368443e-04 2.071305288476489993e-04 2.247291055053152143e-04 2.299077091648571067e-04 2.135718278941647549e-04 1.991069787322555609e-04 2.015743297847580871e-04 2.054970326703850210e-04 2.073692381530351067e-04 2.086425777956117428e-04 2.017171031971134998e-04 1.951617119064613637e-04 1.795472867551677412e-04 1.819679210137786448e-04 2.057263786608827484e-04 2.381169374582855548e-04 2.611834314311135006e-04 2.584614540067772456e-04 2.381173103082086912e-04 2.108905624143011474e-04 1.983348669812738706e-04 2.053419075168041075e-04 2.201872814783365135e-04 2.413172239674471345e-04 2.413442312032869287e-04 2.218336965505734071e-04 2.062303926161598887e-04 2.127387849045441598e-04 2.263007405289994476e-04 2.326094336093415427e-04 2.353285848964587748e-04 2.343262968276393779e-04 2.346068321864815598e-04 2.294589117723204973e-04 2.090958366778985567e-04 1.875721806980786780e-04 1.841350688634232490e-04 1.956008644475200873e-04 2.121807918454264054e-04 2.249049230723034897e-04 2.398465902462117367e-04 2.365308193036056046e-04 2.155748470643876601e-04 2.062974533017149920e-04 2.106912477990618071e-04 2.129681566437397931e-04 2.198119845482352701e-04 2.259792623538048990e-04 2.210489693115815228e-04 2.258870827048398578e-04 2.202724246793441349e-04 1.992543548788850674e-04 1.710698301433682565e-04 1.393143899678081282e-04
1.917258834358964703e-04 2.390308921131802512e-04 2.614528638340869607e-04 2.699447444646006864e-04 2.765579828310937198e-04 2.692171143297750657e-04 2.595559552335673396e-04 2.719247152716329865e-04 2.856747505656134344e-04 2.825563300782785083e-04 2.768754888538680790e-04 2.885046771709775235e-04 2.880996471280031961e-04 2.614820276410010887e-04 2.591187122519959026e-04 2.904773676284155880e-04 3.035048678286924391e-04 2.885203160078689700e-04 2.817891304004050009e-04 2.904676908277505098e-04 2.952286914657776748e-04 2.832200599287583963e-04 2.753107696930323102e-04 2.792644019948828989e-04 2.826946145792811303e-04 2.795185918952164633e-04 2.723125529258714071e-04 2.678699384364597322e-04 2.709397580835191249e-04 2.741649458936064689e-04 2.758038213305334533e-04 2.847808181808596456e-04 2.949837237941502297e-04 2.985763212149840232e-04 2.906303139788489974e-04 2.822816602173168011e-04 2.821449569296049066e-04 2.821973211086707223e-04 2.815127304132506456e-04 2.753985387446785836e-04 2.652577424512846138e-04 2.584764680356645833e-04 2.536770431210782183e-04 2.609399646750912359e-04 2.750062697009642010e-04 2.785722793400054881e-04 2.717053088178786194e-04 2.727649916228851428e-04 2.846564409795024732e-04 2.862080958752388814e-04 2.692636279150410891e-04 2.598951062173911696e-04 2.648415024619899102e-04 2.683915420394772529e-04 2.710120281027068477e-04 2.688207700110676213e-04 2.601351207431350969e-04 2.576288239307586696e-04 2.494565360934228597e-04 2.545051135992270068e-04 2.774895646200798154e-04 3.047847422765571695e-04 3.151107159569308501e-04 3.063633775405649263e-04 2.912463454157761646e-04 2.725528724451801348e-04 2.659411025915197051e-04 2.694331377616562698e-04 2.812051218750820500e-04 2.915159006460616396e-04 2.799946217309965367e-04 2.704250323041655548e-04 2.694540999386280914e-04 2.768421485111959793e-04 2.911086728433036341e-04 2.996152032709990289e-04 2.930753595548017936e-04 2.897059008855226670e-04 3.003428431462418354e-04 3.079174001975951147e-04 2.910211485979845346e-04 2.621325027731447217e-04 2.513196962121219810e-04 2.615024688726449650e-04 2.768943776566980914e-04 2.892721193814641102e-04 3.075540018700399065e-04 3.054184506578158697e-04 2.792395417340389494e-04 2.637026796030057514e-04 2.737870778462813954e-04 2.848132371248794908e-04 2.900822592082883430e-04 2.907922559706987422e-04 2.848969368270260882e-04 2.917512181246358451e-04 2.872844735323633954e-04 2.675524832011236471e-04 2.265732690685001336e-04 1.750629060712063706e-04
2.123966446240544163e-04 2.622342591915607620e-04 2.960183848200915882e-04 3.193034820424609627e-04 3.262317596730791771e-04 3.144222541522469563e-04 3.109554156561218467e-04 3.240809273986325258e-04 3.230026670112406419e-04 3.140361002610698592e-04 3.161398604614822343e-04 3.333711353521316874e-04 3.407371928953541228e-04 3.205401221400006593e-04 3.026570570546424904e-04 3.142543842323521292e-04 3.237292409533635206e-04 3.172958664893534573e-04 3.218329691437968754e-04 3.369037092368880196e-04 3.432344312599289594e-04 3.298477465527205506e-04 3.181040091254226827e-04 3.241599683959034764e-04 3.328695049783140071e-04 3.322766297018515903e-04 3.215337614655849625e-04 3.130535606923336395e-04 3.223743515385561862e-04 3.351709594913375966e-04 3.366720778440543274e-04 3.334810579518316482e-04 3.329912076492730312e-04 3.344403554367969414e-04 3.287699399286565230e-04 3.198862643891541447e-04 3.196207863055993597e-04 3.228064430302014180e-04 3.268651058063829374e-04 3.211695973128564038e-04 3.079182469080951135e-04 3.046223348918343141e-04 3.013339006132191838e-04 3.009198299334908244e-04 3.148301088890844823e-04 3.266358379083374739e-04 3.222582368596435152e-04 3.195763233468759852e-04 3.237145338946684496e-04 3.202882932685439509e-04 3.130649682743754433e-04 3.159195962678772044e-04 3.168193138167168382e-04 3.106400265210239233e-04 3.099799676479556270e-04 3.114839916083937980e-04 3.068591846620205218e-04 3.054286385582102186e-04 3.054184295916195563e-04 3.108482265817325051e-04 3.181011998881253617e-04 3.288043763106435397e-04 3.304933106127472828e-04 3.227958186178134714e-04 3.230196091097149421e-04 3.293539325969770224e-04 3.313338543222797564e-04 3.216253666048726235e-04 3.245886305389523259e-04 3.299818917739375966e-04 3.146323903134312259e-04 3.080314032705693417e-04 3.129657716167600799e-04 3.196560573532473450e-04 3.333971335422714587e-04 3.403867837256707089e-04 3.234839997021812319e-04 3.146414991639352818e-04 3.319393639900711105e-04 3.521991387784997396e-04 3.455257039337337414e-04 3.166300470259971736e-04 2.955630706201583646e-04 3.006657003040872711e-04 3.156768617743940103e-04 3.261784383715642479e-04 3.421646441140849303e-04 3.413394508989062853e-04 3.230124450932819638e-04 3.097405525389184539e-04 3.190608883077356082e-04 3.316940466515334385e-04 3.334448904228286921e-04 3.306890420326042898e-04 3.187651292323169473e-04 3.207938317718916411e-04 3.242053953359063084e-04 3.137545738140646960e-04 2.680492479935671639e-04 2.029654170140220745e-04
2.173280301444858694e-04 2.742886568834188889e-04 3.117103665082346592e-04 3.290749373665865867e-04 3.295189340648874469e-04 3.252366439615698469e-04 3.360910613152776755e-04 3.454038443024731904e-04 3.297906524758718871e-04 3.173799156196998087e-04 3.279189514151159752e-04 3.442481899809125270e-04 3.515138093503298320e-04 3.419034472327750745e-04 3.179358884884773279e-04 3.164219822236839503e-04 3.294299244318481344e-04 3.323347767314503102e-04 3.341838019988832608e-04 3.362245069946047035e-04 3.367986984723607023e-04 3.312405726189105197e-04 3.235086883587763042e-04 3.269724739161080436e-04 3.390321748419600992e-04 3.450146101267589438e-04 3.302359561002910730e-04 3.097465330905258907e-04 3.172895880140941260e-04 3.416538884049182922e-04 3.489426448189285931e-04 3.311401194891294242e-04 3.198596578543466554e-04 3.226133052724028654e-04 3.297985048024429725e-04 3.335079725358426335e-04 3.326589399720386803e-04 3.316377924852082848e-04 3.343785894407575723e-04 3.288368714483759655e-04 3.204422967256731589e-04 3.256846745065949673e-04 3.225384929706756002e-04 3.131218438487254601e-04 3.217368861539828592e-04 3.338460607461075274e-04 3.322559894059434011e-04 3.341454736551828855e-04 3.396088969220848125e-04 3.362150084839898292e-04 3.370152300082249479e-04 3.423829492558510233e-04 3.363750355086504674e-04 3.224992774934664274e-04 3.173672305832704534e-04 3.277189198029035024e-04 3.338601879650982440e-04 3.265744955612289281e-04 3.224731696916045050e-04 3.307014715191827791e-04 3.292146431956064585e-04 3.219073451740973868e-04 3.155957116254105117e-04 3.070821379605199325e-04 3.185088556015882298e-04 3.486544580127656258e-04 3.604223233507196800e-04 3.437669007577868422e-04 3.377429171543013778e-04 3.459045381174218926e-04 3.369974159101157135e-04 3.222030103176403153e-04 3.240441033876361831e-04 3.371720989956415488e-04 3.545331242107993899e-04 3.538793391428693641e-04 3.231725509846112231e-04 3.014698542612379841e-04 3.147767385749984789e-04 3.401543220586134572e-04 3.445799464193294846e-04 3.277108885719730996e-04 3.124912292262324240e-04 3.179357820057282773e-04 3.281997001427205398e-04 3.311310036307711646e-04 3.333686218608150230e-04 3.260202328673378791e-04 3.214885993966673733e-04 3.218594642143172372e-04 3.242063556288871844e-04 3.253280771674759136e-04 3.287498807819258886e-04 3.371569073487552890e-04 3.283544058572100298e-04 3.214586018287954013e-04 3.176688347047525911e-04 3.084048553443062037e-04 2.735483086730693949e-04 2.164201564065487281e-04
2.210765441213569213e-04 2.815490656998620791e-04 3.171897200960756519e-04 3.211402131796237255e-04 3.182971105254221939e-04 3.283220497480550458e-04 3.519094082504668200e-04 3.590716148409878877e-04 3.409383005639356591e-04 3.242631289885163559e-04 3.270866445601953434e-04 3.319408676233928050e-04 3.363536106328248593e-04 3.354192477257958178e-04 3.193888323719450096e-04 3.222780568934005335e-04 3.406012131041564464e-04 3.423095284475261403e-04 3.329139936685246350e-04 3.293085960992200596e-04 3.299603836931094217e-04 3.193331459973659846e-04 3.053127316665947902e-04 3.074930680865390026e-04 3.290883437262058682e-04 3.505769140564185126e-04 3.409549875817736585e-04 3.092183319761600963e-04 3.103794179821974149e-04 3.453319390057509129e-04 3.582788002994200102e-04 3.361896089152606373e-04 3.195190713484747508e-04 3.100483822148341609e-04 3.184044966269071290e-04 3.396037294020410528e-04 3.421586773179607368e-04 3.400601267255990833e-04 3.454967138092784364e-04 3.413149906491814533e-04 3.346523979496036699e-04 3.389906976806965865e-04 3.327040450989182706e-04 3.175181056353619806e-04 3.191869073807898118e-04 3.277001261525308009e-04 3.304594814922197539e-04 3.340393496733026876e-04 3.431421864089147819e-04 3.466462596007854088e-04 3.447402963065843672e-04 3.352282997350798785e-04 3.269939607031041237e-04 3.208512281911951418e-04 3.210342973713564783e-04 3.422582854238672822e-04 3.560890429448330453e-04 3.393766635294454296e-04 3.230492910261715351e-04 3.320294475701976618e-04 3.402635612021454557e-04 3.368789439574166092e-04 3.222825359080109088e-04 3.029483099946883801e-04 3.121449942367759012e-04 3.429493072060014135e-04 3.503142317011122969e-04 3.329470371994945653e-04 3.308356873425418506e-04 3.515577284884344612e-04 3.565967460994196991e-04 3.359423654027934077e-04 3.295251413435745401e-04 3.492683931614986009e-04 3.714331043408776326e-04 3.593887838596084971e-04 3.223357221883677926e-04 3.022399328272656720e-04 3.068305739892835814e-04 3.228299576218215299e-04 3.354531717901438389e-04 3.390598354629479087e-04 3.391573472367715412e-04 3.393622761452824840e-04 3.329930707364054093e-04 3.249556348198002239e-04 3.189994336489872023e-04 3.104612826616401280e-04 3.164678548811605081e-04 3.311355405347885124e-04 3.272731626560257422e-04 3.127055142989043895e-04 3.173442291978380661e-04 3.372785387846481816e-04 3.389378024889185079e-04 3.282428245343132415e-04 3.120741972952191913e-04 2.980173582722903916e-04 2.713116715982740552e-04 2.243054623430625451e-04
2.099222428832617346e-04 2.751549900342571599e-04 3.176500282586369088e-04 3.218080387829944274e-04 3.206080846918066317e-04 3.301564756096803978e-04 3.441012595925499614e-04 3.486949347870045091e-04 3.444279463754753960e-04 3.328314635013396436e-04 3.267357621141642925e-04 3.217489409141631625e-04 3.259086519339600202e-04 3.307509992881544920e-04 3.249639772489395931e-04 3.350301264115392724e-04 3.429491547221218866e-04 3.305369561935608347e-04 3.202414331271432810e-04 3.254707541346226547e-04 3.292718435073659642e-04 3.122050663854754825e-04 2.959093205082930986e-04 3.039282775977852208e-04 3.255005449916353140e-04 3.447269802256464261e-04 3.436323071676542331e-04 3.197987273066481111e-04 3.178933882423234632e-04 3.508346912151759801e-04 3.569038162691536638e-04 3.365099752256319387e-04 3.243587228968491660e-04 3.080930597624561120e-04 3.126874937297040627e-04 3.405725875645217540e-04 3.423396552942825849e-04 3.336395354150548977e-04 3.334899383281870328e-04 3.393256399250925382e-04 3.420029581661608847e-04 3.425935645940619096e-04 3.425070764351576609e-04 3.319163226287418357e-04 3.257091748820731053e-04 3.269851277570264350e-04 3.291751392664762454e-04 3.313030760319046991e-04 3.415481237449542826e-04 3.471178044370690175e-04 3.337101403340353824e-04 3.135947509046344722e-04 3.121043288090627737e-04 3.153462358405112768e-04 3.199335073452711561e-04 3.430594242443445120e-04 3.570751827243131573e-04 3.407005027649277133e-04 3.209856591775493272e-04 3.289922203511773651e-04 3.474677126886180399e-04 3.537604171880536896e-04 3.346670017891153776e-04 3.091907069446537897e-04 3.105946938687871627e-04 3.215464130476098151e-04 3.130149657118859148e-04 3.024915373559126973e-04 3.211097946682702929e-04 3.548816602148694615e-04 3.643875588740502075e-04 3.394693126717985123e-04 3.211612900399303701e-04 3.382389834054322104e-04 3.589729067787077220e-04 3.462883155609746918e-04 3.283142846440355702e-04 3.266583821182436924e-04 3.265124710586658633e-04 3.312846485727109400e-04 3.393364873509777482e-04 3.466512179564751458e-04 3.493602805143512791e-04 3.428354501398355012e-04 3.284735719553250315e-04 3.195215454697506591e-04 3.230796952410651185e-04 3.298453360295508616e-04 3.414812304589252509e-04 3.507410812714856435e-04 3.363691449031612924e-04 3.152539349503691714e-04 3.157045317309701117e-04 3.271531626250751934e-04 3.296698676082429440e-04 3.214075054761346981e-04 3.128577499733166747e-04 3.050832130836739621e-04 2.760257226248577934e-04 2.265420550419736242e-04
2.019066807398355013e-04 2.757117722497799553e-04 3.275962483676866455e-04 3.398770025750335417e-04 3.396025843697557563e-04 3.363824550632921488e-04 3.317466438836107136e-04 3.318074404787800134e-04 3.369896116021565556e-04 3.275452871521934033e-04 3.215527555346490724e-04 3.186970831257479857e-04 3.196620707223541509e-04 3.265210484257312254e-04 3.303125547874666496e-04 3.427390828734673653e-04 3.402159918961858952e-04 3.278531756660495980e-04 3.307674313201358976e-04 3.340732119985335806e-04 3.265082901418657046e-04 3.158850474331589787e-04 3.123495879325435386e-04 3.228655843756148263e-04 3.331805983417847339e-04 3.332920003237361617e-04 3.315291362285556747e-04 3.254946870053897624e-04 3.285659014021106777e-04 3.464244097218746078e-04 3.374516051642169204e-04 3.243073876127989781e-04 3.267938262867355666e-04 3.170767984651054602e-04 3.202213157341751151e-04 3.437623079063376400e-04 3.413206169071967590e-04 3.218826877072558396e-04 3.133165882549062190e-04 3.322485597647071285e-04 3.462980032003408547e-04 3.436299201063649318e-04 3.544943677198633594e-04 3.601103279427185196e-04 3.505568540857520151e-04 3.380648478660305931e-04 3.261808180159107839e-04 3.240679441479221018e-04 3.347888143532992385e-04 3.401566849184981521e-04 3.269641176570012298e-04 3.178450789272051344e-04 3.254912683760718180e-04 3.267572147990972938e-04 3.239852966048254942e-04 3.342683292386103115e-04 3.435357596102514457e-04 3.334375848107039449e-04 3.156771357719147003e-04 3.206629363487944941e-04 3.402773626665140565e-04 3.539527221319322564e-04 3.455367172423791161e-04 3.239751166945161387e-04 3.134302228044639647e-04 3.033962772861668400e-04 2.913400533761423316e-04 2.966102363313292837e-04 3.307268168909218136e-04 3.639931278538973466e-04 3.616052018527327484e-04 3.316032215889209620e-04 3.063715968266723369e-04 3.119149658156759658e-04 3.235886380378833567e-04 3.176327680290829151e-04 3.226615181344678592e-04 3.337830735205047196e-04 3.391367549417713964e-04 3.513767410744841457e-04 3.545115304373956211e-04 3.470252554278759451e-04 3.398328131589151298e-04 3.367108381810646959e-04 3.290139430821444576e-04 3.225676510138096500e-04 3.328883113671225573e-04 3.508106004683019365e-04 3.594889123600661157e-04 3.555459545423925822e-04 3.419650082016342059e-04 3.320026719539041641e-04 3.274491414385514651e-04 3.209828444761296334e-04 3.187697753851609144e-04 3.178148092860075963e-04 3.238801346805851209e-04 3.212558299235230793e-04 2.808722261363272104e-04 2.223982148209843052e-04
2.055316178641692325e-04 2.770459381445505571e-04 3.333803418193846289e-04 3.565854433855314442e-04 3.532361831715079541e-04 3.400262071636598162e-04 3.295505181640787703e-04 3.245771181189851260e-04 3.240493056661795154e-04 3.116701794218909214e-04 3.144147879713145560e-04 3.262161987608031130e-04 3.231398963991706139e-04 3.204957910412275439e-04 3.256035296550709342e-04 3.334429374972914780e-04 3.319261380496118553e-04 3.369593581815617323e-04 3.502425015305905614e-04 3.456953150281368535e-04 3.308031085244952279e-04 3.274711641044103136e-04 3.275380419746697189e-04 3.326113375274492587e-04 3.425504043006132298e-04 3.385774195013842671e-04 3.353423924510311746e-04 3.396086741789520634e-04 3.449176598359882345e-04 3.462326626490576159e-04 3.329060069319854224e-04 3.353656611910417083e-04 3.499297802595081712e-04 3.387019998636511928e-04 3.311415470908026393e-04 3.424043928546280434e-04 3.404152783763115305e-04 3.232361225264514075e-04 3.121261289545073639e-04 3.255643168598850931e-04 3.322805117418396693e-04 3.226857352365892400e-04 3.386936667186134144e-04 3.646060160981767859e-04 3.614422198966002909e-04 3.382105023171191904e-04 3.173362546443502961e-04 3.156454468682414437e-04 3.272930482699489495e-04 3.385014519590601872e-04 3.371198895408618508e-04 3.425152870460880126e-04 3.507182585558716714e-04 3.429225855445424938e-04 3.303810881182596307e-04 3.266029975360092001e-04 3.305069502684798407e-04 3.259472672356385540e-04 3.105524653489861965e-04 3.093198396669033469e-04 3.192301366247693234e-04 3.343036301674046822e-04 3.447117961573180648e-04 3.378270600193287163e-04 3.265855656641386356e-04 3.118402223598797183e-04 3.047375555666166570e-04 3.177594802515122012e-04 3.451429968363658356e-04 3.634780741532878719e-04 3.516280796753903514e-04 3.278987275179405005e-04 3.094552341208204249e-04 3.091587860069617980e-04 3.178148976520638221e-04 3.139915747468973286e-04 3.161676826846366965e-04 3.199124745583449819e-04 3.222161654702573484e-04 3.405548199528219138e-04 3.487469681287394324e-04 3.392820808663398781e-04 3.328595627142249538e-04 3.357245424559892797e-04 3.313388187251152962e-04 3.205845414932505266e-04 3.299223511579683346e-04 3.515867089277523627e-04 3.532082462098409099e-04 3.450517347256329003e-04 3.461518377627516947e-04 3.492277419952736226e-04 3.381854566043310207e-04 3.276298331866457788e-04 3.317731375625753679e-04 3.328127786847130481e-04 3.376904595721704947e-04 3.350746431005777659e-04 2.886135112378073603e-04 2.218985299897133527e-04
2.078718479268489494e-04 2.668502670274604271e-04 3.160758336506625790e-04 3.443445297081760940e-04 3.415582696092131000e-04 3.319595302368047104e-04 3.325282775022750771e-04 3.254893517355326137e-04 3.172735549230855335e-04 3.131565186144244983e-04 3.276619223157846515e-04 3.459761466274843605e-04 3.412464299194448982e-04 3.250774843301402345e-04 3.188798496041860974e-04 3.173640141395084584e-04 3.215443932398726274e-04 3.394656383625450110e-04 3.479413102488907003e-04 3.366852149612206777e-04 3.288658770216576249e-04 3.340115516479044916e-04 3.342245616332248891e-04 3.315259888727286513e-04 3.370774898868917659e-04 3.351437234693625290e-04 3.359383634859804992e-04 3.455686216573906943e-04 3.463695409712162993e-04 3.404610115577028388e-04 3.366611227021345121e-04 3.469308537455563068e-04 3.593556855646654795e-04 3.469454461660984035e-04 3.339118902010338678e-04 3.355010253376905895e-04 3.371511849671216410e-04 3.305264516030658015e-04 3.199703378804590048e-04 3.252286052580896842e-04 3.252575611325588954e-04 3.052527143134440039e-04 3.067672745390615137e-04 3.359988063537136223e-04 3.489869295329433695e-04 3.360648205830544816e-04 3.159089760231601862e-04 3.082986343115962308e-04 3.161708139006898493e-04 3.353441323691029900e-04 3.483445509786861215e-04 3.590212940820214881e-04 3.596692232145721666e-04 3.423604639242821776e-04 3.288948803763648392e-04 3.240510989343436867e-04 3.257940661703579485e-04 3.286249298101610655e-04 3.243600263668604006e-04 3.196282876469225807e-04 3.102483550986984400e-04 3.136051510154396317e-04 3.326432108659732080e-04 3.448249392438708068e-04 3.498318408298263299e-04 3.401084794082754378e-04 3.294360499219637609e-04 3.339487971507017119e-04 3.478996086609717053e-04 3.587361998138994374e-04 3.507888757371351420e-04 3.357488598284529284e-04 3.286268416962860681e-04 3.360731688503537217e-04 3.495832729063108211e-04 3.438961680024357499e-04 3.317548982935543639e-04 3.228500517554192461e-04 3.134269554347079707e-04 3.207328548029710329e-04 3.266728094013197502e-04 3.274975603804294497e-04 3.386085100845669322e-04 3.484061834466742444e-04 3.445198899792493129e-04 3.311343092717267361e-04 3.323692216719752656e-04 3.457138211563257589e-04 3.409404520064386514e-04 3.335718910431658552e-04 3.450899153038032119e-04 3.503271921941451426e-04 3.293333718614747311e-04 3.243617049546056565e-04 3.427577767125485650e-04 3.425924582334430681e-04 3.369373218298278051e-04 3.312824421487409231e-04 2.868515846659741857e-04 2.170549945620538332e-04
2.149101477378486075e-04 2.631402216621668436e-04 2.945014264095620836e-04 3.129117170681325463e-04 3.201307473739490369e-04 3.284799022327920684e-04 3.456989217694701288e-04 3.401501967270349454e-04 3.270369713881231548e-04 3.308871082524057154e-04 3.441567467581504091e-04 3.515544860643199940e-04 3.502176827235840449e-04 3.397761611245137632e-04 3.293613451370768158e-04 3.180585189566648282e-04 3.205281116366675122e-04 3.377874438410342212e-04 3.369163809712769162e-04 3.185616920776421310e-04 3.146829746592425762e-04 3.250175377097468815e-04 3.353094277750909009e-04 3.384878798739257262e-04 3.364682017537264959e-04 3.274977254558432372e-04 3.251474545268575808e-04 3.344867126335468411e-04 3.314584986165988257e-04 3.276275238633196253e-04 3.331895656223989727e-04 3.379010511337945076e-04 3.354186165511460543e-04 3.280550867387144664e-04 3.276082347252006594e-04 3.326648237583306302e-04 3.307862747977089075e-04 3.261168734699092958e-04 3.279617647569520872e-04 3.452499513429116212e-04 3.497626436032779751e-04 3.198598855000718425e-04 2.993472689638633803e-04 3.180581640571292332e-04 3.431213629641467451e-04 3.468166747755380792e-04 3.270167388378585841e-04 3.067868545085940648e-04 3.080900669750175590e-04 3.270317300298555027e-04 3.445133538981496224e-04 3.538071396816138596e-04 3.516359213214305954e-04 3.391686899787822685e-04 3.346148757679261740e-04 3.343013979874725778e-04 3.361382668181158188e-04 3.503494088533734281e-04 3.586233444323542454e-04 3.460471752197347606e-04 3.168584974525212811e-04 3.041134259730068207e-04 3.181554629792924692e-04 3.419541848486521178e-04 3.622325948152184394e-04 3.547432621371982616e-04 3.326842367607887917e-04 3.255970329132894508e-04 3.383146740071728146e-04 3.533595133307867618e-04 3.492509017511923313e-04 3.357767232537019696e-04 3.363923790271837445e-04 3.499766361251791143e-04 3.616828157879667448e-04 3.605642033860187055e-04 3.462678171241398732e-04 3.320278727226081946e-04 3.215984047793703747e-04 3.181090124512474032e-04 3.179662471257088240e-04 3.303520956536121038e-04 3.518692105778004108e-04 3.618024481415703375e-04 3.615876385170285496e-04 3.530214479005932627e-04 3.425254452375203458e-04 3.376606253184811211e-04 3.300316244974949476e-04 3.295965686489832954e-04 3.478312426735660811e-04 3.549345854644760535e-04 3.270299004898266420e-04 3.112030702740462614e-04 3.256884736451174604e-04 3.292440880439320293e-04 3.227451745847322376e-04 3.103444546064520332e-04 2.710154578693093003e-04 2.119004474172331461e-04
2.251398995086769490e-04 2.711214361950287544e-04 2.980514634501336534e-04 3.125851933067333487e-04 3.294371196989432727e-04 3.411518950418633111e-04 3.573222485928010533e-04 3.528047952567832423e-04 3.373926137123672191e-04 3.367094510152296438e-04 3.358622742137332942e-04 3.333361631725411745e-04 3.439594693492303975e-04 3.510402463052264858e-04 3.476244772113861207e-04 3.332029748754451260e-04 3.255686011554175300e-04 3.322482069696634614e-04 3.305428306542703776e-04 3.117952094506445102e-04 3.049763529036003196e-04 3.152911941727572329e-04 3.364840522169986956e-04 3.530929468127549345e-04 3.521049916209467072e-04 3.339478375850798183e-04 3.222928765376373511e-04 3.270929214339227250e-04 3.231670760386825842e-04 3.226182466257431500e-04 3.315372670141150495e-04 3.287302900318215355e-04 3.129459412703891803e-04 3.116178248300003435e-04 3.206382631015041135e-04 3.268698746442981538e-04 3.175804626484350027e-04 3.115071730346834081e-04 3.332984163749629298e-04 3.656224908829273142e-04 3.716654753025404627e-04 3.435632078671862089e-04 3.159102644520183105e-04 3.225328637439910389e-04 3.427319007735632516e-04 3.444043765709197693e-04 3.273462926640190564e-04 3.126827173475602039e-04 3.155278901515618526e-04 3.241048909253926229e-04 3.319776212517131691e-04 3.409708032010884404e-04 3.441681483505851821e-04 3.387275365333814554e-04 3.393209040137584341e-04 3.447122064954773494e-04 3.503989903963488370e-04 3.663941513899849961e-04 3.703905684080499670e-04 3.474933613904167664e-04 3.147776049811151972e-04 2.998153535555907168e-04 3.094416885712987552e-04 3.326650292756862053e-04 3.539806049839269372e-04 3.497175451722900558e-04 3.252349800746633362e-04 3.150734135283499875e-04 3.288889474222053038e-04 3.415461852079451437e-04 3.296472304924885632e-04 3.143765195112945519e-04 3.210996178708339067e-04 3.325377560106514791e-04 3.374518934320230304e-04 3.463370391767847016e-04 3.439020631658821808e-04 3.334513260251146909e-04 3.280320639951582592e-04 3.214495762399476497e-04 3.201220706684107888e-04 3.331569578703339743e-04 3.422575558773969552e-04 3.453203919710115099e-04 3.577252118338254184e-04 3.650310482495931590e-04 3.491107873886556022e-04 3.271279431035593053e-04 3.178767264355810990e-04 3.229861355503547277e-04 3.431811614673661902e-04 3.610836417315556974e-04 3.440947218820963925e-04 3.152161772720990171e-04 3.098243896609997492e-04 3.155477904387374733e-04 3.220346145397415911e-04 3.136110652566472977e-04 2.792203425936383540e-04 2.315851375706377152e-04
2.201562081722565028e-04 2.783998623622935828e-04 3.150822632854722032e-04 3.311158718412345048e-04 3.486139527792066640e-04 3.489895571842374037e-04 3.494717376826974404e-04 3.454483720491352506e-04 3.371851852185196036e-04 3.340512690350758238e-04 3.205524978778194738e-04 3.164221569031815963e-04 3.356388270795675676e-04 3.492655295025886642e-04 3.530782703176696662e-04 3.443567619121341676e-04 3.313841831912102453e-04 3.316179475493629542e-04 3.330964473778011024e-04 3.182884940703541404e-04 3.113370427271443773e-04 3.205653058373933656e-04 3.436376647426221025e-04 3.593711729089070668e-04 3.508118641926805505e-04 3.251029970800058729e-04 3.118408409496266354e-04 3.176263250753081952e-04 3.217998129449683954e-04 3.294509470817236045e-04 3.443029672688887352e-04 3.402791302698041391e-04 3.194484997226080831e-04 3.229901795384189584e-04 3.328090251807924466e-04 3.301656280584074673e-04 3.091343049857170995e-04 2.988672389186721422e-04 3.311511290300876275e-04 3.654438678873736393e-04 3.654427316975942261e-04 3.489156609241432028e-04 3.330786351628798637e-04 3.334386754742717056e-04 3.414272396928323640e-04 3.328509148344129627e-04 3.171568258472287345e-04 3.137212350623622484e-04 3.204354913480347866e-04 3.256597403332958142e-04 3.307912218468079439e-04 3.354446067088280971e-04 3.375028250723572732e-04 3.365115094892020251e-04 3.358679632319561126e-04 3.404201070363772896e-04 3.463523143658882135e-04 3.499003951910142386e-04 3.439215376183583223e-04 3.289277245975023509e-04 3.121842030682842658e-04 3.044990620430851466e-04 3.128996981996549388e-04 3.290843046384689602e-04 3.415875534933280689e-04 3.404890764288103010e-04 3.224216942143278775e-04 3.155988183369374351e-04 3.274084818930731952e-04 3.346772203808974716e-04 3.205595543549142864e-04 3.058807199364968303e-04 3.115780491061309089e-04 3.180815781584652824e-04 3.198040768440790901e-04 3.308947453830148933e-04 3.338815667368503852e-04 3.301832966855246243e-04 3.302144739920826236e-04 3.289162806294302363e-04 3.283834548986239946e-04 3.293255344939584198e-04 3.200555534462239332e-04 3.128280713552596126e-04 3.289549500399058029e-04 3.479899932157816921e-04 3.346343430071309940e-04 3.126390648741765328e-04 3.128666843915262757e-04 3.241922179515584418e-04 3.359616227263419186e-04 3.541975250699744759e-04 3.549233829759081919e-04 3.355917154499554571e-04 3.178289845148300459e-04 3.131251248001815091e-04 3.252468676826640636e-04 3.325540456823654302e-04 3.020661310706342496e-04 2.484102798808628045e-04
2.053541725772133292e-04 2.769720850711969440e-04 3.223849787984456100e-04 3.316468097969843000e-04 3.388494578538004537e-04 3.342441430448610381e-04 3.249828329609816290e-04 3.266570907509505368e-04 3.333608155253501518e-04 3.378042851133993408e-04 3.203244529177951515e-04 3.109620267212816766e-04 3.242960553971168660e-04 3.405595900960060657e-04 3.557044774690615568e-04 3.555747451663780322e-04 3.419854686363121561e-04 3.385455191669719914e-04 3.405788811708855167e-04 3.352609289414572704e-04 3.313343008347593619e-04 3.281257575552889733e-04 3.389606572163725989e-04 3.501454027155023871e-04 3.373213709897540723e-04 3.127998528393220561e-04 3.020859093979091957e-04 3.077111581083916223e-04 3.195118496145657374e-04 3.358199832798030703e-04 3.558627357590069722e-04 3.542543062942212417e-04 3.327992590008997708e-04 3.379762625742783783e-04 3.530013454221240946e-04 3.487910528452855359e-04 3.224701481864559387e-04 3.024502267262972480e-04 3.188931132761468152e-04 3.399498284026443136e-04 3.393605014218758391e-04 3.375133301410184784e-04 3.412790228998455904e-04 3.437131111746233206e-04 3.410952491862605197e-04 3.296553090370542348e-04 3.165086246777629262e-04 3.134135378697164472e-04 3.185661978660177859e-04 3.306563901352755665e-04 3.383393199114641280e-04 3.286224375505931820e-04 3.211254303747848680e-04 3.267186007193326061e-04 3.265828594688449551e-04 3.277531475774065847e-04 3.323562902765057545e-04 3.303621319431631069e-04 3.287919286873248938e-04 3.264921216795645944e-04 3.183153179319334969e-04 3.137445220212146902e-04 3.234639287979778895e-04 3.393316791837995951e-04 3.455595843632816707e-04 3.376912496018195627e-04 3.215076563420170958e-04 3.205551377343153095e-04 3.306473822070790766e-04 3.334537043272749906e-04 3.284686578228156423e-04 3.242315591759708463e-04 3.285759538076239239e-04 3.332307509261774742e-04 3.268793176774743587e-04 3.241863017381494566e-04 3.224734797784725260e-04 3.234731962497365250e-04 3.275522394484849630e-04 3.342637058300502312e-04 3.406823418008351687e-04 3.405418010879213446e-04 3.260597817274882054e-04 3.076615819319493319e-04 3.101648673361502009e-04 3.230572380058815713e-04 3.149071540373433314e-04 3.093261771865581902e-04 3.226366870467466488e-04 3.362518045095772056e-04 3.410005328225683419e-04 3.482971378262070608e-04 3.473434263749343941e-04 3.419158711527014441e-04 3.357275030265167819e-04 3.230452910076557927e-04 3.220587475566114065e-04 3.322829817258808605e-04 3.002491101050181930e-04 2.315262204226450535e-04
1.955829648697113895e-04 2.745899263488510303e-04 3.274199247283966839e-04 3.286145095392270228e-04 3.260613573204556616e-04 3.248515454579906482e-04 3.127778293088311653e-04 3.138166015460700821e-04 3.301671617469393270e-04 3.455613160886231378e-04 3.361260213972810419e-04 3.201800038717287711e-04 3.136542886405577603e-04 3.221632262892830867e-04 3.435459850938745330e-04 3.555366698858384699e-04 3.502514826818705382e-04 3.511250667107397800e-04 3.585325845811099211e-04 3.577015069218291484e-04 3.436746432885687654e-04 3.192596882296480361e-04 3.194600820515413773e-04 3.382858308531659077e-04 3.381603368110971887e-04 3.239502154533633075e-04 3.137037232336361485e-04 3.155753073983257745e-04 3.278436064206115058e-04 3.364481934177603658e-04 3.423770775906671187e-04 3.445993185737263303e-04 3.384285685617877040e-04 3.475191031427130300e-04 3.623763020701117909e-04 3.616183383039505740e-04 3.442354664134905391e-04 3.200170393653448283e-04 3.147141445163864973e-04 3.258503851565338694e-04 3.324177452823416450e-04 3.329856575668343685e-04 3.391870769449804607e-04 3.449422702243150839e-04 3.418934705449752859e-04 3.331334894527328977e-04 3.250767553057742399e-04 3.248151187286709915e-04 3.298089051293643195e-04 3.421937840787241157e-04 3.439021534350056829e-04 3.221692703604983371e-04 3.119130593545186756e-04 3.214857362610312979e-04 3.209452918897060338e-04 3.175127651871648702e-04 3.195840739879249803e-04 3.181077161308674787e-04 3.243481066068916821e-04 3.329760019671512325e-04 3.296680629288326384e-04 3.263602163647195834e-04 3.385117687886095403e-04 3.569252090348380658e-04 3.559084692938911773e-04 3.336155132845418196e-04 3.184065732616786601e-04 3.232563228774280374e-04 3.303757356985517150e-04 3.303676663437228513e-04 3.340984417426576562e-04 3.432799324093504579e-04 3.468019279452173994e-04 3.444249343695821616e-04 3.287451018072956913e-04 3.146149985776728686e-04 3.168666533606603452e-04 3.287920480420845849e-04 3.344712832231910241e-04 3.362170711894754129e-04 3.413279186649153456e-04 3.501855447479791292e-04 3.483536911947258887e-04 3.318742288395121328e-04 3.198613319581894042e-04 3.174259426430724087e-04 3.147945598624011989e-04 3.190448532278999981e-04 3.304218091553162229e-04 3.381274192607541221e-04 3.424353692853464260e-04 3.395298091657610691e-04 3.229035581377336572e-04 3.215967214459241079e-04 3.362379801935076046e-04 3.302824889975886167e-04 3.204182396752925733e-04 3.187888662358221922e-04 2.754728913955144980e-04 1.982672071140714081e-04
2.031987636414296064e-04 2.818121132356180307e-04 3.335127181947960076e-04 3.333465005505758584e-04 3.337610401192680609e-04 3.361500299839565191e-04 3.185681248233644030e-04 3.034033153400304502e-04 3.178239382955086283e-04 3.470898741162194807e-04 3.538375114403876200e-04 3.398431268595544829e-04 3.213377454869697798e-04 3.116151448105790051e-04 3.172915001414274407e-04 3.295279208649822271e-04 3.340782935330910853e-04 3.461933760052610630e-04 3.627209023954760213e-04 3.606214884929777190e-04 3.344772185449604112e-04 3.036765854968251875e-04 3.062765591137629577e-04 3.333470763935054591e-04 3.487819028586603863e-04 3.446468310274276381e-04 3.354275378623345987e-04 3.372455333947426684e-04 3.477334600679442712e-04 3.449872771921532865e-04 3.319703362357395086e-04 3.312709890124169304e-04 3.378224993492092180e-04 3.451163061443116367e-04 3.502982704519321975e-04 3.531546514672544916e-04 3.520467623217185646e-04 3.351241295333735686e-04 3.209511311932062932e-04 3.282165512242128571e-04 3.390664505036319670e-04 3.351312146976222163e-04 3.327233392923235585e-04 3.404030397417409041e-04 3.460500153183066092e-04 3.404840226675025878e-04 3.333780272959783629e-04 3.370444804570411706e-04 3.415891766461628108e-04 3.439564229687801971e-04 3.365203149720642556e-04 3.193365179662801439e-04 3.189011834300597851e-04 3.347567197336867844e-04 3.428440384993699510e-04 3.353222807659777269e-04 3.251905517342285035e-04 3.176277305232600616e-04 3.259195209016614125e-04 3.453563464816523476e-04 3.469049235329803261e-04 3.387652819842362946e-04 3.421361865907079913e-04 3.501442391149699987e-04 3.404873667002474187e-04 3.201533084040004669e-04 3.171612413519568066e-04 3.265368135416892481e-04 3.349029627802705333e-04 3.385817530179040702e-04 3.435107163307163109e-04 3.559196426611399133e-04 3.525690697603313601e-04 3.338849113857061653e-04 3.199140112657006393e-04 3.162082335467006474e-04 3.324347010568217482e-04 3.499407877297699499e-04 3.476224845350959786e-04 3.329538108666333686e-04 3.257971976329398101e-04 3.357303168530290701e-04 3.501273790939814570e-04 3.555999785503062777e-04 3.461886743753717207e-04 3.316647362664034912e-04 3.291063866161208617e-04 3.321910834178117390e-04 3.352581079560329556e-04 3.354985239248747765e-04 3.310718797148837320e-04 3.180159008066170130e-04 2.976069013092766261e-04 3.006536711989791100e-04 3.262989228274817879e-04 3.381956695749579892e-04 3.402043233513043748e-04 3.297893596026525427e-04 2.737272549430943354e-04 1.955245708500752519e-04
2.179269632348006106e-04 2.891445200664079836e-04 3.302226992079388595e-04 3.314046925670059013e-04 3.416485584729236739e-04 3.489221306427797882e-04 3.340479495451198553e-04 3.124447887326260785e-04 3.154948553034997764e-04 3.389136874763051983e-04 3.480590465184901870e-04 3.442621224954992227e-04 3.372273970086835798e-04 3.213709501706520869e-04 3.120524224963042723e-04 3.161077267714684606e-04 3.178427586964366054e-04 3.289752137830966538e-04 3.489911255504524060e-04 3.511404185264741136e-04 3.297133793525727709e-04 3.060847316413718147e-04 3.058099086128644576e-04 3.231013911899140211e-04 3.377548000851452229e-04 3.400897297950245587e-04 3.409112348879910588e-04 3.460659352835553570e-04 3.512402481761329152e-04 3.490128491816887240e-04 3.421425383774367394e-04 3.419909368335673433e-04 3.450469084645400885e-04 3.424966029915817644e-04 3.386814218619636210e-04 3.405382417775653465e-04 3.428439500973299225e-04 3.307850980045854566e-04 3.159020858333305270e-04 3.234470150086097878e-04 3.389788479330009194e-04 3.379234182624802707e-04 3.345451501490107407e-04 3.405981783138890525e-04 3.450656661985589146e-04 3.419897921542450940e-04 3.374030591987824948e-04 3.426023135909677655e-04 3.459510951285990578e-04 3.389945358622680383e-04 3.274810928546542134e-04 3.241971944238123088e-04 3.338295836832741361e-04 3.503922758116497665e-04 3.580871738939162907e-04 3.453434071632116380e-04 3.345567885832299794e-04 3.276798302590318182e-04 3.301860011540232740e-04 3.456345291157859531e-04 3.442862479582439609e-04 3.302068430324178435e-04 3.208927812565030976e-04 3.129999249171261269e-04 3.043957415376079582e-04 3.025937716273459843e-04 3.154828363956042100e-04 3.343757128224698698e-04 3.530398789054603253e-04 3.619706887791788530e-04 3.589792049288259091e-04 3.596338977412779541e-04 3.494379459012008672e-04 3.239152331745716968e-04 3.169134710175621318e-04 3.240723074917243132e-04 3.421478151510578755e-04 3.520438590015224369e-04 3.407254199288520550e-04 3.215263511637144107e-04 3.145919277597659545e-04 3.271822696730089389e-04 3.442813340497100864e-04 3.600567972674014404e-04 3.584210423961363954e-04 3.411048314128652635e-04 3.398278357637013122e-04 3.429866131137425953e-04 3.410163930720193533e-04 3.382283513688418876e-04 3.265914120203337488e-04 3.118937973724250764e-04 3.007625620882537539e-04 3.107633378224315202e-04 3.357413866565321734e-04 3.497570653686817325e-04 3.537305514098297598e-04 3.420260324784676637e-04 2.879178005012911776e-04 2.144192123885799574e-04
2.184938884630182134e-04 2.867738723554330484e-04 3.294947691447810143e-04 3.396885191133057176e-04 3.533723166806918871e-04 3.535623133905237917e-04 3.406508318762004788e-04 3.264404087522272679e-04 3.200713728173245980e-04 3.203794037855765657e-04 3.217718085070222296e-04 3.336605131670337693e-04 3.460602866257827094e-04 3.363295190523059221e-04 3.291016238552616586e-04 3.338839741754037987e-04 3.260112631031844956e-04 3.266550262019560463e-04 3.448809839572689528e-04 3.533549986542417181e-04 3.497581049558077517e-04 3.377909730606972068e-04 3.264688287769786914e-04 3.206322285610921472e-04 3.167068538867778404e-04 3.166119276133277927e-04 3.226781009841897226e-04 3.206041346870935589e-04 3.149484853928159549e-04 3.192109766275075993e-04 3.370729592789462091e-04 3.526980999916147367e-04 3.529004134703260780e-04 3.436496931732741129e-04 3.325378466648681972e-04 3.295342349544705179e-04 3.343326836028029554e-04 3.282729513988126005e-04 3.158788100791445116e-04 3.245277726564355959e-04 3.379079081452310827e-04 3.369797912236097972e-04 3.362726787038639248e-04 3.367886984142556567e-04 3.340202389935979462e-04 3.303581146539259989e-04 3.257447459353825171e-04 3.317358319867040259e-04 3.349377915228435743e-04 3.262967031040892810e-04 3.228590756762481388e-04 3.363181525289192378e-04 3.543267174519982785e-04 3.566992076947425160e-04 3.381778043800796321e-04 3.211701027924383691e-04 3.280055420312739511e-04 3.295404698027471803e-04 3.221079114346845317e-04 3.254276917730300673e-04 3.305086944845088827e-04 3.321687927295979294e-04 3.228582892448744485e-04 3.080493593331063654e-04 2.996582456643706919e-04 3.021383142428816886e-04 3.157798134419693547e-04 3.358346547942493363e-04 3.578791112163320627e-04 3.695484978387760964e-04 3.609281498072828415e-04 3.449997204039771627e-04 3.279323162989135646e-04 3.130080495723606840e-04 3.179185382689122315e-04 3.303682862365967541e-04 3.417235492386328129e-04 3.428005742217022896e-04 3.305791324308983946e-04 3.176294058098326142e-04 3.169559486639029165e-04 3.285491886311626931e-04 3.341874627847853780e-04 3.382216694452774104e-04 3.342550113617057833e-04 3.227828657173164922e-04 3.329327141682872013e-04 3.433054367139737610e-04 3.399696005782990851e-04 3.378547500691400532e-04 3.279542167301941055e-04 3.189436996914992643e-04 3.222244494905231681e-04 3.368113473888117385e-04 3.473330705140051334e-04 3.419665390589578160e-04 3.286495832850422588e-04 3.213778279084088989e-04 2.899428395224007719e-04 2.315646060841219575e-04
1.990944771560875654e-04 2.686554066498414808e-04 3.240831273506106008e-04 3.490838250339037491e-04 3.642308080218865972e-04 3.570373431709580035e-04 3.392257135064275170e-04 3.241799393641611239e-04 3.152249875520731198e-04 3.063133988847438179e-04 3.069599560946154656e-04 3.265660234206201290e-04 3.427878733098245175e-04 3.390081461226717059e-04 3.412747472653807849e-04 3.488750232087368085e-04 3.356554392206898994e-04 3.269428979349515334e-04 3.353035643242596427e-04 3.468815083802727220e-04 3.564842111070582235e-04 3.564082962022181418e-04 3.475754422977046787e-04 3.316076744132859981e-04 3.143205958516693144e-04 3.082923452805564745e-04 3.095056364166925782e-04 3.004519775362036495e-04 2.878948605064623285e-04 2.898214657374530547e-04 3.135975284318798912e-04 3.372813461651220511e-04 3.382539946607508469e-04 3.285900438267845645e-04 3.145074149802851637e-04 3.103689387219550882e-04 3.287723698266230635e-04 3.445729335336760553e-04 3.449022679178629291e-04 3.470651437646134663e-04 3.460765610165056697e-04 3.356495167644381371e-04 3.306409211091759586e-04 3.305608188500597320e-04 3.296115117222261698e-04 3.250428438246848184e-04 3.220306886230706804e-04 3.295541168242932095e-04 3.296141251153130130e-04 3.178702017324119616e-04 3.150844544830978919e-04 3.314458205731261940e-04 3.569484553453289321e-04 3.548044663967327714e-04 3.248528728675745920e-04 3.143975995505499999e-04 3.314701620068029883e-04 3.336201214919690128e-04 3.173978486925533790e-04 3.127962180250014866e-04 3.307272982143709557e-04 3.524684069986983481e-04 3.502303117439967053e-04 3.417139309077572916e-04 3.307328189572248745e-04 3.222164305068529917e-04 3.218017011240615092e-04 3.254176590716381309e-04 3.395526852089245573e-04 3.575844624237794816e-04 3.560929473610218430e-04 3.345440988471719713e-04 3.123745067017482963e-04 3.079941141345417894e-04 3.234153395111347747e-04 3.380353526417801280e-04 3.390182955558102527e-04 3.307904152052361553e-04 3.226623372965780733e-04 3.204758585958865781e-04 3.246114737143143431e-04 3.288936278906735063e-04 3.255191153329783276e-04 3.206268846876716072e-04 3.140892393783532746e-04 3.064625351312453812e-04 3.202360924482727800e-04 3.378149199012745948e-04 3.414520717356547526e-04 3.478740753763287378e-04 3.449008012694147318e-04 3.351475090995671311e-04 3.416244448069973949e-04 3.532949333501352257e-04 3.462398974175602160e-04 3.253510682037209735e-04 3.046156222446097300e-04 3.010342592187435751e-04 2.825254986788706545e-04 2.333492932414496686e-04
1.892300045262972541e-04 2.521816184479213230e-04 3.045685072565125799e-04 3.332112826966060655e-04 3.508126426857783903e-04 3.521853283845032684e-04 3.400535124770284702e-04 3.225531243768513202e-04 3.185029967271819310e-04 3.168471036651275183e-04 3.163219210460693244e-04 3.273237040111390684e-04 3.329951497348927715e-04 3.293158182283479783e-04 3.387119228006262267e-04 3.476533898562908184e-04 3.377920303145197280e-04 3.240684726665865904e-04 3.157668657325671084e-04 3.211514988708217026e-04 3.335685256848767207e-04 3.418784040755007024e-04 3.455455460953539950e-04 3.378884787857213030e-04 3.267680867568698759e-04 3.277460339861522874e-04 3.274770966759002044e-04 3.132215879765965849e-04 3.010204279634598511e-04 3.047355914129784202e-04 3.167370908138410798e-04 3.233805059838356245e-04 3.236527701178179431e-04 3.234280855380237203e-04 3.118898982232109606e-04 3.080521266072353947e-04 3.332842797638226116e-04 3.605220777910285034e-04 3.663173358153724813e-04 3.570577615725846520e-04 3.473981460026278581e-04 3.354673926958042516e-04 3.285443577398576521e-04 3.298807224180378859e-04 3.293949445158046501e-04 3.255177381467136682e-04 3.358370288846960301e-04 3.506040795108803215e-04 3.478224547905251905e-04 3.315893555261589408e-04 3.158238935564001114e-04 3.195670194776476154e-04 3.429806991710896758e-04 3.452017069492121734e-04 3.259264769941063594e-04 3.260493106288151182e-04 3.414978540817505408e-04 3.396688147730924203e-04 3.206042607202677988e-04 3.114809598141352813e-04 3.271932121139754009e-04 3.480629616764803133e-04 3.553277731335708440e-04 3.626511294509910180e-04 3.557889524654517808e-04 3.396906208979875606e-04 3.270096679537565004e-04 3.183518957350176546e-04 3.271366337709158542e-04 3.504605447329935510e-04 3.555708143947293193e-04 3.341386658632644743e-04 3.105050613927293700e-04 3.112678607943708954e-04 3.305492219772652052e-04 3.417370621911081097e-04 3.346758150196681722e-04 3.219709279009668737e-04 3.164978967372072786e-04 3.235016265737989402e-04 3.354207562688582035e-04 3.390013186503719467e-04 3.358200858107773410e-04 3.308285562670434119e-04 3.232137714310635975e-04 3.101346646282824183e-04 3.127385511909040218e-04 3.269074062567687644e-04 3.373874425212727455e-04 3.536581766467179451e-04 3.538066934764420900e-04 3.424674359561913394e-04 3.480124035078006601e-04 3.581641145017515674e-04 3.461873725942621631e-04 3.219566173298448277e-04 3.064135265182515869e-04 3.042147266423596980e-04 2.789819752247240867e-04 2.198876917345498391e-04
2.101206537465998513e-04 2.656624978061159956e-04 3.005561982584790243e-04 3.169239494647160382e-04 3.258297182383950558e-04 3.341064492509380752e-04 3.386718890048520713e-04 3.267447033491212554e-04 3.296567530018537986e-04 3.432199363082466146e-04 3.434178694096435029e-04 3.411423619831971681e-04 3.346411429387143553e-04 3.268931085927530376e-04 3.336940287513986080e-04 3.399041126500870974e-04 3.350672131461698042e-04 3.252710201443736061e-04 3.142324843321288286e-04 3.142334088753727123e-04 3.234962005892445358e-04 3.299073393972890792e-04 3.338487389449386377e-04 3.337426146654679285e-04 3.345913826625131898e-04 3.476376939111703104e-04 3.572235491536837810e-04 3.418375764811314404e-04 3.270521152004695915e-04 3.336120482001953577e-04 3.363524417118062861e-04 3.265230159479123742e-04 3.250363962233539955e-04 3.338003688057871073e-04 3.280102581431442290e-04 3.209261105437949532e-04 3.370004461554018541e-04 3.599053026675006449e-04 3.660292834230556157e-04 3.518484048320085563e-04 3.395473403654358617e-04 3.335981153102568941e-04 3.288238048386868048e-04 3.260347518963780072e-04 3.212933725947845088e-04 3.148138278711959089e-04 3.325797797428937897e-04 3.544496045899132430e-04 3.546570729165610569e-04 3.393776940324963768e-04 3.196334662387220488e-04 3.200556645733036937e-04 3.349174335599555208e-04 3.342191137812352132e-04 3.266756958898134507e-04 3.303885073536885026e-04 3.356088464079167799e-04 3.298829385702589309e-04 3.199386131416641485e-04 3.180205661971486492e-04 3.283095032184933952e-04 3.323048681229986263e-04 3.352541486871838750e-04 3.536903304256154004e-04 3.615608761025300693e-04 3.452559370924090281e-04 3.209564926302140280e-04 3.142762721788176219e-04 3.300170483168926366e-04 3.506307689815073726e-04 3.518457235902267347e-04 3.339167794689910538e-04 3.142508013251260135e-04 3.175304049155232614e-04 3.321336873442242614e-04 3.356748900147798640e-04 3.316300405939891834e-04 3.292348455040772595e-04 3.283506140989823170e-04 3.314993606065445354e-04 3.356611699209110112e-04 3.391326343449277869e-04 3.420586777528486456e-04 3.426684477636018781e-04 3.412937951032170986e-04 3.288381668642629922e-04 3.203202088747467320e-04 3.203363336288555033e-04 3.253844449500887777e-04 3.414175488789341663e-04 3.396950547112439372e-04 3.347134188646234791e-04 3.473999682114879521e-04 3.604905396164588159e-04 3.461827969568629162e-04 3.208641826674111142e-04 3.161414708788726582e-04 3.225683793705648754e-04 2.946556700854502928e-04 2.258469838359906815e-04
2.354936633734684649e-04 2.903849854554557122e-04 3.181027588592120255e-04 3.240553400554427484e-04 3.196894350734734588e-04 3.232041226160931187e-04 3.366217861776349841e-04 3.307754590086315087e-04 3.315462350532754005e-04 3.492041535664669287e-04 3.539682480663825090e-04 3.465292438201666818e-04 3.364827338700026173e-04 3.315119938364835322e-04 3.366030526015794397e-04 3.448314222819835566e-04 3.402696161258414584e-04 3.324392207256986979e-04 3.334878669625800009e-04 3.352837386865482579e-04 3.359619560951270780e-04 3.381376368029082751e-04 3.352763675193928686e-04 3.294348479522613352e-04 3.311590404930713849e-04 3.466241848182678069e-04 3.613117996081854476e-04 3.493009934352091835e-04 3.328902990012873450e-04 3.360302669785354907e-04 3.396718588703534665e-04 3.380352439831549533e-04 3.385724799125330907e-04 3.428839734137496061e-04 3.386996814632338556e-04 3.275771570936502741e-04 3.281046632657219284e-04 3.464147209590464987e-04 3.577211405335626779e-04 3.425053414797235682e-04 3.293894660279766528e-04 3.316461139368057391e-04 3.323981160691743706e-04 3.281101236501627553e-04 3.257661716503473760e-04 3.212613683953571744e-04 3.312590599516605869e-04 3.426275586236252470e-04 3.421094530348226014e-04 3.334424141799460198e-04 3.251275397399112184e-04 3.308150445283394945e-04 3.330755454728310801e-04 3.255052813109935101e-04 3.275311120989987494e-04 3.342826674321254998e-04 3.298420922117152100e-04 3.213946811812528085e-04 3.271280557572244017e-04 3.414946831206286068e-04 3.467715179868557235e-04 3.309101296873903988e-04 3.190144336095924104e-04 3.369882986953009487e-04 3.586846009653028139e-04 3.498056699244675872e-04 3.190227141437563608e-04 3.146805042998763969e-04 3.371922034238646602e-04 3.524145437147079181e-04 3.488989013127963626e-04 3.363070269461945067e-04 3.226150195782459800e-04 3.262310655864031307e-04 3.328102212507953609e-04 3.285586880089024072e-04 3.283286203200231224e-04 3.341626043255756825e-04 3.385681301214072758e-04 3.374222193121664999e-04 3.323061510052584136e-04 3.346128646009345490e-04 3.391973557134726324e-04 3.423974016650158992e-04 3.501159786833979589e-04 3.473335259586080633e-04 3.430567634125820139e-04 3.376138561949739770e-04 3.304678272517345408e-04 3.322215481978852553e-04 3.245530489823029085e-04 3.299691323660733410e-04 3.503414920138977757e-04 3.592530692188923612e-04 3.370506271246777969e-04 3.132629412569445894e-04 3.183138232530183546e-04 3.307014844794479102e-04 3.082568152858353953e-04 2.465331692477352446e-04
2.349742314082090998e-04 2.914319443950506958e-04 3.274956614875398951e-04 3.308612388142895266e-04 3.230589849987625497e-04 3.282635525607291308e-04 3.416393771828577820e-04 3.408028491493058504e-04 3.340347169697200106e-04 3.342867270240485389e-04 3.374213419389382853e-04 3.359721349308078748e-04 3.368456492518714538e-04 3.433110813714004557e-04 3.468951414470049927e-04 3.536717200242073668e-04 3.488493037219293682e-04 3.362485662742095813e-04 3.395875428103084471e-04 3.468617327142762543e-04 3.456169806419775396e-04 3.464414219697976036e-04 3.390402362705884683e-04 3.239078793773769206e-04 3.238929451757337902e-04 3.373041959034499509e-04 3.406989058339917557e-04 3.272484076835686885e-04 3.133052950211688949e-04 3.152910175148749541e-04 3.309429764530872546e-04 3.476476793856273732e-04 3.498345146443810781e-04 3.411924367435816030e-04 3.372391420832312765e-04 3.302298337727363714e-04 3.216157337360468858e-04 3.304106315844027811e-04 3.367301508812605391e-04 3.183610426059928678e-04 3.113728755632414564e-04 3.247649099034756004e-04 3.335231186112508784e-04 3.320785199172140729e-04 3.371874982349317958e-04 3.426063231485576826e-04 3.477303080218796831e-04 3.424580519913987282e-04 3.348591246342168606e-04 3.341059016089021347e-04 3.384539380428729311e-04 3.450776337624925213e-04 3.345666290291978784e-04 3.205780984948575804e-04 3.247059358497519704e-04 3.305891688709881046e-04 3.222858580627580623e-04 3.157313688059113508e-04 3.354737575871210523e-04 3.641079486045874203e-04 3.663148686885994774e-04 3.405333983572758909e-04 3.167478692754826315e-04 3.248587886802203331e-04 3.487383506090823695e-04 3.515068057399634840e-04 3.260474992049428901e-04 3.192976584654135040e-04 3.376561154380539531e-04 3.515609352473825786e-04 3.518623712589801422e-04 3.379811724847242593e-04 3.236510865664055147e-04 3.294681719875059670e-04 3.383808601278838436e-04 3.320384504520590028e-04 3.259875618100960249e-04 3.337977857656432420e-04 3.440885925425348846e-04 3.442681282292613608e-04 3.405261757191722981e-04 3.417675743570239462e-04 3.405387535257776207e-04 3.383959764582855547e-04 3.444433649920573522e-04 3.507104280349810570e-04 3.592380245089993275e-04 3.562277057113855724e-04 3.446621420773674773e-04 3.345559298889866102e-04 3.191883233993649395e-04 3.288549087079841371e-04 3.508194839443148959e-04 3.558381712310111720e-04 3.327301524116286135e-04 3.128465863246414867e-04 3.164358407100805468e-04 3.185218427590294954e-04 2.954492597028801149e-04 2.474690008192173595e-04
2.261132129101173878e-04 2.895008837290683206e-04 3.329030009122410476e-04 3.308384069531559264e-04 3.256844489593539813e-04 3.436800481071158007e-04 3.557983094268566933e-04 3.526731216766543914e-04 3.376693382230713716e-04 3.235464031758538903e-04 3.281262194907530287e-04 3.368194881149850920e-04 3.399313015925047900e-04 3.424432081488927625e-04 3.445647050705190621e-04 3.528051101755122487e-04 3.534341282317609483e-04 3.374899792742340303e-04 3.292429336615712771e-04 3.358543288065050404e-04 3.401407820135083715e-04 3.443243395876227977e-04 3.370333173417196715e-04 3.200931404851840596e-04 3.227614035973999347e-04 3.392176283674170744e-04 3.354128189178974084e-04 3.242675621015555587e-04 3.118316115908265291e-04 3.034479129560909176e-04 3.182437368873635829e-04 3.465587519783487960e-04 3.538259323426704559e-04 3.372164874647766517e-04 3.296367819150641766e-04 3.258188688577621757e-04 3.191898710442482275e-04 3.210526500884299753e-04 3.201914397630859161e-04 3.034167607830751926e-04 3.057481371550863341e-04 3.300978662439396508e-04 3.400392766519978478e-04 3.286058376790036793e-04 3.338503357221611276e-04 3.496930870734822551e-04 3.558513815110764386e-04 3.419015230680611732e-04 3.279416652574261831e-04 3.308108395775746302e-04 3.416472591559543363e-04 3.519573305931432113e-04 3.435453631904895693e-04 3.302404875567813885e-04 3.306137098878477246e-04 3.263302112255166251e-04 3.165856851831509180e-04 3.161228956776517907e-04 3.414033874776504400e-04 3.679778833760013806e-04 3.646975957803821498e-04 3.379550907244561857e-04 3.149459763614010852e-04 3.197200144285766688e-04 3.406885728755039400e-04 3.501938554626549778e-04 3.347682809137985608e-04 3.247979632034790403e-04 3.316983211287381382e-04 3.397259659908666470e-04 3.380282447635473038e-04 3.243923221734235258e-04 3.218883359241907997e-04 3.398980957349892083e-04 3.552657263974786338e-04 3.450804179676429683e-04 3.222798175092954701e-04 3.263686648523585546e-04 3.422634074941130911e-04 3.484957763355388130e-04 3.487679810006560780e-04 3.445129508367667415e-04 3.350807585966990992e-04 3.263674850763904466e-04 3.230766968239393109e-04 3.321675207429835306e-04 3.486047361405846586e-04 3.489085545022146940e-04 3.422748915979874395e-04 3.299228150148641537e-04 3.105607830554587266e-04 3.169641584168291708e-04 3.405240511708309539e-04 3.513681373319985438e-04 3.403598635040316098e-04 3.274039831863855866e-04 3.170281634722629761e-04 2.931652320651067850e-04 2.577564236937190966e-04 2.202949829705370542e-04
2.347316374473010117e-04 3.035692287839565759e-04 3.413194298951095036e-04 3.329496577804565410e-04 3.278733546197626011e-04 3.488999553454059281e-04 3.578001798019242409e-04 3.500626764173761550e-04 3.347128101454997068e-04 3.241379506357101826e-04 3.340980589961752532e-04 3.438630299543031683e-04 3.345586585514730561e-04 3.211892002554910539e-04 3.236683987359784175e-04 3.380640262512603421e-04 3.484442154401715076e-04 3.413666684413998445e-04 3.254042900864050417e-04 3.219714075755591293e-04 3.214704938177515253e-04 3.209971147003597277e-04 3.184101231575739107e-04 3.181178277943389658e-04 3.289483105416086180e-04 3.413254115740490006e-04 3.339542902514855741e-04 3.321090905154744843e-04 3.311863790796289305e-04 3.204807308651048676e-04 3.220314721079186975e-04 3.401510486211164813e-04 3.457876834563656273e-04 3.320963682056308477e-04 3.225334365887212945e-04 3.169404735601663798e-04 3.178807927106830507e-04 3.270591613421604303e-04 3.307608982185569172e-04 3.174065151812612614e-04 3.206761739206252337e-04 3.431756292962238344e-04 3.455304759778628438e-04 3.261828862827450583e-04 3.276611288370330347e-04 3.440707798039808595e-04 3.527136115990461970e-04 3.430616795769361477e-04 3.281354629476179187e-04 3.240317317396142292e-04 3.307336675466661575e-04 3.458185237087215867e-04 3.452906194544599992e-04 3.361386924942411352e-04 3.334060739972265989e-04 3.249079698915074239e-04 3.241895043253742231e-04 3.297405349219996234e-04 3.459592015925646484e-04 3.593377130408467366e-04 3.489400839260615788e-04 3.192646230646886945e-04 3.057983513882248073e-04 3.164450127688727072e-04 3.335123995945985138e-04 3.428443778463016907e-04 3.347958185195802215e-04 3.261033847781162750e-04 3.305075102441728261e-04 3.344722686212495306e-04 3.203649659883117586e-04 3.051594770245921870e-04 3.213658574409872411e-04 3.554220825825590499e-04 3.737518519911007912e-04 3.560819412078150906e-04 3.185979245548734690e-04 3.130092313348576804e-04 3.263950731432474755e-04 3.344477844212343800e-04 3.362402391413414062e-04 3.317838728240817730e-04 3.259331987333420502e-04 3.202718233363294632e-04 3.143966161576937585e-04 3.176597957238438876e-04 3.262258614783541217e-04 3.290615444444470582e-04 3.378540956391803398e-04 3.373820925591681239e-04 3.116120557382157574e-04 2.999473830556701436e-04 3.214134465650186814e-04 3.388592318349736387e-04 3.419457020731614004e-04 3.441386101439260692e-04 3.320910121217817302e-04 2.917146697705137823e-04 2.343865203469324278e-04 1.907952652976678998e-04
2.391985261301367814e-04 3.113170054544043717e-04 3.473867666581011366e-04 3.411016030774807620e-04 3.325547888299428684e-04 3.406471506812762872e-04 3.458408450692511578e-04 3.440651728554380319e-04 3.326575682967643937e-04 3.212585148773809576e-04 3.308143418525598444e-04 3.434581369985151159e-04 3.315096997947808389e-04 3.070537348088098304e-04 3.030618296845546521e-04 3.205059080365024976e-04 3.373614924727499692e-04 3.412942988213123825e-04 3.333667562962902217e-04 3.282616061162675755e-04 3.161318883026744591e-04 3.070823880457727861e-04 3.123548374680671009e-04 3.299245988680281870e-04 3.463648848636229592e-04 3.453232304309099493e-04 3.267720920759276874e-04 3.291078337328087896e-04 3.446861921735897309e-04 3.454498105284851007e-04 3.359148999872589082e-04 3.289633942804370088e-04 3.251329910680765133e-04 3.295687051999387270e-04 3.324212360629964151e-04 3.270067289279904158e-04 3.289846840521423428e-04 3.408877163688186530e-04 3.520143842333276580e-04 3.451785205092251525e-04 3.426928255830908958e-04 3.445975934254644560e-04 3.363422993153710990e-04 3.267543044508858978e-04 3.238547895351962208e-04 3.233135929693719407e-04 3.301405071512032285e-04 3.345396081030253084e-04 3.273390867183625301e-04 3.226886189706308378e-04 3.287751391732182064e-04 3.410851301516919188e-04 3.339015884556102492e-04 3.204342037295064387e-04 3.154256920710984372e-04 3.181399353237881989e-04 3.348518385465094069e-04 3.387030936391071420e-04 3.351846753403510599e-04 3.386797842899073657e-04 3.308366820885107152e-04 3.106093172324504801e-04 3.148227008857064899e-04 3.309916129841054128e-04 3.417765588720033786e-04 3.480256943907158421e-04 3.424818796619346056e-04 3.374031137886478919e-04 3.458595386558480176e-04 3.462895617380931114e-04 3.198788781531365817e-04 3.012074683042543751e-04 3.248459184117851372e-04 3.583641661508121974e-04 3.685891040361675974e-04 3.494280107238906773e-04 3.175573246940117987e-04 3.093884915770106101e-04 3.193478516801744006e-04 3.263610663418663009e-04 3.256279441377153737e-04 3.268217989660245591e-04 3.372798616115673114e-04 3.439273045887213803e-04 3.346423544574919076e-04 3.184495052960676286e-04 3.098196130759219751e-04 3.188903485385176048e-04 3.464471359885504969e-04 3.599022152755289544e-04 3.292072922347605681e-04 2.985030159990457684e-04 3.082198694411012385e-04 3.234771752145138707e-04 3.355306690152717918e-04 3.493205079025898550e-04 3.444158556960223282e-04 3.082149709779984309e-04 2.423115967299665379e-04 1.910576916774093690e-04
2.253373159037410874e-04 2.975520354234043085e-04 3.385085571928294246e-04 3.416432904661121902e-04 3.354083466737700246e-04 3.335601396896889590e-04 3.375103155226209014e-04 3.400010379955964012e-04 3.305561124043534822e-04 3.149228823433225695e-04 3.203487377577727635e-04 3.385128623251156248e-04 3.324120355184484541e-04 3.054532626193829097e-04 2.974492999913136686e-04 3.146810701936106130e-04 3.281552794086618481e-04 3.315369917251254203e-04 3.319833910237250598e-04 3.345849546567300449e-04 3.232953700790410076e-04 3.150737899284605033e-04 3.230295884268632924e-04 3.431914919434108811e-04 3.604937103890822276e-04 3.509879263191291281e-04 3.259755794646124107e-04 3.267184216044792316e-04 3.429322765700178665e-04 3.453115873521472260e-04 3.291672760979963549e-04 3.116140392707267412e-04 3.141770513829704806e-04 3.353538932809411186e-04 3.391674031614492937e-04 3.309161781622702025e-04 3.299965886519243405e-04 3.388309365517662409e-04 3.552393406913663724e-04 3.545117925627163649e-04 3.433923958107409891e-04 3.294476589290206868e-04 3.273043562100071786e-04 3.405021400588662114e-04 3.400186772306860094e-04 3.240160752061816102e-04 3.211226803489551987e-04 3.269653488392263558e-04 3.237967751611171537e-04 3.267349569558443932e-04 3.371946370548936167e-04 3.414916612388190983e-04 3.253330708327340165e-04 3.067189284188499778e-04 2.982994758898874720e-04 3.169113829321868977e-04 3.494823125981860778e-04 3.461647017704158006e-04 3.228112939740332096e-04 3.229580008185773364e-04 3.292212422215649468e-04 3.255731384027958511e-04 3.374959632932023057e-04 3.531511456892128713e-04 3.570964227805642445e-04 3.580554471849370021e-04 3.510330812224976386e-04 3.441562184945457284e-04 3.505859617734992124e-04 3.426880269424833017e-04 3.129941368962901264e-04 3.027111527230237306e-04 3.319658016448539433e-04 3.574638437911703201e-04 3.541861579995656743e-04 3.359420071666270905e-04 3.214701337726809990e-04 3.207727602541826173e-04 3.298369318113329729e-04 3.366779539845181335e-04 3.289203791484962515e-04 3.281138015235453916e-04 3.493336953391773612e-04 3.650954504044679133e-04 3.501916808560770521e-04 3.196670717536048353e-04 3.041538045969362637e-04 3.241562172141957722e-04 3.596552952188138705e-04 3.658563389618153371e-04 3.326793722691755053e-04 3.052025453390232027e-04 3.109004112828725810e-04 3.208738502471304623e-04 3.327242068675171022e-04 3.419248499462691966e-04 3.377686186110628289e-04 3.158710057496650248e-04 2.566690275522163188e-04 2.018099651380179048e-04
2.118233281509682934e-04 2.770075756779742703e-04 3.146642543003913268e-04 3.231441989619172894e-04 3.266007939009646322e-04 3.340837666303326137e-04 3.435761862230226303e-04 3.369576299213504662e-04 3.241564939067110803e-04 3.124145216137619568e-04 3.167688435130360447e-04 3.337238661345445822e-04 3.286865588615015812e-04 3.075768448438445657e-04 3.071049958010226878e-04 3.218470106073209537e-04 3.264960375041085555e-04 3.254940675303761048e-04 3.292687957409870655e-04 3.359596146240080876e-04 3.284262439942008636e-04 3.210846187859618867e-04 3.241372368121358226e-04 3.385360291666885540e-04 3.570006413066807239e-04 3.509311924598902200e-04 3.281138844519453784e-04 3.225798397626580957e-04 3.305653873961411030e-04 3.346085511386121978e-04 3.262844355045825193e-04 3.167640168968391574e-04 3.277648131949678807e-04 3.430259489331114538e-04 3.296945883118612545e-04 3.151821222483263763e-04 3.204406578076726599e-04 3.394224965782655177e-04 3.553686080300361540e-04 3.433252069635498241e-04 3.226326867957373572e-04 3.161182583942924516e-04 3.335527664155739976e-04 3.603720394365388037e-04 3.613653585758562839e-04 3.406173570456822808e-04 3.314808402008204754e-04 3.283019556955545136e-04 3.248252890236166118e-04 3.348556551579580007e-04 3.477015794370224623e-04 3.507922486472702522e-04 3.365684609740200034e-04 3.193650196631727311e-04 3.088852864266407143e-04 3.209521910434601851e-04 3.432700379208279478e-04 3.402824393798944665e-04 3.256942030214756778e-04 3.292187679999436338e-04 3.403838819440057652e-04 3.394951875906120856e-04 3.413672399270703713e-04 3.509305873296739392e-04 3.523860249686292662e-04 3.487465133946411285e-04 3.427739162515541674e-04 3.339528849619921320e-04 3.336099124320514742e-04 3.280000429359284709e-04 3.107143746233547105e-04 3.097320052203132853e-04 3.361268860029945635e-04 3.554875737511206495e-04 3.497430357159135323e-04 3.377294758788691254e-04 3.341757686540978143e-04 3.348734441803265433e-04 3.396705075912246187e-04 3.420683582887982122e-04 3.269535038408095126e-04 3.231845278351809601e-04 3.519522276058391721e-04 3.734133066090963588e-04 3.559224082789505766e-04 3.279103657901317418e-04 3.190331888715660985e-04 3.393691980744375581e-04 3.620759679326864813e-04 3.505434472735824642e-04 3.213119219853039269e-04 3.138527438584088865e-04 3.283631503720712674e-04 3.337680080248895840e-04 3.389746901673528715e-04 3.433032468120448036e-04 3.415867521720580965e-04 3.269450748640425177e-04 2.656096915965846725e-04 1.976091684884692819e-04
2.135455873143557752e-04 2.660468746144268692e-04 2.953733664520395361e-04 3.100096342858948365e-04 3.291932293501482251e-04 3.450461601713325803e-04 3.474105133485646483e-04 3.326644285984238806e-04 3.266234825836208033e-04 3.246755456764142825e-04 3.275511251125488290e-04 3.347165786432091793e-04 3.268159857618531611e-04 3.198660023460844033e-04 3.291794992094954379e-04 3.391402128165175913e-04 3.384774024141287176e-04 3.299703545057494224e-04 3.270054607058142139e-04 3.307058711228752631e-04 3.262719430165154011e-04 3.213893329899750531e-04 3.203817804441275174e-04 3.262114907986167793e-04 3.383361966027795828e-04 3.357880440807732699e-04 3.248772641209560089e-04 3.205339727445418872e-04 3.244198384332786953e-04 3.311148500788500056e-04 3.319062164703092104e-04 3.317748429993188004e-04 3.435380543410746119e-04 3.467469142860981008e-04 3.235285723453798674e-04 3.104571048034571851e-04 3.257342508226571272e-04 3.538411067629563611e-04 3.597777657874990948e-04 3.343881856096737057e-04 3.162262641668529611e-04 3.196869628731844660e-04 3.361941285703957038e-04 3.574033638766715851e-04 3.610211626372808111e-04 3.437323591006206805e-04 3.330179834015091099e-04 3.197697928805317592e-04 3.114600103576289285e-04 3.252718930918008407e-04 3.468769228349811518e-04 3.616544488564304213e-04 3.541684951877844146e-04 3.420800194583600851e-04 3.381570874596271682e-04 3.310006517119322726e-04 3.184913979064698825e-04 3.150400628882459812e-04 3.259433573794311492e-04 3.327202664559127804e-04 3.360401464313613005e-04 3.361315108360275966e-04 3.334455558656550765e-04 3.288105096765469703e-04 3.263140592743163241e-04 3.296831520843338361e-04 3.348464808692250532e-04 3.316033729860031701e-04 3.255098038319281339e-04 3.244984193473160364e-04 3.209038055979001160e-04 3.246705424743186056e-04 3.389378385814908524e-04 3.484110386956463731e-04 3.457137434450346892e-04 3.397648233463983246e-04 3.384333342537633026e-04 3.360015962511053982e-04 3.365462829954960823e-04 3.346267019574026636e-04 3.216114981222720215e-04 3.210730519737645464e-04 3.445495453962991788e-04 3.605138744057133859e-04 3.469523268153493949e-04 3.294285341856881873e-04 3.290391418504445224e-04 3.452222100344703483e-04 3.588141511466615358e-04 3.451081834499501668e-04 3.212534801422612589e-04 3.180530898588495811e-04 3.355685334696858080e-04 3.430162353786673731e-04 3.457390471860826418e-04 3.537233805115946330e-04 3.582405967342800574e-04 3.435694239582522428e-04 2.786758168885871941e-04 1.980673743985138864e-04
2.176398028141735322e-04 2.688626578036731061e-04 3.016077887677468786e-04 3.241580787623912037e-04 3.486346809303323118e-04 3.571112977792691417e-04 3.459682302330432339e-04 3.345241104565640860e-04 3.442306128459313944e-04 3.545792028356834109e-04 3.597059312016489792e-04 3.553035839578486121e-04 3.368141430835104849e-04 3.345895724062729251e-04 3.482697736741724795e-04 3.585987532681494732e-04 3.550603627468122215e-04 3.321707080173515745e-04 3.190395090541636421e-04 3.252466789695207527e-04 3.283838036948522228e-04 3.261060994899996242e-04 3.209142751770277004e-04 3.204923150315335412e-04 3.285904912213075233e-04 3.271096773602368175e-04 3.245337021621257025e-04 3.246982452951519211e-04 3.248672494766184594e-04 3.271066105712347070e-04 3.302285502369285133e-04 3.363613995220755522e-04 3.459424351398823132e-04 3.417738977913178195e-04 3.223591853651225380e-04 3.191359856632759468e-04 3.421513285524824862e-04 3.692985288557495581e-04 3.598481431368330758e-04 3.326367841671229236e-04 3.273319143793556934e-04 3.274735036365921206e-04 3.223812590887510524e-04 3.294594415889835239e-04 3.426671291470257600e-04 3.411332663601264210e-04 3.323112895993750359e-04 3.146769158885038805e-04 3.005806080767582699e-04 3.081140995388913012e-04 3.249541557435255720e-04 3.435283660549289441e-04 3.475825901023863688e-04 3.472787966941120129e-04 3.577291855614213615e-04 3.487409291969977183e-04 3.141069351381315126e-04 3.035297511159311444e-04 3.255131623360983792e-04 3.354644056137251690e-04 3.337163287592220633e-04 3.388083699440872041e-04 3.396029339721031532e-04 3.224921414906580181e-04 3.153490648149097656e-04 3.247038522042039314e-04 3.338330338533292249e-04 3.371155339435002269e-04 3.327522648083773354e-04 3.320897525751063842e-04 3.287679522630715563e-04 3.270363564024006517e-04 3.301029399768529507e-04 3.342163936153137640e-04 3.386365293012604427e-04 3.388796828286985783e-04 3.348879223092399073e-04 3.299644839104750324e-04 3.303696321995802372e-04 3.289753149495655733e-04 3.225472446089250886e-04 3.240299900642927946e-04 3.316121359243865015e-04 3.384192858466982673e-04 3.365770388762142186e-04 3.291237546194788967e-04 3.257156581699853851e-04 3.376269000804276669e-04 3.555108400448881052e-04 3.548785729403492297e-04 3.331601275008352903e-04 3.180950373869403957e-04 3.331931465317152755e-04 3.502450787337716234e-04 3.555467643608407760e-04 3.579038505541914960e-04 3.518260994621832428e-04 3.343620724647661702e-04 2.790632883858109128e-04 2.020762682686856214e-04
2.179627542257733732e-04 2.791351435532938349e-04 3.199522930662646448e-04 3.434177036076233318e-04 3.606294791025516371e-04 3.550862022233560161e-04 3.358797459322214007e-04 3.301046768773930121e-04 3.458897416476243848e-04 3.614374625171751015e-04 3.714041003755022725e-04 3.657603230208929875e-04 3.429248137370742903e-04 3.327495868342665326e-04 3.397018093659761283e-04 3.530543932905350112e-04 3.511333324338789278e-04 3.231461743855690944e-04 3.130243966944888526e-04 3.288766928834296411e-04 3.378943261048648330e-04 3.350833578458988719e-04 3.276895617367859247e-04 3.260172074668329445e-04 3.353542741535370589e-04 3.316006237120248273e-04 3.235735072157807290e-04 3.225803741571507286e-04 3.242324673030048130e-04 3.268079681763123726e-04 3.310568945181743589e-04 3.392366583349103789e-04 3.443935543006661519e-04 3.364549133831186791e-04 3.248302074747614569e-04 3.239677948980245023e-04 3.411414202939291006e-04 3.602345579712534231e-04 3.471331084544963721e-04 3.314878870069396790e-04 3.426983335604409371e-04 3.421121833777099287e-04 3.203043151704074469e-04 3.079526587649371403e-04 3.198559856814027838e-04 3.362193492515531479e-04 3.364323293939725542e-04 3.234583686246054416e-04 3.079563016013406535e-04 3.045745082228802853e-04 3.069835748418079280e-04 3.144660488110261921e-04 3.176687288427439788e-04 3.233083885442107641e-04 3.461973915367513367e-04 3.499308231771510423e-04 3.190266428748870370e-04 3.095536355246864880e-04 3.306462402870692999e-04 3.444166500406550422e-04 3.442420632817715619e-04 3.473340998749674868e-04 3.450543045403321003e-04 3.296145159640863354e-04 3.262908630754799214e-04 3.309565506533266818e-04 3.315872637698905273e-04 3.308668188833345947e-04 3.292696193885357760e-04 3.355674526203470667e-04 3.365368240875747825e-04 3.280450812612501236e-04 3.220078817428120334e-04 3.236296514572965018e-04 3.278073790973737734e-04 3.288583341551093052e-04 3.286408533362232412e-04 3.293481928082376154e-04 3.330608697617518099e-04 3.362761864243070256e-04 3.351291158582619858e-04 3.335672568913835992e-04 3.288881502428404663e-04 3.295672323978961855e-04 3.382485333794372747e-04 3.432787047788026218e-04 3.357356670623125967e-04 3.382883088078465468e-04 3.524079216136097575e-04 3.574379771196303790e-04 3.366932653634274091e-04 3.140037810676982394e-04 3.244709025504347141e-04 3.421167755639814741e-04 3.497728771976558061e-04 3.457465668139261643e-04 3.263894514333972371e-04 3.089600598165556764e-04 2.654717671780508297e-04 1.978956427506197249e-04
2.135880866354792425e-04 2.828682126360940381e-04 3.253394127543023724e-04 3.474112553930929024e-04 3.599311419443336404e-04 3.478174121179307583e-04 3.271421148571593664e-04 3.188951821582782908e-04 3.326082700051372510e-04 3.480733500993120214e-04 3.471291625543652623e-04 3.367450805442370808e-04 3.264314484715508764e-04 3.213940754611521581e-04 3.219057914552714804e-04 3.294867603710747886e-04 3.269473960116768053e-04 3.104910849680112299e-04 3.161401017444851434e-04 3.378367143362906899e-04 3.400421040984191560e-04 3.319200914008459645e-04 3.291590498005184020e-04 3.312286188839844592e-04 3.391051853839643373e-04 3.341171176566028168e-04 3.226655485337708972e-04 3.206391490328704130e-04 3.247981436176672950e-04 3.327336248082735743e-04 3.417576460037758507e-04 3.497757782183341527e-04 3.477816204780450520e-04 3.336480405826429602e-04 3.254529524658282677e-04 3.241978580931589469e-04 3.265706266700509064e-04 3.336703253597038551e-04 3.326940855839377468e-04 3.327715110297504064e-04 3.483677251959034710e-04 3.525723128325079433e-04 3.313969494336193667e-04 3.121377111970503448e-04 3.190950304300249618e-04 3.419013335118480535e-04 3.492168988324600249e-04 3.402132200563439865e-04 3.217510684548462326e-04 3.126973012598902621e-04 3.179887551799924928e-04 3.282073433369940996e-04 3.220451690413503321e-04 3.153225344535195681e-04 3.337213751253563813e-04 3.465624305958738102e-04 3.278347725001443027e-04 3.206211834629973901e-04 3.327033648594638791e-04 3.426486388027901548e-04 3.422173952748194066e-04 3.377220828203478459e-04 3.326360362533746832e-04 3.317157131709203813e-04 3.402785932471809370e-04 3.375517975707714247e-04 3.267409930278115156e-04 3.193696167764978333e-04 3.239823887819171444e-04 3.421153873598786971e-04 3.523104947523118119e-04 3.422740246251964095e-04 3.261943130525228975e-04 3.246120115940167097e-04 3.303548473479002217e-04 3.321011061283737865e-04 3.355836554144781990e-04 3.395992146035374678e-04 3.390577506940158775e-04 3.381838207742224431e-04 3.386464824124027322e-04 3.380567893516070715e-04 3.281207763165770990e-04 3.210511240943797777e-04 3.330258367258229907e-04 3.526717638569727220e-04 3.540964149238433095e-04 3.498152473372418986e-04 3.469206931814060660e-04 3.416869998139131464e-04 3.250778029477341315e-04 3.058218395207086592e-04 3.135232244617885793e-04 3.274656147400381535e-04 3.346273401100002690e-04 3.354176157204090836e-04 3.235482699716437272e-04 3.083944115152371717e-04 2.652938569968637693e-04 2.004813769570042874e-04
2.211998634963890779e-04 2.872029634725898695e-04 3.271437354903341177e-04 3.428220292503777328e-04 3.401779202112050794e-04 3.271068854036648498e-04 3.220402314868065028e-04 3.206677568559182273e-04 3.317703989148713538e-04 3.441398556581203461e-04 3.326435784852871044e-04 3.167400591698526450e-04 3.172692332453038366e-04 3.230883480825339545e-04 3.228897601091518135e-04 3.203521915760850587e-04 3.113284443457194919e-04 3.045079420548937052e-04 3.208083800604083382e-04 3.459271820982559044e-04 3.485855221541555226e-04 3.381226782533572860e-04 3.277744812843997810e-04 3.210412148992402128e-04 3.255691865177578353e-04 3.278368220520137778e-04 3.230003429888093826e-04 3.254737967067818246e-04 3.309683713090353372e-04 3.397338864679005444e-04 3.502322620279001543e-04 3.555237907425970022e-04 3.465079295542555847e-04 3.280383126819299416e-04 3.224750118912836578e-04 3.256537828226009797e-04 3.203589305344413558e-04 3.221591752662366671e-04 3.339465683341888511e-04 3.409285125802108060e-04 3.451925402793446169e-04 3.509748332062550126e-04 3.433807844373909751e-04 3.282968980432657844e-04 3.269065476913628199e-04 3.429479032679798572e-04 3.510550672946473588e-04 3.446807761445277573e-04 3.299667771915541195e-04 3.251126743867886141e-04 3.406780840523069100e-04 3.641361896019468117e-04 3.545372651132690494e-04 3.286125438347261033e-04 3.332707719573422189e-04 3.488481954011561029e-04 3.422835396772546833e-04 3.359749770584942842e-04 3.340856014971136431e-04 3.295342256951891338e-04 3.275698560582377458e-04 3.257850550475441449e-04 3.250618642638809178e-04 3.339458346682306787e-04 3.505725790782857065e-04 3.489490188266996216e-04 3.301739982753157214e-04 3.142992207252582552e-04 3.238466688101287821e-04 3.526072715441339739e-04 3.683510436193931426e-04 3.553297478248248912e-04 3.342826598616385650e-04 3.293982386727776742e-04 3.331970316663016626e-04 3.337055650059662796e-04 3.381797338857668567e-04 3.460461666803972677e-04 3.426719127339159128e-04 3.333100105969359454e-04 3.262149678275326524e-04 3.256347157192013460e-04 3.184564146081394890e-04 3.090931733668484142e-04 3.188514040634577015e-04 3.375671475414608624e-04 3.428827789266532407e-04 3.474155838808200020e-04 3.516410273281322463e-04 3.444263775866378448e-04 3.272644631884710472e-04 3.060580473551691594e-04 3.109801829952302775e-04 3.305175417673488717e-04 3.422097136260848771e-04 3.464701256726665361e-04 3.368055424219267360e-04 3.171973255951617996e-04 2.758346102714174684e-04 2.168059285024951407e-04
2.325533057642812252e-04 2.904878649185087475e-04 3.235912257565198413e-04 3.286626166078742079e-04 3.142436685068089033e-04 3.046027514207578189e-04 3.186814382981177098e-04 3.298986101125648174e-04 3.339543144966344856e-04 3.404250147135525276e-04 3.380539885396343161e-04 3.279179557209049205e-04 3.235344924421474939e-04 3.277061549683625606e-04 3.314297255532548474e-04 3.328194586907273680e-04 3.259156437424430043e-04 3.172983091256139786e-04 3.179233371625969531e-04 3.265039243369121475e-04 3.398121947743977739e-04 3.476877276785249197e-04 3.327301858725612059e-04 3.174590385213399511e-04 3.214131114502464864e-04 3.265058276290952943e-04 3.268440132081799551e-04 3.326996807446754674e-04 3.372831215927442989e-04 3.453866689288705638e-04 3.544422460495726492e-04 3.546543446925049360e-04 3.412945175530118563e-04 3.227648605334817273e-04 3.199127780718318947e-04 3.278405346348401209e-04 3.256423370583609958e-04 3.302434891368420623e-04 3.464995285509533886e-04 3.517540663141923850e-04 3.441797364278283990e-04 3.472686567367105556e-04 3.513091151355180429e-04 3.343381660131122162e-04 3.200039277841065051e-04 3.292715235433639476e-04 3.373423654081941238e-04 3.376330316937942340e-04 3.370827468439544601e-04 3.359633846518997368e-04 3.435423902380142780e-04 3.680143785976568637e-04 3.640409768206243242e-04 3.275019680104386327e-04 3.191121271028089399e-04 3.328861370372766110e-04 3.379781606710809952e-04 3.403609707772805573e-04 3.365878599514397643e-04 3.236521976474155890e-04 3.259975011773325613e-04 3.350318255315881417e-04 3.364001525228174465e-04 3.406646873003230081e-04 3.586928851873986144e-04 3.675833926134224527e-04 3.466261104142715822e-04 3.193240430500096910e-04 3.231013138319083862e-04 3.461981534413456564e-04 3.582466582846044511e-04 3.494288619278923839e-04 3.381920362077177767e-04 3.323424674860597479e-04 3.269680754884181058e-04 3.243423253172067998e-04 3.347266490071446098e-04 3.526269177509476472e-04 3.494606823258499060e-04 3.362227416240032643e-04 3.243107852152821895e-04 3.196992114964550638e-04 3.160939045453899630e-04 3.170470680763872893e-04 3.269742795465276942e-04 3.252447671224899120e-04 3.190960057492892780e-04 3.362056954708271517e-04 3.625112398586640035e-04 3.632482040400159375e-04 3.387266575846460464e-04 3.117832628155318628e-04 3.127390968964175681e-04 3.341273478717453338e-04 3.516358860315250490e-04 3.532731100858450932e-04 3.305346992599279593e-04 3.065946862460368696e-04 2.753848336703231957e-04 2.259620545988350992e-04
2.102636657599968035e-04 2.719610243297074454e-04 3.078954590261500225e-04 3.141172359835971801e-04 3.099862416795211187e-04 3.098629876062138728e-04 3.272863967983070856e-04 3.376572916510586601e-04 3.316689261093338842e-04 3.316351628051881053e-04 3.372019789146599167e-04 3.344005478122625630e-04 3.251685578222659459e-04 3.252346034168404577e-04 3.356324915335696935e-04 3.459939522936557755e-04 3.456928193317042449e-04 3.367388725873610373e-04 3.176574237404870328e-04 3.030800460093325795e-04 3.179953120766661114e-04 3.398683019936355083e-04 3.315239136868475527e-04 3.187478829564314151e-04 3.249369946390620384e-04 3.309094471464512667e-04 3.328888811558955788e-04 3.360334445303522115e-04 3.339807515077400412e-04 3.372501187063434592e-04 3.416350985721557727e-04 3.376685890590139759e-04 3.305135706826503855e-04 3.265645061763857988e-04 3.318385549139225279e-04 3.349868833142123636e-04 3.263508837170625175e-04 3.283720613525273942e-04 3.454011059465943341e-04 3.520857767507657322e-04 3.412878378968258841e-04 3.370617701583391657e-04 3.427825851357014738e-04 3.270827466369422920e-04 3.120277442773695931e-04 3.221467733958158566e-04 3.305996904513339076e-04 3.353432121989886774e-04 3.422945316315316976e-04 3.360536041498625188e-04 3.255300170115756151e-04 3.417996208500399423e-04 3.463593990062268984e-04 3.128051917255410806e-04 2.980567331761121552e-04 3.073274308549049563e-04 3.154785461709557967e-04 3.230637947817531670e-04 3.273686656769168824e-04 3.227622481991666067e-04 3.316294274368255775e-04 3.434062152086419075e-04 3.448677771935120787e-04 3.482672630944868208e-04 3.638859800276324414e-04 3.717206182238088144e-04 3.534532874068966137e-04 3.277504981669255961e-04 3.230013324438779339e-04 3.284081164346029300e-04 3.342316271542957189e-04 3.378643270818451182e-04 3.388458329313513316e-04 3.338187628548589208e-04 3.253325376203455486e-04 3.245894413982576988e-04 3.398052722710680402e-04 3.539003247528404333e-04 3.404390620745804995e-04 3.307402073337807808e-04 3.336956027178832615e-04 3.323882683904069886e-04 3.252006274189574902e-04 3.360325762530090663e-04 3.494043319581095915e-04 3.295870286196906024e-04 3.080494142276480772e-04 3.222479616469071852e-04 3.519387746215178530e-04 3.612646914703231951e-04 3.420212576510477651e-04 3.153963469250699574e-04 3.124751393344382937e-04 3.263842019688594810e-04 3.390288110486933820e-04 3.378250502483462134e-04 3.152507205885184257e-04 2.974417782098982832e-04 2.718782062298492528e-04 2.242964532145459928e-04
1.845439006692281211e-04 2.534000676703959589e-04 3.008775236491639197e-04 3.127798514237720975e-04 3.244835129368482457e-04 3.353884350417954429e-04 3.413837895453886032e-04 3.409299653060683839e-04 3.312743165610182840e-04 3.275683930681577531e-04 3.298154481504655348e-04 3.330561069748694779e-04 3.329789607311632940e-04 3.277130436274516790e-04 3.323996089402509119e-04 3.414825792758679904e-04 3.413148605672007845e-04 3.337193377375133113e-04 3.194234885267160364e-04 3.074835251452470546e-04 3.158204033356390526e-04 3.291238875203240108e-04 3.286946889709874467e-04 3.243698415863430651e-04 3.344809385159094742e-04 3.443247145221473059e-04 3.449087866418507238e-04 3.422180810725667733e-04 3.343069397264126054e-04 3.291855928575017115e-04 3.284490952577546184e-04 3.229128066312126309e-04 3.207172092308533317e-04 3.368853397206471594e-04 3.612363296973058286e-04 3.598137723261290001e-04 3.306076845347971334e-04 3.175968041280766391e-04 3.323487279190235027e-04 3.470281586081967653e-04 3.416110840953630714e-04 3.297202710623728860e-04 3.338163190189267441e-04 3.306472203088362720e-04 3.204003893433816268e-04 3.269198905910029678e-04 3.356194517202930067e-04 3.441886346949501801e-04 3.523694103283910029e-04 3.372394253931863079e-04 3.108109071995518772e-04 3.145902479902677610e-04 3.255906437067300680e-04 3.129889759099022529e-04 3.067106868021384587e-04 3.121549911321916523e-04 3.152980817243525346e-04 3.193517627925540007e-04 3.257934757166836047e-04 3.280206141899422254e-04 3.324178548060252787e-04 3.318480801702726945e-04 3.297780341213087238e-04 3.350099119373360743e-04 3.450326569314729778e-04 3.458114024135252587e-04 3.418864692739029525e-04 3.361157842426436477e-04 3.287036218842954841e-04 3.181601723781611732e-04 3.187807825196361730e-04 3.323403937205953850e-04 3.380182619633495468e-04 3.314492584037555777e-04 3.223109316395767051e-04 3.231310027311060248e-04 3.383978430546469730e-04 3.441379695980336458e-04 3.244243350311623413e-04 3.189619135273998691e-04 3.333913581103596646e-04 3.366455343275979008e-04 3.270975912849382640e-04 3.426406235637319666e-04 3.577325618885834413e-04 3.356740101709378751e-04 3.117256041106695845e-04 3.169568575296250737e-04 3.369702210638003161e-04 3.542927764625102569e-04 3.514361159228569266e-04 3.210017497465179198e-04 3.044615302192192358e-04 3.159029325775451476e-04 3.347989827200273990e-04 3.418441429440255419e-04 3.297471714690205407e-04 3.162661448145115081e-04 2.817507657409222131e-04 2.235869985277359295e-04
1.940670652620541943e-04 2.648501805337468741e-04 3.158338890912387926e-04 3.217753244140239663e-04 3.371266602286195893e-04 3.538701614414936896e-04 3.489561697274138024e-04 3.397559015398600880e-04 3.299345771902249119e-04 3.269789575395036464e-04 3.297097660752482920e-04 3.358558792524898558e-04 3.422602299818395004e-04 3.337677655504300194e-04 3.305377527445814531e-04 3.307899768229770592e-04 3.249684208808650138e-04 3.177488819486494411e-04 3.235506535800102392e-04 3.283946096607323530e-04 3.257515160338088833e-04 3.261175686829912226e-04 3.310858023207339986e-04 3.346289980020954700e-04 3.440907889139759425e-04 3.476822179252678745e-04 3.422211778828765350e-04 3.372720776245337598e-04 3.343674181659573924e-04 3.312411700582017010e-04 3.307426429891667649e-04 3.259833001479424289e-04 3.216504016542990523e-04 3.425033130866750450e-04 3.730153473785851855e-04 3.685359165776135254e-04 3.308621422501894019e-04 3.078166803273516732e-04 3.127851833100741457e-04 3.283351602448854149e-04 3.347777854330115680e-04 3.293076757102338971e-04 3.387387331047888922e-04 3.448260667488383985e-04 3.312861936718967427e-04 3.271855184321018463e-04 3.311624273939490874e-04 3.403725807206660261e-04 3.520382806674132942e-04 3.385560264439064202e-04 3.122268642167952152e-04 3.137995126641061764e-04 3.329127641442935093e-04 3.413062946918761411e-04 3.389423881526688149e-04 3.298202951418487692e-04 3.290434002016538804e-04 3.346136991451274150e-04 3.363819260649583503e-04 3.336339845546878406e-04 3.261833422996704510e-04 3.114127912785810215e-04 3.065214376311736788e-04 3.087737836726178265e-04 3.145337552136230077e-04 3.197312008462649315e-04 3.333137183328963244e-04 3.483538931443291419e-04 3.428756467646938569e-04 3.210628941457328205e-04 3.184849716321276831e-04 3.387526697117517111e-04 3.453602246514548960e-04 3.348537833100669568e-04 3.277662999402632246e-04 3.284562526946899078e-04 3.349087876480070104e-04 3.333574702834569796e-04 3.160834466947317570e-04 3.153881851278951065e-04 3.343628853566912211e-04 3.441148243476927198e-04 3.337959225325911293e-04 3.382845510982964484e-04 3.459278687073790316e-04 3.322226707107827758e-04 3.194083005437342972e-04 3.257151598222556032e-04 3.400312892141995431e-04 3.564254092992813201e-04 3.619289557551946270e-04 3.299745608024361957e-04 3.030040852669853681e-04 3.160140584149699508e-04 3.384163933357365065e-04 3.421219550587473375e-04 3.372978512927830852e-04 3.319892296852790248e-04 2.898163183449650043e-04 2.198501793334398666e-04
2.123067669970383879e-04 2.862856568498518546e-04 3.340988119282657350e-04 3.276906723310679366e-04 3.295744618620193998e-04 3.408410087829207729e-04 3.397310638552443517e-04 3.319004844524895076e-04 3.198302411547501462e-04 3.140866631886322534e-04 3.191013507224470898e-04 3.271200521146190154e-04 3.380836469075380445e-04 3.385818553128206940e-04 3.357475357526187106e-04 3.294409325778756715e-04 3.219178895620681191e-04 3.131805635922763975e-04 3.286038291029344310e-04 3.474370611787589184e-04 3.410273484735083360e-04 3.367637561887611456e-04 3.429236877470634784e-04 3.469109752654822207e-04 3.462715180616826290e-04 3.365447284967818149e-04 3.299092127321538075e-04 3.350228151571025496e-04 3.437631968923974277e-04 3.414512487363822882e-04 3.361749981137779992e-04 3.302353973124090591e-04 3.221626301076353088e-04 3.335781217066695467e-04 3.532021965213771311e-04 3.485415772732854437e-04 3.243269475124757584e-04 3.059999330774679878e-04 3.030782202755282059e-04 3.118043737711264068e-04 3.264552480528911792e-04 3.314396675480860317e-04 3.371159009804362275e-04 3.405756416018990759e-04 3.322238238554822416e-04 3.238508201208238299e-04 3.159371299483554286e-04 3.131691643315682332e-04 3.261706023384705264e-04 3.324775448600409506e-04 3.272480481226745005e-04 3.323058819950015807e-04 3.453178310886217376e-04 3.539396718644054196e-04 3.487040293973627187e-04 3.310350930470359280e-04 3.319957996484527280e-04 3.402689794474977858e-04 3.399263166042179379e-04 3.374154391795554419e-04 3.277052811288322029e-04 3.106168575689130669e-04 3.136999616699788582e-04 3.159069095509901013e-04 3.101933582243807173e-04 3.122115049901028581e-04 3.275142964296031897e-04 3.437005101014816767e-04 3.375096185732219924e-04 3.202570417720409113e-04 3.274834413674592316e-04 3.465151636785092620e-04 3.501832301817898118e-04 3.384290382610148618e-04 3.328258703663960604e-04 3.308730105258212372e-04 3.289932309045129301e-04 3.256296407282898916e-04 3.152126976345949938e-04 3.194741898684003373e-04 3.389608048124823038e-04 3.547115600780929119e-04 3.464374685266313411e-04 3.381285370176508195e-04 3.333700926714017903e-04 3.237910295158095866e-04 3.244552780582734782e-04 3.410718613287842035e-04 3.548353893772671509e-04 3.590268333875154929e-04 3.565895813997895696e-04 3.328466491640683436e-04 3.141727641305385073e-04 3.255285222633209734e-04 3.343770716923604499e-04 3.237424007229694738e-04 3.231207363606287053e-04 3.247027385464723603e-04 2.853216010469141178e-04 2.161512261058845964e-04
2.153917998467305944e-04 2.916595371756799081e-04 3.293876534367891026e-04 3.150610966446872594e-04 3.105473559677609033e-04 3.204829768511842781e-04 3.274282120732706163e-04 3.211305589100322795e-04 3.065823878575604268e-04 3.010047038587743314e-04 3.087152657854059330e-04 3.206349555844344775e-04 3.394179311502148284e-04 3.488923960352693096e-04 3.447549299057408017e-04 3.344969458692794839e-04 3.285888644313127637e-04 3.157925062220288829e-04 3.237661198568490177e-04 3.462930326659526383e-04 3.506542597952878697e-04 3.545760264364255327e-04 3.645775573393767333e-04 3.619340178613467953e-04 3.436022070924156253e-04 3.221472180662556493e-04 3.178400649352143299e-04 3.388988936851099849e-04 3.599613600184643726e-04 3.518544820180374323e-04 3.325039331823830360e-04 3.192459853253778318e-04 3.146329330796152198e-04 3.236500803344297345e-04 3.333402885545820333e-04 3.315556023184302453e-04 3.241518205546205147e-04 3.145008151486823329e-04 3.135896744710886487e-04 3.215460422807402434e-04 3.301472028778752342e-04 3.283281872769234252e-04 3.205800201818418175e-04 3.216532575716614059e-04 3.262468762280109182e-04 3.199357389091723796e-04 3.087575112975807158e-04 2.991993469412413537e-04 3.065966760186753545e-04 3.225183018888712599e-04 3.349955332258556552e-04 3.448503402688062481e-04 3.440922289691687643e-04 3.427571246226324294e-04 3.411017259028511876e-04 3.302501211835624567e-04 3.285483341724683556e-04 3.304669866483349360e-04 3.348222940795403694e-04 3.479651801615247435e-04 3.459368802759976323e-04 3.291898724517907391e-04 3.395726636472145557e-04 3.484787838056451099e-04 3.341065678284520397e-04 3.220876537174571005e-04 3.232461214462422922e-04 3.239069080046309010e-04 3.135435486714708360e-04 3.119747046004374760e-04 3.324171140872140672e-04 3.446139814212708730e-04 3.449979549850448095e-04 3.401559607647362945e-04 3.365090447224134622e-04 3.256139833466890031e-04 3.192183779275601426e-04 3.241590473626905630e-04 3.257903760166342344e-04 3.295767589260374013e-04 3.361852561967344213e-04 3.434991594850865266e-04 3.399158266437557127e-04 3.330965881531171486e-04 3.251408784605599035e-04 3.244035184392538929e-04 3.376382100790440268e-04 3.535458075143489308e-04 3.566432877786611649e-04 3.510593705388008424e-04 3.432612605332283247e-04 3.323171085493747804e-04 3.239067157757565354e-04 3.260124668665844903e-04 3.263624723645365544e-04 3.234016734343502929e-04 3.254918823509983820e-04 3.172954870918169579e-04 2.784965664234825377e-04 2.195968360627637147e-04
2.123410821197881885e-04 2.882112010044889008e-04 3.186887507806451412e-04 3.042924431532412688e-04 3.085780037985825413e-04 3.274281105696546113e-04 3.385490950794725618e-04 3.301413165645104950e-04 3.087875050407989865e-04 3.002179499227812520e-04 3.084265966992476207e-04 3.186428531132637918e-04 3.396525443477996578e-04 3.552928309161446996e-04 3.522986518030533920e-04 3.427766835632407188e-04 3.406093014771885549e-04 3.269011723020336362e-04 3.212990622325902169e-04 3.297017922104199380e-04 3.424670793536910979e-04 3.588019320916712709e-04 3.711295960151043938e-04 3.654987976040716732e-04 3.417362028924199693e-04 3.193858409289169337e-04 3.091303508126463646e-04 3.277024933691837514e-04 3.609573359484130432e-04 3.564860159146823748e-04 3.217407146729267878e-04 3.008308548888918594e-04 3.068687149918935620e-04 3.235486463223753934e-04 3.308063001055365623e-04 3.298614503068907121e-04 3.261407536085140710e-04 3.175455244032789623e-04 3.233914404531439764e-04 3.382804616644990493e-04 3.368188323019526316e-04 3.262711643974015559e-04 3.191112646774389976e-04 3.234217761632867511e-04 3.310388105907959531e-04 3.285298673580125460e-04 3.224570140854189811e-04 3.138464798935297574e-04 3.166101743350102334e-04 3.229941484149902089e-04 3.315469141219970104e-04 3.469458123318490102e-04 3.425580346725645925e-04 3.294524847157673502e-04 3.303637357704481163e-04 3.311976793866211596e-04 3.255043569791601595e-04 3.198817369923320666e-04 3.272042652572279596e-04 3.486616837992600549e-04 3.530943926596756934e-04 3.399638520995171232e-04 3.495578291758122272e-04 3.638943964550355446e-04 3.566380927121366295e-04 3.414948768775885731e-04 3.291814621789793376e-04 3.187091544249874737e-04 3.102163709693657261e-04 3.153159448588412181e-04 3.316280553423781854e-04 3.367135085815981541e-04 3.414806841239689719e-04 3.483424467343823085e-04 3.418882198844834953e-04 3.277637252924853715e-04 3.311076571575694363e-04 3.435624022667734955e-04 3.452211576485460665e-04 3.386249530672909834e-04 3.263006210839821124e-04 3.202463502018345958e-04 3.253780151294829266e-04 3.261088895060065330e-04 3.196848573895637357e-04 3.261812491942628670e-04 3.440707207484561747e-04 3.498027038628532246e-04 3.356003502244288023e-04 3.302343914289263774e-04 3.373346902159169792e-04 3.395579943695710467e-04 3.275503606286718017e-04 3.163722209670204915e-04 3.189034982819990960e-04 3.364003704043103506e-04 3.422797388171035455e-04 3.257134744328052606e-04 2.802163204234811664e-04 2.179335624368845706e-04
2.000389346542323578e-04 2.716998119491075871e-04 3.092858756746932024e-04 3.074029219897052539e-04 3.219020516511006012e-04 3.454988878408461620e-04 3.537053672939447727e-04 3.446397394723506942e-04 3.235964595754021447e-04 3.131255299601578244e-04 3.195452125938457572e-04 3.205206918122274328e-04 3.340208836837406338e-04 3.535448331530982851e-04 3.496904884088827218e-04 3.392114216450859950e-04 3.451048311380774643e-04 3.425455148476512545e-04 3.334916287737168996e-04 3.286969275949955640e-04 3.388907274310649313e-04 3.548268816848782988e-04 3.566724014689224946e-04 3.492444888341961770e-04 3.320934382511220176e-04 3.158433674251992116e-04 3.052412558335158713e-04 3.152892826691215721e-04 3.513419871996979879e-04 3.573513903977738968e-04 3.223650331585792565e-04 3.016338634198319321e-04 3.095317729458830136e-04 3.289725112440823000e-04 3.430744127071530818e-04 3.476899447698812359e-04 3.410029005335344331e-04 3.269161443497536250e-04 3.343671069897630969e-04 3.534920397837673818e-04 3.507219598823038686e-04 3.412948238207912772e-04 3.369902926946166015e-04 3.365745193099620777e-04 3.366977408017183138e-04 3.422615860182995416e-04 3.440040336647214774e-04 3.338895928081312249e-04 3.361404559118501192e-04 3.368313738483291937e-04 3.338582966368924864e-04 3.451409290766942325e-04 3.440876273741970545e-04 3.293522348669229889e-04 3.283655506734955770e-04 3.364556531710485420e-04 3.355307016702103323e-04 3.244070004317763860e-04 3.238045828623903159e-04 3.358843739556569659e-04 3.360367517507171836e-04 3.272404117882916344e-04 3.366534719770525102e-04 3.548109730280221957e-04 3.575257996973642402e-04 3.486968656534976787e-04 3.361449239921553839e-04 3.346023934901877321e-04 3.442756616752953988e-04 3.447485797249455388e-04 3.344618389125159335e-04 3.244933910390721335e-04 3.339366991291133893e-04 3.566800272618753272e-04 3.523134810346687353e-04 3.382954185014708497e-04 3.519553799386567492e-04 3.635025807505004006e-04 3.540272664525016951e-04 3.365603114885727448e-04 3.123173780663910173e-04 3.046718362755370031e-04 3.259007001898373782e-04 3.327986684610916360e-04 3.234539281672925036e-04 3.293288264121673652e-04 3.463954058215257910e-04 3.420258124333993427e-04 3.164786941778784026e-04 3.159262052473591582e-04 3.386827096421005968e-04 3.485493215353116948e-04 3.368635431521081595e-04 3.214318293201925492e-04 3.232342334239824430e-04 3.433196960875960083e-04 3.523168778410194725e-04 3.411647758198052918e-04 2.864921079739090638e-04 2.101130689885756476e-04
1.922007379514644853e-04 2.574286737567598859e-04 3.038929420979993813e-04 3.139990602039512265e-04 3.267833389052245000e-04 3.462803617559339362e-04 3.531757963943390989e-04 3.455658671207858081e-04 3.340587480743511953e-04 3.345377099522144613e-04 3.423081948466882526e-04 3.300283438923686885e-04 3.258843375188782694e-04 3.405830459022767594e-04 3.405997312556584798e-04 3.275231505838859382e-04 3.298052793301997220e-04 3.390317462799266905e-04 3.421954262444208347e-04 3.366045202661773665e-04 3.304406400603908519e-04 3.326671285658666438e-04 3.302964555472211444e-04 3.315482335343261861e-04 3.260536048997416552e-04 3.150466501606118499e-04 3.114273553017503403e-04 3.171509078418556027e-04 3.404720940420296726e-04 3.509260119726405921e-04 3.337405146208379273e-04 3.220245564060595376e-04 3.256731716377616855e-04 3.390627752294942060e-04 3.530445859888297288e-04 3.584946111420851808e-04 3.495122457058702113e-04 3.345307894126966532e-04 3.400141414796463857e-04 3.607146831160981280e-04 3.648172205037547144e-04 3.515345639452749447e-04 3.398707505635978560e-04 3.317671381292240521e-04 3.239511443974908743e-04 3.352375405184140466e-04 3.498057397240739489e-04 3.454989250132477121e-04 3.433914159569814977e-04 3.416918190267282524e-04 3.344767780656883764e-04 3.354681800841665534e-04 3.398253654857008197e-04 3.380750654116499647e-04 3.350215288829407143e-04 3.414387329031419904e-04 3.441631590846767246e-04 3.303616177843377282e-04 3.233369709751645520e-04 3.301913358925988610e-04 3.281282518131715649e-04 3.180264038860219650e-04 3.238379041467989846e-04 3.431709680416055439e-04 3.501921685016873590e-04 3.409518488803002360e-04 3.297733112324704617e-04 3.392368937753224454e-04 3.666744766053219333e-04 3.701300083833111167e-04 3.433967580275960321e-04 3.208027255607546753e-04 3.287929034684501780e-04 3.607423581680100039e-04 3.647831639606211561e-04 3.446594152848070662e-04 3.482567775550641934e-04 3.548798511760597584e-04 3.456511233769450956e-04 3.324810664654942178e-04 3.124167797887630058e-04 3.127337897491040469e-04 3.378245328224176126e-04 3.397350467690814723e-04 3.303293011552870429e-04 3.388507528850702834e-04 3.531493848300048611e-04 3.405556743136844066e-04 3.105010754363380851e-04 3.086649562346888143e-04 3.293392529481352013e-04 3.415756446786114876e-04 3.439725394542119926e-04 3.354936910360458444e-04 3.313872871901515872e-04 3.393414885417248721e-04 3.518466321517361821e-04 3.492717077173512047e-04 2.882823396287555141e-04 2.052330781161216492e-04
2.113347256969637367e-04 2.685271766284150858e-04 3.146309665219524125e-04 3.272059579898800325e-04 3.252585199172708386e-04 3.292591373623340043e-04 3.370823480248541027e-04 3.358374575465634254e-04 3.306210032026298570e-04 3.430054252153323050e-04 3.558870436498256054e-04 3.360054970025213921e-04 3.195147587280251409e-04 3.308361610498053700e-04 3.360864961190402527e-04 3.198465671912733730e-04 3.098182826948262143e-04 3.176185876818969417e-04 3.297779005013631035e-04 3.272602290731059234e-04 3.128218456205555855e-04 3.092845807216119134e-04 3.107509444972063480e-04 3.241700666659434174e-04 3.361628532264321996e-04 3.368187846545923989e-04 3.332615448817654192e-04 3.291766868073586327e-04 3.352515149088232133e-04 3.411758494325507047e-04 3.386376669906434114e-04 3.327629601871879075e-04 3.282344599870721429e-04 3.315229976402915600e-04 3.430813230252482233e-04 3.473377620254326347e-04 3.364701704689974883e-04 3.324583980981298133e-04 3.449276112911582896e-04 3.563663348690279025e-04 3.483284498890955577e-04 3.272692220343828367e-04 3.219345728319025833e-04 3.194816098320672087e-04 3.054599303346106228e-04 3.114936101753695754e-04 3.344244278947986360e-04 3.468430507470464299e-04 3.469105505882558388e-04 3.401782033308999769e-04 3.274517330740648637e-04 3.203704641034006186e-04 3.318356385765570266e-04 3.450440906800762123e-04 3.435708304370516629e-04 3.467031314566367721e-04 3.450437528302566399e-04 3.320854071689567839e-04 3.302635244525828893e-04 3.353227722619023070e-04 3.344928492325670083e-04 3.299004192574600709e-04 3.358613198244594662e-04 3.534219556700893185e-04 3.575615671782194846e-04 3.392079990602954367e-04 3.227567464780026186e-04 3.285217559064102953e-04 3.535533808406667229e-04 3.631304232999436280e-04 3.398845643706506232e-04 3.195003528329129656e-04 3.311504190778109726e-04 3.637117963624175937e-04 3.666707894939662260e-04 3.382928411168815682e-04 3.272148835723588754e-04 3.324426152371447174e-04 3.387202062364016368e-04 3.423494108572766245e-04 3.295226319435433458e-04 3.288505945728692351e-04 3.427734671394765077e-04 3.383651158274218491e-04 3.332193006533665106e-04 3.459017874313818929e-04 3.580108497966685496e-04 3.443707534880566549e-04 3.141437551803635190e-04 3.056215314041439484e-04 3.187545654581571092e-04 3.323315633516740666e-04 3.490835046343026930e-04 3.517530960381830534e-04 3.417471675626520058e-04 3.361065963300558347e-04 3.493396935370574790e-04 3.495440100748803554e-04 2.898789566945119463e-04 2.112595739514610833e-04
2.314595532387460960e-04 2.815351782304382957e-04 3.241640467273011143e-04 3.395379858309389076e-04 3.308914577495419796e-04 3.269184942224094060e-04 3.371327195826353640e-04 3.433731888851904277e-04 3.366349917463040469e-04 3.417730945496198921e-04 3.531027143179878386e-04 3.399769766472758277e-04 3.300052984998088235e-04 3.471095894597494170e-04 3.466452794152923619e-04 3.216452207870621502e-04 3.062906064402831055e-04 3.066539305540472767e-04 3.150842129811763496e-04 3.116291853235997897e-04 3.042297873820908331e-04 3.095994065186921098e-04 3.218008128239633172e-04 3.373189807150610525e-04 3.452221487885750030e-04 3.470607020296939812e-04 3.422118173714695875e-04 3.362238578242154386e-04 3.367184743510484145e-04 3.390019750520218865e-04 3.425316432824563597e-04 3.405617874969896772e-04 3.289584241298118008e-04 3.186786981508798544e-04 3.203610047248848895e-04 3.278801094342447724e-04 3.274938439403004458e-04 3.372093794397668142e-04 3.501470968617814879e-04 3.402835646988964027e-04 3.147017396713132614e-04 3.020059137855547575e-04 3.139778457478642178e-04 3.206726463244531948e-04 3.062770546120580214e-04 3.044314641214470847e-04 3.237959225416053768e-04 3.495887875279578999e-04 3.612936181955044967e-04 3.485690513406918055e-04 3.226812155735979903e-04 3.083538163978860689e-04 3.236687887915484546e-04 3.480033965394857586e-04 3.549704274744846545e-04 3.568714036307626351e-04 3.449411439563291465e-04 3.322752404948231520e-04 3.361218095085945863e-04 3.352585384703759891e-04 3.358891519189840884e-04 3.415345344132529083e-04 3.470868644336085464e-04 3.559189411946847873e-04 3.525723398419774741e-04 3.316644798353016611e-04 3.117662694059710523e-04 3.081407201842710931e-04 3.242634404640543718e-04 3.339524959651979374e-04 3.207170920858240862e-04 3.158631209509933559e-04 3.337560744340864927e-04 3.537450107655205640e-04 3.466066485665129492e-04 3.197238040606801266e-04 3.057559922547244602e-04 3.109029092059751014e-04 3.358366439105947131e-04 3.591986225842772355e-04 3.446349359717287451e-04 3.254500157215619877e-04 3.246034839712665142e-04 3.230189192599932160e-04 3.243381535187487901e-04 3.412105340802991859e-04 3.577411592815463561e-04 3.548756730727951913e-04 3.325765914037847855e-04 3.207764520125296667e-04 3.281712816277376093e-04 3.352511102411990965e-04 3.492988091149715852e-04 3.601981263591654773e-04 3.519731565606028061e-04 3.361658981754551035e-04 3.368271382757288043e-04 3.338528853314136368e-04 2.890885398156581645e-04 2.236235456364911185e-04
2.195897298056850020e-04 2.758583608743483896e-04 3.223299461314153977e-04 3.408816810042281250e-04 3.390660891858106015e-04 3.390542587889986770e-04 3.435953595994995164e-04 3.444867409909806730e-04 3.382643050972357910e-04 3.396221255831840787e-04 3.499700122404187600e-04 3.442597493450673049e-04 3.368082764675022845e-04 3.558557665476908016e-04 3.580022982568946107e-04 3.393889969953116500e-04 3.323803601439387183e-04 3.283087840522383102e-04 3.286475093568884268e-04 3.207606196097177124e-04 3.134035714642498032e-04 3.237322790674181236e-04 3.485291594580382278e-04 3.566394634193445230e-04 3.407630976894454036e-04 3.271099749448482300e-04 3.226517656837240232e-04 3.325617203911304188e-04 3.455218729772526615e-04 3.434627485793787134e-04 3.382366317034692701e-04 3.366569303981826067e-04 3.290169832045475177e-04 3.193530531797600510e-04 3.122712234823822640e-04 3.183363470944617973e-04 3.257478637959049586e-04 3.381897699101688460e-04 3.443445998941646255e-04 3.252505938024052141e-04 3.044584280156506636e-04 3.053007661095681396e-04 3.177957645657215544e-04 3.275654405030043381e-04 3.259542523033256284e-04 3.265950312720399158e-04 3.384399525461172361e-04 3.577333679576344665e-04 3.657898201664343783e-04 3.521741666808477465e-04 3.253926456985256578e-04 3.061433707253212498e-04 3.169769596200864735e-04 3.423439672922186524e-04 3.563527890499184952e-04 3.585921223276523732e-04 3.437095308374020150e-04 3.335508061475081802e-04 3.376771452042723115e-04 3.373021813882243094e-04 3.468733503181028522e-04 3.512043856650550475e-04 3.374216325611555491e-04 3.312005070353654353e-04 3.314598339972797507e-04 3.251687638873951530e-04 3.111811465583705838e-04 3.022480875121472382e-04 3.091360693677470636e-04 3.129442469737891887e-04 3.095387374252279132e-04 3.205387680928220790e-04 3.421980690392771086e-04 3.494072180849653805e-04 3.324215803750908216e-04 3.069215160817111501e-04 2.937473233457067279e-04 3.011687247671970911e-04 3.372856765117083545e-04 3.694269843246856264e-04 3.564272091180694128e-04 3.283442707546177812e-04 3.152233376082970049e-04 3.134769090540371565e-04 3.180718716535762603e-04 3.342109667928780002e-04 3.523746073391867796e-04 3.616191282282214250e-04 3.499744631031701447e-04 3.350261656876606271e-04 3.340308039018475682e-04 3.344670820701644881e-04 3.386428903290516958e-04 3.487042546334890181e-04 3.432137829513499483e-04 3.248645249925296045e-04 3.201317784775570231e-04 3.186421065987957656e-04 2.843839435674663796e-04 2.222823053310167335e-04
2.013490378729910113e-04 2.698766568291276029e-04 3.221734745862131900e-04 3.366578026376383995e-04 3.391818017896838311e-04 3.381655259269521880e-04 3.281749436886916764e-04 3.214340747580359155e-04 3.236538404042164051e-04 3.304113968144112637e-04 3.391928598328323627e-04 3.374590442863238714e-04 3.316101798716437617e-04 3.448660809797355459e-04 3.498487431719062729e-04 3.405520338909941115e-04 3.437980667243774107e-04 3.451252741967571506e-04 3.411168254430786131e-04 3.345380652857997709e-04 3.331952092374501715e-04 3.461363923048419670e-04 3.652485791586674050e-04 3.575959843332110174e-04 3.280364820108824624e-04 3.083832941792310697e-04 3.092475392490105324e-04 3.367494272357461410e-04 3.618993272846073462e-04 3.510750821939418202e-04 3.311243503303635920e-04 3.223448460247606263e-04 3.153898888510237204e-04 3.179409433962078414e-04 3.157046887204652459e-04 3.174802409140263341e-04 3.223233054754826477e-04 3.229091407084845448e-04 3.221409207331017970e-04 3.186262510137398180e-04 3.215683814963968051e-04 3.220596567496019952e-04 3.163087799363209929e-04 3.287675351165378779e-04 3.446754787888844777e-04 3.480074250799036805e-04 3.514794297522711233e-04 3.526732587522801981e-04 3.434137767411553225e-04 3.360482871606524941e-04 3.275949109525478319e-04 3.148332797057708460e-04 3.216222623212600150e-04 3.366575935512678948e-04 3.424909727372530332e-04 3.453164539698537049e-04 3.447885620212015026e-04 3.413622756907550579e-04 3.398543172076149950e-04 3.384971428365843521e-04 3.514133356926172225e-04 3.532955208215748846e-04 3.281785896741967745e-04 3.140667218268289383e-04 3.235888527206293294e-04 3.324589163031006094e-04 3.256901494256383197e-04 3.189603425408859779e-04 3.227006504906352441e-04 3.218724744425826168e-04 3.197418289687115056e-04 3.260827025652084836e-04 3.406976203304535027e-04 3.472932160282735407e-04 3.372347002935268930e-04 3.212371095170458643e-04 3.147186853628873918e-04 3.231402132893140800e-04 3.477698352274170108e-04 3.664032711599352261e-04 3.600270436004521474e-04 3.423468004616662345e-04 3.272632854358574050e-04 3.235405492664954414e-04 3.303392322911078132e-04 3.389815985591042714e-04 3.431490318113375850e-04 3.529694473757209565e-04 3.522762288676430987e-04 3.398494781421816961e-04 3.329093670664702033e-04 3.341613233473076164e-04 3.363975630287524164e-04 3.374943529127140580e-04 3.269424342361710971e-04 3.150890274935485126e-04 3.269287931316639537e-04 3.299402754168014821e-04 2.825245023411736300e-04 2.088596252995371524e-04
2.105567528834387334e-04 2.759925188306037742e-04 3.250609161993848681e-04 3.340265020556258766e-04 3.361826047949571447e-04 3.278742726022420206e-04 3.059880154588590041e-04 3.056097866803663375e-04 3.237818520696857322e-04 3.302337761205242743e-04 3.263269527367732015e-04 3.248417416118732325e-04 3.315324195397356308e-04 3.429095706175666180e-04 3.381917614068762437e-04 3.199425610653031929e-04 3.211331361713698918e-04 3.317108360421539980e-04 3.312713934049703367e-04 3.326474459443697984e-04 3.394312860309307758e-04 3.487129456006302867e-04 3.534215647148708159e-04 3.441321886112009079e-04 3.225815009027160679e-04 3.074452645542549625e-04 3.132977924496195749e-04 3.470114114751183436e-04 3.737704083452938249e-04 3.578749135633443271e-04 3.379275128955064669e-04 3.287711041618681502e-04 3.183618095235968889e-04 3.227594281775667440e-04 3.209130169122076728e-04 3.183770220467017627e-04 3.235189897084440121e-04 3.196874337755324516e-04 3.156795624259560928e-04 3.253726813343613133e-04 3.401378519894164218e-04 3.337386032899211478e-04 3.186411334079727528e-04 3.312680476529737575e-04 3.496556471376584957e-04 3.494797882996964942e-04 3.449600870127198416e-04 3.344092726637153666e-04 3.181214834322153599e-04 3.177007357386211475e-04 3.250862418024298424e-04 3.271343054287431445e-04 3.346705595942557187e-04 3.337986925015748603e-04 3.244377281444196619e-04 3.254152563478993564e-04 3.396667928606396337e-04 3.459154398427201045e-04 3.431462084061978005e-04 3.355851197463650655e-04 3.349691644645266982e-04 3.384036443777514941e-04 3.279560762671903870e-04 3.200584926228708989e-04 3.287218638596449221e-04 3.385753501992131917e-04 3.338750262750065007e-04 3.278717868892658564e-04 3.323481803179622186e-04 3.349849658738023018e-04 3.339962819352614650e-04 3.295926611561601728e-04 3.346153678972609621e-04 3.441545152483961394e-04 3.458535516704620491e-04 3.414319564659352123e-04 3.447786183477550637e-04 3.506815188190846302e-04 3.479634371934841762e-04 3.446028005905404272e-04 3.471983264068311480e-04 3.466539302393119477e-04 3.334660201206290486e-04 3.228065712109184351e-04 3.293645667973394905e-04 3.338505468741896610e-04 3.299760152609245226e-04 3.378849313087568850e-04 3.430718480667324763e-04 3.408511053528119573e-04 3.381946533401272736e-04 3.398707752906496423e-04 3.446929597096139294e-04 3.413687172046679305e-04 3.256708203556602107e-04 3.212976232944274205e-04 3.456182297063555096e-04 3.428212779463285400e-04 2.784406027829935200e-04 1.990581792826626943e-04
2.267362705837988623e-04 2.766739463769803749e-04 3.153008627790643585e-04 3.255812405588238631e-04 3.356633815243446569e-04 3.275449454241953452e-04 3.044626682424290834e-04 3.081334954697394950e-04 3.314377998441587515e-04 3.387090400130991427e-04 3.341111520463250746e-04 3.317369070728162827e-04 3.352689836289222936e-04 3.414994370339129561e-04 3.302841618163006180e-04 3.066338474888933565e-04 3.078614315681083837e-04 3.229568840914453457e-04 3.260860760720464026e-04 3.297766252631568378e-04 3.346114749376399551e-04 3.373751165313949949e-04 3.367806502488721737e-04 3.390036025785719939e-04 3.341105258133574116e-04 3.297954420670152868e-04 3.297364816510925606e-04 3.425581358627361774e-04 3.597099561207068533e-04 3.542223282230462468e-04 3.519418338031762806e-04 3.497407772848942949e-04 3.347927060832306097e-04 3.324499272097398831e-04 3.289753068951156169e-04 3.221438718207371259e-04 3.243366171940792572e-04 3.250755581290095623e-04 3.260637876281334752e-04 3.351842444340713263e-04 3.457502052002735227e-04 3.426138224793246314e-04 3.356546404202364361e-04 3.408145802183715515e-04 3.432019223222317278e-04 3.394460996425228321e-04 3.380036340962703058e-04 3.307131731892566672e-04 3.223660992836657442e-04 3.239823146434270924e-04 3.298751512350129385e-04 3.354841058104180871e-04 3.418837315420663095e-04 3.350222517507146541e-04 3.196158679877232362e-04 3.123755214618004336e-04 3.224020922069002716e-04 3.352577711174404554e-04 3.393757402557723117e-04 3.322360336693068938e-04 3.247236213976072670e-04 3.321454223235888051e-04 3.363918348080409577e-04 3.322783324535423760e-04 3.294841292223060921e-04 3.321071275418299045e-04 3.294492586988599647e-04 3.215468098624398876e-04 3.244448129515463712e-04 3.291689913551544512e-04 3.292802781538924344e-04 3.276956433525750161e-04 3.323076052227516911e-04 3.398275592642117753e-04 3.443833103998511936e-04 3.442854135349685853e-04 3.543725447739953793e-04 3.595936660685131268e-04 3.351255763392531513e-04 3.158842905666340672e-04 3.282311015458490495e-04 3.482743778252129357e-04 3.446534987059553246e-04 3.246456105508618547e-04 3.214480186208271053e-04 3.231971934537473815e-04 3.261591067306259840e-04 3.356778569207400330e-04 3.350026842427975557e-04 3.339425683448225346e-04 3.364791826605705223e-04 3.408322602637392225e-04 3.461864027477899882e-04 3.389046004461501640e-04 3.212339311256004297e-04 3.201440341379913328e-04 3.434701152284296249e-04 3.341351318623964886e-04 2.702320152327411453e-04 1.969432087457279935e-04
2.205628588621814001e-04 2.640912417739927969e-04 3.017923058223098047e-04 3.257742502087333726e-04 3.496206324330353339e-04 3.468942262273561191e-04 3.298694311648852576e-04 3.246796805218367171e-04 3.314853207876923774e-04 3.376587815328631770e-04 3.431503127142652011e-04 3.423109021080958186e-04 3.355055644057188240e-04 3.394953857157701838e-04 3.352919536789345824e-04 3.211948216156033670e-04 3.271662024147123154e-04 3.370555482597575305e-04 3.278671837186657384e-04 3.205413495258719291e-04 3.285585609578323303e-04 3.398754805314625023e-04 3.410364166844984482e-04 3.414514806701025103e-04 3.365431790053212196e-04 3.409635095119447961e-04 3.382943492148770648e-04 3.232193760703541349e-04 3.207575966933225923e-04 3.296733709290785761e-04 3.434133675444387725e-04 3.460658716387747221e-04 3.315164555815023348e-04 3.238703590167076127e-04 3.253240455896154069e-04 3.316021013602654102e-04 3.358867347574081576e-04 3.323109842537256631e-04 3.333580097725735540e-04 3.399337906086982459e-04 3.499940877469361381e-04 3.560865840847111854e-04 3.530523389154022196e-04 3.471343017106232011e-04 3.368295395866288742e-04 3.313506435232529187e-04 3.341754342858467910e-04 3.358460463803206956e-04 3.382179802519029552e-04 3.382242536452904598e-04 3.395775008425372344e-04 3.468670458511183101e-04 3.502399377168763893e-04 3.419571030863654995e-04 3.288134772315797318e-04 3.174953375024634717e-04 3.154995817962997313e-04 3.231576681680759042e-04 3.287704882234789364e-04 3.255970296671551866e-04 3.197502556567689684e-04 3.278281307061138529e-04 3.356018351801877452e-04 3.349749910993380514e-04 3.274874463316339280e-04 3.193414752119789839e-04 3.171649899181222879e-04 3.184095628249561491e-04 3.262769574228813370e-04 3.323897838301843985e-04 3.299940770289559256e-04 3.281823516568389528e-04 3.288638284457000467e-04 3.267444138122007203e-04 3.312007935581823010e-04 3.388671861607407058e-04 3.469573889973682308e-04 3.488262398048602112e-04 3.259272406122662208e-04 3.105167584563441096e-04 3.272069432045648235e-04 3.559462031011705356e-04 3.704346179451091970e-04 3.528613680116406874e-04 3.374193196982703418e-04 3.300668093566502836e-04 3.288028632229963392e-04 3.319656556413420369e-04 3.291925197999584626e-04 3.289584584165176537e-04 3.313370539644434985e-04 3.312168382368451238e-04 3.330087300757843130e-04 3.315744140358863664e-04 3.261774611856561564e-04 3.266614152964605325e-04 3.408045274517594592e-04 3.264015950856049056e-04 2.694087188244919068e-04 2.087783310442443572e-04
2.157733455759128249e-04 2.649589593287139406e-04 3.073553822475128179e-04 3.418443027941468542e-04 3.691817807898544845e-04 3.637338533715563441e-04 3.457220922401121627e-04 3.337685152181855183e-04 3.280254284227857096e-04 3.250360147002063398e-04 3.315359966980121987e-04 3.415440793218430882e-04 3.414412439691861070e-04 3.405370999843796852e-04 3.352011587659049145e-04 3.300353397578561880e-04 3.418413161531096145e-04 3.503450781891480890e-04 3.284766815168701907e-04 3.084349205008626079e-04 3.209136289940833081e-04 3.423473487130249343e-04 3.505901197707363137e-04 3.500840697274856849e-04 3.340742607945805520e-04 3.225523902615395400e-04 3.139001573713086791e-04 3.013476548214831020e-04 3.004076068933554883e-04 3.086186599039414738e-04 3.157432375012762978e-04 3.225997236873089915e-04 3.201295083316953649e-04 3.105356416065878670e-04 3.123668004082857767e-04 3.326642518774237966e-04 3.460534079742889294e-04 3.396485603211355842e-04 3.361383039590263916e-04 3.401054995233992583e-04 3.487802619378074136e-04 3.569855728338806834e-04 3.514006110143024983e-04 3.366114262028240705e-04 3.261944226908759271e-04 3.248266376824575754e-04 3.264963275800622099e-04 3.330188046263323886e-04 3.410213665270073668e-04 3.405714343984717995e-04 3.402916574683671281e-04 3.490600124415988532e-04 3.515792916138029594e-04 3.453973794604785555e-04 3.422580534539046752e-04 3.384770799255075154e-04 3.274226481215685228e-04 3.237096407034648245e-04 3.286754863670112337e-04 3.256313884825101580e-04 3.162721402047820123e-04 3.217889415730890721e-04 3.309933571338613502e-04 3.388475686110853846e-04 3.382241280132358956e-04 3.246395239151532246e-04 3.202301560214952723e-04 3.263450085980526289e-04 3.291041834148157640e-04 3.291294285887890782e-04 3.304617290883155381e-04 3.353540590386508684e-04 3.361672794703275853e-04 3.251057241810107433e-04 3.285732045015605151e-04 3.451349019780503881e-04 3.419162765164179959e-04 3.349977115991816163e-04 3.294407861411146254e-04 3.312037996279229243e-04 3.391035595919140349e-04 3.470764860675055086e-04 3.600849773684438714e-04 3.536562729277664772e-04 3.476523929373059006e-04 3.463967107328241651e-04 3.376731455219408829e-04 3.271949110514113393e-04 3.293494405797456944e-04 3.384036190637277220e-04 3.387341805405801390e-04 3.246573903207365663e-04 3.240230755135571562e-04 3.408782538466469613e-04 3.521202593650468379e-04 3.445948083914135299e-04 3.411400071236049590e-04 3.238610576680368445e-04 2.737645621024239226e-04 2.238514499835584531e-04
2.173413260235517071e-04 2.768938764524520708e-04 3.192205453424223124e-04 3.461970889509472676e-04 3.630756062306263838e-04 3.544999060932650702e-04 3.379076677664048095e-04 3.288477818316253238e-04 3.282891182314629777e-04 3.209942982451484232e-04 3.262450170533769036e-04 3.508528580962755892e-04 3.570457456530781357e-04 3.406225516837589032e-04 3.232740038568126238e-04 3.229851064549260631e-04 3.397432614049336586e-04 3.456474750386708135e-04 3.189848787537605344e-04 2.980943955950270010e-04 3.138580829635279502e-04 3.390175915487873273e-04 3.524973007369250648e-04 3.537930314979275629e-04 3.352803524473188090e-04 3.120493531821919410e-04 3.015969177842283940e-04 3.095185080335452455e-04 3.207451543741919164e-04 3.147819762371844416e-04 3.029645839283870564e-04 3.087743984077352373e-04 3.201358220770061155e-04 3.196532945312753832e-04 3.210567200158618304e-04 3.360850796027247127e-04 3.473240616160262295e-04 3.442648226876896152e-04 3.396738630443230447e-04 3.388121447686881071e-04 3.401390489612336580e-04 3.422938187069415666e-04 3.356923788284940299e-04 3.192149973336352300e-04 3.141315398049281788e-04 3.235034158126099801e-04 3.264069308888340121e-04 3.273307749242186236e-04 3.269886389224843171e-04 3.251390937459408114e-04 3.252922251025464409e-04 3.297743358406044758e-04 3.382209383442703107e-04 3.454820783507901944e-04 3.505099378923821267e-04 3.480960465442415469e-04 3.300569025476652522e-04 3.236531988037250280e-04 3.385327315948797331e-04 3.396094495762390234e-04 3.223184131776628053e-04 3.184365599492810193e-04 3.240885725720688503e-04 3.325949199059394755e-04 3.377295658172692772e-04 3.319864337611923722e-04 3.321621081784417858e-04 3.384490233446517306e-04 3.322860337086617263e-04 3.225164265548307501e-04 3.245494286765376662e-04 3.366966941854046243e-04 3.439382901250394569e-04 3.351840198179669643e-04 3.354899465013845518e-04 3.501644238810717666e-04 3.423090447685720470e-04 3.321683966940538893e-04 3.313063334216384591e-04 3.440889855572266932e-04 3.465884079832973154e-04 3.261312277012169973e-04 3.201462493091535564e-04 3.224400252001387518e-04 3.355482239898881810e-04 3.502250387955167278e-04 3.454275862337175332e-04 3.288526906617998073e-04 3.299679600271382103e-04 3.448617384809719204e-04 3.463047743826192502e-04 3.289681753353852745e-04 3.270116127352850808e-04 3.409435200676520479e-04 3.470414258925720499e-04 3.339942154392837098e-04 3.248415571543200511e-04 3.196343082640316609e-04 2.832629444822912582e-04 2.331095581685534851e-04
2.155273066541983705e-04 2.800710899490524474e-04 3.173734112774260411e-04 3.351212807902156964e-04 3.476197563617137868e-04 3.459267766343207453e-04 3.412096978243079194e-04 3.366421801133204781e-04 3.321490949337614347e-04 3.218740365711218244e-04 3.309800389380501912e-04 3.547213892270877425e-04 3.536611009492601418e-04 3.337928307109296966e-04 3.178739008005299635e-04 3.247718681399009615e-04 3.462176685767739221e-04 3.449925013642581809e-04 3.153604769632263908e-04 2.992150100658342617e-04 3.121749619760050623e-04 3.309779190699277331e-04 3.383403665530888968e-04 3.384844238443760530e-04 3.301022266884777543e-04 3.203019300771737469e-04 3.242109388577713806e-04 3.438638278930598500e-04 3.526650494807824802e-04 3.402174670781164443e-04 3.234234981361663592e-04 3.175730692129071376e-04 3.254341889959427988e-04 3.349713623381328476e-04 3.446076207379884923e-04 3.564385549010479540e-04 3.563096225028282763e-04 3.432842442899792113e-04 3.373053337989638219e-04 3.374627988392902515e-04 3.374651266500252201e-04 3.356822995137750173e-04 3.313254968551583514e-04 3.225513656155634548e-04 3.190868120094988124e-04 3.281154929322998215e-04 3.310998031680874396e-04 3.250402892008569114e-04 3.159446515723960498e-04 3.111891769374998265e-04 3.112992805669720689e-04 3.148730984645175916e-04 3.336304734343417677e-04 3.499290615538415221e-04 3.479896226111971278e-04 3.333226459518249521e-04 3.132257104530959679e-04 3.135972549926733383e-04 3.406613272590719704e-04 3.505720038062460665e-04 3.337127820541125559e-04 3.211241518504296885e-04 3.170573662818122100e-04 3.211957692503977866e-04 3.288730407111786574e-04 3.313524434233587222e-04 3.305423019669355813e-04 3.290467826029745517e-04 3.279686943111963064e-04 3.316929140928199593e-04 3.335537237064372762e-04 3.346240035433799449e-04 3.368979331613621573e-04 3.341987184110440474e-04 3.356598315980375896e-04 3.497856102262340448e-04 3.528762350447501705e-04 3.470366013640924230e-04 3.354202802391595796e-04 3.422694205515519963e-04 3.420340703751404603e-04 3.114155373360166638e-04 2.987070386416360046e-04 3.133080228427115982e-04 3.387232661047418414e-04 3.599624314976506735e-04 3.575114608841529172e-04 3.385730124159399114e-04 3.310575676034594036e-04 3.392894445831617315e-04 3.422167200349437825e-04 3.337881494506798148e-04 3.326472821750826045e-04 3.307830490033511484e-04 3.205803885541648598e-04 3.070871993690943631e-04 3.066871817484168126e-04 3.201223971477987467e-04 2.947504789544703042e-04 2.324687864339579108e-04
2.218866184335503244e-04 2.803989291363606314e-04 3.126560696083935083e-04 3.302948854983906693e-04 3.454924980624542673e-04 3.517735389265157133e-04 3.548921802993784983e-04 3.489570385117275525e-04 3.336911211620366760e-04 3.238695738369228158e-04 3.348669129368708102e-04 3.453899447689867674e-04 3.397669722437377470e-04 3.326119152557196470e-04 3.258994678226324578e-04 3.311655943981015038e-04 3.492392233048960534e-04 3.493858672484146462e-04 3.306361089735141692e-04 3.221001097333520396e-04 3.275183917063575123e-04 3.323786061678142209e-04 3.284092856858918737e-04 3.275722504746190599e-04 3.265962957372126746e-04 3.248098078536340453e-04 3.326154045503785747e-04 3.500289089713981539e-04 3.552271332124229235e-04 3.528192265148045103e-04 3.489693014479810780e-04 3.361178252655190428e-04 3.320792332944684771e-04 3.379239127098718838e-04 3.448054872551472574e-04 3.528340175582007194e-04 3.470835040700977116e-04 3.290526884947152664e-04 3.323140120026497999e-04 3.381857033307194725e-04 3.290593203825502777e-04 3.216671914757954329e-04 3.242990020242588595e-04 3.293476436054963881e-04 3.311582019744706935e-04 3.330632503056400176e-04 3.311366997324921590e-04 3.241777856984019387e-04 3.185616972775737622e-04 3.146169503889112169e-04 3.112379704859906306e-04 3.144191649811054639e-04 3.369192262015394644e-04 3.535810751765129114e-04 3.431128659775252747e-04 3.175803059571172043e-04 3.011047478026436562e-04 3.118381800970457750e-04 3.398417006468283305e-04 3.468292992140533781e-04 3.368289603641756160e-04 3.298604324858376863e-04 3.261535699012824488e-04 3.291446784175968039e-04 3.333912103724171795e-04 3.329603726506092471e-04 3.271572864637672159e-04 3.211995820214402515e-04 3.253714416521759031e-04 3.451060220324348219e-04 3.504864352579533824e-04 3.365074924025909190e-04 3.255837487229290366e-04 3.190689292586768315e-04 3.213950743213175821e-04 3.427725544459263220e-04 3.553604376532909807e-04 3.468377518257697309e-04 3.246081048573473530e-04 3.268823608979242487e-04 3.343340477813107423e-04 3.172022659140902702e-04 3.091489343798087437e-04 3.301571457720651852e-04 3.553818975464834704e-04 3.689087510062795568e-04 3.624506436290560315e-04 3.446112326914508358e-04 3.324810321215959956e-04 3.313556411381576210e-04 3.387173510320796955e-04 3.405127855763138067e-04 3.411989662417618625e-04 3.327084342457684940e-04 3.146031307845610202e-04 3.007814926291747229e-04 3.062563730965132958e-04 3.216311628405143586e-04 2.899802534590521525e-04 2.147770193960358372e-04
2.369951512810457045e-04 2.873400746406120200e-04 3.199824385189829670e-04 3.355305274087042825e-04 3.402999441179156443e-04 3.415897676993218633e-04 3.428441777288326539e-04 3.408097621723523265e-04 3.329416093314365539e-04 3.324476145842628592e-04 3.379191557019584351e-04 3.347695638132985180e-04 3.348232950165577759e-04 3.453876378418293809e-04 3.413793202677445609e-04 3.276457504650292563e-04 3.324272927742675512e-04 3.468187249774424847e-04 3.474378760744684775e-04 3.406833800448079517e-04 3.393383720144313681e-04 3.344158091050473004e-04 3.244808604336959557e-04 3.248038281162686199e-04 3.258644216633981906e-04 3.216439177466376203e-04 3.209456142566172480e-04 3.328888728918194691e-04 3.370628863317615717e-04 3.378387474954069078e-04 3.420263753860622357e-04 3.351338715461138072e-04 3.299138166030556128e-04 3.279531313443138658e-04 3.238656982243810940e-04 3.271830259919417680e-04 3.290356481815962702e-04 3.196105522369681881e-04 3.272121668020947709e-04 3.336482092065109215e-04 3.172529792016224193e-04 3.063237335618058097e-04 3.120384621792936936e-04 3.251666572908499999e-04 3.370400466267078508e-04 3.357730266134129017e-04 3.273963758977306744e-04 3.223810275618724372e-04 3.228058861323698575e-04 3.244253368536035350e-04 3.199790929156605922e-04 3.183949015293808258e-04 3.353665425573381146e-04 3.518666222242101396e-04 3.446527856644691717e-04 3.201008570581757601e-04 3.071985668220761551e-04 3.222582122655234804e-04 3.427471886425114593e-04 3.375523236115269220e-04 3.273321561458895695e-04 3.280133280419085702e-04 3.380030284666290337e-04 3.522762435724460664e-04 3.539578415134257954e-04 3.394022220021592645e-04 3.231522639682106240e-04 3.200227369399163643e-04 3.297550365197467973e-04 3.497596974386269755e-04 3.572374458914696839e-04 3.448925370727181847e-04 3.267622437453224552e-04 3.109341123164788322e-04 3.080595028471209973e-04 3.287318407216538278e-04 3.407312869632419475e-04 3.277609458525411121e-04 3.016797900954503375e-04 3.037362799802424207e-04 3.274011251793858507e-04 3.378692588986409971e-04 3.375753895403519125e-04 3.478236593381327365e-04 3.536703530890025282e-04 3.472893339757887306e-04 3.365527128559063020e-04 3.264766487474370874e-04 3.206732064138113339e-04 3.234426073619648778e-04 3.391749214895839405e-04 3.452192428913653487e-04 3.432786425469363145e-04 3.329315353762245418e-04 3.191886053035600766e-04 3.107675547336542906e-04 3.165871561981555482e-04 3.199214346141571923e-04 2.782481871033194742e-04 2.034690680140692433e-04
2.433541337992460845e-04 2.906556252192341473e-04 3.288989515530521676e-04 3.360289956821126481e-04 3.251869041497117379e-04 3.220647448515312006e-04 3.257916322269696413e-04 3.330623925973984559e-04 3.356502005242965490e-04 3.376421438259525351e-04 3.318488642347272783e-04 3.220643070552602853e-04 3.354238810251634721e-04 3.649172425521095037e-04 3.570151041032667205e-04 3.194428652837689206e-04 3.115839087544580114e-04 3.424725222332046211e-04 3.588121396629249081e-04 3.415088354613041123e-04 3.302749567588563612e-04 3.315379340271489938e-04 3.311897169940692222e-04 3.302522899837701323e-04 3.276671533069159549e-04 3.227858919756741154e-04 3.167191163132423775e-04 3.223264809032247978e-04 3.249275779657444111e-04 3.242958369575001023e-04 3.291541560588220200e-04 3.321765586467962479e-04 3.271006634752234195e-04 3.123665039081339806e-04 3.018402989941153247e-04 3.063098558321221822e-04 3.197147044082624821e-04 3.264852672507987503e-04 3.333384144957656447e-04 3.301081488782474762e-04 3.181434828894039255e-04 3.164793740182501175e-04 3.220007948417491885e-04 3.368356774951040272e-04 3.526656282625233846e-04 3.502189191896847758e-04 3.414223347867076592e-04 3.404280099313264189e-04 3.404676047860658505e-04 3.426795605398609231e-04 3.335223849926625831e-04 3.165116941298846531e-04 3.171394160955542528e-04 3.296161354788641534e-04 3.345500887503266140e-04 3.322335853416776095e-04 3.331930083550320183e-04 3.399783905800587503e-04 3.434354359646905712e-04 3.310254611540992646e-04 3.191164161082121623e-04 3.230956406076053965e-04 3.404421483474195714e-04 3.607177619938848018e-04 3.596901976782537237e-04 3.328605936387731565e-04 3.106655993582853412e-04 3.138563081995470990e-04 3.279922373665367314e-04 3.389999182649449153e-04 3.476553951373740920e-04 3.529253206988852264e-04 3.431545915531725773e-04 3.270446525905147976e-04 3.171201695534880028e-04 3.215885993120078286e-04 3.262943396304914044e-04 3.196400940033678568e-04 3.033667550715476134e-04 3.077342199864431700e-04 3.345652197184160884e-04 3.540564237231781262e-04 3.584666817865328763e-04 3.541529440612798275e-04 3.401674006322341452e-04 3.255036946864866025e-04 3.178641697546888802e-04 3.130342526120929308e-04 3.131079963282127178e-04 3.240033299325842994e-04 3.410221094001027620e-04 3.466484742896612211e-04 3.428624069315556024e-04 3.310720855152229046e-04 3.221252794162316174e-04 3.264627545465239688e-04 3.417610544443840017e-04 3.320433183245651313e-04 2.759633351587914541e-04 2.052525123196904206e-04
2.340445637384952948e-04 2.882349920501626724e-04 3.323708863078975347e-04 3.329553445766659874e-04 3.173287331753836538e-04 3.197539107654597803e-04 3.327801809369617791e-04 3.464560575473404056e-04 3.492164097359931390e-04 3.407732380504133098e-04 3.227221888693467076e-04 3.121875491428521333e-04 3.340891953304476504e-04 3.694583716756610317e-04 3.588263681170264681e-04 3.165137076846394966e-04 3.066791185998689350e-04 3.422014332423537614e-04 3.625880723057991030e-04 3.336530877767583539e-04 3.162263765962147885e-04 3.306313103524322972e-04 3.437917583432292248e-04 3.411069981410620820e-04 3.330551683258346773e-04 3.295216752098467389e-04 3.244649554308100996e-04 3.250798759989764102e-04 3.277620149381638213e-04 3.305212009405333797e-04 3.322224739013472736e-04 3.371560342230889577e-04 3.315598191880501726e-04 3.087690437177023888e-04 2.991584709524205054e-04 3.036934584349706024e-04 3.165757765054234753e-04 3.358830476717213705e-04 3.440807527017410226e-04 3.283264170230444472e-04 3.222089220376447372e-04 3.291457241528514873e-04 3.369932476033875041e-04 3.578613394620071232e-04 3.699388984295795871e-04 3.655920511444663533e-04 3.562243884642562423e-04 3.537105889449889957e-04 3.532920091516080245e-04 3.539474886290974341e-04 3.433489561488913379e-04 3.198709291547733972e-04 3.075045838164051611e-04 3.096315368146700716e-04 3.179427078711789768e-04 3.347096533781831378e-04 3.523696907955769912e-04 3.552645989556669570e-04 3.442117267070433115e-04 3.280690055521891940e-04 3.183026559220807181e-04 3.252188249371729904e-04 3.372375335707841239e-04 3.432327564870952521e-04 3.350997554432328697e-04 3.173689621349188835e-04 3.122632268741773920e-04 3.234953195571533408e-04 3.323898134395625531e-04 3.282482770210406065e-04 3.315652049530910393e-04 3.470121345409304297e-04 3.507726620630747822e-04 3.477680727629664775e-04 3.415953583875935124e-04 3.345677160602225338e-04 3.333624025832871525e-04 3.349471652926266354e-04 3.295513058695824591e-04 3.330354679574761261e-04 3.459787380688329793e-04 3.484485885604213283e-04 3.491734425568292222e-04 3.467822999025369553e-04 3.368828851518558824e-04 3.247215970236786331e-04 3.172914889534467230e-04 3.222751817162749621e-04 3.282173998061060872e-04 3.321348920537512761e-04 3.395538865265409047e-04 3.474057374596049505e-04 3.460293818828538747e-04 3.328326053885209712e-04 3.217120700685628079e-04 3.355332980827489689e-04 3.609363569651108600e-04 3.384245613503671611e-04 2.677509068156610030e-04 2.011468889689662309e-04
2.211841853139107300e-04 2.852064101725722105e-04 3.267465289866914647e-04 3.266933790314269291e-04 3.196201237964755183e-04 3.242049572492361779e-04 3.374367629558138555e-04 3.522247519139397971e-04 3.585083364768769636e-04 3.482422738670208759e-04 3.251537582110490760e-04 3.094355969561763797e-04 3.234282663014793023e-04 3.474868771895134496e-04 3.407636740699388671e-04 3.194395839156096329e-04 3.180454396303105985e-04 3.381390526669666497e-04 3.479912255064815125e-04 3.245284290649447408e-04 3.145839659576234659e-04 3.356353511391573907e-04 3.480115111304047781e-04 3.441366064894256158e-04 3.403406095969361460e-04 3.383747671801402260e-04 3.337512211319829201e-04 3.318580330939439058e-04 3.376061018408720591e-04 3.461542971431198898e-04 3.432550099999826052e-04 3.412737175427206721e-04 3.356500307599552925e-04 3.188306183771397314e-04 3.143742491131032695e-04 3.139049564314251562e-04 3.190857577764819562e-04 3.356294084848015884e-04 3.393923161926127750e-04 3.255043559374063995e-04 3.246436143349723264e-04 3.266706368408732637e-04 3.300045572782506795e-04 3.530697717107208426e-04 3.612716921348238779e-04 3.546959728967546185e-04 3.423673107654900526e-04 3.355896965265783459e-04 3.402928372062039540e-04 3.536726946638519653e-04 3.581393533149460334e-04 3.403028150804851028e-04 3.204205417718989073e-04 3.086792617750670807e-04 3.137251921989693006e-04 3.391607101459211517e-04 3.610674314769395359e-04 3.626134014024085103e-04 3.497482931698728042e-04 3.358370532059746366e-04 3.312722416618622562e-04 3.347311198957620510e-04 3.283944419080289689e-04 3.170103742577740796e-04 3.150452766873681836e-04 3.208009488770713086e-04 3.344496686867814658e-04 3.440085360791365161e-04 3.465306750820940172e-04 3.364089614046514819e-04 3.251786369543712145e-04 3.230110705237778453e-04 3.283273246821758417e-04 3.434931596839430968e-04 3.559093945378059734e-04 3.544756851141361419e-04 3.528991818463692856e-04 3.558545166712454044e-04 3.480714152660563864e-04 3.413241138780679458e-04 3.409150615604130828e-04 3.309628144282018738e-04 3.229610624888472944e-04 3.225082834193966717e-04 3.242846397690469715e-04 3.147441926624107043e-04 3.071237152724253482e-04 3.236372838524988974e-04 3.337345407214004078e-04 3.298229860739120998e-04 3.360062109395880840e-04 3.504037760117781645e-04 3.485123409621476622e-04 3.323018995008552180e-04 3.175754743397762869e-04 3.288536688134657002e-04 3.495966974618272029e-04 3.240044270685373505e-04 2.549064362475350056e-04 1.899874031057267453e-04
2.184574760289616636e-04 2.815402244651052941e-04 3.190204218924532018e-04 3.265870869975497168e-04 3.351780684050626965e-04 3.401142501792321789e-04 3.446866908808617156e-04 3.507462781690291308e-04 3.533650129378821184e-04 3.449087794886102672e-04 3.290252031339242745e-04 3.125753321189617216e-04 3.106727424875445473e-04 3.237663336814306479e-04 3.304108234148303005e-04 3.318958002656542195e-04 3.346674855275599153e-04 3.331368631797781868e-04 3.320470616309540031e-04 3.234027156397625423e-04 3.222256283782606520e-04 3.360743996309947541e-04 3.352058461123255347e-04 3.321852224399727779e-04 3.402480138605266848e-04 3.367722309341703805e-04 3.280045266961075304e-04 3.301485302917426439e-04 3.428812380405539149e-04 3.588782849812716287e-04 3.575772008918549449e-04 3.478364345740937464e-04 3.408212912406655853e-04 3.418735734780933800e-04 3.474274530157595410e-04 3.345141051363167560e-04 3.206149890854252064e-04 3.235494149857759015e-04 3.314850223632073841e-04 3.375472974321235258e-04 3.401371715596911626e-04 3.309758895046519640e-04 3.221156006590553600e-04 3.326668298246631024e-04 3.343942399274111199e-04 3.248472482170563537e-04 3.167904385471769337e-04 3.145940497528375551e-04 3.193569745476316363e-04 3.418370756387645662e-04 3.602907986532864976e-04 3.490662416256623849e-04 3.283667257114650630e-04 3.102538812789732174e-04 3.160790481000712695e-04 3.480094004411094519e-04 3.653074180179875113e-04 3.550790417045821229e-04 3.399675561365542273e-04 3.328352253357600007e-04 3.389716784581485258e-04 3.436771742645029705e-04 3.283383526207238117e-04 3.134434912745549459e-04 3.182442270422369780e-04 3.312019933753951686e-04 3.460212997357557056e-04 3.466266772780188764e-04 3.454118828462961806e-04 3.429539242950091363e-04 3.231545905307479753e-04 3.008687913842819249e-04 3.036008227277421688e-04 3.289139896014567832e-04 3.504689925833478093e-04 3.484260168579247658e-04 3.455745322105785271e-04 3.486707097084758332e-04 3.371882712359319193e-04 3.260125854907422959e-04 3.290122162057958883e-04 3.269298149723225914e-04 3.141666095317904926e-04 3.082155349387457276e-04 3.166401919577846056e-04 3.126985022039476241e-04 3.086700988131917166e-04 3.252632998857199953e-04 3.312616987507691719e-04 3.255435119327544039e-04 3.342968787059143318e-04 3.528160158609666653e-04 3.555280358257419246e-04 3.362799890167367635e-04 3.136684084403748574e-04 3.171114463683488791e-04 3.313678321120356891e-04 3.168851927640260269e-04 2.567678134714579765e-04 1.850721147451699013e-04
2.202389489867016272e-04 2.773056272173788262e-04 3.222667380219820495e-04 3.430205846562466802e-04 3.543235246355523702e-04 3.523572426053029542e-04 3.509919998220283250e-04 3.515870471353201086e-04 3.461208998213304022e-04 3.366928448634111458e-04 3.335374070871123531e-04 3.277517629172311663e-04 3.185103834728925847e-04 3.232993673331748192e-04 3.313539484368818169e-04 3.369188502828526603e-04 3.450194968926511684e-04 3.413861416093285934e-04 3.351175446416241287e-04 3.242054788225513687e-04 3.222531572466019083e-04 3.289709075136406681e-04 3.239660348050645055e-04 3.248873892473451257e-04 3.401634394306539627e-04 3.433608673687902550e-04 3.398161062645355828e-04 3.422655660370125803e-04 3.478514364430518248e-04 3.586523661263093859e-04 3.549150084197800364e-04 3.386201898340379006e-04 3.360328022249745440e-04 3.571771296291801918e-04 3.682408235988334313e-04 3.481015691063566787e-04 3.234948541766836114e-04 3.184404451523199743e-04 3.307287182877877781e-04 3.472288597220657175e-04 3.516325776784222932e-04 3.375003656214348386e-04 3.210063422828899476e-04 3.212742055312802283e-04 3.233431852888154568e-04 3.156365157061348037e-04 3.097701790333881686e-04 3.075619666971124736e-04 3.087832742265239497e-04 3.251044894017751782e-04 3.376101367909411111e-04 3.360949216422064526e-04 3.283581501020690690e-04 3.145315640229957898e-04 3.172852219465400808e-04 3.416214887365076050e-04 3.545572855279463661e-04 3.404463382825421145e-04 3.194542840284981438e-04 3.085260172092506737e-04 3.217176151433323323e-04 3.400915113687391221e-04 3.379235503959232383e-04 3.325143387893428337e-04 3.339764433448363630e-04 3.382498254954665728e-04 3.504777051937719469e-04 3.499751438620505098e-04 3.421363587538359292e-04 3.375162159889468871e-04 3.191247535514854278e-04 3.016212475881362631e-04 3.100079203375376811e-04 3.336855493465644006e-04 3.439496256424566479e-04 3.310072364678410465e-04 3.268485965570046671e-04 3.332600475858284433e-04 3.294402545662341577e-04 3.241034475703287367e-04 3.288935700233695672e-04 3.336116995774268462e-04 3.243544831851579054e-04 3.175086531091562579e-04 3.284979574131579455e-04 3.330605738128726372e-04 3.311674528194797707e-04 3.291321684648671570e-04 3.219404544779606338e-04 3.235688498255886872e-04 3.358815578743309916e-04 3.457925848084306706e-04 3.495403761853308963e-04 3.353219209391174703e-04 3.190037222209952429e-04 3.238332534006438802e-04 3.330706815756159680e-04 3.222143714569831487e-04 2.627193211546222269e-04 1.842385620993701760e-04
2.181700611612657017e-04 2.708882508566451885e-04 3.196800207828862919e-04 3.474054754185000983e-04 3.540401389528829643e-04 3.390694163979593554e-04 3.295123495648293521e-04 3.356798326783090852e-04 3.364773774844508265e-04 3.298771193531761185e-04 3.351046102808351128e-04 3.455599694464267296e-04 3.524149576857913508e-04 3.552638178039648235e-04 3.385713253492678393e-04 3.268358170374080908e-04 3.410697431503598772e-04 3.523990208781728733e-04 3.459662013145512523e-04 3.260372889812710373e-04 3.286589711219956001e-04 3.388435810334353626e-04 3.270737964477840164e-04 3.242556040734364186e-04 3.440648348791726764e-04 3.591023088623910989e-04 3.623336082132004002e-04 3.540979750855023536e-04 3.435040884530638394e-04 3.466995364668375417e-04 3.427485775886458894e-04 3.291811383587967552e-04 3.272207863045492778e-04 3.450829414626741237e-04 3.510968540360251823e-04 3.362764835431799877e-04 3.245645984173362508e-04 3.272131760316661581e-04 3.360758103735319744e-04 3.453306386636708606e-04 3.468597171813463543e-04 3.317269633928006086e-04 3.193341782886358103e-04 3.251485153208401833e-04 3.348889517114715490e-04 3.334573864309473023e-04 3.255493518231041342e-04 3.156017147165071039e-04 3.128052528355133605e-04 3.162236213464696350e-04 3.159067629725029061e-04 3.275831107786787624e-04 3.396685875086969666e-04 3.314677483647484831e-04 3.204541577306521259e-04 3.247111842977846497e-04 3.393720238292273852e-04 3.380607226317689298e-04 3.187911609181464474e-04 3.000328374103928089e-04 3.068522360916475160e-04 3.302794515375515440e-04 3.417663327812501140e-04 3.463841627213814361e-04 3.435389469131020770e-04 3.420858472103553119e-04 3.575656306511474161e-04 3.640553625548930729e-04 3.494646743253361975e-04 3.343431675868055106e-04 3.197395910833392119e-04 3.161684015184403214e-04 3.271400446634377315e-04 3.383609640849683312e-04 3.359282836363803194e-04 3.232675532062728035e-04 3.244007756591885420e-04 3.358083930291885072e-04 3.403926808457772343e-04 3.331853338181359507e-04 3.255530088050223765e-04 3.297906662589616825e-04 3.333458998953969972e-04 3.372419366502467895e-04 3.487517465949477118e-04 3.540252409482062650e-04 3.521209390735975664e-04 3.352099561877481160e-04 3.164080862289985613e-04 3.268685236992972679e-04 3.422944009182614118e-04 3.337304867265319811e-04 3.212577252580514544e-04 3.140742629869941764e-04 3.212727803811326493e-04 3.374388262750860215e-04 3.442858036481640763e-04 3.336104470762765793e-04 2.734576309348303765e-04 1.934625491625999280e-04
2.010620818494788620e-04 2.565212144332670472e-04 3.081373521211132403e-04 3.337174827939933452e-04 3.309503309533914765e-04 3.103457013122091091e-04 3.004345275974201019e-04 3.144923701858205658e-04 3.251095765556435806e-04 3.223281686648863460e-04 3.262290596926936963e-04 3.435344844204326351e-04 3.625790542101089758e-04 3.617939317186756381e-04 3.321063204204437397e-04 3.137220019206230599e-04 3.252436986176340285e-04 3.369228478922150138e-04 3.283757986770420361e-04 3.172508788377488174e-04 3.349223517928519864e-04 3.492288905381206064e-04 3.275991394415128394e-04 3.190429302052992478e-04 3.393918330229856372e-04 3.512077097874270488e-04 3.522809152625231690e-04 3.435540993508720770e-04 3.345758677653049669e-04 3.421301893440912472e-04 3.431791546827441409e-04 3.341053691793495939e-04 3.271188857187134818e-04 3.312514485395057933e-04 3.320204401529075391e-04 3.278377801206265574e-04 3.333645098319920012e-04 3.387984378933504501e-04 3.367582517024985691e-04 3.366587080222120274e-04 3.347983328690358040e-04 3.240813010178671431e-04 3.214509417953695901e-04 3.338861058886841409e-04 3.494090382445367844e-04 3.562273886559657850e-04 3.506370259112763770e-04 3.350800940019724086e-04 3.265308238453801595e-04 3.201243437999391739e-04 3.137013746578287384e-04 3.314504463805214738e-04 3.515356698952316677e-04 3.451067342696047258e-04 3.248646796264232392e-04 3.111876757250512044e-04 3.212581413026409133e-04 3.347317433017640018e-04 3.320725103839821898e-04 3.152845528246079080e-04 3.048417402103132138e-04 3.142826865283211007e-04 3.307070242316122307e-04 3.413349466260325472e-04 3.339589017857035958e-04 3.299475318613637924e-04 3.451452351591473527e-04 3.563232032368699028e-04 3.440467411593942527e-04 3.330060555013406682e-04 3.336676343678907390e-04 3.411276068331100630e-04 3.476205266024661508e-04 3.442362596379945237e-04 3.284665270965451988e-04 3.152302580792569692e-04 3.250238891505542586e-04 3.474362790587890012e-04 3.524012737687363212e-04 3.332294487011463243e-04 3.205497266366240231e-04 3.270109510640397256e-04 3.333675781858319977e-04 3.423764189397653416e-04 3.524598676541181030e-04 3.541741764399653544e-04 3.565530891835065131e-04 3.426158294973751916e-04 3.203488460939146873e-04 3.333031964227381721e-04 3.514804177488242915e-04 3.338550726126215170e-04 3.107928127471680166e-04 3.050663918925641859e-04 3.172132037385287607e-04 3.376203889874009479e-04 3.564321263364961202e-04 3.572063704942282820e-04 2.955829190302501934e-04 2.097379824102705258e-04
1.903671246888476686e-04 2.556497780867330021e-04 3.160453007913534545e-04 3.384037131016148997e-04 3.277222252655658213e-04 3.106594481175709043e-04 3.055494007806382889e-04 3.175191395858687903e-04 3.294234028518029352e-04 3.271446961129754463e-04 3.232640488696984088e-04 3.309245166902227437e-04 3.389839571036827159e-04 3.350686271926608148e-04 3.192978785098702808e-04 3.102510893200469046e-04 3.189839136766343562e-04 3.247585891391027062e-04 3.134548975897654376e-04 3.124099975602297706e-04 3.360659000811168731e-04 3.531581528720821898e-04 3.377665427015964761e-04 3.245400573391059632e-04 3.320565548890230291e-04 3.332731213077602022e-04 3.310388697666894137e-04 3.305888926571953811e-04 3.326593957663655492e-04 3.412318759878618375e-04 3.392562382435900230e-04 3.284044094946421562e-04 3.206273560372236613e-04 3.193729553281432032e-04 3.187250728875887142e-04 3.213970682474082802e-04 3.292228266772629936e-04 3.302584368399382950e-04 3.281581264355174898e-04 3.270738858988850566e-04 3.281291573014949925e-04 3.337742665211132368e-04 3.354860987993382509e-04 3.373455447039555685e-04 3.488460382401293116e-04 3.570593950970445563e-04 3.519629178471237602e-04 3.373276204437956286e-04 3.348494856584483177e-04 3.342732477980876076e-04 3.266892454045591571e-04 3.357657541026835314e-04 3.443457442111029780e-04 3.301335203181213034e-04 3.117852037817520766e-04 3.044939401692943861e-04 3.157379727911906078e-04 3.337304392094551193e-04 3.432322808602022383e-04 3.325580518292834829e-04 3.133393830121093768e-04 3.100259421413224369e-04 3.249868682021934962e-04 3.382039596629367100e-04 3.301645944619957746e-04 3.144181822017636701e-04 3.117323634468509600e-04 3.220512542577236639e-04 3.204557281556126092e-04 3.188622629501632142e-04 3.360204160748677272e-04 3.484444058760683771e-04 3.529925093655922374e-04 3.509531395771696861e-04 3.310286550492227389e-04 3.130362631352437809e-04 3.254226502234305613e-04 3.526649418148990016e-04 3.536406108149904473e-04 3.303742830110733761e-04 3.297609621238772729e-04 3.427456161733782565e-04 3.379727938429168263e-04 3.336880136617299038e-04 3.338131427869928114e-04 3.316474133621384818e-04 3.374342842398772493e-04 3.291844917568011305e-04 3.127102818613863421e-04 3.295904612652841544e-04 3.508808590780263014e-04 3.373827634757330498e-04 3.229995259563388406e-04 3.259989080505813199e-04 3.255052941701444286e-04 3.279947069585315012e-04 3.495982756390889827e-04 3.605325239260996585e-04 3.043686706991169692e-04 2.164610934150661419e-04
1.929110859568859335e-04 2.666341623188805271e-04 3.286419036311218197e-04 3.458107672543522804e-04 3.384103171397286839e-04 3.276143852838822156e-04 3.231913645699525310e-04 3.287883062268520326e-04 3.416795963258669475e-04 3.426448585100653598e-04 3.343581952480436303e-04 3.253212699958925574e-04 3.174214358688222859e-04 3.186899830221761763e-04 3.199381689603273630e-04 3.178390122416538616e-04 3.264040548867456213e-04 3.321428975620646087e-04 3.192046548762664032e-04 3.170843574047852668e-04 3.369593202747728049e-04 3.508844949144758127e-04 3.450590924742574089e-04 3.337401062126964745e-04 3.306809730978724888e-04 3.272584412967131234e-04 3.193023665691042132e-04 3.186769147904920511e-04 3.265972761977673248e-04 3.293277996999825850e-04 3.232715782406721163e-04 3.190304145992363307e-04 3.219297863676553865e-04 3.250072019630077195e-04 3.239073361727756121e-04 3.236051815627134613e-04 3.226051559924354457e-04 3.233331763520715932e-04 3.299290766013685504e-04 3.266628217673305315e-04 3.269191203997019865e-04 3.463427160947825639e-04 3.530320995461475064e-04 3.395855729071346513e-04 3.338177300212337635e-04 3.381852801062007821e-04 3.426161739137932117e-04 3.348150416249123101e-04 3.352222259096862317e-04 3.425080099503028373e-04 3.404222948234866429e-04 3.428297415170528995e-04 3.386219148834015633e-04 3.135788118661666461e-04 3.022283043510258071e-04 3.151975109490437335e-04 3.381667791402855343e-04 3.513437739257080795e-04 3.511002535370441385e-04 3.394617129853157471e-04 3.270263232103102504e-04 3.239024591982618160e-04 3.362245303047228621e-04 3.526357066468356789e-04 3.532576645875113211e-04 3.262497010850489289e-04 3.025026407329154668e-04 3.057284852503101597e-04 3.091806274737375106e-04 3.101556804413115325e-04 3.288949538720099017e-04 3.415876700470616930e-04 3.465105570012142096e-04 3.490110199185632550e-04 3.375491461587956004e-04 3.237809251767759223e-04 3.316863367976604889e-04 3.475451410721997056e-04 3.455625570306793907e-04 3.312812017577975365e-04 3.404127190190199483e-04 3.552485446689019515e-04 3.440137563002813002e-04 3.293726756349326344e-04 3.202626874082266720e-04 3.145901866440402924e-04 3.207848270007895831e-04 3.181029481308107450e-04 3.094442179018189578e-04 3.220361833238114717e-04 3.385717149677278928e-04 3.354673153893359501e-04 3.317949145501763140e-04 3.384153354805093713e-04 3.316093089496912043e-04 3.205001787436714865e-04 3.261180975469915588e-04 3.283583407917022067e-04 2.857864758229110790e-04 2.153875595955602278e-04
1.917347046109168585e-04 2.625042316816359996e-04 3.163033456476834187e-04 3.283160063617655442e-04 3.283701691230582519e-04 3.250627587260339715e-04 3.278866263798571601e-04 3.347655582838392945e-04 3.444967155632268525e-04 3.461033399933673388e-04 3.406107823591274946e-04 3.289531526875007108e-04 3.158715655315702617e-04 3.155702287566182918e-04 3.215927508448112324e-04 3.203099550117291614e-04 3.266128619926404568e-04 3.355923437267535571e-04 3.279189080427971094e-04 3.306772474873149624e-04 3.499854697743097617e-04 3.480547059136890331e-04 3.364399210083228930e-04 3.347717630654367758e-04 3.361003844161728144e-04 3.369418501741635978e-04 3.306440703601856148e-04 3.249803301670372603e-04 3.223107878185604109e-04 3.108920865800281989e-04 3.073081962612944943e-04 3.194000307268809037e-04 3.312049364031379004e-04 3.351238329741227794e-04 3.317331554675417979e-04 3.268153399249230017e-04 3.241135136417756021e-04 3.332577716644943996e-04 3.433531978418241041e-04 3.322957252724795816e-04 3.200422174706744807e-04 3.305216102995683306e-04 3.454417272726762063e-04 3.384854447178933389e-04 3.223979286320365935e-04 3.232473135562486505e-04 3.388950195602151287e-04 3.353026425085140535e-04 3.284841978631454452e-04 3.345337284929230260e-04 3.406773391108359876e-04 3.491497928408327954e-04 3.510898534098830302e-04 3.251590880886393508e-04 3.122124691477153307e-04 3.302659085382396464e-04 3.552707031158091515e-04 3.576846104936148483e-04 3.421596270040119445e-04 3.309514731389580355e-04 3.356919022018944052e-04 3.425515815322326000e-04 3.500934779131269301e-04 3.649573219540267616e-04 3.729488772874702159e-04 3.517086577443103530e-04 3.287830444074302336e-04 3.256052151588174361e-04 3.250539159742833533e-04 3.263378336678322529e-04 3.406517177217977671e-04 3.521530595285812435e-04 3.506717035862089247e-04 3.452056699875029897e-04 3.400505929267139647e-04 3.360793263598837576e-04 3.387459317934848153e-04 3.385080059737175656e-04 3.318653312094067788e-04 3.219963826058653503e-04 3.296205130678968483e-04 3.442870362085156564e-04 3.367752054063990162e-04 3.257341262748198601e-04 3.220717895650884949e-04 3.171331925645859006e-04 3.229664992252500037e-04 3.294106697406290907e-04 3.266915704569403047e-04 3.297766256094977408e-04 3.373716656352381644e-04 3.415568444665650558e-04 3.402920492372304637e-04 3.435648767047530983e-04 3.422570432490048002e-04 3.312650044177582807e-04 3.155180137600295033e-04 2.984299747127419546e-04 2.641524869407309837e-04 2.153066496693430230e-04
1.979738692961855416e-04 2.624724900290427649e-04 3.067257420127807426e-04 3.126644079584611075e-04 3.147477212069259810e-04 3.170607896164176921e-04 3.239081718283244940e-04 3.262408784479765172e-04 3.291046374974241923e-04 3.339066643513747190e-04 3.381313513007353335e-04 3.414787113953685971e-04 3.352689589875004696e-04 3.205846196264126305e-04 3.133629861473579727e-04 3.072562266043029765e-04 3.154731036281719411e-04 3.362902272768993344e-04 3.396516367665590279e-04 3.405025637968249952e-04 3.490675980339616501e-04 3.353428961919701647e-04 3.225369371621035117e-04 3.309101781571638411e-04 3.394890163312285262e-04 3.472923372632706097e-04 3.516508595473764268e-04 3.412990454084700474e-04 3.227841835539970936e-04 3.066511533846890802e-04 3.107494700806333571e-04 3.288074255781355286e-04 3.368992271924733180e-04 3.334377579581743190e-04 3.282713851749068774e-04 3.235819459947177588e-04 3.255456165712957025e-04 3.408957078609499989e-04 3.541799896853434822e-04 3.483861954997010714e-04 3.275538091931118898e-04 3.138961782896001291e-04 3.244259118769933330e-04 3.326734544107202247e-04 3.209977923193082019e-04 3.221020763708226436e-04 3.405941334920821332e-04 3.377317518048855672e-04 3.266093219474626701e-04 3.234434970015320245e-04 3.302210638502140784e-04 3.473238471050829872e-04 3.590279983420382060e-04 3.360326711457197260e-04 3.205875942744161882e-04 3.360821504053316069e-04 3.509134236535577708e-04 3.409519287692450878e-04 3.220007468769459980e-04 3.185216897420607707e-04 3.340274953938239771e-04 3.471185458486343513e-04 3.486913681416053479e-04 3.547853235288002524e-04 3.541948726721245088e-04 3.396243241313900898e-04 3.308328789483667054e-04 3.378007039121080435e-04 3.450931107230546780e-04 3.426588769149547381e-04 3.464715083343227657e-04 3.519860845563788131e-04 3.430732420865320272e-04 3.355900322892362030e-04 3.389112091388963134e-04 3.419162570187152814e-04 3.365833966463906992e-04 3.228015928846320699e-04 3.143762077600484230e-04 3.088135872495521676e-04 3.138744967196114709e-04 3.274552783736052962e-04 3.243106057313272016e-04 3.229634011324772824e-04 3.343732851193014378e-04 3.317578285757231309e-04 3.303898443202180676e-04 3.393458777557579542e-04 3.376680657019395012e-04 3.339109097443267258e-04 3.383515139826765426e-04 3.443721783413008900e-04 3.424136415455411543e-04 3.492384473195705779e-04 3.619365629661420048e-04 3.530263134103751171e-04 3.222040704407471822e-04 2.943073448779345868e-04 2.611197367950720345e-04 2.190224024580324810e-04
2.151813353101435548e-04 2.749611761683212491e-04 3.154003507337879014e-04 3.247055823986621224e-04 3.286053884614424181e-04 3.278680073094661146e-04 3.259136881382350827e-04 3.154322200918114596e-04 3.125691071406568695e-04 3.277476270905997483e-04 3.418013718239488845e-04 3.493486655508411948e-04 3.475604385609245683e-04 3.277463008781145940e-04 3.166605966857643497e-04 3.156487933719740986e-04 3.244678571707059920e-04 3.411767093496810999e-04 3.425832692247974404e-04 3.321064928710864813e-04 3.281261898129032785e-04 3.198535148246084425e-04 3.186616179839185182e-04 3.307966062429408397e-04 3.373303120922816487e-04 3.450834682700771629e-04 3.586800631143944630e-04 3.491947120845331483e-04 3.242509486679906201e-04 3.138260325977048769e-04 3.233252068937173939e-04 3.395216838229099358e-04 3.477880655673791337e-04 3.412174633318076499e-04 3.332893602910707003e-04 3.221611096223658257e-04 3.210850071795415001e-04 3.325544361767501962e-04 3.500833600331644709e-04 3.561944710950378694e-04 3.346365744804611665e-04 3.081985948359860020e-04 3.108852267967259332e-04 3.297576039346656988e-04 3.301628846349988818e-04 3.276310047481867556e-04 3.405111428143727881e-04 3.448879796122693341e-04 3.393239931968292946e-04 3.243509962982665936e-04 3.206032386656947715e-04 3.360611687844982255e-04 3.478034636765412174e-04 3.325714212210801354e-04 3.253935952374772478e-04 3.379272014216523796e-04 3.426272618713259183e-04 3.339143771294241403e-04 3.252424442503026696e-04 3.249005240276400027e-04 3.338554602821444651e-04 3.399813167135001487e-04 3.381114816155610602e-04 3.385963341182316529e-04 3.254962030205170529e-04 3.116839643567184941e-04 3.126221747133537321e-04 3.279375828143152967e-04 3.418315886366845484e-04 3.324740525367328599e-04 3.311829389093878069e-04 3.347481399667733611e-04 3.254442118671736902e-04 3.245627081706561499e-04 3.359782746799561495e-04 3.388595021714184375e-04 3.298338459669990057e-04 3.188530807982369888e-04 3.190784406331705048e-04 3.233542991849727298e-04 3.291668572830422834e-04 3.320080952718135062e-04 3.178989874205293996e-04 3.211816991940851440e-04 3.436871083440187790e-04 3.428871432449552299e-04 3.372028384195022155e-04 3.422423883586424255e-04 3.349171882087942039e-04 3.238831764144467062e-04 3.269487971240569481e-04 3.330646955269267375e-04 3.340981042855815930e-04 3.469305789400895131e-04 3.680756951440453963e-04 3.606351325710531941e-04 3.278661123729404423e-04 3.031155908580517901e-04 2.714391147935476612e-04 2.257285194091901827e-04
2.332859735798195871e-04 2.796084162759764004e-04 3.141471044040051617e-04 3.321699775491351696e-04 3.443311559882151498e-04 3.455383350539508900e-04 3.393738475969104284e-04 3.229914077375503319e-04 3.130086957757180011e-04 3.288220946831538856e-04 3.440844980138870000e-04 3.426772329169457121e-04 3.373524691557566344e-04 3.287332961891565328e-04 3.332305342490020860e-04 3.410866598724146244e-04 3.411519971497690464e-04 3.377966084534934975e-04 3.265081629801307866e-04 3.134103102492646160e-04 3.121805815719491369e-04 3.139785666892074088e-04 3.191335511188591895e-04 3.303345439787383009e-04 3.343269888203091321e-04 3.355170578627244518e-04 3.418886587691408446e-04 3.332157164995248454e-04 3.192487389303245928e-04 3.159325058861169565e-04 3.216748229978326815e-04 3.334296736716196234e-04 3.502923514063760978e-04 3.577000193214877359e-04 3.500649490889737813e-04 3.287958757199823138e-04 3.189965352971490479e-04 3.175528342044651336e-04 3.356334597589726498e-04 3.533604997353142650e-04 3.357953630739941072e-04 3.092639547238194755e-04 3.119352358843100782e-04 3.365474193113441930e-04 3.418154379893873591e-04 3.237412610204449528e-04 3.251959177390840203e-04 3.405202533613159487e-04 3.449758000564352419e-04 3.294349572037492914e-04 3.178327457364984749e-04 3.253632246794706750e-04 3.344694834074903598e-04 3.243717773315840853e-04 3.227477100665087023e-04 3.368765768861684516e-04 3.446029305658023715e-04 3.462578997500292445e-04 3.448617917221629987e-04 3.364033266443118434e-04 3.340347854955322054e-04 3.280192985604470676e-04 3.250688800476370576e-04 3.291078056200200542e-04 3.138067004329695700e-04 3.043778420230372223e-04 3.136031491184934584e-04 3.256850618915234645e-04 3.281607329335252616e-04 3.157474018693607167e-04 3.218385070028962269e-04 3.296754999960759859e-04 3.231692412154995556e-04 3.224096272904013270e-04 3.334932476195897363e-04 3.323296017611058659e-04 3.250319206641218020e-04 3.311082279953141854e-04 3.421659271202850180e-04 3.469735686180844617e-04 3.540612699250502175e-04 3.519217041405678413e-04 3.243725318049930180e-04 3.181135641341077767e-04 3.361684431102628622e-04 3.412664898371153225e-04 3.404139332600771505e-04 3.362742418832028791e-04 3.227210616845229297e-04 3.186964982645301529e-04 3.254105803979935986e-04 3.294976844390212940e-04 3.313013441906350774e-04 3.379465565912487778e-04 3.491310696767015035e-04 3.445790918867483953e-04 3.272936669796605060e-04 3.171147455600396088e-04 2.898134915054883121e-04 2.373871330256303153e-04
2.312921188388479630e-04 2.686103718166988675e-04 3.011238862698973522e-04 3.257892279155746992e-04 3.489186926598164757e-04 3.562489548231558521e-04 3.468388092355791292e-04 3.325698579459035638e-04 3.191919301940738130e-04 3.248058123742860099e-04 3.367956435769443174e-04 3.373794722209340780e-04 3.326471010798252707e-04 3.280219532485859242e-04 3.340685673647472795e-04 3.465320901855369713e-04 3.542054628354489093e-04 3.457703767714040248e-04 3.241725770504890565e-04 3.119079688764848945e-04 3.176904082401788877e-04 3.219335857288282824e-04 3.158777879764843532e-04 3.150365782830412821e-04 3.186516761741862319e-04 3.197748217266786091e-04 3.208546787099748063e-04 3.175515206561125799e-04 3.153082998898802192e-04 3.114851848447786065e-04 3.107896638819795639e-04 3.172305488946670742e-04 3.374580331660961786e-04 3.562129602514112745e-04 3.523243795014678994e-04 3.342647551457426729e-04 3.259527871582871324e-04 3.147280145017620004e-04 3.225771919194013221e-04 3.424558452015559603e-04 3.345411292792314114e-04 3.188333561114754062e-04 3.263722930676930638e-04 3.398423291955229224e-04 3.392193634079533398e-04 3.233156445644788483e-04 3.190601013335430357e-04 3.305938231745673668e-04 3.390014099226430462e-04 3.363796813169312979e-04 3.333759818801712571e-04 3.351725019351567501e-04 3.367347786381884225e-04 3.286567166396939092e-04 3.258349020968824344e-04 3.335112551317599965e-04 3.421824342215904445e-04 3.485223923341132036e-04 3.478888029861937868e-04 3.340387788033477015e-04 3.269054991356264411e-04 3.190239429276153674e-04 3.242623360117394488e-04 3.416757332335133455e-04 3.327302828019599581e-04 3.232236712813750827e-04 3.289345824934788174e-04 3.271292726398733561e-04 3.161172564893492730e-04 3.116353516511469429e-04 3.216248981713332156e-04 3.295589340935595321e-04 3.308462054685576241e-04 3.302811400604413038e-04 3.349369727522910774e-04 3.295892635456348918e-04 3.248357435454980562e-04 3.432514167502570632e-04 3.569970809681391596e-04 3.499560715021665549e-04 3.506621665273008037e-04 3.554748361153133160e-04 3.301228588423483351e-04 3.054578069670772799e-04 3.072809122851179447e-04 3.217165676230182439e-04 3.360138777132452067e-04 3.362479615438054284e-04 3.255207773250220994e-04 3.303953116755978031e-04 3.367259982955877551e-04 3.359714606024596689e-04 3.363997566702982799e-04 3.338087099195244248e-04 3.294361381964828030e-04 3.233354602424126558e-04 3.215121691405894815e-04 3.264838450666401708e-04 3.036324518344679212e-04 2.455724776932417331e-04
2.103068900752105863e-04 2.582761151449835461e-04 2.999297472142838767e-04 3.277285718214794936e-04 3.501769353676817496e-04 3.518768510080538922e-04 3.370901090157155762e-04 3.325818682276494766e-04 3.240380950890559496e-04 3.156473627340240871e-04 3.254469458872530320e-04 3.449445799511881164e-04 3.522720012096448969e-04 3.408100625448653217e-04 3.267379920113678117e-04 3.324929153233351260e-04 3.536701019021519662e-04 3.566629876108881386e-04 3.437519598117114421e-04 3.382001475921765253e-04 3.436371281366978024e-04 3.358105472808546122e-04 3.115864632016197280e-04 2.962827695857629890e-04 2.954083993539229113e-04 3.036727691683501623e-04 3.165831251903064190e-04 3.275752476356176123e-04 3.322498621998792650e-04 3.203612149421239050e-04 3.095985612775532564e-04 3.063258656381608481e-04 3.186346589500322745e-04 3.361055680172031056e-04 3.387900034785280672e-04 3.310218053781663122e-04 3.284165547516555228e-04 3.227425352381123975e-04 3.230498732242621622e-04 3.309568212766070315e-04 3.292624950063182494e-04 3.308982517781825471e-04 3.434583759454864832e-04 3.386016353809020865e-04 3.316715320717332060e-04 3.391617068756464914e-04 3.436807749081220611e-04 3.404133175803373212e-04 3.380356297308907904e-04 3.408775987569127126e-04 3.442589734881399354e-04 3.440067290940765615e-04 3.437267162357663698e-04 3.425040104016577650e-04 3.370050690118937776e-04 3.291560109101355786e-04 3.309783064345020150e-04 3.367903901704914077e-04 3.358568253857978944e-04 3.329229956564386792e-04 3.291949543727126326e-04 3.220834605930074997e-04 3.306043643044513192e-04 3.549677260955751363e-04 3.526541627462626894e-04 3.407693319224825443e-04 3.378026601708098938e-04 3.287569659028093767e-04 3.215347144317559983e-04 3.269096343383242828e-04 3.303125916645988569e-04 3.309266317232159430e-04 3.345293392932897208e-04 3.345265357892720820e-04 3.338119448856286084e-04 3.314604247339289099e-04 3.316302837734152694e-04 3.446860208900553914e-04 3.484447819708572612e-04 3.360095539711039758e-04 3.335274091283284585e-04 3.428351574531001388e-04 3.273228864156634259e-04 3.000239054858317789e-04 2.948117823608141204e-04 3.132632830735065151e-04 3.352891283715514611e-04 3.462432193027439723e-04 3.475242413616968932e-04 3.482068718994465149e-04 3.408280699945053600e-04 3.353917895928510513e-04 3.393347048351224508e-04 3.427776710874762267e-04 3.354408458984703021e-04 3.229546203281079709e-04 3.255341217142534126e-04 3.326814565401803704e-04 3.034336307013393874e-04 2.400195002429900777e-04
1.816833546360868560e-04 2.506255583197081541e-04 3.058220537230179779e-04 3.317520630075281680e-04 3.437370216055312669e-04 3.391735566518978753e-04 3.249746944049588908e-04 3.244389743854310913e-04 3.220841886733816477e-04 3.110262976077586951e-04 3.217615686959884110e-04 3.477905830305713609e-04 3.635555958102648926e-04 3.568831182120854161e-04 3.296444790374362683e-04 3.141662241255348091e-04 3.287939914231626090e-04 3.441546152440350787e-04 3.464590339792443562e-04 3.465487870475346920e-04 3.506907612040240400e-04 3.373437791876783944e-04 3.144485035457361363e-04 3.023263570212137590e-04 2.963803845758596067e-04 3.005397165164251888e-04 3.205883511493847035e-04 3.422107298613121938e-04 3.531552680198044459e-04 3.376551078146179836e-04 3.206232518898716687e-04 3.152292111149997090e-04 3.159321538443223693e-04 3.142830831616536154e-04 3.156857970000878991e-04 3.222644556591990148e-04 3.280134680405188225e-04 3.326318917160661203e-04 3.311201742669363452e-04 3.274955859050626065e-04 3.269164886338239533e-04 3.333434606791365988e-04 3.413494728095841963e-04 3.254093360126297492e-04 3.145494684079800057e-04 3.370564319565855921e-04 3.596619783562878545e-04 3.557932833107668551e-04 3.418347552822844759e-04 3.420076010288333854e-04 3.444629679483394514e-04 3.422902825784210888e-04 3.374185751884130400e-04 3.304313951788305850e-04 3.278119195818881854e-04 3.242267719691710372e-04 3.233946434103140283e-04 3.276731045147619759e-04 3.318579861880365791e-04 3.419494355415493613e-04 3.381636552176879888e-04 3.222156788517773537e-04 3.226145174671070717e-04 3.428885055807382592e-04 3.454557675293094148e-04 3.361417114411786801e-04 3.327844706016688846e-04 3.303954517695741533e-04 3.303972100379617017e-04 3.283204600042539814e-04 3.231512511437969852e-04 3.288397853191253085e-04 3.384666245006752883e-04 3.401936018457107740e-04 3.350187818389456593e-04 3.335691395556135701e-04 3.355958406579132914e-04 3.391681120944884113e-04 3.351226059565507592e-04 3.274072401567481574e-04 3.251726589436039830e-04 3.336312816106790351e-04 3.296174944076394340e-04 3.154039293436137993e-04 3.114323689343890026e-04 3.221128139871796839e-04 3.310235080887069092e-04 3.367574926107857417e-04 3.441394176339130002e-04 3.406399486762290473e-04 3.263972919823993307e-04 3.190169148371368004e-04 3.280441379929696362e-04 3.487669503239797480e-04 3.518963812492870028e-04 3.364530535711591315e-04 3.352613345271889369e-04 3.305164330519543133e-04 2.931006592397990577e-04 2.335519108335740916e-04
1.763712413061474364e-04 2.597518104614244400e-04 3.213677257657217463e-04 3.414959486470781373e-04 3.399703831339269682e-04 3.310645928554870878e-04 3.237932541538824640e-04 3.271773781735942211e-04 3.317171344680711542e-04 3.225230448858631624e-04 3.254852939997942684e-04 3.401709342862494845e-04 3.536968322757603231e-04 3.505932000495044776e-04 3.208008350267393689e-04 3.056256876977671831e-04 3.206710888382055839e-04 3.323155324932325783e-04 3.321852281161466643e-04 3.297983980983566505e-04 3.344522993861109026e-04 3.353170392454031664e-04 3.373855347930839995e-04 3.406161906817298116e-04 3.271658524900894548e-04 3.152606400921199197e-04 3.292626425461427911e-04 3.462038567142309209e-04 3.514507669081833388e-04 3.403916433260931358e-04 3.304439513310505373e-04 3.323071362708758785e-04 3.281325420212645363e-04 3.126345616003242439e-04 3.122268209341355323e-04 3.291768815612944299e-04 3.411779770937932075e-04 3.528572495056453515e-04 3.471403935600518575e-04 3.311586273857671609e-04 3.269804411957230117e-04 3.263553374971365356e-04 3.276429841264876094e-04 3.174982206545624809e-04 3.113972494933613957e-04 3.305146202945891988e-04 3.529373098769036498e-04 3.534864031407054124e-04 3.421167057582060562e-04 3.400267688379712610e-04 3.367796992783783617e-04 3.333586069769003436e-04 3.237884116081553125e-04 3.025768504325387193e-04 3.023621508387154631e-04 3.190079698105483864e-04 3.291083002060203556e-04 3.361340447027514602e-04 3.421771165116732887e-04 3.461147387129599024e-04 3.349679307920498065e-04 3.183121021289297818e-04 3.233758285749662202e-04 3.406577486830449368e-04 3.401380133741768491e-04 3.294835527035278998e-04 3.298683933945762261e-04 3.360754229836111599e-04 3.387566129253816801e-04 3.254957270197314989e-04 3.095519885158731386e-04 3.215606926542986408e-04 3.457580049533424699e-04 3.520083768897090118e-04 3.381528204568508256e-04 3.281363508230199710e-04 3.255826355605250400e-04 3.290671582412299056e-04 3.314808751653126602e-04 3.272200210409367078e-04 3.198829533027227972e-04 3.330476238560212566e-04 3.464309378908520063e-04 3.405870363128431916e-04 3.260936866148087475e-04 3.204934028990483619e-04 3.229092611289630923e-04 3.259034160335752116e-04 3.271236775961966731e-04 3.226605116706843419e-04 3.156544918101047504e-04 3.132649475839856712e-04 3.224331934889972931e-04 3.425696056389407242e-04 3.522417641900984532e-04 3.399712997427476596e-04 3.325967033212988769e-04 3.165261412772199827e-04 2.748864106972059634e-04 2.232637663450884281e-04
1.945242163037580094e-04 2.843297097996536722e-04 3.411523705374008408e-04 3.487739992718509510e-04 3.392623515043064614e-04 3.313252270518253018e-04 3.282877835474487895e-04 3.355123136267570473e-04 3.476798959009003848e-04 3.349734048733118714e-04 3.207042543746850506e-04 3.245051069619878212e-04 3.310483567778587407e-04 3.229779505277830648e-04 3.001763977071930591e-04 3.068356871214372077e-04 3.327703482881768640e-04 3.360379419896490118e-04 3.278525838967965319e-04 3.221201709348150890e-04 3.260935578083177752e-04 3.339949534562884235e-04 3.504629778701834342e-04 3.646706830779222861e-04 3.505527776962865608e-04 3.323886836795316379e-04 3.392540236194119697e-04 3.478712979996410534e-04 3.450414975417453035e-04 3.361167199123423779e-04 3.330143855200234232e-04 3.395475371427711191e-04 3.342289163139491957e-04 3.202829567885647388e-04 3.267635158501479048e-04 3.439816744006352024e-04 3.551077532200259696e-04 3.701619770878239891e-04 3.606324228321110660e-04 3.339437100078040260e-04 3.269716142934389353e-04 3.268087152294562735e-04 3.317256321898621454e-04 3.386339268417221538e-04 3.372546703802036536e-04 3.367447256671985724e-04 3.384050361693681291e-04 3.330335442097830806e-04 3.319368783735787481e-04 3.363599267167538954e-04 3.326662202632927560e-04 3.294896515943735392e-04 3.203288522298194160e-04 2.961047151991800402e-04 2.951634066770525812e-04 3.212863454617428710e-04 3.426298257685616048e-04 3.557799078793799337e-04 3.582592154041909982e-04 3.516107442734434704e-04 3.409092067032455826e-04 3.358851157000109465e-04 3.482345230278587620e-04 3.547750381736313472e-04 3.417874615752086362e-04 3.281298343515719109e-04 3.361760880922282698e-04 3.477244351859157256e-04 3.495559926095805590e-04 3.345525505027127015e-04 3.131739759323938499e-04 3.116980083082880951e-04 3.308035961614585888e-04 3.410201038693977133e-04 3.321498328237649286e-04 3.192823218447191666e-04 3.091099266671063417e-04 3.150801373584185021e-04 3.273148258297635046e-04 3.254448910585990679e-04 3.154787030678938924e-04 3.319309687395806071e-04 3.555794371198963961e-04 3.621023548708068905e-04 3.461703350665074454e-04 3.261670571286573645e-04 3.287552334696819747e-04 3.356194568081510930e-04 3.262426100613937340e-04 3.192381631586553234e-04 3.252063217780943802e-04 3.332838674611934534e-04 3.326829975173219958e-04 3.282690883691905025e-04 3.334332955676444195e-04 3.367148895214004418e-04 3.380617349000273491e-04 3.195151783210522936e-04 2.656206212940380755e-04 2.054041512865600622e-04
1.995647851606158066e-04 2.840276745445623066e-04 3.338607831073300185e-04 3.403966894839593723e-04 3.411585635793522829e-04 3.397990547220417889e-04 3.323473328897511188e-04 3.312365387554999001e-04 3.348142264290755320e-04 3.244463185530829363e-04 3.208146048188406218e-04 3.317089148025534817e-04 3.356220459697626573e-04 3.259573061114753433e-04 3.085804410464374663e-04 3.159030961164036554e-04 3.374081900798129793e-04 3.421888741641893831e-04 3.357512788840850602e-04 3.247923066811980860e-04 3.248058817928071258e-04 3.309533131372753741e-04 3.412913224786438002e-04 3.507271350360595960e-04 3.428448828368645118e-04 3.301531412083705394e-04 3.320832802700997700e-04 3.355798116373566280e-04 3.316276204145293498e-04 3.279380841583246268e-04 3.309494481276220113e-04 3.402714121031740770e-04 3.392979857201693485e-04 3.323371316593731143e-04 3.356963643504844814e-04 3.432585060322041349e-04 3.510473150023155206e-04 3.609173796801308553e-04 3.512099760772020873e-04 3.331092507756814149e-04 3.320244264349656721e-04 3.343069919462000189e-04 3.395101050547992853e-04 3.502402527589836998e-04 3.422651244719376569e-04 3.295881381627332237e-04 3.318259269291454205e-04 3.276120294458983767e-04 3.286810662341332423e-04 3.379463549625293063e-04 3.399241848225727941e-04 3.356648995270753886e-04 3.259584435300762716e-04 3.086626266179696640e-04 3.094946280759256884e-04 3.316007538053391494e-04 3.479135521556636808e-04 3.550559898973540364e-04 3.553215166600559062e-04 3.522610306255080778e-04 3.493983885577309169e-04 3.547562593631504394e-04 3.689907021907467676e-04 3.691162751036373068e-04 3.484006534757535557e-04 3.285075480998227615e-04 3.378886888233066091e-04 3.513917731633220453e-04 3.518927313850571436e-04 3.431515467329106618e-04 3.349521784038164739e-04 3.247950539564655533e-04 3.230315380687750733e-04 3.271671583060022656e-04 3.304081993110755903e-04 3.272521780142493815e-04 3.183385493436118735e-04 3.243619560441647945e-04 3.341232733203737927e-04 3.330231249039436328e-04 3.219434817983500129e-04 3.228063261219412728e-04 3.345478142797876208e-04 3.514645029159052178e-04 3.530256896641929170e-04 3.314288196745794981e-04 3.293961694843204873e-04 3.448524676639252561e-04 3.432926558753372553e-04 3.365829381114736861e-04 3.416543567351548088e-04 3.464445814140972111e-04 3.301794430333347338e-04 3.080074006664124358e-04 3.093639745054454137e-04 3.267080242218843621e-04 3.461126608079992308e-04 3.374807279741574373e-04 2.771711288661488646e-04 2.026258271542118021e-04
2.034185787834689833e-04 2.705494867295365861e-04 3.126472753606794521e-04 3.292071025342187263e-04 3.453929925970493429e-04 3.465572318885262260e-04 3.340398423451123406e-04 3.277810546982112090e-04 3.201590609113849671e-04 3.207183690763727637e-04 3.439871119634807755e-04 3.570258906873908849e-04 3.485608834941620899e-04 3.380261216615852173e-04 3.297939978986802381e-04 3.367579214699182471e-04 3.466943886861376762e-04 3.457070920398370171e-04 3.383733680571900256e-04 3.261259560044805746e-04 3.299643002472830641e-04 3.399257696200958250e-04 3.362568182420195510e-04 3.289279856254123582e-04 3.253056923162759933e-04 3.177289507827091601e-04 3.154314751169569764e-04 3.214338800709006872e-04 3.250426293165123090e-04 3.329848497366742896e-04 3.414289421253496968e-04 3.449609315024936874e-04 3.423514227524583815e-04 3.398699516996562240e-04 3.296692407694733597e-04 3.203170341718523896e-04 3.255770677539078614e-04 3.326934600857074957e-04 3.310514888517260930e-04 3.331093051086122560e-04 3.384804806358553326e-04 3.319955792566066247e-04 3.290637410496714864e-04 3.347605328792453141e-04 3.284987280823050424e-04 3.261695140199551406e-04 3.404344885241389210e-04 3.415731803321844784e-04 3.381776819041322794e-04 3.460978863134701704e-04 3.492748954556620976e-04 3.347260129873838260e-04 3.210902754148378039e-04 3.147483950651045479e-04 3.203873451796321586e-04 3.318487525841756812e-04 3.364963560049989569e-04 3.358782927344830960e-04 3.393211676689359855e-04 3.400752747042692188e-04 3.390795591215805746e-04 3.485299604657582872e-04 3.639062025972587887e-04 3.690715800296546275e-04 3.516929139493742639e-04 3.265989087987066376e-04 3.285153086060090552e-04 3.427824238342665371e-04 3.455802179230254992e-04 3.451537910170181158e-04 3.541925999905479400e-04 3.511266229103185399e-04 3.397532277762077102e-04 3.322819304562955878e-04 3.350442884992806711e-04 3.399048232764829329e-04 3.339066344304148035e-04 3.348882917201710056e-04 3.418942531414215918e-04 3.479667486215554887e-04 3.388230874574343389e-04 3.205982862831356075e-04 3.145030826167010719e-04 3.267237498970628580e-04 3.382859049309674179e-04 3.209688419826523626e-04 3.124185049817858957e-04 3.365506703193769044e-04 3.546432456964171767e-04 3.519755324000043762e-04 3.501222310602475612e-04 3.524948440211357137e-04 3.367047986779806920e-04 3.124550758854327060e-04 3.035055852217369851e-04 3.148772102851518954e-04 3.370231256512916601e-04 3.422327584320904994e-04 2.947360091977524552e-04 2.172956906756041105e-04
2.211742675537983240e-04 2.710171254244024964e-04 3.098173315638843585e-04 3.343039052923049747e-04 3.502356654329635702e-04 3.418215604994738932e-04 3.248806619453143644e-04 3.251544512244417331e-04 3.307661696459047161e-04 3.430537543528536302e-04 3.574238551432612661e-04 3.436950315985174038e-04 3.211273125047312839e-04 3.166284172687279302e-04 3.288348614680600981e-04 3.522502679021678675e-04 3.583429815041564250e-04 3.437766018873467761e-04 3.293748700325118631e-04 3.225443931492362774e-04 3.347916459208933508e-04 3.457733044555626059e-04 3.298505162865804038e-04 3.137413941421609426e-04 3.108073529846980786e-04 3.087103454443176453e-04 3.181663388511555115e-04 3.297863801907205839e-04 3.256678956620174506e-04 3.310845937604401648e-04 3.449242132077801320e-04 3.459622438363649504e-04 3.338462077556891188e-04 3.271715005647246686e-04 3.195790874115802638e-04 3.146266784369801308e-04 3.218771798907398181e-04 3.296457387342115446e-04 3.297671210415437744e-04 3.342273927218599523e-04 3.391051343669096614e-04 3.271535439860779205e-04 3.168676227848004289e-04 3.183122350904139439e-04 3.283646445772902406e-04 3.421743103538890662e-04 3.525256648517180219e-04 3.474186251066919409e-04 3.358285055321422814e-04 3.405134669789552579e-04 3.490060371588851393e-04 3.342125135601866368e-04 3.196717108561819651e-04 3.185743413439797367e-04 3.261152168267523847e-04 3.301935597766883284e-04 3.301948604359798613e-04 3.289019251479994286e-04 3.315721020695299413e-04 3.252290766191945088e-04 3.167729815015308159e-04 3.219069044823899225e-04 3.393458762659851851e-04 3.520565255613396791e-04 3.449935211452488984e-04 3.301082583366417560e-04 3.240052273765589184e-04 3.298564514783727071e-04 3.361412142739532145e-04 3.423100853371911648e-04 3.542485251328656186e-04 3.527545070741810833e-04 3.416838289278201169e-04 3.323824347344788745e-04 3.279096014703909972e-04 3.295648238217576288e-04 3.269133452528694443e-04 3.300169529678978779e-04 3.429406474765940072e-04 3.548846008109764086e-04 3.487818932075300140e-04 3.302610786170126272e-04 3.228958935393405182e-04 3.333774592593324307e-04 3.447094925431503721e-04 3.282480803435589055e-04 3.095920680291628421e-04 3.198308035434982931e-04 3.341532250153042517e-04 3.395640973893620813e-04 3.459528409270191647e-04 3.528587734965585808e-04 3.524034469909599187e-04 3.384935140326524212e-04 3.178147747241568191e-04 3.142674486222104169e-04 3.245116636711690029e-04 3.342902191622100809e-04 3.052778599332501620e-04 2.366929769485914316e-04
2.278664573579061757e-04 2.730096001990115319e-04 3.104342635186476611e-04 3.333930357042328894e-04 3.411907180809329904e-04 3.241758533492820307e-04 3.085838402438231104e-04 3.179970825301294706e-04 3.452843238169872857e-04 3.636233356480839097e-04 3.456321092571690810e-04 3.107724723105503828e-04 2.990460515898826712e-04 3.055313895018558438e-04 3.227829796170798111e-04 3.438343536558826838e-04 3.454008619690615502e-04 3.303154629901556248e-04 3.202544881050521045e-04 3.174313479604766930e-04 3.274575047984372282e-04 3.348646068179905342e-04 3.221605832549988150e-04 3.136821741609967912e-04 3.111573469137692526e-04 3.127524908505595965e-04 3.355415187933188156e-04 3.452255310718842793e-04 3.215064718198813905e-04 3.095700807815016109e-04 3.256156485936832832e-04 3.378790611671974686e-04 3.267408909598305496e-04 3.160709133794950857e-04 3.188284471743177070e-04 3.300214408878847437e-04 3.427655039311600679e-04 3.503761622831794154e-04 3.440648294465091343e-04 3.351549808978055225e-04 3.342811392102349398e-04 3.304914882730946224e-04 3.206550546426105712e-04 3.191794976148914055e-04 3.403104191398259549e-04 3.559245228320519336e-04 3.525414156182856622e-04 3.378698093332622738e-04 3.240596201581546695e-04 3.304375931414721846e-04 3.432210485636561339e-04 3.349728825421888559e-04 3.203013325800347418e-04 3.179762287997334787e-04 3.266478696850316776e-04 3.336471807316751352e-04 3.369676944969683175e-04 3.374779135464063095e-04 3.324863037022529090e-04 3.155211093663263557e-04 3.009162180810324300e-04 3.047481035193198287e-04 3.269377772686758721e-04 3.380781344117654748e-04 3.354674933363837805e-04 3.362708456988835939e-04 3.279042696514646331e-04 3.189390144552258248e-04 3.198430637936963391e-04 3.246412891988468066e-04 3.286906353301901761e-04 3.231638904000639105e-04 3.170769887052349908e-04 3.171648811320256747e-04 3.171023504249445828e-04 3.245669750822476746e-04 3.331132816538720531e-04 3.411872002786997234e-04 3.515843924031652459e-04 3.482015378787598923e-04 3.332975171377181500e-04 3.247909213620944063e-04 3.302270807882280983e-04 3.490894286830048565e-04 3.606399801719792808e-04 3.498675856883419174e-04 3.289885527312803979e-04 3.190169071476657244e-04 3.174783578138226777e-04 3.298240833058838843e-04 3.466096665097642649e-04 3.483557969663032892e-04 3.469851362948217412e-04 3.391377466886141400e-04 3.209784182515077844e-04 3.200430867788155772e-04 3.286941364977766580e-04 3.323857260931319460e-04 3.060823783801731694e-04 2.415840040623045391e-04
2.278226229107392132e-04 2.774683673582020792e-04 3.060610630309358810e-04 3.144204537679933832e-04 3.178452447525157570e-04 3.100130381761781895e-04 3.108521606838874447e-04 3.254063357395892142e-04 3.504976143159902911e-04 3.629749720697073457e-04 3.380919332803048708e-04 3.170261514771296509e-04 3.233529675226838812e-04 3.271314303767302212e-04 3.269463249521074822e-04 3.236120054754906437e-04 3.201371364539223408e-04 3.188011837954343427e-04 3.211378458609678963e-04 3.228178844172357727e-04 3.321448397696873112e-04 3.376601192718256409e-04 3.295861211942777429e-04 3.298906121315406609e-04 3.345229907662240201e-04 3.371540142177936001e-04 3.536773891979635119e-04 3.551610666565565731e-04 3.287054180155910997e-04 3.053931464923860875e-04 3.098135398501390214e-04 3.315189707265091506e-04 3.365838787708398954e-04 3.287121819238426825e-04 3.314195596163774411e-04 3.431602933236999791e-04 3.550813981192912612e-04 3.617083738796677043e-04 3.532430688577773824e-04 3.394794993372576928e-04 3.367906225703425072e-04 3.432018108808620321e-04 3.402095371599515644e-04 3.340696044780510450e-04 3.414175153137226837e-04 3.437070723478186074e-04 3.354080916477587024e-04 3.258890119205708636e-04 3.221390441174447642e-04 3.326243016882004687e-04 3.417249260857213567e-04 3.346814769233967470e-04 3.222857255257182340e-04 3.247978017749403182e-04 3.322001802549482807e-04 3.346198116202244539e-04 3.319545682989068214e-04 3.344041235690415606e-04 3.377371783573254998e-04 3.313072316685568199e-04 3.244436742002226653e-04 3.261821970748513943e-04 3.348669860662655483e-04 3.326135167118264243e-04 3.284314059973239899e-04 3.384427491543769845e-04 3.362733363924193968e-04 3.222366838556320573e-04 3.166513805667634743e-04 3.133996711074682755e-04 3.096742299503096245e-04 3.019196024855588323e-04 2.962613798470189932e-04 3.054746895761825285e-04 3.200531298884506286e-04 3.367356563426621391e-04 3.480116067164592576e-04 3.515120893177183740e-04 3.497039556182614251e-04 3.323341937555799870e-04 3.152719685886974719e-04 3.151870428820009859e-04 3.247198327761818956e-04 3.442761138112915764e-04 3.609089315623562879e-04 3.624647976571374487e-04 3.468183609547631887e-04 3.308275585864772664e-04 3.263025796401278818e-04 3.384311800297877212e-04 3.532006149755108565e-04 3.478756190085257921e-04 3.397959401325076454e-04 3.285750938943883624e-04 3.112936640226762839e-04 3.160389339420759504e-04 3.310587907236072110e-04 3.272054668700649692e-04 2.896762813651633148e-04 2.222194658007288070e-04
2.348913937399553650e-04 2.899901932967301373e-04 3.092772135913250198e-04 3.011854906702065432e-04 3.032558346045631905e-04 3.126342529448418320e-04 3.271689009682991213e-04 3.354263262551354262e-04 3.425814510223991211e-04 3.444234111246427445e-04 3.351884027611083628e-04 3.412764431393884145e-04 3.559415619863084274e-04 3.517830970043055649e-04 3.365445188162415231e-04 3.152567391368172136e-04 3.099169424173778384e-04 3.178964667223700821e-04 3.264959840991994255e-04 3.338474232644771957e-04 3.451938373634065192e-04 3.470467707566334274e-04 3.351805077815782049e-04 3.335940424706350729e-04 3.482217912031770435e-04 3.570504012836225741e-04 3.566118185146953173e-04 3.477723179735384943e-04 3.350368087207825974e-04 3.191897912657950696e-04 3.126099552382123571e-04 3.292921819763380419e-04 3.429341610489883068e-04 3.402038572193315106e-04 3.372714081085551865e-04 3.381342622883855894e-04 3.391573541686153121e-04 3.410565733278894587e-04 3.398604989411072226e-04 3.406823111295807869e-04 3.478321111474815854e-04 3.582759060032571392e-04 3.582011081535250302e-04 3.449172744830867905e-04 3.309863216008163090e-04 3.249450848321810883e-04 3.271522087453437519e-04 3.314625789231814531e-04 3.319963762884836460e-04 3.401682172703946686e-04 3.460564695592765203e-04 3.382909912869190745e-04 3.274270244097077969e-04 3.313054277092209593e-04 3.358754595167573465e-04 3.367554044513333157e-04 3.261354248277138269e-04 3.274789402745218424e-04 3.493997768031508497e-04 3.620343719146002556e-04 3.607692445838688250e-04 3.505282806789241290e-04 3.373698014885907347e-04 3.279815457197492049e-04 3.234774536402144430e-04 3.347126672466728750e-04 3.355922019997966180e-04 3.230740583649322623e-04 3.210649129218872571e-04 3.143492373992233893e-04 3.081455200144092577e-04 3.018923900394726188e-04 2.955343137999021531e-04 3.078407597705294565e-04 3.289714891297559635e-04 3.428168249669161422e-04 3.468015212404117155e-04 3.453516829547605962e-04 3.347053677017271679e-04 3.227268760155177886e-04 3.204079960424930425e-04 3.218010879178784668e-04 3.207407245746170168e-04 3.296193376183278426e-04 3.437059486719399714e-04 3.481072944648403215e-04 3.392456007070612507e-04 3.317852870870968479e-04 3.297915846268891773e-04 3.325732804498674464e-04 3.429078610461239835e-04 3.428046407587896074e-04 3.356904728280889986e-04 3.226908872268988713e-04 3.139848955244554886e-04 3.240790421012189533e-04 3.323521380060992297e-04 3.168567516360581526e-04 2.705471186065826683e-04 2.080230506571077644e-04
2.371605822346162457e-04 2.924996584996722090e-04 3.157242912159768716e-04 3.116188642424075621e-04 3.172760773911031994e-04 3.362679893438233480e-04 3.475437325468631921e-04 3.381266364896604645e-04 3.257407957894663687e-04 3.177589869140709901e-04 3.217559394134578967e-04 3.434255655758863216e-04 3.599394522918276723e-04 3.540892020892064031e-04 3.399543962634072377e-04 3.194454002648822351e-04 3.100945809600183902e-04 3.185924483021143725e-04 3.324433913195623405e-04 3.401373861566359775e-04 3.420682311728520794e-04 3.371463601524075449e-04 3.280499973385871126e-04 3.242888124107832278e-04 3.408287783826752064e-04 3.521609980914946689e-04 3.405834006082102215e-04 3.279011828648565751e-04 3.301284894220227195e-04 3.304195657330349987e-04 3.261719796063092020e-04 3.261956035089638760e-04 3.252821449357298474e-04 3.309200298145008670e-04 3.410588804426183205e-04 3.367249344756456783e-04 3.211405316056936883e-04 3.146281003830254702e-04 3.250319023435500713e-04 3.410440466916644063e-04 3.477456383806265170e-04 3.454745672990149129e-04 3.407372685772299282e-04 3.328105936173032147e-04 3.217776474229511663e-04 3.255944691571697244e-04 3.448047069027778376e-04 3.494822572662116154e-04 3.333161083475147217e-04 3.315080488961613149e-04 3.392214613611461830e-04 3.346681966145577392e-04 3.282234913707851977e-04 3.329194826267256819e-04 3.370332655282228733e-04 3.457259770755547563e-04 3.366710705641466237e-04 3.275017530481503744e-04 3.496831241636870827e-04 3.720396392622171157e-04 3.703573772353976282e-04 3.447884525765242776e-04 3.257882119226192426e-04 3.260275852654681431e-04 3.282781549134587327e-04 3.377197220076088072e-04 3.328832890715046526e-04 3.185461311206306385e-04 3.242198461419267550e-04 3.273548946821744528e-04 3.221237925760013629e-04 3.154167776826448475e-04 3.117546105412537542e-04 3.182993011452031444e-04 3.326371023160685884e-04 3.426118667199034651e-04 3.437683825724170434e-04 3.423567651340848742e-04 3.305189958595257252e-04 3.232451536788221087e-04 3.272554610237659667e-04 3.289703301354761833e-04 3.217306171195268103e-04 3.196505489331297363e-04 3.218680543987342715e-04 3.206521981259679351e-04 3.240377597464376381e-04 3.324238935623522427e-04 3.324230220590065161e-04 3.263183563368979518e-04 3.307438585426350844e-04 3.384095631506020161e-04 3.367537067677931276e-04 3.247494172103006400e-04 3.292278162308549024e-04 3.466493595366775373e-04 3.414600185402426108e-04 3.174142803152398993e-04 2.755643869943496041e-04 2.245111850872615088e-04
2.391047277169985788e-04 2.920492896899636493e-04 3.273428641271892894e-04 3.374882869582192225e-04 3.470595632605371012e-04 3.665649809541480391e-04 3.653424217003253750e-04 3.406095681080035294e-04 3.158815560246495610e-04 3.001206567972232908e-04 3.055463360948997595e-04 3.273872616873221494e-04 3.457955716985660699e-04 3.434516696939985412e-04 3.326117662573559240e-04 3.224628284633577341e-04 3.170739487470104973e-04 3.265622720484642901e-04 3.452581037382494158e-04 3.452286203344066134e-04 3.350651226411848101e-04 3.306565385261481813e-04 3.227460327351133426e-04 3.153044773974517318e-04 3.300016057121052697e-04 3.399543624390119131e-04 3.322948517701130059e-04 3.285755879743824026e-04 3.369866030656482568e-04 3.419466652770788507e-04 3.449211903823412801e-04 3.351626706576849458e-04 3.163306432575627505e-04 3.213190706547249410e-04 3.407798798211593254e-04 3.342740297454048341e-04 3.152984004558531455e-04 3.123052142501480310e-04 3.270008760687529489e-04 3.383559443028077507e-04 3.300018445076572868e-04 3.105534348380623467e-04 3.070085220950957792e-04 3.241395857428659754e-04 3.340933967681525545e-04 3.434033496716247633e-04 3.563348858149833023e-04 3.435648158748074712e-04 3.178352293929970923e-04 3.155792348290700571e-04 3.255252648339962158e-04 3.296637675166610168e-04 3.275638772037368484e-04 3.324658727005434453e-04 3.397724564703616303e-04 3.531817963125851454e-04 3.474276262163244881e-04 3.273778422490980543e-04 3.357763852862028766e-04 3.568961370879396799e-04 3.558145169874207879e-04 3.256532965825232099e-04 3.086122293608828718e-04 3.195378680612930402e-04 3.316737873233998289e-04 3.380170534531877578e-04 3.341576076808340035e-04 3.276346285755412681e-04 3.400531099399406064e-04 3.544749435947047809e-04 3.464022141078958498e-04 3.315352376643394784e-04 3.253741289651663105e-04 3.257052310703136260e-04 3.340453922564927403e-04 3.377097222250522801e-04 3.326211481891664084e-04 3.340400224950115706e-04 3.313689435294255589e-04 3.270393254422417290e-04 3.283803847785603290e-04 3.318453183563406300e-04 3.257633685093774909e-04 3.198139984572429461e-04 3.148662750459917505e-04 3.070125892250241944e-04 3.158410195894720534e-04 3.338704379856679162e-04 3.390813843752328973e-04 3.322796184026218565e-04 3.280167430867378517e-04 3.334811910508645285e-04 3.352012887654326045e-04 3.276650874000655795e-04 3.363690557557080926e-04 3.583820850455173121e-04 3.563675639739409106e-04 3.331388999419013491e-04 2.929354150870599116e-04 2.426532210817717141e-04
2.244047012922060439e-04 2.800045862831852328e-04 3.269614931851110387e-04 3.423870165274312113e-04 3.495145484195789974e-04 3.629083508492274399e-04 3.573807688882398850e-04 3.409932306522382413e-04 3.215517350218111007e-04 2.982153809184225676e-04 2.923747282470028248e-04 3.006693595806907886e-04 3.217703557653853359e-04 3.324538334220617473e-04 3.275925023720461203e-04 3.263525096506951495e-04 3.240187993635906469e-04 3.320850436783886811e-04 3.532967512569567766e-04 3.476739941158051407e-04 3.322233091590849228e-04 3.336100948917055222e-04 3.251937255240636669e-04 3.152987441986741367e-04 3.277653218868030634e-04 3.394156515181019217e-04 3.400643946634729657e-04 3.368792052951992411e-04 3.356409171214736050e-04 3.388310608731297745e-04 3.519470019692390317e-04 3.484799291257831017e-04 3.300667395882083918e-04 3.246983283141822649e-04 3.284074821266663507e-04 3.200322876856707380e-04 3.176211132903500019e-04 3.286007085687653122e-04 3.318862042733240455e-04 3.234315099796223345e-04 3.073441407543947698e-04 2.854718053646265827e-04 2.889541331130740694e-04 3.290571502252763415e-04 3.567220214575872439e-04 3.584264325151426383e-04 3.509765490263844906e-04 3.250778278719063412e-04 3.023574554826055226e-04 3.065152601543309546e-04 3.185453413318316078e-04 3.277202600585195726e-04 3.195380184702853758e-04 3.156371152081475064e-04 3.320127134365968196e-04 3.512270867948482896e-04 3.462196866372590815e-04 3.255864514779978867e-04 3.253597935214160020e-04 3.359765705337695169e-04 3.381188100517092945e-04 3.233222495099165447e-04 3.074149234427497792e-04 3.107461862093873015e-04 3.197343977051838476e-04 3.204925653203311497e-04 3.267774670600454706e-04 3.406214236732258869e-04 3.593781466315215819e-04 3.685000860662945117e-04 3.471877717924460281e-04 3.304891336492251502e-04 3.350972951973018449e-04 3.403794322487165036e-04 3.395872285694031775e-04 3.280984348271488715e-04 3.146558509012341862e-04 3.208047942631639740e-04 3.337608714825280719e-04 3.414969250178611889e-04 3.451747040694875114e-04 3.391637575497019694e-04 3.251769338160183181e-04 3.225515221842733832e-04 3.245626613014909170e-04 3.164709143924401401e-04 3.163564292174445231e-04 3.340276914531091577e-04 3.456649690654472204e-04 3.414124039597488201e-04 3.348877334490348717e-04 3.332283581913848933e-04 3.279914217720782794e-04 3.203222685876424701e-04 3.226524851471253134e-04 3.386735422468624846e-04 3.471803952467169131e-04 3.327308004280095117e-04 2.904117566727168020e-04 2.334619297515241627e-04
2.016984149073193500e-04 2.604081577185465065e-04 3.133574844543427461e-04 3.298705622079290941e-04 3.308944641226241020e-04 3.340037430598420979e-04 3.364747698317118504e-04 3.436253653963391259e-04 3.434835152859118173e-04 3.201002509153091750e-04 3.015670063315327182e-04 2.985972943888004472e-04 3.168973846010428655e-04 3.349398380819105375e-04 3.391719633652131053e-04 3.435210186590087521e-04 3.344095400848621710e-04 3.305891596981723858e-04 3.447600187936061562e-04 3.426118151749658761e-04 3.326396076423652690e-04 3.368165989863049822e-04 3.364419867049881548e-04 3.356494808836070075e-04 3.432570167138061985e-04 3.513944749573260631e-04 3.491746954272639532e-04 3.306056679888882532e-04 3.157024574793654325e-04 3.208656704773762405e-04 3.423357706338069659e-04 3.509547205218466149e-04 3.457652513771615390e-04 3.356247985006822121e-04 3.237924010400966860e-04 3.146561135644357051e-04 3.271294872980680044e-04 3.515733097335901110e-04 3.432510305475907535e-04 3.130606928778941530e-04 2.975556082913303579e-04 2.963314737172961224e-04 3.103125671391741445e-04 3.415453142969958832e-04 3.604322569410950763e-04 3.500183965439807119e-04 3.361526120631122593e-04 3.199529788747818796e-04 3.048031521350953493e-04 3.109283513038085551e-04 3.191826694485424393e-04 3.223353583214987029e-04 3.119071152513982082e-04 3.039012329860684564e-04 3.241027521256912040e-04 3.459831309007272261e-04 3.346517605482133748e-04 3.144018090721561283e-04 3.179904014676136390e-04 3.265663711198662058e-04 3.325374492507954098e-04 3.378390616104673134e-04 3.268937626470348550e-04 3.120921647476500717e-04 3.103340589572018055e-04 3.116833768665123799e-04 3.234967483169314179e-04 3.457920611511427827e-04 3.632255283211969100e-04 3.564149045157007220e-04 3.223502342719969859e-04 3.122797627468314034e-04 3.364442659729049209e-04 3.537472039501024252e-04 3.459351201684730598e-04 3.263929467761842547e-04 3.159169617479871462e-04 3.271407953469006053e-04 3.478086385126364418e-04 3.593332366207391531e-04 3.589061341188244268e-04 3.381926736769246466e-04 3.177612014108907416e-04 3.205291501832701782e-04 3.364799888610231103e-04 3.402708238566637096e-04 3.301765961688071425e-04 3.349952886922187177e-04 3.433749143975244099e-04 3.401212872990844573e-04 3.360637419371015431e-04 3.318138896693690210e-04 3.201619763754556510e-04 3.135995099044786840e-04 3.149026679790027194e-04 3.225237266342045905e-04 3.318142987368378300e-04 3.246526194031566217e-04 2.798724835775960639e-04 2.178957721452262164e-04
2.042913387404993273e-04 2.595836812918935854e-04 3.099789733720590941e-04 3.275096812095740716e-04 3.247748644656839366e-04 3.210397629788445603e-04 3.298613295974170455e-04 3.472756666089816353e-04 3.552786940963750979e-04 3.395876941738762314e-04 3.282654320777757414e-04 3.308238383102795927e-04 3.343812860489610165e-04 3.383480552572299240e-04 3.424196659736567037e-04 3.442137828147944379e-04 3.362077138703171227e-04 3.292119703318941424e-04 3.288844505262833711e-04 3.296041025165092220e-04 3.343506756643250220e-04 3.412072335237346932e-04 3.426185338788802779e-04 3.435829633912886646e-04 3.463150134808697751e-04 3.558308150653843394e-04 3.522771742395024532e-04 3.270104569064028236e-04 3.127636284017568731e-04 3.172027348872198064e-04 3.320040121588706998e-04 3.456908686456496103e-04 3.477943937117219811e-04 3.330180938099381455e-04 3.133694996399165995e-04 3.015269272174066271e-04 3.238733730619164494e-04 3.639910051020416515e-04 3.590566073382227491e-04 3.228484983764294634e-04 3.134817459418007897e-04 3.361713344714485478e-04 3.596719298153499243e-04 3.682105235184556912e-04 3.562673535663143107e-04 3.252096912340880037e-04 3.113457941836180473e-04 3.144368252883239772e-04 3.132048032361614814e-04 3.229487007581355860e-04 3.269527340507487161e-04 3.183457433954589490e-04 3.090264709910228811e-04 3.053094319927402182e-04 3.246896009992024119e-04 3.480769929146923665e-04 3.311507112123664512e-04 3.095425131549129293e-04 3.210785322411779203e-04 3.379673193008590803e-04 3.440449974094480579e-04 3.529688688323508444e-04 3.489761333414760722e-04 3.261663359265102625e-04 3.145349287192956349e-04 3.176357487096869445e-04 3.299008632269660323e-04 3.463323995072238831e-04 3.513603755499382581e-04 3.327003765776171892e-04 3.017462846779836406e-04 2.990954488258121095e-04 3.277549905299877641e-04 3.531108624815845363e-04 3.487754912985944794e-04 3.271101018190199347e-04 3.178548541327118337e-04 3.293168619067654308e-04 3.484380115558889093e-04 3.560727442581757343e-04 3.485687636328028798e-04 3.266121657214420449e-04 3.149667145616160064e-04 3.242697502472443975e-04 3.462172867506580582e-04 3.544431114554671101e-04 3.418039920280860409e-04 3.390952627973699979e-04 3.381450662114376818e-04 3.274414444409422037e-04 3.250217422207015024e-04 3.275036995132897793e-04 3.217511126279861506e-04 3.266436500105056491e-04 3.358150896668729351e-04 3.329378689440688267e-04 3.305640489327194096e-04 3.232123816455435860e-04 2.764746133036422699e-04 2.148098014835261903e-04
2.215940559582097792e-04 2.711543603691921283e-04 3.132453423039952348e-04 3.333803690639243695e-04 3.385062899780096231e-04 3.384660110172463547e-04 3.447182965433927488e-04 3.543877384814736789e-04 3.510660322615680130e-04 3.370108573157734946e-04 3.420588650333348493e-04 3.549450487996942769e-04 3.405609522003069981e-04 3.228488584955831447e-04 3.177880088794841169e-04 3.167735286288492018e-04 3.227387386499838825e-04 3.280799447545894483e-04 3.223372990685312387e-04 3.231708503718136666e-04 3.375376328683660611e-04 3.413131223508008129e-04 3.321061081600463843e-04 3.265380011349174332e-04 3.299967626418607311e-04 3.458205774025145196e-04 3.515703644015342804e-04 3.400354949059267119e-04 3.321254035355190827e-04 3.286708735128825599e-04 3.274845224951983226e-04 3.336251948552955730e-04 3.387740667472753696e-04 3.310143516515513286e-04 3.120167138184519137e-04 2.965630146575465656e-04 3.219636373188666605e-04 3.643309823194463832e-04 3.587690407023997230e-04 3.303670056880512974e-04 3.306872318305399271e-04 3.542833309082027990e-04 3.741299987974712796e-04 3.778020995579977497e-04 3.569318376196442197e-04 3.180827318109576661e-04 3.059511377288605958e-04 3.200452272779162437e-04 3.271624159505854808e-04 3.371612240278877050e-04 3.399700801384279432e-04 3.272648079348322797e-04 3.215616615348009443e-04 3.238932101367308350e-04 3.380664952510464838e-04 3.539106693575149766e-04 3.378127177288519343e-04 3.229058100870399418e-04 3.353181890864800115e-04 3.504338278968181959e-04 3.468548484518232944e-04 3.392899931399703242e-04 3.393655061441970306e-04 3.332605865231831480e-04 3.306302918520285985e-04 3.367322026285794029e-04 3.432459978351393290e-04 3.465157787195016813e-04 3.382719724838172300e-04 3.217554162056545340e-04 3.069324135882187891e-04 3.095318750246497312e-04 3.265790759377810385e-04 3.498553995695690994e-04 3.560892420696231070e-04 3.363451364411869544e-04 3.164114332863804651e-04 3.189406717020071996e-04 3.342668534024234367e-04 3.387233762694211408e-04 3.287010700487991545e-04 3.128886309509622569e-04 3.105401776179311508e-04 3.247697974519161133e-04 3.449205473311253798e-04 3.495185840752221035e-04 3.444161268671297070e-04 3.470233442757088673e-04 3.384437548160159639e-04 3.152718541905718424e-04 3.214844584209034244e-04 3.406508654063387801e-04 3.414774802413686689e-04 3.476805292122898267e-04 3.535968398418581340e-04 3.396400046723341282e-04 3.252084473940152886e-04 3.121863558971769590e-04 2.654765490911238646e-04 2.091941396724805887e-04
2.286721187936509910e-04 2.748513420936686612e-04 3.115656258189576124e-04 3.340739861551592126e-04 3.465073820777173053e-04 3.498320220299520888e-04 3.487225907640809780e-04 3.443916668962681248e-04 3.318829731768763560e-04 3.264749060004075009e-04 3.461138266831787240e-04 3.642317218663883500e-04 3.429447343529231718e-04 3.100179913915847079e-04 2.964220991222958363e-04 3.017297016973301618e-04 3.194956692294126529e-04 3.312912363187419697e-04 3.200658507314723756e-04 3.154806167551472604e-04 3.347114719991088659e-04 3.407298371076067128e-04 3.296436208346491129e-04 3.226719655964543714e-04 3.209779694224574697e-04 3.318891394769981273e-04 3.513982968542532547e-04 3.545968198917432476e-04 3.422100662875771711e-04 3.334354016327933023e-04 3.263543904210770320e-04 3.223808839810069242e-04 3.233615907409678443e-04 3.294020208663480526e-04 3.308181173468199539e-04 3.224702435325544139e-04 3.397615036217989967e-04 3.632227643839005355e-04 3.435241011212933045e-04 3.233014961209310263e-04 3.307214746062447875e-04 3.419946262946294176e-04 3.530142207626836516e-04 3.628451881014301428e-04 3.547842159999727062e-04 3.271174668108657113e-04 3.182624607489410989e-04 3.311101170768899235e-04 3.377327793482564331e-04 3.430233581337278318e-04 3.436134290237091824e-04 3.359224270592075503e-04 3.397956611320173455e-04 3.495749671382479161e-04 3.532535175144101104e-04 3.517970083802866919e-04 3.433980126452664742e-04 3.397627246703236034e-04 3.433067763388026336e-04 3.461147409975188919e-04 3.343339703512997175e-04 3.129863686861707466e-04 3.108333287177608532e-04 3.216722030579844413e-04 3.351373860325865392e-04 3.469339418286293076e-04 3.472047817502952401e-04 3.372005668614354063e-04 3.305473613707408855e-04 3.300906719483782384e-04 3.227320939871616400e-04 3.207731145583773784e-04 3.273891534946214515e-04 3.428250915569400876e-04 3.564188584849136386e-04 3.511034917986872398e-04 3.263713151078654695e-04 3.177931730412442276e-04 3.283366332274334151e-04 3.313550935780940326e-04 3.297144855841894432e-04 3.220563120992068107e-04 3.132160241949864593e-04 3.224000015852282897e-04 3.384832451576646681e-04 3.378532524485700159e-04 3.374167738039954853e-04 3.505921629435737748e-04 3.493266326823243461e-04 3.197513842819794559e-04 3.259849109054524952e-04 3.483455440415507008e-04 3.446130992736313775e-04 3.415416396131035312e-04 3.397098425246970863e-04 3.279379111605640871e-04 3.180921968096102922e-04 3.045190995904651634e-04 2.594675008748684782e-04 2.065743267844174830e-04
2.365573423118692582e-04 2.777147077315035876e-04 3.102827296578945381e-04 3.267941004916169695e-04 3.351527375863343683e-04 3.408454043226198660e-04 3.355061557531613002e-04 3.141207218127413945e-04 2.987118921515873136e-04 3.136632985550450478e-04 3.490800534761877641e-04 3.708014747434615322e-04 3.503148832326721199e-04 3.110276809020959526e-04 2.997372005122928658e-04 3.187190990646886039e-04 3.372139830339050898e-04 3.428054382525494393e-04 3.212373049232728167e-04 3.005516822103597939e-04 3.155559400874946899e-04 3.361860215432355484e-04 3.370289491204327592e-04 3.226363129126538017e-04 3.079896207598877694e-04 3.146906020826278514e-04 3.424587537843279991e-04 3.546494934099993939e-04 3.438199484883707260e-04 3.358692446462461113e-04 3.292348587736260222e-04 3.213501684655707354e-04 3.143574198115495905e-04 3.233361035680453301e-04 3.485839896137972330e-04 3.533149718971714381e-04 3.486139385218266109e-04 3.464840226179748063e-04 3.258989806060511420e-04 3.212694535527679373e-04 3.393689827701111073e-04 3.380552925726417607e-04 3.311328332575032935e-04 3.378599140371458631e-04 3.411771921861296575e-04 3.321708829168516222e-04 3.273879470738598214e-04 3.308827424709302311e-04 3.376457575150988493e-04 3.454985956305183957e-04 3.490965935405906657e-04 3.443807724108433272e-04 3.463443279713427953e-04 3.585440399643460428e-04 3.593307698553608199e-04 3.476551722797479671e-04 3.433705904255347037e-04 3.420565885584192110e-04 3.366971591478349984e-04 3.362550009773592917e-04 3.316379946294751050e-04 3.167899352737607198e-04 3.111522574347390315e-04 3.185895087467761335e-04 3.328703147785297151e-04 3.455506236043425590e-04 3.460039767504550405e-04 3.255050397569681387e-04 3.204206803304683105e-04 3.362358480113864759e-04 3.302717861115315925e-04 3.204783167714374400e-04 3.246618699261137435e-04 3.319409871087465450e-04 3.399288653901289979e-04 3.489203174966975119e-04 3.332344215598962182e-04 3.209015272140924337e-04 3.321225781489603630e-04 3.421104599129443872e-04 3.463376758254065979e-04 3.394087574699489879e-04 3.189835081034830128e-04 3.192203511011889715e-04 3.318958776440181354e-04 3.290677484845302135e-04 3.286596066768013779e-04 3.490020702178707468e-04 3.628428130278822075e-04 3.386432849774423772e-04 3.362683077255144764e-04 3.458602407660202652e-04 3.350518017714456233e-04 3.211827956985798763e-04 3.104110773822467894e-04 3.101795462901258196e-04 3.202810557539928450e-04 3.154242611978020153e-04 2.691356996386694723e-04 2.129838429824034763e-04
2.341758950801412853e-04 2.708044285666771868e-04 3.024578653722323224e-04 3.209626342051415224e-04 3.313868220362868881e-04 3.359981951104993756e-04 3.301469441392112765e-04 3.043044698606982876e-04 2.874789998818741031e-04 3.111321307099437251e-04 3.522018859156383864e-04 3.697049668215670291e-04 3.531050873098416903e-04 3.258984570027825974e-04 3.231447051978069774e-04 3.466097841677013148e-04 3.550344843074836054e-04 3.429470719600678091e-04 3.164697739621684380e-04 2.919845190741314034e-04 3.051717525164859965e-04 3.372519152937695965e-04 3.430374233375105839e-04 3.188665391665403592e-04 3.001148116345119660e-04 3.095132679807262354e-04 3.339231428394415224e-04 3.464833571293977465e-04 3.416370381405244797e-04 3.362517187747166426e-04 3.299450439012503646e-04 3.282378416811133101e-04 3.285247118832926175e-04 3.368020274962311815e-04 3.603656176561421303e-04 3.641685752590908512e-04 3.380237684457382610e-04 3.210196713767575981e-04 3.146287151606466962e-04 3.220063288712224163e-04 3.447729285872401669e-04 3.399255461589783763e-04 3.220186884140759402e-04 3.248418798063811529e-04 3.297217819587427621e-04 3.322176085919968875e-04 3.359937519616421845e-04 3.365133372634327661e-04 3.408823188409603410e-04 3.486106800536099533e-04 3.552681702263286393e-04 3.479209971925113342e-04 3.394152715853789980e-04 3.443807986256221016e-04 3.436764634289751069e-04 3.319193824361758448e-04 3.299735334102091842e-04 3.308724197850308052e-04 3.259969914800593498e-04 3.266973119675929595e-04 3.312274820519081750e-04 3.312013062313490241e-04 3.249067686509817541e-04 3.233248457864048306e-04 3.305391914058664450e-04 3.395245190766892486e-04 3.442799363854978558e-04 3.274494863116164667e-04 3.252038809627483718e-04 3.466223245377611831e-04 3.397480847795403898e-04 3.204685188430878191e-04 3.198144131798748334e-04 3.262630990634715405e-04 3.307370932041113140e-04 3.371686993863828950e-04 3.260553412572052821e-04 3.141922182990844600e-04 3.290675619015480217e-04 3.462987214625217608e-04 3.459283119717412587e-04 3.396419496166962681e-04 3.233398142190366102e-04 3.194465446015873821e-04 3.267742147561443445e-04 3.253336705939045403e-04 3.214875690655572297e-04 3.324871085889749599e-04 3.467802421652982142e-04 3.390042403461279372e-04 3.405340661179751113e-04 3.444785248346301869e-04 3.325416358407119505e-04 3.109221386940336229e-04 2.987476525351749060e-04 3.119293247314731173e-04 3.298115463125310788e-04 3.233570146418796422e-04 2.741528123397985644e-04 2.126939825108375179e-04
2.160306341111835414e-04 2.570520279614895332e-04 2.955256611898877126e-04 3.244017276182749711e-04 3.420449611231571969e-04 3.427389330653738634e-04 3.357490017678765220e-04 3.152902720292565138e-04 3.045241551223353601e-04 3.278230117057641608e-04 3.573110005574180658e-04 3.587436995476126714e-04 3.485156989538213952e-04 3.464410806984062488e-04 3.479004881088416479e-04 3.634834766853503748e-04 3.675354012448558061e-04 3.416613210087591189e-04 3.110574977236087472e-04 2.982986478816492177e-04 3.195849122801680021e-04 3.514355755973432114e-04 3.507509872892487692e-04 3.269161580261913200e-04 3.125918921733895580e-04 3.215101281301041862e-04 3.354746410574474622e-04 3.387364917655864946e-04 3.328475521389602509e-04 3.309083138193951498e-04 3.253621298873672933e-04 3.310169711591916968e-04 3.466173605462329705e-04 3.575232513426800118e-04 3.619939310892057510e-04 3.509246652208543836e-04 3.224577844175902964e-04 3.107803665826092956e-04 3.175860822261634508e-04 3.252064724932741372e-04 3.384384386417026462e-04 3.380028043938993702e-04 3.252445817452895597e-04 3.265412673631283439e-04 3.276438238416022716e-04 3.294968519096443138e-04 3.378137716577868355e-04 3.431899132817309859e-04 3.456872642287425767e-04 3.452724228034584060e-04 3.443248435886657379e-04 3.304644046567947659e-04 3.178925056242726602e-04 3.180351538949940113e-04 3.155602528747471235e-04 3.074612010170570337e-04 3.109858174173180285e-04 3.217789250618853774e-04 3.214098692438071810e-04 3.209324786860931608e-04 3.326775347783988371e-04 3.464879331585126788e-04 3.409904422514281326e-04 3.280803123972490364e-04 3.240627519620792622e-04 3.313765794837549602e-04 3.416486159821439873e-04 3.363079029158137214e-04 3.369776441740555376e-04 3.458594732369615096e-04 3.356526374731480305e-04 3.243533763880264214e-04 3.277623813703554856e-04 3.344930105688696158e-04 3.342249981544277541e-04 3.267152732964415671e-04 3.141954122933822381e-04 3.042110942048988510e-04 3.164192813339952921e-04 3.341283300103872322e-04 3.329001410206700907e-04 3.323767245809313917e-04 3.214265349914080354e-04 3.152937105238586262e-04 3.234046358662798866e-04 3.292493007860832063e-04 3.246449992904067335e-04 3.212707314923182343e-04 3.226854805036846567e-04 3.240153713034058620e-04 3.334208848557602403e-04 3.435405921340427878e-04 3.417902429384556671e-04 3.240510607975637656e-04 3.158890842739472743e-04 3.325431387237730600e-04 3.361363135063903445e-04 3.185630707922076053e-04 2.763103940129171170e-04 2.155431577424998682e-04
2.070665023988718526e-04 2.571692858361764142e-04 3.052251253432160098e-04 3.343800572749093232e-04 3.482486637656043334e-04 3.522543665481972096e-04 3.513594425838662385e-04 3.335270308094382460e-04 3.278450521149471261e-04 3.430465627307418956e-04 3.501589979251666998e-04 3.388997282848431672e-04 3.301181664336473674e-04 3.381926354134513106e-04 3.434403301530569979e-04 3.552607994824895799e-04 3.648243193668194778e-04 3.462829369647863051e-04 3.171859956443456624e-04 3.136552917660132911e-04 3.378115461223741927e-04 3.588578911617735763e-04 3.548174406768659847e-04 3.417708605084917488e-04 3.265271084473113112e-04 3.246143069543334036e-04 3.348010526006183819e-04 3.407385841732096321e-04 3.400743797357443110e-04 3.406577839136679890e-04 3.288783954423829450e-04 3.270153705935503665e-04 3.432191817162456426e-04 3.539932256648780978e-04 3.416652080041652183e-04 3.209003587277601101e-04 3.141121451506371327e-04 3.206417545154404509e-04 3.306985543275511299e-04 3.404660840537129265e-04 3.469933149235428400e-04 3.452779611924383131e-04 3.364436004634467235e-04 3.323752225444550745e-04 3.270110096022452043e-04 3.273726114665398185e-04 3.384022585609590102e-04 3.437080107500093589e-04 3.380550083880421884e-04 3.316821827342883943e-04 3.294279569520746319e-04 3.190700169109300871e-04 3.130911208757373044e-04 3.162112190820950746e-04 3.134297052063233472e-04 3.057724058214327184e-04 3.084194970545170553e-04 3.246973483610306535e-04 3.299411432630953338e-04 3.269486096051029160e-04 3.348118151955406996e-04 3.511127716218075145e-04 3.532932014554196953e-04 3.390931265513784810e-04 3.303075871262212918e-04 3.390074623256862001e-04 3.413291211787194274e-04 3.280438571755102352e-04 3.269289288400542256e-04 3.277808476526795022e-04 3.192362189996899961e-04 3.262481498336115664e-04 3.438846009691733270e-04 3.525935652100711326e-04 3.464149155351323194e-04 3.336677868114240673e-04 3.232797488306369225e-04 3.153811987834889046e-04 3.182396150985590554e-04 3.290350968642961893e-04 3.308181521066398678e-04 3.321951371098577285e-04 3.164247762323678164e-04 3.091178591381040040e-04 3.203142008787284020e-04 3.302204279084478174e-04 3.295043373286614180e-04 3.253906534739208086e-04 3.233355683074245102e-04 3.258857824669850189e-04 3.315289077678839616e-04 3.429258336548212825e-04 3.561666870642313460e-04 3.527508709879630501e-04 3.459348055971376082e-04 3.540829818088258923e-04 3.413622173760976473e-04 3.150024106318843886e-04 2.792484159926721739e-04 2.214443115259125453e-04
2.129122327601415073e-04 2.646218392464988337e-04 3.145382578263101634e-04 3.369281647453231882e-04 3.444907400109468109e-04 3.547479034757133887e-04 3.590200966978239440e-04 3.358866213561249479e-04 3.291444805663245460e-04 3.414847462310537552e-04 3.388724467542980970e-04 3.270320349851240597e-04 3.164124924307028415e-04 3.215941419021017475e-04 3.324759129324340130e-04 3.474042723578491605e-04 3.578441262184296539e-04 3.451650930938225063e-04 3.211626935966098873e-04 3.204549860131663164e-04 3.357121241300843042e-04 3.405296732264762537e-04 3.378741767149106602e-04 3.391727642413302655e-04 3.307606572592517824e-04 3.200819565878121635e-04 3.241756811203896959e-04 3.403960582257189223e-04 3.553985802755863042e-04 3.545814857191519369e-04 3.351312750909574058e-04 3.288350766675550950e-04 3.454291176076936193e-04 3.521601348012227180e-04 3.226432603032737892e-04 2.988526442964864471e-04 3.145874494822602924e-04 3.311649407314106331e-04 3.361102523727004074e-04 3.505680776980897107e-04 3.577525812809833347e-04 3.499495678722983451e-04 3.427209171499589232e-04 3.386075958346073940e-04 3.304513824148639332e-04 3.333665240033969134e-04 3.449640311200248099e-04 3.428337609371411672e-04 3.286865467399922185e-04 3.228340498045678382e-04 3.264643894511854360e-04 3.244206005026628007e-04 3.213564107517266491e-04 3.251252100709536353e-04 3.255114743081295096e-04 3.186278830978880395e-04 3.214531848364975348e-04 3.435792240022202538e-04 3.560128473936639251e-04 3.489422345747863878e-04 3.431202947503851587e-04 3.453978924500538533e-04 3.487977578790093071e-04 3.399052507982943967e-04 3.357747625616466954e-04 3.459223724602519031e-04 3.390040032455647417e-04 3.198621144980818274e-04 3.232908434628532757e-04 3.308981682183191999e-04 3.261696155528727393e-04 3.336595465246493600e-04 3.536163509428754109e-04 3.670731555377949786e-04 3.601746717423336846e-04 3.438162942303792536e-04 3.310438026836664367e-04 3.275455924836028106e-04 3.281545029111517311e-04 3.325135278388107385e-04 3.383500709779207094e-04 3.398552742749626774e-04 3.193005849342849369e-04 3.140745525127063920e-04 3.282631335033883279e-04 3.362452337890745155e-04 3.344341442075030252e-04 3.323281802793177399e-04 3.391950741237639648e-04 3.477835047745230163e-04 3.424398229598919026e-04 3.406125026510839612e-04 3.521827171937115747e-04 3.615187507290143986e-04 3.632595045107814584e-04 3.589287019560279211e-04 3.416534604231357916e-04 3.202195161538689454e-04 2.827726987473431174e-04 2.225578094160106065e-04
2.205262975826104317e-04 2.725910797872035701e-04 3.179122322924246092e-04 3.311363845331368816e-04 3.323883231663267912e-04 3.417589044726960157e-04 3.492471862306450125e-04 3.362571159923772863e-04 3.319017406052971473e-04 3.380672453802901437e-04 3.328598351429182191e-04 3.266739293177065907e-04 3.173236200493802727e-04 3.162767483918043580e-04 3.281683971028175268e-04 3.465564717516412575e-04 3.512806299686990980e-04 3.326147327517149470e-04 3.168294493344603986e-04 3.162752397485370259e-04 3.196170630780071861e-04 3.206534959194645186e-04 3.246804009989421019e-04 3.328887542742745378e-04 3.376142571854451107e-04 3.312225844042590833e-04 3.244775151847376343e-04 3.335293641064860076e-04 3.495798788627161452e-04 3.444696948177389598e-04 3.268395190521631135e-04 3.289741943308408054e-04 3.495971485384630445e-04 3.517965344715194825e-04 3.224232459940282744e-04 3.116042608449667677e-04 3.364651951416609528e-04 3.506225647961922149e-04 3.465280410101064705e-04 3.531495065741493576e-04 3.561029439773171715e-04 3.448397964404124774e-04 3.363929765500397540e-04 3.294508919937316023e-04 3.215475970937460722e-04 3.348845471488309366e-04 3.518144487909378873e-04 3.461566215488216043e-04 3.281953216433278414e-04 3.179535943454383671e-04 3.204496464081925920e-04 3.222573687865685045e-04 3.190835878151040538e-04 3.258663472171165090e-04 3.361154793938529598e-04 3.322488465499119246e-04 3.323659406363014277e-04 3.542084997894784197e-04 3.672686452531200539e-04 3.551448731771692955e-04 3.435325534837672988e-04 3.414563944499379548e-04 3.399381007800707276e-04 3.262543334387529512e-04 3.246433679795801856e-04 3.386551308093730880e-04 3.382233361986486907e-04 3.324747512427918533e-04 3.380811266836162383e-04 3.430127279582939203e-04 3.379655914373325067e-04 3.337476211185077700e-04 3.394284686200598746e-04 3.480507396962514381e-04 3.431059677084882277e-04 3.335106060932368751e-04 3.309850119925262244e-04 3.351446213526154119e-04 3.310717602260382104e-04 3.278486732128027201e-04 3.375883482205387152e-04 3.437781311062238464e-04 3.294258983468606027e-04 3.247468169410971245e-04 3.366777718518884090e-04 3.455617858374615981e-04 3.411920388578037295e-04 3.360029153534708221e-04 3.440172364810821764e-04 3.492372191174137382e-04 3.382721822215319476e-04 3.309563953994852691e-04 3.362341129246206430e-04 3.549093290028896425e-04 3.658418965774575633e-04 3.461869789149299740e-04 3.316158948224444424e-04 3.248185224944495002e-04 2.808468651284334243e-04 2.132207981178738684e-04
2.180496431931443603e-04 2.809228876426061376e-04 3.255155092345118342e-04 3.271302181234086786e-04 3.186524619221699998e-04 3.235730000130063741e-04 3.308606996778067815e-04 3.370359450656116663e-04 3.385447053724738396e-04 3.256481004295792001e-04 3.115466338658122165e-04 3.156978367100763154e-04 3.206120526723854006e-04 3.215055271394355965e-04 3.314954803986975033e-04 3.440040804816012232e-04 3.452513254187437961e-04 3.345437356367611677e-04 3.258795670116021144e-04 3.137878577744972067e-04 3.109660704130673891e-04 3.188032831301371639e-04 3.247800301805853435e-04 3.306082194216311229e-04 3.411987121867299678e-04 3.431816275586250945e-04 3.336636545720016297e-04 3.279963141389527471e-04 3.301295055681997955e-04 3.234482975136623037e-04 3.120525076914972408e-04 3.218112987875235576e-04 3.409667389571729057e-04 3.388442940460411343e-04 3.265370253016401311e-04 3.334228699347183307e-04 3.538764982447319151e-04 3.647047012370762016e-04 3.601356315651618560e-04 3.589652931075289059e-04 3.571265774627826518e-04 3.461086076621026301e-04 3.343141198560564470e-04 3.167676228823742852e-04 3.067870763502030581e-04 3.281373277251269766e-04 3.490094450223114875e-04 3.452886166178747258e-04 3.323082614423379568e-04 3.215997510230221958e-04 3.203175189053231457e-04 3.219774542200533720e-04 3.239376413382621727e-04 3.363782210214036231e-04 3.464469646569207323e-04 3.385730331208861867e-04 3.244986947249959511e-04 3.311525677448644983e-04 3.402678606852310933e-04 3.330256280721696077e-04 3.266457864552860680e-04 3.278937979639660622e-04 3.243878073205005270e-04 3.097882669897077633e-04 3.068537888969216903e-04 3.220121880613675239e-04 3.343990691651017953e-04 3.445760651071761360e-04 3.483345297572075592e-04 3.454000108938656095e-04 3.407186353930486680e-04 3.290667047257541354e-04 3.170476049807479410e-04 3.101893476205457869e-04 3.080333296492911372e-04 3.163244749738746732e-04 3.360538833883388275e-04 3.469202188220237796e-04 3.288046627372475999e-04 3.174796802801799125e-04 3.319232739396174364e-04 3.421420365847738709e-04 3.359230927000890488e-04 3.277693734446975819e-04 3.288162333106996486e-04 3.375266946237813937e-04 3.385076830980282732e-04 3.347105737556728541e-04 3.319124833691994465e-04 3.206491008870869866e-04 3.130318246971613289e-04 3.160641532978318547e-04 3.226088678562374478e-04 3.439058076078120411e-04 3.548647658183446481e-04 3.301082519447355460e-04 3.197246611725048922e-04 3.183293081420080113e-04 2.679827422509494482e-04 1.970705315026158809e-04
2.219051059995076169e-04 2.940118857564327738e-04 3.357349234522667160e-04 3.292634240962315976e-04 3.175365146250906873e-04 3.217013187050956008e-04 3.242373703077158667e-04 3.338113434237879895e-04 3.401028931364353104e-04 3.232023182991954589e-04 3.052814272444080582e-04 3.113383336514318747e-04 3.271334249270890261e-04 3.360489875245330454e-04 3.424784853640326665e-04 3.388564381754819105e-04 3.362217707286258234e-04 3.447563541781217171e-04 3.431769146316566489e-04 3.215788210464115126e-04 3.221674954970049111e-04 3.351423452437288122e-04 3.276961027649125070e-04 3.204822138213409216e-04 3.328213585059354050e-04 3.441039871944556934e-04 3.371785730799592906e-04 3.248397450108543301e-04 3.223367502331983721e-04 3.208681662305860232e-04 3.133544429631152529e-04 3.204851558301777194e-04 3.311290631017103740e-04 3.275368037852711056e-04 3.301290904951161443e-04 3.436023507710426724e-04 3.466671200737526915e-04 3.459302902244635377e-04 3.452532490068220073e-04 3.496831297389268968e-04 3.507453264877651174e-04 3.433540071977743110e-04 3.367486236133674293e-04 3.203857832293959614e-04 3.071467692703428506e-04 3.175935697618286662e-04 3.301585805768072167e-04 3.321540936756856759e-04 3.337732547995819234e-04 3.337882029779766133e-04 3.334421078130145755e-04 3.321938460293993108e-04 3.377333079994111319e-04 3.504272745686080274e-04 3.525868395032451339e-04 3.391441553316618032e-04 3.140808401445252941e-04 3.028871629636623692e-04 3.072480398674575170e-04 3.137151072981270898e-04 3.159427473716012839e-04 3.126579898928791854e-04 3.127923513924975611e-04 3.152922039505025938e-04 3.109683366099350293e-04 3.108650490322263172e-04 3.182880929696180737e-04 3.341490213292439828e-04 3.442272156106749941e-04 3.438107239103022029e-04 3.415084466197362270e-04 3.341241205085988559e-04 3.225888809978893958e-04 3.102664178730712833e-04 3.089910454904517883e-04 3.178400704931911517e-04 3.357005639369325532e-04 3.431398543899143497e-04 3.197586433882567986e-04 3.121079955796536012e-04 3.335903917345262558e-04 3.469500774691254650e-04 3.465948385364731499e-04 3.355246874863615893e-04 3.190983938087749508e-04 3.181392035815759113e-04 3.316236319742715995e-04 3.406102229231096389e-04 3.306486252310956390e-04 3.050699529822534836e-04 3.038609123013771645e-04 3.218786540293540549e-04 3.335564013327294627e-04 3.508989349980537399e-04 3.540786117322495120e-04 3.305951267994493466e-04 3.181055781687726824e-04 3.077062028625916724e-04 2.583549030379550418e-04 1.973312284782640031e-04
2.238954380408779540e-04 2.942867926874938723e-04 3.370000014956974518e-04 3.384254879033432150e-04 3.304060211679089995e-04 3.385698308498440471e-04 3.437595805690035842e-04 3.425752812252867837e-04 3.411626649313490196e-04 3.344428305267145747e-04 3.282689532155544983e-04 3.358867735434628750e-04 3.465080031600421980e-04 3.438498530504676331e-04 3.369018264168040949e-04 3.241521012002292635e-04 3.178082653589220548e-04 3.304618296359512395e-04 3.367379510019108315e-04 3.268384714757866113e-04 3.389777372189378777e-04 3.542548936816576751e-04 3.355001297713914102e-04 3.120848892046558867e-04 3.188572098802055273e-04 3.404473568915376055e-04 3.402256334244244465e-04 3.274356784144251669e-04 3.275782875755669024e-04 3.328361308514828434e-04 3.303147158602521075e-04 3.291718205934565308e-04 3.293948016407633166e-04 3.297988195005293016e-04 3.369619591095138027e-04 3.427944015725611720e-04 3.300215733697619376e-04 3.200170419306716313e-04 3.201726124606550238e-04 3.314521531700431473e-04 3.403018594683134067e-04 3.351017251335536556e-04 3.323524360247137903e-04 3.321494042363206398e-04 3.264625864845136427e-04 3.207391466575694504e-04 3.194541447968996168e-04 3.239633244493515828e-04 3.382780968209345325e-04 3.447648500389326968e-04 3.384799473787273704e-04 3.324159058417620275e-04 3.371813291949310627e-04 3.495688473709457345e-04 3.543225462712451578e-04 3.434895356544148573e-04 3.189214529834680147e-04 3.005179049877120846e-04 3.017290008892614672e-04 3.133476755117863260e-04 3.150579974913844021e-04 3.068322464212873933e-04 3.173502093173100557e-04 3.398505805874882900e-04 3.327413813671659874e-04 3.153523471213726332e-04 3.113885804098690457e-04 3.228275473229261618e-04 3.374711405009242580e-04 3.434035245459725674e-04 3.434388330061720709e-04 3.455643921703085162e-04 3.453860365444506690e-04 3.362815494140340851e-04 3.360790576832840717e-04 3.355045417401886568e-04 3.349156910031306656e-04 3.312092111812840007e-04 3.142014721152470253e-04 3.174191977088484159e-04 3.378588736616454325e-04 3.475594697268951814e-04 3.535321058753877646e-04 3.466167623266476114e-04 3.149279237212709707e-04 3.014833616195283891e-04 3.227094961559089092e-04 3.432017423851862125e-04 3.411676007211067235e-04 3.213990367768282093e-04 3.176145937286940562e-04 3.325105139120186799e-04 3.432131623926789298e-04 3.541760057943104984e-04 3.539860494237156443e-04 3.374301922497947512e-04 3.236690289034575428e-04 3.072635413701899987e-04 2.659564212896997669e-04 2.136698660272001921e-04
2.148703449770621697e-04 2.774119349560548822e-04 3.265467818844702960e-04 3.369560684804702271e-04 3.283217273805265953e-04 3.418556799299262306e-04 3.562013364618330045e-04 3.472060054388604851e-04 3.362623799103368460e-04 3.344929414255078982e-04 3.396430580801736870e-04 3.518521909295257619e-04 3.530545860736251213e-04 3.312289296640898856e-04 3.133319280338456520e-04 3.086450177282701020e-04 3.071567681314596411e-04 3.147005584412259933e-04 3.223955465173312333e-04 3.199863901557528883e-04 3.337451779308702165e-04 3.573036537373701230e-04 3.541991693506085976e-04 3.317853176417805226e-04 3.210239158495278682e-04 3.329728957367931791e-04 3.441284998554238394e-04 3.449278662962886911e-04 3.436267536912039362e-04 3.395448494308161589e-04 3.397243778150730795e-04 3.414540946469743271e-04 3.396039001180147453e-04 3.382188869304984932e-04 3.365670777170431602e-04 3.301171863348145458e-04 3.154390064987589283e-04 3.111402044814869788e-04 3.148280896201099597e-04 3.309302356350834985e-04 3.466451823358337406e-04 3.395697619507452971e-04 3.284334588654299648e-04 3.314361330462083305e-04 3.332486541470699179e-04 3.280628153701386530e-04 3.297995633954872502e-04 3.407972853943285548e-04 3.559771504272624945e-04 3.504513723752492298e-04 3.306358095796415198e-04 3.183193457931119850e-04 3.167284626623270228e-04 3.255924888796792342e-04 3.365369449962874035e-04 3.362569355055973052e-04 3.275950120245060349e-04 3.237210145251230879e-04 3.267832903819100645e-04 3.310815055996406560e-04 3.220971514246229791e-04 3.106891295276134135e-04 3.275379930239274962e-04 3.570308729444170983e-04 3.500108598483652432e-04 3.286135837058055931e-04 3.246095252421301799e-04 3.321217420519945044e-04 3.397284639231358257e-04 3.393746624211387009e-04 3.354680823463161883e-04 3.433335315442265765e-04 3.520448067443597171e-04 3.511837290262673889e-04 3.535605743073209342e-04 3.468528907148115650e-04 3.375163857948471850e-04 3.294228346680119031e-04 3.135941387711060901e-04 3.159295660861584755e-04 3.288084854791053623e-04 3.363533278750877129e-04 3.519349168939269216e-04 3.564463171147791605e-04 3.259525168331056221e-04 3.074087182354672031e-04 3.233183082024487613e-04 3.418695757333120068e-04 3.497752151361259053e-04 3.480676047776258466e-04 3.392371788547394410e-04 3.353293710809355523e-04 3.313692438261886010e-04 3.288768528752449558e-04 3.307882896702554927e-04 3.276927275210070670e-04 3.195872922839262031e-04 3.077896656734065237e-04 2.769544098974322855e-04 2.279953551871090691e-04
2.114008781585226672e-04 2.686279082364861426e-04 3.189069923514584247e-04 3.307019716634772484e-04 3.218314783924609151e-04 3.322620061722048350e-04 3.455367868055561121e-04 3.385915629395543579e-04 3.315527936598971202e-04 3.304949576800408169e-04 3.349080117685285067e-04 3.466477529484055051e-04 3.469936759624391563e-04 3.243448347715431872e-04 3.080064536016507526e-04 3.144945134819411721e-04 3.210933157580521348e-04 3.220645083529826997e-04 3.236718187628086218e-04 3.218276779998011116e-04 3.305871181972365284e-04 3.540955226985189252e-04 3.624363707664015190e-04 3.474268491211651624e-04 3.261965346785093180e-04 3.286453514150537627e-04 3.503652913945494375e-04 3.626490947948818409e-04 3.543465104989037412e-04 3.390936038608759629e-04 3.416699662011287190e-04 3.504360761527292273e-04 3.495355712585261534e-04 3.405101927695908487e-04 3.221060991241452617e-04 3.102756997445879497e-04 3.117188240612803131e-04 3.212761150035429352e-04 3.275192725789629472e-04 3.411920318788346233e-04 3.501145280762003919e-04 3.379118188729501719e-04 3.186489986348566006e-04 3.127568325456479533e-04 3.189334268606953135e-04 3.272170309149900584e-04 3.440956752364586436e-04 3.630363922718177422e-04 3.676500818680491427e-04 3.437597364290995725e-04 3.210998803365393804e-04 3.146739255493129868e-04 3.091068780228777295e-04 3.050261226290756932e-04 3.082948459727550368e-04 3.103632381150024026e-04 3.187507283673114743e-04 3.366980258043229465e-04 3.454553166942447677e-04 3.455075163557923225e-04 3.351204400345771388e-04 3.251644426099920796e-04 3.370307642086702395e-04 3.579457844771805107e-04 3.537464126695288088e-04 3.370355221519530917e-04 3.326614393498398669e-04 3.349426870703104417e-04 3.355518456424242627e-04 3.293278238478569860e-04 3.184152400991886386e-04 3.225479107220181581e-04 3.337157205508458225e-04 3.454420544184227341e-04 3.537809146224985511e-04 3.474372453834114263e-04 3.460911099002893666e-04 3.438617585327064744e-04 3.173760909069276749e-04 3.044194927188528061e-04 3.111259481074096257e-04 3.225519549742202215e-04 3.383548811901899013e-04 3.426138244119361458e-04 3.291626631622525737e-04 3.213987263689523739e-04 3.290609871572698240e-04 3.398047361872974037e-04 3.444666624379902364e-04 3.496805628527985483e-04 3.444650302169460407e-04 3.346071969885741648e-04 3.223976917142877194e-04 3.089674877113467296e-04 3.097276402868855616e-04 3.130763476496954039e-04 3.130431326183892430e-04 3.116547641845413517e-04 2.843354630199606777e-04 2.345305913783375955e-04
2.050291339340013592e-04 2.639268569569239815e-04 3.093426554605012988e-04 3.226596046511111780e-04 3.224520224512170824e-04 3.310291566431443561e-04 3.374287085597954408e-04 3.310580970578095574e-04 3.341333925691566736e-04 3.405979548885405177e-04 3.392190596989055743e-04 3.400236115009499811e-04 3.406138332694454954e-04 3.281345989818634031e-04 3.198625115325660559e-04 3.351015642647763720e-04 3.466045981231863186e-04 3.394333470450217223e-04 3.314685491009418178e-04 3.270560637818093635e-04 3.266958796869270367e-04 3.374974177934074253e-04 3.462342110833236774e-04 3.403942958341684083e-04 3.242228542622427453e-04 3.276785821657362749e-04 3.438116067806007187e-04 3.492291499565458785e-04 3.391859578465606794e-04 3.307275159880761661e-04 3.381105225469760401e-04 3.463236497141256509e-04 3.475133211534742347e-04 3.398014819866445333e-04 3.139858498022847716e-04 3.058425429231714440e-04 3.287849926884265110e-04 3.495185197982648116e-04 3.516970964624488048e-04 3.504464402693738267e-04 3.412908257231203656e-04 3.247476227074173275e-04 3.100124726130422067e-04 3.068713111589678509e-04 3.182012365060172968e-04 3.295339941294916355e-04 3.436378318948199472e-04 3.527271244439261376e-04 3.448794829001289308e-04 3.244419425421929144e-04 3.197336630199520881e-04 3.330373469326269441e-04 3.313912254631734664e-04 3.205776877736865853e-04 3.151750312387609850e-04 3.079376870873796568e-04 3.175555716392567274e-04 3.414204593622169326e-04 3.509718741284611815e-04 3.507818977464998485e-04 3.435538820889038952e-04 3.340598785532489711e-04 3.355324124413288506e-04 3.437460306529393052e-04 3.443112334143920124e-04 3.391285496594509397e-04 3.363534415984953570e-04 3.355603593435416230e-04 3.350379764621701792e-04 3.305508841941958180e-04 3.135984411225617658e-04 3.088200692194232309e-04 3.158026950942953372e-04 3.332751130057393248e-04 3.447114780083849767e-04 3.393760083269492761e-04 3.488116855344266208e-04 3.561008938229191442e-04 3.263643499719415578e-04 3.028736245184964317e-04 3.038301335249653321e-04 3.168568387947599038e-04 3.266446021198061208e-04 3.243529549930244124e-04 3.274930012394467946e-04 3.322815258684625166e-04 3.312773113021448622e-04 3.376078921863296658e-04 3.402906608923429504e-04 3.414323416075112872e-04 3.350968455056092159e-04 3.291288569580582638e-04 3.283244032044937283e-04 3.244628840957563729e-04 3.226356114170071286e-04 3.155730263054886938e-04 3.159767195692480841e-04 3.228293256066036457e-04 2.889458856964312143e-04 2.312706195834926114e-04
2.045123155110737116e-04 2.665005461499697311e-04 3.059562694519198925e-04 3.185824406926527057e-04 3.251000004253426371e-04 3.314854139377446649e-04 3.313176186357235124e-04 3.295900342777300079e-04 3.450102380648710715e-04 3.608875700878957839e-04 3.511862898712831945e-04 3.355298754677724874e-04 3.358925383460154056e-04 3.325427720633642109e-04 3.280207379670340459e-04 3.430076298915632699e-04 3.519417223182502805e-04 3.394248295363345427e-04 3.268824938691348428e-04 3.177593701788451828e-04 3.101868274852243859e-04 3.151804198076412064e-04 3.293890039066228823e-04 3.347198391941764214e-04 3.249180136552134567e-04 3.251481474629759508e-04 3.289819213483813776e-04 3.245782549440443454e-04 3.181599262202233899e-04 3.255849669294457642e-04 3.362154257915265544e-04 3.383027729172983751e-04 3.378489037058352842e-04 3.295686589621709349e-04 3.124836961129491943e-04 3.159798637696366319e-04 3.426611595460092889e-04 3.571826633181186361e-04 3.525367902708465115e-04 3.432083360947172810e-04 3.335471743153052017e-04 3.267029382953462631e-04 3.220472892178143044e-04 3.239025726161188449e-04 3.373888537789315484e-04 3.457912764442443642e-04 3.462386486858628522e-04 3.357883625886840168e-04 3.168709301858359836e-04 3.077038857017195313e-04 3.216423762604900174e-04 3.486569518817025600e-04 3.501078491303277924e-04 3.425880888147252753e-04 3.379508802076653827e-04 3.266986127304300283e-04 3.350781418956655117e-04 3.548278894418605998e-04 3.554202513236810052e-04 3.462650922156431136e-04 3.342496786143046199e-04 3.223699408843571637e-04 3.149239279947679913e-04 3.200603906745881069e-04 3.321835018611319712e-04 3.425822583214765894e-04 3.493249156285072911e-04 3.501902848656828068e-04 3.408190653662977873e-04 3.355699600859949434e-04 3.262782582344985046e-04 3.192825758990073528e-04 3.192335031481005874e-04 3.331473543873478098e-04 3.362167420744488402e-04 3.265434738291009492e-04 3.349369671069080991e-04 3.456762454974797146e-04 3.276548189307329365e-04 3.126523867191457074e-04 3.173471600123264642e-04 3.292135782242446560e-04 3.364448217761272690e-04 3.343496067466003975e-04 3.409158043914800314e-04 3.445724496642902528e-04 3.329166000771679101e-04 3.330969363316757786e-04 3.391325162576072118e-04 3.376129715416466043e-04 3.279143725356615038e-04 3.245024136872298216e-04 3.386268815012616535e-04 3.545805371042475354e-04 3.500678823452117814e-04 3.272162634221179598e-04 3.254048142218094993e-04 3.320359941203491930e-04 2.895063454461389548e-04 2.247493898602058037e-04
1.988873547010331613e-04 2.614409567541760380e-04 3.015744806912653122e-04 3.147713630824697283e-04 3.197782372911276653e-04 3.155671759287041094e-04 3.080824339123950512e-04 3.157796161498539842e-04 3.337928229789623408e-04 3.470658612497789846e-04 3.343064845440690738e-04 3.151762970577968916e-04 3.198325592373399591e-04 3.195664965026998169e-04 3.121266127389077621e-04 3.219430600489554904e-04 3.299873373720143416e-04 3.205722882171631143e-04 3.125495503107958667e-04 3.093184344870664377e-04 3.082198960801622043e-04 3.119232129136928901e-04 3.181645625059391922e-04 3.174961214713755038e-04 3.071558914570810418e-04 3.093101106165086064e-04 3.162937975357276062e-04 3.100034644873452807e-04 3.016774235131730228e-04 3.149781124266986935e-04 3.239068194555507776e-04 3.221252365277514152e-04 3.208862921740468282e-04 3.120253517047624900e-04 3.062248710895839970e-04 3.115530069131928950e-04 3.207361209755444286e-04 3.232180297466250929e-04 3.247979215791933164e-04 3.232846194059020746e-04 3.226850058824255328e-04 3.266942340378411764e-04 3.263868674257590580e-04 3.273571914345345824e-04 3.416426523422152594e-04 3.519935392565555227e-04 3.476393511934667332e-04 3.273522349783467228e-04 3.012179115983616836e-04 2.960456420247273160e-04 3.162908711025056081e-04 3.375129776119364889e-04 3.303914398206275380e-04 3.232652555586153285e-04 3.254200909117070748e-04 3.248038180713994408e-04 3.377876800252643807e-04 3.511759458117330894e-04 3.407938606495509093e-04 3.208581161578421713e-04 3.069305246313763910e-04 3.016999217984872583e-04 2.978820244135950792e-04 3.073108573715022281e-04 3.219425720704339675e-04 3.247851731204540226e-04 3.287628649547142106e-04 3.358381479278814571e-04 3.245658320805155667e-04 3.204205846591392159e-04 3.263325844544246682e-04 3.222638425735922102e-04 3.213393368047585833e-04 3.328975656486598232e-04 3.274808916648461817e-04 3.143058183204299394e-04 3.094992621329792490e-04 3.126161364858396014e-04 3.072882579736305382e-04 3.098148384766533417e-04 3.274321176834965792e-04 3.368810979638075598e-04 3.389645305330543125e-04 3.357349352220647971e-04 3.317972655390298868e-04 3.263136751289751362e-04 3.158578794679653130e-04 3.169566829553818288e-04 3.252564575812474197e-04 3.194216405002419453e-04 3.055094315629915385e-04 3.043383804412091607e-04 3.297623741795537066e-04 3.573046287060647683e-04 3.507239804607631384e-04 3.232522494706525787e-04 3.264476781828058120e-04 3.295698803834350328e-04 2.800861108324339708e-04 2.145731120112671442e-04
1.690687445210565425e-04 2.204803580174743668e-04 2.531212236695515533e-04 2.658994859170956196e-04 2.718654609887900418e-04 2.640515518801262980e-04 2.523358053271353976e-04 2.610941573056752311e-04 2.756271425207868072e-04 2.836491252287361479e-04 2.749893921084254332e-04 2.597312918473868308e-04 2.655527098503929380e-04 2.700286067301135894e-04 2.613144575817249104e-04 2.666286720756670192e-04 2.774788091792036249e-04 2.738579264770793715e-04 2.669542789228803630e-04 2.723284002811406567e-04 2.857312646183100173e-04 2.883314062270441510e-04 2.820927227894942809e-04 2.661176181911547472e-04 2.475471121538400684e-04 2.529215131686065395e-04 2.715799345850704490e-04 2.730735181644850396e-04 2.656828958408256154e-04 2.705964150096696512e-04 2.738159036137969671e-04 2.743747025141400403e-04 2.772224390719369943e-04 2.784779384306739457e-04 2.751861474436027551e-04 2.646454323089404747e-04 2.564787445658468909e-04 2.581271492577499080e-04 2.768432752043521240e-04 2.854990036038092390e-04 2.821083480115090317e-04 2.808466121874013182e-04 2.786039020104329688e-04 2.790706242503138992e-04 2.902411564799068332e-04 2.994070276322417790e-04 2.958953619999224005e-04 2.810604617809671661e-04 2.610802588033376073e-04 2.590245651832175609e-04 2.792771417053531023e-04 2.896319613964257319e-04 2.780772380697426314e-04 2.742891047844063469e-04 2.790060972123432556e-04 2.817901240819925893e-04 2.893051185512672280e-04 2.947027920297706381e-04 2.871501428146812102e-04 2.702684376387205593e-04 2.601687965639142962e-04 2.622554947498675687e-04 2.673055265612023180e-04 2.795987560745853608e-04 2.857200998537782902e-04 2.676682074485850970e-04 2.570556079042513086e-04 2.680448187318848572e-04 2.717581277885489305e-04 2.798892479060679237e-04 2.911666750687634054e-04 2.819270604503931851e-04 2.770634237350593290e-04 2.811287037102060018e-04 2.744344876536181652e-04 2.670953051447789279e-04 2.582715847837797982e-04 2.567560016518050147e-04 2.552664953996001723e-04 2.628396079400796884e-04 2.820467246072149315e-04 2.874888616142552266e-04 2.873634409960100608e-04 2.898783094637132594e-04 2.822256149727639992e-04 2.671698100085810861e-04 2.589475266544481735e-04 2.623863567458411790e-04 2.651552124734776056e-04 2.614457798638341159e-04 2.523642463527812582e-04 2.507995447582378771e-04 2.706612414028839592e-04 2.922153023516562646e-04 2.902526245886833571e-04 2.706702265643638771e-04 2.782120089975020829e-04 2.855338807221845590e-04 2.471719177423997303e-04 1.920348112732463879e-04
1.297990871442121974e-04 1.663353413411601837e-04 1.865092387640704852e-04 1.962644765113707567e-04 2.071571473933354608e-04 2.055055860036351619e-04 1.921496246374900809e-04 1.921928430886117199e-04 2.026589789075147643e-04 2.064038584770954777e-04 1.990137714200940634e-04 1.891170447729974692e-04 1.965334329722405091e-04 2.105528933794545334e-04 2.058585924754462062e-04 2.043200866840386588e-04 2.091047382468883128e-04 2.065937345853871533e-04 1.995721503378605885e-04 2.078991219462688342e-04 2.292566720215046352e-04 2.351143062754714006e-04 2.296886011247546017e-04 2.075475162286402760e-04 1.837851059748586116e-04 1.895468343424752536e-04 2.104537656261759690e-04 2.158934492555124448e-04 2.083197270236900522e-04 2.022904788381283715e-04 2.028679275649447416e-04 2.051934528505494843e-04 2.129517658578539293e-04 2.293561934540815073e-04 2.247821274303600232e-04 1.962821125701002568e-04 1.803963707131514592e-04 1.889065505449003825e-04 2.223416796808434315e-04 2.382003973120978705e-04 2.289735771589940640e-04 2.168215374052741068e-04 2.081412214183480508e-04 2.097115282120167270e-04 2.174835856888917315e-04 2.208140004904643352e-04 2.212922621399674968e-04 2.187843948234250910e-04 2.065793684245461627e-04 2.003021401649297600e-04 2.130455394528116622e-04 2.200519705226128752e-04 2.210455753071541383e-04 2.315016470886182892e-04 2.347361946997639172e-04 2.263970143872317566e-04 2.189673036067405843e-04 2.195852962275396283e-04 2.233373171171622752e-04 2.135951512468140271e-04 2.059520769613284465e-04 2.087766720898558636e-04 2.168498285129815523e-04 2.265454548199958814e-04 2.224449706566690823e-04 1.975195430495595888e-04 1.828159609324032193e-04 1.938273993618108866e-04 2.073672185237055007e-04 2.222262277629152003e-04 2.315826718309343154e-04 2.201083467405145295e-04 2.082378034808865118e-04 1.985684873746267542e-04 1.917014949688209888e-04 1.961775069379300177e-04 1.970972006666637058e-04 1.954784822930621913e-04 1.905678952875770318e-04 1.945875573845173921e-04 2.068580642172446985e-04 2.073566281357287181e-04 2.086160339374401075e-04 2.196847178996404974e-04 2.183503199421752057e-04 2.016618928814272480e-04 1.918016352021312525e-04 1.945683914988967757e-04 1.930227243388922477e-04 1.983355795987529755e-04 1.989398204212487059e-04 1.935456063998509241e-04 1.968792364168836658e-04 2.060193798221287664e-04 2.092642358074327919e-04 2.005130656074392771e-04 2.070322282580975691e-04 2.171951076597039023e-04 1.970925831170858701e-04 1.547195145589256812e-04
