# 2D Density map on xy plane
1.264838173936363259e-04 1.661220006170511349e-04 1.959996069497210378e-04 2.129870996130733905e-04 2.301443639823174824e-04 2.271350220964207757e-04 2.142742804369237664e-04 2.196674682449867256e-04 2.331122222116461379e-04 2.324348607559391041e-04 2.330521022743188737e-04 2.302704286250115986e-04 2.253697445611684740e-04 2.202668827847462855e-04 2.160770731116592623e-04 2.128035838790465271e-04 2.073821497597934751e-04 2.119948220555242552e-04 2.044361469876084512e-04 1.899878696037890112e-04 1.949706530302292419e-04 2.182503484732236580e-04 2.297629535257955397e-04 2.183337006744553305e-04 2.136951944934064533e-04 2.192592661695485557e-04 2.256330119654728964e-04 2.417192015854799922e-04 2.474264410214660633e-04 2.359412627808424789e-04 2.270307395894592553e-04 2.192901150639333665e-04 2.100179390099187902e-04 2.035039063219387287e-04 1.978660067946188151e-04 1.968227737396669624e-04 2.020530559934435226e-04 2.071600270299948487e-04 2.078153296249108371e-04 2.105439352680284356e-04 2.058170099046163098e-04 1.969543471894367580e-04 1.936446150987660342e-04 1.957134436651682173e-04 1.966782854765063832e-04 2.055642095618708258e-04 2.282318389617804901e-04 2.475469855653990585e-04 2.457447924696602032e-04 2.295950131027671079e-04 2.241918153620821004e-04 2.355889038199657638e-04 2.476615412203126386e-04 2.348769619303482745e-04 2.110415629248403959e-04 2.022440318979991315e-04 2.063560897462032135e-04 2.022067616587145821e-04 1.978039304948159944e-04 2.091119065804085333e-04 2.289688144852044540e-04 2.272284654256952988e-04 2.259149359598083199e-04 2.360878764010738149e-04 2.345354805528422192e-04 2.283271156465904055e-04 2.282097054848233344e-04 2.304881205703446896e-04 2.217596979703695729e-04 2.059105014275736827e-04 2.048140683006351073e-04 2.147488326770441891e-04 2.142521841523950012e-04 2.129745054020952533e-04 2.039241031682315747e-04 1.921529805650819440e-04 2.031292557224381246e-04 2.146776972030055655e-04 2.203034758366394404e-04 2.264619403039809585e-04 2.087607736028092536e-04 1.844315162298273145e-04 1.922343224474301420e-04 2.082029571780284033e-04 2.017100354547958561e-04 1.992642278876569008e-04 2.146864692030898037e-04 2.198756526917329274e-04 2.156916121234891091e-04 2.099549857796370535e-04 2.116760561345764225e-04 2.191545228893635312e-04 2.221181699792204134e-04 2.243441547674225026e-04 2.240978335313488479e-04 2.199632856422327888e-04 2.173931210023807739e-04 2.017806146155501953e-04 1.697135281551732889e-04 1.446635273158630741e-04
1.548439860513800277e-04 2.038284017204095694e-04 2.538662448352283158e-04 2.808717013890939685e-04 2.997160200213057953e-04 2.970811314993546288e-04 2.915281085166659676e-04 3.027146397477670659e-04 3.111724771795552230e-04 3.001341207512917475e-04 2.885863305972973859e-04 2.823929158083049668e-04 2.815270653240968296e-04 2.804617602729030882e-04 2.740074949945757042e-04 2.619291240651731661e-04 2.570913199031458931e-04 2.686488184389805621e-04 2.683174708466392515e-04 2.593642350396271846e-04 2.654608114541331856e-04 2.860981647654241072e-04 3.010678177846403758e-04 2.949042387567449731e-04 2.867475699634857616e-04 2.854426173916959904e-04 2.849583667217457758e-04 2.898937118925267505e-04 2.919108198090775456e-04 2.930318922510693818e-04 2.903720143543434560e-04 2.801731604481636417e-04 2.773209987677903226e-04 2.776345235155523250e-04 2.722301871622700986e-04 2.655095372688089051e-04 2.611561455908546574e-04 2.722821679175532273e-04 2.736558043859395111e-04 2.715418922273645625e-04 2.735668035392425663e-04 2.712748286137516745e-04 2.596959264472390198e-04 2.568888675843532471e-04 2.638402759060308185e-04 2.731230382759271399e-04 2.883761579570989168e-04 3.048393578086042513e-04 3.074128593139962792e-04 2.923304288685635343e-04 2.827864746009230547e-04 2.910319854904906169e-04 3.013186443554662455e-04 2.877521842812503670e-04 2.640408145300804279e-04 2.564905820486945123e-04 2.631049308048231993e-04 2.650610806294938877e-04 2.682565742075100732e-04 2.771624899343057584e-04 2.927549295006097235e-04 2.951553915908344816e-04 2.928007115700462823e-04 2.950718446688386110e-04 2.893043618288411879e-04 2.787510615787006226e-04 2.808098647531666716e-04 2.893852194287077021e-04 2.845392099297771151e-04 2.754493305137465644e-04 2.745651646235802820e-04 2.800025444105030677e-04 2.809435104645174679e-04 2.819759257106003612e-04 2.693884735148178132e-04 2.584434739558288128e-04 2.751865600979850994e-04 2.839862956169208227e-04 2.714890519454952978e-04 2.687377945383581873e-04 2.660863709349152299e-04 2.663063040305934607e-04 2.795184611619382564e-04 2.817956455152285044e-04 2.602772456700260450e-04 2.553119247590526276e-04 2.772390197114973876e-04 2.963123104628023492e-04 2.936258125012594644e-04 2.809253728574984685e-04 2.821682443524979383e-04 2.821491309650610464e-04 2.719138241855901476e-04 2.740673835986462458e-04 2.814901857858746032e-04 2.807027738241154322e-04 2.839435658496200238e-04 2.759690739610667497e-04 2.335764712365173516e-04 1.808766518864666085e-04
1.788583931422594437e-04 2.340857546697511216e-04 2.944237227844103766e-04 3.214560118397684981e-04 3.279548531942891830e-04 3.220954461209358730e-04 3.220195217456187087e-04 3.371962580013136744e-04 3.496209255522237606e-04 3.410399909599467084e-04 3.284828402711163081e-04 3.244308738499277573e-04 3.270684850844411684e-04 3.267859482852607093e-04 3.180466244922922395e-04 3.057344734061470714e-04 3.062459846312449389e-04 3.215789146389695869e-04 3.240537382378417706e-04 3.144446552583002969e-04 3.193251918757140169e-04 3.376045613098652620e-04 3.488943000328316793e-04 3.395317996885995320e-04 3.254885119405221175e-04 3.190437281604040177e-04 3.158871544861691842e-04 3.167013752803071172e-04 3.208304040184854723e-04 3.295650837795801496e-04 3.233450353128913932e-04 3.091249720126460214e-04 3.144103542570829716e-04 3.222450864919947479e-04 3.196817332559937289e-04 3.148950266661802635e-04 3.134792231667088251e-04 3.303252503060173607e-04 3.292388408249956018e-04 3.210783783197972336e-04 3.212972684062293275e-04 3.139320636536330395e-04 2.950250837675554212e-04 2.943074190168044890e-04 3.070542140884229519e-04 3.157216687391639067e-04 3.258683387438210161e-04 3.391499964851078775e-04 3.420572535626416897e-04 3.274505572121041118e-04 3.190048152468701308e-04 3.277816738411429569e-04 3.384106681676067271e-04 3.287458485178948605e-04 3.060482177487880841e-04 2.918948633080528741e-04 2.936134507497101492e-04 2.995001862023939057e-04 3.131211117520311038e-04 3.311245876858555153e-04 3.453191219877800849e-04 3.456065798599658543e-04 3.382898382115369362e-04 3.336196411021548217e-04 3.259988910926983055e-04 3.073786241520024584e-04 3.015169119980052096e-04 3.129282560319174788e-04 3.174745284793643722e-04 3.185434864844682856e-04 3.208884973359146060e-04 3.235124207388225545e-04 3.228868971059648571e-04 3.216820749304168526e-04 3.047625651145882426e-04 2.972783173313600777e-04 3.231323675951254092e-04 3.361678011587473707e-04 3.190933353099087476e-04 3.098248792131584346e-04 3.146237554071832981e-04 3.277191276390759283e-04 3.363538226159785462e-04 3.308282356705897305e-04 3.152012899686053131e-04 3.137947576367182802e-04 3.298994951723892375e-04 3.455854303309224048e-04 3.399617965215311391e-04 3.264986650180762414e-04 3.274954103057900164e-04 3.215550458997168144e-04 3.128425767665554387e-04 3.228696021149535331e-04 3.328683879981657670e-04 3.236644030372508004e-04 3.189651167821446571e-04 3.171024965117269024e-04 2.834396016986550065e-04 2.242248747735233665e-04
1.863542495024170026e-04 2.482295092955950477e-04 3.085407263050159643e-04 3.330942048724969845e-04 3.322219688008447801e-04 3.210085792970091391e-04 3.110645702269844480e-04 3.174992581821301928e-04 3.343865174163798085e-04 3.367779635484300271e-04 3.339692747163966989e-04 3.372384621557948203e-04 3.369540472071267572e-04 3.303231800175302759e-04 3.259768230116354701e-04 3.294167737596313643e-04 3.358724398579639343e-04 3.450998763776147622e-04 3.441136802332290146e-04 3.263306733079433634e-04 3.217862954089374498e-04 3.409210884170471188e-04 3.526137630038181066e-04 3.349046927519282678e-04 3.086265286472198539e-04 3.036388665815568477e-04 3.127764385069934814e-04 3.191139095180509262e-04 3.253877832919294805e-04 3.362026601976073211e-04 3.270147229227656329e-04 3.058290664747837688e-04 3.104772142607139639e-04 3.306229148314678836e-04 3.396474971097711488e-04 3.387674958538185264e-04 3.381113257624330766e-04 3.470942106504438596e-04 3.453353370927024924e-04 3.442504119068739445e-04 3.466007712028370733e-04 3.341950152509543838e-04 3.104246704526176940e-04 3.075335795278924967e-04 3.134552011829186587e-04 3.193177546078968454e-04 3.313455343033352247e-04 3.378623146705677857e-04 3.387713265868333413e-04 3.338136163285308246e-04 3.298370185374612049e-04 3.338004164041028583e-04 3.412167895857529348e-04 3.394165169300242214e-04 3.267438946720943290e-04 3.116132798466243617e-04 3.082259544055333074e-04 3.171650652820689250e-04 3.357220020200049268e-04 3.540128162644628259e-04 3.597912776336865872e-04 3.492368528391278791e-04 3.360072392504295097e-04 3.348890556411980276e-04 3.369698945407421584e-04 3.205683069430717330e-04 3.059068630474453534e-04 3.159983272341877238e-04 3.292743421353240378e-04 3.311935561201657854e-04 3.313394307351021474e-04 3.324694987522711499e-04 3.252305579776549943e-04 3.137204632498075173e-04 2.970784152847456014e-04 3.007730191227092230e-04 3.358989238899310866e-04 3.480391284623312329e-04 3.284834079328785767e-04 3.234414544821066209e-04 3.381421976157626642e-04 3.502606502277690048e-04 3.465209583488078728e-04 3.322097235447141368e-04 3.287776544707105226e-04 3.398444800753977913e-04 3.502079703458079937e-04 3.448258335948558954e-04 3.307006612898439712e-04 3.310420455617913522e-04 3.348380610371812314e-04 3.235517813807699218e-04 3.199110918901961159e-04 3.293088473381561277e-04 3.353005906605846433e-04 3.248468639662132414e-04 3.176303947782748013e-04 3.173765423493554944e-04 2.957958034103101859e-04 2.460145823808289117e-04
1.977005689042891641e-04 2.693864099028583860e-04 3.219017372526841747e-04 3.406747633982123860e-04 3.446780323057175178e-04 3.301725473035704611e-04 3.080872232275828687e-04 3.079184435578860742e-04 3.241406471760790000e-04 3.289223935028905295e-04 3.279039148221629500e-04 3.356964476922065684e-04 3.400241127338636624e-04 3.354373491679909147e-04 3.307066078850120225e-04 3.336945087992111442e-04 3.351517308199534941e-04 3.350643848525232111e-04 3.343955268295182963e-04 3.190546155824005225e-04 3.101487928407800610e-04 3.279971583284122948e-04 3.453960745939238497e-04 3.338491511852470419e-04 3.087193277791817230e-04 3.056938932904215613e-04 3.149617781855592810e-04 3.156550320571763300e-04 3.215231234744014843e-04 3.345352907517946104e-04 3.291806666844783371e-04 3.104430229736213596e-04 3.137954527825046998e-04 3.374908057520697438e-04 3.481338448368677093e-04 3.432413394374902028e-04 3.388159340111133663e-04 3.408138289777792483e-04 3.413510324783675890e-04 3.500660975504459168e-04 3.623134953714434760e-04 3.578524368280361747e-04 3.378730872672675587e-04 3.298910496325204952e-04 3.243696743752780840e-04 3.219854410910563680e-04 3.308968981972801272e-04 3.306278736265268648e-04 3.339423712111023795e-04 3.407385750772783757e-04 3.345031255546606274e-04 3.282069450530672103e-04 3.306560172592453838e-04 3.369141337556785234e-04 3.448868187826133560e-04 3.453581827231777708e-04 3.411904521475145292e-04 3.410280220101186100e-04 3.436554321539455519e-04 3.433056349311676674e-04 3.376692226879274197e-04 3.279111512596528727e-04 3.200691253377582670e-04 3.232916337161723845e-04 3.322632322981893243e-04 3.294261398668870203e-04 3.227175951294685807e-04 3.308798096552898762e-04 3.367358837096609027e-04 3.294784532731072184e-04 3.237571344681949717e-04 3.266677136387119212e-04 3.286076966088003403e-04 3.234868141980947950e-04 3.118640073859485365e-04 3.128444553495964096e-04 3.348945237260363031e-04 3.382985996178650232e-04 3.219698929461355650e-04 3.306224680937932528e-04 3.548224254415982635e-04 3.563865559050592756e-04 3.398388147678624662e-04 3.219606585856936713e-04 3.222930582533517670e-04 3.374349335827643266e-04 3.422019030653207505e-04 3.289249567068619224e-04 3.179098365389229392e-04 3.325132096258645652e-04 3.447337081583108078e-04 3.354114766881763224e-04 3.278720069524549904e-04 3.255741591354857916e-04 3.273964024973935764e-04 3.261548758365485174e-04 3.248906762638015646e-04 3.157259270138536365e-04 2.859166148625265531e-04 2.371129921447779709e-04
2.077867527931771114e-04 2.850478306641098946e-04 3.281539320303716910e-04 3.375330520062602962e-04 3.466114133761740356e-04 3.383266152740293294e-04 3.222525996365290467e-04 3.234054428503890886e-04 3.277694748270423755e-04 3.237579893826720732e-04 3.203708575665857746e-04 3.291765896200301352e-04 3.428553856763337342e-04 3.470997576895842700e-04 3.328851538460116631e-04 3.192160257935100563e-04 3.131882377362149887e-04 3.099582166697865395e-04 3.160078391355440218e-04 3.139195233007981622e-04 3.133833902237052145e-04 3.305731062693779759e-04 3.476922106662711344e-04 3.443660855379256222e-04 3.312131349896780879e-04 3.327073355282808434e-04 3.303983554204831686e-04 3.216766642477700841e-04 3.266281024029858617e-04 3.352046657205441996e-04 3.341575686183991846e-04 3.282235312410219756e-04 3.313948413024160166e-04 3.389884877197310575e-04 3.326606877981675174e-04 3.229478044405398665e-04 3.228049369799303788e-04 3.272222356440155906e-04 3.277989171025981496e-04 3.389643811898441507e-04 3.557344147738057075e-04 3.561786496230500863e-04 3.419837296211820704e-04 3.366364516599461721e-04 3.303096840915896752e-04 3.211706350134673903e-04 3.200799630886400570e-04 3.195854186183639829e-04 3.313949454637709594e-04 3.473828282181986964e-04 3.403437426656355904e-04 3.256160153467533083e-04 3.207493389388306167e-04 3.291851077816374156e-04 3.461701219860950814e-04 3.594963398137541771e-04 3.623547698777684228e-04 3.496395999352926382e-04 3.273995847484498841e-04 3.137303476595252119e-04 3.093157008004964663e-04 3.090380287687130838e-04 3.078822238877273586e-04 3.074175242958197460e-04 3.185113060186358334e-04 3.278289147461311160e-04 3.305770797944283107e-04 3.392556549768589941e-04 3.330249795115986368e-04 3.189927640815614068e-04 3.191383291320866629e-04 3.309333936126037171e-04 3.456540563823392621e-04 3.526540562590143625e-04 3.373813851722515570e-04 3.172898270862176606e-04 3.201733830294685879e-04 3.261186241311271215e-04 3.222084074383803863e-04 3.359600179199985492e-04 3.586077497189677247e-04 3.504596986287668845e-04 3.249680138251372389e-04 3.106617972114776582e-04 3.112840792806554962e-04 3.209668887733077200e-04 3.248486632965969867e-04 3.234792975037374630e-04 3.270903860100973543e-04 3.419716282728147913e-04 3.538474933435830153e-04 3.476322202782713804e-04 3.353191001753437071e-04 3.311659155486830009e-04 3.360943091947033671e-04 3.409776447584699334e-04 3.392774680264130059e-04 3.161321722161359931e-04 2.714051072853470637e-04 2.194934366104615646e-04
2.091237534722709547e-04 2.823124734798894680e-04 3.236094569970177949e-04 3.294880150081623158e-04 3.389732962212477891e-04 3.396485098101365008e-04 3.373745514298110868e-04 3.384007082162963573e-04 3.269327684394926947e-04 3.159123912163440493e-04 3.178398567520136168e-04 3.312214347201282547e-04 3.444925056944473166e-04 3.473874550446635163e-04 3.322875147351422170e-04 3.154285003268654172e-04 3.044150640163284169e-04 3.001438769406612034e-04 3.117999165845812114e-04 3.152696508177589715e-04 3.232760117436286385e-04 3.445549497392272125e-04 3.518882408031694131e-04 3.428879297262395166e-04 3.356544153975632525e-04 3.468109999485376226e-04 3.454935025788339578e-04 3.352195723650026058e-04 3.384444034445119841e-04 3.432696187857820500e-04 3.434350580952379378e-04 3.399944302228595462e-04 3.381296221159916441e-04 3.375475379902730978e-04 3.282876755318287409e-04 3.199077115373619336e-04 3.152041988321917319e-04 3.126176139359602350e-04 3.127651829836259776e-04 3.300561479578545312e-04 3.492066670408764360e-04 3.441251418653839449e-04 3.256571503333257874e-04 3.249992387071279267e-04 3.286827971449915713e-04 3.216222565835042584e-04 3.128365985226431610e-04 3.141911478089939001e-04 3.316762260454067177e-04 3.528042859286912246e-04 3.477059360568736336e-04 3.258692053415947003e-04 3.113288463609542329e-04 3.206186288739394132e-04 3.346466189345714218e-04 3.485062816680023446e-04 3.620151285245096478e-04 3.508333476651542002e-04 3.227194278366597203e-04 3.083539308756722604e-04 3.106344657257219385e-04 3.188681887134559240e-04 3.200744725548225825e-04 3.174260393061551118e-04 3.264366786100922086e-04 3.272962955837554751e-04 3.226775216100410222e-04 3.362331998509811596e-04 3.372947383368604278e-04 3.267608538286682993e-04 3.279004063071792549e-04 3.396540936764460466e-04 3.562788445678794109e-04 3.609491461928993148e-04 3.369381629143148021e-04 3.112685190362004823e-04 3.187996332285538835e-04 3.389874845741541439e-04 3.448559128489872951e-04 3.511634720207753701e-04 3.653468808617466165e-04 3.506195300823212297e-04 3.184739195233239097e-04 3.055677367925892576e-04 3.068236658479061218e-04 3.158966410116712323e-04 3.290575270621581361e-04 3.356690604125785052e-04 3.384707417050411386e-04 3.399399229677748388e-04 3.419813798024483797e-04 3.329693243386994692e-04 3.264735192106622873e-04 3.349508142492321500e-04 3.396336655144217755e-04 3.391845974544160968e-04 3.358244041577595346e-04 3.134237185772815104e-04 2.711356890143858415e-04 2.232925017480522480e-04
2.104138180888932114e-04 2.751336614275892364e-04 3.159736394643957065e-04 3.183893699911815494e-04 3.193502691237540270e-04 3.281942135046168408e-04 3.438837144310191328e-04 3.494915543923876882e-04 3.344012451244998121e-04 3.232340406150670709e-04 3.266889460051350131e-04 3.375957318328409599e-04 3.425414793781063555e-04 3.400274001611071741e-04 3.322466270298655468e-04 3.241029647994032870e-04 3.183908252106391803e-04 3.202778978146841394e-04 3.335655401147787167e-04 3.324156720353187459e-04 3.368852123912850988e-04 3.520136538925491896e-04 3.426972032048569553e-04 3.277588396054561658e-04 3.288476126043122800e-04 3.498255350925427633e-04 3.565020930785412628e-04 3.510973383391316439e-04 3.538312785324167296e-04 3.518760256113295619e-04 3.411140118821528685e-04 3.294617066466583657e-04 3.251577570948879390e-04 3.308813618454884060e-04 3.313491770823931166e-04 3.289076263965919587e-04 3.195143226748859604e-04 3.105538904116711321e-04 3.135683420380136520e-04 3.385624334318401577e-04 3.588480441324449219e-04 3.432676505531654472e-04 3.186098478163630924e-04 3.220964259893168064e-04 3.320071116536845021e-04 3.290540012090924075e-04 3.228472325951154982e-04 3.250899777706527235e-04 3.391350600851817960e-04 3.512190714093780847e-04 3.379258185723694888e-04 3.117340853714996177e-04 2.969527183963444322e-04 3.100939341087349701e-04 3.210346446458879838e-04 3.366642168894474563e-04 3.576180436675389625e-04 3.509593534397240197e-04 3.337131254635069557e-04 3.270776222580231568e-04 3.312645994836494129e-04 3.440455797555555919e-04 3.489701110878301116e-04 3.459576464313876749e-04 3.420464716033685916e-04 3.232595415853311096e-04 3.105539078760673265e-04 3.280599754302885272e-04 3.459534230173584189e-04 3.458721276582502882e-04 3.341096349911223690e-04 3.303754100622195797e-04 3.417391132189698732e-04 3.434582096461518286e-04 3.245755238892735579e-04 3.134371834630856127e-04 3.326330194660203059e-04 3.581961251788197539e-04 3.629745464253768001e-04 3.547509820398927951e-04 3.580821337609218450e-04 3.494402659650651995e-04 3.278090531394588485e-04 3.181188657541492984e-04 3.157926145616287610e-04 3.244590427234370165e-04 3.444633342186175558e-04 3.471946706599174088e-04 3.349721075613462814e-04 3.210178514584136967e-04 3.171537400338289526e-04 3.127053808521176740e-04 3.230048234999755128e-04 3.436873943937718908e-04 3.409115256030777197e-04 3.256439199188205071e-04 3.181387042372802354e-04 3.044578255562315600e-04 2.701366967858823869e-04 2.236239734854432947e-04
2.247574662995241836e-04 2.856947949232041041e-04 3.223102631520603323e-04 3.210780614959432436e-04 3.125049049042104440e-04 3.200326712527239116e-04 3.426606879982574882e-04 3.549715478724150110e-04 3.442873785029549770e-04 3.292463090090789026e-04 3.216716361171373080e-04 3.246532255068243110e-04 3.285957551433804375e-04 3.250949640056001195e-04 3.223135962360210204e-04 3.249359951026505543e-04 3.331738818299620551e-04 3.490416883336873791e-04 3.648828017807574219e-04 3.567167364824421752e-04 3.456853586609330738e-04 3.451933353337326106e-04 3.266931241385760709e-04 3.122867325445798439e-04 3.221772778901187823e-04 3.448898252932035930e-04 3.513880335359775473e-04 3.478710391789385532e-04 3.480022885885549963e-04 3.418487165686764765e-04 3.298916773302438296e-04 3.227126645353432669e-04 3.204280392148285304e-04 3.241887562976380078e-04 3.266021948177846813e-04 3.314691682695195549e-04 3.328956499200427408e-04 3.267903284410853437e-04 3.248027477173519133e-04 3.444525047270194850e-04 3.604920408921451561e-04 3.479273188010636097e-04 3.322376307034211680e-04 3.318452104308377854e-04 3.340285316288379514e-04 3.337609675847601470e-04 3.339904679211766784e-04 3.368091826513886769e-04 3.440020845360576692e-04 3.433136810978898229e-04 3.269833105895234840e-04 3.086830350362780497e-04 3.045388390254309230e-04 3.173778522872556162e-04 3.176649187155380525e-04 3.271263260406033274e-04 3.481104921103157128e-04 3.415377573405364679e-04 3.304700306877194271e-04 3.328116555154339486e-04 3.385454099854011975e-04 3.519353152264408134e-04 3.593599464927962070e-04 3.563235309606559457e-04 3.472208721186065793e-04 3.219116465968966051e-04 3.091371305154026489e-04 3.286467684419739363e-04 3.593525350158182806e-04 3.684678613363375757e-04 3.444295425782225228e-04 3.240798497547270991e-04 3.256964604145300623e-04 3.260098656734155892e-04 3.187694533470981396e-04 3.193230419874635738e-04 3.353163205108457821e-04 3.513458058093236504e-04 3.473065202581388411e-04 3.284810334709289785e-04 3.314460412773717092e-04 3.436390634285980614e-04 3.421981143305033901e-04 3.381677508058120564e-04 3.352179340804875042e-04 3.387310237512057478e-04 3.504420897087196906e-04 3.470506765369360709e-04 3.313042930847817430e-04 3.099658895106057344e-04 3.000146274160591341e-04 3.087417270981369249e-04 3.352089845311357957e-04 3.565227848284673647e-04 3.492403472790151257e-04 3.283139188853797857e-04 3.174373981977469147e-04 3.031330385870477546e-04 2.609687458102662324e-04 2.033231979137102054e-04
2.442723993819374286e-04 2.981078093975672366e-04 3.303415575261499761e-04 3.348761615667705522e-04 3.210625413127931975e-04 3.144514529567240917e-04 3.297816979587622570e-04 3.448214969494020231e-04 3.401460144119199461e-04 3.281274826030195022e-04 3.150488723572741011e-04 3.116386340111366006e-04 3.173290323318942526e-04 3.112945705657261673e-04 3.097242681262078051e-04 3.249452063539227595e-04 3.384270427075814261e-04 3.475909921084635221e-04 3.557737665283192087e-04 3.494984199290230393e-04 3.387056956920190924e-04 3.393852670554671404e-04 3.299772888714229456e-04 3.168798159125949193e-04 3.232406022754364208e-04 3.397516109101914733e-04 3.405677012100649008e-04 3.288668985776232578e-04 3.191771795988414652e-04 3.184050576226369255e-04 3.263908388457479335e-04 3.344440962789339746e-04 3.302355963793407803e-04 3.282402384292843877e-04 3.349415853449226013e-04 3.415353016920058115e-04 3.387103642267882573e-04 3.272594107023154642e-04 3.233059433851375548e-04 3.392835460199236219e-04 3.493582312299250438e-04 3.474246799354258194e-04 3.485601193932525376e-04 3.413267151032336588e-04 3.336111144471948188e-04 3.357379087244686806e-04 3.359451521205562060e-04 3.342711597412520441e-04 3.406251691530160831e-04 3.423715234334123421e-04 3.344288802585565880e-04 3.317848646847801645e-04 3.369722317199750749e-04 3.434336390176822781e-04 3.303577998452795626e-04 3.192531147595551854e-04 3.297240139446264216e-04 3.286597081667178922e-04 3.190883975155976195e-04 3.233205930905550625e-04 3.348833405853291574e-04 3.450817298673518438e-04 3.479954037640707121e-04 3.471676236051072281e-04 3.481845089530644522e-04 3.288938277653559580e-04 3.151332224257793937e-04 3.346399876413264345e-04 3.615304763179249246e-04 3.648216238191488259e-04 3.391926988566690282e-04 3.200593576457347843e-04 3.231877898079734790e-04 3.263803422335071879e-04 3.281154571180942164e-04 3.296414888656022798e-04 3.316201965681620564e-04 3.326737458664647462e-04 3.262187251612340931e-04 3.137528572767674107e-04 3.229660347013967557e-04 3.469466005960202860e-04 3.526681078011737413e-04 3.467300687430689720e-04 3.461283480871448458e-04 3.476951922832383470e-04 3.491147500722131944e-04 3.452706743647063355e-04 3.400576618552684539e-04 3.244819209392711310e-04 3.140164415039311489e-04 3.278920976328849419e-04 3.473718396444855231e-04 3.515796747388057111e-04 3.389723545863197718e-04 3.321298590954736515e-04 3.375625577839534838e-04 3.180601223300294619e-04 2.579746413699772088e-04 1.888156185507300052e-04
2.316258340338104454e-04 2.835512747322890522e-04 3.203480122459089071e-04 3.399855898931837843e-04 3.319942206280202543e-04 3.163004215909570680e-04 3.242775579903475975e-04 3.359841585350981899e-04 3.343813624384098194e-04 3.336657306955644097e-04 3.267109472605597264e-04 3.226699111443422498e-04 3.288619018643214580e-04 3.193543280129945792e-04 3.141680979590739898e-04 3.339369268039755340e-04 3.449887996151491162e-04 3.343003424403054357e-04 3.260596065180090646e-04 3.255578981841080084e-04 3.270536792391919110e-04 3.374285047287343075e-04 3.372067023325803822e-04 3.273666638794139492e-04 3.323546162156007728e-04 3.445717091556224675e-04 3.425514185371729306e-04 3.228580366092232258e-04 3.039542319693804961e-04 3.057691621536969429e-04 3.229864579485724422e-04 3.351951071977643829e-04 3.300954441551376666e-04 3.294042672477608060e-04 3.387476969392541116e-04 3.411386855311377688e-04 3.255079140114108815e-04 3.113802605189276555e-04 3.180146867916052301e-04 3.348862891077241484e-04 3.353686924920600107e-04 3.347657675881879954e-04 3.449950935350029439e-04 3.404668612997362740e-04 3.309279275619327098e-04 3.355407970840303469e-04 3.375838840937548258e-04 3.316744419844691073e-04 3.376565971175450598e-04 3.446281781170321720e-04 3.428623418138536274e-04 3.458702701282987107e-04 3.449142155623896458e-04 3.438401440026675796e-04 3.329280884736698725e-04 3.188895239404310688e-04 3.247013255119790727e-04 3.306257437941841483e-04 3.203779505882556247e-04 3.140493839812633450e-04 3.295446694411711995e-04 3.436700771368347016e-04 3.423733773419098715e-04 3.353869024435720365e-04 3.416979803355209505e-04 3.356835252117952020e-04 3.219316366456117899e-04 3.310010463540157162e-04 3.396315925305397310e-04 3.388336972017148450e-04 3.278869806610652630e-04 3.201949984378691023e-04 3.328472421110094566e-04 3.437111931978332905e-04 3.454756893118217961e-04 3.349696915859420626e-04 3.224632839396086338e-04 3.180042525152035576e-04 3.217523680996682784e-04 3.233230931516104293e-04 3.305818227806592356e-04 3.486466224295797561e-04 3.550990802103092025e-04 3.468536190365069990e-04 3.403838201218212407e-04 3.418240042578870241e-04 3.469601409713638125e-04 3.511989512943374057e-04 3.534347263418616747e-04 3.426084575331748636e-04 3.387265469820445333e-04 3.514212827109877940e-04 3.504822222347282832e-04 3.331817152507453436e-04 3.166050215002719085e-04 3.232648380350364127e-04 3.456561316716570426e-04 3.307642068941938273e-04 2.665979530624814557e-04 1.937672729379319296e-04
1.892165044694039391e-04 2.549363755998221184e-04 3.022133005376618836e-04 3.300328515051586609e-04 3.368243916812289538e-04 3.293892305013881860e-04 3.363084924343338758e-04 3.403583829011463599e-04 3.347928747443644970e-04 3.346950903995081711e-04 3.384340081778903098e-04 3.460326787082952096e-04 3.522379348460607878e-04 3.464877295292609263e-04 3.395769401848151630e-04 3.458876480434483480e-04 3.498374465460735877e-04 3.343361203428470889e-04 3.217290359186339346e-04 3.215250397014060308e-04 3.241157592245880745e-04 3.300887324213163873e-04 3.274279170588359142e-04 3.269382424459252941e-04 3.379581491745354280e-04 3.417616683854541844e-04 3.361045786471866911e-04 3.223645373246919075e-04 3.117795314990681570e-04 3.166899008757899717e-04 3.264705783602543654e-04 3.334900066953415810e-04 3.342195051022149024e-04 3.363048574455972150e-04 3.383146422808015015e-04 3.330203725879982753e-04 3.177394705840450809e-04 3.159593992179945336e-04 3.270386350866015079e-04 3.324751313866131683e-04 3.254235706816877016e-04 3.228102357758258728e-04 3.286579037321705273e-04 3.262490692974377151e-04 3.197954379546922568e-04 3.247358905644621681e-04 3.318591811056207297e-04 3.317660832419148747e-04 3.357847960988093747e-04 3.388627545190336736e-04 3.397038720091410122e-04 3.434503498401190319e-04 3.337244047138073670e-04 3.313243459857422545e-04 3.303809924684220252e-04 3.234158891861177139e-04 3.276564731607005702e-04 3.356964821714854296e-04 3.280458188768764168e-04 3.136674536141548144e-04 3.234323660747547816e-04 3.400241453850383951e-04 3.350466862939864609e-04 3.176151176255228074e-04 3.284558521152462687e-04 3.382559892384840762e-04 3.242456886873429627e-04 3.189549081054607110e-04 3.172401311868690852e-04 3.231953452369260948e-04 3.260128637323105906e-04 3.244493173991234601e-04 3.396357757980763030e-04 3.583958448615327981e-04 3.598006129395556283e-04 3.389803775252837230e-04 3.158605045249132225e-04 3.107537549645536935e-04 3.256965528834879003e-04 3.345160786997454852e-04 3.313970413301968996e-04 3.353093087724428331e-04 3.454526454515498453e-04 3.470249945631425389e-04 3.383020228134446701e-04 3.347939076594590993e-04 3.384989920307854370e-04 3.469593183762810507e-04 3.485677496146812396e-04 3.388109786541141180e-04 3.441704820932777668e-04 3.591255025496656881e-04 3.470149312559627332e-04 3.161150635064702155e-04 3.017891241359354788e-04 3.164770219480877826e-04 3.417329625838600869e-04 3.335174972274750939e-04 2.743206139059216385e-04 2.000945876926488306e-04
1.867659944071290465e-04 2.632671471899076946e-04 3.075792642344471386e-04 3.245763954891778963e-04 3.403109752455142547e-04 3.436725584862658587e-04 3.448432263922924504e-04 3.395434173123113193e-04 3.322188810535342844e-04 3.314065421006575675e-04 3.398332960783941666e-04 3.484094534345152407e-04 3.507761525856854237e-04 3.528375469667959083e-04 3.452202524007700214e-04 3.337640871089919063e-04 3.321734544073322976e-04 3.264583895142195548e-04 3.207375706210781959e-04 3.220731220249251894e-04 3.265349040600704186e-04 3.285016096902490567e-04 3.238560922478074533e-04 3.261602375848961818e-04 3.287522088433345252e-04 3.198675947181010924e-04 3.158339839844535521e-04 3.148599466997688864e-04 3.211490923397586263e-04 3.343143483034196868e-04 3.407689814722152685e-04 3.409016377783262528e-04 3.350891141914990332e-04 3.335807975899319133e-04 3.345176302467470393e-04 3.321803715830122516e-04 3.272007683515293580e-04 3.320324843045820151e-04 3.354779785765230234e-04 3.351706893745677704e-04 3.372869746922445679e-04 3.362513829962832644e-04 3.298392811702533780e-04 3.202909941351489691e-04 3.145636961285553702e-04 3.174411853499837458e-04 3.227989761361489164e-04 3.278731359813946656e-04 3.274235565534052220e-04 3.173022572935992329e-04 3.184339663134012769e-04 3.314252676928377780e-04 3.310253839423693621e-04 3.309599678215017875e-04 3.306787584281615220e-04 3.270750169143896158e-04 3.290368211534307869e-04 3.321883677661868327e-04 3.329608659850048801e-04 3.267914295035309353e-04 3.254603755557652694e-04 3.309443850547467221e-04 3.241038035877178629e-04 3.096061397039962318e-04 3.272070731562794687e-04 3.445745263090034842e-04 3.300185375474847796e-04 3.181557473368226132e-04 3.194584667230335965e-04 3.333300915668907429e-04 3.412601592623202055e-04 3.390866234634384814e-04 3.406228441451687565e-04 3.538402777039673661e-04 3.638024832358328431e-04 3.558114418172504678e-04 3.310972075160065805e-04 3.203223316689966836e-04 3.394478007535014748e-04 3.473985547689323545e-04 3.317774036991704518e-04 3.233928603904887098e-04 3.335445495536518970e-04 3.429273360198107495e-04 3.376023924888097881e-04 3.270539210956303249e-04 3.212132592069228960e-04 3.238194677603930659e-04 3.254400093617203574e-04 3.237035497200111572e-04 3.315483263746113419e-04 3.444713732214726640e-04 3.370059156714031519e-04 3.114759258623938818e-04 3.043044540612253922e-04 3.250491663463113434e-04 3.487033493046688064e-04 3.441695167989229556e-04 2.846918687433631651e-04 2.046810123748874248e-04
2.186241024005292988e-04 2.928066538336072120e-04 3.292506709452021818e-04 3.331997219098667439e-04 3.468660575487984453e-04 3.518726821856157580e-04 3.443276512627537530e-04 3.283012842405523459e-04 3.186242658128946893e-04 3.262979954676450793e-04 3.406461346788243038e-04 3.400911816510355156e-04 3.317788334639753742e-04 3.299724872365017870e-04 3.233000490724361625e-04 3.139820389689634492e-04 3.151110443600738543e-04 3.159570729218547634e-04 3.165158362404034897e-04 3.241045828246195927e-04 3.367143731965370436e-04 3.400618426343644200e-04 3.378595545005578073e-04 3.401351016901534041e-04 3.291644097308185635e-04 3.136908605624633443e-04 3.119637245384377722e-04 3.114083072631160980e-04 3.234117400306309696e-04 3.394734240097915454e-04 3.420662015872111446e-04 3.350009148570369261e-04 3.208356293087576659e-04 3.177387003350097376e-04 3.223574592129006735e-04 3.271962387696848804e-04 3.339849744801309805e-04 3.389231987843322911e-04 3.374198650994275758e-04 3.430833545685850992e-04 3.571382804028728044e-04 3.553862266157250616e-04 3.400445359392523540e-04 3.260391616404994066e-04 3.190893851925612722e-04 3.265959296705001416e-04 3.325785049530800407e-04 3.286466642082217730e-04 3.160478211975034082e-04 2.971007195161571700e-04 3.029188558161026662e-04 3.289631427308307770e-04 3.394945965484725929e-04 3.365705464986012670e-04 3.316281451252845553e-04 3.266933104112058244e-04 3.214885521400394548e-04 3.163669652683477823e-04 3.263638801545665040e-04 3.367226301045772585e-04 3.348669687550833839e-04 3.310427179492887034e-04 3.244113940396998845e-04 3.192179379246154729e-04 3.397952023998419445e-04 3.593590517798728829e-04 3.418483159779221693e-04 3.235359026576080138e-04 3.258950130224727852e-04 3.440471694228183254e-04 3.575349578569276274e-04 3.520370504316357868e-04 3.349217255377296820e-04 3.340839408193750897e-04 3.526430464111935509e-04 3.650225572057055152e-04 3.480664594583674680e-04 3.307627092231357475e-04 3.399560726780400007e-04 3.416989923705334386e-04 3.243876324203051804e-04 3.158774845426724764e-04 3.278938315277178835e-04 3.376568873961415754e-04 3.303953248519314709e-04 3.208382489722819662e-04 3.193373937551903952e-04 3.175105076175389462e-04 3.187461503472250809e-04 3.244695104125815306e-04 3.324836157637872441e-04 3.404046404118267477e-04 3.361134210563605936e-04 3.214116984163723325e-04 3.153984816746048699e-04 3.312530720651562458e-04 3.509913021934048358e-04 3.489655682719847163e-04 2.934284238613167964e-04 2.159335530450348108e-04
2.186392950707841229e-04 2.884495220939546330e-04 3.279336076722187297e-04 3.288868094178758455e-04 3.394173602446519324e-04 3.505695105417505966e-04 3.458530021506179240e-04 3.283173513208719786e-04 3.164648278044739191e-04 3.230871939442257019e-04 3.358369409138665159e-04 3.345248671751625672e-04 3.247663759134987753e-04 3.166042112857338697e-04 3.162537538220023333e-04 3.206155766830258826e-04 3.216427374578298502e-04 3.159796312963595124e-04 3.213176865681428331e-04 3.404553516841601251e-04 3.533360043504508736e-04 3.447162375902150912e-04 3.400946931383332832e-04 3.493042539894198164e-04 3.412558355055317827e-04 3.282722206542839109e-04 3.245052850034068313e-04 3.199575110047283861e-04 3.340896812722435674e-04 3.514787804890687857e-04 3.457553053192823338e-04 3.307116336011277531e-04 3.188583638933203588e-04 3.155246645685171568e-04 3.171792650928383127e-04 3.223260055527656619e-04 3.301014332289413985e-04 3.337188222142410199e-04 3.323657710989082973e-04 3.425784975633950659e-04 3.649001806196461176e-04 3.622376775544858870e-04 3.401015229420933711e-04 3.298083437481959886e-04 3.320051281381986908e-04 3.488621563884250184e-04 3.555197992155607520e-04 3.369139065600003998e-04 3.182707196377281521e-04 3.088594537012099347e-04 3.210467340346244945e-04 3.460226260088956288e-04 3.531148562540918482e-04 3.454829347717575951e-04 3.382694390399595356e-04 3.336213063142725406e-04 3.248236319326028884e-04 3.141066890584995807e-04 3.227958768004696470e-04 3.422364807108720357e-04 3.473677662289815322e-04 3.405237362203187776e-04 3.318617154184877157e-04 3.319760584497043806e-04 3.535223164003170734e-04 3.714562506972193204e-04 3.516792803379415323e-04 3.299794892035926670e-04 3.323097252706978073e-04 3.482752004392113934e-04 3.577874097730823636e-04 3.496279557149171774e-04 3.303499006148802710e-04 3.214799043438380452e-04 3.340627172238851963e-04 3.464333114119332903e-04 3.367235577015121229e-04 3.240746825902736253e-04 3.258099022321069883e-04 3.270363916680808390e-04 3.210764744449203629e-04 3.139407332433873056e-04 3.224877251946630459e-04 3.259147892967583881e-04 3.152590061446233554e-04 3.198577898445149848e-04 3.313309275155529288e-04 3.283909335154269792e-04 3.252276511063855857e-04 3.295333101501644662e-04 3.416122801735313832e-04 3.476632667108193997e-04 3.409096019854980964e-04 3.324227611755052451e-04 3.226709169139349684e-04 3.291685187011911739e-04 3.475085705737599590e-04 3.434534318514973991e-04 2.898908073930676638e-04 2.169113853753038500e-04
1.907244207590879704e-04 2.637861570305059062e-04 3.139635236305940739e-04 3.172165434529088069e-04 3.245491561574940934e-04 3.433806435857830372e-04 3.488027135558497685e-04 3.406873779526624390e-04 3.291170018028891369e-04 3.225587707364690289e-04 3.257798607271263991e-04 3.289956602949682283e-04 3.316256361618081247e-04 3.287349645722155173e-04 3.303184863343863005e-04 3.364912803747235068e-04 3.368180075661072592e-04 3.334571080966281138e-04 3.466001900960255858e-04 3.639133180380784002e-04 3.577148264875372875e-04 3.310240726242309772e-04 3.214556699051255174e-04 3.392728663861087433e-04 3.461472747614140243e-04 3.363785584532973019e-04 3.280265593064674934e-04 3.247673298317865602e-04 3.402052086585897550e-04 3.595265279562946084e-04 3.543972627824588809e-04 3.403542612470830632e-04 3.336570453024554250e-04 3.277984664835731452e-04 3.247299383237583744e-04 3.295724104729738429e-04 3.312546450586125466e-04 3.271005043224061923e-04 3.216743842449912771e-04 3.257971652551161891e-04 3.470883390973736153e-04 3.506806297670981404e-04 3.328264628804838759e-04 3.314370065223211674e-04 3.450765507480076794e-04 3.558659069669473140e-04 3.519674284894965021e-04 3.332860646521247118e-04 3.196396217914379795e-04 3.215065509262274301e-04 3.339110505059645316e-04 3.500496044747432181e-04 3.501490267476307060e-04 3.438329681845080673e-04 3.437844397479547119e-04 3.486394675760692060e-04 3.435064789599813094e-04 3.272243768885963237e-04 3.245195413162513731e-04 3.417078912904680929e-04 3.539867116284788366e-04 3.509798294389169246e-04 3.428984519416203129e-04 3.428652614828912523e-04 3.526781333005595963e-04 3.530945939796716320e-04 3.368647375909869100e-04 3.307844508618341776e-04 3.405122592060431941e-04 3.470801204449848682e-04 3.462733266762253737e-04 3.431114395332852040e-04 3.349946537985348674e-04 3.256908752461992003e-04 3.282103038868319886e-04 3.338370701491444369e-04 3.275403035809221989e-04 3.227715080475506608e-04 3.230148669749907621e-04 3.268563876834253363e-04 3.349472142655207890e-04 3.295908365287874772e-04 3.278625035161561777e-04 3.186203799835729631e-04 3.077779632895375102e-04 3.245198929289099584e-04 3.386441681969600817e-04 3.347841088483941366e-04 3.332941564923544864e-04 3.327667040541194940e-04 3.341947721539040815e-04 3.315731144822323334e-04 3.319278517753414303e-04 3.371521127878551868e-04 3.302700216989720131e-04 3.326130326275521850e-04 3.468241499145404425e-04 3.389651014955847685e-04 2.838653048235242307e-04 2.023475507118158232e-04
1.889504375165599942e-04 2.653006216998430255e-04 3.191972890920472439e-04 3.244935172829612282e-04 3.233212574705177826e-04 3.338364312823212236e-04 3.406856031289397712e-04 3.437468427243470367e-04 3.385474520270157764e-04 3.266730854921810236e-04 3.265841091454983465e-04 3.307346499669168308e-04 3.421814632815247379e-04 3.511395151005185407e-04 3.489305780417709243e-04 3.414974776984985557e-04 3.411155209962526665e-04 3.511109216976582639e-04 3.665264446599064371e-04 3.684252542993800804e-04 3.538168035413428547e-04 3.274098456960958031e-04 3.127835052040136773e-04 3.279400962843254368e-04 3.388508471973587311e-04 3.275974047134945976e-04 3.181243714679037786e-04 3.181710585072577546e-04 3.343146344262778948e-04 3.541270109013810140e-04 3.510742386272852969e-04 3.433940174403212267e-04 3.425995120740619364e-04 3.390363290442925974e-04 3.373534150428799273e-04 3.433680201430505674e-04 3.380378234054476285e-04 3.245340019742356283e-04 3.186473665346975861e-04 3.155500018016227067e-04 3.240964210418581255e-04 3.319675448149604679e-04 3.241520440965285892e-04 3.250086766822916917e-04 3.381452802665804334e-04 3.323659518145405346e-04 3.205970838205543321e-04 3.206717122304783910e-04 3.195445273495909179e-04 3.238092512747839553e-04 3.287010541332875159e-04 3.334199879220743883e-04 3.274769707109760576e-04 3.210160603827484746e-04 3.266810515099354212e-04 3.395766475788850091e-04 3.419659275520054820e-04 3.293641250706585413e-04 3.207722893321539228e-04 3.220595380766345462e-04 3.298137905655869882e-04 3.360749862760561675e-04 3.377060303764515799e-04 3.404001386487402552e-04 3.405243643775200538e-04 3.278077906597431359e-04 3.131928648037609437e-04 3.235094435526782381e-04 3.410948050382169266e-04 3.384032613880882901e-04 3.265987226163013699e-04 3.285480792208047337e-04 3.361760232743368185e-04 3.390569132455080936e-04 3.404533793146882759e-04 3.411800110981631968e-04 3.300722258278155881e-04 3.211316215593643065e-04 3.214202709255198614e-04 3.333331845443030178e-04 3.511338004226085652e-04 3.492945723215123868e-04 3.424067907403793311e-04 3.293935369478472779e-04 3.210912105012500768e-04 3.315947623778118104e-04 3.383346034978297568e-04 3.353879263850081255e-04 3.375295028286566827e-04 3.337095767479713346e-04 3.236523644426630162e-04 3.166433117492494865e-04 3.227110866951854212e-04 3.359545988008852489e-04 3.335702542958361716e-04 3.300314949673874418e-04 3.334520230969758615e-04 3.255890478655915250e-04 2.782893604623749330e-04 1.932613196859234498e-04
2.083985219733255033e-04 2.869123615025951724e-04 3.411312198505943782e-04 3.472597320236524049e-04 3.367890343760502822e-04 3.266847466444166952e-04 3.195459287019079830e-04 3.238519865726370074e-04 3.362874383439991744e-04 3.388386099153767187e-04 3.377637620575924698e-04 3.384009053207246223e-04 3.488852769453288163e-04 3.616756511550804805e-04 3.581794178293162584e-04 3.432842739753979395e-04 3.403999677715105173e-04 3.499975042257274724e-04 3.561004685235469270e-04 3.488631973102311254e-04 3.421006353785705249e-04 3.294844673676394949e-04 3.163971334272193056e-04 3.238382160590334152e-04 3.306919001650165642e-04 3.211784355412065960e-04 3.152790477884945849e-04 3.169537996493856881e-04 3.311310537968299716e-04 3.443897038713251155e-04 3.350324829477584719e-04 3.287999044899035011e-04 3.365935088314430659e-04 3.411855613121375923e-04 3.384242247277990706e-04 3.412024093049282518e-04 3.376282419332940097e-04 3.261616669811047290e-04 3.254751673663893938e-04 3.256376207706511774e-04 3.231354264347673284e-04 3.250491711300093579e-04 3.282135202582002866e-04 3.338262930456839224e-04 3.365397496274792968e-04 3.167375167142299835e-04 3.106770467981422729e-04 3.266034620049823567e-04 3.295812484986880044e-04 3.301616550215577582e-04 3.244659413371594981e-04 3.209926075140674055e-04 3.185287217849910391e-04 3.110821217446659579e-04 3.058837491374344440e-04 3.093503549721285254e-04 3.171143070031514841e-04 3.190812050774541808e-04 3.164919145076640025e-04 3.124344093845843892e-04 3.154338691351035143e-04 3.263988679353975312e-04 3.309276258893587442e-04 3.279252794099488067e-04 3.279282313034858135e-04 3.265997964885725331e-04 3.159963910953579504e-04 3.239167366514673040e-04 3.397506427264632969e-04 3.336671084554070381e-04 3.148790748512262424e-04 3.141903901247274436e-04 3.341308841127288019e-04 3.541030072104517801e-04 3.532404730049873908e-04 3.448931133188705964e-04 3.307813095345187200e-04 3.143646941246434250e-04 3.079019297992497653e-04 3.258559208477336804e-04 3.501893413929704161e-04 3.534497814096359820e-04 3.511295626579244216e-04 3.461007729494365625e-04 3.377366382699132611e-04 3.279360241267961816e-04 3.208112478812240667e-04 3.198796240244781053e-04 3.263976138730551165e-04 3.322244242412007590e-04 3.332305807857391150e-04 3.322616577077297864e-04 3.322442560779736986e-04 3.376349905236313920e-04 3.367961251640880704e-04 3.299664816562601286e-04 3.234474250843497002e-04 3.069882171809637603e-04 2.646886889437377361e-04 1.912863125984111162e-04
2.172474055924179435e-04 2.943576818260249753e-04 3.522625093515017276e-04 3.649379524229207691e-04 3.530894569276991348e-04 3.271561116085037937e-04 3.073511540647753471e-04 3.083302324150866310e-04 3.292715283221337211e-04 3.428384172115725133e-04 3.406829379822309779e-04 3.411230168132904856e-04 3.481873382595765095e-04 3.513493096239281538e-04 3.446532590511765552e-04 3.334478616677712679e-04 3.353417013088826710e-04 3.423704831915461719e-04 3.386258948341834812e-04 3.267167271417533922e-04 3.261212542505950414e-04 3.318049699018632472e-04 3.298678166515278329e-04 3.297583613964804325e-04 3.314145220841452659e-04 3.298531722890413924e-04 3.293659093983257154e-04 3.224382947822623802e-04 3.211305960086354404e-04 3.204050819973281502e-04 3.069797893150196248e-04 3.044209433763530172e-04 3.236886211186010319e-04 3.417692891150922322e-04 3.381577020989515766e-04 3.324041829997198810e-04 3.350787885777598333e-04 3.379007580304582009e-04 3.413831446299811761e-04 3.436450204398151581e-04 3.356232515199542325e-04 3.289146993850296284e-04 3.401027579849490623e-04 3.562282179453810267e-04 3.535565902060921572e-04 3.315269231795374373e-04 3.315665525181369722e-04 3.410323227681896817e-04 3.301581246093902898e-04 3.260012904851965774e-04 3.232805239792508386e-04 3.256113838518638788e-04 3.316169223965772139e-04 3.230470904352908466e-04 3.046176279352806777e-04 3.000711433092134077e-04 3.109723528614093797e-04 3.205482594253154121e-04 3.225402435808391588e-04 3.245627648626790793e-04 3.319518580355419572e-04 3.417355131069474677e-04 3.365198887721030274e-04 3.243855095322057671e-04 3.262418503804012508e-04 3.355499470578582246e-04 3.311402798559714630e-04 3.355744839328847007e-04 3.489812475099259102e-04 3.427321499743779120e-04 3.226911960890675680e-04 3.159498206253447431e-04 3.361306820327858479e-04 3.594898835889768877e-04 3.549806635913122909e-04 3.430453046816939297e-04 3.351482758678041426e-04 3.170190428889285011e-04 2.961902314156774686e-04 3.037520159638848515e-04 3.227910549572185787e-04 3.331750681521164449e-04 3.458086952947771230e-04 3.522461019004715830e-04 3.412221494872049701e-04 3.205851681119961335e-04 3.057290334081407554e-04 3.077425827159653332e-04 3.198480355524749904e-04 3.324116369759636327e-04 3.421830571314034221e-04 3.453762260612845410e-04 3.378046763142407557e-04 3.327506458882813732e-04 3.349163211790566475e-04 3.385881809712403445e-04 3.309227724652399265e-04 3.018137364748933369e-04 2.579938580504264820e-04 2.013691169111367666e-04
2.084676769429992635e-04 2.784086401934418326e-04 3.421157482562305627e-04 3.710337423622123349e-04 3.637432468122930732e-04 3.305822382545772005e-04 3.096722631480649016e-04 3.118256290162892542e-04 3.252425953891134461e-04 3.337822215654832154e-04 3.332222380033095406e-04 3.355972663405402045e-04 3.377617604268768020e-04 3.304658115078120133e-04 3.270693619768702803e-04 3.263075953422535412e-04 3.317559164659216364e-04 3.338878922388625967e-04 3.193386261613123190e-04 3.085433942300501789e-04 3.259371021590170788e-04 3.522130484794130673e-04 3.520975782646297569e-04 3.402757359706778104e-04 3.377420034350749577e-04 3.456896930547485088e-04 3.523437776218751199e-04 3.402384732097575972e-04 3.241337769936438991e-04 3.089898087029362877e-04 2.977912191645207826e-04 3.013734324451054032e-04 3.222977623645820341e-04 3.440861903834871449e-04 3.409282336225707239e-04 3.275710832292229096e-04 3.324796447882475336e-04 3.505481048908472611e-04 3.526421948578632596e-04 3.453596538761883813e-04 3.349991906539126832e-04 3.295999740635203535e-04 3.408728325781528899e-04 3.552516135199247009e-04 3.573920863432572472e-04 3.516717476063243013e-04 3.530107029705815492e-04 3.418208674719901857e-04 3.170902913358765538e-04 3.142912448800156962e-04 3.249763812005673552e-04 3.349152286880762623e-04 3.472331984046327980e-04 3.462097147415493575e-04 3.233776692419730006e-04 3.143066028379557517e-04 3.271466646227136907e-04 3.370258621901712744e-04 3.341472716176271235e-04 3.339751726127133209e-04 3.444393155151005237e-04 3.495182344805782340e-04 3.342073657871297461e-04 3.230773346536684482e-04 3.310396899898618902e-04 3.387463533219211035e-04 3.311648805967521499e-04 3.339428952603958143e-04 3.478111677387985532e-04 3.473851573789921306e-04 3.362344637698737207e-04 3.306810988420670052e-04 3.390966394834947972e-04 3.478022054299881533e-04 3.445117867377320720e-04 3.407929580469129874e-04 3.378739900819425200e-04 3.232621100199031773e-04 3.015983328352906138e-04 2.997699633995912455e-04 3.117943481800424183e-04 3.208155448863176632e-04 3.333251065142076486e-04 3.471918748825154498e-04 3.495754212621639051e-04 3.421122175991825895e-04 3.264820999321182537e-04 3.226796634661158463e-04 3.293079895282554877e-04 3.315123841324465071e-04 3.380063108760113645e-04 3.453594656742228677e-04 3.305770651853300914e-04 3.152896065839736525e-04 3.187406644031945445e-04 3.331829061847928490e-04 3.346937896724345952e-04 3.129102343187786925e-04 2.692965858599245701e-04 2.176195680862250386e-04
1.995198455121289507e-04 2.612113579290554436e-04 3.222127015654961246e-04 3.554685892548830120e-04 3.528038870816133012e-04 3.279197503028702648e-04 3.173389305910408751e-04 3.228158600303708179e-04 3.265761158430587497e-04 3.302646787094408974e-04 3.382269980884771115e-04 3.435335080022278815e-04 3.404188612435192019e-04 3.267712050904808454e-04 3.286078497293726600e-04 3.395272577297313863e-04 3.433263339394654074e-04 3.361937735500110857e-04 3.213137515252070201e-04 3.187864290508641662e-04 3.417478820713050957e-04 3.664261926691393147e-04 3.627572166603120971e-04 3.524225482861987452e-04 3.501828485833115723e-04 3.558803804100552776e-04 3.576977304981459422e-04 3.527830726573282470e-04 3.458287814854663555e-04 3.322399468357922943e-04 3.215130073169353026e-04 3.167259005916991032e-04 3.217492659234805815e-04 3.347674726942303581e-04 3.344466212468030406e-04 3.228346139165519596e-04 3.229367153757653117e-04 3.429761773880903725e-04 3.456036536635230397e-04 3.342333655525070706e-04 3.259651351487175756e-04 3.275330063770173186e-04 3.367350525601711208e-04 3.371354410735214737e-04 3.373727864969213092e-04 3.504856928608485449e-04 3.607400849762702885e-04 3.399356150293029620e-04 3.140501524781074685e-04 3.205070422679668360e-04 3.354910427119846012e-04 3.423955962500779067e-04 3.592331831427584264e-04 3.666507493671715542e-04 3.431163215734090409e-04 3.289585823022945620e-04 3.407760985882255737e-04 3.501035312201891399e-04 3.398430822597214873e-04 3.349693485208544942e-04 3.468296102370357036e-04 3.438984554232013546e-04 3.229048262652777120e-04 3.146451478467274894e-04 3.272858108418410118e-04 3.381523433271772187e-04 3.295857310041605472e-04 3.273061336511520216e-04 3.363790984992433069e-04 3.422155095131443380e-04 3.427539237647990325e-04 3.425682544368448745e-04 3.402825990117600268e-04 3.318489752639073231e-04 3.244787798520842826e-04 3.251041871184525106e-04 3.251019685103276585e-04 3.246717033415282027e-04 3.225177039979325701e-04 3.248262138178387159e-04 3.375319128583148358e-04 3.408206406515527291e-04 3.328626817610268770e-04 3.358386342948952320e-04 3.490276796953085178e-04 3.600148605385778680e-04 3.532403766990188741e-04 3.459200143594807217e-04 3.404190470193758141e-04 3.321716011500447027e-04 3.386906965206068140e-04 3.512816453128955675e-04 3.340913914101203627e-04 3.107264660146439672e-04 3.063273177674011066e-04 3.207190363432063478e-04 3.357686686039826319e-04 3.322074687967281614e-04 2.873981123627218442e-04 2.283677251200123381e-04
2.026666411285073265e-04 2.691828428659232952e-04 3.236769696362122605e-04 3.405153849637433390e-04 3.346550223814751999e-04 3.215342493006219772e-04 3.217301464539023886e-04 3.319185004407441313e-04 3.350635117671682756e-04 3.396161041953338344e-04 3.546476002352173047e-04 3.700556543404706893e-04 3.714245768352433894e-04 3.482472829246627440e-04 3.407443144286813634e-04 3.531439125974121258e-04 3.514130096003859343e-04 3.380987454152117617e-04 3.347545910949312350e-04 3.421434115425870033e-04 3.483462860582404379e-04 3.516755038355482842e-04 3.520063401809866554e-04 3.547484456685685633e-04 3.502063514217754019e-04 3.390235488115886592e-04 3.330901496156104527e-04 3.451038292709496854e-04 3.567251999303258864e-04 3.510903456255925733e-04 3.364412646913641364e-04 3.226126405578345381e-04 3.161526888702035471e-04 3.259542147019303779e-04 3.385902927430792849e-04 3.342142374631830101e-04 3.124151327024944701e-04 3.107948077741216051e-04 3.207215920378923921e-04 3.281830856320868284e-04 3.288510038376436491e-04 3.257268298555441232e-04 3.311298096569300904e-04 3.293844480813963712e-04 3.217394538358802573e-04 3.333013305533398399e-04 3.524224060898357167e-04 3.417818170765055076e-04 3.223419289692336463e-04 3.303320104185837689e-04 3.393172714652115335e-04 3.415434921024314285e-04 3.591914393081001213e-04 3.668731011886975941e-04 3.486148065777933450e-04 3.360274010567085952e-04 3.397672244756577220e-04 3.430295408679872367e-04 3.269621229431207221e-04 3.195683839889097884e-04 3.380266703761754211e-04 3.406240214074721323e-04 3.222444194644606295e-04 3.160076079434617248e-04 3.260956229201365211e-04 3.357533132450238279e-04 3.311207065133321735e-04 3.302711052491128473e-04 3.350987852216981379e-04 3.381658670421915959e-04 3.403374032890715351e-04 3.411645998348875183e-04 3.390335378912781540e-04 3.332496694816371543e-04 3.226753326250711732e-04 3.139197826083638164e-04 3.146066095827633794e-04 3.261083619475662948e-04 3.402684887793309357e-04 3.513304057255025236e-04 3.617969843588751764e-04 3.610084718825444972e-04 3.363819686471494329e-04 3.118003731375364835e-04 3.094417301853880455e-04 3.260312037690456461e-04 3.438537670659934896e-04 3.577554520088480679e-04 3.561292969221702869e-04 3.449093283770166734e-04 3.432064804386147612e-04 3.472248537998011853e-04 3.351955993135530406e-04 3.173740515357413193e-04 3.087618777157221045e-04 3.195873045231516782e-04 3.408914474461917105e-04 3.417153703097099019e-04 2.947485583492248239e-04 2.299968045989583668e-04
2.074034994531703292e-04 2.828690602707716007e-04 3.332836006874506001e-04 3.396442495072034208e-04 3.354432051940780309e-04 3.328785582349359719e-04 3.354955878955549363e-04 3.404354879794466615e-04 3.370187495754818348e-04 3.319705323560101940e-04 3.399119091148058752e-04 3.615121594363178577e-04 3.726411165877878710e-04 3.520011210111659923e-04 3.388757393672402673e-04 3.450745988261750717e-04 3.378564243199562727e-04 3.237307787073534200e-04 3.300610040998398624e-04 3.459654940921166660e-04 3.424762311830276693e-04 3.303337210616934640e-04 3.323824122472035947e-04 3.365939458150020501e-04 3.218692822921690963e-04 3.016128102028206711e-04 3.076837587956738652e-04 3.321924543843987393e-04 3.474130888359250281e-04 3.510281179337012441e-04 3.390858007181868881e-04 3.283180438345197506e-04 3.260540350871634187e-04 3.382852923528098391e-04 3.590868090807783916e-04 3.562739668987467733e-04 3.155259154738857029e-04 2.947201645693157458e-04 3.074173824129542635e-04 3.314535646995537730e-04 3.458231297791118674e-04 3.361699340795903544e-04 3.283064486116718961e-04 3.282365681980757002e-04 3.233059745180396922e-04 3.272049506849569116e-04 3.428838777465937140e-04 3.462656860031336449e-04 3.360612708352814140e-04 3.387407481948162416e-04 3.462170664987311184e-04 3.431233057260936665e-04 3.443098195499614232e-04 3.446069629696488050e-04 3.366993791193791021e-04 3.303291885313828623e-04 3.274562502920290224e-04 3.273787073077307451e-04 3.155423745941213828e-04 3.055081272619777737e-04 3.182779786110003428e-04 3.306341507730352304e-04 3.302018099813764773e-04 3.367045322711576579e-04 3.413248649025559878e-04 3.371157015627521472e-04 3.286565559396162611e-04 3.297396494490785089e-04 3.347938185190590683e-04 3.297325571711441899e-04 3.217675801953549602e-04 3.214832147992897492e-04 3.343126399299017329e-04 3.544217965891314093e-04 3.533004162942169485e-04 3.343403328292289946e-04 3.299080400293247033e-04 3.341057806188227970e-04 3.408924763738300600e-04 3.512543309972426982e-04 3.575858549954142023e-04 3.580025775022629758e-04 3.370579420584504356e-04 3.028442469739519530e-04 2.874795671601692963e-04 3.003061180253431550e-04 3.264565566442250506e-04 3.475153157283818162e-04 3.527966297452227672e-04 3.469564678507813804e-04 3.351635897309370197e-04 3.307657511026720920e-04 3.343875613610347596e-04 3.296752007226838935e-04 3.228272969525759501e-04 3.301241307075975222e-04 3.438671278605786577e-04 3.308234647022306350e-04 2.800530989697764357e-04 2.157448790978174901e-04
1.978844619531969456e-04 2.696497459110022959e-04 3.174998896226598850e-04 3.353884111126792132e-04 3.467920148879139906e-04 3.525040928549547483e-04 3.492520069875995549e-04 3.407120763514125648e-04 3.322607514096095763e-04 3.205164031775725644e-04 3.142561883896378820e-04 3.283731197699151991e-04 3.422104331072893632e-04 3.383494831231705882e-04 3.392641988007139920e-04 3.432731804708548991e-04 3.308781612859633707e-04 3.115390465305735565e-04 3.168894373358234744e-04 3.397312516563625413e-04 3.413314708262727738e-04 3.293530410413712589e-04 3.357646115935058800e-04 3.357019931814736848e-04 3.076652434497122559e-04 2.872063166137528217e-04 3.083424825349053398e-04 3.326953097122140306e-04 3.342263610827622905e-04 3.367696794515758949e-04 3.353127464129416991e-04 3.331328059426819847e-04 3.320532636140027111e-04 3.430990477644982242e-04 3.677161711622351295e-04 3.660059643071675675e-04 3.258450155581434863e-04 3.083174916364780655e-04 3.198082889340750010e-04 3.384225002556603620e-04 3.531725959043097423e-04 3.409620737885044875e-04 3.215199329687304115e-04 3.201373620628295480e-04 3.233498136607684380e-04 3.215745605232360428e-04 3.253957844267076419e-04 3.373781711843651257e-04 3.391918935974888908e-04 3.420355850438636970e-04 3.477176144645023831e-04 3.357491506879425793e-04 3.214830265570389149e-04 3.234936398970529895e-04 3.305665233319504399e-04 3.302389560458610269e-04 3.224400494365359292e-04 3.174358077567783205e-04 3.141007244272488652e-04 3.106982299792092729e-04 3.077228701466335858e-04 3.141983218870071908e-04 3.314855746251232698e-04 3.471561207555157701e-04 3.438599822542289788e-04 3.307939404555229352e-04 3.194257981088816892e-04 3.208269966056635216e-04 3.277271935640647211e-04 3.212016546966893482e-04 3.119596812432638396e-04 3.119636943205994495e-04 3.275217966304287210e-04 3.550580365598054230e-04 3.635640797154979058e-04 3.529992024606166848e-04 3.499911507380649512e-04 3.379482829058763757e-04 3.280942593775349869e-04 3.344594805826133681e-04 3.384094146805451293e-04 3.398319875874830577e-04 3.354480112475509770e-04 3.218893965372087839e-04 3.148340805611910204e-04 3.224644401209743414e-04 3.356757282294368363e-04 3.384598201746908514e-04 3.386097628591381876e-04 3.364970870395433793e-04 3.222985664392167627e-04 3.212125147466419854e-04 3.416073197871379160e-04 3.483173022943384387e-04 3.397416879339291811e-04 3.369495296781656562e-04 3.390018468825213745e-04 3.181628197600335980e-04 2.663562368415653848e-04 2.011554081210676021e-04
1.928858173333131251e-04 2.586930147357763450e-04 3.052453353060829164e-04 3.313368860149383381e-04 3.459988045730141458e-04 3.473122008962988483e-04 3.453668650958400697e-04 3.423709841214516922e-04 3.418972492881788817e-04 3.320976994764627014e-04 3.155758852848891379e-04 3.140572076111804905e-04 3.190792193329805961e-04 3.252283798355039214e-04 3.437457013394141798e-04 3.546595346315884649e-04 3.419086438691575688e-04 3.168013628430676760e-04 3.143607363964378253e-04 3.353109314068541090e-04 3.427366977017700083e-04 3.432877996340363488e-04 3.573053443018839141e-04 3.554916153181457081e-04 3.238584276986208790e-04 3.039684427992494706e-04 3.225592936109165443e-04 3.389894127013537667e-04 3.260441335914898101e-04 3.156282627831023336e-04 3.150119661993699928e-04 3.177581615543349216e-04 3.186730813398117338e-04 3.306460046423004111e-04 3.537922392751105928e-04 3.490406819811156286e-04 3.219076765803077496e-04 3.214453140356898775e-04 3.392732814761603211e-04 3.490283138557484987e-04 3.497364705928020451e-04 3.370072009184775551e-04 3.246220676210600066e-04 3.287979070995593420e-04 3.333356404782751039e-04 3.222880699762587300e-04 3.094231542983763984e-04 3.167049215632741603e-04 3.279711140862171794e-04 3.401673235255631622e-04 3.437394653439173947e-04 3.284368318096948921e-04 3.161418873352866629e-04 3.262067340621193040e-04 3.423994592350595523e-04 3.384897037267687301e-04 3.183804926002141433e-04 3.072314801920079962e-04 3.128390905486575792e-04 3.227772626442829531e-04 3.174795168707963402e-04 3.242059288333483868e-04 3.482420830091744217e-04 3.598734319972275698e-04 3.500131681210427335e-04 3.305196909398589681e-04 3.159358776823377132e-04 3.221609209355737235e-04 3.363619052648548048e-04 3.362147399568795052e-04 3.325897180480096656e-04 3.308107035586096588e-04 3.279917828628809914e-04 3.344006048137549022e-04 3.422054848422470194e-04 3.469121277358595433e-04 3.554836663310972033e-04 3.393203490568838174e-04 3.211810935027773796e-04 3.220873307248341101e-04 3.177222708033514142e-04 3.197059781855122887e-04 3.347865053342564306e-04 3.418441118749013805e-04 3.463038897355374241e-04 3.526233994127229900e-04 3.514348926776341472e-04 3.402240677657081660e-04 3.344295348798551623e-04 3.318638084366712891e-04 3.205091822759431087e-04 3.210840377271541551e-04 3.415880186096168685e-04 3.543974201038698250e-04 3.424637396974464600e-04 3.275329125337576039e-04 3.245103102358144363e-04 3.114917895232965700e-04 2.660313883679091360e-04 2.033790074632968860e-04
2.084010697933424776e-04 2.703936369573201244e-04 3.100419058323194131e-04 3.276434600228499117e-04 3.323155432981715531e-04 3.286435532989103684e-04 3.323376787346380323e-04 3.342732740725302444e-04 3.363069042948553349e-04 3.375143605138077388e-04 3.316272907665243847e-04 3.240971611280925009e-04 3.199242208524642143e-04 3.203319984211730823e-04 3.390989319922937495e-04 3.549888097054704076e-04 3.488172815919158730e-04 3.298942607781023013e-04 3.240949913969821180e-04 3.369219364944781112e-04 3.456235390767106058e-04 3.526185387371310416e-04 3.605604919226185288e-04 3.546487183803786721e-04 3.374019860028561624e-04 3.257358313514456495e-04 3.313584973658461209e-04 3.400694001583875179e-04 3.249173996998651445e-04 3.108781605337639629e-04 3.063393937672180870e-04 3.059778312447131187e-04 3.125192082246702882e-04 3.244988110158656801e-04 3.280135775953964706e-04 3.099499521163468201e-04 3.004071418247830768e-04 3.152257097778373394e-04 3.352492244622262869e-04 3.457324467182378296e-04 3.451540667743379807e-04 3.399082494668993802e-04 3.396856752371758500e-04 3.445657979648443395e-04 3.459159170083046016e-04 3.333399143898834057e-04 3.065477012697639969e-04 2.975383965772850862e-04 3.100961388391311035e-04 3.328409051494263227e-04 3.441561288053127457e-04 3.381893687414915754e-04 3.335138996366265505e-04 3.422421954354907419e-04 3.537987056633059495e-04 3.459384335504014246e-04 3.223699944402959273e-04 3.115167382031926559e-04 3.180626912696426882e-04 3.271535333447780675e-04 3.273430246664441935e-04 3.480297640245676497e-04 3.732930251279829382e-04 3.759152178544985417e-04 3.675668684040423037e-04 3.444622536924995398e-04 3.193718625064178381e-04 3.214999467141658757e-04 3.404621945717889453e-04 3.513546219739782997e-04 3.576588810525841442e-04 3.555480005874212977e-04 3.323872827714035834e-04 3.179790178240498796e-04 3.225212482602853601e-04 3.341330473006427532e-04 3.520943287595763730e-04 3.458775092854747633e-04 3.254895323390375296e-04 3.120498521670197361e-04 3.004428478832734057e-04 3.084225127609465864e-04 3.308351493807384913e-04 3.354770010898238015e-04 3.391937282669864329e-04 3.481139864203115276e-04 3.433461084917042972e-04 3.334423788332701298e-04 3.292665399798941741e-04 3.308766202307887334e-04 3.301934204938182602e-04 3.345743726867616858e-04 3.461360437714684182e-04 3.510004457580534823e-04 3.315426865994715506e-04 3.201661925779452733e-04 3.239742654486333284e-04 3.121512658736741918e-04 2.658561199931386591e-04 2.128627552481824302e-04
2.173745642288013179e-04 2.787757051208543781e-04 3.178014292070650598e-04 3.303034329344625838e-04 3.307962788440817854e-04 3.265045208659771159e-04 3.265576305424822655e-04 3.214845221915486558e-04 3.208325891598507416e-04 3.370575319255252012e-04 3.520828134797440506e-04 3.480093021514297797e-04 3.398861343167656817e-04 3.292952827799708370e-04 3.342816230033439752e-04 3.442490954699025220e-04 3.390511598474593149e-04 3.285437181039937374e-04 3.239798261129302973e-04 3.304026933696159940e-04 3.396274015118437985e-04 3.470094665901608333e-04 3.518668688753411912e-04 3.469504521293966968e-04 3.354722561317821953e-04 3.276491677426422657e-04 3.282705268373061207e-04 3.385770676203171767e-04 3.343596927981720766e-04 3.239329338977477916e-04 3.141299570303821486e-04 3.073418349973662100e-04 3.169684734759398159e-04 3.304702047895828327e-04 3.222434598066727151e-04 2.968659090852130301e-04 2.978050737999493863e-04 3.220914698254337557e-04 3.364829979981047111e-04 3.413276284800621481e-04 3.406161006006025210e-04 3.350948215140521795e-04 3.334990730354728109e-04 3.391307092978517769e-04 3.466521237653840911e-04 3.449402490548846402e-04 3.206596311246277049e-04 2.993025658173562812e-04 2.998374492116527481e-04 3.212599842180845905e-04 3.447379350214098154e-04 3.529264253521383196e-04 3.492083657593840918e-04 3.450830841280779198e-04 3.494691518169457177e-04 3.536881247650803259e-04 3.438737900731521574e-04 3.329023937930267706e-04 3.311151959432974932e-04 3.311253766764711949e-04 3.291880672863774313e-04 3.475893215202988107e-04 3.607685576451440633e-04 3.562137269077149285e-04 3.603467175840918604e-04 3.523071614409070294e-04 3.270861407861069261e-04 3.243944807586946659e-04 3.392249430893529258e-04 3.465126320349382126e-04 3.559695266185907824e-04 3.573674771268420865e-04 3.327541133751537130e-04 3.181376788448978497e-04 3.227889752447661966e-04 3.300130873602590410e-04 3.432361405202535463e-04 3.427310137862881194e-04 3.250502502691130099e-04 3.043799646402679674e-04 2.944962510214950337e-04 3.107552372540433585e-04 3.318416484400225257e-04 3.314702536009703519e-04 3.252649755097750312e-04 3.243448718520152894e-04 3.229119261274438304e-04 3.256857854802665871e-04 3.274266239284768284e-04 3.285489753591334244e-04 3.329440537435460201e-04 3.449467075794870278e-04 3.553000733196381381e-04 3.555222693170751402e-04 3.391839815107465473e-04 3.366402690319206855e-04 3.410927070278802322e-04 3.227345808395026654e-04 2.700862424036082560e-04 2.214473810680446552e-04
2.161365195743690894e-04 2.779005215970979030e-04 3.264445864761849518e-04 3.374674674810201891e-04 3.306840180806758797e-04 3.323586190933699308e-04 3.406312153812711798e-04 3.342265254251028622e-04 3.237167430764104504e-04 3.302895051269685682e-04 3.496719861307897312e-04 3.579098741966165766e-04 3.529451094400899280e-04 3.348163476511120955e-04 3.278151923712011267e-04 3.259749769559043922e-04 3.170432700003564708e-04 3.173926281210853631e-04 3.190144711434404019e-04 3.201713307852237646e-04 3.293721319927995876e-04 3.430433207846755308e-04 3.530717817828859812e-04 3.505322868715630416e-04 3.400184381810537068e-04 3.348315783682601380e-04 3.309387487792798672e-04 3.323631431126433341e-04 3.310751068013943451e-04 3.295928312597577216e-04 3.292283542894356655e-04 3.252374068043369917e-04 3.296510325821971183e-04 3.414832999986858425e-04 3.415479381682865346e-04 3.223984462385083832e-04 3.205718503251405588e-04 3.442114267116051524e-04 3.576035744819344199e-04 3.560811772639311352e-04 3.429655767322501532e-04 3.230474462554770417e-04 3.144924009715173658e-04 3.263291403624024047e-04 3.422394947875426847e-04 3.516488298844753536e-04 3.420333766937212966e-04 3.202186941004953849e-04 3.076953491546733548e-04 3.201485977265616312e-04 3.458564885428887237e-04 3.549416139865951836e-04 3.425824269456602162e-04 3.228631432180124297e-04 3.226571186364724560e-04 3.455016675315960911e-04 3.547369180871760798e-04 3.447254148390852197e-04 3.370377237058375997e-04 3.387326074685610309e-04 3.347904182673809743e-04 3.305624695708496625e-04 3.258419431070570219e-04 3.278692878031000922e-04 3.455396672557103878e-04 3.525411269202672086e-04 3.336342234615655199e-04 3.261994994036121042e-04 3.302753012356461734e-04 3.280957201230155079e-04 3.357856492527993750e-04 3.407220095711884682e-04 3.249094575255748966e-04 3.168250112410748737e-04 3.232632064335117352e-04 3.286921947187146256e-04 3.344037500745479269e-04 3.308893614696564083e-04 3.234572769217746043e-04 3.153196778533820348e-04 3.123921387086245425e-04 3.302123778580299423e-04 3.407499514460401177e-04 3.356050287371474777e-04 3.269907161529893259e-04 3.172165432800281085e-04 3.095093921574781155e-04 3.156685851676856430e-04 3.256430573375594770e-04 3.263460036983266204e-04 3.267197721091278815e-04 3.366191865630535499e-04 3.434737297937844958e-04 3.448876137337191124e-04 3.435390155263044905e-04 3.485978192498749399e-04 3.482474332938809061e-04 3.260944677421395883e-04 2.744983954123569100e-04 2.249418517786710742e-04
2.255654675031970699e-04 2.824090105925907822e-04 3.334198937933071077e-04 3.385368892137195968e-04 3.231870564226325786e-04 3.375242961092281366e-04 3.658870251535436516e-04 3.648834743108900257e-04 3.426912072977444023e-04 3.217699500015773657e-04 3.250125498749366110e-04 3.438157594229757042e-04 3.507930926664510783e-04 3.375121162938196162e-04 3.288660179386835030e-04 3.207908948842563748e-04 3.115709338981837752e-04 3.198724184648144117e-04 3.289908045139369481e-04 3.297266051445242466e-04 3.355649524884436415e-04 3.428756303274543751e-04 3.398215147512566184e-04 3.331627259810746467e-04 3.378478530330222092e-04 3.490167813491978606e-04 3.396001415998913323e-04 3.192281632693398478e-04 3.128567733126389958e-04 3.276324799057277973e-04 3.440092284782812629e-04 3.432946356369513414e-04 3.395812910669725941e-04 3.480931958728352609e-04 3.586338463294960885e-04 3.465427265430463507e-04 3.330640593545470965e-04 3.466857374736037828e-04 3.646040549217621600e-04 3.631202298205548186e-04 3.463961023000553712e-04 3.278655512335501175e-04 3.141619957192745322e-04 3.172846531623190781e-04 3.348867723781229992e-04 3.559914954331829234e-04 3.619779363804382830e-04 3.478506999023097453e-04 3.330785867671429558e-04 3.349429876946742775e-04 3.472154894301987364e-04 3.475411610918800547e-04 3.333477053119831396e-04 3.123288769105129624e-04 3.080240213223445558e-04 3.305484536894859435e-04 3.416202485541852078e-04 3.342166088308400453e-04 3.310899180133641795e-04 3.420556431512141067e-04 3.432283782845094037e-04 3.254926515546916355e-04 3.121272242697853481e-04 3.221332711344660621e-04 3.439757014671558991e-04 3.549593108594918081e-04 3.383418040766199893e-04 3.214676630444183916e-04 3.143375199148899313e-04 3.110442807406776249e-04 3.276166853496680510e-04 3.440716864273993432e-04 3.395488610013414131e-04 3.331574720083094947e-04 3.318278789035014435e-04 3.372232596249636651e-04 3.427080840146575890e-04 3.322894056571795490e-04 3.274887297567973823e-04 3.364183139454435386e-04 3.422176742725732343e-04 3.497147721783101099e-04 3.445280262767295770e-04 3.343842434781129584e-04 3.296485373158472912e-04 3.213988215694784387e-04 3.057121490728294689e-04 3.053346648558149211e-04 3.166972208821806629e-04 3.192701252840990378e-04 3.190952517840668829e-04 3.219400652157131983e-04 3.239440639742600806e-04 3.270339517119999094e-04 3.360428798523073233e-04 3.430585718390505930e-04 3.352864857946130477e-04 3.143739616451757691e-04 2.691682957417507183e-04 2.136549002239318009e-04
2.197630530914241502e-04 2.789072705649117342e-04 3.328141247159057499e-04 3.339110037126527932e-04 3.131745727982979902e-04 3.277849735380131352e-04 3.583084586448686106e-04 3.646226797727540299e-04 3.516208011882401255e-04 3.243724327501529498e-04 3.101252290986370504e-04 3.166425336105543518e-04 3.276199950346416726e-04 3.309483162001662735e-04 3.366191992379687038e-04 3.346243170615981677e-04 3.252243226509881095e-04 3.276476328287285765e-04 3.328789044497184550e-04 3.323269358039987746e-04 3.339691792762546898e-04 3.339140137510975253e-04 3.230022153420929751e-04 3.171810047149689052e-04 3.308053468790928204e-04 3.474699329124148438e-04 3.333733792922776882e-04 3.047361177326442759e-04 3.036733741935460128e-04 3.308371015216947549e-04 3.472718530193027791e-04 3.396385592133992909e-04 3.331456484914485519e-04 3.424943309049577767e-04 3.604857185279817036e-04 3.574334927866934953e-04 3.384023056985620758e-04 3.384980057514433319e-04 3.480373361059314321e-04 3.413552150337063364e-04 3.354409099047809704e-04 3.366670380833052477e-04 3.261582943658923421e-04 3.179519996785754531e-04 3.320636026862347490e-04 3.572745938923656056e-04 3.688298720745103584e-04 3.572395306232335841e-04 3.431142541601838879e-04 3.404794118027884607e-04 3.416471284189037563e-04 3.377966221960458952e-04 3.332285132988642169e-04 3.264706744263693892e-04 3.234980940320268195e-04 3.321123377509955414e-04 3.325236108136487255e-04 3.247456678610627671e-04 3.253058092766953160e-04 3.410331720729084114e-04 3.471339652365502590e-04 3.290532614658555266e-04 3.112529609445811038e-04 3.217565163246325450e-04 3.454281705565371554e-04 3.555933920526054091e-04 3.410669947813160818e-04 3.260027844209236565e-04 3.217132961818625113e-04 3.196007821691750398e-04 3.377179275158806882e-04 3.566859158993235918e-04 3.605156888253180196e-04 3.583373789653760289e-04 3.416657354777619202e-04 3.385655736043513900e-04 3.478755695626362977e-04 3.399476736034302534e-04 3.278546838485771938e-04 3.341128094111277648e-04 3.415959886023776254e-04 3.394108563113167271e-04 3.336131958378322441e-04 3.393107530587969635e-04 3.425936227513357198e-04 3.319800620594630944e-04 3.176728918548071454e-04 3.119716730731011858e-04 3.096068132052501851e-04 3.087935441334235635e-04 3.166681649953355751e-04 3.212680381906007888e-04 3.219695715607488913e-04 3.254536614100302224e-04 3.313605121022595223e-04 3.273223152252980207e-04 3.143830683439529489e-04 3.076895880855234086e-04 2.697624880821295596e-04 2.007438652761789669e-04
1.985245116532888005e-04 2.680514755007878860e-04 3.318202714117709107e-04 3.364897158553106131e-04 3.110861907078026544e-04 3.172487645286481352e-04 3.382400932072729145e-04 3.482838883074020953e-04 3.478172007290281195e-04 3.319857901090539484e-04 3.192981640346008758e-04 3.098786995045785860e-04 3.092618678683299550e-04 3.210501744156417847e-04 3.408958137321618613e-04 3.432588199113634523e-04 3.353180610532115625e-04 3.375366570722576490e-04 3.368289184922317698e-04 3.264210571371763082e-04 3.228621702491635487e-04 3.313878850902518937e-04 3.340538596778632472e-04 3.317048323603882364e-04 3.338441186674495891e-04 3.368799508514365936e-04 3.252936775755419429e-04 3.073539300062894911e-04 3.077895734349094642e-04 3.263325665780447129e-04 3.317204730494811805e-04 3.222154479775871452e-04 3.226151712725751700e-04 3.363603942053843303e-04 3.542614988861717690e-04 3.555659562391107502e-04 3.348371062846636258e-04 3.188102393490316886e-04 3.167844534885395479e-04 3.165881692233605020e-04 3.285647420383380497e-04 3.455115322774275979e-04 3.427086853577439177e-04 3.337429952211843167e-04 3.414208045543151997e-04 3.548407865168185090e-04 3.558705894689942256e-04 3.414511012945083655e-04 3.328465695558085807e-04 3.374447159263102092e-04 3.400820930956735457e-04 3.334684819844215171e-04 3.308822730781932038e-04 3.381076230405089759e-04 3.484281472133378388e-04 3.546420027391358602e-04 3.506230795724482336e-04 3.374175641828984365e-04 3.329541502642810501e-04 3.422631725861814971e-04 3.402426243803254773e-04 3.238957720386365135e-04 3.105031294762894498e-04 3.203867109512547684e-04 3.407172663303673576e-04 3.434716254286701489e-04 3.291529899782616756e-04 3.265187272597049658e-04 3.364035528817183648e-04 3.407547867140460376e-04 3.470873035084960515e-04 3.443182346724406925e-04 3.414599170467360863e-04 3.503037692162901074e-04 3.399243229629131066e-04 3.296895420766849522e-04 3.373397557152934883e-04 3.381535678721570124e-04 3.257256650613812540e-04 3.207644270762462419e-04 3.230731704102146953e-04 3.207790600197055002e-04 3.231942939775998141e-04 3.412513357399894558e-04 3.475845662192342169e-04 3.397736810667118987e-04 3.353322984953135705e-04 3.298282139759319714e-04 3.165560393600688706e-04 3.167616939806620381e-04 3.355585427707413445e-04 3.419444396374400640e-04 3.339339153865076041e-04 3.303761912267094984e-04 3.302863289644015110e-04 3.203448754858044794e-04 3.092840462445447624e-04 3.162097845143318283e-04 2.837031592625619100e-04 2.052698534300356282e-04
1.937001449848030181e-04 2.696292454154062754e-04 3.359068577254790402e-04 3.464080919175411047e-04 3.213174540721831741e-04 3.207119440796174330e-04 3.337588586541050920e-04 3.399048782692185586e-04 3.404430913808087424e-04 3.387261410003431514e-04 3.388029467579991736e-04 3.264769882484232222e-04 3.173054399341061651e-04 3.237148977658114643e-04 3.397862592521691191e-04 3.404711212122436522e-04 3.382377442927628599e-04 3.468731031805624395e-04 3.417126168075110835e-04 3.213707605847849536e-04 3.163328958996948232e-04 3.412084097378069057e-04 3.610928487337248258e-04 3.522397891973533691e-04 3.356418354243177445e-04 3.261152864609628919e-04 3.292563945868676222e-04 3.303587668508520215e-04 3.210547602354932436e-04 3.186009087643267490e-04 3.192600407371535892e-04 3.170376743247487025e-04 3.172281641763477749e-04 3.254999211660712460e-04 3.381886392066710007e-04 3.415307426008890295e-04 3.265573918530701716e-04 3.089730665800814388e-04 3.034338697783932771e-04 3.096317416279319081e-04 3.329343651497424818e-04 3.573203379519037130e-04 3.554346754212369102e-04 3.444332547236375283e-04 3.431812344995141192e-04 3.374913046962510705e-04 3.241552977026040125e-04 3.118442077614608449e-04 3.149710357461167772e-04 3.316840590626559749e-04 3.392958170327426597e-04 3.295144662448853544e-04 3.242563952449938319e-04 3.367972784156567480e-04 3.526060347883670570e-04 3.578205854850856652e-04 3.558239173248593139e-04 3.427169484982603106e-04 3.386201903227840427e-04 3.437543673811219863e-04 3.339943364902948301e-04 3.252554109805003797e-04 3.256115569961590041e-04 3.334695461070039937e-04 3.447931522511600067e-04 3.352485321909132046e-04 3.149225496159119503e-04 3.217865918950537068e-04 3.418950452109611603e-04 3.505168821580207750e-04 3.469740144914309522e-04 3.287389405273593050e-04 3.201392966058948936e-04 3.398990596904148892e-04 3.462385957284335033e-04 3.347516484764616503e-04 3.408728377268624736e-04 3.495180865582640795e-04 3.396055180417211590e-04 3.265474237493095700e-04 3.241978175573714382e-04 3.181299540080951812e-04 3.167987855725027985e-04 3.329342667613802457e-04 3.408267699625062075e-04 3.399248923702207067e-04 3.384215233028400709e-04 3.370523989771470673e-04 3.294072238340565810e-04 3.376043370112061888e-04 3.605474313522511885e-04 3.579009985385984581e-04 3.341823579553167343e-04 3.232302508970704607e-04 3.298121541096886260e-04 3.317503477171323363e-04 3.237877012825920780e-04 3.276141289979423170e-04 2.971063553192771997e-04 2.221025937088785915e-04
2.010550527540657696e-04 2.732060347761639495e-04 3.385041368539074350e-04 3.557215837751279879e-04 3.349044895040904370e-04 3.268769289562461610e-04 3.292180924027832242e-04 3.289428739045890840e-04 3.340831760916371956e-04 3.459916630619936859e-04 3.524356096435364550e-04 3.392712840672628609e-04 3.263633564420162351e-04 3.258748053261485179e-04 3.386915437143279148e-04 3.420352344403679171e-04 3.368819398952623435e-04 3.389188595414847644e-04 3.293286306829076339e-04 3.131975368179019557e-04 3.147502499378892126e-04 3.407085431812583321e-04 3.608333062720732063e-04 3.494427938697670629e-04 3.326122852622378015e-04 3.261551236950593598e-04 3.395971259310903928e-04 3.486835035161525145e-04 3.378173680338802487e-04 3.314450474343498326e-04 3.353575193606373362e-04 3.337079259867152927e-04 3.185045269363393416e-04 3.115515460473613791e-04 3.200205456647256053e-04 3.270621394949718144e-04 3.250706985781543108e-04 3.228860436874189015e-04 3.179622187037894291e-04 3.147043991602783042e-04 3.326195193975717539e-04 3.542386873053019651e-04 3.505908646017520257e-04 3.367730665972995703e-04 3.262787627962901579e-04 3.116240665938262481e-04 2.959537174566022701e-04 2.907805095110075266e-04 3.054366487197357743e-04 3.339060923017469996e-04 3.462137264269283762e-04 3.281885281684091102e-04 3.197599064389012864e-04 3.377538395427118157e-04 3.505078623465466658e-04 3.459154117957739913e-04 3.342628322217458818e-04 3.213939466142989409e-04 3.285452044809524267e-04 3.442567208756026247e-04 3.375746286052176194e-04 3.343029958910152420e-04 3.432461811276758595e-04 3.466029253261031749e-04 3.510450138844850576e-04 3.363339059674726119e-04 3.158259813642047900e-04 3.267364523167633596e-04 3.436205512854443710e-04 3.423438697467878810e-04 3.358216370259985021e-04 3.279370185191896958e-04 3.279193751565803640e-04 3.460832877361635224e-04 3.529787363541158599e-04 3.451203809533106475e-04 3.545647698698546364e-04 3.674931507061977246e-04 3.585516806331496978e-04 3.448769307911362064e-04 3.441781345522343686e-04 3.284025488944821575e-04 3.129044933428917373e-04 3.234916651706964876e-04 3.362073553464947845e-04 3.385080012303502456e-04 3.366011266517082842e-04 3.394920556028240433e-04 3.390612048160152612e-04 3.495389310262693038e-04 3.643844202697289975e-04 3.531925674808318594e-04 3.245171683316434071e-04 3.134044744391925597e-04 3.317802796133917918e-04 3.440088927829948072e-04 3.317803563152822363e-04 3.237867952088604095e-04 2.935587553823936499e-04 2.267828670565007871e-04
2.103427410332020043e-04 2.789177375302648873e-04 3.411698720048889771e-04 3.564774952225818099e-04 3.377840278579947097e-04 3.271080980455704683e-04 3.213346735287444926e-04 3.158098037963911120e-04 3.244354604652715775e-04 3.416843595557468062e-04 3.467150366472907148e-04 3.307133869660533335e-04 3.201329157170355010e-04 3.226003796035666060e-04 3.404453230117480836e-04 3.499872620144737654e-04 3.408943121295348439e-04 3.353190489321839808e-04 3.209738377931673110e-04 3.092772224582403598e-04 3.150663761480453507e-04 3.246590387067436849e-04 3.315578111588333098e-04 3.311442277606488956e-04 3.278801892703788953e-04 3.275233773910631984e-04 3.410209685544437173e-04 3.499433142665539357e-04 3.541545444929943367e-04 3.597215114701093419e-04 3.620655959391522573e-04 3.508492196490332025e-04 3.204938914891160176e-04 3.003265594271524539e-04 3.045742239047742259e-04 3.151254014029479110e-04 3.235375257330735466e-04 3.301303774862650504e-04 3.219114106850666035e-04 3.102780775594270743e-04 3.174744649172786017e-04 3.280421932011602713e-04 3.292255071296451823e-04 3.245471972457225304e-04 3.150843169522289829e-04 3.047439566578563999e-04 2.946127062117900874e-04 2.942122127492541621e-04 3.138668404103776757e-04 3.443866384787333361e-04 3.544927450887589543e-04 3.316164554001251800e-04 3.246833317631321386e-04 3.473014288360139548e-04 3.547767882252367147e-04 3.381900761154990349e-04 3.161131777645891008e-04 3.036441164090994231e-04 3.146498633646480731e-04 3.355987290277287504e-04 3.337076699332874831e-04 3.330249371369015696e-04 3.484383026213252023e-04 3.478979217319602951e-04 3.396639859623765524e-04 3.277179349193212613e-04 3.197598891073927707e-04 3.300018981877223456e-04 3.359652423531706532e-04 3.240195865242879482e-04 3.176612850895972270e-04 3.226070461228187089e-04 3.298122198777608751e-04 3.404352799573425619e-04 3.452357408353928661e-04 3.388969243424855174e-04 3.381645208907433633e-04 3.460491862244330840e-04 3.470692457456434868e-04 3.469433940435457330e-04 3.510613926903210754e-04 3.321247898504502832e-04 3.116732495329445959e-04 3.130839814321491701e-04 3.226689290373558564e-04 3.316787449264439530e-04 3.422253173975329903e-04 3.486066654505066585e-04 3.437094672063147451e-04 3.428919344948262553e-04 3.472695051609796008e-04 3.442023056981133029e-04 3.276843767229647422e-04 3.225627902812294332e-04 3.426587364527743313e-04 3.502043201922303787e-04 3.350950094521035314e-04 3.171243875279904458e-04 2.790841229587646163e-04 2.130820139533572588e-04
2.221143766792386173e-04 2.876524393924511378e-04 3.393707903395702359e-04 3.487144164253996653e-04 3.341760202960603987e-04 3.233109265728814023e-04 3.147038994212801285e-04 3.133597442071631590e-04 3.267439005127712294e-04 3.459481201509356438e-04 3.485788876397385083e-04 3.241141908698773246e-04 3.110565588922757597e-04 3.158455543677010863e-04 3.331763981924284893e-04 3.482109253918656225e-04 3.468778944527725291e-04 3.413432133442399264e-04 3.241685670446102182e-04 3.156242740150069456e-04 3.240893153496781807e-04 3.233694271753522202e-04 3.177258613345718477e-04 3.225586121597067389e-04 3.273438620719087717e-04 3.274981031352796820e-04 3.328177091710416693e-04 3.345053029173939915e-04 3.522542929511547410e-04 3.691906626708220049e-04 3.684409988803204064e-04 3.547971081691096945e-04 3.278859255972137654e-04 3.084488008386311532e-04 3.089476261384644902e-04 3.130286897320015737e-04 3.186310172410626281e-04 3.303908809429025690e-04 3.255153195221706201e-04 3.108583032536303345e-04 3.135591246412316188e-04 3.179367206391218352e-04 3.195831846499040023e-04 3.249396922307316122e-04 3.261697335793740720e-04 3.231037593434539328e-04 3.184330895712829726e-04 3.176916085937356738e-04 3.297396640475539864e-04 3.469467668363998753e-04 3.487419936132928402e-04 3.348133181753725450e-04 3.348490576587088811e-04 3.523692110319728756e-04 3.541852971083222362e-04 3.364920929872895023e-04 3.213864052433935319e-04 3.147739526961327206e-04 3.175758104531569044e-04 3.281349602497808941e-04 3.268614239897110838e-04 3.316612932675450359e-04 3.532759023974365686e-04 3.484990506569051556e-04 3.255764312698767996e-04 3.171983386086874024e-04 3.266411677884501993e-04 3.401971877410407945e-04 3.337987936384047283e-04 3.177802848243683380e-04 3.135965875105382905e-04 3.170062212989937719e-04 3.217613275171604713e-04 3.350573457683656952e-04 3.473692549196843614e-04 3.401684685604722822e-04 3.233499606638134830e-04 3.179493202417678788e-04 3.219007107746698791e-04 3.293829276088273408e-04 3.340975190668164893e-04 3.279703110936842527e-04 3.224315022031594598e-04 3.209396431999231303e-04 3.249597785533348557e-04 3.364462555620124267e-04 3.481243516644170989e-04 3.457216495213066452e-04 3.320218065989649181e-04 3.228781778069443739e-04 3.252124411830377643e-04 3.304101600433644688e-04 3.259895654508208765e-04 3.320159286913314223e-04 3.448454890785229428e-04 3.392220750868100597e-04 3.294875826968994103e-04 3.158751524058551552e-04 2.742073908194554645e-04 2.042569170323337404e-04
2.242732582688389178e-04 2.847851122813917224e-04 3.263094676044522792e-04 3.372031917749288401e-04 3.331782311669144415e-04 3.226595947313603933e-04 3.136867544708079095e-04 3.196018329144171568e-04 3.391504291213104567e-04 3.605163477665628501e-04 3.570452579566928521e-04 3.260402279562124887e-04 3.143348907606247555e-04 3.195329779613397068e-04 3.248631464032815299e-04 3.353087013807263747e-04 3.475004670224752070e-04 3.489663933067379056e-04 3.309415377973760918e-04 3.301858622454737890e-04 3.463437975551213795e-04 3.423694269297442982e-04 3.256175334148321034e-04 3.240061997133393459e-04 3.337320045292282251e-04 3.367522099834748396e-04 3.292646312530596005e-04 3.185269748674021554e-04 3.357802379894501282e-04 3.584415435238032005e-04 3.653142553727820496e-04 3.567894647978714579e-04 3.391270256379625044e-04 3.289394750375040054e-04 3.320873948817466663e-04 3.313027020682636666e-04 3.256207656425902245e-04 3.305554203087512997e-04 3.303588140703106165e-04 3.174789181066476717e-04 3.192651137727823196e-04 3.285588594817728152e-04 3.316192572816031511e-04 3.345550221627802893e-04 3.397182137333542868e-04 3.416234554779428974e-04 3.416049321920713823e-04 3.378992027841779162e-04 3.350526702328278589e-04 3.361176566289868954e-04 3.315080981308398235e-04 3.279828734050493390e-04 3.316469869601230600e-04 3.409481281932850777e-04 3.440883417595265925e-04 3.365495224420711647e-04 3.381559826235320523e-04 3.416916648054241223e-04 3.375988316592119180e-04 3.301121353295922859e-04 3.183865490550231644e-04 3.235701567198175912e-04 3.476935207272977002e-04 3.487398811476323805e-04 3.300290103443216660e-04 3.219064026534196711e-04 3.375998383503026491e-04 3.557967463543161525e-04 3.423156582262613023e-04 3.258969498235457138e-04 3.263338922528158967e-04 3.281281007748996148e-04 3.288467491636158429e-04 3.440340130591759259e-04 3.588297263002028850e-04 3.530208016703186209e-04 3.302469449670887591e-04 3.116734627499934303e-04 3.086790270361699237e-04 3.116176741780902885e-04 3.090278826396356633e-04 3.125185558949517255e-04 3.290340360671907593e-04 3.395054257519017609e-04 3.398650064961592008e-04 3.412598268837099477e-04 3.412701631666663392e-04 3.305917226247367751e-04 3.202180412445193992e-04 3.179219219065229987e-04 3.200715875010428290e-04 3.196136862342228253e-04 3.149380486124874748e-04 3.234838552748409190e-04 3.318243078824978571e-04 3.231517537447294833e-04 3.159313001352614600e-04 3.061766566619245067e-04 2.653066734261632872e-04 1.988134297267287788e-04
2.127884884674594566e-04 2.736052373654117840e-04 3.141399283192531288e-04 3.288530671841130809e-04 3.307034904166958680e-04 3.240424484255375595e-04 3.222481288134618183e-04 3.271188205184819833e-04 3.379814253249544031e-04 3.479780719214098893e-04 3.418390410128448447e-04 3.314031316193389882e-04 3.374889022324318775e-04 3.340810404834367140e-04 3.184645596740836812e-04 3.206666513752988554e-04 3.401086588135955732e-04 3.488721505114901695e-04 3.340730239631053153e-04 3.381046336635013232e-04 3.576952215147223601e-04 3.545737927012542552e-04 3.349857366967249912e-04 3.196706532464854223e-04 3.301140708850640445e-04 3.433636285136794819e-04 3.289937391165593779e-04 3.103004956978319641e-04 3.218272083249499628e-04 3.455515129751692721e-04 3.657323569859155608e-04 3.644877948772034821e-04 3.496655431876557509e-04 3.397724419067843439e-04 3.440225270839741573e-04 3.447972377131934075e-04 3.336929695828494630e-04 3.304880593556165430e-04 3.348808327000672301e-04 3.290814704442533256e-04 3.237888038452386747e-04 3.281096972314290986e-04 3.331583998615219970e-04 3.309099903611109356e-04 3.306413947516811665e-04 3.383462812817961975e-04 3.465644074360507698e-04 3.400052469984489239e-04 3.276553091477252613e-04 3.234488713735330051e-04 3.183780520020996953e-04 3.217859099071127601e-04 3.287370886996231201e-04 3.353406843990360854e-04 3.398027362216469028e-04 3.352645700176725969e-04 3.410962777186175138e-04 3.503892858451869798e-04 3.470901999890009309e-04 3.292435536961143541e-04 3.110024744632436519e-04 3.148552554784603340e-04 3.320540567994898374e-04 3.382366244006133589e-04 3.348602326340221558e-04 3.270423069274216738e-04 3.381069710225593074e-04 3.524278338103741990e-04 3.386661513041401691e-04 3.260369236602607239e-04 3.298716453050960611e-04 3.382210535466266457e-04 3.414470275139761088e-04 3.517177779729481956e-04 3.607164029475692121e-04 3.523791512515701829e-04 3.267711070825909557e-04 3.062161773678218155e-04 3.043985480522960860e-04 3.073208051920969493e-04 3.092575282333134921e-04 3.149267547703206655e-04 3.272396369862409912e-04 3.398131228617240571e-04 3.396300361115425206e-04 3.328409291044329751e-04 3.292839849139778878e-04 3.259128708388220937e-04 3.263279480888984672e-04 3.295105297480619669e-04 3.268489801383515285e-04 3.189000292371129471e-04 3.127646828267043478e-04 3.173667826743900577e-04 3.223524982525740527e-04 3.198580572996895287e-04 3.204435041241165917e-04 3.174845479451133667e-04 2.732835074362053923e-04 2.041210862377102028e-04
2.020012756359061820e-04 2.718788908177422999e-04 3.135501786439987958e-04 3.248387786618567091e-04 3.257119441002526324e-04 3.229116382802619221e-04 3.310754421820314526e-04 3.357885251428147631e-04 3.329150738307835888e-04 3.261661777139058952e-04 3.244401610142520114e-04 3.404042890976959664e-04 3.622759327638481585e-04 3.505926004906197873e-04 3.216889621980772778e-04 3.190977329104410613e-04 3.299668858424901867e-04 3.348924242236575501e-04 3.282836445166392378e-04 3.283998432115398146e-04 3.378755025065707102e-04 3.401951263482125504e-04 3.322553873084443726e-04 3.129597654096140228e-04 3.199435442522845664e-04 3.380928329277713661e-04 3.259057624887653007e-04 3.081382749257344233e-04 3.131601926392757777e-04 3.311926349137648022e-04 3.561770127593545015e-04 3.615498753512803019e-04 3.478998963631440666e-04 3.332377106328686389e-04 3.384006496884713012e-04 3.445981141307349156e-04 3.354954317141148139e-04 3.333373527136256238e-04 3.467595990197290881e-04 3.572519019993189307e-04 3.519974676642371406e-04 3.375981948696259042e-04 3.295551926402111136e-04 3.204457242067650178e-04 3.176859837850238275e-04 3.340628754437298658e-04 3.525328543601621172e-04 3.422516553831015350e-04 3.185751889772257730e-04 3.133824497410478589e-04 3.137963418203839304e-04 3.171599887093341482e-04 3.232218834302539191e-04 3.319159789710126630e-04 3.399524276185110494e-04 3.392492652430680869e-04 3.412579260364048683e-04 3.416088206585187609e-04 3.358757559318042594e-04 3.252263303980343638e-04 3.155435294536549067e-04 3.147826508979035512e-04 3.184331299020841713e-04 3.242410688149467571e-04 3.273476599068639845e-04 3.218493106955889679e-04 3.288368633902406975e-04 3.343131275433735769e-04 3.250340544605649423e-04 3.230143994288660076e-04 3.311872409455136890e-04 3.382378792142157219e-04 3.379783536930407390e-04 3.431322890676697648e-04 3.488354971334702167e-04 3.381819352892143017e-04 3.121677660257725665e-04 3.005733944140560453e-04 3.108486916536961383e-04 3.224708583879022563e-04 3.364402984545091240e-04 3.442653293324433807e-04 3.334915211484464417e-04 3.301980759935657954e-04 3.316446405949946639e-04 3.237831647374078648e-04 3.254655718921907644e-04 3.341334492463322132e-04 3.395051860856550599e-04 3.416085707603701998e-04 3.335316862268040885e-04 3.216861094566784312e-04 3.197975538470456194e-04 3.205015882931765430e-04 3.157975302602010221e-04 3.191972417139360982e-04 3.362608492922882527e-04 3.410129270954592338e-04 2.911228688015934886e-04 2.152885109596238983e-04
1.987939857034108269e-04 2.778648016917100415e-04 3.227465156178634586e-04 3.309602794468367534e-04 3.317771068331425979e-04 3.267410395629030510e-04 3.321120736236091837e-04 3.361419244942130419e-04 3.251553425829901197e-04 3.128347600681094238e-04 3.198715918178436472e-04 3.422790375464135359e-04 3.584493886962630523e-04 3.471578880162659998e-04 3.287171235084570598e-04 3.322466702485440742e-04 3.301896342180146325e-04 3.218680105392952417e-04 3.208957612363027494e-04 3.165911955231737879e-04 3.165100295735930763e-04 3.257598678724050274e-04 3.286683625635996447e-04 3.166369804542182157e-04 3.184114291388312392e-04 3.307156706796335007e-04 3.239487228249989751e-04 3.124311749784049251e-04 3.136020608937874730e-04 3.228865643854211950e-04 3.385973981248817464e-04 3.432767963203682592e-04 3.317632943737168104e-04 3.184999068319501088e-04 3.259191467620723651e-04 3.371414406579590186e-04 3.330068574155707834e-04 3.328789161481841645e-04 3.532353519831370019e-04 3.757524918099114028e-04 3.777581200261768881e-04 3.608491714475182922e-04 3.382436138910377291e-04 3.151111628207898087e-04 3.177893998869715884e-04 3.454439193588821201e-04 3.656571316625532820e-04 3.502376060615907663e-04 3.193094417013174371e-04 3.139864965623125211e-04 3.195546777519438653e-04 3.177846599679686130e-04 3.157105107099317264e-04 3.202482020154727915e-04 3.246672890896365612e-04 3.289184657318989938e-04 3.410735968346718591e-04 3.436592114820337732e-04 3.320941216948371591e-04 3.316545668597500234e-04 3.386246350411157647e-04 3.350910460734752021e-04 3.227309207141887230e-04 3.180454737492636498e-04 3.184243557918214462e-04 3.224710645155934525e-04 3.305817960278787434e-04 3.283563421393596209e-04 3.253280296314245380e-04 3.314888973795614016e-04 3.421269935846612664e-04 3.407032090972836845e-04 3.300256823754144867e-04 3.279428369746939910e-04 3.291530445659582348e-04 3.210870012796777635e-04 3.043203127012593227e-04 3.040558751829589967e-04 3.238122769966877762e-04 3.397889822776297255e-04 3.523612413117586982e-04 3.549544400504380816e-04 3.318621401338273276e-04 3.259426343336410247e-04 3.367677958685873110e-04 3.291980819238318691e-04 3.298218213583537796e-04 3.391177548262489221e-04 3.474590439446610560e-04 3.590430193410529269e-04 3.530663413226118002e-04 3.373604054965419251e-04 3.326258240753399978e-04 3.238556421895629834e-04 3.121729845054105638e-04 3.221434151168188443e-04 3.482775659639504280e-04 3.498919712304967037e-04 2.961273016288166289e-04 2.202650340756514592e-04
1.994152406129094126e-04 2.728948806211852190e-04 3.185394997845017147e-04 3.320930286571924977e-04 3.391934752993233399e-04 3.342140408523533966e-04 3.313215762736557287e-04 3.298202066228572617e-04 3.158186497741558040e-04 3.144520945346625457e-04 3.329714169153490805e-04 3.462757451041589829e-04 3.426262145237413907e-04 3.320045280182730950e-04 3.296525519267443733e-04 3.375392738329608452e-04 3.351057978459449482e-04 3.299110309397431783e-04 3.327506048405201545e-04 3.273283681311017681e-04 3.294002552266760402e-04 3.468850689391191804e-04 3.496118987084831180e-04 3.363436191182414439e-04 3.303860428442398790e-04 3.322672816734902187e-04 3.253962202428892876e-04 3.229895841289320531e-04 3.313651910393311875e-04 3.346294507499597342e-04 3.290124386654836577e-04 3.274860364351798395e-04 3.224502625022416819e-04 3.167242546593796826e-04 3.223803159667644577e-04 3.283689190600709920e-04 3.239629208728916259e-04 3.214628977905114281e-04 3.391177966383807497e-04 3.596421937522567211e-04 3.646251728532786058e-04 3.640353819716718150e-04 3.492843474750739947e-04 3.232458179287190031e-04 3.277855501245488675e-04 3.522873613433578064e-04 3.594163519480957645e-04 3.444665048873497880e-04 3.332996735739013621e-04 3.387304863651499545e-04 3.397684767630480438e-04 3.304126780092219882e-04 3.233543112710308498e-04 3.238445131720609415e-04 3.191838167381599693e-04 3.199760625617888935e-04 3.407655689786188123e-04 3.483080755936879117e-04 3.298804350356612011e-04 3.357346201228706101e-04 3.580446770896646798e-04 3.606882753256905908e-04 3.417624665623286056e-04 3.237165736620026008e-04 3.224466090953142204e-04 3.431249731861903151e-04 3.560042579587200740e-04 3.431434702062599595e-04 3.362407282496269632e-04 3.432532870894302061e-04 3.515045414992085246e-04 3.456470282506768962e-04 3.348093363327039147e-04 3.287573796399977663e-04 3.258110645212730508e-04 3.276072281300691389e-04 3.215492712570290124e-04 3.193458978288687185e-04 3.333675155351325365e-04 3.444985046832017991e-04 3.489267301808990341e-04 3.441501786934871888e-04 3.197778579717506500e-04 3.184115095094194078e-04 3.363980953848588794e-04 3.340372231993515525e-04 3.329806308489498203e-04 3.348465252182568786e-04 3.420203329019587749e-04 3.636355745385952041e-04 3.673570602582902330e-04 3.560045208478697593e-04 3.460031229661925133e-04 3.290555503962783309e-04 3.160608018804124462e-04 3.247715639097744104e-04 3.456943824719050187e-04 3.389322736054748786e-04 2.845879435129678868e-04 2.160606963340646702e-04
2.006716796647815988e-04 2.686219152750661619e-04 3.117351045051356068e-04 3.229649249952538069e-04 3.317865352954747055e-04 3.364108398971332736e-04 3.363770670019219228e-04 3.316209184702491016e-04 3.183248075331661332e-04 3.263252178886704618e-04 3.462127613016411243e-04 3.478432528362102711e-04 3.361035229995223018e-04 3.309500940327086429e-04 3.335312224217072208e-04 3.312698907149141817e-04 3.314755522052456344e-04 3.412896416077761770e-04 3.441572365766235714e-04 3.402354995814065551e-04 3.485978543871416256e-04 3.639412185760657796e-04 3.652715311660167897e-04 3.578268027940162670e-04 3.499025179820870442e-04 3.345504493937501590e-04 3.179117594659292044e-04 3.239430937515279016e-04 3.427185874657271000e-04 3.461658746631413432e-04 3.271487564738506616e-04 3.224735542187977949e-04 3.262783388414754356e-04 3.277654389259649541e-04 3.334485462459356605e-04 3.318195483430920857e-04 3.210467280139267738e-04 3.187045736545387510e-04 3.251786421683112256e-04 3.300053819860494222e-04 3.336616915998329201e-04 3.437440002788529981e-04 3.456553433224870270e-04 3.299070816323979418e-04 3.262737054704633764e-04 3.396879004047182620e-04 3.425845680240747690e-04 3.353670442479730592e-04 3.454663966096687203e-04 3.631583760849857261e-04 3.614841372329662258e-04 3.460373102667240906e-04 3.386933913141733300e-04 3.451512360098098154e-04 3.384121898611240674e-04 3.233037146846860430e-04 3.289762654175294016e-04 3.284509887966752771e-04 3.097114562644290737e-04 3.197002431337166292e-04 3.431418588679363384e-04 3.503287443302283231e-04 3.394553110821380850e-04 3.263404259551187206e-04 3.357219505718113482e-04 3.644244592308954638e-04 3.732112738629072071e-04 3.527403487308978245e-04 3.413597966245726862e-04 3.476832855697858070e-04 3.508257132226777790e-04 3.448287579880671009e-04 3.453365534554686447e-04 3.440867083196650321e-04 3.352246881803925692e-04 3.387537685492024832e-04 3.444328150043655208e-04 3.453784308728357548e-04 3.488732677887796275e-04 3.462552035448087859e-04 3.465534062593824587e-04 3.487991348140757073e-04 3.313633709410501119e-04 3.204417066817214724e-04 3.276037575552380367e-04 3.308139579256788891e-04 3.277457008315880758e-04 3.205013755494183318e-04 3.214003701009942367e-04 3.393285239693211251e-04 3.497750157686371330e-04 3.472093273596905862e-04 3.399281057524613961e-04 3.237805532968593587e-04 3.128406554207455018e-04 3.196911040476896121e-04 3.340097606497234584e-04 3.230860594767110891e-04 2.732101528596751891e-04 2.152269153880656430e-04
1.950536327654279361e-04 2.703133785754459470e-04 3.200620220052197758e-04 3.264818032885839728e-04 3.292255860918813460e-04 3.390740387803516239e-04 3.431634882733679802e-04 3.398654688950351714e-04 3.287789871479472083e-04 3.302281526470910496e-04 3.424624848247594154e-04 3.409289778194847780e-04 3.290638642477885590e-04 3.248890555782596315e-04 3.348186344583517059e-04 3.340550460535090280e-04 3.284141584531021646e-04 3.394396420885770508e-04 3.415048226787948944e-04 3.424143756570879882e-04 3.466982263166855458e-04 3.439718458257464014e-04 3.464928345944342006e-04 3.582498808530968889e-04 3.608547198347844152e-04 3.419192772164632082e-04 3.205260477549319673e-04 3.228360599579598858e-04 3.380394784809657256e-04 3.449551558242913837e-04 3.264617313722886901e-04 3.183174335502108503e-04 3.263311795536980443e-04 3.324195653563352367e-04 3.378538530942245405e-04 3.332425692475821013e-04 3.181211152636682785e-04 3.228461664570618983e-04 3.268759835342220730e-04 3.205415482514691050e-04 3.235204414726296045e-04 3.323784932443219950e-04 3.347235008766084050e-04 3.211697269414311509e-04 3.111444186362113777e-04 3.242561209426981107e-04 3.345165277699702305e-04 3.300111909195376208e-04 3.368230546090769011e-04 3.523650476217127714e-04 3.545154536608423617e-04 3.443058172595462696e-04 3.396140980801784916e-04 3.509476577625771521e-04 3.539988123016615980e-04 3.307396233587976643e-04 3.139815501178091226e-04 3.072245123329955113e-04 2.994138873489055096e-04 3.106832757506080775e-04 3.293526754012273371e-04 3.411797007049999306e-04 3.338031093841059690e-04 3.215854238391139164e-04 3.394279246321448311e-04 3.667403632182217234e-04 3.697736680288955455e-04 3.501743327726349400e-04 3.304997540882493581e-04 3.301384357645174633e-04 3.399236485983810085e-04 3.461128735458392160e-04 3.554376780205210267e-04 3.537288282439202645e-04 3.405098448326943777e-04 3.392646296762354520e-04 3.463020957920176480e-04 3.498787538534762522e-04 3.478776968815491203e-04 3.370039693625993035e-04 3.367607614621165812e-04 3.510992972676796635e-04 3.477696990217469500e-04 3.335792294414095826e-04 3.367821514734019523e-04 3.412236506140752922e-04 3.293317546174078219e-04 3.141677612076990492e-04 3.110022018401464318e-04 3.204244812706501027e-04 3.265175362758245469e-04 3.278373498116499553e-04 3.345119255996649573e-04 3.325750500731210983e-04 3.230727267895415131e-04 3.274343313029802038e-04 3.414946476718834847e-04 3.319664115191697600e-04 2.827984672800223595e-04 2.212610106897495901e-04
1.944313002408996427e-04 2.751375967299158655e-04 3.325927548089301924e-04 3.455215899467455358e-04 3.419986250152206100e-04 3.391197472594073776e-04 3.365589066663198610e-04 3.363823276086819148e-04 3.399645116309955991e-04 3.448201489373305356e-04 3.469845830558733815e-04 3.399548632263276089e-04 3.263616814040069510e-04 3.162131292440986891e-04 3.317105821808037083e-04 3.381796405433594313e-04 3.249272915130848585e-04 3.317320579230369194e-04 3.395795633799406359e-04 3.459894333495777902e-04 3.392100321914714393e-04 3.200261524655765698e-04 3.208954289913220357e-04 3.404884359853968838e-04 3.507760581484213711e-04 3.491494442726541885e-04 3.369238634472874507e-04 3.260433675560886826e-04 3.323420813604647086e-04 3.501398699086487667e-04 3.417425341610629518e-04 3.287310438838747994e-04 3.321464685605327819e-04 3.372819696318720664e-04 3.313751087058247960e-04 3.226322262924932044e-04 3.129059537491212786e-04 3.190817564834260616e-04 3.264392098406891868e-04 3.309676879182759908e-04 3.383183058913199191e-04 3.360828097480028881e-04 3.230860042712360236e-04 3.092814347215992223e-04 3.107982897892602302e-04 3.319515844163941102e-04 3.383012178920976470e-04 3.266928852405639127e-04 3.219113403862328463e-04 3.292578142278274772e-04 3.307000160771942244e-04 3.232542736057928941e-04 3.208543333330926561e-04 3.310374787267527470e-04 3.448962623665716371e-04 3.366203446528024854e-04 3.208893134150931237e-04 3.182922263672596482e-04 3.171362327252859629e-04 3.193283896477728308e-04 3.267169164957061029e-04 3.358483781028367195e-04 3.278542720489035145e-04 3.104745905122355005e-04 3.252538656570458939e-04 3.495198523781826430e-04 3.550959517081840903e-04 3.409899348646654822e-04 3.151027257222368551e-04 3.128943062308112469e-04 3.353308085310479432e-04 3.519065372288287261e-04 3.546455225145610278e-04 3.445426937157881377e-04 3.341358939228616758e-04 3.318942446079736373e-04 3.318363180864938432e-04 3.316613084693412379e-04 3.301323952061573129e-04 3.194672721967918355e-04 3.187911854143944679e-04 3.371716492758619578e-04 3.430552111326759458e-04 3.399302821816701809e-04 3.537852420975772438e-04 3.546597350080930248e-04 3.378312588012208221e-04 3.312051376166188360e-04 3.328552887500180473e-04 3.325324620886613552e-04 3.204974266903248825e-04 3.177215648074938276e-04 3.399870507138151284e-04 3.525582874719498851e-04 3.384566985274848781e-04 3.358600475763164755e-04 3.515778793428248452e-04 3.445288581967201553e-04 2.934714858341744411e-04 2.235839701578881244e-04
2.006803685248478007e-04 2.800414025095338119e-04 3.402360346732890336e-04 3.626400311583007768e-04 3.548524423179551680e-04 3.325974757620941773e-04 3.180647724707990872e-04 3.194796913296477797e-04 3.428115481286533005e-04 3.598775235459969035e-04 3.557140691865695353e-04 3.479250364823253125e-04 3.374746990936912903e-04 3.270128213464951628e-04 3.431500962732500796e-04 3.471575121511245258e-04 3.231732991806858177e-04 3.210917362706189283e-04 3.356215283871616926e-04 3.468285891555752173e-04 3.346498203622272740e-04 3.153679581188816418e-04 3.163437816401455834e-04 3.327515399227826435e-04 3.408488252430889659e-04 3.461403915115908230e-04 3.407582108708346073e-04 3.256785404316963370e-04 3.277487482489729745e-04 3.482506385236632321e-04 3.512723871920629378e-04 3.482658598577928781e-04 3.512590505626253003e-04 3.507202831026723301e-04 3.271477347679716354e-04 3.179567471255719023e-04 3.281371370139182157e-04 3.322285661159075205e-04 3.289594178462302513e-04 3.327042669785831939e-04 3.386009211250827749e-04 3.320852321052485167e-04 3.222296854095089286e-04 3.215808622801187480e-04 3.338278008690265600e-04 3.500630961705405108e-04 3.424232576163305686e-04 3.241524720553433511e-04 3.179483384164758040e-04 3.262268806107220280e-04 3.238950506014528661e-04 3.107540062463986889e-04 3.067934277928887612e-04 3.120431249543419248e-04 3.301704365990630738e-04 3.418395266670948415e-04 3.400043560293760985e-04 3.435361309993396027e-04 3.382519627334430127e-04 3.285619722897197654e-04 3.302554343567670270e-04 3.332349518473252037e-04 3.251931164823663838e-04 3.119862157481804337e-04 3.214151357237248190e-04 3.372182164379726021e-04 3.391361222757048339e-04 3.318756381829307935e-04 3.179181373424359684e-04 3.164684076002722527e-04 3.314746789845063736e-04 3.443791369787137626e-04 3.429631121637322436e-04 3.326433944358194892e-04 3.235387433138158311e-04 3.206008088693883934e-04 3.198811395395430562e-04 3.180786282956983048e-04 3.184988710155525022e-04 3.099760338341385631e-04 3.138473177350426142e-04 3.339807437113576864e-04 3.338990006576166708e-04 3.318634143576061190e-04 3.542719323245901129e-04 3.592007238295666545e-04 3.444167385296467839e-04 3.430653013911336580e-04 3.443287951383448972e-04 3.408473822916016117e-04 3.201293337022102304e-04 3.117356665584137664e-04 3.358764384381232983e-04 3.532318695212655025e-04 3.400657402815741772e-04 3.328749576584777306e-04 3.428372145155783937e-04 3.320334903633253816e-04 2.816935442685705488e-04 2.182449242217599753e-04
2.048396005289652684e-04 2.825024285528824849e-04 3.375409207009439760e-04 3.557876295059129871e-04 3.466990553838887818e-04 3.184237273249991887e-04 3.021008853790194734e-04 3.092688608914959158e-04 3.374487293671144059e-04 3.540399673051224517e-04 3.528298276096296241e-04 3.487454317026224574e-04 3.359322707235078424e-04 3.321517405273865207e-04 3.519869588508001785e-04 3.536539566988576642e-04 3.284428766414846344e-04 3.181818247718394294e-04 3.271321247846607381e-04 3.390461473403084307e-04 3.309514711905738190e-04 3.192332249238897190e-04 3.234050135260628902e-04 3.368441054747274652e-04 3.390033271764460307e-04 3.363946756449145872e-04 3.339141097914459424e-04 3.263964425537556422e-04 3.213535103452686199e-04 3.251828820968474744e-04 3.359470455773748421e-04 3.543571567009305202e-04 3.643338252936639170e-04 3.573465056572883700e-04 3.236305077601782940e-04 3.200490620334817972e-04 3.535768751999414676e-04 3.629935022184935028e-04 3.418998783836111818e-04 3.238958406658280081e-04 3.231941429408917172e-04 3.249418901639613460e-04 3.332871920482460490e-04 3.465301645696012775e-04 3.527796359019375570e-04 3.529335515853422784e-04 3.425395294328138817e-04 3.291766263068347711e-04 3.253323404644021220e-04 3.329768940082497184e-04 3.296078985153695737e-04 3.196690324493525227e-04 3.198984092169343649e-04 3.209862481147728063e-04 3.340845700438884575e-04 3.482541307795837125e-04 3.464695714814471994e-04 3.492157760455071491e-04 3.444237314308685148e-04 3.357879754449777637e-04 3.418984394854417304e-04 3.479562680004977303e-04 3.432065676937759739e-04 3.340452744956484785e-04 3.376028730058699577e-04 3.448653326940160800e-04 3.341857346962374682e-04 3.254312393131016654e-04 3.250560524652688910e-04 3.241692042381916997e-04 3.260761936618947481e-04 3.310197872404932224e-04 3.346043363699041087e-04 3.350822638659695487e-04 3.294240057056380382e-04 3.257465984161235333e-04 3.263723111657467185e-04 3.173843141228600839e-04 3.112784434958706806e-04 3.095095001333209007e-04 3.234441615546944696e-04 3.407808074242931699e-04 3.320433686418331701e-04 3.260870442977497371e-04 3.443709708839138846e-04 3.480620379606801746e-04 3.406155765378027461e-04 3.461693311405141102e-04 3.423972631583790211e-04 3.333537114811198332e-04 3.177974701661299669e-04 3.091598776639402075e-04 3.218960882707977986e-04 3.392155435712949875e-04 3.339726756209498992e-04 3.192296813883383063e-04 3.172698911791369024e-04 3.100823428011477553e-04 2.703791138380962382e-04 2.179218063544629267e-04
2.068303503382514072e-04 2.793970574061819352e-04 3.235663591204611909e-04 3.298483646360896504e-04 3.262940069639803128e-04 3.121824926448675411e-04 3.024869243185895266e-04 3.096860893335546486e-04 3.259287618385623016e-04 3.351079675027850971e-04 3.407907968850378781e-04 3.382201014468334344e-04 3.259834532673869614e-04 3.301768000404983186e-04 3.471746556036141556e-04 3.503446719068607079e-04 3.349444435757881308e-04 3.222087514176220154e-04 3.253528075266400098e-04 3.412400328882310712e-04 3.432974284079850884e-04 3.319900776497411270e-04 3.287204121621486595e-04 3.338788712149454727e-04 3.321705662467070884e-04 3.309140131969684441e-04 3.379830761929388189e-04 3.382887040572171602e-04 3.259381502565968872e-04 3.134395617042206716e-04 3.240495632610415145e-04 3.477811422986865292e-04 3.500744770375715771e-04 3.375174676707472492e-04 3.146799724306981942e-04 3.179770419873755938e-04 3.581291978229734422e-04 3.740701373718985801e-04 3.443172476937527869e-04 3.149199830797496432e-04 3.154689178474687737e-04 3.261128746523766055e-04 3.432068921483699166e-04 3.592027535329966144e-04 3.537736740892935420e-04 3.421997013511441071e-04 3.422396664748160238e-04 3.411081473277306503e-04 3.343613934572609459e-04 3.320406010547141641e-04 3.304559471592881815e-04 3.278704265644405793e-04 3.342977178634242504e-04 3.411911075300512897e-04 3.484029904318077919e-04 3.484837971134332199e-04 3.348359540414469872e-04 3.309203146149831639e-04 3.312928160330339640e-04 3.300127308553225751e-04 3.362325439153458708e-04 3.495240441317150836e-04 3.540079588776830254e-04 3.485431585443825786e-04 3.499858657325946392e-04 3.505811977548249766e-04 3.299373263034596033e-04 3.217203930933172315e-04 3.296688687522375495e-04 3.278237136713815759e-04 3.195775798892235876e-04 3.175165057574433044e-04 3.279731823294640934e-04 3.413599944482304232e-04 3.431154724227484468e-04 3.379587508847604763e-04 3.351975551141185951e-04 3.246410824273831403e-04 3.165170258143276639e-04 3.187240547582107083e-04 3.292465163171529301e-04 3.323122034113537050e-04 3.234346464105971892e-04 3.229151120747566009e-04 3.316679187833666701e-04 3.276230347315520837e-04 3.337629757773301190e-04 3.565924673200790949e-04 3.561889545402908974e-04 3.403826408375383843e-04 3.294768465511850423e-04 3.199330362061761877e-04 3.190543841523655558e-04 3.352148351214958482e-04 3.390551896191232447e-04 3.172881056648942490e-04 3.056087506681298346e-04 3.075500811895464813e-04 2.775229043365144092e-04 2.240329077903217944e-04
2.145003467773049064e-04 2.793117942193872202e-04 3.164773611426428216e-04 3.190813682850877865e-04 3.205430574969908488e-04 3.210903038501477375e-04 3.208677919316512404e-04 3.264725141410230102e-04 3.293418298533290424e-04 3.275604290964313076e-04 3.321784344388012617e-04 3.337498376524510296e-04 3.261032896933413689e-04 3.291946223757754751e-04 3.408047131468554237e-04 3.442777678372273774e-04 3.286175807282983637e-04 3.153341381977805983e-04 3.249644894625975831e-04 3.437657019787948077e-04 3.513519169499436726e-04 3.403547873577947541e-04 3.271421914219848639e-04 3.251796159779593793e-04 3.228562864950434552e-04 3.278695831094993263e-04 3.467779211336186442e-04 3.531111338164920951e-04 3.388705537872240990e-04 3.229396181481411325e-04 3.290550046613812253e-04 3.434733631641483402e-04 3.246202133085252135e-04 3.047261546753472468e-04 3.049133475673318212e-04 3.185266126901992135e-04 3.479344572069310534e-04 3.577143949390657962e-04 3.325694324936509256e-04 3.161522534647728160e-04 3.240493753050129521e-04 3.371392428535390081e-04 3.544446031827336156e-04 3.617358622237337273e-04 3.433525354763949976e-04 3.288085847985972292e-04 3.407533165633157171e-04 3.499342846552781772e-04 3.376053122691909103e-04 3.235175911684397753e-04 3.224810042399937774e-04 3.168687615005356321e-04 3.171266264105361663e-04 3.341916043599306571e-04 3.487030090124676506e-04 3.468700543281383331e-04 3.299066564957820347e-04 3.222839710161022999e-04 3.274652386172127770e-04 3.311868957562815645e-04 3.323806331530741991e-04 3.406976773024200894e-04 3.443644849936181268e-04 3.409294093014615537e-04 3.423976492542451285e-04 3.362038588043531322e-04 3.161919385708712054e-04 3.186475275784663472e-04 3.340691045177929556e-04 3.311098415500924198e-04 3.117635330007782280e-04 3.063749517677396986e-04 3.261788280309196484e-04 3.450584019788594079e-04 3.490249554818283394e-04 3.416632363164963447e-04 3.353858322586537595e-04 3.283875453146544061e-04 3.194946159048097116e-04 3.222949033163335052e-04 3.284880461841865103e-04 3.235066641393485399e-04 3.205165982550416625e-04 3.252055541920262686e-04 3.292790111904088726e-04 3.292767693374172686e-04 3.399251597099938013e-04 3.572173663973108801e-04 3.596874806855976359e-04 3.473966848247082590e-04 3.389480088041677301e-04 3.322664509050533193e-04 3.318541038513249169e-04 3.447836829945686524e-04 3.464210287136372307e-04 3.239077251563511053e-04 3.134647485422845320e-04 3.200867390397203966e-04 2.936107206359355034e-04 2.375959712976929690e-04
2.201180512893555707e-04 2.805507198348016450e-04 3.141391439234491223e-04 3.175539365065928018e-04 3.243217594427091595e-04 3.349038331938560334e-04 3.455738987765641390e-04 3.520745212598672645e-04 3.426441233514739134e-04 3.341077690872101412e-04 3.382638749275590018e-04 3.413832772470331732e-04 3.287921997442487618e-04 3.233119399221027232e-04 3.334805905305228500e-04 3.379982401900591925e-04 3.207905566464659512e-04 3.085724416417195189e-04 3.231229622961775440e-04 3.384918486914716010e-04 3.427499739501678510e-04 3.338473750792381395e-04 3.188863373531624365e-04 3.156001153775708063e-04 3.174802858164066507e-04 3.282482640895325828e-04 3.471913546501345128e-04 3.514788531541620750e-04 3.417725360516316382e-04 3.325857238636920109e-04 3.351212800291641556e-04 3.408987499519364498e-04 3.127489038018642495e-04 2.918959300681213918e-04 3.092451395129225747e-04 3.311134292894151723e-04 3.477790613002487230e-04 3.455618073168608036e-04 3.265263739410845288e-04 3.214370020087399548e-04 3.339403327849944036e-04 3.523407557031132367e-04 3.690534052640710456e-04 3.605491463683509722e-04 3.274072423195347088e-04 3.164045403930584280e-04 3.378096364286367918e-04 3.537221653522023613e-04 3.437371588863571883e-04 3.259497210961273279e-04 3.202948309554392702e-04 3.134367712874272082e-04 3.106372414881503866e-04 3.246661402488062054e-04 3.377630551332432246e-04 3.456537138199028370e-04 3.374560513500948333e-04 3.295950713781076527e-04 3.336002939980204588e-04 3.385776012111539482e-04 3.410707971944997160e-04 3.416595410331395299e-04 3.417147293640032365e-04 3.391024857668353733e-04 3.374927157807569317e-04 3.312318253416735589e-04 3.175202558666334997e-04 3.257506883412451988e-04 3.432932699835652838e-04 3.379657690502395817e-04 3.140653186099080785e-04 3.091839884660872316e-04 3.297360305898137381e-04 3.428451376896602255e-04 3.458540383688552791e-04 3.400248243902727579e-04 3.353419162849759130e-04 3.284703332111651259e-04 3.181281218480019445e-04 3.267308913350518932e-04 3.391080207399575688e-04 3.299896704047763311e-04 3.226765457193442104e-04 3.280070239637574705e-04 3.341290055880647997e-04 3.379960463084948747e-04 3.408247891254767570e-04 3.438522769082979005e-04 3.479125254878193542e-04 3.424103832677898160e-04 3.366245715580012260e-04 3.363331753791488866e-04 3.382339198404829832e-04 3.416728006527045133e-04 3.388494718571486309e-04 3.252639742004034048e-04 3.203634417771989654e-04 3.217441927589680768e-04 2.964056034325638104e-04 2.429651067594449146e-04
2.104329334586831058e-04 2.710248267752467612e-04 3.084450464643799972e-04 3.163892042370782410e-04 3.266451500676530477e-04 3.386830918619941361e-04 3.529795055385853415e-04 3.602526129982497956e-04 3.466251724475629390e-04 3.404271372195392508e-04 3.396494771623893806e-04 3.323877932052813657e-04 3.189807593760318489e-04 3.198740137572431684e-04 3.324384001042038415e-04 3.368150005633933734e-04 3.250835646031726908e-04 3.155118317981052021e-04 3.265739538805638160e-04 3.387197866825599900e-04 3.383075892973779158e-04 3.274483317555964505e-04 3.181877374821791065e-04 3.189903534784585873e-04 3.237399364766009894e-04 3.342883097135384207e-04 3.411187870669087812e-04 3.419444481497877918e-04 3.405660734901363312e-04 3.343285298303999868e-04 3.303175350285989550e-04 3.324170965853039355e-04 3.173848547344990350e-04 3.105282551369478294e-04 3.318405051547944264e-04 3.489485768787894959e-04 3.575541866968467834e-04 3.500925123548414772e-04 3.278787639774688326e-04 3.126575702026002362e-04 3.174679119120801243e-04 3.400290847277038500e-04 3.582660759653132922e-04 3.442029788520516013e-04 3.078225127951845922e-04 3.057478812394396955e-04 3.344432449530554755e-04 3.489733707162784564e-04 3.383435801512165190e-04 3.235857767330647342e-04 3.201115292766866451e-04 3.235019380123142167e-04 3.275869200153396724e-04 3.338108281606127093e-04 3.356864667753995529e-04 3.428452770338899567e-04 3.401301448814184514e-04 3.337751823320664595e-04 3.357754970703929467e-04 3.372890577962974271e-04 3.373422571143229118e-04 3.361691184006321666e-04 3.430724584026149503e-04 3.488286541265535161e-04 3.467303218063509445e-04 3.420515662534795529e-04 3.284269949222376299e-04 3.359501136704966338e-04 3.597318718645764815e-04 3.534848332463200789e-04 3.247266217786013787e-04 3.140241852949774825e-04 3.257291311410849413e-04 3.316579142933312159e-04 3.368432422073301203e-04 3.395832547346145508e-04 3.424471649297099814e-04 3.396356635840595785e-04 3.324992790397458342e-04 3.348846630579989424e-04 3.415866840635395428e-04 3.302114278754223354e-04 3.200986813356909884e-04 3.255353766456623647e-04 3.319933645219427863e-04 3.378530825460428558e-04 3.414932989554321377e-04 3.409201551172112666e-04 3.421652079593535825e-04 3.384239517475516146e-04 3.377771950565332509e-04 3.419090855162221915e-04 3.367669089489443851e-04 3.286341877119656118e-04 3.315113567608675297e-04 3.344475064093985510e-04 3.321672198139240815e-04 3.250056429550798659e-04 2.958298419632891850e-04 2.375695029558686053e-04
1.991178405516034566e-04 2.624665203799823139e-04 3.093814319502935246e-04 3.220372405002061827e-04 3.295746197230032875e-04 3.361850091391231274e-04 3.449986007024683507e-04 3.508141583329036110e-04 3.367270763350298669e-04 3.317139995863736075e-04 3.318298775030424077e-04 3.226309104974149503e-04 3.138837306373917779e-04 3.260300867763456516e-04 3.418410521334626492e-04 3.430862030467641231e-04 3.316706689825740361e-04 3.246720108474382069e-04 3.335064947040872804e-04 3.435151228922743395e-04 3.359507928714666226e-04 3.192257346112682670e-04 3.211395281871035545e-04 3.306000651013638741e-04 3.355133327794401917e-04 3.428948937964857173e-04 3.369320656702383095e-04 3.331379520252990408e-04 3.314280806835592655e-04 3.240456765151652498e-04 3.216115568159430387e-04 3.279751904253240449e-04 3.310733791555467279e-04 3.399187417785090939e-04 3.539793949048419342e-04 3.528902040857281527e-04 3.527293496227774288e-04 3.452052879031515271e-04 3.157697632646452044e-04 2.892122281685126296e-04 2.933139631175436324e-04 3.244936831606190291e-04 3.440551184274620762e-04 3.285022556092841118e-04 3.004144152576057950e-04 3.117895132870489652e-04 3.437545220836298434e-04 3.478013434857339550e-04 3.275824888449265426e-04 3.179469135198000019e-04 3.217537251677367121e-04 3.271680488828297186e-04 3.312178865189844938e-04 3.347008586664032299e-04 3.330867857280450347e-04 3.374110434769346436e-04 3.418908467792609353e-04 3.389647202662277124e-04 3.368683336006073580e-04 3.322758048435746391e-04 3.219787271066011647e-04 3.139675660569142437e-04 3.261941846288380167e-04 3.482238286615901282e-04 3.502184672636262427e-04 3.433682829507597018e-04 3.328149794596496321e-04 3.413552658704751587e-04 3.678374853398030508e-04 3.639465159462011018e-04 3.331655019606129535e-04 3.152446860149277046e-04 3.193480388937582288e-04 3.245556966398505409e-04 3.315612111444307892e-04 3.421593475045590655e-04 3.549557604860552112e-04 3.599345063668300446e-04 3.515788146649428871e-04 3.344356461359408185e-04 3.267495946261471883e-04 3.220281282360521217e-04 3.216214378579232208e-04 3.266003296292395094e-04 3.281553576880998470e-04 3.371402221324402504e-04 3.479607930475953352e-04 3.420336547731722557e-04 3.329651864874268001e-04 3.263824368085532562e-04 3.282531347643156223e-04 3.345812603446840982e-04 3.254718521043426264e-04 3.117484879076066616e-04 3.189456580785738965e-04 3.359158720316083799e-04 3.421203233364935497e-04 3.324845414685827227e-04 2.965108428994759032e-04 2.354838177713592371e-04
1.909734152278902007e-04 2.564719886163976535e-04 3.127697694893516456e-04 3.329755722142209960e-04 3.414040825525041793e-04 3.443843214995032228e-04 3.425495637341756491e-04 3.388395027717697053e-04 3.250445648144787434e-04 3.238449758422743893e-04 3.307188700713927822e-04 3.253075616586332793e-04 3.192185079902604443e-04 3.338737664106896253e-04 3.437172149743348854e-04 3.425459205144715941e-04 3.344299518812896303e-04 3.319070808198348660e-04 3.370957143936795047e-04 3.380305630183862132e-04 3.254184039330969931e-04 3.105478383777493241e-04 3.234947836521747441e-04 3.415184222017611472e-04 3.458256345705594190e-04 3.478299915005858100e-04 3.358195386148457627e-04 3.296655276762715291e-04 3.275765826087836952e-04 3.267608299199803359e-04 3.288191357524246523e-04 3.340533494018308814e-04 3.419560171090862055e-04 3.492756872472002486e-04 3.506530748751571593e-04 3.444581922452088617e-04 3.514875307375950851e-04 3.495118768359665139e-04 3.161439524818291519e-04 2.855913740116149428e-04 2.947646730279670016e-04 3.339433640132897368e-04 3.517279015965716813e-04 3.307748758601211257e-04 3.126777916032888612e-04 3.301547868875307043e-04 3.510329313402249215e-04 3.414780519021699931e-04 3.237396112827699247e-04 3.292415485057190085e-04 3.334146893200283339e-04 3.236831545784458119e-04 3.220724668605016083e-04 3.269006432320669796e-04 3.285084781127974875e-04 3.348956583644269788e-04 3.470962171862650375e-04 3.435073925687025373e-04 3.295158970904430058e-04 3.236530612931090697e-04 3.197032608491032343e-04 3.098609243828551641e-04 3.113457179269939852e-04 3.303882886746882476e-04 3.380559170103416590e-04 3.403654234865475040e-04 3.423013012517590946e-04 3.501356512212515197e-04 3.625373972228544510e-04 3.536657587136805012e-04 3.301301593580653572e-04 3.165714802421524436e-04 3.181662280960520723e-04 3.271317686522360810e-04 3.312403066707866450e-04 3.341674210294922091e-04 3.465907648748528264e-04 3.584504138436480562e-04 3.554525414558526723e-04 3.350054740788445764e-04 3.253384497189865457e-04 3.294304812459913760e-04 3.300501979279714566e-04 3.282941205697779280e-04 3.279605158207632432e-04 3.359905140691391858e-04 3.452823583210757512e-04 3.402515952200671013e-04 3.333625806559607297e-04 3.293852795338086622e-04 3.259054325120461747e-04 3.231397875166003904e-04 3.131379842546212810e-04 3.030476942137073264e-04 3.124004174778796357e-04 3.337534369940188257e-04 3.442619218803396469e-04 3.333084948406813308e-04 2.985488719938760743e-04 2.464705072421381478e-04
1.870558301472590845e-04 2.510777551108662998e-04 3.088203459992790471e-04 3.375046079528260206e-04 3.492877425136437690e-04 3.485015740502927367e-04 3.414023523881765630e-04 3.326839272620870595e-04 3.245331447820141817e-04 3.305708997066822852e-04 3.347772544237822504e-04 3.230176585446139018e-04 3.204467084827728298e-04 3.389177987268957070e-04 3.420179529600386953e-04 3.366907288552620095e-04 3.348104752394035497e-04 3.343301133689492439e-04 3.304681663280642718e-04 3.253380678619894597e-04 3.214503084647184292e-04 3.171335182526252637e-04 3.285669845057221424e-04 3.426262989180433758e-04 3.438212692379584391e-04 3.417737129280251770e-04 3.331677226960193380e-04 3.308935443218983911e-04 3.353997219271714772e-04 3.444371261389933027e-04 3.395504462212935171e-04 3.326624927922067882e-04 3.390630101303141928e-04 3.372587452706736271e-04 3.291976674056826258e-04 3.355781738843464880e-04 3.623304729913429329e-04 3.705706214888044008e-04 3.428182152926796764e-04 3.106285437755253892e-04 3.126309522861269547e-04 3.432698957995744884e-04 3.542750290413758905e-04 3.338749476191887476e-04 3.211816893081964868e-04 3.310227716797668968e-04 3.391856358208978706e-04 3.302416706411327946e-04 3.263992234415634321e-04 3.453625304578456087e-04 3.485802815345119847e-04 3.303010851647970566e-04 3.248487049719323699e-04 3.249953610180299928e-04 3.243862218762372934e-04 3.319988685835773652e-04 3.482292815475998256e-04 3.406505442690179429e-04 3.204556142283429727e-04 3.210326335240903505e-04 3.332497867668539576e-04 3.318759494789670509e-04 3.242302183936568959e-04 3.220050009471684955e-04 3.258886415586338898e-04 3.391385236061290540e-04 3.509967276053799299e-04 3.610466300060108597e-04 3.587107268449554113e-04 3.371395546256677382e-04 3.198446607244833815e-04 3.213198209970731458e-04 3.261375497844423623e-04 3.305451998034845355e-04 3.252535973153272025e-04 3.148679595931309005e-04 3.178644581122245377e-04 3.309007230696103374e-04 3.418547039434814650e-04 3.383687685053136094e-04 3.376486254478682099e-04 3.463355964970674756e-04 3.414936329445590201e-04 3.318068553774622485e-04 3.302380849507027816e-04 3.324859975440077231e-04 3.387524644177109922e-04 3.452848800841083017e-04 3.467795136312905703e-04 3.457194567182112930e-04 3.356218604665434264e-04 3.230177521521792857e-04 3.149595715483601444e-04 3.112079871266885261e-04 3.169854675303668398e-04 3.303385652401553615e-04 3.351298312319301665e-04 3.236284040892726350e-04 2.930378321959628638e-04 2.433516110340993980e-04
1.907376381844680673e-04 2.538864949681123289e-04 3.034835998926853936e-04 3.293954817349387370e-04 3.424239203460325773e-04 3.372577472802108420e-04 3.341248527650365245e-04 3.359194986690356506e-04 3.337931018645293787e-04 3.354640481144595182e-04 3.296563471530032327e-04 3.153637161489376058e-04 3.185154466235871895e-04 3.363107982343880773e-04 3.384490904212757710e-04 3.316310281232916560e-04 3.289383683783744902e-04 3.282768117876317575e-04 3.264896547136363980e-04 3.273076228612768128e-04 3.291013413833584773e-04 3.286625346859934705e-04 3.334321446421782686e-04 3.363326967888507981e-04 3.315116506147276656e-04 3.273796868546662801e-04 3.228910393196577277e-04 3.256596877583378636e-04 3.403499892756920624e-04 3.569889477638484997e-04 3.440816381812284450e-04 3.250991598657862166e-04 3.242676639943203464e-04 3.190362898521590653e-04 3.099491491881782058e-04 3.221728487816023128e-04 3.515838833310810083e-04 3.659149062498171130e-04 3.509954617141495484e-04 3.239247886489028130e-04 3.249980766490087624e-04 3.460213819827311034e-04 3.499253671318573126e-04 3.355260744610808008e-04 3.195040266874281691e-04 3.155083098698762203e-04 3.243246225838636613e-04 3.300152119168616805e-04 3.315725018621431814e-04 3.384398374895299317e-04 3.377098544458018744e-04 3.329776593657924146e-04 3.343566983497669120e-04 3.302128125502595823e-04 3.240497443377173036e-04 3.310900804207173162e-04 3.457975954189031025e-04 3.321630665133877992e-04 3.143785106794647847e-04 3.198962412356955512e-04 3.374283958049520958e-04 3.462961869774704594e-04 3.452617500526757033e-04 3.361720356711354039e-04 3.307492351893225263e-04 3.342611973681388444e-04 3.421863637667463460e-04 3.558389263104708503e-04 3.547823435516773332e-04 3.360809431578918411e-04 3.194779982384315627e-04 3.281388057082038848e-04 3.391807754681751491e-04 3.336836251707222482e-04 3.185690158608493012e-04 3.035480764369541526e-04 2.978560682595847138e-04 3.057277948486516279e-04 3.239300010339811117e-04 3.373168576214446122e-04 3.451707054735900313e-04 3.534590433470313460e-04 3.451881814373514872e-04 3.331144376967024728e-04 3.312867785217042693e-04 3.261251397253807057e-04 3.282105225206882878e-04 3.439505984474402968e-04 3.502106981912163179e-04 3.444234174190133140e-04 3.320425213617327065e-04 3.283965562226042216e-04 3.308200160412795316e-04 3.245574021949800686e-04 3.159015407402399620e-04 3.181278916978798397e-04 3.218542814721736924e-04 3.167323180936561407e-04 2.883366016481546217e-04 2.352255681114089210e-04
1.988806105069807373e-04 2.673908732660943647e-04 3.086536596106022367e-04 3.218792848730637904e-04 3.355380576023546607e-04 3.278085809152217044e-04 3.271014539304334954e-04 3.424218196390224319e-04 3.467227054196446727e-04 3.397063094557373512e-04 3.254346517023130880e-04 3.184442454375321983e-04 3.213432199893599293e-04 3.256288444823755282e-04 3.327542393932057178e-04 3.330273311877763763e-04 3.271437803303026072e-04 3.272659882866430382e-04 3.350982958871608379e-04 3.413760323879170069e-04 3.360705169863593749e-04 3.343439927728936991e-04 3.403791904096497732e-04 3.380259111084384679e-04 3.255608465027435726e-04 3.170183785310456666e-04 3.159862200161872689e-04 3.247697463805293561e-04 3.426065548054915526e-04 3.575731543036367354e-04 3.458153372862791692e-04 3.273264725324957335e-04 3.205343609341566175e-04 3.196044657646482292e-04 3.123346332876483908e-04 3.147322984367591052e-04 3.253225521275792927e-04 3.349100600831198525e-04 3.330120745222115786e-04 3.228783505374927714e-04 3.355537583494301720e-04 3.522890637099072375e-04 3.501504998536299771e-04 3.400221233079322699e-04 3.291794374967248020e-04 3.261238210095437646e-04 3.404167556743598532e-04 3.520010038514724245e-04 3.443644158951872109e-04 3.234688698385444956e-04 3.068338454625917631e-04 3.145861961274486998e-04 3.323838340465023328e-04 3.401628419585681052e-04 3.324071648873579490e-04 3.268408981811383594e-04 3.334838063423700228e-04 3.265502461252413856e-04 3.169726403693328646e-04 3.215787629946462948e-04 3.341751035820509546e-04 3.397605487844463116e-04 3.391070343562046802e-04 3.390343315196440326e-04 3.380797387421701655e-04 3.282235881602311761e-04 3.216226873515627433e-04 3.334578588224749443e-04 3.480805340094108701e-04 3.484752940261713573e-04 3.308607781249150743e-04 3.317768971108858928e-04 3.443367027040831726e-04 3.405582242837674762e-04 3.300375410162027421e-04 3.244186706269848626e-04 3.202421034578976184e-04 3.184677172336389207e-04 3.251039979192178351e-04 3.388115867668364052e-04 3.433723836395224309e-04 3.411998275890999353e-04 3.356724143161270548e-04 3.376600503640417566e-04 3.437297852985620470e-04 3.295453621324871273e-04 3.168081877783290932e-04 3.294734919866743224e-04 3.426655131859500337e-04 3.327582050502798168e-04 3.169911861578662772e-04 3.289676176948541381e-04 3.492135965858222122e-04 3.427368821443760533e-04 3.279664074744206978e-04 3.238939669288582813e-04 3.210630755904517165e-04 3.147869506549697341e-04 2.854010328879867274e-04 2.337366270283733284e-04
1.982917916890453375e-04 2.685806037663390419e-04 3.076899242866539832e-04 3.149407274568392229e-04 3.299904173720914812e-04 3.243412043957941441e-04 3.257573568386907354e-04 3.468161968302005838e-04 3.560546565261740455e-04 3.467378328948062492e-04 3.332422321653147291e-04 3.390732947088827428e-04 3.368603436535370205e-04 3.249254098320814629e-04 3.359839529738634350e-04 3.447028540883362497e-04 3.355265679009196487e-04 3.306846455583897651e-04 3.376536932820347952e-04 3.426965837395215368e-04 3.326482485766046708e-04 3.281074281774183339e-04 3.329110728643923335e-04 3.366009993619765777e-04 3.353843792707453296e-04 3.368072668733304575e-04 3.364243200145826396e-04 3.343126106574963782e-04 3.385021043924119977e-04 3.454094190728302293e-04 3.444433111395888607e-04 3.391469655196806677e-04 3.361257595126433684e-04 3.457833181045347985e-04 3.432901185713601970e-04 3.292311387885137009e-04 3.139504940891749162e-04 3.118610015805561896e-04 3.140665302444855785e-04 3.196346113382346563e-04 3.380941884248074331e-04 3.470231234590840080e-04 3.433041829681318614e-04 3.365301331907957728e-04 3.357235913351576092e-04 3.446236300387339226e-04 3.626759483689732163e-04 3.705231988840041986e-04 3.541062350754879120e-04 3.239858066313312237e-04 2.997792219082198988e-04 3.062739183791252161e-04 3.290264927795465014e-04 3.481966730682372647e-04 3.439136831532781406e-04 3.283960703269801383e-04 3.276111519230386613e-04 3.365170375071176818e-04 3.374760462281379278e-04 3.337152387270837274e-04 3.327621074943959900e-04 3.283149086403036924e-04 3.274835808206062867e-04 3.373183037283489206e-04 3.462759992127109458e-04 3.377476719874269702e-04 3.170439637199868764e-04 3.172517911933033126e-04 3.398737166361875972e-04 3.511595331809273367e-04 3.337433391621518744e-04 3.254504203595190263e-04 3.365614196108160155e-04 3.430390008245870958e-04 3.451086248344665056e-04 3.516779690621017773e-04 3.548082523862119411e-04 3.472390906271409375e-04 3.396716953984933946e-04 3.387801148204929629e-04 3.302277640053247654e-04 3.220326103047930133e-04 3.280815268073269605e-04 3.411545877344520153e-04 3.479829394938105912e-04 3.332024392651012886e-04 3.162380277024337614e-04 3.209802092203319838e-04 3.337188740790922466e-04 3.245095803342657294e-04 3.100001037352289571e-04 3.248882775750945389e-04 3.462934885280086954e-04 3.449078239300542117e-04 3.418083202312734419e-04 3.374859044433106085e-04 3.250587690680109120e-04 3.145550606468969007e-04 2.869154743856508786e-04 2.399078200208848324e-04
1.902076938044356866e-04 2.510304311908892146e-04 2.900464427132757282e-04 3.078473188026156901e-04 3.283675596950571011e-04 3.277340618369538414e-04 3.283908173410279938e-04 3.391580734555206316e-04 3.454925429408166326e-04 3.444899515159608188e-04 3.417562806785055286e-04 3.524449171584045503e-04 3.479317013674693105e-04 3.328763442593962881e-04 3.381993214495251118e-04 3.451423531236153604e-04 3.380389022732621044e-04 3.313847064433439785e-04 3.296683287947338730e-04 3.310988662177021067e-04 3.253098872935007973e-04 3.177983134499054040e-04 3.168666388229321191e-04 3.316302600461984093e-04 3.508030411077750163e-04 3.649860414863068808e-04 3.637290152270484904e-04 3.411653715423259214e-04 3.218545014126245269e-04 3.179036290267628828e-04 3.318146097972415019e-04 3.494469679034109587e-04 3.541201653313262978e-04 3.619346957494842918e-04 3.586623269456690405e-04 3.381280683764209928e-04 3.201771022508414686e-04 3.242464781880741382e-04 3.287931225318371830e-04 3.307159015558310011e-04 3.351630489329875204e-04 3.306090569458221815e-04 3.288046454431359819e-04 3.267459583755673042e-04 3.241348252889356173e-04 3.303262407010447432e-04 3.454794958288762109e-04 3.562326482254708597e-04 3.478711497508626201e-04 3.283297766492022322e-04 3.118864680865802812e-04 3.139587353591588516e-04 3.293857149629589179e-04 3.516203449276970525e-04 3.531682793301693505e-04 3.335830535855869574e-04 3.222006444823352547e-04 3.373818880659005897e-04 3.492180706360113523e-04 3.414667718816162545e-04 3.314630302700498615e-04 3.264654332052625276e-04 3.299860694866460324e-04 3.432079423517677948e-04 3.546059841835887084e-04 3.515652252991113163e-04 3.260259017618084235e-04 3.157493870667149854e-04 3.360168254611176075e-04 3.443688747951732104e-04 3.275335291643904434e-04 3.175747745350150555e-04 3.226493217527050391e-04 3.315510504197203439e-04 3.420425827077343620e-04 3.509368531022971811e-04 3.524324492659359391e-04 3.474117514953417021e-04 3.422699334120483093e-04 3.312421595066159614e-04 3.174897687834610000e-04 3.150179127732947288e-04 3.284981387271995257e-04 3.367114366893112398e-04 3.342474899904665769e-04 3.267320963144760768e-04 3.248909728768377262e-04 3.347847316862090968e-04 3.425862520593159948e-04 3.285332549829157430e-04 3.144454258290969211e-04 3.218959940273852997e-04 3.311925633827359806e-04 3.370142546162719233e-04 3.455139495249638475e-04 3.430380855452577174e-04 3.308057957299888330e-04 3.182627382728275660e-04 2.919553595909330857e-04 2.455936411238753480e-04
1.943616054090172886e-04 2.523789149129923061e-04 2.917321473727718141e-04 3.149803316258133136e-04 3.377809558428232755e-04 3.423896128261693858e-04 3.341281249800806975e-04 3.244511828913189118e-04 3.237931360844903102e-04 3.304756751364575323e-04 3.340675396001736375e-04 3.425969046947979963e-04 3.469494608540460477e-04 3.403415000540010006e-04 3.334299610532587797e-04 3.269215122469641211e-04 3.260393906125888508e-04 3.290863370290782837e-04 3.281250657018131510e-04 3.323277041918512521e-04 3.335229007184205806e-04 3.252376952824916588e-04 3.213748970116387174e-04 3.343261164641262361e-04 3.510648294672043929e-04 3.610679490365830075e-04 3.609587435803398615e-04 3.338394991045277264e-04 3.077260822847728821e-04 3.028736558941277457e-04 3.207459986752217223e-04 3.444123564981178593e-04 3.513627166497671189e-04 3.550909121295271450e-04 3.504127614607908297e-04 3.336848575069307501e-04 3.295306326444795799e-04 3.462078610386332567e-04 3.532584568256990796e-04 3.442494387560518119e-04 3.334579429200366495e-04 3.246163086649140055e-04 3.243127565468166161e-04 3.260335701611420819e-04 3.199827864126899733e-04 3.144927434070291699e-04 3.194180273335920652e-04 3.269878081919284658e-04 3.274535313066265262e-04 3.213421819229002070e-04 3.221780790723750626e-04 3.308082911505020717e-04 3.378864379091582864e-04 3.531582315305311932e-04 3.522565795593187322e-04 3.286508397586200558e-04 3.140673907850226819e-04 3.242361737127161855e-04 3.371239468462431657e-04 3.376551910354676830e-04 3.368171239238276315e-04 3.369252774915544374e-04 3.372823796395067351e-04 3.469608629736387279e-04 3.573358002035946501e-04 3.537692425845679733e-04 3.265473762452459532e-04 3.136720571278058239e-04 3.309313574020509544e-04 3.339728129845594270e-04 3.194854686761138094e-04 3.173739288703487189e-04 3.218304252563367095e-04 3.236383578388297554e-04 3.299931850095620288e-04 3.339104124625356766e-04 3.317905453427746204e-04 3.345549626259928426e-04 3.360475898682555485e-04 3.224312288792979776e-04 3.123431765600462881e-04 3.212904942864993263e-04 3.402839842873724000e-04 3.388004707401685205e-04 3.267411460558955353e-04 3.265813494597427148e-04 3.366704173115396678e-04 3.498117188085764109e-04 3.504229117850594282e-04 3.286889439085166642e-04 3.149405789225671014e-04 3.200790230405087602e-04 3.254595883091750868e-04 3.360503440585564487e-04 3.453872663389466165e-04 3.432732428176707602e-04 3.342674193162364265e-04 3.173138787666331942e-04 2.903343769168229504e-04 2.430036758755121777e-04
2.148612198459554882e-04 2.753581403263966228e-04 3.116977039676527197e-04 3.298642160564074365e-04 3.519360137378230126e-04 3.598109792030333405e-04 3.437474359775513025e-04 3.226644392933237897e-04 3.149248546777454151e-04 3.171872032056822317e-04 3.190666227279764550e-04 3.246262523651494538e-04 3.326137063762042148e-04 3.299130813346263548e-04 3.206772029567092792e-04 3.154441437721155345e-04 3.260254818551714556e-04 3.357350048040317215e-04 3.341961853328103880e-04 3.436024354413916380e-04 3.535973798502210297e-04 3.441434625132459521e-04 3.339672067473447312e-04 3.323063246061990026e-04 3.313797352276133014e-04 3.255099978239040458e-04 3.200143984850243586e-04 3.040270738857834046e-04 3.024423048541460932e-04 3.180509811144462021e-04 3.312759846118524068e-04 3.406382740751077564e-04 3.448877263299549955e-04 3.468302476808372229e-04 3.373523012811440944e-04 3.230217345409930763e-04 3.252617580941715054e-04 3.416188763956421143e-04 3.501680788537937057e-04 3.406599211463409455e-04 3.285288329045769288e-04 3.279318546716694302e-04 3.336424207452617528e-04 3.396536174960615353e-04 3.351890102729793044e-04 3.239268019392930629e-04 3.204696494286748292e-04 3.196256728993204961e-04 3.165120759520960881e-04 3.116397415233889724e-04 3.228995857664921959e-04 3.439503585989629546e-04 3.472926363942688472e-04 3.442409544791812364e-04 3.354438944621821036e-04 3.225819273272561693e-04 3.238773641697786183e-04 3.261074900304761172e-04 3.245950519447476619e-04 3.332909199172118253e-04 3.493823825053682776e-04 3.525472642485665345e-04 3.444702898917816275e-04 3.465974053391528966e-04 3.561310128802701834e-04 3.486765797127260860e-04 3.203824258428462522e-04 3.133727181625403082e-04 3.351790627096073744e-04 3.376500474847763051e-04 3.191086631302987413e-04 3.205159207074823177e-04 3.361674674386099090e-04 3.359679098046491029e-04 3.281165091805861907e-04 3.261223033382830731e-04 3.286045611884116317e-04 3.385229518348831105e-04 3.400504662513426004e-04 3.269548101831671509e-04 3.195001325719323956e-04 3.300689447506311726e-04 3.491986266569703469e-04 3.491057965338664249e-04 3.413475309656842718e-04 3.452210556808051208e-04 3.498664118716771185e-04 3.485168013811105548e-04 3.358144141989066528e-04 3.168490034061519490e-04 3.181270223043717541e-04 3.285589948533197951e-04 3.276372318844310164e-04 3.309482841750270598e-04 3.367875553307316081e-04 3.341269347627201015e-04 3.289593047097593564e-04 3.176074686723036810e-04 2.947478345754503491e-04 2.476621453465270789e-04
2.175697095281916562e-04 2.819959330032011189e-04 3.196140841168107049e-04 3.330507782194595139e-04 3.521383024829201087e-04 3.601750977879188890e-04 3.440277701793886941e-04 3.279762659657182045e-04 3.199544587189472739e-04 3.165858201123702455e-04 3.148857167200711958e-04 3.160259208397326420e-04 3.198002191572663576e-04 3.156844238997368675e-04 3.139174537443771237e-04 3.247782235724312521e-04 3.406652151368875581e-04 3.455825890092545502e-04 3.388875174731197570e-04 3.504452380303651766e-04 3.664953396509195794e-04 3.557143774179953783e-04 3.395591566991859817e-04 3.314532107433896440e-04 3.254472715862673942e-04 3.099923649092639209e-04 2.930713861637079982e-04 2.855514747585379204e-04 3.095083071932377039e-04 3.363496572177037086e-04 3.400482159264477501e-04 3.412346678088910238e-04 3.422113004610361853e-04 3.380702034698113601e-04 3.321966712920438594e-04 3.267289668381756886e-04 3.226080850106168713e-04 3.298567113331417030e-04 3.392148122793087650e-04 3.318655823599502832e-04 3.201336502436446336e-04 3.289817309316742360e-04 3.474496018666158991e-04 3.535815818639532885e-04 3.454467408357158112e-04 3.380616936823644400e-04 3.386016791554900991e-04 3.366661757737666951e-04 3.265483728225633672e-04 3.149520785221889300e-04 3.237652252800532937e-04 3.462976564396794913e-04 3.511065180226845446e-04 3.386212672314632991e-04 3.299371134837317254e-04 3.304404657650867510e-04 3.394385853850480101e-04 3.334719255180737529e-04 3.179471045959561472e-04 3.253030521514920404e-04 3.440747261862398161e-04 3.461788391690653367e-04 3.393107637085093038e-04 3.411979247494503612e-04 3.474399641584607033e-04 3.395279727173178838e-04 3.191074030971409589e-04 3.154969368662496887e-04 3.431869114402777334e-04 3.571894576481542344e-04 3.363766063286094919e-04 3.225785383025521784e-04 3.331909227998297411e-04 3.408921528120495556e-04 3.339506778938142835e-04 3.350148765954177963e-04 3.439378527453153299e-04 3.549007660163889990e-04 3.578716278834921639e-04 3.473514669724860992e-04 3.331928396699312999e-04 3.305825795523052897e-04 3.416383740550880217e-04 3.506100174924065092e-04 3.531372152060387030e-04 3.530479051304515970e-04 3.445954516686302346e-04 3.347598276408614553e-04 3.258903126544563733e-04 3.269229751625344336e-04 3.453995992970990657e-04 3.492124718838956771e-04 3.295547898680800366e-04 3.217062013977941117e-04 3.273545925565012320e-04 3.240458388729440553e-04 3.197272212711686074e-04 3.127780335629736820e-04 2.898507269489313605e-04 2.449700280237199082e-04
2.105099054536415076e-04 2.763326786601108661e-04 3.194336875835571913e-04 3.336047416463054985e-04 3.473335858593957354e-04 3.522840414366013462e-04 3.377292188965066522e-04 3.279433532611368963e-04 3.237672793931588690e-04 3.219949708885454839e-04 3.234172951598690364e-04 3.248486505664356606e-04 3.226509732830909038e-04 3.156626995717130325e-04 3.207307994015079077e-04 3.375384920141125231e-04 3.424545052194811708e-04 3.350797646647473284e-04 3.288224508742877109e-04 3.453967972119951872e-04 3.544450252197379721e-04 3.356880070544980468e-04 3.275916423075145908e-04 3.338085348530879255e-04 3.371884901252976451e-04 3.271415515008317416e-04 3.114487002148877848e-04 3.093019937166536669e-04 3.339835206911372784e-04 3.437852426008639745e-04 3.353368558779992129e-04 3.313496604446295292e-04 3.244645848303613872e-04 3.227296624988979781e-04 3.351372402616043401e-04 3.410741994729701724e-04 3.316473314245821325e-04 3.352333161495342799e-04 3.415895001386843721e-04 3.297525995144123400e-04 3.199392667744933795e-04 3.312004237005902654e-04 3.475306910420491871e-04 3.467168055830548048e-04 3.387501282619532171e-04 3.411201208027431209e-04 3.441320098046660625e-04 3.425000063131219312e-04 3.357416192827954778e-04 3.279317378555826243e-04 3.305531219666823367e-04 3.444224380863758136e-04 3.554386230428281798e-04 3.484152222374324809e-04 3.403585789501037016e-04 3.391366703230544151e-04 3.458261833707641352e-04 3.391359881825196563e-04 3.184846928438940278e-04 3.166063887455814450e-04 3.209804088401709259e-04 3.203479247770191912e-04 3.232280795926423212e-04 3.291021621053573029e-04 3.316954297631695111e-04 3.279100992005088062e-04 3.177352911932020173e-04 3.134307324386641485e-04 3.417657064431203697e-04 3.676891167927775258e-04 3.543218072280920937e-04 3.285985734484165059e-04 3.239888411980233361e-04 3.304419458028805701e-04 3.251259973065581937e-04 3.259365458975068634e-04 3.355479147349097304e-04 3.431861077151093916e-04 3.526559400826893235e-04 3.556810080056267589e-04 3.414964245715899601e-04 3.306693277949309707e-04 3.365664289377450803e-04 3.444589503256024598e-04 3.394438799468030678e-04 3.293853460866890022e-04 3.190655169186698103e-04 3.182719288183931449e-04 3.262813223818647902e-04 3.403096141243162984e-04 3.568902286766173623e-04 3.522804819972986902e-04 3.278332139070918856e-04 3.168147356149362669e-04 3.231647016564324166e-04 3.255197712524901207e-04 3.229025880548022469e-04 3.089391683683679040e-04 2.747810311018632017e-04 2.298906380174430865e-04
2.043490411429161593e-04 2.681216856262123968e-04 3.129536762015057427e-04 3.268983631696756472e-04 3.390619023049037386e-04 3.459775994637833254e-04 3.371021918594859662e-04 3.293967582309493560e-04 3.280307134575272576e-04 3.295075375255312891e-04 3.324978197425719029e-04 3.363322346519492974e-04 3.327411241979854510e-04 3.271594483863776042e-04 3.319042805764644589e-04 3.376485732149378809e-04 3.277960053702255760e-04 3.116905851937566718e-04 3.094583578081800887e-04 3.310081406317638697e-04 3.307690150316840313e-04 3.035558015577540392e-04 3.049600702263994645e-04 3.298808747591614886e-04 3.446313528327367968e-04 3.417853240956363363e-04 3.320053908807551893e-04 3.341662793229054074e-04 3.489662379185363593e-04 3.420308220788342629e-04 3.279454372070142497e-04 3.202905775582026368e-04 3.125899813996664469e-04 3.215910344997002747e-04 3.435322720453377714e-04 3.533995209913056617e-04 3.449985426080933370e-04 3.421848159073041101e-04 3.418529147312223738e-04 3.302232681719380379e-04 3.278868055982622504e-04 3.382758224493587489e-04 3.434006861186596074e-04 3.377877915004469812e-04 3.374739755806930794e-04 3.439250669533452367e-04 3.372807203299283242e-04 3.313072611708362371e-04 3.391154339548683723e-04 3.458564698865406102e-04 3.396597443267566647e-04 3.397975478372608797e-04 3.510839953731321973e-04 3.445396686736470950e-04 3.330995371084220866e-04 3.283603890647544604e-04 3.367255725022660386e-04 3.368995128955569593e-04 3.219364543855284325e-04 3.174380808682532480e-04 3.129577088693715598e-04 3.088998857719081441e-04 3.155102232021756207e-04 3.240432810925138901e-04 3.242136438040302770e-04 3.154348203491838358e-04 3.032737752391455105e-04 3.049397113969823945e-04 3.332891257188701694e-04 3.576760715747704386e-04 3.586077517283416203e-04 3.441777828159835119e-04 3.342892313436558586e-04 3.248224779702755562e-04 3.112598921505579474e-04 3.103731641966465862e-04 3.198998885885486702e-04 3.221090174544868597e-04 3.284368155664229736e-04 3.453081098207830095e-04 3.466647732240373155e-04 3.390770552779342681e-04 3.413463999588780499e-04 3.420838058636861906e-04 3.250335241826690213e-04 3.123133907224095486e-04 3.130168006625852224e-04 3.206526418767248867e-04 3.287544519803777161e-04 3.321946173263022302e-04 3.353344781248138954e-04 3.324539059347444547e-04 3.176840803745668547e-04 3.065097834586281078e-04 3.137996804128980843e-04 3.291830135131114561e-04 3.373930098622196700e-04 3.193669444485155605e-04 2.748670699275759734e-04 2.267045907078252547e-04
1.973716341021327855e-04 2.621594699870788588e-04 3.110212527730113734e-04 3.216505921970960876e-04 3.330089836445312046e-04 3.386881913108068980e-04 3.281139013429346368e-04 3.254900885938607656e-04 3.361530349292125765e-04 3.427246572670188400e-04 3.388868122648385005e-04 3.401103438429568413e-04 3.397428588439436363e-04 3.402528060105541787e-04 3.439906335309608374e-04 3.381478529277349098e-04 3.222013395141879637e-04 3.051364194480375150e-04 3.049059097664072373e-04 3.257192276414123152e-04 3.243189318855305278e-04 3.014764267640826349e-04 2.997480243289330371e-04 3.232486468586575051e-04 3.416863588336656972e-04 3.376723476916427451e-04 3.265809303165181920e-04 3.323595859046071192e-04 3.446812005637318573e-04 3.374351105442554687e-04 3.247999742183533059e-04 3.223900115371062126e-04 3.212204820371782304e-04 3.290377043772726149e-04 3.470332869178092364e-04 3.574985197309424041e-04 3.471971441139380036e-04 3.295539201597013712e-04 3.213692649203433180e-04 3.159358228025142086e-04 3.212515727835893757e-04 3.338404138844386186e-04 3.392269956925866295e-04 3.411484193571668244e-04 3.467639875330738022e-04 3.467994827336815444e-04 3.348133149045951244e-04 3.248043444563335084e-04 3.393544514698958008e-04 3.590891662638117363e-04 3.517434519710638295e-04 3.404981993841294918e-04 3.411988478948664821e-04 3.235190705654630633e-04 3.072478794614169617e-04 3.107228458182239835e-04 3.290454718934868292e-04 3.366270485515531190e-04 3.299573653523117439e-04 3.280738776410564153e-04 3.268930863396259079e-04 3.206496859527662672e-04 3.205280810641325030e-04 3.284442526837987996e-04 3.292142947022125938e-04 3.143902057741894667e-04 2.984095506079609945e-04 3.034424637202867378e-04 3.249459715547534100e-04 3.390687128838223269e-04 3.444902067650302039e-04 3.457707264351261552e-04 3.418600011323185599e-04 3.271631895863317120e-04 3.161304908444069733e-04 3.232596058146112615e-04 3.325291733990098052e-04 3.275353599669619462e-04 3.217289312876557366e-04 3.338951272875622864e-04 3.487281364054826385e-04 3.486212010488217100e-04 3.389177529538687367e-04 3.325467253241085790e-04 3.250810150066553829e-04 3.247855000626291241e-04 3.348125944486702796e-04 3.374749548628960425e-04 3.337874085128231185e-04 3.258579413386167366e-04 3.254720390573246930e-04 3.326532101873833688e-04 3.264734207753584882e-04 3.117712826353146414e-04 3.168708977747263802e-04 3.369133170509280373e-04 3.531692049078077010e-04 3.393302529323197745e-04 2.902542007534437518e-04 2.341597086004240300e-04
2.010186795270735727e-04 2.681188744334367076e-04 3.167758989448086083e-04 3.281782050316847058e-04 3.388969203116329884e-04 3.353623869690262318e-04 3.140815464046497335e-04 3.146960571095037008e-04 3.358978855597861317e-04 3.487871339313319873e-04 3.397044062272619241e-04 3.291146568262605160e-04 3.286220010964601475e-04 3.373542403584656570e-04 3.452787435934726273e-04 3.435739642608412708e-04 3.385677539329712965e-04 3.277075989574153476e-04 3.239291935818969671e-04 3.354130760941142543e-04 3.322788886013514423e-04 3.185113983213598912e-04 3.126017114150087418e-04 3.250394335839480991e-04 3.425985565713753609e-04 3.369006600331591532e-04 3.191254910909070534e-04 3.181516462766229535e-04 3.374289433580298443e-04 3.464205322172356216e-04 3.333672380549380617e-04 3.246364355718358696e-04 3.224396397378063430e-04 3.233465214457304166e-04 3.364591744905754160e-04 3.463279549324195495e-04 3.322482887849859904e-04 3.062790899052415762e-04 2.958396294445449866e-04 3.014688769063932506e-04 3.193528476449046939e-04 3.308706334206855133e-04 3.321156156125815422e-04 3.401049046945926594e-04 3.538570854523285462e-04 3.520388354530394788e-04 3.400751999726665310e-04 3.244975737064630670e-04 3.296177001905719575e-04 3.528885585726900410e-04 3.545643960773495499e-04 3.415599475470792795e-04 3.332354976128784510e-04 3.113016112845421292e-04 2.991398723594586740e-04 3.140864898382411370e-04 3.397739868518166555e-04 3.456159374576232108e-04 3.408486768177576955e-04 3.450208250376972591e-04 3.491012929222517660e-04 3.387359054042642591e-04 3.275894161108140290e-04 3.330117403073895284e-04 3.399123516925852588e-04 3.318459690503676104e-04 3.234337662728629026e-04 3.257739382096434518e-04 3.320129108762538911e-04 3.319651288036235123e-04 3.262043994195796821e-04 3.247814256933151855e-04 3.262880165706741852e-04 3.256969643023445654e-04 3.285292527935002017e-04 3.435890376781168586e-04 3.545829685444772464e-04 3.431866485309431310e-04 3.231132014823717290e-04 3.228120360325870825e-04 3.422340640066075398e-04 3.458354456820709587e-04 3.217724516175039275e-04 3.115988744476073219e-04 3.252061501864444201e-04 3.406773814792448448e-04 3.508361789077064528e-04 3.418442964841198633e-04 3.337963511781669775e-04 3.316483920835083810e-04 3.384791041453437529e-04 3.524924886849761514e-04 3.464472810357728310e-04 3.277309719580920626e-04 3.310105254906411986e-04 3.468076860167489703e-04 3.594739286842961500e-04 3.442533292003002515e-04 2.913888137830104429e-04 2.314049730415026736e-04
2.152518421816981213e-04 2.880583061283139949e-04 3.281715015220355294e-04 3.341045825293151479e-04 3.424837309027826135e-04 3.371135767857756584e-04 3.185479272144107446e-04 3.202695668231795179e-04 3.350931773914328808e-04 3.430675188963567233e-04 3.311315789345224171e-04 3.140405564835350560e-04 3.156543039685683169e-04 3.291568229331132459e-04 3.363195615830113930e-04 3.428580731938545446e-04 3.540390332306815558e-04 3.532933510188836310e-04 3.422478801449153419e-04 3.369449188269883896e-04 3.309397864561709496e-04 3.268966670010423113e-04 3.261385133266691628e-04 3.302750990320408599e-04 3.412878067946623420e-04 3.441241807955599608e-04 3.305353227774312673e-04 3.134208187587595937e-04 3.278238031193394055e-04 3.473000816117049550e-04 3.335570078927072176e-04 3.130567502731855718e-04 3.094181084994950849e-04 3.132461218364670651e-04 3.268911310487760498e-04 3.392639390974630086e-04 3.291053498604869362e-04 3.073523606795897046e-04 2.947903880395501058e-04 3.054857168636094145e-04 3.376173973399244346e-04 3.453380965890104370e-04 3.299748472348106509e-04 3.318930806995714711e-04 3.510474521761601779e-04 3.487852326734449662e-04 3.309473871525635356e-04 3.114261621013642966e-04 3.142259578458180772e-04 3.379976366329636686e-04 3.409804588994765290e-04 3.266745031268411840e-04 3.161243198414364144e-04 3.081563589243882257e-04 3.182805394950455834e-04 3.365646506105992751e-04 3.449910496697520396e-04 3.357515624467949399e-04 3.318577793230675227e-04 3.447233972200381791e-04 3.512244690728801716e-04 3.399510328524519990e-04 3.300963310433515773e-04 3.415807291103873733e-04 3.556171607569890130e-04 3.571911552500783935e-04 3.525326110558816943e-04 3.433281373702199660e-04 3.367629431794603133e-04 3.283513943521670247e-04 3.178383199196267890e-04 3.150095242579458582e-04 3.181825680727831196e-04 3.257972782871763548e-04 3.328068007894060838e-04 3.414919193628453749e-04 3.507853297709175467e-04 3.426085420311417011e-04 3.228961934197745881e-04 3.229815710701268048e-04 3.432427996370872357e-04 3.427961022464137307e-04 3.103356358511868236e-04 3.006002881025688625e-04 3.269439215755365899e-04 3.476162395282719189e-04 3.473305551345103243e-04 3.288803363592810673e-04 3.223814222123630013e-04 3.321816941375247724e-04 3.467983515921895486e-04 3.533691804737438841e-04 3.357595630874236209e-04 3.161750893507550130e-04 3.265457251453721598e-04 3.451193517963652190e-04 3.496852771790667780e-04 3.278264784635003481e-04 2.768930464845210460e-04 2.194655201267089420e-04
2.249193094748932142e-04 3.002300623402299464e-04 3.342517950690055686e-04 3.309376249831700949e-04 3.328323890677592663e-04 3.332830114252151310e-04 3.352752425559374708e-04 3.433529124580549704e-04 3.450826918277149352e-04 3.390746812109698754e-04 3.243917108082361011e-04 3.112163665877667714e-04 3.166306799292639695e-04 3.282985772485508052e-04 3.287490660225230398e-04 3.355166374910626553e-04 3.502765013525249303e-04 3.520668511135238970e-04 3.414572032088889321e-04 3.331601254549398277e-04 3.278619251644198295e-04 3.236982590837707979e-04 3.253776015917873030e-04 3.290950905934456744e-04 3.347971915296895284e-04 3.478340213591116269e-04 3.512931733063364304e-04 3.290332685484377248e-04 3.229032393904412079e-04 3.322801749123591294e-04 3.240797842310975539e-04 3.084782188888993528e-04 3.111676270005324916e-04 3.217304837726919883e-04 3.322337767931242652e-04 3.427241429790254092e-04 3.391104989189910792e-04 3.237498984020217418e-04 3.090747785700263773e-04 3.164445219028484474e-04 3.503344222445738836e-04 3.570848445195437320e-04 3.382467137696434879e-04 3.351861266468539324e-04 3.457082051740875900e-04 3.370092848618365779e-04 3.175326934453400309e-04 3.000731665816297683e-04 3.113696859310422513e-04 3.430230361768909358e-04 3.437188125709092859e-04 3.205544412461534603e-04 3.031103149784129705e-04 3.090127063942233365e-04 3.389947135451546172e-04 3.515894203706170298e-04 3.397999506236778697e-04 3.220445621104863669e-04 3.167129409734027929e-04 3.291500665955264071e-04 3.362124746306127654e-04 3.289145683476187259e-04 3.260050462794329565e-04 3.433573240742506427e-04 3.576732711746745961e-04 3.605247744940365913e-04 3.559974218137702600e-04 3.436608113880304126e-04 3.337027964608006974e-04 3.239798369373446873e-04 3.213387496126286487e-04 3.306470773622776022e-04 3.377338351273299747e-04 3.423253766945954786e-04 3.396468371771671968e-04 3.293863333621039604e-04 3.287389326797075231e-04 3.307277999009810708e-04 3.267550029798817202e-04 3.372667543414561812e-04 3.553611732068284929e-04 3.489058361427068789e-04 3.235316012412348618e-04 3.160159736766406189e-04 3.317928196495278535e-04 3.403791393347186506e-04 3.301353851317571702e-04 3.150471689778170845e-04 3.141539728678207667e-04 3.243333430076436640e-04 3.379559484490275668e-04 3.380720532321009899e-04 3.176660528419286721e-04 3.052608789707221223e-04 3.182112007962036590e-04 3.345869227369352526e-04 3.291452215459087687e-04 3.097778439451150849e-04 2.745791447748190334e-04 2.210568207882694560e-04
2.147431048293470398e-04 2.814598628459990398e-04 3.176645090315131752e-04 3.197605670637453405e-04 3.229538734803651958e-04 3.309444718199452094e-04 3.501276839025094299e-04 3.629027251062500164e-04 3.557703016528569262e-04 3.398670657087324992e-04 3.268186238655372881e-04 3.199641138340441888e-04 3.232598088799161756e-04 3.298301304981682931e-04 3.263077689674390050e-04 3.261192398881103925e-04 3.306005855667524347e-04 3.303753686273258692e-04 3.317257365630619527e-04 3.349152294195729940e-04 3.315554476953080508e-04 3.213209288971272332e-04 3.188203787176779728e-04 3.228333883785452162e-04 3.232497643980723539e-04 3.383101547268206350e-04 3.599522298124754448e-04 3.523864407304166772e-04 3.358849672294881238e-04 3.302641472525589227e-04 3.265895175261474383e-04 3.243920325747341499e-04 3.379220561906074458e-04 3.478929227343749474e-04 3.391579309853673353e-04 3.354419191977394245e-04 3.342047675080254509e-04 3.262565211921839492e-04 3.171796687312667664e-04 3.212381511967296729e-04 3.411980916486212229e-04 3.424415514010919646e-04 3.370459840290603937e-04 3.416315695979149593e-04 3.420076089722018961e-04 3.301532921227556404e-04 3.160770331023016644e-04 3.046737375451920630e-04 3.214525565596181738e-04 3.588541134136554508e-04 3.666832840723557255e-04 3.399156893663576049e-04 3.147327955631067879e-04 3.244061175172065345e-04 3.528363473347852089e-04 3.533651454130985704e-04 3.361685606223994939e-04 3.211959415842174730e-04 3.146652083079948736e-04 3.252122610049900438e-04 3.297820967001955208e-04 3.184758934929148846e-04 3.185170161674085983e-04 3.380860288811164942e-04 3.444156297827616277e-04 3.352938325610038792e-04 3.313601411717534309e-04 3.370710136408782342e-04 3.357714856413254473e-04 3.229161253966378667e-04 3.230278709516549085e-04 3.392855954624485974e-04 3.475134466341671283e-04 3.451992471748801996e-04 3.350002578073413501e-04 3.172587191110824256e-04 3.101835221560598804e-04 3.187909589301258454e-04 3.286237294668795344e-04 3.489510715132396797e-04 3.619847437944470224e-04 3.453306028017892539e-04 3.322613898673699236e-04 3.325900033353514302e-04 3.338267063692422986e-04 3.309296440242735153e-04 3.224542935558678868e-04 3.168803153644522870e-04 3.143198794242514898e-04 3.102271730425669796e-04 3.193792146412401719e-04 3.334676164785132547e-04 3.323176196869845030e-04 3.271313729401074347e-04 3.267912058024722817e-04 3.273956505022544575e-04 3.159187955588335390e-04 3.023238597042160860e-04 2.754613753692613468e-04 2.221039688885578691e-04
2.004429642771055954e-04 2.591739767822593180e-04 2.992290690695246537e-04 3.120637562656873457e-04 3.222248596295769095e-04 3.331147669399539503e-04 3.492687811294086777e-04 3.563185134205032684e-04 3.464799186263900314e-04 3.290463933559145118e-04 3.204103920692318746e-04 3.221306398769128564e-04 3.285929157176921585e-04 3.372231044032686842e-04 3.351359906652318912e-04 3.248526326917369322e-04 3.134732845281870206e-04 3.148399559075714402e-04 3.341340871513654798e-04 3.506076287972889356e-04 3.498977077187104051e-04 3.337883986426927593e-04 3.193500794513419731e-04 3.146487176384312650e-04 3.132106075126971220e-04 3.262190701710359622e-04 3.511743477219401045e-04 3.600329816701290674e-04 3.520214992088626120e-04 3.430625986421814429e-04 3.410979515318525012e-04 3.413313089258333214e-04 3.501296175916686912e-04 3.508880433062365727e-04 3.313508490436130891e-04 3.252128498718786717e-04 3.268673173897148243e-04 3.262365011729977810e-04 3.227280296335248455e-04 3.222962410553323982e-04 3.279787304647169624e-04 3.226759658476512299e-04 3.222742203249464362e-04 3.290309086016576833e-04 3.312086580417135037e-04 3.291559196194179717e-04 3.249465034675982347e-04 3.231672740794453011e-04 3.347473728146284919e-04 3.579151720908122945e-04 3.713768040926427065e-04 3.562349709426908631e-04 3.338416771973412578e-04 3.381070709297347219e-04 3.504853564492724314e-04 3.456278721833642032e-04 3.333751848621301734e-04 3.222315967652070461e-04 3.238434916011541354e-04 3.401653631930594149e-04 3.387980263389807649e-04 3.146849910283349414e-04 3.150339553039721487e-04 3.360234113393491566e-04 3.286881183619676282e-04 3.024730657992040733e-04 2.989662685348722462e-04 3.263575587472885555e-04 3.418149746109842195e-04 3.296192818016506617e-04 3.223815714866638208e-04 3.322507194599476441e-04 3.410372732730054422e-04 3.406795808173816394e-04 3.323356679458904471e-04 3.199625004060924552e-04 3.121767111273924871e-04 3.164298247864974706e-04 3.236193214596993876e-04 3.385523106202764014e-04 3.450253811238104601e-04 3.255316810611006881e-04 3.169478259779347977e-04 3.256288699558600695e-04 3.304453064701058694e-04 3.325624264689906609e-04 3.342707381661761431e-04 3.309938892940249419e-04 3.141237481466957731e-04 2.951938921944622079e-04 3.077150524770895859e-04 3.476552805386938288e-04 3.696415745731514071e-04 3.634887995545907488e-04 3.442598874052014849e-04 3.303437102562037635e-04 3.243737811858772493e-04 3.145057416677750177e-04 2.750884102827475474e-04 2.144639810677568148e-04
2.039630099567617185e-04 2.649600458750143561e-04 3.061533444613370931e-04 3.199721953536223493e-04 3.257322758555346678e-04 3.276512873586173540e-04 3.343626686979007576e-04 3.349578303257216838e-04 3.264062552258755953e-04 3.184405244990805815e-04 3.175026421602150282e-04 3.236701749724841702e-04 3.339049822473257327e-04 3.461605231211745582e-04 3.473434009131657957e-04 3.367261195155352464e-04 3.238721018086104840e-04 3.244975686019655131e-04 3.419030428106806284e-04 3.576553292487264445e-04 3.584079362680258219e-04 3.446943564436220041e-04 3.288133880180195271e-04 3.169496692599788339e-04 3.122919193115226543e-04 3.176814505476472554e-04 3.329437880720053180e-04 3.462315103239733049e-04 3.521120596380766148e-04 3.503284784910331564e-04 3.480840116097759897e-04 3.424724180962047081e-04 3.382347196477145492e-04 3.317913964629705349e-04 3.251240760437066907e-04 3.357387316013096747e-04 3.390703682822997483e-04 3.377542173253700536e-04 3.333436693538026872e-04 3.266361137190000857e-04 3.242231762441115384e-04 3.173295109749522209e-04 3.160637497041866428e-04 3.182134898821579213e-04 3.227678927499543198e-04 3.308452196992909536e-04 3.384718704029574107e-04 3.420393345320438131e-04 3.387296972678792472e-04 3.411891400362633358e-04 3.572873580545616636e-04 3.632974417491752726e-04 3.532157710056318283e-04 3.497613135076461412e-04 3.432182005030979090e-04 3.277692573254007325e-04 3.220949908729890026e-04 3.246059182701678579e-04 3.354967259404614040e-04 3.448819058399904807e-04 3.339259344406849848e-04 3.098939787290949980e-04 3.171808485429963072e-04 3.381623472111024045e-04 3.244738482937408971e-04 2.935046496775762636e-04 2.917879241866540210e-04 3.291595780953620915e-04 3.561646201099574836e-04 3.489084787880337838e-04 3.344362241967541735e-04 3.275144884611703782e-04 3.290313810883564293e-04 3.343520992581285175e-04 3.337682758283639674e-04 3.326876155804121328e-04 3.286098826407449951e-04 3.246059591265756331e-04 3.212634240537346354e-04 3.262320504629641869e-04 3.318010223835294410e-04 3.241943964911363977e-04 3.200935708736575634e-04 3.295449319742851002e-04 3.344775878563799104e-04 3.360944393174226073e-04 3.429780250767697301e-04 3.362198884064813704e-04 3.074546924640006104e-04 2.880913063810991784e-04 3.065985173069615301e-04 3.519806433984662333e-04 3.756004654044580501e-04 3.685441354586731959e-04 3.560197741504048672e-04 3.523540522464954682e-04 3.510632901079866071e-04 3.315587542659931687e-04 2.758026062227822190e-04 2.110289438176709219e-04
2.000904990699829754e-04 2.635412229351859399e-04 3.139566659067671199e-04 3.335782825975159823e-04 3.290825268089388840e-04 3.217403769055138447e-04 3.248078985374855008e-04 3.240729969073485655e-04 3.203712168873801389e-04 3.228596284767115297e-04 3.240045259446740124e-04 3.294775232014797569e-04 3.436562453223978306e-04 3.573190969839394734e-04 3.523398582607563173e-04 3.398239345332078202e-04 3.319621589801175811e-04 3.299343476736509256e-04 3.322050938590111343e-04 3.359427122158002688e-04 3.394709185089158721e-04 3.390206513744511659e-04 3.355854411730011325e-04 3.254965987891682484e-04 3.159884601374291467e-04 3.153254294064814357e-04 3.236970470630372385e-04 3.312934526837618687e-04 3.410821075012528385e-04 3.424930202733680287e-04 3.348684136107405937e-04 3.292338947376995768e-04 3.257410774576434322e-04 3.223828879862024365e-04 3.301022881373779760e-04 3.500190359617491196e-04 3.505238926247375170e-04 3.463766150277993242e-04 3.378896129827866170e-04 3.253456834635565253e-04 3.225056177316692053e-04 3.261913338840128664e-04 3.298002451363544595e-04 3.252968203933420026e-04 3.226596863182680476e-04 3.312795830303781239e-04 3.455551668953878034e-04 3.432609792940680008e-04 3.224769538595005885e-04 3.156328011176401513e-04 3.339456284976778265e-04 3.569416162787944317e-04 3.593900874599229977e-04 3.543182653426408223e-04 3.411458184641222692e-04 3.157251265120010605e-04 3.141833758984999866e-04 3.279043730046686663e-04 3.367522305749362640e-04 3.295460913957633047e-04 3.145872935170617455e-04 3.071619759543964224e-04 3.237795642054434918e-04 3.424093271499526435e-04 3.372180742938145044e-04 3.201023560789491014e-04 3.168369102707980015e-04 3.414108558340123818e-04 3.613038649563708434e-04 3.557818836729114299e-04 3.426401191971940657e-04 3.232843450428519463e-04 3.097443695952490261e-04 3.130749774871275813e-04 3.206002070874287889e-04 3.329672411120019855e-04 3.328347781268680122e-04 3.222112871566619832e-04 3.138372418103453718e-04 3.190695902464416251e-04 3.317749770229769116e-04 3.392900861792189386e-04 3.421789043292179037e-04 3.429297189974583144e-04 3.342537234812749023e-04 3.270937835463908362e-04 3.364365829088038695e-04 3.335528803092152605e-04 3.070185218446281044e-04 2.954288896312772059e-04 3.128768718308016887e-04 3.367550165918821621e-04 3.391567098399025319e-04 3.303506881183260798e-04 3.400974265945910118e-04 3.590610738804881903e-04 3.584329025032642873e-04 3.290224602148011045e-04 2.749351314267491184e-04 2.126905664817248351e-04
1.956502474828456439e-04 2.652892831388442259e-04 3.219420717133303442e-04 3.384867294552408243e-04 3.295728099955808977e-04 3.268981595307435956e-04 3.274889062491127736e-04 3.241780269725824237e-04 3.259164471986758646e-04 3.326586900542772272e-04 3.330844125769221007e-04 3.387586761767451683e-04 3.490036649485389044e-04 3.566997537809228061e-04 3.451488747486195505e-04 3.282971705907724832e-04 3.260156134966508078e-04 3.309450975696570218e-04 3.255272671325445347e-04 3.175963489433707935e-04 3.244837128345428342e-04 3.348706851010389124e-04 3.389489201013929113e-04 3.304022813926703263e-04 3.181353280451168302e-04 3.199592036795902063e-04 3.295364875076124689e-04 3.297675377305964487e-04 3.341077481482470669e-04 3.331480948063512623e-04 3.196418708101894852e-04 3.172364821084705869e-04 3.220408924656401268e-04 3.240120683340108002e-04 3.296996636565982389e-04 3.405482418014892923e-04 3.369797410120046327e-04 3.363517787804844693e-04 3.357402655153747225e-04 3.300165518249726314e-04 3.326569481067344737e-04 3.429302144377988689e-04 3.442560800708809477e-04 3.328950060025578700e-04 3.244370896232650920e-04 3.341956409095152595e-04 3.498613525857901304e-04 3.426110240311501607e-04 3.177356222575286322e-04 3.055483757048443470e-04 3.157677799902102790e-04 3.393198985871664084e-04 3.414611374845962334e-04 3.350933544394734428e-04 3.295601012461862487e-04 3.139709145779195866e-04 3.223372844491929467e-04 3.344228259406213611e-04 3.316932148688323456e-04 3.166457047706749267e-04 3.092664369102217500e-04 3.221388312127902460e-04 3.427736462750778255e-04 3.500687419765530434e-04 3.504840799904756967e-04 3.500348111093639085e-04 3.473772714256661274e-04 3.555970591443987196e-04 3.621240756337762781e-04 3.513330629876273807e-04 3.376472141048114098e-04 3.231236296917287484e-04 3.067235651366988962e-04 3.034214610474388952e-04 3.131396383875265825e-04 3.325235566919207387e-04 3.343954955827736840e-04 3.215438322640019452e-04 3.124290122942677901e-04 3.142856387781775194e-04 3.260132061901084956e-04 3.358612469309176234e-04 3.413466587611914513e-04 3.384289653296162570e-04 3.294612605174961073e-04 3.247751544256756093e-04 3.399905824864904403e-04 3.461856575960659725e-04 3.268043890256156327e-04 3.177813936687774255e-04 3.311846852264101106e-04 3.343474230449000302e-04 3.186241687020697740e-04 3.089433732163093110e-04 3.234425530858461764e-04 3.435202373163489089e-04 3.414266264719949739e-04 3.183597494961443934e-04 2.754228427130602430e-04 2.107866612835752591e-04
2.023928945657423061e-04 2.813065671023625672e-04 3.347900790175436592e-04 3.363248847714830079e-04 3.264708585221452850e-04 3.330055488792008664e-04 3.348976304162368614e-04 3.333378151569851627e-04 3.391201013745592926e-04 3.434334939830183120e-04 3.377601577725457250e-04 3.347099949655082951e-04 3.313010372577023400e-04 3.344498454896735083e-04 3.309920882507503539e-04 3.225236784571354313e-04 3.309432639374669267e-04 3.442722750574332777e-04 3.356841258515190322e-04 3.198610033340540133e-04 3.235921971779861118e-04 3.376848135799996901e-04 3.486972467489784806e-04 3.448230210222351833e-04 3.341741434800932198e-04 3.377324477753130150e-04 3.413446532508628440e-04 3.286515250897070750e-04 3.259279714458069330e-04 3.298990548752228896e-04 3.196480428619037639e-04 3.180008798353296784e-04 3.276002292787936446e-04 3.305107404101497543e-04 3.253067319771505827e-04 3.239993391649489463e-04 3.198351276309854005e-04 3.192549341789569449e-04 3.281563405834738789e-04 3.356892632365860839e-04 3.410282347715285541e-04 3.434460431348916728e-04 3.395970324681607229e-04 3.341375891995127228e-04 3.282120681143856945e-04 3.318126782087665047e-04 3.408661888889539561e-04 3.431327540370399543e-04 3.311407413005748568e-04 3.149551804722693538e-04 3.144013788455756386e-04 3.295305770958717115e-04 3.254062624449887905e-04 3.139723380812007658e-04 3.113681953758493061e-04 3.082181427019494010e-04 3.228677635648350688e-04 3.371935826249989276e-04 3.349044936776000652e-04 3.221651396479663842e-04 3.252731321678796689e-04 3.442506153178050013e-04 3.575257504071550647e-04 3.504613057500256031e-04 3.504876967610889502e-04 3.588481712176235655e-04 3.580258668044033078e-04 3.591934556247261545e-04 3.570695164512670662e-04 3.411569345711933402e-04 3.265555086901111587e-04 3.291523379775024120e-04 3.261042929378453340e-04 3.155977922871912918e-04 3.175851529415360660e-04 3.327668770716843416e-04 3.375280642879338881e-04 3.326647846572204767e-04 3.253020254395872553e-04 3.121667933221001297e-04 3.161149903485053949e-04 3.332251347128030688e-04 3.431623535427288842e-04 3.385718457800132673e-04 3.332773279876799716e-04 3.358533876572337312e-04 3.551812975314131218e-04 3.648260873790865034e-04 3.493279824528734744e-04 3.368199273945688289e-04 3.452809866356327867e-04 3.452173143472348589e-04 3.316879323046584933e-04 3.245665404004290317e-04 3.285603943745800696e-04 3.342841750519451208e-04 3.329201842434531804e-04 3.294048052744289997e-04 2.931600061497497550e-04 2.182436993167926427e-04
2.014433648304209080e-04 2.864347727775396748e-04 3.442800653258579809e-04 3.457195285154928462e-04 3.374431328367186091e-04 3.436107312189219448e-04 3.407742167555331868e-04 3.318397177498911025e-04 3.401984041759403268e-04 3.522470847610384426e-04 3.420225229509515712e-04 3.251691586293163237e-04 3.173635773078576912e-04 3.241951234666313368e-04 3.266102691414833701e-04 3.240896087795692429e-04 3.350690615301163021e-04 3.503533396944426845e-04 3.474528546663953744e-04 3.311143988694531743e-04 3.273583296998577798e-04 3.395584046304271500e-04 3.565255511083988312e-04 3.611489693781046346e-04 3.566882121838273363e-04 3.580415582912276160e-04 3.488393754695652007e-04 3.293014929811705310e-04 3.267113829744878800e-04 3.365995365186200388e-04 3.322748942736265289e-04 3.287858105953976118e-04 3.325548682809399193e-04 3.319301992464847913e-04 3.242070087292885268e-04 3.186919529738423238e-04 3.210876885885137477e-04 3.241393725589026545e-04 3.300369430807135887e-04 3.349221527549200170e-04 3.370543713715572470e-04 3.375587075644445991e-04 3.383616342500956079e-04 3.416673714700344542e-04 3.372877913560446295e-04 3.268793193496014222e-04 3.255301179760120792e-04 3.367252508922188511e-04 3.309047710225418481e-04 3.149071181299986340e-04 3.202391429978552508e-04 3.386029668584291698e-04 3.355568323441673146e-04 3.226207162639595184e-04 3.177745352694182502e-04 3.169631016837340994e-04 3.241865114463837955e-04 3.388159957292730833e-04 3.480617561390013880e-04 3.413448441814111796e-04 3.436539885640008118e-04 3.488919288791810284e-04 3.473730448653461348e-04 3.395703761678269526e-04 3.459079283929330671e-04 3.536426435479259273e-04 3.459484283085314930e-04 3.433775546858968937e-04 3.398418519749959923e-04 3.236845261236999177e-04 3.083677645153787760e-04 3.201616522718858226e-04 3.298257979822674570e-04 3.174813294852352565e-04 3.117279892216237558e-04 3.190329609509066477e-04 3.281780498553572975e-04 3.380814049680252098e-04 3.376038060328077862e-04 3.153988700874409438e-04 3.136059608576107112e-04 3.419574622748466496e-04 3.570937952422399567e-04 3.470723943717359244e-04 3.335806574368257787e-04 3.315852381416219997e-04 3.465251197770848231e-04 3.578969547937761774e-04 3.466517567385860856e-04 3.292187014497617646e-04 3.271144414218556508e-04 3.343283762761385582e-04 3.416033227182582602e-04 3.429021418655838057e-04 3.388132080522890843e-04 3.354640098742335368e-04 3.367833400054577120e-04 3.445441776190875287e-04 3.080504452551238747e-04 2.273737042056431863e-04
1.883793408704121579e-04 2.743212368374761765e-04 3.408923730209111719e-04 3.552680163986270860e-04 3.499190794017031708e-04 3.443011409868440348e-04 3.303684165228991170e-04 3.127507500520889999e-04 3.263797319965450433e-04 3.575050611663926296e-04 3.552759261581297373e-04 3.319632309331584531e-04 3.252265086394158164e-04 3.346460872553834410e-04 3.353831846217672800e-04 3.286007780811165909e-04 3.267051730420844559e-04 3.352468491373805626e-04 3.421457010022960579e-04 3.330622395838577616e-04 3.295327392960129735e-04 3.365380332108006958e-04 3.429491712676917053e-04 3.479840591401680444e-04 3.518059567019867937e-04 3.548767753262460850e-04 3.425156501620547781e-04 3.289172128515722732e-04 3.339334004507533028e-04 3.454014856403027746e-04 3.410157902817688045e-04 3.375817637477937332e-04 3.346813816150712249e-04 3.305635628512361857e-04 3.301626903330997674e-04 3.311601146522736173e-04 3.379857769072887839e-04 3.393596431842186819e-04 3.291881927976299726e-04 3.185080711683012942e-04 3.235825767423423536e-04 3.390349874463251126e-04 3.499236773863504931e-04 3.557579196022548620e-04 3.487217960211278899e-04 3.300095756882616329e-04 3.243160587695853928e-04 3.357536797593790976e-04 3.326901060119304230e-04 3.224117072487524423e-04 3.323823613943702572e-04 3.549741759843760857e-04 3.570047021509745828e-04 3.446572656846779836e-04 3.402384997984558542e-04 3.439432913996269591e-04 3.435065055338781467e-04 3.453957694294912807e-04 3.534992888666611257e-04 3.510418607456070755e-04 3.524648729814044285e-04 3.450380790215093734e-04 3.322336811064065471e-04 3.368001182659954677e-04 3.529433452475966098e-04 3.469250713187951515e-04 3.217733834719250282e-04 3.178346428954347165e-04 3.254164394687624091e-04 3.196774479336263707e-04 3.073722477661518715e-04 3.146597692315228367e-04 3.240951479707742441e-04 3.140634868182618682e-04 3.062384241628352444e-04 3.086140235127278128e-04 3.171505689918860892e-04 3.291029477433750523e-04 3.336747784732295137e-04 3.234048653275695909e-04 3.271631244042622262e-04 3.535359335655100356e-04 3.627769573875432507e-04 3.480708959143717900e-04 3.284910354063748632e-04 3.220353082461712389e-04 3.285049249479938182e-04 3.348612153344927411e-04 3.245262578138995721e-04 3.115623143513715759e-04 3.102302034946748761e-04 3.232104007554182073e-04 3.461135634400180558e-04 3.558014758237137000e-04 3.474322859332350461e-04 3.340408027505584838e-04 3.289736128262407450e-04 3.320529565022928417e-04 2.926081572232741416e-04 2.195612857538439887e-04
1.842834298929355778e-04 2.656618218615412145e-04 3.289913578591377712e-04 3.429781701988484722e-04 3.398357108469219896e-04 3.328766405579572244e-04 3.234461251110374354e-04 3.091028633942985568e-04 3.159479974134705169e-04 3.472025872256668155e-04 3.530050439949064447e-04 3.319353566615205206e-04 3.254435724731434012e-04 3.363768681517852080e-04 3.355482909596633383e-04 3.258414706258567529e-04 3.186504917792066247e-04 3.238948779977858300e-04 3.399366748246399538e-04 3.396164055849854599e-04 3.340874473187914386e-04 3.335271787978705185e-04 3.271208656219092470e-04 3.257082287183027261e-04 3.318451669460243249e-04 3.360622246098824871e-04 3.265877544795817112e-04 3.259446027081132303e-04 3.469266190639175382e-04 3.573017091957939690e-04 3.406352805760376034e-04 3.322109490292606600e-04 3.277441649294133728e-04 3.240716867265792424e-04 3.338774369895727303e-04 3.506140725150634673e-04 3.592760645506233716e-04 3.475282382295350001e-04 3.260054876394261059e-04 3.134491823228060907e-04 3.227587807347978045e-04 3.390281019398798303e-04 3.511929145511714012e-04 3.618986472433786137e-04 3.528255340332404509e-04 3.268726679469606241e-04 3.182879549425683772e-04 3.323906534569126114e-04 3.383166203213853682e-04 3.346050581329262333e-04 3.401683357797770976e-04 3.579571870419517529e-04 3.574630089775601531e-04 3.441103480971109338e-04 3.432152310007834019e-04 3.525871178889824478e-04 3.486775997512181805e-04 3.428215152412428897e-04 3.469157973192425791e-04 3.434583211510099099e-04 3.483176275242629190e-04 3.427505468683952504e-04 3.221803078562164666e-04 3.240664727015418333e-04 3.430390149891963600e-04 3.373603325033005368e-04 3.130394814622440786e-04 3.099987674929469313e-04 3.210828440594988217e-04 3.233809066052065542e-04 3.222724317125211669e-04 3.281099034305137068e-04 3.300075667478525872e-04 3.234956972489178148e-04 3.265191793456245556e-04 3.364115063029958410e-04 3.376287941255095735e-04 3.277581553708820011e-04 3.224515408722057673e-04 3.247069700487543943e-04 3.346844471085534374e-04 3.495896471587142348e-04 3.507743690551925878e-04 3.381989366821002135e-04 3.184338414400010283e-04 3.147553317727752728e-04 3.252310789043012145e-04 3.320542232209548251e-04 3.206185071743535659e-04 3.143342659731494185e-04 3.208567843731826219e-04 3.334806386825759413e-04 3.546866831702497535e-04 3.606744178230082438e-04 3.451116451775619251e-04 3.215427176244320113e-04 3.148998185678080408e-04 3.178975021061483620e-04 2.719756567981112161e-04 2.013348392339719289e-04
2.054410756819853915e-04 2.767392086980412919e-04 3.246359519870968850e-04 3.211785798431551330e-04 3.116866790472367179e-04 3.160190110726655822e-04 3.227309203389677099e-04 3.173148334498916397e-04 3.101160590234839460e-04 3.239965913097215709e-04 3.322858326340501754e-04 3.256216042588606181e-04 3.222153396057170736e-04 3.291755464362935307e-04 3.310963978203878676e-04 3.281935984276757468e-04 3.289686855540756511e-04 3.320812890639113918e-04 3.485256226000014220e-04 3.552320671142123842e-04 3.402345542709557069e-04 3.298709287648009724e-04 3.260103477734848732e-04 3.191290121739678615e-04 3.167700381727333843e-04 3.230812574961999459e-04 3.237581593653206355e-04 3.328954332491121946e-04 3.602040013031399240e-04 3.665753847567993981e-04 3.367434455761953230e-04 3.152347079225372795e-04 3.134198024921190369e-04 3.178588389048963062e-04 3.338664732786755188e-04 3.588876969963448712e-04 3.656551382543717045e-04 3.418260512192032390e-04 3.236911548903646687e-04 3.241695414049869427e-04 3.276421114791282880e-04 3.250572402694970218e-04 3.311277221698347454e-04 3.489134801340207695e-04 3.470053388663154356e-04 3.243697062915717479e-04 3.131531334108366739e-04 3.233151265653746802e-04 3.308759407742650283e-04 3.321587157395585908e-04 3.367889609668422079e-04 3.491742063055461613e-04 3.427595437906343643e-04 3.273343995157672911e-04 3.284708672645334946e-04 3.428977492047727586e-04 3.378964765792179486e-04 3.261235780317812884e-04 3.244027443193620063e-04 3.175384398340909365e-04 3.236478208171779392e-04 3.286949572837449297e-04 3.160822968407617966e-04 3.111600802708028041e-04 3.254536356599291693e-04 3.347399318990565875e-04 3.319776125662052355e-04 3.340352762112263046e-04 3.366607991690835763e-04 3.344315263046742639e-04 3.352739146006789646e-04 3.342948630169501750e-04 3.300244981457570084e-04 3.367825408839551803e-04 3.618566559125952061e-04 3.776498784849627549e-04 3.613171571410755392e-04 3.325167657638690216e-04 3.240803762345952641e-04 3.247172483580608709e-04 3.229655481471245147e-04 3.248931096081143950e-04 3.263816496164931302e-04 3.251251589736559641e-04 3.121843588957066290e-04 3.099613565228703446e-04 3.248101892239169466e-04 3.371817863449540860e-04 3.283673871341166294e-04 3.226893851070663805e-04 3.288426618482333708e-04 3.381450752349504673e-04 3.503059838390109931e-04 3.525422441229011071e-04 3.387616327118352132e-04 3.131732463244299067e-04 3.077964534577121809e-04 3.129399854477367925e-04 2.656768883539899337e-04 1.937870730793723670e-04
2.323714275157944551e-04 2.883082106642918157e-04 3.269430933065031524e-04 3.249314991019405319e-04 3.138820241382482860e-04 3.226161864313475350e-04 3.333776210691865205e-04 3.283497527532489718e-04 3.108204525952064931e-04 3.134649862415648212e-04 3.301709002214303504e-04 3.377831373288631535e-04 3.329123501314403205e-04 3.319807273344760161e-04 3.369908700964592487e-04 3.413853332780607871e-04 3.431105936697562446e-04 3.376392409970929796e-04 3.495710562997232564e-04 3.632493512648554777e-04 3.479669757468462857e-04 3.305258505423869795e-04 3.312074924963144843e-04 3.290635483506184830e-04 3.238537648087583482e-04 3.288686127055472780e-04 3.321598684658691545e-04 3.380462134116346594e-04 3.554494906033303994e-04 3.642962285374298217e-04 3.436049852943765361e-04 3.167026008083832734e-04 3.166917244134192459e-04 3.255432064833150077e-04 3.347483157561336972e-04 3.494387261721113589e-04 3.470956738920885176e-04 3.255330614661156464e-04 3.214582221504178505e-04 3.348317424232262560e-04 3.335421947945295049e-04 3.134000918560608719e-04 3.065644221126650267e-04 3.246148791350565070e-04 3.361636329709390093e-04 3.274243312490669007e-04 3.149828310745897897e-04 3.149961891902208939e-04 3.238287608172822933e-04 3.361985546740571280e-04 3.393515043275170283e-04 3.414325908969362733e-04 3.349436653220118202e-04 3.215788305680737256e-04 3.228481782419363299e-04 3.451321871269752125e-04 3.453303380714700449e-04 3.233874856110405954e-04 3.084335399825383853e-04 2.995161853295706428e-04 3.056276294976225326e-04 3.149364553223221990e-04 3.160805132328505830e-04 3.135888958587246126e-04 3.259593597610245335e-04 3.437427218860067716e-04 3.531378542083702743e-04 3.635469914571664391e-04 3.630441484117651659e-04 3.534901380194828652e-04 3.433073173201666686e-04 3.246997718860069508e-04 3.159692152215899902e-04 3.343456804090397640e-04 3.652677033547928223e-04 3.724708925740548857e-04 3.503376235614552819e-04 3.280030575561941825e-04 3.281595799346760873e-04 3.246335284751785018e-04 3.102154036228325007e-04 3.080587369641221577e-04 3.204980564338220320e-04 3.358571102719173094e-04 3.329560971637191566e-04 3.229360734733527946e-04 3.261145277298093032e-04 3.366944829103190586e-04 3.342344575381076465e-04 3.253568675568553549e-04 3.248463494192265714e-04 3.367904235827370342e-04 3.426406848521448964e-04 3.447396887703280382e-04 3.379760953563331043e-04 3.212769989672835738e-04 3.160907481068661595e-04 3.145373516322061413e-04 2.722150512742044139e-04 2.000016227454149125e-04
2.291488970210683277e-04 2.764140726733532835e-04 3.175856287598230725e-04 3.331269770681895889e-04 3.336964974165935625e-04 3.462667712538105669e-04 3.561507617771308065e-04 3.481895349790928686e-04 3.271537800021993890e-04 3.230153081144518769e-04 3.401222232235500981e-04 3.472997729298571315e-04 3.412581232050338398e-04 3.408192015578995118e-04 3.462777232779067830e-04 3.451362865239373991e-04 3.338643612909925800e-04 3.215791650351403986e-04 3.293461524784978191e-04 3.447529904117214213e-04 3.482100203659879234e-04 3.399670064115720581e-04 3.375116243663486360e-04 3.395650725564851313e-04 3.346085151905189544e-04 3.329391714526776084e-04 3.317513792343871953e-04 3.268858657525840553e-04 3.283349954334920410e-04 3.393183765941752976e-04 3.402123585017315576e-04 3.280071008732652043e-04 3.314510253431310989e-04 3.396472637151368547e-04 3.408600894256592732e-04 3.407267040397667698e-04 3.280143886237773718e-04 3.158397608395882138e-04 3.209810787832679093e-04 3.358630705915026339e-04 3.375795817589336304e-04 3.169613604571142875e-04 3.015195126176637959e-04 3.163042790899078674e-04 3.349505683451795500e-04 3.332483211818471958e-04 3.200536761600835918e-04 3.152957827769551215e-04 3.284955732249113225e-04 3.484785118275168314e-04 3.409889588742281421e-04 3.227699921622539242e-04 3.195065627382366515e-04 3.195189270082351204e-04 3.257775901150985727e-04 3.455261607926240325e-04 3.459925830742993907e-04 3.268333433873623337e-04 3.156250462246880731e-04 3.141936156742731654e-04 3.266066509828198516e-04 3.330431186582917319e-04 3.237991593595140232e-04 3.098173215154978108e-04 3.209765608685699557e-04 3.418647089308984605e-04 3.485924599406890496e-04 3.565659089924285135e-04 3.578960300730816288e-04 3.504027902197606498e-04 3.394778646411283646e-04 3.210650806013812990e-04 3.132559869782369538e-04 3.281160414749964387e-04 3.468003999847118829e-04 3.463342705137288299e-04 3.335601137507742059e-04 3.259598093640249795e-04 3.347057003340784100e-04 3.359800207164155539e-04 3.231359169170617564e-04 3.134488238315924339e-04 3.240343894436495376e-04 3.536564433600609481e-04 3.639823022545177460e-04 3.453768929486119655e-04 3.292166833527103691e-04 3.288516794194590201e-04 3.285744050964832562e-04 3.216446031267812099e-04 3.226381696700284440e-04 3.433132219505459796e-04 3.502540681009903801e-04 3.450491511913645996e-04 3.347034988399438500e-04 3.266742152228821559e-04 3.271428194089295903e-04 3.222291292513978817e-04 2.811368928990752342e-04 2.072233188687037984e-04
2.050087140232879912e-04 2.642666080437781223e-04 3.114662234509021389e-04 3.236780653465628913e-04 3.233301624002568532e-04 3.417785879163031445e-04 3.577914812053392376e-04 3.549658163186362775e-04 3.449022614827434020e-04 3.399324293952139765e-04 3.428227174531671396e-04 3.357046605631945667e-04 3.278884999003638090e-04 3.312691820910397588e-04 3.420934591197514053e-04 3.449943243387209712e-04 3.244285483590352405e-04 3.031906362930355701e-04 3.043011313552982603e-04 3.172827191285986859e-04 3.398378319728373627e-04 3.494689356747463643e-04 3.425009405082036292e-04 3.408834939606965059e-04 3.368184743137545185e-04 3.340244220205906053e-04 3.294333202939944130e-04 3.160794706635333554e-04 3.095283197377269582e-04 3.186699138266388658e-04 3.321376128891937504e-04 3.411263813898399297e-04 3.479698696911226680e-04 3.530366138678281375e-04 3.546496592242614002e-04 3.452894563897107800e-04 3.210089807522773105e-04 3.133252555681166228e-04 3.241122407152050282e-04 3.311520124147870024e-04 3.289361254690002030e-04 3.194084059008574965e-04 3.121484047554307171e-04 3.239990666905466932e-04 3.435237273515867672e-04 3.509566614190916755e-04 3.404379645388016596e-04 3.257318454926978833e-04 3.327054414161239020e-04 3.515875531526815303e-04 3.374056235282404731e-04 3.094992894519459992e-04 3.074397990318919840e-04 3.195026743474984059e-04 3.293123215349772533e-04 3.357148651171152926e-04 3.313563701945588082e-04 3.250567857995742809e-04 3.294247937836418806e-04 3.345253659192618098e-04 3.510330763882395905e-04 3.597110632637689782e-04 3.376564914381691650e-04 3.080046628084868207e-04 3.154193142940170239e-04 3.343079136924009234e-04 3.319602287885203688e-04 3.268466464391233620e-04 3.348887631419410075e-04 3.436902087598810293e-04 3.408788299149351393e-04 3.313102543514331692e-04 3.248572897208043780e-04 3.297669440807302044e-04 3.353058272645559465e-04 3.298870834245275479e-04 3.241968936547140966e-04 3.300659905987006070e-04 3.471199549075902916e-04 3.524167276324943320e-04 3.423476413482994538e-04 3.256002072861524893e-04 3.249748126182604516e-04 3.518695260290385669e-04 3.659930676984395233e-04 3.457683258119840413e-04 3.234331581424273539e-04 3.201182599111969352e-04 3.224147112012636053e-04 3.252727415389283913e-04 3.320928628154017851e-04 3.522809114822045545e-04 3.563900862618678148e-04 3.401690085736770080e-04 3.241820184014566897e-04 3.188071239146738223e-04 3.267440436797415873e-04 3.289717999256819595e-04 2.898254198280532466e-04 2.198420137040883336e-04
1.893329123037203166e-04 2.676170116671517784e-04 3.257088576547389688e-04 3.293763788280662866e-04 3.165117808895242732e-04 3.270649999774084523e-04 3.368934562966631073e-04 3.344000488893322494e-04 3.376420615292110650e-04 3.356530040406357661e-04 3.289427648342879533e-04 3.174760998123350676e-04 3.079597039981607758e-04 3.079783866709644375e-04 3.209642608273813118e-04 3.435206809122318085e-04 3.400037328898416599e-04 3.177554362949654024e-04 3.101852732206553955e-04 3.151065249607491888e-04 3.408292633250904237e-04 3.581448927534618869e-04 3.443789922066421531e-04 3.362664498550334822e-04 3.389465728155495678e-04 3.378459715304082348e-04 3.265380248165819185e-04 3.196907213632112135e-04 3.253979222494040712e-04 3.302586666780374771e-04 3.368067959250922597e-04 3.481694428961620803e-04 3.528678449470510009e-04 3.572459361071609295e-04 3.628592770625212443e-04 3.496650302465055299e-04 3.182101803767586456e-04 3.121648128530058537e-04 3.301863880815827110e-04 3.342924604633067294e-04 3.307568534188150299e-04 3.347702369656072605e-04 3.395573758600991090e-04 3.380008887859204335e-04 3.464823860684709822e-04 3.603934990436094728e-04 3.547192295306991110e-04 3.358747808187464686e-04 3.306310633367691106e-04 3.436549342922892453e-04 3.359788032106576132e-04 3.174833974405269097e-04 3.160438503319317220e-04 3.316521728758297424e-04 3.389610253210928069e-04 3.348961346121499859e-04 3.305405477513556015e-04 3.316208691742520212e-04 3.377008776123002374e-04 3.389575687120529018e-04 3.490203684282181798e-04 3.585850239079211308e-04 3.457891807442128830e-04 3.230316025575090877e-04 3.231086011357187961e-04 3.300274232900614118e-04 3.235280730462478257e-04 3.154568359972800655e-04 3.317375250088133590e-04 3.526134783823119470e-04 3.498953901740380675e-04 3.373330833098633387e-04 3.283130093346697548e-04 3.283910254197321089e-04 3.307563175922457717e-04 3.259243042102473844e-04 3.220198664952374267e-04 3.309608114322221302e-04 3.459144338503478545e-04 3.443371818027769413e-04 3.339861364180622141e-04 3.268886978336830963e-04 3.214124137007583074e-04 3.300524832889192503e-04 3.379410431272688144e-04 3.203810667873621069e-04 3.062300686804137872e-04 3.184950944767543472e-04 3.326353302163094993e-04 3.371747918273730192e-04 3.400407472742204796e-04 3.522920232797814577e-04 3.481054376507139838e-04 3.312955345052538648e-04 3.185690988702889553e-04 3.141567859030634444e-04 3.263762588149222597e-04 3.330762561818877360e-04 2.959726419376490112e-04 2.328875406018095554e-04
1.965492386318978433e-04 2.779031102162362286e-04 3.360518494544178559e-04 3.398533085166531836e-04 3.283377889674351092e-04 3.320723992044139795e-04 3.281677295896805310e-04 3.164986740344689908e-04 3.203089727034171583e-04 3.191789648687716171e-04 3.143741048952202995e-04 3.157277962419783516e-04 3.114734211604499843e-04 3.033767643948129668e-04 3.066397924274187029e-04 3.326627409262196368e-04 3.459066703554236144e-04 3.327004781247848908e-04 3.245502773049553126e-04 3.223674685591900358e-04 3.402231828896200728e-04 3.562059890271676815e-04 3.384658552164286323e-04 3.257562727494805153e-04 3.353665262717627415e-04 3.412820788647401944e-04 3.283159465306573774e-04 3.278774667669136049e-04 3.415067357940182631e-04 3.405602831247168732e-04 3.351022412164118532e-04 3.326915287259251601e-04 3.300557561208061546e-04 3.367430365197401649e-04 3.453590482930034376e-04 3.353647097463604209e-04 3.081144654854551515e-04 2.999472339078745756e-04 3.208984746348188775e-04 3.360749467057458145e-04 3.457749252338342366e-04 3.530440636153022653e-04 3.556395621130837691e-04 3.440549598402214602e-04 3.400280987098624726e-04 3.453280191804935628e-04 3.490393029171608001e-04 3.481196777111254239e-04 3.333895568377079582e-04 3.295471094189929848e-04 3.250015652059454153e-04 3.181520554477157946e-04 3.239446812013337855e-04 3.438288694959424924e-04 3.457907135215451330e-04 3.323151221663492132e-04 3.262111481313686870e-04 3.288329456459249947e-04 3.280034155337663011e-04 3.254653161189960398e-04 3.315484972587818711e-04 3.379695100073224281e-04 3.417121840888574227e-04 3.399106530153693886e-04 3.349058513364437033e-04 3.263418323394011900e-04 3.174450669534644950e-04 3.190497171078698988e-04 3.424691209651822919e-04 3.643666078170857531e-04 3.587481348391384321e-04 3.387484006859923505e-04 3.233755636382134539e-04 3.195459644650444674e-04 3.247647377313711732e-04 3.298893367864713091e-04 3.315304855471401654e-04 3.353637773702904611e-04 3.363664379002859629e-04 3.294384757810727826e-04 3.282053647106038729e-04 3.341767147539326829e-04 3.217831994636144812e-04 3.131494171812851564e-04 3.181827730708014089e-04 3.086077632094884142e-04 2.999330312986086189e-04 3.152675464768384876e-04 3.323128251061682574e-04 3.303636835907355256e-04 3.257126952427725607e-04 3.313557994994802657e-04 3.308472655295217630e-04 3.287496372013647312e-04 3.244602265949040210e-04 3.215393457387261946e-04 3.309303228914647638e-04 3.331784191565035063e-04 2.941243804132359510e-04 2.311302066127436964e-04
2.129120310255457364e-04 2.860580348325949835e-04 3.303454210008790245e-04 3.318703281783162880e-04 3.335990464553141664e-04 3.443535917028302208e-04 3.345707871106575393e-04 3.160177142083837117e-04 3.146733433398606256e-04 3.190791672550530138e-04 3.278470784513518943e-04 3.407271241405782211e-04 3.406669903242827511e-04 3.285095260181101953e-04 3.213330728615303752e-04 3.315897081216851762e-04 3.360017619547052197e-04 3.273769681239082881e-04 3.271542022270789059e-04 3.253242618440771190e-04 3.363359041553094309e-04 3.514242832989414637e-04 3.351870717663482093e-04 3.176851999732718335e-04 3.266613397089213207e-04 3.386564748114422843e-04 3.320481455768815393e-04 3.308409596309505466e-04 3.379567276102926968e-04 3.309744191075597391e-04 3.179866369283245635e-04 3.082521494865046252e-04 3.087161644927677176e-04 3.207504932859606530e-04 3.271580855019392154e-04 3.261800463798927895e-04 3.177731033593607108e-04 3.064663418271184529e-04 3.129588452912443431e-04 3.307677874744992773e-04 3.504012177040492543e-04 3.510204802112738050e-04 3.452468798775586243e-04 3.396716740465419377e-04 3.343029059658795448e-04 3.225862257403854546e-04 3.292438057601559226e-04 3.487163484861001113e-04 3.384650820474987111e-04 3.233627510333374070e-04 3.166730886569354801e-04 3.190367090262213878e-04 3.367139855885665297e-04 3.595108344724490452e-04 3.554253250251060924e-04 3.362049590515947539e-04 3.293780208033046794e-04 3.340832779884192233e-04 3.261030933845269499e-04 3.157111583803640402e-04 3.237640214149265123e-04 3.320193465465123188e-04 3.448180344635880614e-04 3.534284410433910224e-04 3.448446211099511979e-04 3.271837849712529167e-04 3.141169075587051888e-04 3.205709491061236108e-04 3.423268240731611655e-04 3.630421490479107845e-04 3.590915701167146559e-04 3.302940025688443537e-04 3.096447638385418206e-04 3.062238840049270384e-04 3.152779456857735972e-04 3.292161320845537033e-04 3.326781746988961798e-04 3.313706213410903345e-04 3.280669500749485226e-04 3.331387622500569861e-04 3.443367995052250903e-04 3.495559233450012439e-04 3.320614716151533744e-04 3.211841311102474621e-04 3.245537688219179073e-04 3.208829420307737898e-04 3.193386277588869306e-04 3.278358704461212226e-04 3.311345310047419856e-04 3.173508717176633199e-04 3.024581319783711808e-04 3.033585263554421335e-04 3.183278980431403704e-04 3.320277597997276756e-04 3.320655020081597999e-04 3.280282462689347806e-04 3.318795565395783504e-04 3.292402073824809376e-04 2.871294220735314071e-04 2.214097897792455228e-04
2.083115114355227619e-04 2.769049553549049036e-04 3.212821796025494580e-04 3.254802324177888525e-04 3.318451981647880644e-04 3.433732471346731931e-04 3.356026765029956611e-04 3.240574279362246958e-04 3.202724583769003732e-04 3.271387502317439546e-04 3.444859973225979392e-04 3.574049401504816848e-04 3.568940417105916476e-04 3.461577083834670512e-04 3.366494650874037649e-04 3.355079910866856727e-04 3.330809258684237881e-04 3.308497682717888820e-04 3.326565566679116036e-04 3.237416750931228996e-04 3.247843982200331742e-04 3.365861110317850497e-04 3.248241781863461363e-04 3.081048292038042697e-04 3.171893483571422336e-04 3.317853796284851373e-04 3.297443164109465762e-04 3.305656661456683612e-04 3.391334409667056218e-04 3.331573040322661008e-04 3.139365840241509914e-04 3.053762073248279850e-04 3.185705051047275829e-04 3.342149114296589000e-04 3.336512311873377412e-04 3.377352803212670986e-04 3.495808180683814795e-04 3.431648704760257565e-04 3.294156251588813166e-04 3.259406966302092878e-04 3.362634348690933745e-04 3.382107142179157418e-04 3.332204535365160258e-04 3.314974540443641599e-04 3.282342596807586148e-04 3.090836665580145486e-04 3.074783061209371109e-04 3.300015653269072085e-04 3.319729847601789858e-04 3.201014262571166705e-04 3.170744082556126186e-04 3.273086067458235099e-04 3.472777333382688018e-04 3.606491992596204095e-04 3.492149383822420626e-04 3.371432505846638393e-04 3.407508909420291525e-04 3.481273735434449240e-04 3.392983228085085781e-04 3.250352181820479434e-04 3.276080076149243819e-04 3.330806173029617610e-04 3.496757498556460298e-04 3.605592341559512898e-04 3.507420242839876597e-04 3.342406337568310567e-04 3.201838483144012898e-04 3.249474733505117998e-04 3.374314690740901328e-04 3.512571972721020841e-04 3.486107655344122943e-04 3.223622257611563797e-04 3.113100701138231396e-04 3.162287642343466999e-04 3.261476030428484517e-04 3.365356014861503858e-04 3.249322320811800103e-04 3.129791059397215268e-04 3.146859049369212825e-04 3.345864189990157113e-04 3.543642983540978538e-04 3.546857948573279434e-04 3.365278588943111269e-04 3.347810836890775647e-04 3.377718347802826076e-04 3.330883663317994693e-04 3.431004513580770444e-04 3.560281304338033933e-04 3.454942495743753899e-04 3.186169849138420799e-04 2.989826189031943643e-04 2.982750712134983953e-04 3.160510317337495529e-04 3.382450198238647564e-04 3.420760121001588426e-04 3.315249882294847680e-04 3.295208769932675332e-04 3.248522987616262641e-04 2.866284097161093817e-04 2.247605958695591351e-04
2.011549533459255240e-04 2.624179670896648379e-04 3.144269805701178618e-04 3.283269015216837890e-04 3.273381780331013251e-04 3.322861907659963661e-04 3.340247174030343161e-04 3.315975200894718047e-04 3.302071626919474839e-04 3.353204564426699643e-04 3.446289357880685973e-04 3.516471159891768842e-04 3.508816617252629539e-04 3.428720636218023044e-04 3.345115702976811595e-04 3.249727920325032001e-04 3.233937400335360228e-04 3.342021554313898959e-04 3.404331485117787328e-04 3.265334526868654769e-04 3.152609217818006697e-04 3.241250760710088444e-04 3.251690959062382901e-04 3.157643861549319316e-04 3.258470027898792074e-04 3.424859831254266200e-04 3.352877555282675294e-04 3.292992562829166205e-04 3.445508406201695014e-04 3.513445346239844761e-04 3.322869193173372043e-04 3.217361292798927102e-04 3.410842983457054701e-04 3.551212849062208117e-04 3.425628987894923532e-04 3.371521640069022026e-04 3.576300290524280553e-04 3.653962979556017428e-04 3.512090082751042936e-04 3.308479064769550204e-04 3.238565313119553396e-04 3.316194519408113372e-04 3.338521614169869152e-04 3.308079288116135778e-04 3.347864338503193883e-04 3.249203564545416912e-04 3.104608653909204149e-04 3.164357869512197398e-04 3.233340191677725036e-04 3.177040068026587842e-04 3.137882586581465082e-04 3.209279755260271852e-04 3.317665726540287375e-04 3.344893825537601970e-04 3.237914667899231521e-04 3.258877345936797955e-04 3.404955477269793439e-04 3.435623630158469847e-04 3.389741156663652905e-04 3.379910786966463100e-04 3.360290729777448910e-04 3.254453511331644811e-04 3.332153967468967160e-04 3.483293908295783683e-04 3.470360348057296984e-04 3.359149500359056130e-04 3.240955083581663733e-04 3.298501037087064663e-04 3.351864477807051058e-04 3.375166630284390625e-04 3.385363659258178171e-04 3.322161194854913579e-04 3.374352666174798543e-04 3.449626677798661614e-04 3.487494934028871011e-04 3.534737359120827187e-04 3.381161368581062413e-04 3.209298815387829056e-04 3.184049506899625133e-04 3.358852422368740738e-04 3.515153277137524003e-04 3.408268676748188951e-04 3.236883472689007371e-04 3.350415955360910966e-04 3.428439954343102405e-04 3.390800975588693076e-04 3.521544388941200794e-04 3.637662798253411887e-04 3.486727783680382753e-04 3.243816398607179009e-04 3.130151280708023736e-04 3.123915160236740655e-04 3.189822588342482407e-04 3.425808216508979169e-04 3.509872202928595621e-04 3.370280306740311991e-04 3.333650620119380827e-04 3.271006768129784735e-04 2.889221669176986803e-04 2.284758644007729754e-04
2.068321342022576791e-04 2.656030129474311026e-04 3.140327873616232247e-04 3.269727430370845782e-04 3.196830806564238906e-04 3.218873524754033871e-04 3.288445649045909983e-04 3.243198694735615045e-04 3.311804742950630060e-04 3.461680615116424558e-04 3.484056655771473063e-04 3.437240759337146156e-04 3.344067789819424102e-04 3.277593242371394742e-04 3.283758841277872572e-04 3.208760715479704517e-04 3.174740276173022065e-04 3.251303336506165473e-04 3.339432623386071747e-04 3.293190846709069053e-04 3.184651089457077961e-04 3.292088271830351720e-04 3.401422663672151606e-04 3.348287129693891073e-04 3.419327525195986961e-04 3.556160250317986875e-04 3.431255541151191375e-04 3.247422430682406539e-04 3.353625487604678041e-04 3.554571111697366601e-04 3.479186223275254619e-04 3.337314568608471476e-04 3.466292679504467608e-04 3.612614390451774748e-04 3.479159894301517069e-04 3.249810577436084086e-04 3.349446137172873276e-04 3.534170220918750631e-04 3.516652053036825576e-04 3.374152805185088471e-04 3.287927047522199667e-04 3.347544067640945077e-04 3.347515645030415274e-04 3.304989746869831753e-04 3.391252757826518317e-04 3.449247991087603707e-04 3.337019759616865707e-04 3.243713636672112014e-04 3.289540530958187659e-04 3.310223273554227606e-04 3.201306204545961882e-04 3.132732701063563698e-04 3.121296416089714299e-04 3.137300661987738049e-04 3.148951372682572396e-04 3.266893915486722443e-04 3.386351832156431771e-04 3.315430809963998068e-04 3.270343438472722965e-04 3.369814732096550322e-04 3.394140216644882507e-04 3.184627660924104712e-04 3.116094128579175761e-04 3.291810844962324983e-04 3.392652717904053928e-04 3.312440960655530430e-04 3.253897459818399238e-04 3.369956925576513451e-04 3.390801591105323254e-04 3.330454485320057741e-04 3.342355669979658861e-04 3.371492647896959412e-04 3.410962012273058568e-04 3.401232758238499350e-04 3.455924417080904944e-04 3.615427539748244847e-04 3.565782860669399119e-04 3.348165341979168460e-04 3.250088485217307458e-04 3.433307490518660871e-04 3.507225680095647649e-04 3.168142773145547894e-04 3.010332728710395957e-04 3.325513299957776059e-04 3.484384453282058031e-04 3.422585610668902288e-04 3.466373547049970451e-04 3.529505621510383253e-04 3.454979073772121607e-04 3.355432890407313950e-04 3.311319249635610645e-04 3.284548101731872690e-04 3.290769304902351334e-04 3.450899283965562763e-04 3.473596545121701486e-04 3.361872211485289041e-04 3.363486983895033321e-04 3.281830584296548982e-04 2.795972326119348949e-04 2.111560193910269742e-04
2.155114545810358356e-04 2.848330290235159194e-04 3.259800465391535728e-04 3.282074013884081444e-04 3.222726613611613319e-04 3.278278664590130896e-04 3.323716766064277114e-04 3.219856989533400856e-04 3.279527496026133325e-04 3.446942015509197156e-04 3.516817293748244902e-04 3.443412944057065890e-04 3.288549267855793846e-04 3.241442354312001482e-04 3.247266025231634228e-04 3.195804260983000624e-04 3.150151455672655222e-04 3.086147453717048112e-04 3.139668547983709163e-04 3.239194276522410799e-04 3.296991431489002065e-04 3.414633738765697523e-04 3.449004494988513157e-04 3.375996973157259452e-04 3.392280019523076853e-04 3.440681285001544187e-04 3.373412628147115706e-04 3.234634425613070081e-04 3.263489624515093454e-04 3.472447593393589399e-04 3.509454908292259723e-04 3.369142158857854380e-04 3.355544216723452136e-04 3.481534332077211320e-04 3.469978052992070232e-04 3.188069982871536085e-04 3.139587480987646086e-04 3.310956119627135770e-04 3.370648915180559767e-04 3.318042743900055051e-04 3.236781603163026459e-04 3.248415828611489692e-04 3.252947714575446080e-04 3.225696287513288687e-04 3.276395622851071589e-04 3.420916689886291297e-04 3.424758330225110138e-04 3.310722669977316131e-04 3.335974160194745504e-04 3.418349775263256800e-04 3.344529908112271743e-04 3.205125739973929753e-04 3.101078289996552764e-04 3.123095068605652729e-04 3.248869204063865564e-04 3.429320737014150905e-04 3.483614355513777274e-04 3.364900190018196477e-04 3.312817951169896120e-04 3.350450633596183483e-04 3.384951855406851014e-04 3.245686795238179791e-04 3.138351897599464101e-04 3.310389505221079335e-04 3.416031923759060601e-04 3.282045106935747945e-04 3.216543059018089771e-04 3.317232794876427411e-04 3.346672554789288916e-04 3.310921271389037418e-04 3.316833231926451069e-04 3.334212250955524183e-04 3.243333028924477767e-04 3.117263282576259592e-04 3.278930400528221696e-04 3.579844113523660085e-04 3.566900696954781232e-04 3.349781440264415879e-04 3.308442882022879410e-04 3.539556020114407878e-04 3.533388295713930493e-04 3.096733937492856734e-04 3.007459257539276667e-04 3.382235351296367467e-04 3.484539278503573975e-04 3.335397105810794299e-04 3.310848833617326017e-04 3.401951987798717452e-04 3.455398977085847277e-04 3.457213619072134047e-04 3.393895686043267080e-04 3.338613185151698267e-04 3.372557636873015031e-04 3.455674003977892176e-04 3.373900291649883703e-04 3.307272391555291001e-04 3.374831567089710705e-04 3.326278348789112830e-04 2.809554931495051146e-04 2.058937894910232449e-04
2.129737453429106906e-04 2.915288279989510238e-04 3.313448840600078348e-04 3.302847702012215100e-04 3.333414565776806845e-04 3.461022670084931566e-04 3.426837887665981370e-04 3.258490443103135735e-04 3.250502378702940592e-04 3.320224853813835914e-04 3.417222051701200212e-04 3.403622624288500588e-04 3.362795833748766553e-04 3.455911120773061136e-04 3.354380294322643202e-04 3.210224049769274984e-04 3.195459217396892041e-04 3.070719011821974572e-04 3.033598084750348104e-04 3.202918653949942719e-04 3.454085977392198936e-04 3.552454524813957945e-04 3.416853898590358342e-04 3.237032436288670269e-04 3.177590085338588728e-04 3.221503134174171249e-04 3.264889528728870350e-04 3.270358470647336652e-04 3.359800720846881994e-04 3.506973501797364112e-04 3.450574325683090395e-04 3.288081284020779650e-04 3.240801785921225637e-04 3.273637924722635952e-04 3.272694034458722371e-04 3.107048129604267047e-04 3.084445897984361678e-04 3.192940720465191101e-04 3.287826762584316427e-04 3.318875525095682641e-04 3.236208304917232922e-04 3.264406581971740625e-04 3.377891564129634335e-04 3.343069782516607013e-04 3.236301738010277044e-04 3.282982838931681221e-04 3.299604047619112898e-04 3.267175714796545288e-04 3.319600303855778020e-04 3.382878887729974136e-04 3.439275110782003789e-04 3.385305930950986675e-04 3.241143602043489538e-04 3.165470967378221563e-04 3.232969796166534644e-04 3.428434378144100620e-04 3.516480328871525603e-04 3.467176960951216151e-04 3.440276354495893285e-04 3.370516286326439279e-04 3.368323069501129134e-04 3.358133540536681295e-04 3.297338838409551989e-04 3.411831425264570021e-04 3.452543191712584584e-04 3.267514887959508882e-04 3.125336834883080356e-04 3.174842014216749508e-04 3.307899966159135005e-04 3.353428121555205449e-04 3.347141355554967938e-04 3.388177156032875018e-04 3.278565741091602360e-04 3.097877639597422083e-04 3.253685268908827364e-04 3.484298924916393297e-04 3.405099643861889775e-04 3.270157617581915177e-04 3.296493757960861993e-04 3.445346113728997529e-04 3.398062294764764009e-04 3.151650922377667498e-04 3.231161446404988793e-04 3.498159432353245470e-04 3.431663993412920771e-04 3.214122403592734240e-04 3.202771631894049112e-04 3.326609214783073174e-04 3.367701909283758819e-04 3.342202654644186579e-04 3.277039857556585133e-04 3.248828154822184524e-04 3.313737174136390071e-04 3.338710843539101575e-04 3.185134293805920403e-04 3.139665273663733310e-04 3.268407158845523840e-04 3.300055728955274270e-04 2.843627662840179275e-04 2.106920133519738316e-04
2.080648730947177723e-04 2.809427132461214606e-04 3.181880851470153711e-04 3.230906959286867467e-04 3.362151329884426922e-04 3.529597861014115243e-04 3.472412377015867985e-04 3.297238620888272732e-04 3.229772548576834677e-04 3.240539504356791428e-04 3.294620896644686507e-04 3.271666520229449043e-04 3.354228217779254813e-04 3.632353694365531818e-04 3.518876289438631908e-04 3.281282283073458069e-04 3.294827545669242169e-04 3.229317389264792920e-04 3.159601252326569849e-04 3.308371135484045153e-04 3.601013333952021115e-04 3.696488457026053664e-04 3.530670786006480030e-04 3.277203218875728973e-04 3.095054182666766773e-04 3.124312837957642910e-04 3.228393704696025357e-04 3.339660897662088913e-04 3.506448846000523875e-04 3.519765816416222824e-04 3.294099705354021704e-04 3.189005912908479353e-04 3.264051428002946362e-04 3.238223344841040198e-04 3.168939803184064787e-04 3.139939403537016856e-04 3.222648337085491947e-04 3.258267944058649635e-04 3.316373857798011397e-04 3.363835672974785189e-04 3.292923059370070826e-04 3.383299658445119594e-04 3.551112741662875685e-04 3.462660950137017349e-04 3.229775660523863954e-04 3.186232634592288003e-04 3.215529594782589023e-04 3.249765452314059091e-04 3.266810285281011037e-04 3.220233128057816059e-04 3.289670572041440873e-04 3.341366207139638035e-04 3.284585628769952359e-04 3.213224196443242517e-04 3.213779730251248518e-04 3.290987655922222128e-04 3.344775032281217331e-04 3.383154181085307102e-04 3.403850307049223435e-04 3.340097074960781277e-04 3.347602238580804830e-04 3.420125110834391783e-04 3.459130131001856971e-04 3.472741884223312409e-04 3.353717220260678386e-04 3.158971599054037388e-04 3.062676386077577530e-04 3.154466307346278720e-04 3.391057144113425025e-04 3.457362144613541910e-04 3.429583380087988798e-04 3.479492644507254902e-04 3.401237304047085674e-04 3.220596044516707643e-04 3.264119741848646970e-04 3.343614308130458067e-04 3.296933126048530167e-04 3.251853524915632523e-04 3.213612039198113094e-04 3.191235462447166013e-04 3.168131928427455604e-04 3.178508679799220958e-04 3.360071786405466202e-04 3.529476210948328391e-04 3.487155632287653145e-04 3.318320804558292855e-04 3.267481815894433751e-04 3.349710578602078785e-04 3.327295147035911412e-04 3.228357796272284387e-04 3.222267495541685715e-04 3.251814800155407325e-04 3.260097540028299417e-04 3.207313646493986647e-04 3.049858573395496358e-04 3.028393732078434866e-04 3.215355192179504985e-04 3.292664589880911204e-04 2.833842287961413440e-04 2.132211818628096801e-04
2.109908586349430238e-04 2.769188611953571268e-04 3.156711723544374242e-04 3.221744449615145155e-04 3.301144023514976638e-04 3.451087329514883513e-04 3.506181385759425196e-04 3.412318892857745217e-04 3.298761908404192027e-04 3.295554102163742545e-04 3.326216496750326965e-04 3.247052371408499279e-04 3.257650143372954523e-04 3.487011165284109246e-04 3.469804081017257950e-04 3.303748389649448572e-04 3.300987865563745263e-04 3.283208663600719539e-04 3.247907968621433676e-04 3.356818923222333563e-04 3.598196927530296829e-04 3.722016085235429800e-04 3.655016504747268802e-04 3.471484675989552470e-04 3.273569321998522508e-04 3.242095710264563703e-04 3.276320778264128590e-04 3.372911220519277348e-04 3.476030188881089984e-04 3.334231443264000158e-04 3.092097616904388715e-04 3.108315832343792689e-04 3.279605868094130432e-04 3.319149259547934114e-04 3.297941326080532890e-04 3.378276573396786367e-04 3.506533021666148413e-04 3.414762298370920750e-04 3.341258461594083864e-04 3.359473444063522472e-04 3.320886783669670063e-04 3.410046724059831100e-04 3.510661953980502006e-04 3.407377303361498744e-04 3.255032758870387904e-04 3.258117507886213382e-04 3.302145596854950049e-04 3.310184904839755184e-04 3.264124509255633732e-04 3.133378638157544526e-04 3.064740635436193615e-04 3.102514064923146838e-04 3.161332690656126895e-04 3.210014985264032219e-04 3.266791667810957367e-04 3.224800649279203966e-04 3.151443060195871157e-04 3.234002731365784593e-04 3.317890028015367575e-04 3.313613107133936680e-04 3.338377106841107587e-04 3.412896028956557536e-04 3.524658590768786929e-04 3.517835974964284083e-04 3.307860723849925452e-04 3.160327320894880431e-04 3.197071682402526961e-04 3.301811615782227274e-04 3.456656132117363715e-04 3.495732037479933529e-04 3.516854910159427673e-04 3.551476838700931430e-04 3.445626010688290124e-04 3.304038524393796100e-04 3.306115116524053089e-04 3.296043246181238826e-04 3.320841340428418902e-04 3.333724363648726948e-04 3.276184007048066902e-04 3.192748626476174349e-04 3.154395120954685012e-04 3.226494685569701809e-04 3.386609001200520212e-04 3.543540900323971488e-04 3.653236360703810163e-04 3.530452485058697097e-04 3.350419694828759296e-04 3.373152685640879930e-04 3.408693419912952466e-04 3.321970335769072096e-04 3.298966161524168354e-04 3.293845821762403240e-04 3.263619236550014974e-04 3.244269000611687171e-04 3.217783921308792487e-04 3.228149751948021246e-04 3.355455710011866818e-04 3.359534692567073852e-04 2.825515742730119826e-04 2.140638055315839412e-04
2.123056964825991680e-04 2.796184553380487653e-04 3.261865041047665127e-04 3.247013741486652768e-04 3.153381716498929437e-04 3.288487008947101834e-04 3.500446561673079731e-04 3.501508104348570547e-04 3.393038917746934785e-04 3.400358764156115581e-04 3.446050684470082590e-04 3.375939966065998358e-04 3.321286642043934736e-04 3.348837071656889748e-04 3.346375262028688635e-04 3.329704587820208695e-04 3.357111190085627548e-04 3.386630097985763449e-04 3.370388071976565970e-04 3.339453748500381507e-04 3.409402765602957946e-04 3.490293714221408684e-04 3.458583256984379406e-04 3.373745375656181443e-04 3.352298334318508616e-04 3.414624697963055408e-04 3.395647312961540482e-04 3.355986139541619726e-04 3.301395923792381287e-04 3.137635321675548124e-04 3.061261843015230339e-04 3.162925096765679587e-04 3.316546570334001458e-04 3.411392863143700139e-04 3.433058581865715232e-04 3.549031985258848049e-04 3.698404791926132931e-04 3.499525099418551808e-04 3.279170830836293299e-04 3.319066697243101111e-04 3.402019585718115986e-04 3.428264836704094558e-04 3.369311424327794957e-04 3.279794950494610041e-04 3.294297700704877435e-04 3.400634467117065658e-04 3.419976297918847930e-04 3.343729817965366375e-04 3.375697192768780958e-04 3.352170741678198477e-04 3.207873438680321969e-04 3.193716457082020109e-04 3.275529769098930923e-04 3.330605383751724996e-04 3.378305075008424668e-04 3.332543280991247508e-04 3.198455111129574297e-04 3.203470924356873742e-04 3.268179897785200745e-04 3.317233868885165800e-04 3.359744704059208190e-04 3.412140125816395635e-04 3.559787162435151938e-04 3.638741120660350875e-04 3.512460009090886048e-04 3.433037583689619102e-04 3.464773821162273146e-04 3.432382911179857792e-04 3.376674060660167943e-04 3.391059460778462998e-04 3.497222070126400589e-04 3.557602547393776994e-04 3.451895629230509240e-04 3.355500014213010085e-04 3.368678753008687039e-04 3.315728492189608072e-04 3.338173108364299790e-04 3.358625888870370385e-04 3.404579782115801619e-04 3.372230196592216180e-04 3.222970208238251210e-04 3.209368771908843471e-04 3.360669281214464415e-04 3.565031926975934353e-04 3.735250576435054058e-04 3.586823265244414157e-04 3.304417629415231663e-04 3.300657405009236461e-04 3.413367316243050027e-04 3.379596648092101046e-04 3.289828555239943282e-04 3.235446052054506867e-04 3.263537985311679851e-04 3.366409595019288943e-04 3.463305373838998567e-04 3.454043323039383286e-04 3.405548184040606318e-04 3.214518753141097640e-04 2.623009249480492294e-04 2.037780249758327892e-04
2.098311278610662483e-04 2.813364081280837151e-04 3.330188190347041282e-04 3.299863279541659887e-04 3.139989164793048930e-04 3.192298137399930615e-04 3.371942093505217518e-04 3.379157206036749223e-04 3.324875251653543629e-04 3.396046266220718543e-04 3.437861258976949433e-04 3.447798946240938000e-04 3.477856319007822743e-04 3.400935736169928515e-04 3.310705026677285539e-04 3.334280243490148087e-04 3.427014267144242094e-04 3.526945412348542110e-04 3.502788864900690515e-04 3.335026938728008570e-04 3.288163821374450097e-04 3.314036643699694914e-04 3.231874233278583981e-04 3.176182691565347140e-04 3.259091358532951793e-04 3.370867065428864847e-04 3.388666619701128442e-04 3.314037853180973065e-04 3.255872969611389592e-04 3.214632055916591706e-04 3.230265758477053693e-04 3.298907274186484292e-04 3.419348969223622373e-04 3.489193599371235611e-04 3.456469771803291841e-04 3.549264795552801804e-04 3.683744779780153290e-04 3.380151073035440293e-04 3.049553939279479159e-04 3.144157845519005142e-04 3.392145965148328718e-04 3.423509067952813334e-04 3.268262517396127755e-04 3.156466975559470796e-04 3.224278544437645701e-04 3.379646551414090642e-04 3.394554114301187695e-04 3.293372759624020401e-04 3.450539640220873683e-04 3.603936766370551730e-04 3.550763870267346217e-04 3.566399466904955932e-04 3.564683612269806492e-04 3.468158668366214635e-04 3.401303635873305560e-04 3.408505337333953347e-04 3.343950013403962449e-04 3.267829519276155260e-04 3.274770635369193871e-04 3.353033546985730419e-04 3.327674238395536034e-04 3.325100054727562538e-04 3.506329785192079627e-04 3.647272274047476132e-04 3.619925593391967039e-04 3.573709273673595288e-04 3.559117355224650789e-04 3.450508204973976294e-04 3.247418898863668789e-04 3.169004825658351156e-04 3.291932085838097065e-04 3.418140216414826231e-04 3.382555136738596121e-04 3.314805149552571377e-04 3.309794326053502140e-04 3.274082499169685828e-04 3.315149673023907312e-04 3.332360571547077167e-04 3.440895539108223796e-04 3.448775268012662905e-04 3.225337503547953981e-04 3.141902869868243319e-04 3.301921105474746971e-04 3.523170220734234874e-04 3.632769319706376492e-04 3.474634588804800589e-04 3.247418188495783398e-04 3.277151032300711542e-04 3.390711617178178276e-04 3.372197673661321560e-04 3.261343587170873436e-04 3.209330311978729781e-04 3.286401787789118654e-04 3.413962074179481554e-04 3.473814645622271338e-04 3.420928520191686547e-04 3.315160922548749788e-04 3.055766478939795174e-04 2.468239466380121915e-04 1.939543379759717603e-04
2.042383553195040494e-04 2.760246711888980110e-04 3.305665605419925079e-04 3.335222910864554455e-04 3.220734760662717763e-04 3.196390659474958708e-04 3.250513819741476535e-04 3.242340629739949012e-04 3.216129671401470307e-04 3.273619641046621241e-04 3.248379844595648868e-04 3.283621808697026359e-04 3.353677845416459390e-04 3.329366257755538103e-04 3.301394411277161879e-04 3.322924583322390602e-04 3.375661965418564388e-04 3.456039946399597413e-04 3.419257058785207587e-04 3.263902346893383542e-04 3.266154697598109007e-04 3.326389300590074658e-04 3.258082197638100365e-04 3.193257287884813554e-04 3.205352914027951704e-04 3.202170944531396732e-04 3.219316405186119093e-04 3.254466269817229019e-04 3.386373721044925946e-04 3.461118643234090348e-04 3.420003331305232941e-04 3.424945787514610800e-04 3.462129204775363537e-04 3.379047784824206532e-04 3.276059511029704341e-04 3.403071616829390434e-04 3.560203049366098948e-04 3.265798843077744864e-04 2.936912870091784719e-04 3.031929690908791381e-04 3.302095888196239005e-04 3.382788684159538555e-04 3.305410301573654883e-04 3.195161841932623627e-04 3.167002780130427630e-04 3.231107288606256504e-04 3.265313116479217920e-04 3.226026481006373514e-04 3.335581668189887107e-04 3.449850428203780667e-04 3.526008204521112574e-04 3.671863722799686026e-04 3.624219216462494226e-04 3.450290456700248970e-04 3.342752199363980127e-04 3.307416828348497088e-04 3.283843316114163648e-04 3.251670287244422708e-04 3.223283264611336062e-04 3.251944511212718526e-04 3.177494442769087019e-04 3.163103366459755670e-04 3.302517645996028085e-04 3.353313196466237503e-04 3.298062124642256628e-04 3.252921209582972269e-04 3.282610014324847123e-04 3.272684919580393266e-04 3.129926444027016108e-04 3.079402222826535833e-04 3.222248287260205571e-04 3.352587067976075370e-04 3.356652338621731900e-04 3.270963719905259750e-04 3.186154298710696872e-04 3.164543893632418194e-04 3.260222196701330257e-04 3.319933100554541753e-04 3.403086445363279504e-04 3.430794048412725249e-04 3.266069922674679632e-04 3.209962126029096028e-04 3.363964788234086395e-04 3.538319709242211566e-04 3.533453979735746943e-04 3.338640477554355793e-04 3.207887546716272926e-04 3.318308269869991436e-04 3.423559334920940871e-04 3.405486897304233623e-04 3.341613805248942835e-04 3.333245341175938717e-04 3.400849489229480771e-04 3.426505783854526038e-04 3.379220885001507245e-04 3.336409137732284811e-04 3.302477313753885129e-04 3.119851845759355653e-04 2.550570103927438971e-04 1.943538071896395384e-04
2.006348431779453149e-04 2.753012018901208717e-04 3.368145772529583830e-04 3.449999866737827377e-04 3.320384067475476387e-04 3.241537789035281404e-04 3.245970113909575497e-04 3.308675289719477212e-04 3.350760273773925775e-04 3.310473748740831680e-04 3.133258835350013864e-04 3.088952911267174627e-04 3.151130258471961858e-04 3.265016988177579294e-04 3.413765512009314207e-04 3.421943358511856043e-04 3.310932937314390971e-04 3.258587343478208838e-04 3.211507615022219839e-04 3.173206199400588194e-04 3.243057284039283124e-04 3.337356372808628351e-04 3.336203496951263385e-04 3.295085964869567279e-04 3.282322964899392868e-04 3.225489315794734767e-04 3.188967459719888693e-04 3.247888270592149589e-04 3.438777495125851084e-04 3.487959861246009733e-04 3.396525707623669144e-04 3.429049715450590251e-04 3.359586604482944403e-04 3.115125976199471357e-04 3.025295911397138425e-04 3.221552524411757865e-04 3.425663478264046003e-04 3.286253852869146013e-04 3.071621715337720339e-04 3.111789815481707665e-04 3.275232393889388220e-04 3.304680028584592319e-04 3.296714208884194081e-04 3.307177325877778875e-04 3.257616137367735747e-04 3.235142925979953184e-04 3.324520144534196431e-04 3.363732282573087787e-04 3.304180362616592230e-04 3.179453687715401932e-04 3.222987599034630134e-04 3.453767176842894335e-04 3.479166481774161263e-04 3.387681098289339584e-04 3.323048193943371666e-04 3.215371461919231452e-04 3.214092070395185982e-04 3.246284366823679827e-04 3.214718635430704238e-04 3.230116453005996862e-04 3.180036433252529573e-04 3.145188783591634655e-04 3.198674759112319103e-04 3.156709317376513255e-04 3.071420000518576554e-04 3.045529442707130339e-04 3.097124325292156420e-04 3.162687631854401663e-04 3.172883394640435605e-04 3.210811911733173814e-04 3.320852283427370554e-04 3.394416080206594873e-04 3.447710358928882807e-04 3.448097636757593062e-04 3.347630594786053836e-04 3.220867365747659351e-04 3.252484504060272944e-04 3.343456779696668958e-04 3.377551435903482918e-04 3.373710649741327831e-04 3.265370134477674842e-04 3.248187031391570802e-04 3.380745882374418319e-04 3.487234276380012381e-04 3.451451827243144557e-04 3.296665386010254849e-04 3.217283255499674838e-04 3.350868461079315038e-04 3.463994082121984747e-04 3.444653727618108012e-04 3.390281428684762798e-04 3.399387498485059028e-04 3.451840545686733720e-04 3.369943276067921371e-04 3.260818299145349188e-04 3.304594337190657231e-04 3.395177112656150992e-04 3.278170574969363526e-04 2.688162685619374008e-04 2.020079633581176493e-04
2.028872507997423402e-04 2.692551005031456105e-04 3.265967252136110755e-04 3.436647433935679846e-04 3.350636395450054691e-04 3.246823940526815094e-04 3.217503016189573366e-04 3.288248086687624002e-04 3.404518606311148464e-04 3.367216264620991051e-04 3.153547992650608772e-04 3.092819865304359105e-04 3.227869245198006502e-04 3.417567587601838324e-04 3.547015837834085680e-04 3.446983454246551324e-04 3.220808941476280968e-04 3.077578264372993200e-04 3.016686147499095054e-04 3.122802674068558392e-04 3.295211120288205108e-04 3.419656739144781056e-04 3.452854926436853657e-04 3.424012298214187760e-04 3.398375929036846505e-04 3.357891818931920975e-04 3.319650110010810519e-04 3.306964130728447075e-04 3.387808559201703571e-04 3.360637223893309143e-04 3.253257783040377615e-04 3.329483571125908120e-04 3.284105846255155415e-04 3.076903797610667807e-04 3.050457707509088333e-04 3.226039144161509543e-04 3.383312040285127095e-04 3.349337891599059747e-04 3.239688228140924671e-04 3.295505638206339127e-04 3.437170562617877659e-04 3.383521681492202308e-04 3.317301280011135303e-04 3.395002748860677507e-04 3.405304689113978502e-04 3.378264596253159982e-04 3.492569645906373364e-04 3.608957836419199837e-04 3.531085916259218993e-04 3.213446445131551313e-04 3.058396842316688522e-04 3.194974457662878896e-04 3.273446258353329133e-04 3.317343876009722385e-04 3.345650116158647297e-04 3.269168728818883638e-04 3.312999441140756151e-04 3.353412212434219255e-04 3.368865528400112369e-04 3.474768334728217840e-04 3.448282759318344959e-04 3.313207973209202442e-04 3.331133553379064588e-04 3.353068649274404921e-04 3.293103910581199442e-04 3.220375813799717865e-04 3.204641569015362107e-04 3.261664772303399023e-04 3.314427726549635991e-04 3.325896995595049388e-04 3.321697077175015159e-04 3.282054801288978815e-04 3.380226264243031600e-04 3.577054382145899861e-04 3.573964526659463440e-04 3.338024769527389276e-04 3.244396468647728349e-04 3.377111021640451065e-04 3.464306275639037315e-04 3.384281451459655518e-04 3.217808531222096213e-04 3.214423080671144784e-04 3.326369611035863427e-04 3.368758027607381350e-04 3.327695893341741382e-04 3.233424978476087414e-04 3.196748437533509764e-04 3.301710012518833427e-04 3.428929703326956727e-04 3.465023376287729184e-04 3.335059050484695986e-04 3.251504835317875963e-04 3.307494422173951629e-04 3.214303012779667033e-04 3.084978047639849686e-04 3.210024389089140154e-04 3.460048093177080274e-04 3.457748780859830210e-04 2.880715462893227927e-04 2.197105984834219145e-04
2.109331489218426933e-04 2.623580133670001856e-04 3.032711296049335871e-04 3.266718382722230696e-04 3.305470329568301275e-04 3.199185862755236074e-04 3.147381432863978912e-04 3.212346270494079972e-04 3.317718314046820983e-04 3.335032515491491542e-04 3.276757343438968170e-04 3.305935180139887570e-04 3.450076596308532880e-04 3.532995742732522766e-04 3.494950910453254811e-04 3.356735534573204835e-04 3.181721738374655023e-04 3.067374724430266091e-04 3.054284435811038725e-04 3.229136538011298020e-04 3.431025568596452781e-04 3.565615497788859130e-04 3.588316050967236973e-04 3.538331889952198769e-04 3.449645083500201860e-04 3.397696495002927065e-04 3.408508639805312877e-04 3.398164502035482155e-04 3.393908908730854405e-04 3.337708325539234778e-04 3.198051650090568115e-04 3.236471132834936289e-04 3.332956516638547681e-04 3.306686301796143285e-04 3.315834927022844481e-04 3.353137739316511398e-04 3.354061488109130349e-04 3.319799149139708518e-04 3.269488963706869596e-04 3.385214147962310478e-04 3.570721102407170533e-04 3.539168274038852246e-04 3.432016070997285714e-04 3.413515046266970285e-04 3.396573921240691541e-04 3.401405892101000417e-04 3.531981908389721092e-04 3.661385388979166984e-04 3.613206727751125196e-04 3.299449735410485960e-04 3.068292938498838238e-04 3.081643613817889541e-04 3.161502663038816838e-04 3.283728183787138692e-04 3.340417801401716295e-04 3.309566718984084189e-04 3.387860985182969192e-04 3.391538441376029406e-04 3.406051307267396640e-04 3.546979828033973220e-04 3.518213486566781727e-04 3.395903385930675576e-04 3.518642741014187721e-04 3.662940509991925264e-04 3.556345443664338376e-04 3.342630137797093152e-04 3.234455697302622123e-04 3.279723753666344190e-04 3.345779179597193243e-04 3.353665662950902756e-04 3.302064034821300745e-04 3.179255260635300206e-04 3.252498981191537025e-04 3.491630146504967895e-04 3.512501814742651938e-04 3.313045308213210735e-04 3.238311854856276814e-04 3.401927850112424368e-04 3.541736707861417458e-04 3.430421906732968127e-04 3.235486049764632393e-04 3.195294942721414819e-04 3.221265352854293701e-04 3.236744743748601176e-04 3.231917395397831613e-04 3.183520116481312889e-04 3.189601999965522195e-04 3.239032412313892534e-04 3.293156709482394050e-04 3.439385579871449459e-04 3.385074914205533285e-04 3.222441392763304995e-04 3.184763492959990713e-04 3.064892211862602382e-04 2.948646342815701253e-04 3.103377301126076810e-04 3.381158345843526336e-04 3.455293955858725627e-04 2.964036153268816663e-04 2.303881627025935487e-04
2.229355560951317545e-04 2.731871012039208796e-04 3.018956352483863868e-04 3.172700207867123340e-04 3.295983500606429191e-04 3.236456448802331530e-04 3.154715259161280320e-04 3.206007781719481982e-04 3.277085931565920001e-04 3.300506759689648029e-04 3.381610619296187854e-04 3.510350276843317448e-04 3.509083101482315687e-04 3.363234707855726610e-04 3.280780908171525572e-04 3.320854263245773957e-04 3.282899936148259970e-04 3.165968110750471201e-04 3.235662666297128408e-04 3.426075232635243965e-04 3.493728000857758724e-04 3.501133588953258798e-04 3.446262425501045706e-04 3.403221248092903970e-04 3.328131442541915454e-04 3.242907907666909249e-04 3.286188623901606159e-04 3.396857311761856220e-04 3.401201894017619231e-04 3.324579823545429583e-04 3.199955476380768695e-04 3.244495632869940174e-04 3.434040815007019737e-04 3.494785472268638294e-04 3.536871026826876466e-04 3.486017667217880880e-04 3.342387650902581232e-04 3.248178912861456134e-04 3.211608160091668890e-04 3.336173041362964164e-04 3.473699075511843103e-04 3.458912581489937983e-04 3.385598592786402076e-04 3.283944298280980006e-04 3.207447214559604339e-04 3.266207049355767224e-04 3.475589092313167375e-04 3.561286435239908663e-04 3.433661995184069012e-04 3.242297240833138042e-04 3.162519879699817360e-04 3.225928454343918910e-04 3.357595122521827105e-04 3.460855645571989407e-04 3.445488887913176926e-04 3.384034034233523742e-04 3.344493393983889056e-04 3.202219287039393628e-04 3.169433101274382472e-04 3.299424974185073776e-04 3.275419380999202140e-04 3.257391862093377910e-04 3.463441108974161446e-04 3.629557597258436337e-04 3.520935405119112079e-04 3.364177210720260781e-04 3.330819761466147569e-04 3.388350994369098822e-04 3.434441206420666901e-04 3.418188222647507266e-04 3.371272409595045191e-04 3.248014097436293214e-04 3.176386420072103848e-04 3.248749885655684419e-04 3.295276860225621399e-04 3.267416426927043614e-04 3.273124723632969820e-04 3.351687082974223416e-04 3.440622960940028997e-04 3.381381788933994232e-04 3.311329646267730312e-04 3.326664089635599734e-04 3.274969427965716438e-04 3.223546548290066220e-04 3.218299207415503162e-04 3.200687737499233578e-04 3.239795134918560873e-04 3.244432919086151154e-04 3.197873109601872665e-04 3.400162263342857371e-04 3.509055589582797696e-04 3.379334555484133414e-04 3.232380274796597670e-04 3.044680686845272627e-04 2.957540254589983682e-04 3.099199580669610233e-04 3.238237994453982741e-04 3.236245531053152957e-04 2.814260740274547243e-04 2.227238446170324844e-04
2.171844485559034526e-04 2.815718044477752034e-04 3.214706547454457644e-04 3.342715700985968283e-04 3.444463454405928939e-04 3.433054584962879404e-04 3.304543824710227257e-04 3.239946796679609928e-04 3.240338995235327469e-04 3.236883293459617795e-04 3.312509480957727360e-04 3.431973881047151956e-04 3.345886025726803130e-04 3.144891176702852356e-04 3.153197346247282309e-04 3.340950823584443023e-04 3.410043797322864171e-04 3.299962283886309676e-04 3.344777910539341250e-04 3.506092164952900013e-04 3.495518079528610019e-04 3.350407131981393170e-04 3.237354248541463465e-04 3.287328083633124683e-04 3.311738325728539570e-04 3.181167474697746758e-04 3.153916950247461328e-04 3.286831978360938312e-04 3.282325959817291618e-04 3.159820106815499621e-04 3.141520673340375937e-04 3.306454105800957092e-04 3.449328851190747646e-04 3.413273905330333141e-04 3.430427998404188316e-04 3.392326696101235009e-04 3.273286942407504932e-04 3.217398303261917317e-04 3.258791322633268115e-04 3.392599800844891102e-04 3.371619211240025867e-04 3.264933585716302527e-04 3.242233200519282132e-04 3.180148218609746020e-04 3.082968358456461729e-04 3.158473902154127302e-04 3.411618329752246935e-04 3.474394086385579469e-04 3.338907356662234585e-04 3.268060060415977925e-04 3.296124000875540845e-04 3.401031844368951383e-04 3.588582498527891594e-04 3.649532263207445892e-04 3.531440808623059519e-04 3.437500646262661242e-04 3.326232717703877595e-04 3.103966714410048475e-04 3.047768047445679508e-04 3.187416223280988741e-04 3.214808575168125681e-04 3.215426170795595618e-04 3.284594534784676884e-04 3.347585498863269522e-04 3.341741635162653228e-04 3.405916254124074149e-04 3.575518610842809788e-04 3.641458383296940931e-04 3.539372878233856996e-04 3.407297773908074447e-04 3.352813806573414672e-04 3.264330301653072062e-04 3.119701624207551864e-04 3.063647313182619666e-04 3.170800452524617373e-04 3.294059407576412296e-04 3.350466474220204849e-04 3.348660022680473650e-04 3.396672568776102057e-04 3.389174743779820942e-04 3.362336043674847867e-04 3.465333897130254111e-04 3.480905085075338876e-04 3.398511370225753702e-04 3.311829475748841872e-04 3.241687750473136584e-04 3.271826819061834013e-04 3.274961411434212065e-04 3.226358276008093251e-04 3.395534453395851211e-04 3.480429102137071531e-04 3.401764772435338395e-04 3.340275534319490100e-04 3.253584981801668622e-04 3.232871887195424990e-04 3.281218783033417428e-04 3.203711041454868980e-04 3.070929660928798689e-04 2.662216707572714739e-04 2.111514854887527404e-04
1.976618480870244801e-04 2.772511904472463578e-04 3.379728197204151042e-04 3.509412835802711494e-04 3.467348882593335635e-04 3.478546201207228183e-04 3.437728613738032864e-04 3.332236529188250217e-04 3.222327207904691817e-04 3.161162679527607490e-04 3.161374601226139727e-04 3.198850339033015573e-04 3.163290460895531943e-04 3.062439142832983096e-04 3.156082216088499683e-04 3.370172389966131924e-04 3.476768389335182455e-04 3.434785185989732608e-04 3.457381327952418733e-04 3.568634949024587105e-04 3.491181563529863717e-04 3.226329085077277040e-04 3.120363864514473051e-04 3.316965656484376795e-04 3.501898980282206245e-04 3.356227433145768206e-04 3.203186546297328999e-04 3.248691214605471688e-04 3.182944187599219196e-04 3.013209385541396751e-04 3.090616027647895931e-04 3.319180444930406020e-04 3.344339759094212827e-04 3.241295520364411223e-04 3.231586918312561677e-04 3.200123354391511718e-04 3.140971945357129490e-04 3.175967522419149850e-04 3.395070180580675879e-04 3.582036118094447663e-04 3.442456351302358069e-04 3.287337115630572810e-04 3.264210563130188884e-04 3.242121709609005931e-04 3.163449127365093984e-04 3.213109347796948376e-04 3.410025537229640453e-04 3.485905996457672532e-04 3.432583454858149094e-04 3.342281580864213397e-04 3.277628138552569469e-04 3.303716065289963376e-04 3.471363263744888005e-04 3.565314436466109765e-04 3.499579263833841984e-04 3.483622882328966529e-04 3.434180312688219611e-04 3.230471334053551481e-04 3.168885280903951766e-04 3.330855056873268652e-04 3.430439118039244257e-04 3.390587138738233278e-04 3.258135740018514677e-04 3.201799595404756929e-04 3.268285290590281769e-04 3.356244828380796014e-04 3.467299929196227632e-04 3.499119276678408779e-04 3.411069774052984983e-04 3.301948792449188597e-04 3.232818031113389575e-04 3.219740982388452719e-04 3.256613876321566635e-04 3.173315742182423061e-04 3.148646375435847512e-04 3.270391561923708290e-04 3.374850470524333457e-04 3.405474749917043525e-04 3.450217767592686025e-04 3.461270555310745319e-04 3.371453284779879858e-04 3.398279321903119321e-04 3.523407075495801010e-04 3.585487134238944337e-04 3.502379888916646146e-04 3.364238020305629221e-04 3.352957804085322248e-04 3.372778551391971140e-04 3.296794671384804440e-04 3.317166185277298143e-04 3.294639201722949140e-04 3.231717142428237118e-04 3.352499367543818835e-04 3.475704592513625870e-04 3.550347968619119079e-04 3.553034226512273401e-04 3.366225868512048554e-04 3.151120915762019043e-04 2.690070619716610737e-04 2.079881215006096373e-04
1.789891977165815004e-04 2.613518381315009954e-04 3.301525153052102925e-04 3.324160609025152732e-04 3.126644224355368414e-04 3.102908391139997052e-04 3.160235789637155313e-04 3.155101937067711295e-04 3.032706311261563429e-04 3.016206398310799933e-04 3.110840311360923397e-04 3.138219343300299464e-04 3.097300709650826914e-04 3.036122347268053545e-04 3.144072197728724812e-04 3.295906895582638896e-04 3.353030317929366760e-04 3.335333589542826454e-04 3.351706734243198663e-04 3.403081272543382468e-04 3.278050138184979102e-04 3.011517232167932462e-04 2.912553113477014477e-04 3.125317216890400782e-04 3.384560648750968310e-04 3.328465097132921676e-04 3.238703148284560848e-04 3.262819484623246183e-04 3.139310280198084110e-04 2.986730849564530102e-04 3.073037476815364570e-04 3.219697818017161050e-04 3.239088388623773780e-04 3.236994777143854026e-04 3.210537270057740129e-04 3.148415276850107620e-04 3.122380281128322131e-04 3.159761916470032106e-04 3.390062536232894570e-04 3.551411619939446869e-04 3.431772749426142055e-04 3.353886430202930938e-04 3.328998941101250211e-04 3.307237557930686441e-04 3.243574054806023805e-04 3.212275559040837173e-04 3.232039232556196224e-04 3.290257093959264296e-04 3.351982853440506728e-04 3.233014284346170616e-04 3.044958200605833547e-04 2.950511081555335789e-04 2.990223389217571120e-04 3.138852292619651735e-04 3.297153391980360429e-04 3.467119430373170538e-04 3.455696710207308399e-04 3.240797495700975181e-04 3.200820717083413211e-04 3.357049496523063737e-04 3.442861335566470412e-04 3.367587999191736957e-04 3.166601279921258706e-04 3.055295231539887930e-04 3.092641435459809410e-04 3.075471836885161950e-04 3.008624156930267066e-04 3.034036256914196777e-04 3.146247657397098691e-04 3.179210868570608579e-04 3.040984165688143158e-04 3.033205212545138797e-04 3.296399445059527305e-04 3.304953639186288331e-04 3.146691796936194733e-04 3.203174439681013533e-04 3.272848628313169798e-04 3.282861859250879415e-04 3.294152427331062958e-04 3.296821974961406223e-04 3.198438872828320532e-04 3.116877333471066184e-04 3.218804915923311068e-04 3.382187441091531396e-04 3.458927898558555132e-04 3.412248434222882798e-04 3.346672914951737826e-04 3.361619161901723083e-04 3.292477465691132934e-04 3.171114168205171413e-04 3.099493636077236386e-04 2.996111884091001449e-04 3.111394124994286479e-04 3.310348374016015274e-04 3.443865154319080031e-04 3.487723284073347609e-04 3.347859808032346233e-04 3.123814208937498419e-04 2.667980597517447330e-04 2.105432720068248806e-04
1.488221011376103910e-04 2.183853139112452546e-04 2.809625210331484816e-04 2.806757844763795051e-04 2.567815358021354952e-04 2.401953730013905845e-04 2.390267628896971456e-04 2.481080473843629030e-04 2.491100758822367245e-04 2.622625776966600172e-04 2.816343992261687327e-04 2.779522540645178348e-04 2.632677259861206922e-04 2.620889243092891572e-04 2.767193152092038764e-04 2.826770566276724447e-04 2.816718864357402340e-04 2.828841800828443180e-04 2.825785174559552722e-04 2.795919607900453291e-04 2.674074397776903889e-04 2.501504211952851743e-04 2.440278402728363505e-04 2.612113417459468252e-04 2.776078341602502869e-04 2.737840055187818356e-04 2.758791720681976140e-04 2.855817155069118323e-04 2.782233867796615441e-04 2.687108649385216508e-04 2.699018643040331997e-04 2.729692520630801200e-04 2.861026825148727361e-04 3.019314963169405825e-04 2.975307440524880306e-04 2.833129910977642699e-04 2.822943424556997481e-04 2.880816184355055329e-04 2.987469288190871966e-04 3.007887672824073903e-04 2.923730657626315743e-04 2.920521794749210377e-04 2.951471225506750642e-04 2.971671200846671274e-04 2.933046322771563951e-04 2.845248864962123501e-04 2.644728697640214639e-04 2.557894989976233595e-04 2.616389643817412574e-04 2.562956691559648221e-04 2.473343510868566226e-04 2.415962361946652351e-04 2.400352707294694837e-04 2.541378506966878261e-04 2.758580171666061634e-04 2.970286046654522193e-04 2.949556615561539988e-04 2.768408317667986514e-04 2.730118922215021707e-04 2.801403856715412640e-04 2.825917351777668140e-04 2.763549465610111899e-04 2.701400358414776659e-04 2.727373764639974552e-04 2.738317832827072374e-04 2.641852331675976486e-04 2.521170320484034805e-04 2.563619224544566046e-04 2.758284346979373572e-04 2.822127506110844652e-04 2.581503643318418359e-04 2.457948612600241532e-04 2.745097604952286235e-04 2.926227142975470867e-04 2.897259716451907469e-04 2.967516368739492945e-04 2.984532316571833011e-04 2.906529138898367127e-04 2.847342726882994869e-04 2.805975464276282941e-04 2.704290249583462440e-04 2.609156963956420173e-04 2.603767924749511012e-04 2.647840542533012377e-04 2.740507002392738667e-04 2.797013593320083597e-04 2.754659727875744717e-04 2.795761507721966155e-04 2.840767428888638373e-04 2.768409196575912770e-04 2.718798711314401395e-04 2.568069411653813548e-04 2.512016133409851470e-04 2.640778736753189799e-04 2.801682169283430373e-04 2.855619638219527353e-04 2.746136951182391681e-04 2.595899602649879797e-04 2.281979538675863958e-04 1.901893437576689821e-04
1.039963751671826240e-04 1.540038224489197281e-04 2.067648400051449380e-04 2.179132878253529871e-04 2.006157176999253311e-04 1.765694811979182457e-04 1.678275558519029488e-04 1.799075098620054908e-04 1.914738586004695049e-04 2.086332717934156339e-04 2.226995721339194816e-04 2.105288513374445791e-04 1.898662619657455789e-04 1.930094755035868716e-04 2.092125942437376475e-04 2.125799856968557742e-04 2.149197600951221446e-04 2.212071788137382421e-04 2.190738761756140442e-04 2.123217478059466305e-04 2.020983054467262365e-04 1.910956591645426232e-04 1.904559725919983309e-04 2.076031508645028540e-04 2.139072641820366223e-04 2.032134005986032201e-04 2.037176376142009818e-04 2.129952767072689987e-04 2.073533115749707036e-04 1.991958183403214164e-04 1.976064588950012272e-04 2.027335275900195766e-04 2.268954476606487730e-04 2.511160061816970941e-04 2.455952335933534098e-04 2.218385254234829062e-04 2.151496717813415290e-04 2.274716331377594288e-04 2.397397585981005043e-04 2.324336997580768839e-04 2.202234613118168936e-04 2.205712493388249228e-04 2.314485411761897009e-04 2.417891298381305207e-04 2.428595156482015469e-04 2.365583267104656414e-04 2.026930026225471910e-04 1.763246003036045154e-04 1.739554911640137276e-04 1.738821493215373260e-04 1.787789048892008033e-04 1.849971627180859173e-04 1.902096062154307130e-04 2.015115098110129336e-04 2.116765366752619538e-04 2.190621475288212559e-04 2.121991674121096393e-04 1.985117199790365785e-04 1.911504093514039136e-04 1.930189928407578912e-04 1.966069726426689286e-04 1.945902412264502381e-04 2.056523405595851598e-04 2.285670675100302763e-04 2.338223990248244520e-04 2.227373182133579317e-04 2.129717520371136310e-04 2.148225327252760940e-04 2.290821676208839967e-04 2.297541176835669755e-04 2.039167298172334520e-04 1.873188226963465786e-04 2.066446955230762756e-04 2.296978598437201028e-04 2.394504975919465890e-04 2.474545018445720081e-04 2.491240405047119794e-04 2.379851948164644665e-04 2.315080957872409117e-04 2.275682899428823529e-04 2.145280027773063423e-04 2.082468586495910836e-04 2.031759500696608746e-04 1.918071819762251875e-04 1.825451162565014363e-04 1.840040146971310808e-04 1.873100622271469859e-04 1.947269368128547130e-04 2.055173135975825580e-04 2.117165951503265672e-04 2.134096224078690755e-04 1.989208653391377475e-04 1.829672815650322472e-04 1.891290593262046592e-04 2.054286872233265435e-04 2.060364428897705025e-04 1.937143883021887384e-04 1.892682205095020200e-04 1.758610654019837714e-04 1.530618263460540739e-04
