# 2D Density map on yz plane
1.248182032239046743e-04 1.553453276984354014e-04 1.852182646878469587e-04 1.965400288017245538e-04 1.899134940123681724e-04 1.924664948919250715e-04 2.045619714761080766e-04 2.107028869754876891e-04 2.190482453967692103e-04 2.201247005157566574e-04 2.095059086300984561e-04 2.018186789301331806e-04 1.973025888497866151e-04 1.829956422373817441e-04 1.728402239352093298e-04 1.875517686492063438e-04 2.095200643467187490e-04 2.008498457478909518e-04 1.834626524660382693e-04 1.854405831239994314e-04 2.057115161415523728e-04 2.289211850968431660e-04 2.199662654666574330e-04 1.992042062758887571e-04 2.002638530341512403e-04 2.045066560192280590e-04 2.049373228443842352e-04 1.920243434024825600e-04 1.768533128096992950e-04 1.870668246695815116e-04 2.115162321583229196e-04 2.251544164794256329e-04 2.140784717334484253e-04 1.964024104373364422e-04 2.063117698966579385e-04 2.172871120376135973e-04 2.065093395377214634e-04 1.965820224046436744e-04 1.913589158618933571e-04 1.957730776288727826e-04 2.116612770135446763e-04 2.081115565583601355e-04 1.885839692591058446e-04 1.901173214108632659e-04 2.027478941499560373e-04 2.163028725303450437e-04 2.183353524867886206e-04 1.999456049998651582e-04 1.894691632291961624e-04 2.019803550141951662e-04 2.126413527913374973e-04 2.209988024035820287e-04 2.295710337657160818e-04 2.227162557212332243e-04 2.048793837116060694e-04 1.935896382668196385e-04 1.957643624428453402e-04 1.968679500047462944e-04 2.013732480933490309e-04 2.033612543737869200e-04 1.981878489993838216e-04 2.060448967274918029e-04 2.212666042222163876e-04 2.267510336807186666e-04 2.248410554142090127e-04 2.247951887722219667e-04 2.289402579359774408e-04 2.170160290937904707e-04 1.957053272619173649e-04 1.929917533989477705e-04 2.007182206439970629e-04 2.123343690065538053e-04 2.192459100069583163e-04 2.236122990307764721e-04 2.174169820806009850e-04 2.041979468377490845e-04 2.021273027436813589e-04 2.150143325514735802e-04 2.282561329359187067e-04 2.181926576143461709e-04 2.074789280985907996e-04 2.106289787080004158e-04 2.126530215715187531e-04 2.063089683815033941e-04 2.059674781867204334e-04 2.056801574490681021e-04 2.046860475318587505e-04 2.079840976809337418e-04 2.134235192957135464e-04 2.113973964343531409e-04 1.985791962688215049e-04 1.893767013975071836e-04 1.934213365293902822e-04 2.056763386567696879e-04 2.086951961650207303e-04 2.047743724093161822e-04 2.097501135367097402e-04 2.103103700737597877e-04 1.640739623963117177e-04 1.049051312078190637e-04
1.561583749730986238e-04 2.100263175653024894e-04 2.559293653106147750e-04 2.740122370370146011e-04 2.694434006733462421e-04 2.610707485849013344e-04 2.654243430094958053e-04 2.816259493550627986e-04 2.993201796852197746e-04 3.006728897155098003e-04 2.937262433780513408e-04 2.919179467468165133e-04 2.860426310261982236e-04 2.646324155385378204e-04 2.482117814623728655e-04 2.562034834550439423e-04 2.751303226954046892e-04 2.732381048070990637e-04 2.571513578051028799e-04 2.538904904920159236e-04 2.666657016407768602e-04 2.798378797901488932e-04 2.673832273268277699e-04 2.512866168833051590e-04 2.603520418748407703e-04 2.714877084091327306e-04 2.719573659624155079e-04 2.581737410950121769e-04 2.481312414893418832e-04 2.604897205266765506e-04 2.809272606550705957e-04 2.901556305827775661e-04 2.774337331260506422e-04 2.642467510830577180e-04 2.784114365541153413e-04 2.907138115671135947e-04 2.824751374856865945e-04 2.718994166120488752e-04 2.583578913957363245e-04 2.632403410540568294e-04 2.847384631417762698e-04 2.784483869295218848e-04 2.508059429663827070e-04 2.421028871971457261e-04 2.546141143857571718e-04 2.749459680754169936e-04 2.865915173044782192e-04 2.757599548961912938e-04 2.650400498254692951e-04 2.703002234337713869e-04 2.758989018882267597e-04 2.851946787994678141e-04 2.931081073309920620e-04 2.850541392953984295e-04 2.731566982676706659e-04 2.744460096639438746e-04 2.800029782749605036e-04 2.732746495955684163e-04 2.657670333451011809e-04 2.678655406436428622e-04 2.687403394341488167e-04 2.709259194412464854e-04 2.766903939396148787e-04 2.800781048505525134e-04 2.823542021073139176e-04 2.845081148054705170e-04 2.918851570427650512e-04 2.846682806548342447e-04 2.591185441180290840e-04 2.502193016173824753e-04 2.620508131546223042e-04 2.843383896864586395e-04 2.987253743152408145e-04 3.019594421155531250e-04 2.883732434556141467e-04 2.694169421034028010e-04 2.714535103633355278e-04 2.866069630382768506e-04 2.917904654606939645e-04 2.831408554489960126e-04 2.842834403558577644e-04 2.904187845524240814e-04 2.820023392183211314e-04 2.634775992790950694e-04 2.575691902839529011e-04 2.699716817509919577e-04 2.824651292449195357e-04 2.784429081810843197e-04 2.722228345967031863e-04 2.725640573949702746e-04 2.693265194321098626e-04 2.601387793905650348e-04 2.621550018199578398e-04 2.742623496990986690e-04 2.770313288361595395e-04 2.742528313865551432e-04 2.801683750179398977e-04 2.785191186756173147e-04 2.229695888449122827e-04 1.479364234036630293e-04
1.750270841389316514e-04 2.487839476165686352e-04 3.145969582806264491e-04 3.448659538834720735e-04 3.419469312461698943e-04 3.160750258365883198e-04 3.076371804820993540e-04 3.316144941413736932e-04 3.473009365380051727e-04 3.396931126179064436e-04 3.411641989677962608e-04 3.488901535041371107e-04 3.425849840242704315e-04 3.249420384479764041e-04 3.114811515700649926e-04 3.148300843287622818e-04 3.327049197065937245e-04 3.350355858250397573e-04 3.195561839337233154e-04 3.120012248661780969e-04 3.137540138144546444e-04 3.159594532501668789e-04 3.053519259382387729e-04 3.000205467935525110e-04 3.163521025221336823e-04 3.259618769010201589e-04 3.192645386359486536e-04 3.126909209585966186e-04 3.181142872597656542e-04 3.256581637104038400e-04 3.278595469381932010e-04 3.275162287171861676e-04 3.194896040161643996e-04 3.155434870381175700e-04 3.237122966125032019e-04 3.236818602222589643e-04 3.105843998431160073e-04 3.024662304916959747e-04 2.980077310081429964e-04 3.118884128110961445e-04 3.346779253251292580e-04 3.333620500644582461e-04 3.109276484941134568e-04 2.973047730449089815e-04 3.006249511579965356e-04 3.121526776269901125e-04 3.281435422943948066e-04 3.283469143194522118e-04 3.207211474529376581e-04 3.213577298839810333e-04 3.241788338407976776e-04 3.328590346966744809e-04 3.390539199420055695e-04 3.276154845034237768e-04 3.127139912412563389e-04 3.101489078187214541e-04 3.156517934730094285e-04 3.195255811382888863e-04 3.198176540012644033e-04 3.294213747637587519e-04 3.299390054801726985e-04 3.184170976022169283e-04 3.094328407229738785e-04 3.071340013076293831e-04 3.165263169507284377e-04 3.292392773585161962e-04 3.377076346741471921e-04 3.304383622098115789e-04 3.078152338370800903e-04 2.966510323624967863e-04 3.042867309029565056e-04 3.241861251579774769e-04 3.398057456816938994e-04 3.472507806530766980e-04 3.370149801269453258e-04 3.164310711818316352e-04 3.092212458590639962e-04 3.148952549191519627e-04 3.145768420723672439e-04 3.167410576117228962e-04 3.343362117069534735e-04 3.435756986657292639e-04 3.315920721448757050e-04 3.094474528875482307e-04 2.998633519595697095e-04 3.150647871960530165e-04 3.353218802648878609e-04 3.336899888551447639e-04 3.234062823776941847e-04 3.262170014685014923e-04 3.328964805855345356e-04 3.281925284772494204e-04 3.249567542404739476e-04 3.185873634267191159e-04 3.082591223288121910e-04 3.095621069717737666e-04 3.266868820647359992e-04 3.356344274111970572e-04 2.837365638005780373e-04 1.978195549013862450e-04
1.916740587445734908e-04 2.644525491318572633e-04 3.277324833421879548e-04 3.544584455763450130e-04 3.521320540590152487e-04 3.215450465108594122e-04 3.082062280758202165e-04 3.346582799451019779e-04 3.460019561127143607e-04 3.292829207543676844e-04 3.248445434985805817e-04 3.327476462516133575e-04 3.356965103579646762e-04 3.375672520902769729e-04 3.363730295206397302e-04 3.417139322250683522e-04 3.589366678227012939e-04 3.630246374277746116e-04 3.509695647779517485e-04 3.368629462790400449e-04 3.275692259284090045e-04 3.291475520084105101e-04 3.249704166178017271e-04 3.269224200196479122e-04 3.385929576219901416e-04 3.325167999084716400e-04 3.179229137575389228e-04 3.170385290681191313e-04 3.296384254207658797e-04 3.329784075544716120e-04 3.270353886764233373e-04 3.267402234899120751e-04 3.272717801902196846e-04 3.289146517112544361e-04 3.345912183967957336e-04 3.314180780418845228e-04 3.213262479865571582e-04 3.198595908324669643e-04 3.225865866569125337e-04 3.332112444630228824e-04 3.434095156993820469e-04 3.515453219236477694e-04 3.520889959829539553e-04 3.450157530192665732e-04 3.313063446870118589e-04 3.147946926663759931e-04 3.178094628650218701e-04 3.299064782083493659e-04 3.396032618476884507e-04 3.460655355965970223e-04 3.444619660644327765e-04 3.396019177992001142e-04 3.382519782041796836e-04 3.287338264974862798e-04 3.088987343638690815e-04 2.977655173098842393e-04 3.096218049286125285e-04 3.328307560843271964e-04 3.434472286842705016e-04 3.483674978724865989e-04 3.393325745986525361e-04 3.252759872027230839e-04 3.167042739929245491e-04 3.153298842941197437e-04 3.270580937972269011e-04 3.420152672485485788e-04 3.469968850896303536e-04 3.407854606348897399e-04 3.295246078649328525e-04 3.204376334008572852e-04 3.163248396251550900e-04 3.173904343950856256e-04 3.226186738958428763e-04 3.333040278264093412e-04 3.381148081897064920e-04 3.329620227261867243e-04 3.170935706992372791e-04 3.049864731132022441e-04 3.032983333011845259e-04 3.136207345666545965e-04 3.351030332321238737e-04 3.427570740833644548e-04 3.390943280519369231e-04 3.312500495673083214e-04 3.269982412942768792e-04 3.345542061916038663e-04 3.501015733485569057e-04 3.583586062209209830e-04 3.556295780528548160e-04 3.573941718834502089e-04 3.642783717551454368e-04 3.593150392530678350e-04 3.488770101400326265e-04 3.326484515295015636e-04 3.137740025165245946e-04 3.116351299336172988e-04 3.282765536232857911e-04 3.434536820493700729e-04 3.058402666926611588e-04 2.265601341330747637e-04
2.074620824472678173e-04 2.621339397458575258e-04 3.088280311304842903e-04 3.354702659076716801e-04 3.499980338362776574e-04 3.370269180225385569e-04 3.201303487915493125e-04 3.297596275202995019e-04 3.369430832535903579e-04 3.241950775429812003e-04 3.153657664786324762e-04 3.162523007467931855e-04 3.218642219238497873e-04 3.349153027494591569e-04 3.439437365459937753e-04 3.560118596255826750e-04 3.715375996063673960e-04 3.695829735081261895e-04 3.523933273350955513e-04 3.314218879888137029e-04 3.278972506594885622e-04 3.454033670859323838e-04 3.464107343684674160e-04 3.434923159494992400e-04 3.469250099077377057e-04 3.338832390417184820e-04 3.151712091279192411e-04 3.050768863886764242e-04 3.094271901174595126e-04 3.171666063375301711e-04 3.169276089631626616e-04 3.202104861482698867e-04 3.199897536046468005e-04 3.222459651370396532e-04 3.384249890793183772e-04 3.432776594693199863e-04 3.411720006532211217e-04 3.450878208089554157e-04 3.471989732023897206e-04 3.479101653301103821e-04 3.375579606377743453e-04 3.446459956338759944e-04 3.660568727258836598e-04 3.673726315326616477e-04 3.444066813275973226e-04 3.147997232923962921e-04 3.046315397319716584e-04 3.218944678939534860e-04 3.437404453833271551e-04 3.458489485883013323e-04 3.378973198277851128e-04 3.289068219793546020e-04 3.261207479322982905e-04 3.266956320241696556e-04 3.170723006933530864e-04 3.082025288697994502e-04 3.212629754461864451e-04 3.416181538797687578e-04 3.466110371734211666e-04 3.378332011981372007e-04 3.186491082213045354e-04 3.094463795528878220e-04 3.098509488526120107e-04 3.164208096295916504e-04 3.303328943554511557e-04 3.396446543732963832e-04 3.374999706451743730e-04 3.345641017035665523e-04 3.395287717094533581e-04 3.404595939560166817e-04 3.310788251568984883e-04 3.145367376056582183e-04 3.057093248646037880e-04 3.150477967690955197e-04 3.292960711671122148e-04 3.397151806194602343e-04 3.288001946272472303e-04 3.049907328432803011e-04 2.967673708387675441e-04 3.072226210648114570e-04 3.230099586629142129e-04 3.271277439854375748e-04 3.336555767984496906e-04 3.442219271078055887e-04 3.457901396789453928e-04 3.398840669438731748e-04 3.392022415877768925e-04 3.499992074187052390e-04 3.563045350011039610e-04 3.566706733009336822e-04 3.611554472999519002e-04 3.560112467296777487e-04 3.462916748321917364e-04 3.384428267339132041e-04 3.227204924810398085e-04 3.126814250870179777e-04 3.214656539207689330e-04 3.343662042019244162e-04 3.038081468173265548e-04 2.369697701746538031e-04
2.145624838239954717e-04 2.554602097273523439e-04 2.908995959957421328e-04 3.209746331806083886e-04 3.551253606388507858e-04 3.631249375015755450e-04 3.429557855159605850e-04 3.299904774995826833e-04 3.307058309965346448e-04 3.265451222129099563e-04 3.236834010905183939e-04 3.218067161394306901e-04 3.237940674044783988e-04 3.338873014375817608e-04 3.399111546933713179e-04 3.462861590754764897e-04 3.529665015768165609e-04 3.441617680068901806e-04 3.237796123671714613e-04 3.117172538581909624e-04 3.296888185182322156e-04 3.613554761474251434e-04 3.644496880040461835e-04 3.496098824409834779e-04 3.420561240978643421e-04 3.351985910525064017e-04 3.246888518838697123e-04 3.103885598444895439e-04 3.074722556337649562e-04 3.216367665690143015e-04 3.282544445426212386e-04 3.292148782477779785e-04 3.208744363540922545e-04 3.150866304828101234e-04 3.325412500723297056e-04 3.428098683537062321e-04 3.454631116655196678e-04 3.479141804707608972e-04 3.495147533381608293e-04 3.472321794634209563e-04 3.293751091017490347e-04 3.292093280682858742e-04 3.512069936612543099e-04 3.578937628717966278e-04 3.393319674334693880e-04 3.149901906269492484e-04 3.068692885759181856e-04 3.242861118260309842e-04 3.399335946610841002e-04 3.296500212570064800e-04 3.245853677587205678e-04 3.270469341382565469e-04 3.253478240428161073e-04 3.300207864167977183e-04 3.378252468673465371e-04 3.405905949381968960e-04 3.447166014853761114e-04 3.442276737029240780e-04 3.379624222108320794e-04 3.268566953416070361e-04 3.086740994509360857e-04 3.024843608440265334e-04 3.042480985725928150e-04 3.117637743098009592e-04 3.297164659527163783e-04 3.393529185129075644e-04 3.370894903723489528e-04 3.367927011893050073e-04 3.501265448924893936e-04 3.574797397694856431e-04 3.490403957242329018e-04 3.333154554378679637e-04 3.205907434014033074e-04 3.216753829622758768e-04 3.290988582606932541e-04 3.368280925669148076e-04 3.324082464927849705e-04 3.175084899080560545e-04 3.127989483782910290e-04 3.219120945697418390e-04 3.299782643818170887e-04 3.302952465739878796e-04 3.343269317384903140e-04 3.441328249015439679e-04 3.437150088971365793e-04 3.275300285525425221e-04 3.144325577167783191e-04 3.262707431717827176e-04 3.387151452369113226e-04 3.394389695323601691e-04 3.405279142194745116e-04 3.363762790551979957e-04 3.368197405846940764e-04 3.383726248320896926e-04 3.257716022318077526e-04 3.120170332275644083e-04 3.149408096388221757e-04 3.239115795036241470e-04 2.989491308976049977e-04 2.450340833346989901e-04
2.283359719406487611e-04 2.687365044906512364e-04 2.994317405440668914e-04 3.198918463317405197e-04 3.496961343930404050e-04 3.618514944883156935e-04 3.439499192210406170e-04 3.255477047695719446e-04 3.269925516003232679e-04 3.304738243243709886e-04 3.289025823846900096e-04 3.274656375944714516e-04 3.347552379313382086e-04 3.380516642521357918e-04 3.330661750831779080e-04 3.298219676914119179e-04 3.275684160665323337e-04 3.198462614947332971e-04 3.092085151481133469e-04 3.079346699744156231e-04 3.275723451737561553e-04 3.495453250042980390e-04 3.513923372663783039e-04 3.371432487480083371e-04 3.265315061473211258e-04 3.265237792341750740e-04 3.284788654565357503e-04 3.201851885658512048e-04 3.182285958521350374e-04 3.391863453194876327e-04 3.568352658123301628e-04 3.564630596656407063e-04 3.372831328456637394e-04 3.160562886631811379e-04 3.203162186112962348e-04 3.313118420274467233e-04 3.346672697584142007e-04 3.361458553292235056e-04 3.432824730035376887e-04 3.424483898252473572e-04 3.234619588930087632e-04 3.160837081661938062e-04 3.332039467446774612e-04 3.515053949522083110e-04 3.449248815825472310e-04 3.215960316130954443e-04 3.122020254990079380e-04 3.222658278799032678e-04 3.299682351193592941e-04 3.226398345960983932e-04 3.250769444973118389e-04 3.297512881170901167e-04 3.215122250025394214e-04 3.221958488979562163e-04 3.421336475742842338e-04 3.575332743899826255e-04 3.523105718968442190e-04 3.395332823562222145e-04 3.313756009051739993e-04 3.207646950547789980e-04 3.132853956224912082e-04 3.159682066586558128e-04 3.117509712100749973e-04 3.131976054804833814e-04 3.311770339292124574e-04 3.403464020525673967e-04 3.407563380989820810e-04 3.397739716239323807e-04 3.454993357742841163e-04 3.468815094183336353e-04 3.405466303542534429e-04 3.432106199356074489e-04 3.445577872034084714e-04 3.407710515047422239e-04 3.380367147489626530e-04 3.322300831009147490e-04 3.243777213595454355e-04 3.308499128212706412e-04 3.501472720399107061e-04 3.627621421173280315e-04 3.576208837358904645e-04 3.439828697358638960e-04 3.333653817076401770e-04 3.304210750252370129e-04 3.291933332688826283e-04 3.162364214837232613e-04 3.066592617180394719e-04 3.182414848729559452e-04 3.274703109596634621e-04 3.293608959345742555e-04 3.313802485536949212e-04 3.291501876595035554e-04 3.338701877205562220e-04 3.373989157067462533e-04 3.285007976227674381e-04 3.156076735435670326e-04 3.135508678090817613e-04 3.124413306965823675e-04 2.839196799424811065e-04 2.331667990650030590e-04
2.334139231959665283e-04 2.852770551518245810e-04 3.186193207174578199e-04 3.253880861948761291e-04 3.384566539983694029e-04 3.479607469636311623e-04 3.385782306444854676e-04 3.264506301233147936e-04 3.270698595672142089e-04 3.293570785965851434e-04 3.259751996710906919e-04 3.295765424308222001e-04 3.417166526242694513e-04 3.353296895754297310e-04 3.269662858295293564e-04 3.267471910657360483e-04 3.212710915293142734e-04 3.211469738554792409e-04 3.289127215222111705e-04 3.294924743176792315e-04 3.311636825033626233e-04 3.342896891302920941e-04 3.315452019793697913e-04 3.258282018825599431e-04 3.273842418417320871e-04 3.298301116826917725e-04 3.291460552690689398e-04 3.258568754864848678e-04 3.279906749559277461e-04 3.435941562190157140e-04 3.601702842645268369e-04 3.631799012533204951e-04 3.442357237391038848e-04 3.224983756812376933e-04 3.200471132918147931e-04 3.295092280157272497e-04 3.367332490835305784e-04 3.408944448241854131e-04 3.448352260788309365e-04 3.397496120765972267e-04 3.219319533496320038e-04 3.129393604953105575e-04 3.261826826171952470e-04 3.508279802422553748e-04 3.490060673655117273e-04 3.184188288550144621e-04 3.077985506953450886e-04 3.232541457175313899e-04 3.372372945431370561e-04 3.365199251270043217e-04 3.332259893087411926e-04 3.314933201548252097e-04 3.229070518157619034e-04 3.191842763469095201e-04 3.354107832217185624e-04 3.505404677704781558e-04 3.382817125436479548e-04 3.232787500236734618e-04 3.290221226334813813e-04 3.292396248858145847e-04 3.242030769776862824e-04 3.260042087520086986e-04 3.161724124210898274e-04 3.140043361685680235e-04 3.278881688673812079e-04 3.284226083771348914e-04 3.226897209980639594e-04 3.215501331460950433e-04 3.254575349031446976e-04 3.269871113784857445e-04 3.233644177007455496e-04 3.333427992186274030e-04 3.503919806958508349e-04 3.561384169052165508e-04 3.487702790282769206e-04 3.285441140921754356e-04 3.158328331279667829e-04 3.337455574642973636e-04 3.658601073875875618e-04 3.809115120651593170e-04 3.646281819383651230e-04 3.355646695449244956e-04 3.150368770483822538e-04 3.098997400986106335e-04 3.145969674933815196e-04 3.119585802881808803e-04 3.117571859501008747e-04 3.222764225142240495e-04 3.292798384577052054e-04 3.350462860702358900e-04 3.440280214625304495e-04 3.432248229820435625e-04 3.365303825224662086e-04 3.300576119096030941e-04 3.306480029309478660e-04 3.313473189824506530e-04 3.302299753770300919e-04 3.125667760694819143e-04 2.680568709125481027e-04 2.119866881823283971e-04
2.176882162991974727e-04 2.816670385995893302e-04 3.237552379363202839e-04 3.248124633263457209e-04 3.276110096336215961e-04 3.353317471803323271e-04 3.329322498565887370e-04 3.266802861579871540e-04 3.179761312788481229e-04 3.084375706291539020e-04 3.060919241490863384e-04 3.209764405818390761e-04 3.381294697862919545e-04 3.324052442082170433e-04 3.291626495637878800e-04 3.339607558443687639e-04 3.253386181499449623e-04 3.259623952213508251e-04 3.432405043525547559e-04 3.435583559888837632e-04 3.353694578413445016e-04 3.360116316287848574e-04 3.349869971031077705e-04 3.284389078558172851e-04 3.302799067753372717e-04 3.296587660984616670e-04 3.285961158851403606e-04 3.310225287756424564e-04 3.358380299950930849e-04 3.387044493893867614e-04 3.423642869377876616e-04 3.488049188358341630e-04 3.366784717786580009e-04 3.220232521844502462e-04 3.202910647872341714e-04 3.310528399556818052e-04 3.448906930684493511e-04 3.504185962432365513e-04 3.459223891115576171e-04 3.401883473343414129e-04 3.349136234518066703e-04 3.329730963608040729e-04 3.385036595453488179e-04 3.538637670895168489e-04 3.475029305363840255e-04 3.168694506893128060e-04 3.136316818241070272e-04 3.398040182753293576e-04 3.581677588434215324e-04 3.564004885725077440e-04 3.446665239996414033e-04 3.435521609435396979e-04 3.454190333960118885e-04 3.328491893683586380e-04 3.287006817858213964e-04 3.394941106930012865e-04 3.278480251897997319e-04 3.104788496735634866e-04 3.275286567463359154e-04 3.448728706885633224e-04 3.392864691016937457e-04 3.323274209951681884e-04 3.219715543592324529e-04 3.208655092346386541e-04 3.317133459078367439e-04 3.255087634448188254e-04 3.126364906460763729e-04 3.073540134176021787e-04 3.137686957886401591e-04 3.208655311040373073e-04 3.194098147267358280e-04 3.246071049135587205e-04 3.475577208412281992e-04 3.650521064873635648e-04 3.550116017137803842e-04 3.277951714298945056e-04 3.149448650939139834e-04 3.262844267069429818e-04 3.500666532934127535e-04 3.645465557873708677e-04 3.473031553577589706e-04 3.179584843744387998e-04 3.006877258426280297e-04 3.012142079694681506e-04 3.117713815685710854e-04 3.153150291012236407e-04 3.120523914682222589e-04 3.158140041932387828e-04 3.302481818340003306e-04 3.438475751625770602e-04 3.525268915579189959e-04 3.485483624607435592e-04 3.309020535337598877e-04 3.139927877672935345e-04 3.254565848342431630e-04 3.457160993244932186e-04 3.486777422534347503e-04 3.186259704239010736e-04 2.601457767455621134e-04 2.027670769070513571e-04
2.149894943018655093e-04 2.800970090725981264e-04 3.262120519951672726e-04 3.317224060920776147e-04 3.299475907706584440e-04 3.259659510002452416e-04 3.261639644438374831e-04 3.318859430130186635e-04 3.191348202004272135e-04 3.010252246269809820e-04 3.014637808685503460e-04 3.194385519101512749e-04 3.314984785357090544e-04 3.298820231730952620e-04 3.339565890585591995e-04 3.423257446089385671e-04 3.367100340201639036e-04 3.342825515107891677e-04 3.438766612999700914e-04 3.438130005478042027e-04 3.413461626305522756e-04 3.444656369004796921e-04 3.449119496444448324e-04 3.373409012691503403e-04 3.332587441992261286e-04 3.262986185290155886e-04 3.242011315128974502e-04 3.294802855735015829e-04 3.374182455040279421e-04 3.379822501022117448e-04 3.352980808402231203e-04 3.361896708615040737e-04 3.212214359949944545e-04 3.079513215690635793e-04 3.066680696148407596e-04 3.200174203303744790e-04 3.382874265702708006e-04 3.425956655031999745e-04 3.373411441061337180e-04 3.404642040616589669e-04 3.455592213723409798e-04 3.441811747441730603e-04 3.404343153786272124e-04 3.469647831469250296e-04 3.456974040272799012e-04 3.322548336524129781e-04 3.409113560730084834e-04 3.659034696981530894e-04 3.696781565823589700e-04 3.558971655903461610e-04 3.402450936002846742e-04 3.482378183935219977e-04 3.640316859465935373e-04 3.474533736776887899e-04 3.319436946384058404e-04 3.441793853132443229e-04 3.386744020984962266e-04 3.198438516461990858e-04 3.277684615817534879e-04 3.471279814709623624e-04 3.473515991264884131e-04 3.404991743506425596e-04 3.421718898696283974e-04 3.483195808866313683e-04 3.498019276975646084e-04 3.349564815220947359e-04 3.213554822521709790e-04 3.127575272670095547e-04 3.163615254005290481e-04 3.178181051208047326e-04 3.127690258639880482e-04 3.187597690190301526e-04 3.397381184460320815e-04 3.540452038860527240e-04 3.437519499083812246e-04 3.256670708376740758e-04 3.212027490524465125e-04 3.234433442053604758e-04 3.324501463196675674e-04 3.424946051008059865e-04 3.317885365364638735e-04 3.156644671644703620e-04 3.125949150575387707e-04 3.217065355957406635e-04 3.337685812357898247e-04 3.344756456185498717e-04 3.180009556611479589e-04 3.096995124562886437e-04 3.289049632958670989e-04 3.487333558176854793e-04 3.467291822516138590e-04 3.331530290299917216e-04 3.171203416931947343e-04 3.043867108964589101e-04 3.206000180836691515e-04 3.495029767152449396e-04 3.542312242102742519e-04 3.209183575347176586e-04 2.586146919348926302e-04 2.021986112132991074e-04
2.301006754359263015e-04 2.910983617022372232e-04 3.272556219024397393e-04 3.328093209192470054e-04 3.336639286990077178e-04 3.282000630569864531e-04 3.337287449255974849e-04 3.464973042947887749e-04 3.343099600395032719e-04 3.182538788405497084e-04 3.182146308835945379e-04 3.276003552859840578e-04 3.269429218133056885e-04 3.222398122660954109e-04 3.294912306161417500e-04 3.383724601567092644e-04 3.359099068236452669e-04 3.351809072977540434e-04 3.427343042722195911e-04 3.456082048520894628e-04 3.476397181862583038e-04 3.479344224264458666e-04 3.464614797884410210e-04 3.487247805605317007e-04 3.497497129701439712e-04 3.385731713706133369e-04 3.319557791652493991e-04 3.331199944319935581e-04 3.306388990492831149e-04 3.310753539475125317e-04 3.394753147723962973e-04 3.339285594625767892e-04 3.122699960399994497e-04 3.023787278123224107e-04 2.994073879131621107e-04 3.138380295738688389e-04 3.374448917413589268e-04 3.433973760785081304e-04 3.356999495102154204e-04 3.373504897236039414e-04 3.401107502607081281e-04 3.353096121675939578e-04 3.281146929383263033e-04 3.279443691670071203e-04 3.309169923117562576e-04 3.313397537891853606e-04 3.459762454951055902e-04 3.695111241488657685e-04 3.693981257802474399e-04 3.496623111357680157e-04 3.270749591226391724e-04 3.336444651143830086e-04 3.525264625778164705e-04 3.395251478057220067e-04 3.286537340535754508e-04 3.438759949321915890e-04 3.424816262049416903e-04 3.260376891715407403e-04 3.266257523402506290e-04 3.436552179638090046e-04 3.448109562576838504e-04 3.377010615528011433e-04 3.509737965393353335e-04 3.629109399546068585e-04 3.541267122334685637e-04 3.371818206523824035e-04 3.299354146448351278e-04 3.230132291019679525e-04 3.224236052512883914e-04 3.169976748210836300e-04 3.142997664836327831e-04 3.263531322755992576e-04 3.432217173789573438e-04 3.447715564647644681e-04 3.265492831667764651e-04 3.174149403553621750e-04 3.252370600841767594e-04 3.261508236022408634e-04 3.265145212063151657e-04 3.354780965015818472e-04 3.322729492479874983e-04 3.217212326213724871e-04 3.287588438932988947e-04 3.465420181543039371e-04 3.527628214535658219e-04 3.449488427584538209e-04 3.264268460967978706e-04 3.230883968355753805e-04 3.441680606076854849e-04 3.578778010594613201e-04 3.417601493556184566e-04 3.159400397696020680e-04 3.018087207621299737e-04 3.002574600742032441e-04 3.188332212711203787e-04 3.469043821873260417e-04 3.494443532866721306e-04 3.175516177779037666e-04 2.591572337668380122e-04 2.007057336776417217e-04
2.312408957470707166e-04 2.848442557314238019e-04 3.158146844386960765e-04 3.271312501238526557e-04 3.411779485259526772e-04 3.464680838366265012e-04 3.486344028322942244e-04 3.510391339784289756e-04 3.402024998016458233e-04 3.311363184133803476e-04 3.261551275230833579e-04 3.284636228637146825e-04 3.307602605338745691e-04 3.238980820379393569e-04 3.260068382110433219e-04 3.365011089469424057e-04 3.368923154535160506e-04 3.303069681483468021e-04 3.357095902743307235e-04 3.377464114890511545e-04 3.318723503585272209e-04 3.314332535103813168e-04 3.326108911628153104e-04 3.429065515486275431e-04 3.484138790742517052e-04 3.358997781756798903e-04 3.338723514568995307e-04 3.379035616269664708e-04 3.275171876507771210e-04 3.263770340883789117e-04 3.467829713448498377e-04 3.418472791327146045e-04 3.198975644719149873e-04 3.209484222984600264e-04 3.220552240927852545e-04 3.299297382827823667e-04 3.456779816644426229e-04 3.514830950324355704e-04 3.419021495583254074e-04 3.378331293089992205e-04 3.355458248263506939e-04 3.272529818330656860e-04 3.215549622735584616e-04 3.186999784673355627e-04 3.165790287713650571e-04 3.122995562610268098e-04 3.183880385835125395e-04 3.408103547978161112e-04 3.551529563792315235e-04 3.458853784879382422e-04 3.248103912910602379e-04 3.207838432791970630e-04 3.296441335909790216e-04 3.222166289015753003e-04 3.202511136441490709e-04 3.368212329228118494e-04 3.329989873242360796e-04 3.137229904458123907e-04 3.210137156738412456e-04 3.435098452238483026e-04 3.420826762793987012e-04 3.352381787399497256e-04 3.474347503956353670e-04 3.589861129305467989e-04 3.519078601531304071e-04 3.419775008847038668e-04 3.369449535928045920e-04 3.302100578341695802e-04 3.299779261581305091e-04 3.296023810022987409e-04 3.318815489636285860e-04 3.358602053995160801e-04 3.429459160692798847e-04 3.450625730661927362e-04 3.308392811558519991e-04 3.202952699255091993e-04 3.269052771264083028e-04 3.347818635907782937e-04 3.395067761211367037e-04 3.424793579123707192e-04 3.301071316638075175e-04 3.135595275412457516e-04 3.233903649163304486e-04 3.469709213760422957e-04 3.510757308886828642e-04 3.383580817714715132e-04 3.250485027946548510e-04 3.360237629800734535e-04 3.580416449798162152e-04 3.625315541998154088e-04 3.438111205297808906e-04 3.145504744368152216e-04 2.990884526245373310e-04 3.067796896681104606e-04 3.262185369262749521e-04 3.461221263805907026e-04 3.441645443839294214e-04 3.132234471751581826e-04 2.603023664726757894e-04 2.018041462822106906e-04
2.216255892211888012e-04 2.732684702902163430e-04 3.072282022858610151e-04 3.241666815400958161e-04 3.476298409168151462e-04 3.611087144141545292e-04 3.568939906438089006e-04 3.466715244357037413e-04 3.353281620050881356e-04 3.268057022034340166e-04 3.206831467028098317e-04 3.279544443520378966e-04 3.415919520648010499e-04 3.339411833530854610e-04 3.214347058834559614e-04 3.257966318047646973e-04 3.336896804462300922e-04 3.292308400369644856e-04 3.285700781336419515e-04 3.265550701604265880e-04 3.158288357468739269e-04 3.154350871629513675e-04 3.199906373880424424e-04 3.292143602080760227e-04 3.313899030821488515e-04 3.198721790933454221e-04 3.226709015274080092e-04 3.293525133677037485e-04 3.217442608042193680e-04 3.223606583721822351e-04 3.441829400833998570e-04 3.500041705701016138e-04 3.404796479583362687e-04 3.454489996178360329e-04 3.463331616765588520e-04 3.457845979908533087e-04 3.488430923669338110e-04 3.499782700978456488e-04 3.413358896881077019e-04 3.349132460087691793e-04 3.351427179510394101e-04 3.306037702218275667e-04 3.301684738212097396e-04 3.321024173827048136e-04 3.286649467647029818e-04 3.173511885949087375e-04 3.112356633402844864e-04 3.240834898643646963e-04 3.413007560359440293e-04 3.412918216367695490e-04 3.326221420696595047e-04 3.232576903278498140e-04 3.213417865971517247e-04 3.174508270296252758e-04 3.211013183472210489e-04 3.362583467154062547e-04 3.319750786846961069e-04 3.125926598623631467e-04 3.222680824121838057e-04 3.440164142517774062e-04 3.426896829673529987e-04 3.411286364002251653e-04 3.471665492103804510e-04 3.539128745418700832e-04 3.552389413376314496e-04 3.532762136618339092e-04 3.434044372074022879e-04 3.318268257851340842e-04 3.337734571943720870e-04 3.442858213419680720e-04 3.496003690419622321e-04 3.440327577828045796e-04 3.398533477591985947e-04 3.424348926794042137e-04 3.456100216450106464e-04 3.364330731082969999e-04 3.250929024042704734e-04 3.342221809682812805e-04 3.495129598493509990e-04 3.441998207499046198e-04 3.152434064228530988e-04 2.903395382602430986e-04 2.969734648399840679e-04 3.230260831732030460e-04 3.347803698779183495e-04 3.250998999076086895e-04 3.149134254521490954e-04 3.343375284692577556e-04 3.563915233573417950e-04 3.543785485095370807e-04 3.412105859434269107e-04 3.247105006252845268e-04 3.141516203634060799e-04 3.206141790464361960e-04 3.301577643222262546e-04 3.366231377019911187e-04 3.342239135640583071e-04 3.143238604725675806e-04 2.694045688660902989e-04 2.090306351781863838e-04
2.266513187383404314e-04 2.794597105517559652e-04 3.040417710708383215e-04 3.111606548083204089e-04 3.343062928717987874e-04 3.516263511187752333e-04 3.498787888579441094e-04 3.406267985927832254e-04 3.324744947135133480e-04 3.211008909453914092e-04 3.229444053048130710e-04 3.421807671357104041e-04 3.508319394022077313e-04 3.381434884572744699e-04 3.182062416918937349e-04 3.079311654602375826e-04 3.164871400837793820e-04 3.265652376882091906e-04 3.300504699460790397e-04 3.290582793586861060e-04 3.253877901347639393e-04 3.232467980793257310e-04 3.217188079469141503e-04 3.214574367228929114e-04 3.176497390119317624e-04 3.141693976846949557e-04 3.241505398335763240e-04 3.306741346750995624e-04 3.247687514512993161e-04 3.267871028993919562e-04 3.428964319951655288e-04 3.549665934814826701e-04 3.565604073968121554e-04 3.532208882581603943e-04 3.468967030911395289e-04 3.476736625124023637e-04 3.528242145617746604e-04 3.490548075654572235e-04 3.340048294872899402e-04 3.222869857115227919e-04 3.286029040930394155e-04 3.334622880671185802e-04 3.382321161585043071e-04 3.462329908493765344e-04 3.491671540762215616e-04 3.390995757389770422e-04 3.297608461294460362e-04 3.346071381446072478e-04 3.433297379872809509e-04 3.408245725107677312e-04 3.353927465449750935e-04 3.242993126496190913e-04 3.195893851614334605e-04 3.224616254606493251e-04 3.307587649291857546e-04 3.366033123490947115e-04 3.299805388891107524e-04 3.199035576079200865e-04 3.261817357262535065e-04 3.375753283817406426e-04 3.336804084860136134e-04 3.318722583351178205e-04 3.359953814723597339e-04 3.389686829037497008e-04 3.452936329318975284e-04 3.474129219732951948e-04 3.337829916958428189e-04 3.212117563072469303e-04 3.291684539813575692e-04 3.491619182335451484e-04 3.589955047161143080e-04 3.537993719813063449e-04 3.390636014705384303e-04 3.293007041021432700e-04 3.384344402685554240e-04 3.357438373445546971e-04 3.197873171428815427e-04 3.320124288667596155e-04 3.556398292556104020e-04 3.505233968331126940e-04 3.202248267671539000e-04 2.931439529348528212e-04 2.941313953852468343e-04 3.175051225669962016e-04 3.281138693251885435e-04 3.198351433146386699e-04 3.141370941523191108e-04 3.289095543550264061e-04 3.402067835710404246e-04 3.312339971694408828e-04 3.246897831012696698e-04 3.302781103470528229e-04 3.334723884835999116e-04 3.345133758285623229e-04 3.312807272180654829e-04 3.271508446203395533e-04 3.276366892102268859e-04 3.209837889581063650e-04 2.802495833083044289e-04 2.167156641863966381e-04
2.402039892264520588e-04 2.905123605931463114e-04 3.025537439251880546e-04 3.004744657870482647e-04 3.202724196417844555e-04 3.416624078397782890e-04 3.419028579949603920e-04 3.334318814656173210e-04 3.307391492019969817e-04 3.239966575896402988e-04 3.391779209769812779e-04 3.610137842740958423e-04 3.510012273176473809e-04 3.348525852980234387e-04 3.239169237496515802e-04 3.059094952325081473e-04 3.076260244076834197e-04 3.261305283020698390e-04 3.383326597177686401e-04 3.404605507433908370e-04 3.473350569030639063e-04 3.525661177265159395e-04 3.452776919082194747e-04 3.362739213195191541e-04 3.299474859846954428e-04 3.328886714216625596e-04 3.441171495692531539e-04 3.480125523941941627e-04 3.389973410438120675e-04 3.324755191310205509e-04 3.343758067868408219e-04 3.431046024047545518e-04 3.477305955263769975e-04 3.391076446435082291e-04 3.339573378958464629e-04 3.423770090317023525e-04 3.495604572476829750e-04 3.403872248335080859e-04 3.249181875996420875e-04 3.124341723312625387e-04 3.180010401721847452e-04 3.261767134222123268e-04 3.321179827454035470e-04 3.421626416095171650e-04 3.533687242584290095e-04 3.532755581598047336e-04 3.485128794166812813e-04 3.453950146076944713e-04 3.409447630341279952e-04 3.335904569053141843e-04 3.242598732245113901e-04 3.128077632391287064e-04 3.171980274593816460e-04 3.348926078424907418e-04 3.478230524354496795e-04 3.427491514793769420e-04 3.284655314035134308e-04 3.232553206419804090e-04 3.258840791126871848e-04 3.298523754940589680e-04 3.254910822039823546e-04 3.182154339977705032e-04 3.243347029838385825e-04 3.304572232120890412e-04 3.288263059640954213e-04 3.213040248039614145e-04 3.119539047014679967e-04 3.086311836233621413e-04 3.212706355913700273e-04 3.411463095310804166e-04 3.522398376518487764e-04 3.482412965552673782e-04 3.288893928928018039e-04 3.175536751745066224e-04 3.289865791678993736e-04 3.329652114012908492e-04 3.286632404615158053e-04 3.453307630384368264e-04 3.689268473195672637e-04 3.662301456904718346e-04 3.427535529161981811e-04 3.267784528211091759e-04 3.293016819861578105e-04 3.403829196361688337e-04 3.393817839844190864e-04 3.336484531157208082e-04 3.308845752695883523e-04 3.262763129257147642e-04 3.172260977964256766e-04 3.079912969196273663e-04 3.130240708279733320e-04 3.372460751781076928e-04 3.508659161977912546e-04 3.457119727733451225e-04 3.341568485364987190e-04 3.269172798162153651e-04 3.281390803858001996e-04 3.213676834554228729e-04 2.822708180081902568e-04 2.239523859621359763e-04
2.553707366829944896e-04 3.035076716329629561e-04 3.160834498204203214e-04 3.191246153402106460e-04 3.347317992863636077e-04 3.484369537716069769e-04 3.396141896793558991e-04 3.268104999455161619e-04 3.269552880422538698e-04 3.232133563351477328e-04 3.404721117833699705e-04 3.542513647955409769e-04 3.352166237275278483e-04 3.259124981667662810e-04 3.298776937345541905e-04 3.178974893062494174e-04 3.118847761738885731e-04 3.213294277798765439e-04 3.332658848778501538e-04 3.368929839683934037e-04 3.447027242986359409e-04 3.554916883610566747e-04 3.558819801096334843e-04 3.553778842080587501e-04 3.521526635375165433e-04 3.489839421379949819e-04 3.472744531666264664e-04 3.480393601681284685e-04 3.432131980933637427e-04 3.312126054541461280e-04 3.182402372727670425e-04 3.192646886363348434e-04 3.254269371717435542e-04 3.233014092642225146e-04 3.254236614660441880e-04 3.347841621995807778e-04 3.376037308484345191e-04 3.282985089261592241e-04 3.218951504936004310e-04 3.136077710376905438e-04 3.154102826569269075e-04 3.253833230452225149e-04 3.335938738309961443e-04 3.376447226531311373e-04 3.410777423900309205e-04 3.476173839928021168e-04 3.574339979141411233e-04 3.533761287435796799e-04 3.342943683411525092e-04 3.269043809226263269e-04 3.224932091473100703e-04 3.099363638521390870e-04 3.145052780802378985e-04 3.342471550337079039e-04 3.490246151276271366e-04 3.446713986611262535e-04 3.305433016199779456e-04 3.248852081133189675e-04 3.279753890861386773e-04 3.369318336310609405e-04 3.366322919544670160e-04 3.193966317140118326e-04 3.203366967689171441e-04 3.354250707331017569e-04 3.314034414103577807e-04 3.125995976118311082e-04 3.059300315916684021e-04 3.068002217498850864e-04 3.140762752070043679e-04 3.269291596187080080e-04 3.374904364147623698e-04 3.392845917261092729e-04 3.301919161534843175e-04 3.307873712746180672e-04 3.425746122212748731e-04 3.397633746674473283e-04 3.336339810401657254e-04 3.453015122608133099e-04 3.637525046499469491e-04 3.635166505613874558e-04 3.432870401174424168e-04 3.412040430418612075e-04 3.502956882369836046e-04 3.491964462932816500e-04 3.472665079420556499e-04 3.505961832884261055e-04 3.471706272997011683e-04 3.287587014995585954e-04 3.074508605632058928e-04 3.036774907834608817e-04 3.220236885780185547e-04 3.562169881528852206e-04 3.686656869639375663e-04 3.512541601634072306e-04 3.308371509240141213e-04 3.191790412792601221e-04 3.179372296481726727e-04 3.092800421695572274e-04 2.753522201683323797e-04 2.250829200245747915e-04
2.517700331387500551e-04 2.996074337895080777e-04 3.223955290854627303e-04 3.433374371595971871e-04 3.608729405826540098e-04 3.580035794876653397e-04 3.368107567098960198e-04 3.172170241703536073e-04 3.136397735618497726e-04 3.128147648094297805e-04 3.268205310275907336e-04 3.324415950595195060e-04 3.132360897925830310e-04 3.058301732326152008e-04 3.216808554758307688e-04 3.350867547709707227e-04 3.296808756085414576e-04 3.176638379183533388e-04 3.201883229561415436e-04 3.247379268186018639e-04 3.235301407003746241e-04 3.254829451701759429e-04 3.380398307026368258e-04 3.556959091512091795e-04 3.575118626189982855e-04 3.449618371811355791e-04 3.316276865387734508e-04 3.290822952362355966e-04 3.305856844682483493e-04 3.295945412131755150e-04 3.166161006955956663e-04 3.085721825244022894e-04 3.150769662673288084e-04 3.203087912169249284e-04 3.190424173780235942e-04 3.171576212173332025e-04 3.219553029741038298e-04 3.285537246954592242e-04 3.339212647047808168e-04 3.274823944755825495e-04 3.245020993169165659e-04 3.331367378575085351e-04 3.403383173886986358e-04 3.333689494272910284e-04 3.197069349826463778e-04 3.234738030074034215e-04 3.444539512474928205e-04 3.480202650012439222e-04 3.246876049394521995e-04 3.222704178410412158e-04 3.340086297342058667e-04 3.289099418016121798e-04 3.255551313644779393e-04 3.303663247978666766e-04 3.409759329361720351e-04 3.392114769650974248e-04 3.307853631951369411e-04 3.299110624350508423e-04 3.360214187195278415e-04 3.441309687406720447e-04 3.449963368812069327e-04 3.296131935575709890e-04 3.270647411129911373e-04 3.441633894075617835e-04 3.442402029280353755e-04 3.226489644363608831e-04 3.123070323775564228e-04 3.100961941366423024e-04 3.134996324454156062e-04 3.264220280268742645e-04 3.355064202557006374e-04 3.393490872770073643e-04 3.410118620726725839e-04 3.474929712937022868e-04 3.542211145775873765e-04 3.430056684704179759e-04 3.302528269890101583e-04 3.339181858204173185e-04 3.435085491587763599e-04 3.443289616168588685e-04 3.297343065216204070e-04 3.327348898051526310e-04 3.412695462936226991e-04 3.379434696976418373e-04 3.432098369397879002e-04 3.473581705729507601e-04 3.423063605072739477e-04 3.325533254814552904e-04 3.147601870966305350e-04 3.082769027617369073e-04 3.286220055807397402e-04 3.594940508640933436e-04 3.677607370636121458e-04 3.506541589872791192e-04 3.279972758721292963e-04 3.115378375517365928e-04 3.115791600296012034e-04 3.034459752702895548e-04 2.654905007785252633e-04 2.140106985794626882e-04
2.284274788160315154e-04 2.790563381171761500e-04 3.103771163782549874e-04 3.419939498399495489e-04 3.649579301280465328e-04 3.592215376672264508e-04 3.377817345121884819e-04 3.149040780918640494e-04 3.110683902720348063e-04 3.203816035113269669e-04 3.366552574801665769e-04 3.374924653487202785e-04 3.186883870788925072e-04 3.057686164803737928e-04 3.199236658263078861e-04 3.466467461727889090e-04 3.460316474131317930e-04 3.299162789439860502e-04 3.237018507067137554e-04 3.187554315995108981e-04 3.079031223720485799e-04 2.956490608685258649e-04 3.091256416467649554e-04 3.343104648160439337e-04 3.424350536034693028e-04 3.371856937996017454e-04 3.265027144480299242e-04 3.171827609808928290e-04 3.133258811501013832e-04 3.242229308179423505e-04 3.268108646509075370e-04 3.204140754586698968e-04 3.231003464732601772e-04 3.285097900356539168e-04 3.209271885237934040e-04 3.063281646855398619e-04 3.105884612887149505e-04 3.301073833632844250e-04 3.441547286347788675e-04 3.431395721545852208e-04 3.422277489477643358e-04 3.414924200686465230e-04 3.344621483301734449e-04 3.177530822951448114e-04 3.013780647001617187e-04 3.074156379971513219e-04 3.257269252384180315e-04 3.319729136640501102e-04 3.171825324348772745e-04 3.190962730515812867e-04 3.382864535306786494e-04 3.437809973146821376e-04 3.428064454300254623e-04 3.372911681885530167e-04 3.331258868738122699e-04 3.244821653532968791e-04 3.263046617946480793e-04 3.428089625361903478e-04 3.525834280360611397e-04 3.466320087785925829e-04 3.388151995738736093e-04 3.317690549660936216e-04 3.359446802304644794e-04 3.483409644941252341e-04 3.453813908117054450e-04 3.280210051185278438e-04 3.171844981212232286e-04 3.149084690207081504e-04 3.238753438568461526e-04 3.453014354838947197e-04 3.544112561653932651e-04 3.474150455535483534e-04 3.407646299457545960e-04 3.415651598294604848e-04 3.450812558096719596e-04 3.368363265529921921e-04 3.276852478811746565e-04 3.277273380636611458e-04 3.261591323027409933e-04 3.288347288633751073e-04 3.275234058187046242e-04 3.269544280762505138e-04 3.263869366512190577e-04 3.286142155019999476e-04 3.416061881095903453e-04 3.386812693632464621e-04 3.249756742701568777e-04 3.228158415069159667e-04 3.220701305631134192e-04 3.178710258438023108e-04 3.262346781922806620e-04 3.424708340971372713e-04 3.542251790471118850e-04 3.550854150412682732e-04 3.387629282233227965e-04 3.170989414561669099e-04 3.148780489813695141e-04 3.049078609345314429e-04 2.539298281141705131e-04 1.917242984919733761e-04
2.080879914493836665e-04 2.646071371513589372e-04 3.002483468914786792e-04 3.252878980229489221e-04 3.499343930913209827e-04 3.567100812479045546e-04 3.446235076558176215e-04 3.169968080729020478e-04 3.058637170090423851e-04 3.245163189681131064e-04 3.573628334312060049e-04 3.673940458061602968e-04 3.513733873795690538e-04 3.358072809336469836e-04 3.359055530806058943e-04 3.457806461254753477e-04 3.441299530576715578e-04 3.408294042067761898e-04 3.333431498316418817e-04 3.132514870980555887e-04 2.956083873013574275e-04 2.817151679221177618e-04 2.939674728447241089e-04 3.157616726871375614e-04 3.288147002614979575e-04 3.362877317002455871e-04 3.278268520849951474e-04 3.119339967146258965e-04 3.065292101867979715e-04 3.234856997814152522e-04 3.411608197057927920e-04 3.405906477219498504e-04 3.327799471837745082e-04 3.346038025740667157e-04 3.300698470001400559e-04 3.170249618122520817e-04 3.189730113980753651e-04 3.319307658063542859e-04 3.414496870379595808e-04 3.482904035981738847e-04 3.561094282847779920e-04 3.461892258050375390e-04 3.229069794788169299e-04 3.052039742209960689e-04 2.994647370536478149e-04 3.118088313198625109e-04 3.241390193593724303e-04 3.247870561498923453e-04 3.167341600690241638e-04 3.204754608622791901e-04 3.293486256314007762e-04 3.323541324518250982e-04 3.452451622272030172e-04 3.527470059128031679e-04 3.407367753616468071e-04 3.200383368013947445e-04 3.228624696777060562e-04 3.485301901597337155e-04 3.602344897709678891e-04 3.510198687093576443e-04 3.403942739210336359e-04 3.305985973306314451e-04 3.344224851416898597e-04 3.445544129371737752e-04 3.397502061872777462e-04 3.286056757033020562e-04 3.213752462889607887e-04 3.217542762318625210e-04 3.331183708722659266e-04 3.540475247481848667e-04 3.597842611276860260e-04 3.426746541826633952e-04 3.251232738650030197e-04 3.248522475349211488e-04 3.339096806675107628e-04 3.344369036709555782e-04 3.355223808627974535e-04 3.359807376413760866e-04 3.264624250991910023e-04 3.301343687817217881e-04 3.380871911457911886e-04 3.311246124941587677e-04 3.183945924960420847e-04 3.213770153291722539e-04 3.359554392242982941e-04 3.289097332140517070e-04 3.151953292554549252e-04 3.199952232785049531e-04 3.364438173911278368e-04 3.399024706070591807e-04 3.284177974595374884e-04 3.189577568933949403e-04 3.296760996749428796e-04 3.488377305431629720e-04 3.487621964800716526e-04 3.314955654075215394e-04 3.259285008088531150e-04 3.160368376535068954e-04 2.637720818981561795e-04 1.939906283335464930e-04
2.090094108834598149e-04 2.726446304081601361e-04 3.081632746633907426e-04 3.149120780735284735e-04 3.327931012746659098e-04 3.527023066261678009e-04 3.544106086312500976e-04 3.258218498768427392e-04 2.982232486007964909e-04 3.099530436435335217e-04 3.509633856913499860e-04 3.734771728786511619e-04 3.622707306819397980e-04 3.451661969713367513e-04 3.285088385224818434e-04 3.204330398257556082e-04 3.263809205421653106e-04 3.397483608862448927e-04 3.423468763867240877e-04 3.204819097460249425e-04 2.951694206408271483e-04 2.879563744890020023e-04 3.084757367839540548e-04 3.270025411668709293e-04 3.339758623663404737e-04 3.382134565605740377e-04 3.305454427483354041e-04 3.210244324378262650e-04 3.232176644720972372e-04 3.353152526332611912e-04 3.508772531126297953e-04 3.517229762426732397e-04 3.408148628760544556e-04 3.445093250940525938e-04 3.444972472842893233e-04 3.354765730764827777e-04 3.355881828263024909e-04 3.352279918958650387e-04 3.355062344994948643e-04 3.457744029738785228e-04 3.519895426891522230e-04 3.323322443293837266e-04 3.072278679651300852e-04 3.033463684574123865e-04 3.177679827586565127e-04 3.388053757322857448e-04 3.482357577943882366e-04 3.364649194166851156e-04 3.192130899118233154e-04 3.178850859704475135e-04 3.198977062870980107e-04 3.225408710676683113e-04 3.444485914205014593e-04 3.619040933586213128e-04 3.486467375810178913e-04 3.226829186333666664e-04 3.179892551389774035e-04 3.319833283225727925e-04 3.372494149167442690e-04 3.399492953333745982e-04 3.426311152562838257e-04 3.254480686117104888e-04 3.154597656931789761e-04 3.274964339756398580e-04 3.342565682484436402e-04 3.364851894869511149e-04 3.355469650558367189e-04 3.319859123615771573e-04 3.339323723511951249e-04 3.448422011282480516e-04 3.452979762929515905e-04 3.299903002834854719e-04 3.181401829452605167e-04 3.238793641224428166e-04 3.352293429667774129e-04 3.370268129240821977e-04 3.430851317159582621e-04 3.467952143749886292e-04 3.400348626213834670e-04 3.423502307243655573e-04 3.501095825620353192e-04 3.438321123024030241e-04 3.268830042438280884e-04 3.257781163038776448e-04 3.298863513580741922e-04 3.223012326602003397e-04 3.241167477279697086e-04 3.457370079320958847e-04 3.668284956466636099e-04 3.617132996231924112e-04 3.284629426490344190e-04 3.019780708184696336e-04 3.080893170400893829e-04 3.326061614957993113e-04 3.458314728897929195e-04 3.406033437435132321e-04 3.339604890417725803e-04 3.243603867747625992e-04 2.835506738034051957e-04 2.173704524904610761e-04
2.082811286168187405e-04 2.778560602567202312e-04 3.204914195041577620e-04 3.222385397536568904e-04 3.302582282456699718e-04 3.458893793611672032e-04 3.521603103179033888e-04 3.367217767919089035e-04 3.064295945080337206e-04 3.035950888102142108e-04 3.290244764080923643e-04 3.490858020096219722e-04 3.492268785477841168e-04 3.390796846916128114e-04 3.170072104608251005e-04 3.040387996489349234e-04 3.195903241410885036e-04 3.409937639523216431e-04 3.535157760324839256e-04 3.439467810499174808e-04 3.178625335766218241e-04 3.114184408317901718e-04 3.344595786644781552e-04 3.525366265600013383e-04 3.486113176086949594e-04 3.412523955107023190e-04 3.349757925328933675e-04 3.312576701420928628e-04 3.368129894476091591e-04 3.390805839648825394e-04 3.460659443186777252e-04 3.478779186900834422e-04 3.388261130151514074e-04 3.453858462151116284e-04 3.487370531403098661e-04 3.348774827898317935e-04 3.248872158639417879e-04 3.210728048406674652e-04 3.298835119914456581e-04 3.510428656149851582e-04 3.533527594344613087e-04 3.239141621925125834e-04 3.025410751296285679e-04 3.101748583444532146e-04 3.384005163152432579e-04 3.654264114198021648e-04 3.764710790186360568e-04 3.591384836390352359e-04 3.291986763667906473e-04 3.139811446505169482e-04 3.102246237624664321e-04 3.191069034539842494e-04 3.439858785819405922e-04 3.578301321963632932e-04 3.439012822185048856e-04 3.237227824820868580e-04 3.157227638525618744e-04 3.177926271163111467e-04 3.185606278061641101e-04 3.291372090070714324e-04 3.382276779743703015e-04 3.150407269785573689e-04 2.959127245056168590e-04 3.156215517392560411e-04 3.428957092436504253e-04 3.558981396944669315e-04 3.556713822219102674e-04 3.387100951970856621e-04 3.258935476665827165e-04 3.325596757709659988e-04 3.339202861546104522e-04 3.231226948066822551e-04 3.216333251848112499e-04 3.317391517061098628e-04 3.385809636569278016e-04 3.399388085335960019e-04 3.470648400534133426e-04 3.476933290854123423e-04 3.390454415293493815e-04 3.369781827239851785e-04 3.448307830395756887e-04 3.523361005104467224e-04 3.467962049275873961e-04 3.431608834172796647e-04 3.338617834000002192e-04 3.259888584515549959e-04 3.399845474531992449e-04 3.721051872712342889e-04 3.867766565484719184e-04 3.639101427841190590e-04 3.183272975066911881e-04 2.992945442118163154e-04 3.112016993460688932e-04 3.288943135903116353e-04 3.411663651958699158e-04 3.482336620325746871e-04 3.469890822923516653e-04 3.319080760884508688e-04 2.914656832945589299e-04 2.285580881294811326e-04
1.853849389854491541e-04 2.602607593743813067e-04 3.190361408099280888e-04 3.365121944843132225e-04 3.436228145027807844e-04 3.463596227158630006e-04 3.475841794168946014e-04 3.495768716802069532e-04 3.308185615708465494e-04 3.187823745298693423e-04 3.204616866782562692e-04 3.252785073244252251e-04 3.387737211260195250e-04 3.449334231293259148e-04 3.303953900408851526e-04 3.178725726677475005e-04 3.284454941509782917e-04 3.422358152701094301e-04 3.548099723619192649e-04 3.600813222845555394e-04 3.466073106434108125e-04 3.336273888717632098e-04 3.395060078456838448e-04 3.516169766330590543e-04 3.430041348660240537e-04 3.349022020328962040e-04 3.342281665756853190e-04 3.327422907399940036e-04 3.358800977366442880e-04 3.294221487634362532e-04 3.335695666479102659e-04 3.404983739042702351e-04 3.316649695547787624e-04 3.324302357326412933e-04 3.352159190886692475e-04 3.243673694929075091e-04 3.133906237184126177e-04 3.131254647907888997e-04 3.307689617826609476e-04 3.550519184768101779e-04 3.539195567643402089e-04 3.277118928315393394e-04 3.218060294420410920e-04 3.348272210719853686e-04 3.586564669700626103e-04 3.763275788665941752e-04 3.823970547726387136e-04 3.679683764861968031e-04 3.402131659388263904e-04 3.226287490718293465e-04 3.108656466898171065e-04 3.158049809479486708e-04 3.372535634939888066e-04 3.442459825372267855e-04 3.370875668535581993e-04 3.336951139306646623e-04 3.280123143436871778e-04 3.235667356831443530e-04 3.228251861313127823e-04 3.326603825360096266e-04 3.401021251975460194e-04 3.189141556591947382e-04 3.037938208652921990e-04 3.231825297976052922e-04 3.516461845811435561e-04 3.608045531471723772e-04 3.562115002537165386e-04 3.324185636493763737e-04 3.180628057508686738e-04 3.323837043120159412e-04 3.396327094543028988e-04 3.277578681690532215e-04 3.246175962239039874e-04 3.329180713572397511e-04 3.368459450753172714e-04 3.426768160966307949e-04 3.538572927036616662e-04 3.465877062997461001e-04 3.211127650051227508e-04 3.106183443003896578e-04 3.234668736905608262e-04 3.418560176982119564e-04 3.458672510724379329e-04 3.413745588113180482e-04 3.289158241092304466e-04 3.190031229863952598e-04 3.331581757838530337e-04 3.656072153128995606e-04 3.768920173023561446e-04 3.519207906176884831e-04 3.133316365219018362e-04 3.112499376962062601e-04 3.318257766695450854e-04 3.386627175438786889e-04 3.357016555443308311e-04 3.405696198640950417e-04 3.509597882588821839e-04 3.376515772737333828e-04 2.888302863443415868e-04 2.240859575897201177e-04
1.739330980709325630e-04 2.447263612204847449e-04 3.076258488852410275e-04 3.366901442189523764e-04 3.500394217658101166e-04 3.453508487325054107e-04 3.397676566071817540e-04 3.544113372501076745e-04 3.566545614653943369e-04 3.502438481327790421e-04 3.355490501293783862e-04 3.160443970239068317e-04 3.251663318336178721e-04 3.396040151958507861e-04 3.380596477473068930e-04 3.336585630637611127e-04 3.350941046707672528e-04 3.350005938106921438e-04 3.384780203761682217e-04 3.495775817021844721e-04 3.491317607840635430e-04 3.319813385073562789e-04 3.233633262994969849e-04 3.296656153182039774e-04 3.266697555974825036e-04 3.298672025985483619e-04 3.400058788182930888e-04 3.429189111680212409e-04 3.394741172174500841e-04 3.224038752386910621e-04 3.181846974031949824e-04 3.248676992874684850e-04 3.232080369607275147e-04 3.254876161542064961e-04 3.262945900226215030e-04 3.218993249495006323e-04 3.208936281669028719e-04 3.232948518006327531e-04 3.337760726388412148e-04 3.476381170180784896e-04 3.457448039816374925e-04 3.335687668172927843e-04 3.431760658168136915e-04 3.553534965459679011e-04 3.658370407785771169e-04 3.641639451352659792e-04 3.582682780338513327e-04 3.508865012556514214e-04 3.427732283844035039e-04 3.426033376099591127e-04 3.336678666776341212e-04 3.309532208197832359e-04 3.410563158819247386e-04 3.367319421333323935e-04 3.299589482290256684e-04 3.390164571878011074e-04 3.402491555280674632e-04 3.361921709454348053e-04 3.309484609797711365e-04 3.318079885611282913e-04 3.374348220959302392e-04 3.247343789588470753e-04 3.198772960843963538e-04 3.315252776157925994e-04 3.417333947035836083e-04 3.418266452054094344e-04 3.396706109878094241e-04 3.240565216847653487e-04 3.150944797062334244e-04 3.301443172003841117e-04 3.432467571941743992e-04 3.326659281622670427e-04 3.188783573558647130e-04 3.199965124516620141e-04 3.265475561498993565e-04 3.412534474107010649e-04 3.593702892813626683e-04 3.545155068875926259e-04 3.238598589934220916e-04 3.087996932891033273e-04 3.187664327929116471e-04 3.306644592193963865e-04 3.326384733740629933e-04 3.278158987929211295e-04 3.188979920650745732e-04 3.109167173147106165e-04 3.224168640814957651e-04 3.446447828927209911e-04 3.510794354700674672e-04 3.378966458684942308e-04 3.175252188934974914e-04 3.217753324055136520e-04 3.418906181425916593e-04 3.465862540467950668e-04 3.342849727632147194e-04 3.317716293730124384e-04 3.464110933205202304e-04 3.378644096733479825e-04 2.895530992337771309e-04 2.277828733087993221e-04
1.971014482495325802e-04 2.560273286212601750e-04 3.054709520014878559e-04 3.296141665206284415e-04 3.450366145251591203e-04 3.398009703314537697e-04 3.316183588898288749e-04 3.444250641279637728e-04 3.567367194510027550e-04 3.642625987024401260e-04 3.510375739195697531e-04 3.221379849309091931e-04 3.179098809509852373e-04 3.233573143444334322e-04 3.229615939740056955e-04 3.253299540515012817e-04 3.253498258069338536e-04 3.212647304908269321e-04 3.200589230065655107e-04 3.304494768352595575e-04 3.318110850509791159e-04 3.181242168878585085e-04 3.152234493425172968e-04 3.245259315552890579e-04 3.291289330330538507e-04 3.390853557094093392e-04 3.514148803832001320e-04 3.565952836860657106e-04 3.475297808595734662e-04 3.265808307847353114e-04 3.211468316396570060e-04 3.277029441335388470e-04 3.274447544086593262e-04 3.257497002338524163e-04 3.243270923890590905e-04 3.263318035174557138e-04 3.325202615668513976e-04 3.323681209835317729e-04 3.282176812727874296e-04 3.327037606174716245e-04 3.403459175440769939e-04 3.380625165951795874e-04 3.412424007050973685e-04 3.490740375096389484e-04 3.550321412253531063e-04 3.427985192501496661e-04 3.280886183407024054e-04 3.252622046749141060e-04 3.378456445631722880e-04 3.521309445939221558e-04 3.451852524115716476e-04 3.393862327980340030e-04 3.463867897079025461e-04 3.418285981064192848e-04 3.295857131138600323e-04 3.373414281803992394e-04 3.421154990022215285e-04 3.400872290631070088e-04 3.345523753765539555e-04 3.327023463837058305e-04 3.329153158349591854e-04 3.160997144930812602e-04 3.171722783751936697e-04 3.358131098813127262e-04 3.416268597957792088e-04 3.342264700117539853e-04 3.366895709179614947e-04 3.354842414650413096e-04 3.235446397001477160e-04 3.204989128447972629e-04 3.299492192281185772e-04 3.284430427488581501e-04 3.166995418926008715e-04 3.189718672192168271e-04 3.314204472771165163e-04 3.458473919909272774e-04 3.551218372237691166e-04 3.508809794825857795e-04 3.312148513546857276e-04 3.225886521377269124e-04 3.298971864848752877e-04 3.347802220745729404e-04 3.330881779643081052e-04 3.291417851283270695e-04 3.242520410527681440e-04 3.200790758241322609e-04 3.225067682952770264e-04 3.234379813368389251e-04 3.296155580069010018e-04 3.417281677608135062e-04 3.422771747769370529e-04 3.429394323273063372e-04 3.484170468141024619e-04 3.452625147481559807e-04 3.269108370933810747e-04 3.193195561462784269e-04 3.291477024983827191e-04 3.238747529588271610e-04 2.853281688329539138e-04 2.338674856868571761e-04
2.269288499694214448e-04 2.813750987568163051e-04 3.176501809560684309e-04 3.318519703816501742e-04 3.437001522456319060e-04 3.380137405225989880e-04 3.276683337689918632e-04 3.316244251793086257e-04 3.391434388279937744e-04 3.514099593977106995e-04 3.476804828287847712e-04 3.289180705484409336e-04 3.189886931220570665e-04 3.197086831628864322e-04 3.221680174246395944e-04 3.266003335840511937e-04 3.300970830377511619e-04 3.287063736928089630e-04 3.201917024174684261e-04 3.188893481085121112e-04 3.142147398371893390e-04 3.065996718266772534e-04 3.104835323901315074e-04 3.222100760618217918e-04 3.289763059729876446e-04 3.351880723011479686e-04 3.394912099680853779e-04 3.458691965719313719e-04 3.409384780780448654e-04 3.274431868322735719e-04 3.299907490759408191e-04 3.401513120365253244e-04 3.407647412366466254e-04 3.403879270203045331e-04 3.400129329853393730e-04 3.386392111274354210e-04 3.342706751785336433e-04 3.288302644624585590e-04 3.212248029290376019e-04 3.208942233667703460e-04 3.329599778522890179e-04 3.346619497606137289e-04 3.304384188285720402e-04 3.293168113939410387e-04 3.238754603520847385e-04 3.145211132909505203e-04 3.142063098347354301e-04 3.197193990235082926e-04 3.360251068170812174e-04 3.476638795551019912e-04 3.384740142258250116e-04 3.329415475015039955e-04 3.417002321331864909e-04 3.443401152268487871e-04 3.313664164349093815e-04 3.344228193965483520e-04 3.377641567728488807e-04 3.350888327308559379e-04 3.352059380519505560e-04 3.408574379797390847e-04 3.402402808642592674e-04 3.173210108041905160e-04 3.143999210975938511e-04 3.365712460083434437e-04 3.504744388518077911e-04 3.453800145601651429e-04 3.484919021291826434e-04 3.546891788511223262e-04 3.396329755131655571e-04 3.199390103413457141e-04 3.183602583086261786e-04 3.237037549835147798e-04 3.219639153395032838e-04 3.290250277553818025e-04 3.442184774195654459e-04 3.501094041568003981e-04 3.444317690083816821e-04 3.339635559696266199e-04 3.243868960704214435e-04 3.333583006238063006e-04 3.532149144909932630e-04 3.555693417312854373e-04 3.420019773675448413e-04 3.390378871884503495e-04 3.408747542373843703e-04 3.305464592593104073e-04 3.162426670999872284e-04 3.041395044059498794e-04 3.182817715650810425e-04 3.554165337327537403e-04 3.675242356384020607e-04 3.594885445001358816e-04 3.475143701825796246e-04 3.367252258542386984e-04 3.213963438780820941e-04 3.095075895077414397e-04 3.084030058372934932e-04 3.059054912800603944e-04 2.735877833475802647e-04 2.245443459111781702e-04
2.220454569928989597e-04 2.836794052101099381e-04 3.269130048029697273e-04 3.384926926964306219e-04 3.414222632702454191e-04 3.332350705349170221e-04 3.232149442344057241e-04 3.240172228251295616e-04 3.234783116404633084e-04 3.299814618980244103e-04 3.332259945749869653e-04 3.266594817594963679e-04 3.171972555524370328e-04 3.233548091919148985e-04 3.386377662281899771e-04 3.438666464939364731e-04 3.430253506382458179e-04 3.426004860699579171e-04 3.323335464445728365e-04 3.208784852870486372e-04 3.159668595082712949e-04 3.221175206879388028e-04 3.243352814692109258e-04 3.196652351742438041e-04 3.137400103313847969e-04 3.157764268128477941e-04 3.193506512149466969e-04 3.258660423767943074e-04 3.303882296749669064e-04 3.275596454628870767e-04 3.308445849919634590e-04 3.394118269571125626e-04 3.448389985302313535e-04 3.555646023253045953e-04 3.573685912751856575e-04 3.448308675722658355e-04 3.292515659048032926e-04 3.292842039317495258e-04 3.332673906773411104e-04 3.312235453827219039e-04 3.329722788740512485e-04 3.322928963846613582e-04 3.340306144424477937e-04 3.310283299623526638e-04 3.157809148233583314e-04 3.094113804516001242e-04 3.208577237930097066e-04 3.279679685616354893e-04 3.356527426726900335e-04 3.417490122362899676e-04 3.384799434846622870e-04 3.380069628349916021e-04 3.432224847961293625e-04 3.427007926199372766e-04 3.281977725882358069e-04 3.237960084234075891e-04 3.245287906587240737e-04 3.244864702422760230e-04 3.317416149125262601e-04 3.425016463315923515e-04 3.450473540594786942e-04 3.247134603881590394e-04 3.154620492819226957e-04 3.295347714410317482e-04 3.410743547563705141e-04 3.403586409780480059e-04 3.439658378343956702e-04 3.564627066089008840e-04 3.548399744694156642e-04 3.338853168420934884e-04 3.239164556818637094e-04 3.323545370109417738e-04 3.361962138051208292e-04 3.372129098556382967e-04 3.422664202595153177e-04 3.431183701446662774e-04 3.404775449508355418e-04 3.319731301469906791e-04 3.267592798954662672e-04 3.463842632474225950e-04 3.699845718912967026e-04 3.632856530095423565e-04 3.387199332878258404e-04 3.401561999861151117e-04 3.509638007402243786e-04 3.367921695325550241e-04 3.160279986169038245e-04 3.032817080743719479e-04 3.117514353125203823e-04 3.429844681426401668e-04 3.530116898916894289e-04 3.508543334099994775e-04 3.439806212795927368e-04 3.377441380845368170e-04 3.335364475595455763e-04 3.189700736009677315e-04 3.074185464294574579e-04 3.037916435085486182e-04 2.720645315609680694e-04 2.184700998951656669e-04
1.975612554954986875e-04 2.709480684224084947e-04 3.361053909681887674e-04 3.494092960894175934e-04 3.352274219073253275e-04 3.249542503528803734e-04 3.248204818720344320e-04 3.247780788555377270e-04 3.181260208364496546e-04 3.206248768510270479e-04 3.257859556945058859e-04 3.226239029875560571e-04 3.152644211619864663e-04 3.231181900612893577e-04 3.434227131843423314e-04 3.486747702882361799e-04 3.391931038519859333e-04 3.392768951276759837e-04 3.365062475151071311e-04 3.235494243293383378e-04 3.260903556043964237e-04 3.463460505227190182e-04 3.471458375555508315e-04 3.287774974167970285e-04 3.101299999585895896e-04 3.086427734840982537e-04 3.128025974933078051e-04 3.147117350721197800e-04 3.261192245615497339e-04 3.349368709421746419e-04 3.354580090564298267e-04 3.348278627506779174e-04 3.343344545052527573e-04 3.454463972526803078e-04 3.506794049499218019e-04 3.350855232306264092e-04 3.206677499636687067e-04 3.326556619237058484e-04 3.497620392909929748e-04 3.442605419793035460e-04 3.285172323340423712e-04 3.206801555536637535e-04 3.308852811013716184e-04 3.413236198469085940e-04 3.389408270363959957e-04 3.337063671353740968e-04 3.354856250637129784e-04 3.339987735970749178e-04 3.372658293889557388e-04 3.415691714968864708e-04 3.386468906929568454e-04 3.365559929053804113e-04 3.322927416429316745e-04 3.255633431389755262e-04 3.163515296154149263e-04 3.107694038276122110e-04 3.135998953672758361e-04 3.167441283935668169e-04 3.205860457675941246e-04 3.295104430066829676e-04 3.353360658172945289e-04 3.221596084648526434e-04 3.163692921227726873e-04 3.253565396099467933e-04 3.216040047219751634e-04 3.111073265326255114e-04 3.132895802114105078e-04 3.404640659692512324e-04 3.644471192603183115e-04 3.533398854927038328e-04 3.402332444205904364e-04 3.462247261996695283e-04 3.448836007169887776e-04 3.299689455322617898e-04 3.181100223456447863e-04 3.175298688835977634e-04 3.281780823020931880e-04 3.315952814704517223e-04 3.293687405674106399e-04 3.412631100880440566e-04 3.508512550713808521e-04 3.455168515940762117e-04 3.320207234098762009e-04 3.337748240298003474e-04 3.458287340931812722e-04 3.420362896618716806e-04 3.303875244645680404e-04 3.235940585790313476e-04 3.189053316603831546e-04 3.240830191103092218e-04 3.290500584627180673e-04 3.427908740886865657e-04 3.523970780773448899e-04 3.545864381712080264e-04 3.568936610322795866e-04 3.357021494840055830e-04 3.139004088988045049e-04 3.063342648229589295e-04 2.760334462680517735e-04 2.215381267427008805e-04
1.910059470875125867e-04 2.702112750060394440e-04 3.445615398388664902e-04 3.551873790529375564e-04 3.263061878814391961e-04 3.135656299772174435e-04 3.205034224106006156e-04 3.241732607880421228e-04 3.250847054373025465e-04 3.307035050604602592e-04 3.326827039261041983e-04 3.216161865916313521e-04 3.083391519503826455e-04 3.133339744717808864e-04 3.305679020132782329e-04 3.389356801155766563e-04 3.332911035830233345e-04 3.360053420174737558e-04 3.405974883646055830e-04 3.308604349924778969e-04 3.327497868208684640e-04 3.458265920564688794e-04 3.461165079438979254e-04 3.374897177122491770e-04 3.294026667877021078e-04 3.295735699832470127e-04 3.246536528900086007e-04 3.140121189322186892e-04 3.201407518908447325e-04 3.308284738406738626e-04 3.337052472992890696e-04 3.316360063664326166e-04 3.220838398419206979e-04 3.285977513969154168e-04 3.401480901331759574e-04 3.322736330974956605e-04 3.202021255010883169e-04 3.307257118603516193e-04 3.494961227045218118e-04 3.429087957824967061e-04 3.218484671180910192e-04 3.115602419024684393e-04 3.230824415407086529e-04 3.430978777455735425e-04 3.528100220007990284e-04 3.475694170415679382e-04 3.389166512306400307e-04 3.324837175380010836e-04 3.357154866240510526e-04 3.357135697574368301e-04 3.268830491271490523e-04 3.237826055987291481e-04 3.205908518842099210e-04 3.144668842760706693e-04 3.133255791660159132e-04 3.153205054376080098e-04 3.218802913985324482e-04 3.244855184342427005e-04 3.228643845883757036e-04 3.284304888295383690e-04 3.358721350548864626e-04 3.263224519924071360e-04 3.238141973166017108e-04 3.328856522209747604e-04 3.241326921991266640e-04 3.033937925036579676e-04 2.913593296133968388e-04 3.150665122926586204e-04 3.518904840698509288e-04 3.540169521539139478e-04 3.440462770601829885e-04 3.459821788557644498e-04 3.422295056195049159e-04 3.255804782479661957e-04 3.132029234442333535e-04 3.113050826857715345e-04 3.170337751100674780e-04 3.247604922636317137e-04 3.294602733396605372e-04 3.322717760547615000e-04 3.283201065263540363e-04 3.284508693332041521e-04 3.327676534745050655e-04 3.345578482515271538e-04 3.369358569325019126e-04 3.363864205874756417e-04 3.334356938423292216e-04 3.344934620197322029e-04 3.275334656789303904e-04 3.190592390396140669e-04 3.168354889528412805e-04 3.270595785731077046e-04 3.396746953145066963e-04 3.517759929842006420e-04 3.600802146110409423e-04 3.386878928772690334e-04 3.148782149692840081e-04 3.053697062749553999e-04 2.745472713188329460e-04 2.233936489038113884e-04
2.042999758162710117e-04 2.771955125690226448e-04 3.407590960965249920e-04 3.493487230472487864e-04 3.248749323241818939e-04 3.189162100973910166e-04 3.307127764464219016e-04 3.355577194615745173e-04 3.403553013075341833e-04 3.469953404626154644e-04 3.456742717814634616e-04 3.311254478701725740e-04 3.213027934207658633e-04 3.269966114357470560e-04 3.305942478325225430e-04 3.351761972055090476e-04 3.388050207076334901e-04 3.425575085750293732e-04 3.455214924193328492e-04 3.335567338233077724e-04 3.285903482660730134e-04 3.369352554384804385e-04 3.395600902834339761e-04 3.391605884429111772e-04 3.434756060230308985e-04 3.505222337128999200e-04 3.425907467510892258e-04 3.257095343217667176e-04 3.211287352636820304e-04 3.226903574011758631e-04 3.257134913404579474e-04 3.300017814144891185e-04 3.216674115685096147e-04 3.242277129817564365e-04 3.390829504893394606e-04 3.437368241180909119e-04 3.328974066119347363e-04 3.357374364309501503e-04 3.492306646992883565e-04 3.424795295198765398e-04 3.282947583126148748e-04 3.224222424987216755e-04 3.239978740581227223e-04 3.332188926022107119e-04 3.434303522403658188e-04 3.468370947674500313e-04 3.398746958693912900e-04 3.316741180887977018e-04 3.347435755639737364e-04 3.331694497670347269e-04 3.220180922269582540e-04 3.166121664691562464e-04 3.182194624556552152e-04 3.195331818634228587e-04 3.293452000261270487e-04 3.386786231158265409e-04 3.411905107660764109e-04 3.435956114541734597e-04 3.422578183345093136e-04 3.372388757885429363e-04 3.395225681632869051e-04 3.394342344756923376e-04 3.404531472957719350e-04 3.441197147762481076e-04 3.386468088451742792e-04 3.212054551439556989e-04 3.009001772558559306e-04 3.106868268833777548e-04 3.400030762989796301e-04 3.435768039184741674e-04 3.366464881949682991e-04 3.407587447209653756e-04 3.412407443019289878e-04 3.317029863237658965e-04 3.286061703988905859e-04 3.269576611393374029e-04 3.177576974628456164e-04 3.220664257222205810e-04 3.342025705336071437e-04 3.359047937717911771e-04 3.301977118050675349e-04 3.332440965950610613e-04 3.417245330176050524e-04 3.456838087065804924e-04 3.428616580841602679e-04 3.320373908333927549e-04 3.235696863815575529e-04 3.295858140213728466e-04 3.300990982380052263e-04 3.227343013263309968e-04 3.101941651004501486e-04 3.057887152722844155e-04 3.112716875182075212e-04 3.244937405807224234e-04 3.415893613581144368e-04 3.399812780955660486e-04 3.306073580305588823e-04 3.218095082699036448e-04 2.823668096529634210e-04 2.259730838317076072e-04
2.216978531949348160e-04 2.866249258895493010e-04 3.284329820954785383e-04 3.347456674621045831e-04 3.268550658803907969e-04 3.326638278593993829e-04 3.489860655427582010e-04 3.493726911399249965e-04 3.462726411234132639e-04 3.456751256985642279e-04 3.419514182702002199e-04 3.400217827762615913e-04 3.516286471831045132e-04 3.589114355945147291e-04 3.469794490207906280e-04 3.458387068068622837e-04 3.511109817661546648e-04 3.456212441861433683e-04 3.313577053752740382e-04 3.131105836431901084e-04 3.119447677962939713e-04 3.291872440658573590e-04 3.329652324263179461e-04 3.253887475237241499e-04 3.264903584954174606e-04 3.384296706686693718e-04 3.391215577896107320e-04 3.316664539150919206e-04 3.320444863893801416e-04 3.293201724977534110e-04 3.228533592620060023e-04 3.259531700913490199e-04 3.297610927032860496e-04 3.352359248399162635e-04 3.424811996099967203e-04 3.441313326707006815e-04 3.301969689262698867e-04 3.334285757837024346e-04 3.488896918779789674e-04 3.446496136901453997e-04 3.374631095257254890e-04 3.384512157143680557e-04 3.323797729439893008e-04 3.259590615029995934e-04 3.332974545367688233e-04 3.460346364310426873e-04 3.395677946088170420e-04 3.247618175227003231e-04 3.260855535883475185e-04 3.320679880386433777e-04 3.320240869543031239e-04 3.250075947740451061e-04 3.194650498125958934e-04 3.200142176237547129e-04 3.324556996597063658e-04 3.375544504045350667e-04 3.351446805282045369e-04 3.446097426140038800e-04 3.503072974687167652e-04 3.373029563925132980e-04 3.329541066604425198e-04 3.477803377476012701e-04 3.566730172570335353e-04 3.501698073754135423e-04 3.452573009351737714e-04 3.389732918019080577e-04 3.259602943848991918e-04 3.293899633221745527e-04 3.422692224786591650e-04 3.383070595653142002e-04 3.326228409200576285e-04 3.389300129812492499e-04 3.383663126671098602e-04 3.257260459671581718e-04 3.229462848458291690e-04 3.302546097517637148e-04 3.318022471659213754e-04 3.441052777657736383e-04 3.555558742751548421e-04 3.474466574582503920e-04 3.360118227690618575e-04 3.361336726386289476e-04 3.377024226602701185e-04 3.428598346529047793e-04 3.475273844745877276e-04 3.352638902946700498e-04 3.234481023306917148e-04 3.321376880942916504e-04 3.373935888221059418e-04 3.363500954157617887e-04 3.261067466674256402e-04 3.164682912032692683e-04 3.108475376053303706e-04 3.097748757544447305e-04 3.254152432641261965e-04 3.435509973758973414e-04 3.490787575567127349e-04 3.416075249476248224e-04 2.982603633614085148e-04 2.315680130327415283e-04
2.195387793464165824e-04 2.804215938970277926e-04 3.133109872767984210e-04 3.206475928993653135e-04 3.248924437104334863e-04 3.363108230447994524e-04 3.511461455470302000e-04 3.504180466830555517e-04 3.436931271587747249e-04 3.353582663162947650e-04 3.278158112966353052e-04 3.303256044990232317e-04 3.480662809649624073e-04 3.534404573855431811e-04 3.402386895409651021e-04 3.376433679523795496e-04 3.430467317883226014e-04 3.374278252448513569e-04 3.169689446035355192e-04 3.029620518464305138e-04 3.101507166885673558e-04 3.313786702367745116e-04 3.380618667148190155e-04 3.240648350118880230e-04 3.127075825144600210e-04 3.194023768128118989e-04 3.274796395197116959e-04 3.300740737368112782e-04 3.407410186073958798e-04 3.453791273165594637e-04 3.369023785674888066e-04 3.324961787730715919e-04 3.379813037961867765e-04 3.397204339621371196e-04 3.334778516479403130e-04 3.253347656486823528e-04 3.100325895872515949e-04 3.183680694687921267e-04 3.405123414056654115e-04 3.391966616925771918e-04 3.317739156110139785e-04 3.375838357429191208e-04 3.336164846692134668e-04 3.187556672001245692e-04 3.167076304956000128e-04 3.286045211457777095e-04 3.253289634054234167e-04 3.065961329597339515e-04 2.994806920855147374e-04 3.122970702898500124e-04 3.351362440035658176e-04 3.476016008157566377e-04 3.459290528869655057e-04 3.317275171100004670e-04 3.172374763379915644e-04 3.100822081868165716e-04 3.128660651263924747e-04 3.285592972997068489e-04 3.400586228927949769e-04 3.316156360902270967e-04 3.272578774670017966e-04 3.432614012550607319e-04 3.527959019073314650e-04 3.432754131166312721e-04 3.391012229352145238e-04 3.438538115167346461e-04 3.439472817356856085e-04 3.414038020434975859e-04 3.377438365018668471e-04 3.328559593858503420e-04 3.317782480824893595e-04 3.394282159689795877e-04 3.317661173709552346e-04 3.108181076165706345e-04 3.062885982360886430e-04 3.205318417944061924e-04 3.394299800444032489e-04 3.625097309246837424e-04 3.704687562773559435e-04 3.543763705019473695e-04 3.364642609519030670e-04 3.276731627221533567e-04 3.237627377643754242e-04 3.332829172367321631e-04 3.445783885976647955e-04 3.373662608577781088e-04 3.315154013485666854e-04 3.410950438370737004e-04 3.464202242055637354e-04 3.484473596457699179e-04 3.463145331023403939e-04 3.387320144921114043e-04 3.262254143230210700e-04 3.167880343196987519e-04 3.245194137903949618e-04 3.417152689088771302e-04 3.454792765920520949e-04 3.305970163466297445e-04 2.866421274865561266e-04 2.194824455045028735e-04
2.105491547207929059e-04 2.662923361498346431e-04 3.094382065846774119e-04 3.271655771901223870e-04 3.311358836652050623e-04 3.363090266198424201e-04 3.467426095282429097e-04 3.462718372788110540e-04 3.388338356311789714e-04 3.283129588635422063e-04 3.231343705554924183e-04 3.264409024352845929e-04 3.407964036096171171e-04 3.418262926038196899e-04 3.245231190795372020e-04 3.176126318798764333e-04 3.271323745119355132e-04 3.306214692040100817e-04 3.201074290483409395e-04 3.193582918467619274e-04 3.289849577273388885e-04 3.423703528781205400e-04 3.492780589872734659e-04 3.399185390606936324e-04 3.244932198964757823e-04 3.185508822274837936e-04 3.234212893469135680e-04 3.309347867221722845e-04 3.434668519737083870e-04 3.513901882295319317e-04 3.494840083810411445e-04 3.460857397152305743e-04 3.434181951871262384e-04 3.311736181172979417e-04 3.194536468206562053e-04 3.158819208926125525e-04 3.088183974436125635e-04 3.155489350411671287e-04 3.346386161052915167e-04 3.375752807513518602e-04 3.330081508803399946e-04 3.360984514164159186e-04 3.268413265304358521e-04 3.072642242978037641e-04 2.967763441500914602e-04 3.074234277791938774e-04 3.149587468446577885e-04 2.937156697906328443e-04 2.784164282995571960e-04 2.970293795853732569e-04 3.315871356882646014e-04 3.601503111810308122e-04 3.710479790716237963e-04 3.508485216427085877e-04 3.161820629612057234e-04 3.051469210994489471e-04 3.126069851635390122e-04 3.241888909320525189e-04 3.320171453006425465e-04 3.273810947552881039e-04 3.265369556786274809e-04 3.388822882137842041e-04 3.476862497374519009e-04 3.374763095572080656e-04 3.265944286250622389e-04 3.363375130856604677e-04 3.518513194976679356e-04 3.468070576833884224e-04 3.324579097311652150e-04 3.261676167600504033e-04 3.245907056145214912e-04 3.332938101620322099e-04 3.271725685789438325e-04 3.134867166419019356e-04 3.119471184268616604e-04 3.199239984987279880e-04 3.365789207659102694e-04 3.534409259379593399e-04 3.554657873301215760e-04 3.457242724060122425e-04 3.334228978223259185e-04 3.247590024589115318e-04 3.244837580903914363e-04 3.336119010917088868e-04 3.390284142263003488e-04 3.325105986349344289e-04 3.341373439371443654e-04 3.478635041283914976e-04 3.559918407226034059e-04 3.550388278998578388e-04 3.493568038419048714e-04 3.397207243519054492e-04 3.290782696820913379e-04 3.256742232008152244e-04 3.287616848828768708e-04 3.325363387875937115e-04 3.278721936023085495e-04 3.067937923230068748e-04 2.600940940401723985e-04 1.975201329485842090e-04
2.185323146604123781e-04 2.705978371570784934e-04 3.206200371654716313e-04 3.451156598304472843e-04 3.432428395307392027e-04 3.345364493259688713e-04 3.401719803651086530e-04 3.438903636793130803e-04 3.374503658322754868e-04 3.194562143201913401e-04 3.155634414631682005e-04 3.358794837324443738e-04 3.582740669323704590e-04 3.491091620157443613e-04 3.198040211775356667e-04 3.135781896336614335e-04 3.305248069048928464e-04 3.382777307358188603e-04 3.311827392079804322e-04 3.312620755267250928e-04 3.340018425738292863e-04 3.364312266705233798e-04 3.441578794186932948e-04 3.499214967520973552e-04 3.398017256173086788e-04 3.239751078168985306e-04 3.232160258021323255e-04 3.366676394639852568e-04 3.470389518835122590e-04 3.427673406699470113e-04 3.350655161652149041e-04 3.381337025323363516e-04 3.393221998412072503e-04 3.249011362504606194e-04 3.177164803924146554e-04 3.207674946327939390e-04 3.212682758156901533e-04 3.253978054267908562e-04 3.347338965775588674e-04 3.364603715416109682e-04 3.357146842653385959e-04 3.330109981292936382e-04 3.164494674442643995e-04 3.075825031836532564e-04 3.098190760390546875e-04 3.240858294972111513e-04 3.319127794914934499e-04 3.032052318144435850e-04 2.861720335517178382e-04 3.076624573454199408e-04 3.358974571460690865e-04 3.569782930309151623e-04 3.649780760524243012e-04 3.491151854033308654e-04 3.265412367976899257e-04 3.232671249053955089e-04 3.244556985089485680e-04 3.257677099721045712e-04 3.312863908212512016e-04 3.284832451086594084e-04 3.218512734587620420e-04 3.230968432608974004e-04 3.376026407378129022e-04 3.415782341736227552e-04 3.322964340848187539e-04 3.412869849517503667e-04 3.584032638813128822e-04 3.499208466395523401e-04 3.337955636167706710e-04 3.239600131566416647e-04 3.184738663729445212e-04 3.252445332704354377e-04 3.298660524487703185e-04 3.383281528825637496e-04 3.428147758684751945e-04 3.377933104035493500e-04 3.386450752135150978e-04 3.381294474461442106e-04 3.312960024519791789e-04 3.288565278613647907e-04 3.261360389727852678e-04 3.263996337201123597e-04 3.317029916337989629e-04 3.355407230492643989e-04 3.355391343917011509e-04 3.257041440670332706e-04 3.221765572611879052e-04 3.320877989572692743e-04 3.366778764187606599e-04 3.329680299970384913e-04 3.284199798236483656e-04 3.227533494954951576e-04 3.208141141095663005e-04 3.238943083703832914e-04 3.220024407836913913e-04 3.156168878095770569e-04 3.143269809199934783e-04 3.075361786948967884e-04 2.630640818923212941e-04 1.988022287022954762e-04
2.237087705877433344e-04 2.723171837404966150e-04 3.169454888566912475e-04 3.416480363201265997e-04 3.419160573192280288e-04 3.267645701888997889e-04 3.245713182677382883e-04 3.317335826084736347e-04 3.356096492269901527e-04 3.200688731351046491e-04 3.168283102505247166e-04 3.520190346273372036e-04 3.801224267642881239e-04 3.582093532423538370e-04 3.154640607787335548e-04 3.055655631485249294e-04 3.312884612919281616e-04 3.501640770878627624e-04 3.431826778620349853e-04 3.296550576322641824e-04 3.219166195689306641e-04 3.214821973028285850e-04 3.316582795003099695e-04 3.469172176071934127e-04 3.431247814074267098e-04 3.282655352878928435e-04 3.234090368394694427e-04 3.352390382396073154e-04 3.505864719369911758e-04 3.505780481240855983e-04 3.326012208075984655e-04 3.255743155060372273e-04 3.302133894530369764e-04 3.246237518204757332e-04 3.273925927976424882e-04 3.308984138369015305e-04 3.246746263742805163e-04 3.213848719749073436e-04 3.258323543908404245e-04 3.290070102335664113e-04 3.301957734371560420e-04 3.290527874073451435e-04 3.208343401876988504e-04 3.274663617410203831e-04 3.432904193144356055e-04 3.543530176939056536e-04 3.506044494013091546e-04 3.239721250770799402e-04 3.160993866223101457e-04 3.359543202499311364e-04 3.520285170325523493e-04 3.590236370497937573e-04 3.554893483816243412e-04 3.380761830089451091e-04 3.272798314957732035e-04 3.357435963721876909e-04 3.366419853480524913e-04 3.294662254562254048e-04 3.293568583364197850e-04 3.327452078715361868e-04 3.291136075377224597e-04 3.187282849341156374e-04 3.293825478403983971e-04 3.485573896909137511e-04 3.471958705476563267e-04 3.494455147421826743e-04 3.548370226494703978e-04 3.445518417683672650e-04 3.380166672958991037e-04 3.331392150770367839e-04 3.330366036327629025e-04 3.343651991218091440e-04 3.375946017850780211e-04 3.572910056175934452e-04 3.652391997276021370e-04 3.478033199134119950e-04 3.295302365616231796e-04 3.186830020198920099e-04 3.151781314828537356e-04 3.213622598492541513e-04 3.247380125426450707e-04 3.267060325503297401e-04 3.294360386479768628e-04 3.296469571322551339e-04 3.308091515703532161e-04 3.278956147417862611e-04 3.213090341530617632e-04 3.242074425727725596e-04 3.244081356878937431e-04 3.205140352557462810e-04 3.210563890922640612e-04 3.226057604892999028e-04 3.229886083940173127e-04 3.190943819938167505e-04 3.121869721619128157e-04 3.074223188259800604e-04 3.140222057535191043e-04 3.230490466455725532e-04 2.867445006765993189e-04 2.209518645374172882e-04
2.172463522414554453e-04 2.635043649013636994e-04 2.964846781408757726e-04 3.187926297423661977e-04 3.314759789550553322e-04 3.222922250275758477e-04 3.099297900962578621e-04 3.127007362284993462e-04 3.299050773010003650e-04 3.342608062967655346e-04 3.339205999069854445e-04 3.548871662716755922e-04 3.700503603662834949e-04 3.506454555812798558e-04 3.142595178918086490e-04 2.982783366357209462e-04 3.220427988589397508e-04 3.524368628607265253e-04 3.493851414713858923e-04 3.237439289961220341e-04 3.113373704844068428e-04 3.194203990354958366e-04 3.304010793074655121e-04 3.369219182003300138e-04 3.366833287721771820e-04 3.379800992186697247e-04 3.347321772255941377e-04 3.314671213433499218e-04 3.501563436463726560e-04 3.672261030820429123e-04 3.523809618303747971e-04 3.410783462301385021e-04 3.446173124126410831e-04 3.368787038249715393e-04 3.409921184692115228e-04 3.441992107310279532e-04 3.312357370396570985e-04 3.217257423806734015e-04 3.243789548222951805e-04 3.328528082151728648e-04 3.297408174343186091e-04 3.274121051567412946e-04 3.332259506853456951e-04 3.486935884044160285e-04 3.613999626014396255e-04 3.597874047751446931e-04 3.481144335884188120e-04 3.346894659756168098e-04 3.360278121361978372e-04 3.498318443647141529e-04 3.564688523717184305e-04 3.535686793395154820e-04 3.416683505644253034e-04 3.242146018802846219e-04 3.175592502170737044e-04 3.338968896602177044e-04 3.459824639198175959e-04 3.358287598973613277e-04 3.209218096456153621e-04 3.235328376423512791e-04 3.327049820327555342e-04 3.295117444772592422e-04 3.321259280406818008e-04 3.431214989431775691e-04 3.361067486366317147e-04 3.302314049166358689e-04 3.314715040235888819e-04 3.258562076752646451e-04 3.250864144052753786e-04 3.260244275365020857e-04 3.377614374784437780e-04 3.388809977328679579e-04 3.364837853383304423e-04 3.542561878320442479e-04 3.656988356261895758e-04 3.534936960209788875e-04 3.251505381339989120e-04 3.058196494335164387e-04 3.118215749798244354e-04 3.282872922937352458e-04 3.366829907960027369e-04 3.353302556698612618e-04 3.330595446260115229e-04 3.316213790727179193e-04 3.254622004847840429e-04 3.254329188937755881e-04 3.301559975497274455e-04 3.400376741691197918e-04 3.392639089447202928e-04 3.328982707312876316e-04 3.303488172987269081e-04 3.304602807049638073e-04 3.296156075507384589e-04 3.210458519924281055e-04 3.192115814785173177e-04 3.278708533501878387e-04 3.380286977951184909e-04 3.417974712761093041e-04 3.006232763101849897e-04 2.338212937065852262e-04
2.201726766728150629e-04 2.658524153743397028e-04 2.929282526608481606e-04 3.131438349337311959e-04 3.352536582853877720e-04 3.334894660324632353e-04 3.125934699276763148e-04 3.057712514246245929e-04 3.205975377261320613e-04 3.342252622745374348e-04 3.366869620314448986e-04 3.362189984603246719e-04 3.353517942431693969e-04 3.280466799408017107e-04 3.166745164039486528e-04 3.096829884103565259e-04 3.242767744576996545e-04 3.479206979875742491e-04 3.472486624912732452e-04 3.243275625868573221e-04 3.182057510655292212e-04 3.355144876846439432e-04 3.434860008875500678e-04 3.317035439100490856e-04 3.256100767693573044e-04 3.428857359445181300e-04 3.517511017361945290e-04 3.420024267600255347e-04 3.532669613774227406e-04 3.653078613652156357e-04 3.537213154046043272e-04 3.479389178784003493e-04 3.513706330230388728e-04 3.448456631141563950e-04 3.438188279259244535e-04 3.379513350014548166e-04 3.271730716920173872e-04 3.255766749798309810e-04 3.310033887925529095e-04 3.399725376477296312e-04 3.330971902168865934e-04 3.271610365020720564e-04 3.350768569244884690e-04 3.543191652586267907e-04 3.628897617745339434e-04 3.503081910768689753e-04 3.336753348311554974e-04 3.294102989251732755e-04 3.377764042726703799e-04 3.454621238186822429e-04 3.449650571349518005e-04 3.374340813757273458e-04 3.215636123738059311e-04 3.109238860132944749e-04 3.131129824073220977e-04 3.300717701459846692e-04 3.471676016827545145e-04 3.396139046405319750e-04 3.218290703157365620e-04 3.216353132682995045e-04 3.334244826558632182e-04 3.377501328146358594e-04 3.329203557160607778e-04 3.237655156312000109e-04 3.095393466369295607e-04 3.045245233985106490e-04 3.083011474110797364e-04 3.119202721673756951e-04 3.148016122762465458e-04 3.150896093011435611e-04 3.269726711162972187e-04 3.326570860884569842e-04 3.335075673526456891e-04 3.410133385904225546e-04 3.497221231593608667e-04 3.552442892189377555e-04 3.382682041273283430e-04 3.158592453279864811e-04 3.201809150442387186e-04 3.380068364518844974e-04 3.463010396909147566e-04 3.401066492448409531e-04 3.336841464751298756e-04 3.309985557932286515e-04 3.178893864384833368e-04 3.146017368299637617e-04 3.337753999537064063e-04 3.575671030689855706e-04 3.536584011921684294e-04 3.393111031318228697e-04 3.306596650447686785e-04 3.297114658434687818e-04 3.355638257703183209e-04 3.339241183459383923e-04 3.396871142217972516e-04 3.552977856185984655e-04 3.645177910201384628e-04 3.553740867459133932e-04 3.007472995185149966e-04 2.314151129082148205e-04
2.167433781089134637e-04 2.628478905628009931e-04 2.946271530041019520e-04 3.166306190277086863e-04 3.403407036251797249e-04 3.467692803591550265e-04 3.333580508599333055e-04 3.243864280839294911e-04 3.218582366312352843e-04 3.236136147815114449e-04 3.259999724348529044e-04 3.201568871150594058e-04 3.207758993106735960e-04 3.264290594938502096e-04 3.293681833000439477e-04 3.329590821588759159e-04 3.347837719274481872e-04 3.317394220260080559e-04 3.264438644105603204e-04 3.177299981062895059e-04 3.228698105491980609e-04 3.405914026464622931e-04 3.412323398392350560e-04 3.219251790746942873e-04 3.117899185216857190e-04 3.278170798176793712e-04 3.462457653880798088e-04 3.493955091282835435e-04 3.507780654227652360e-04 3.451233846213492239e-04 3.359739437112102415e-04 3.333464598027069121e-04 3.329431496678603945e-04 3.299915262459029931e-04 3.273731702557717725e-04 3.170464851582630375e-04 3.117564990409220859e-04 3.193315480653001297e-04 3.326028572257675679e-04 3.399958138905536395e-04 3.337731726529782764e-04 3.268577769706327478e-04 3.280308839882536791e-04 3.445398313076889624e-04 3.534627258056892299e-04 3.405196442846190473e-04 3.269808141425809781e-04 3.310733092849045783e-04 3.412475381761060364e-04 3.418197271685369069e-04 3.395218223960254291e-04 3.315682873779546790e-04 3.127863733128897258e-04 3.140798457235378992e-04 3.293160530042055873e-04 3.396864636802437911e-04 3.464397874612465270e-04 3.376406243783988638e-04 3.302199851268274207e-04 3.351896404055657681e-04 3.413587877960999953e-04 3.374663624803149399e-04 3.239876689208368260e-04 3.100457223726370802e-04 3.045178901434344651e-04 3.085670715159183927e-04 3.128693909909851557e-04 3.233263241226940442e-04 3.332688915156975908e-04 3.314779695141604663e-04 3.304321613164945288e-04 3.299009398885809140e-04 3.316441842776367407e-04 3.306263243812693924e-04 3.321977561293262566e-04 3.424951613680339590e-04 3.413102778167356505e-04 3.275892777401517701e-04 3.266285045296823866e-04 3.446830157637774156e-04 3.491317920423165277e-04 3.355038244964576692e-04 3.284674051765307658e-04 3.273176430915084685e-04 3.168453482217729292e-04 3.104531228682690840e-04 3.293322119103169279e-04 3.563894653974149750e-04 3.582704280140470532e-04 3.470056213848572539e-04 3.349939687583561505e-04 3.330574890898130758e-04 3.419472017060500805e-04 3.420246868708937300e-04 3.441040555320600946e-04 3.511236156414731906e-04 3.548104389626384274e-04 3.432125401384107438e-04 2.905048812779619785e-04 2.270727862690652746e-04
2.080694546838341655e-04 2.628231677892729008e-04 3.027766001883468736e-04 3.179930145946884435e-04 3.332153461755664979e-04 3.458813629895920831e-04 3.476710036306709852e-04 3.448158430313015034e-04 3.352842085379897571e-04 3.323231328572513873e-04 3.376802737985662092e-04 3.315480312421009517e-04 3.369074409492000101e-04 3.492793985770451491e-04 3.474460552221298815e-04 3.521859622349987964e-04 3.508575487091905977e-04 3.287419471358310431e-04 3.110108705434424733e-04 3.067334422857779402e-04 3.156171638877554959e-04 3.336133753403817872e-04 3.356074876629434748e-04 3.197165428766479862e-04 3.097704638007109010e-04 3.157146430881376800e-04 3.320192251236494521e-04 3.404015510730742673e-04 3.326545834583626146e-04 3.215744094247795963e-04 3.209953400326391159e-04 3.280191551002213809e-04 3.283942697935630060e-04 3.162309404191244902e-04 3.132558165708068708e-04 3.188482983170734032e-04 3.169510883410961519e-04 3.134367760904295508e-04 3.255656196989352782e-04 3.348063929192870514e-04 3.335026464784626200e-04 3.278514376656202055e-04 3.201271038628164794e-04 3.217891066931672186e-04 3.268340964928648272e-04 3.258842312835127670e-04 3.262705616588197459e-04 3.377877706557755062e-04 3.427374022082490959e-04 3.409302093202404250e-04 3.468733535428700936e-04 3.434639504081414161e-04 3.212220829926699418e-04 3.270648014606032444e-04 3.462550357275871868e-04 3.430370495221339274e-04 3.387505821563239821e-04 3.403398283697420994e-04 3.413277793306287783e-04 3.374920788655997607e-04 3.299618307210701470e-04 3.200790909358610780e-04 3.166181687563569889e-04 3.200390695336454328e-04 3.251523924055617592e-04 3.353399748412498604e-04 3.383628246170796816e-04 3.395229095433724550e-04 3.389870489290466990e-04 3.334648930862421168e-04 3.282904355055878262e-04 3.236227371436266017e-04 3.264874081661872434e-04 3.260775213318416578e-04 3.254421987419580092e-04 3.332585002421751706e-04 3.401665110414043257e-04 3.341950751962597765e-04 3.256417882554610071e-04 3.402372102095877621e-04 3.497040291123558074e-04 3.399562888547741205e-04 3.304438231048508054e-04 3.318270529583367510e-04 3.308516046360189403e-04 3.175698208291329299e-04 3.143886853647578656e-04 3.252339033313553229e-04 3.390327387097273560e-04 3.462152779635458213e-04 3.393663249826563621e-04 3.356969213288336657e-04 3.444201457074418929e-04 3.444846216793648244e-04 3.382343307398630425e-04 3.295085681808585399e-04 3.229137400669195067e-04 3.162838774282672439e-04 2.829138399199948627e-04 2.364382772031387004e-04
2.099050771417919543e-04 2.775427475297100413e-04 3.238020550784160450e-04 3.251788527305678753e-04 3.225796446522453519e-04 3.320581821137459969e-04 3.435281870283108697e-04 3.498914272471652875e-04 3.442659087385196125e-04 3.413338307666179128e-04 3.481491294355024808e-04 3.454858014969831794e-04 3.510091832359744620e-04 3.557254809311674896e-04 3.388433318321116151e-04 3.396017208904340747e-04 3.526638192767455335e-04 3.396794804534014134e-04 3.143999787886826822e-04 3.016581034607465931e-04 3.088233909777008518e-04 3.322258894095109498e-04 3.406493131601934666e-04 3.291079347968663030e-04 3.225294775784775256e-04 3.204601524797018840e-04 3.224580011175448265e-04 3.246874739091253656e-04 3.190659911516527717e-04 3.155324786126634858e-04 3.184930927765956387e-04 3.300862114121174643e-04 3.359606970326463934e-04 3.173700003964252756e-04 3.140870720739916350e-04 3.372732624396640976e-04 3.377121902362468890e-04 3.173535521351052505e-04 3.174100897945387871e-04 3.299125472785959445e-04 3.376376354071603794e-04 3.336155001753128395e-04 3.188832496494975292e-04 3.040755101837704522e-04 3.021736285470954836e-04 3.107800211375584759e-04 3.174087968806285761e-04 3.258510723219157574e-04 3.285455446754068478e-04 3.368318412054721427e-04 3.499268975765480500e-04 3.451588863959482089e-04 3.237667448564929620e-04 3.263907585514807673e-04 3.355180199487556823e-04 3.223075571466484535e-04 3.221382819210317919e-04 3.454797518269863994e-04 3.524463255211669538e-04 3.345015140834015684e-04 3.126540160332838504e-04 2.985204874115222028e-04 3.115736292904209268e-04 3.350219821759748448e-04 3.441901770929295910e-04 3.531661554888570597e-04 3.554515126927724686e-04 3.515081306284192648e-04 3.442444967261992957e-04 3.345861495818279875e-04 3.253262176839480380e-04 3.186532430316356824e-04 3.248321606796536064e-04 3.295556884418133613e-04 3.287128223455993781e-04 3.328141903321791780e-04 3.401385613271257604e-04 3.330958727784387083e-04 3.181522372189686293e-04 3.252265409341276430e-04 3.392023900847254084e-04 3.340670887291443238e-04 3.196237318256966672e-04 3.310688898805365637e-04 3.491269367773769741e-04 3.360513001730527265e-04 3.134224839634247237e-04 3.015892129729511799e-04 3.109851484138836724e-04 3.306531131426094106e-04 3.395385672682828173e-04 3.380655918201127966e-04 3.422006884397244680e-04 3.395410744194138353e-04 3.282348913968330850e-04 3.154215072685730408e-04 3.070388677127722232e-04 3.040319696985371422e-04 2.787778886116548714e-04 2.388521419181437774e-04
2.141716124856262696e-04 2.861982813120344171e-04 3.359197898121502046e-04 3.359752026227925351e-04 3.217256845703239578e-04 3.215277827598641419e-04 3.324775141037520504e-04 3.351444212040195813e-04 3.240762274870491282e-04 3.216347793184379114e-04 3.349333054071328922e-04 3.465036858933204515e-04 3.535887679252909055e-04 3.466990293487386176e-04 3.271012524328055049e-04 3.259293927734369599e-04 3.416835276472013913e-04 3.394012018032655301e-04 3.196042849911407378e-04 3.009439370413803834e-04 3.038468375843348746e-04 3.288593960154069127e-04 3.452665196088551807e-04 3.436522054754402198e-04 3.437712430247444112e-04 3.399211010418533513e-04 3.323234986735275299e-04 3.279611472955995316e-04 3.232166483590782620e-04 3.220402603884316281e-04 3.216856032309740095e-04 3.288585709209035585e-04 3.389407446563364075e-04 3.275754061315075275e-04 3.249533775989980802e-04 3.500978282994655346e-04 3.488606939181671668e-04 3.203953637982946689e-04 3.148870763148957233e-04 3.348087107089802979e-04 3.487157166062534877e-04 3.443347192421890952e-04 3.321870412412237161e-04 3.141280899861141531e-04 3.049990725340750173e-04 3.121292049736877280e-04 3.190478447801176954e-04 3.284980975368957537e-04 3.313143694269142774e-04 3.397365920890109458e-04 3.446189164738893318e-04 3.293697676325718030e-04 3.137069356156397268e-04 3.198417215983171942e-04 3.208745274651568025e-04 3.040314912341248463e-04 3.084593365343264162e-04 3.365106763080425974e-04 3.513459528700079186e-04 3.428721844583679386e-04 3.202549172839609876e-04 2.942503384594935285e-04 3.037005897749493733e-04 3.316295616887009277e-04 3.408513687422105734e-04 3.463747074306903497e-04 3.464130384955770112e-04 3.516584927597974026e-04 3.607526042482083178e-04 3.545854906015332830e-04 3.400033204939923110e-04 3.272737774704797013e-04 3.279904538419022735e-04 3.367890492301824209e-04 3.379679896425270510e-04 3.314987117183958642e-04 3.341195244265535245e-04 3.317321674980528096e-04 3.205549383932128739e-04 3.241448353802349903e-04 3.367051685681318068e-04 3.300048878827637920e-04 3.087699724733093697e-04 3.189731785770023170e-04 3.472996922266935243e-04 3.480829408822247169e-04 3.351766161853675591e-04 3.216150791402227799e-04 3.130652978268800863e-04 3.202073349239983446e-04 3.370657647166399457e-04 3.397753621632504037e-04 3.347954311877210896e-04 3.272370722945579517e-04 3.208202023223447313e-04 3.196263839267978434e-04 3.178166838939289630e-04 3.166229349604767884e-04 2.840429415740670623e-04 2.304885533689462530e-04
2.155379555245402897e-04 2.817811801787599782e-04 3.267056510739254553e-04 3.354336548835481048e-04 3.288797417121396981e-04 3.217453346244781545e-04 3.221078148698704440e-04 3.185718827453984489e-04 3.061593327905006898e-04 3.133455025550592292e-04 3.368078115283213250e-04 3.545763775142449096e-04 3.575546563932835301e-04 3.426410034684455029e-04 3.296277146930772688e-04 3.328003164405057010e-04 3.446904684111760930e-04 3.468336961220604446e-04 3.333250421170509876e-04 3.099128862245351872e-04 3.036943552449166773e-04 3.210937928910627534e-04 3.421472769067954015e-04 3.502520531536660459e-04 3.583046910567241504e-04 3.622904028708702115e-04 3.538347590887388344e-04 3.386410241466989487e-04 3.277897817732808652e-04 3.283047044635401478e-04 3.263412385475809516e-04 3.270297237300208481e-04 3.356982881257044985e-04 3.309136283410702090e-04 3.316998442991571957e-04 3.545294336642977975e-04 3.493440768533507992e-04 3.196241901388580152e-04 3.187299861931365574e-04 3.465400843549701652e-04 3.588384460155639956e-04 3.479453822893295361e-04 3.358965821058597411e-04 3.253960096726073734e-04 3.243457174321177005e-04 3.349238821216103949e-04 3.442279635993850812e-04 3.611926925249814052e-04 3.615302737808320874e-04 3.489021443316278137e-04 3.312114261767422634e-04 3.118269995188883027e-04 3.106168590612941012e-04 3.250628067860416052e-04 3.253831356155278661e-04 3.114146612216910992e-04 3.130670435434088853e-04 3.249025204358594069e-04 3.389276005497938570e-04 3.482414565152751286e-04 3.367336078888183599e-04 3.100787923357974313e-04 3.066437358687624072e-04 3.274255730355246337e-04 3.359474397183882344e-04 3.322956103002580597e-04 3.243236263821738905e-04 3.352300413768752882e-04 3.541606539941957775e-04 3.552965457704278284e-04 3.497406017611193641e-04 3.403981243300717940e-04 3.360761624994103433e-04 3.421562449493668152e-04 3.434408601328113077e-04 3.290434697075886880e-04 3.278760863151214486e-04 3.370786905061475816e-04 3.341620050015655036e-04 3.321142202547752460e-04 3.413285456106254822e-04 3.436481093662947751e-04 3.251165249974922794e-04 3.243112958749869786e-04 3.459572895733241220e-04 3.528631114908651776e-04 3.557504392741033666e-04 3.531659458390638199e-04 3.294717911385324155e-04 3.160130390233250154e-04 3.314399735240245197e-04 3.390036207516001262e-04 3.351022795668094720e-04 3.284240991947861318e-04 3.297024496724113626e-04 3.401727376827123547e-04 3.390672380414545741e-04 3.317413627190916674e-04 2.908335318383471779e-04 2.267847186100524883e-04
2.205720570124533673e-04 2.860285750598833042e-04 3.237992993855712330e-04 3.296815696310370723e-04 3.337289601126262710e-04 3.330014749367824801e-04 3.255871967946030862e-04 3.205186122288074691e-04 3.123616393485591073e-04 3.202703472882293648e-04 3.415092547117040797e-04 3.577032225856070780e-04 3.584958866050391843e-04 3.394195433476284839e-04 3.241532218530187963e-04 3.291242721375915161e-04 3.450740475171914720e-04 3.554276661506888205e-04 3.477436967050420952e-04 3.264076319623103028e-04 3.204480808680728503e-04 3.251812804121568352e-04 3.323340808637105775e-04 3.403027083541164746e-04 3.556821926363898725e-04 3.653853883519906742e-04 3.539051716898645355e-04 3.346972336451408975e-04 3.288628208397143112e-04 3.369468210153876968e-04 3.317255355857724004e-04 3.207744706978033411e-04 3.229317369394598021e-04 3.297178637145407941e-04 3.443506573166951008e-04 3.536367116353075941e-04 3.323647295682948606e-04 3.120128941923785287e-04 3.260028020411829663e-04 3.584218476402006946e-04 3.646538676941179385e-04 3.412765806343005717e-04 3.206780794220714806e-04 3.228223673241003427e-04 3.394406701168726798e-04 3.495658228336286305e-04 3.507194869445409919e-04 3.666080752499746923e-04 3.671695557019989914e-04 3.435666471400284239e-04 3.178072012701545429e-04 3.099034739035604275e-04 3.261491318002442998e-04 3.426764299609279555e-04 3.395031583198261128e-04 3.306842918519736123e-04 3.297927924838574840e-04 3.282064169177526490e-04 3.335590878039140241e-04 3.464068398050997597e-04 3.463907921209549517e-04 3.364466775217295940e-04 3.299324175003811753e-04 3.397943764174323053e-04 3.448716385212547081e-04 3.332274026845250610e-04 3.171437692871249782e-04 3.196683779733038087e-04 3.315804681500591307e-04 3.352670484309812175e-04 3.377773721852257694e-04 3.317714189505583462e-04 3.286751167829454626e-04 3.358847919646754240e-04 3.359934901169474948e-04 3.230481132157121834e-04 3.212506074372442513e-04 3.320529826546184810e-04 3.310553837489933239e-04 3.248368096777432597e-04 3.330677108569021923e-04 3.495319119562052520e-04 3.451233925256054665e-04 3.409286198987814486e-04 3.472504203839971550e-04 3.440133703013988119e-04 3.445042979723704447e-04 3.455163403763349497e-04 3.291419825379491388e-04 3.207641668542909842e-04 3.401631015401549623e-04 3.497058002145394476e-04 3.476866242727898659e-04 3.406986349581344752e-04 3.381628578061951951e-04 3.451449367014060841e-04 3.404619863709019674e-04 3.329426416285617219e-04 2.948719142070500040e-04 2.305122359712245394e-04
2.220209868751050379e-04 2.920220031945245775e-04 3.281483199983269931e-04 3.244644955812033557e-04 3.311473997849936901e-04 3.468303795232778337e-04 3.469496153611016350e-04 3.433133532998209692e-04 3.345124793945996721e-04 3.269186429473832029e-04 3.281103089270243707e-04 3.407157206858727480e-04 3.503223824271087770e-04 3.398095249890603067e-04 3.203944975571067309e-04 3.153087791411994046e-04 3.296369559410811893e-04 3.413957548107038288e-04 3.376963338076113949e-04 3.335951068333781969e-04 3.423932672430638055e-04 3.349997718946562614e-04 3.183122628463055503e-04 3.212535257692501539e-04 3.397760896583392593e-04 3.463350799291412376e-04 3.316234049707711840e-04 3.214785974268201873e-04 3.296547605784091984e-04 3.416617361481251447e-04 3.323452521472831456e-04 3.141578473374301685e-04 3.128485269717361694e-04 3.355144802726484467e-04 3.607179476115497034e-04 3.465058420903527336e-04 3.103511885621716791e-04 3.112628818206989020e-04 3.420794891924853641e-04 3.671451626951784380e-04 3.584681811888710602e-04 3.254305617186254232e-04 3.090130350482591260e-04 3.242647363343857149e-04 3.387251028091816394e-04 3.312316065338469923e-04 3.221788963448345144e-04 3.320162558366952267e-04 3.399715627913413632e-04 3.332467115141463619e-04 3.188447852421979643e-04 3.182606789570423950e-04 3.366648190989196326e-04 3.503001586606357401e-04 3.484351772198082935e-04 3.446751218676644135e-04 3.410547311816821813e-04 3.346267939588486217e-04 3.339696026773558701e-04 3.406663600232109988e-04 3.417092711062135867e-04 3.446660642576749017e-04 3.421553446699759568e-04 3.468185081678939801e-04 3.569864623008919043e-04 3.500746305740403265e-04 3.259802727284615790e-04 3.150297134473262098e-04 3.260390252618531833e-04 3.311119887217694232e-04 3.311867553019828196e-04 3.261261762254988620e-04 3.292857940036132539e-04 3.419543705526762161e-04 3.418993345922591732e-04 3.324750350258068440e-04 3.240229685909938508e-04 3.235317738122850308e-04 3.222504876812918879e-04 3.215678187136293683e-04 3.343665433021352179e-04 3.508036243931480884e-04 3.478736637881075502e-04 3.417137678990253449e-04 3.384108589307457363e-04 3.310812313623028480e-04 3.251148809234154224e-04 3.246361807473932895e-04 3.237135239682719778e-04 3.260992281988228983e-04 3.441744043599164696e-04 3.568797414626825350e-04 3.589428128507842473e-04 3.512324481281462862e-04 3.402191796053408027e-04 3.351960897640576852e-04 3.277500382514846869e-04 3.247233603665227700e-04 2.910825732367844994e-04 2.255419546284353300e-04
2.178960772544224253e-04 2.864174343700462443e-04 3.177236896818815990e-04 3.057742459766130778e-04 3.139264123560427198e-04 3.417832990731406733e-04 3.539730363273000486e-04 3.579593634136844327e-04 3.510004803487132459e-04 3.327356993579993734e-04 3.153664114662068935e-04 3.187893991283980702e-04 3.327622678297861370e-04 3.331403659497009337e-04 3.256880283140538767e-04 3.224902818288978763e-04 3.265413781043627773e-04 3.285646349789845882e-04 3.274300907428603024e-04 3.381902485956071389e-04 3.545969988550123648e-04 3.433237092956680772e-04 3.173592333881134365e-04 3.172692180783500434e-04 3.349297171141464710e-04 3.402335788979968202e-04 3.261011384633324072e-04 3.198101981303975755e-04 3.295332094580068379e-04 3.397252043159121478e-04 3.391267589569048422e-04 3.309613821070314047e-04 3.257559472006937482e-04 3.432013431313052799e-04 3.594713928109705874e-04 3.357323857016841773e-04 3.062823474812192059e-04 3.186000796469597011e-04 3.486537196710445298e-04 3.622533919586819716e-04 3.453609697647021487e-04 3.128840110264955615e-04 3.044359213850063046e-04 3.203054077846140225e-04 3.217334263590746640e-04 3.021569204176081090e-04 2.930967488268350265e-04 3.014532122836111831e-04 3.177538965089350600e-04 3.288008657430018336e-04 3.297536114881667547e-04 3.385357679672655693e-04 3.496914070045861311e-04 3.496771752885424224e-04 3.448385393480672191e-04 3.444671128808912599e-04 3.407793352275416193e-04 3.317602229560265336e-04 3.276356547210820943e-04 3.272655028719373199e-04 3.263953629983083271e-04 3.374771318451754917e-04 3.401615208226761765e-04 3.380678869346808108e-04 3.458752626041765137e-04 3.482030305525028561e-04 3.295203061132818880e-04 3.155753839216338640e-04 3.334939216350082470e-04 3.469287044791325098e-04 3.427090033721755464e-04 3.371498481989455625e-04 3.458771199494936653e-04 3.620579324580295655e-04 3.620807747564621943e-04 3.473949651401850042e-04 3.264978383751741082e-04 3.160269293034834626e-04 3.145013534263463111e-04 3.206028061081474820e-04 3.394072923846662947e-04 3.474292835994541523e-04 3.374009981067881527e-04 3.358004918245087759e-04 3.376494362558110770e-04 3.383169757156810663e-04 3.337803535421326280e-04 3.265708493689066820e-04 3.210675066623022494e-04 3.184984325500560612e-04 3.270661951183792332e-04 3.404847615501017900e-04 3.455080155017392824e-04 3.395839805008503973e-04 3.302901452604848579e-04 3.257343279385922384e-04 3.273779439307143062e-04 3.283505682207390553e-04 2.944289546247185287e-04 2.305588844140279178e-04
2.076475559977633860e-04 2.722688904199595424e-04 3.061007263063428817e-04 2.994551941710939290e-04 3.052132826097106780e-04 3.294050417403539656e-04 3.448466362015437017e-04 3.479132229546818850e-04 3.379489995254213305e-04 3.277813068729467294e-04 3.162436229170271108e-04 3.081177804646463656e-04 3.117766583597893649e-04 3.141747160205955887e-04 3.239867830549789975e-04 3.363357555282291697e-04 3.391705095343628567e-04 3.343702216545734515e-04 3.296301433628819229e-04 3.361358453534580171e-04 3.479955674495166604e-04 3.435518944784753830e-04 3.252374154957464003e-04 3.234182146027200474e-04 3.355873898100977587e-04 3.426892747635305837e-04 3.357067477513292399e-04 3.252168210253483186e-04 3.221397601276393668e-04 3.284487971924332245e-04 3.405725850342384794e-04 3.440635059582744385e-04 3.373884476627120647e-04 3.471031724798641859e-04 3.508008188675838367e-04 3.297049989250025025e-04 3.155813010987791015e-04 3.277512936221999452e-04 3.480849827221380098e-04 3.562446706372919287e-04 3.445768637972663291e-04 3.209468434344580311e-04 3.108603874991280424e-04 3.159124883270141406e-04 3.126095946303794832e-04 3.007496202985128616e-04 2.983049683527423885e-04 3.037931268256537760e-04 3.189580644196205080e-04 3.269506810014523920e-04 3.286189221662434625e-04 3.448563817911198706e-04 3.560066043109271655e-04 3.508938235125864816e-04 3.428453564746623849e-04 3.373016225191991413e-04 3.291882312176211195e-04 3.262556778234344378e-04 3.265035987986965142e-04 3.199462682952812715e-04 3.196105611166700665e-04 3.359253987792124984e-04 3.396785448894354344e-04 3.267983221142224995e-04 3.208079813689846045e-04 3.305333179383641005e-04 3.309594597025011364e-04 3.202359383955773750e-04 3.357906867390230516e-04 3.580137563138009369e-04 3.566740454955120011e-04 3.472274865037095794e-04 3.525933712123088880e-04 3.675112549947723121e-04 3.653271282576709029e-04 3.422177486680426199e-04 3.220574133539074141e-04 3.168121002042132827e-04 3.178931051975633615e-04 3.231661807043855394e-04 3.360120839201683482e-04 3.393609958748757590e-04 3.280019236616994998e-04 3.269050805772328759e-04 3.310300946972260334e-04 3.420780890966470525e-04 3.509679030424245187e-04 3.438087278671106851e-04 3.304225626754139409e-04 3.236353064192887740e-04 3.205875896669692230e-04 3.193459449471362853e-04 3.208950997908597896e-04 3.251973480214615810e-04 3.238843109487152131e-04 3.208119130339868509e-04 3.322516927043977358e-04 3.395008723283881929e-04 3.057905381562213117e-04 2.404528089169351659e-04
1.933173497611990945e-04 2.544431501528144203e-04 3.008113854142672365e-04 3.162864301206030752e-04 3.199847437517768997e-04 3.324557180930126253e-04 3.454120927014927688e-04 3.390371053192913061e-04 3.282725489821602450e-04 3.329340727311727631e-04 3.377318889000305909e-04 3.254506693410528758e-04 3.143948342031762213e-04 3.116898641785872818e-04 3.218932328253270680e-04 3.370588928904074419e-04 3.454254884499812070e-04 3.415244936250643858e-04 3.314739097181523602e-04 3.326813929598402674e-04 3.404211284940467683e-04 3.387262041115723932e-04 3.312942218722424647e-04 3.304361441093968659e-04 3.301034508435848436e-04 3.265972628449915170e-04 3.237734289679188764e-04 3.186939637159451463e-04 3.152157874250281593e-04 3.214041334193982113e-04 3.321752890042238560e-04 3.365079569464750732e-04 3.361983332373769378e-04 3.524573377115971617e-04 3.592420134949299597e-04 3.426030297040938118e-04 3.278715628775574764e-04 3.337345440126945656e-04 3.518213524909016387e-04 3.586958768862546013e-04 3.494384348782345897e-04 3.358605736194599824e-04 3.301065090848389954e-04 3.286259869892094697e-04 3.216428907517618146e-04 3.210437147949653193e-04 3.292398374125021310e-04 3.307198528315914146e-04 3.336541316080994871e-04 3.277848668574532415e-04 3.173782547177544803e-04 3.212696879527294005e-04 3.291993355903312032e-04 3.307804954974688212e-04 3.301567452621566898e-04 3.272301867777723623e-04 3.262336385609129058e-04 3.373277506706239730e-04 3.396538676305090325e-04 3.282686082212164964e-04 3.292623805652884089e-04 3.421102423920822791e-04 3.388489751890181255e-04 3.227119034304694258e-04 3.115019980673513654e-04 3.184014366302460137e-04 3.288729524453525314e-04 3.253872827219463386e-04 3.326131047798303693e-04 3.534777954017297684e-04 3.538118663479064368e-04 3.397015883910989515e-04 3.394410419316108035e-04 3.510697696833515275e-04 3.486203288544377737e-04 3.318225950134584892e-04 3.254172823788308673e-04 3.220121116808857776e-04 3.220557609413883158e-04 3.319150221935678480e-04 3.406793444175409101e-04 3.429717301365863566e-04 3.319296316875081955e-04 3.220544403418110322e-04 3.185882263641203935e-04 3.288686174743828865e-04 3.459679549173532830e-04 3.503035509220213785e-04 3.424328170360668310e-04 3.392528705968050526e-04 3.337842256438438887e-04 3.221799168232438631e-04 3.246823590193831984e-04 3.443148700819048235e-04 3.474837388056032229e-04 3.317054095544722143e-04 3.365668346221799647e-04 3.448947858390566910e-04 3.096243336741637004e-04 2.383761030695044517e-04
2.009155257734244961e-04 2.603002203665197214e-04 3.091110640820770358e-04 3.363291806001111038e-04 3.414370051565119809e-04 3.430948760449974546e-04 3.474154680138251839e-04 3.357012413815644658e-04 3.342087000920479284e-04 3.450285443106318223e-04 3.547375518409821870e-04 3.464239379089471219e-04 3.291661653098509714e-04 3.243112350227594790e-04 3.295096837851385022e-04 3.334272217810119762e-04 3.391598696258288229e-04 3.400117658725736744e-04 3.302330033152770699e-04 3.332566269505340593e-04 3.426647638326133817e-04 3.420379000736047375e-04 3.390469669230628501e-04 3.357904581735151684e-04 3.292226594247283636e-04 3.176116193895167053e-04 3.117789943655658756e-04 3.133243313171404140e-04 3.182650788077582551e-04 3.272324036428958006e-04 3.312965637935099458e-04 3.321050527320460171e-04 3.353316255956388962e-04 3.543981315610522176e-04 3.668877052187594599e-04 3.523051139215670267e-04 3.292123913773249222e-04 3.254952064698177780e-04 3.387192744962651486e-04 3.462671188087431545e-04 3.427720918679207996e-04 3.393155003939324257e-04 3.449028159164134921e-04 3.481126754751191744e-04 3.405293633999817156e-04 3.431067345543857734e-04 3.503751275283574409e-04 3.416048693753515660e-04 3.324600574103562254e-04 3.260802736446272707e-04 3.167320235202469641e-04 3.102027791068592507e-04 3.061935411117821864e-04 3.059668892524834618e-04 3.132208938576656323e-04 3.237861934026627607e-04 3.401769181895977897e-04 3.541481307586214714e-04 3.452146577447799116e-04 3.305851515752554872e-04 3.357490144193527428e-04 3.464533284918219986e-04 3.379292146774757165e-04 3.309740479027106536e-04 3.274275399742651517e-04 3.205196688465335089e-04 3.189520821326221603e-04 3.234941219433528931e-04 3.327805851288831397e-04 3.484476616998057269e-04 3.408515199394295979e-04 3.247040466353708988e-04 3.220007694340513787e-04 3.248508194906244567e-04 3.275755041263367926e-04 3.304034194093535479e-04 3.335677831068620171e-04 3.232264615898919856e-04 3.217237720273537173e-04 3.395246189440785092e-04 3.502322228054096645e-04 3.562212843019026479e-04 3.464900431059884760e-04 3.293306222673285594e-04 3.188685593605500497e-04 3.149932543204651434e-04 3.211475324247902710e-04 3.323075973381652611e-04 3.344799642050849632e-04 3.383979583854864696e-04 3.446169731202059524e-04 3.433417671519847238e-04 3.463834698425622294e-04 3.628214463692184307e-04 3.628895826105988450e-04 3.391916140292631707e-04 3.358414201739578814e-04 3.408763781549489173e-04 3.020681201313725776e-04 2.303639888642517440e-04
2.126551174696219909e-04 2.825814553257161065e-04 3.267745489530068568e-04 3.435053414156327700e-04 3.494119842018153076e-04 3.478055127788964060e-04 3.435053877732152021e-04 3.323177657078597988e-04 3.331020892492287180e-04 3.336564443113883998e-04 3.411977976418635898e-04 3.504322593468159634e-04 3.432250417781557584e-04 3.395094408682031552e-04 3.383439200267600267e-04 3.283445835027181477e-04 3.225580952083065408e-04 3.214207921733697572e-04 3.111229150997641877e-04 3.133864286022343491e-04 3.298200913013709604e-04 3.410947697087435304e-04 3.372877783456659393e-04 3.292302389070035726e-04 3.349589773936004081e-04 3.351284745495819971e-04 3.300541514067924665e-04 3.312317461105473418e-04 3.345129468903283243e-04 3.378762679298822486e-04 3.309629863057400633e-04 3.201230914940060134e-04 3.212507393054603051e-04 3.401145605982688457e-04 3.511778258267049145e-04 3.355227983448170570e-04 3.129875541699480256e-04 3.109038802282997689e-04 3.223193598496803831e-04 3.321455420074935190e-04 3.391354105391508091e-04 3.418831440162071285e-04 3.415166012433138581e-04 3.454704422818032604e-04 3.459633214078737529e-04 3.493413005088474355e-04 3.486747593274880830e-04 3.369431682245882065e-04 3.267566485510462414e-04 3.246753924612361076e-04 3.230854512603577224e-04 3.215922072478246351e-04 3.146126620914543371e-04 3.073344451532153236e-04 3.122578384961413101e-04 3.280081895257099802e-04 3.487933832512028743e-04 3.548185119916766653e-04 3.394575980835301695e-04 3.294292941452837118e-04 3.394985706680528868e-04 3.510307401760184636e-04 3.424124330510890210e-04 3.419275456775327355e-04 3.450421858106967384e-04 3.339795943958346171e-04 3.188247990059540600e-04 3.229983504595164553e-04 3.383361544959862703e-04 3.482253311967831817e-04 3.293428347857363511e-04 3.107748437849563918e-04 3.082611085171861175e-04 3.058670936636655050e-04 3.133117183069841338e-04 3.341046042531894207e-04 3.411001423308630213e-04 3.244182256082501093e-04 3.220534935854923986e-04 3.392012874410759533e-04 3.500288820768368689e-04 3.585767205906082236e-04 3.502299541369139789e-04 3.339338095576374144e-04 3.257301274121115553e-04 3.126035545994635778e-04 3.060806339632651005e-04 3.165536496190467231e-04 3.205819964808136755e-04 3.248967850452782156e-04 3.439160040687440313e-04 3.551169894979982881e-04 3.492902800423984349e-04 3.472795186845844119e-04 3.415164571718193234e-04 3.235950239668129984e-04 3.213467678745509683e-04 3.265768270127826630e-04 2.880937642621773150e-04 2.199164538989509363e-04
2.041326618558132549e-04 2.857973963969731492e-04 3.302597509582537081e-04 3.345830547528893476e-04 3.405569733793201224e-04 3.452156867357024372e-04 3.412785849962154039e-04 3.361748799904900470e-04 3.350738528042038504e-04 3.250196108016194197e-04 3.324289844882263563e-04 3.507069161066280567e-04 3.478111908204467454e-04 3.440608495275719147e-04 3.382934731137346397e-04 3.244591380097575713e-04 3.174038956625246802e-04 3.142600110813046190e-04 3.008662996084754014e-04 2.997338414571067361e-04 3.207191147449644153e-04 3.397976382656329726e-04 3.335113203283899381e-04 3.213272517005828430e-04 3.350979883692296879e-04 3.499399436049021803e-04 3.493943882045306374e-04 3.466664982210831275e-04 3.441155944650748570e-04 3.396742466006608856e-04 3.246812261224934007e-04 3.061928766713988307e-04 3.072081032877583954e-04 3.258532303548533821e-04 3.360179079760033352e-04 3.247324710701572680e-04 3.102461287874209105e-04 3.118234228433236412e-04 3.242845406676469794e-04 3.347742674608233764e-04 3.398042969696153225e-04 3.400980579438359769e-04 3.309607773669231544e-04 3.271041783536284605e-04 3.289187937432915638e-04 3.347239661232492597e-04 3.341031378184426215e-04 3.293166248136194249e-04 3.223751674924888073e-04 3.204663323612670254e-04 3.253499161585269228e-04 3.371857903112563705e-04 3.394307345791894087e-04 3.279932440396227675e-04 3.237170510933176778e-04 3.336380361462216830e-04 3.438360603209314969e-04 3.416380854044373310e-04 3.341638754727751723e-04 3.347367729842176784e-04 3.427947947444499898e-04 3.435993412940396754e-04 3.317936793653873369e-04 3.322103002428579118e-04 3.375661558636138719e-04 3.347704547280650660e-04 3.208134383686065847e-04 3.234939994232030516e-04 3.419670128816180684e-04 3.495978414552210331e-04 3.299723694578514019e-04 3.105758121445210680e-04 3.062074913331540305e-04 3.032838971389170864e-04 3.080701030668148719e-04 3.323430118363286559e-04 3.414273877836728984e-04 3.261232340404441373e-04 3.207613049099960968e-04 3.341947935396891514e-04 3.466920462109804703e-04 3.515497667450198432e-04 3.393694196138275269e-04 3.285559938355894142e-04 3.365400223576618102e-04 3.307451830587230385e-04 3.208543509227664058e-04 3.299513813480147838e-04 3.285231788022463907e-04 3.231619021215879667e-04 3.387051262877846091e-04 3.501522912031495975e-04 3.347339667234980548e-04 3.197898139547083866e-04 3.133491016991552663e-04 3.087802266538966414e-04 3.171979279646666618e-04 3.276712215466454233e-04 2.903631912047145215e-04 2.228917447292178466e-04
2.106464669510964304e-04 2.851488390365335981e-04 3.278078335196090744e-04 3.293598486439325681e-04 3.282118952063727002e-04 3.341607621135821615e-04 3.355511934982064034e-04 3.380582685233064766e-04 3.428070756671891344e-04 3.328067196868142105e-04 3.332064883835094771e-04 3.454410811344579184e-04 3.443052989598986572e-04 3.410558276407973607e-04 3.366300846141382676e-04 3.292599916120417052e-04 3.266429384192412748e-04 3.241848006334212533e-04 3.132367358187877846e-04 3.082382964645201005e-04 3.217412088039280950e-04 3.379722401723939855e-04 3.360232625761355491e-04 3.244211831593435706e-04 3.251819594683933693e-04 3.360772380676747871e-04 3.359320804521521509e-04 3.301477536227372762e-04 3.354174868610797352e-04 3.406800533975509184e-04 3.312352405457624901e-04 3.151866391261473111e-04 3.102516736328574977e-04 3.230201865483773660e-04 3.333492019732806934e-04 3.238080174110878986e-04 3.190378684682109085e-04 3.236120854631093858e-04 3.338016705124693300e-04 3.446415496947915526e-04 3.444990990476840182e-04 3.342428761104625006e-04 3.217296216848579806e-04 3.155441884503065340e-04 3.163691845802864321e-04 3.257973671050867380e-04 3.302825839189025355e-04 3.290553233406565223e-04 3.234361929643876578e-04 3.221755363387602536e-04 3.296958372864113940e-04 3.469477868510233132e-04 3.550318548369368692e-04 3.460660924853323434e-04 3.380825290104203960e-04 3.362577825764131393e-04 3.309564516621138312e-04 3.291174591514476298e-04 3.359859743259980451e-04 3.391188145313953637e-04 3.396734869022289020e-04 3.302689176414327736e-04 3.149950779533134434e-04 3.174633590682619192e-04 3.302739254823366683e-04 3.383157909603711497e-04 3.285178321416134953e-04 3.262435930925599681e-04 3.383050538325149507e-04 3.449457179589548051e-04 3.404013600367690028e-04 3.341182573300950057e-04 3.271455325900777655e-04 3.166644383066335305e-04 3.167136363487614873e-04 3.354724557225571466e-04 3.397617567711628812e-04 3.278752060862928207e-04 3.183259204365093990e-04 3.258939512823223967e-04 3.369061488730731467e-04 3.401303273364223020e-04 3.321181371542212017e-04 3.290148393922982676e-04 3.451770508425266461e-04 3.421579883748352606e-04 3.333569924096924943e-04 3.433870705612728728e-04 3.439169902290733181e-04 3.349198123214354146e-04 3.409622693068138210e-04 3.506866338730451000e-04 3.363802286018973959e-04 3.185007948642810472e-04 3.106985434974709722e-04 3.129496410089746073e-04 3.263635200359613748e-04 3.336481953889928282e-04 2.929942762842390651e-04 2.309735245028833313e-04
2.177486973113125631e-04 2.811501003514887053e-04 3.263751875129762884e-04 3.332793577316512865e-04 3.227257987488562794e-04 3.228434116839273577e-04 3.258735255601251119e-04 3.289053311825637367e-04 3.391324883077282554e-04 3.346070905907605909e-04 3.225930347037286395e-04 3.258286914268243356e-04 3.337524074028689128e-04 3.342295082288438443e-04 3.369062660747503294e-04 3.395704224403380575e-04 3.350622746711225553e-04 3.300610428651330839e-04 3.239621331982901926e-04 3.144565294983632997e-04 3.183192742117363925e-04 3.330532297203108458e-04 3.406686679886622394e-04 3.330107933959710036e-04 3.202751962330895302e-04 3.235316085979754583e-04 3.219871944040203124e-04 3.132599099159958256e-04 3.247480384579267592e-04 3.425240209002488462e-04 3.400934316371331248e-04 3.295868089561341608e-04 3.212605039634379542e-04 3.277778457663511761e-04 3.392427435964309734e-04 3.308107717853430037e-04 3.292001233493911183e-04 3.286783201034670617e-04 3.264332699632863143e-04 3.347215225267506644e-04 3.459048040971536217e-04 3.392295410338608611e-04 3.191982654687864143e-04 3.064559812216074031e-04 3.104097117404651645e-04 3.290155934351822811e-04 3.435639078106153804e-04 3.417495090392296290e-04 3.351146559311635144e-04 3.359688130509740599e-04 3.383986605496395171e-04 3.412602030724397459e-04 3.435128049146912417e-04 3.411938298547131021e-04 3.346500524965852338e-04 3.253405155629584536e-04 3.151571083385388151e-04 3.205373876872952147e-04 3.317067225966584786e-04 3.285184868101158470e-04 3.288316873181970634e-04 3.273186026699511069e-04 3.172889981451011742e-04 3.234153643180843465e-04 3.442445323601372618e-04 3.546927660576276904e-04 3.411375080093281094e-04 3.310869923027215129e-04 3.307443182928313853e-04 3.311702981911371899e-04 3.420810240000693404e-04 3.548463468201177337e-04 3.511147335867836308e-04 3.345890430127147460e-04 3.349459085573712773e-04 3.478543185105462056e-04 3.412015473331476241e-04 3.254871561637209614e-04 3.102460205354950953e-04 3.090694071593944482e-04 3.142618481771834683e-04 3.190747077329189564e-04 3.247501791491958639e-04 3.390430225333351420e-04 3.533670698590466006e-04 3.377939227049068073e-04 3.280353743252868172e-04 3.409725311670520074e-04 3.462772680661973103e-04 3.326761259731847485e-04 3.296318110268852330e-04 3.418370232965130479e-04 3.406454116264497111e-04 3.289195005466919852e-04 3.206047323913891215e-04 3.278376696441351584e-04 3.428642435083579165e-04 3.374388025105076088e-04 2.861882196574697763e-04 2.235232400744018673e-04
2.005660620308882965e-04 2.637206184942727811e-04 3.208878166776375773e-04 3.380957325655651290e-04 3.298396963881812896e-04 3.274242659178129306e-04 3.256712327194745296e-04 3.201312231828086887e-04 3.262959014569390896e-04 3.266660383434266115e-04 3.177108200260093549e-04 3.175054073732177769e-04 3.279365434546706141e-04 3.334301196507680372e-04 3.405718603649227679e-04 3.410431848626351492e-04 3.305175109971881468e-04 3.322523825459161714e-04 3.393485392276120562e-04 3.305938095327636971e-04 3.265722523734216568e-04 3.354511362094480826e-04 3.420271268190304935e-04 3.382352322272759188e-04 3.312760312446927369e-04 3.316556738272846412e-04 3.274875352723973735e-04 3.190845415778806012e-04 3.237219904982300525e-04 3.381864823479583185e-04 3.352822781993049618e-04 3.258066553860112396e-04 3.222071510239012029e-04 3.241700969763285328e-04 3.314123224994898996e-04 3.304664084048144872e-04 3.356953311091018916e-04 3.358261386664976702e-04 3.268258803929106893e-04 3.285189209272163500e-04 3.453493406298132045e-04 3.490244718838038124e-04 3.270476732168702320e-04 3.041402160976579413e-04 3.079329506238092902e-04 3.330967038484866118e-04 3.520870775530260182e-04 3.458459324533164981e-04 3.340629507978820373e-04 3.362688935402800968e-04 3.380271590956455876e-04 3.340677659588821074e-04 3.338437735790169333e-04 3.362977921257476405e-04 3.319232593942291593e-04 3.230000864498631550e-04 3.142205647707500067e-04 3.166381407346598740e-04 3.224345744291681553e-04 3.196614582259880251e-04 3.238706707740943917e-04 3.319479441328464188e-04 3.296323862477016330e-04 3.393675201729536798e-04 3.603121611844493618e-04 3.598717375412553883e-04 3.373757479500006555e-04 3.296132646761481080e-04 3.301998707166175009e-04 3.277608345449399552e-04 3.359924247960671554e-04 3.466689176586403281e-04 3.475105671780547782e-04 3.416223097791686015e-04 3.467286087658477678e-04 3.489676765874358657e-04 3.389615320303979639e-04 3.342966968573692120e-04 3.276512859587260291e-04 3.191817488457357791e-04 3.097584066975505668e-04 3.087714323931456503e-04 3.217353335657545214e-04 3.477639256546393755e-04 3.610249222119243841e-04 3.402094841796655532e-04 3.286897383747013979e-04 3.400434303321258874e-04 3.434761594852357301e-04 3.193467697101439037e-04 3.050314381850673735e-04 3.173986434752692565e-04 3.326714350764444221e-04 3.300494606489998584e-04 3.242492379206623164e-04 3.370500019443873393e-04 3.531882199175893412e-04 3.351226231841709685e-04 2.747309531915074349e-04 2.084839840582318764e-04
1.877060618523497884e-04 2.480023860544161790e-04 3.098879321114761756e-04 3.335871406250651844e-04 3.318906294308662016e-04 3.320848040339522789e-04 3.337692939070628943e-04 3.293638496750798039e-04 3.265896284008690600e-04 3.221204736390115416e-04 3.214811275790471334e-04 3.206785945131029403e-04 3.291437447085649457e-04 3.444053097885111346e-04 3.516738500859302972e-04 3.360629297279226694e-04 3.173080036759532915e-04 3.293503299383585990e-04 3.504636410555320852e-04 3.478465053947126960e-04 3.405012688033190113e-04 3.399777085000800438e-04 3.399603178359344828e-04 3.446588522702098830e-04 3.497125825579221648e-04 3.411911509286824412e-04 3.298447251658592544e-04 3.239468627857258710e-04 3.244864850590527348e-04 3.312531097898911486e-04 3.268837768332250059e-04 3.182145248074059064e-04 3.193201170753803136e-04 3.201404928451949470e-04 3.163286445629702698e-04 3.113930396289668612e-04 3.269279355397242169e-04 3.478259982686804580e-04 3.478583515843534707e-04 3.397039042745252785e-04 3.395073166399198645e-04 3.425669699856520611e-04 3.335465155830877196e-04 3.150896288036617596e-04 3.147084856766057268e-04 3.322179146565660841e-04 3.416459776105725855e-04 3.317907152558016823e-04 3.189705359924112794e-04 3.207474655898901795e-04 3.290272124786707995e-04 3.361597344362674900e-04 3.392814048063888554e-04 3.401545913958533055e-04 3.421447043353771948e-04 3.428033162801690783e-04 3.355986122722617480e-04 3.270840980149470169e-04 3.255513264167082116e-04 3.244445915257501614e-04 3.282240723747656386e-04 3.400575193231212363e-04 3.421197111708585261e-04 3.457752885138089694e-04 3.531972844819537545e-04 3.421833932768518667e-04 3.215243704721473242e-04 3.232559125660401439e-04 3.317394276376211181e-04 3.295073660710230376e-04 3.239729546889343059e-04 3.222307899090208526e-04 3.289617773393743033e-04 3.392046525381025050e-04 3.433387476067744455e-04 3.285617943254527445e-04 3.230229210324605431e-04 3.450478725585037678e-04 3.591859810656229299e-04 3.493288359278112244e-04 3.254587222518852928e-04 3.144987330144973772e-04 3.253681304562685964e-04 3.435727510302437424e-04 3.537677980102143897e-04 3.455804783567129187e-04 3.372383591159956880e-04 3.426439147444568906e-04 3.464881919929095741e-04 3.263678852947060746e-04 3.044041480530937458e-04 3.044402380303582335e-04 3.246724841462516513e-04 3.291812109409831644e-04 3.256602001505685051e-04 3.385786816618273224e-04 3.548625394241818683e-04 3.363722695307676432e-04 2.749464435109913668e-04 2.046708607290390449e-04
1.927214373350970105e-04 2.476471963258359958e-04 3.047594782455751274e-04 3.251726398120363421e-04 3.212426463137608773e-04 3.261119634688620602e-04 3.423211519092887820e-04 3.492322339383712175e-04 3.434073609163350673e-04 3.326426942599951058e-04 3.266973540340478797e-04 3.198782684269852860e-04 3.299759131756981284e-04 3.569293903182818974e-04 3.664165515945079672e-04 3.459096815154441063e-04 3.239129874551065994e-04 3.331200823118675089e-04 3.506294402349145831e-04 3.496130966571008632e-04 3.474977665539676509e-04 3.432871053699159260e-04 3.359334264883840617e-04 3.428488936280104380e-04 3.513118409134984325e-04 3.396341673535181499e-04 3.259910192627047429e-04 3.242468562721692029e-04 3.256400435063662403e-04 3.280512764794192137e-04 3.240542156557742149e-04 3.180650784226148357e-04 3.174038991145444375e-04 3.180165681864376365e-04 3.166000095815340231e-04 3.129318514005371109e-04 3.228854546900885008e-04 3.437907218153515897e-04 3.485024873180124863e-04 3.340438701491767930e-04 3.185542603865809761e-04 3.249132785004108545e-04 3.381958747756013588e-04 3.368535594715692466e-04 3.309429488048485756e-04 3.357497233110872271e-04 3.398547539625000201e-04 3.312343405314481124e-04 3.195710660307140389e-04 3.189966436868030167e-04 3.303721216646802843e-04 3.423281393823276531e-04 3.390827823871867116e-04 3.319768180664217812e-04 3.412948473655480789e-04 3.534323251313153036e-04 3.500525747294468701e-04 3.368917867226962361e-04 3.304111088853795724e-04 3.267053656851688290e-04 3.300952663781262387e-04 3.445049282660558529e-04 3.438863322073492561e-04 3.345313389578615610e-04 3.320979361405895823e-04 3.262005765077774034e-04 3.179609138495457848e-04 3.234619577884741137e-04 3.364022927413723983e-04 3.392309966052365852e-04 3.240676025275891683e-04 3.127294452724414028e-04 3.183455940995173457e-04 3.299401330240528483e-04 3.314532699480816826e-04 3.114314505295004052e-04 3.066274354230330958e-04 3.357184683052224410e-04 3.583398723856763383e-04 3.576097800815627114e-04 3.415095702379838255e-04 3.311071027475149500e-04 3.338502921419468747e-04 3.412435274276701949e-04 3.530818412245188527e-04 3.552245692340980760e-04 3.413540436228621974e-04 3.356798258830527787e-04 3.414240982277036429e-04 3.416023493189357428e-04 3.313070832075110084e-04 3.255940696759202662e-04 3.426813033758031651e-04 3.481890040456861457e-04 3.381480632087367766e-04 3.377559617974965935e-04 3.500478288278627650e-04 3.457817979914290952e-04 2.942789949371109196e-04 2.207767770924246443e-04
2.014623107772596836e-04 2.573215028417473243e-04 3.104301768697271375e-04 3.239208066857001203e-04 3.142069447206323777e-04 3.230619739456685015e-04 3.501295081121585441e-04 3.616416100221191924e-04 3.551404058084827830e-04 3.466480423075881702e-04 3.407265912080469994e-04 3.329897910457980991e-04 3.402873023112223776e-04 3.599274920057229585e-04 3.614588270082666585e-04 3.481685557268640943e-04 3.342199583207204876e-04 3.382556729116371983e-04 3.478988647711031101e-04 3.472426967363723116e-04 3.474405847313772168e-04 3.412117041863499747e-04 3.327550626669846740e-04 3.345369300326939480e-04 3.371416272313704156e-04 3.285847962505922997e-04 3.195380189140754543e-04 3.283906895660924506e-04 3.364151318549854909e-04 3.383159661278395706e-04 3.308786694358741920e-04 3.216836488557857409e-04 3.183939201413345851e-04 3.203524049623165948e-04 3.304596809842161352e-04 3.366796385669136409e-04 3.279682488286403516e-04 3.219854019067551107e-04 3.245819044424625485e-04 3.187491638035669633e-04 3.085808530216690646e-04 3.159823682407789320e-04 3.339044982249106484e-04 3.423066585780756041e-04 3.347552454992133546e-04 3.346434697236868412e-04 3.423767941592720113e-04 3.405485962243316581e-04 3.336597629332736705e-04 3.312565943204963956e-04 3.329704968423472444e-04 3.362455802844291678e-04 3.269548869530002630e-04 3.134578472092636311e-04 3.226239723214548139e-04 3.373511903869572332e-04 3.373756943315757428e-04 3.303248824629019097e-04 3.295680100330960170e-04 3.230669038451002180e-04 3.221616088063736488e-04 3.352454385902891611e-04 3.315122872537273760e-04 3.160196733825720449e-04 3.120539865657010565e-04 3.152216325247567162e-04 3.184749363375950380e-04 3.244506407586380961e-04 3.389366322737488420e-04 3.508808577401178390e-04 3.401168934870000518e-04 3.226727240974991136e-04 3.157292681732396357e-04 3.212078313829193257e-04 3.272109639295351291e-04 3.131498351184132042e-04 3.068337849779061979e-04 3.264339585791360947e-04 3.433724324138201283e-04 3.523703965100452454e-04 3.504032553081196967e-04 3.430068576543414557e-04 3.352774393647309399e-04 3.365711838112347065e-04 3.529511524104045578e-04 3.601506525692190386e-04 3.404789847816217701e-04 3.259084211338836496e-04 3.337546154427690841e-04 3.507917799463556923e-04 3.529892702990161928e-04 3.476931132424083905e-04 3.600391661921332294e-04 3.637212746088293921e-04 3.485406042116477761e-04 3.312182453195990387e-04 3.311340653702553967e-04 3.342001593862979885e-04 2.999020833258778844e-04 2.368333781029295410e-04
2.107436412500799977e-04 2.688960717429041201e-04 3.126565689455408767e-04 3.154638668071104487e-04 3.034470215734479809e-04 3.112139997843475043e-04 3.445959885511855206e-04 3.624259116233780639e-04 3.551895502024919691e-04 3.499095351140672338e-04 3.577504150465225905e-04 3.612837244775343910e-04 3.618331141936353859e-04 3.607102945720405685e-04 3.464257776377527797e-04 3.340714915408832123e-04 3.296818690973384383e-04 3.346129110802900696e-04 3.426987491031842185e-04 3.432303480397670692e-04 3.393029989848628074e-04 3.290490436350467342e-04 3.234710183649822579e-04 3.267965950183093294e-04 3.327123968588276831e-04 3.302810150871682000e-04 3.232296399066408778e-04 3.291405484347261368e-04 3.403185334543750644e-04 3.481748472715896162e-04 3.390187134504304739e-04 3.278597636455891527e-04 3.269738915402847822e-04 3.313015645209417027e-04 3.438615326534937879e-04 3.534889865570790867e-04 3.442023806773349733e-04 3.276211193766768374e-04 3.253685280189955306e-04 3.269915113638744764e-04 3.269312896040098585e-04 3.259204342491310623e-04 3.315762307076411809e-04 3.430958193190934398e-04 3.400436006763789135e-04 3.359375610229444831e-04 3.354622165494834988e-04 3.312492373526639304e-04 3.325246259140206490e-04 3.329494976254517230e-04 3.214533653184811139e-04 3.146697913161326885e-04 3.114013393445218790e-04 3.031584062764857476e-04 3.070196718991463560e-04 3.196829768873927081e-04 3.288484292328644953e-04 3.356892427034077362e-04 3.412362916896367155e-04 3.288276555439512226e-04 3.189176700144571606e-04 3.309431108825650579e-04 3.362166149463133476e-04 3.275156771864008785e-04 3.214396170959991613e-04 3.227334970365935930e-04 3.276506867360280380e-04 3.305259447380363069e-04 3.360327147122088467e-04 3.481020338879140495e-04 3.485282650868491401e-04 3.345075397824268733e-04 3.232199802448279318e-04 3.287466047264726052e-04 3.340480604287463548e-04 3.193236507619521300e-04 3.153928764108295479e-04 3.329036959906437601e-04 3.435174745069527707e-04 3.479504580673227617e-04 3.413114161350824598e-04 3.336400723429111320e-04 3.318843937604975787e-04 3.347386082873447083e-04 3.420166731638164641e-04 3.476999480546684408e-04 3.346269169609106080e-04 3.202401797282956788e-04 3.261218378315035738e-04 3.428907486640113108e-04 3.481838936622747797e-04 3.502366204499859567e-04 3.613271836998100750e-04 3.575810857373922739e-04 3.412645357965997731e-04 3.209314453018348424e-04 3.085278405457443445e-04 3.052899610310212393e-04 2.820075745215063498e-04 2.350292200487575788e-04
2.176078396962620183e-04 2.766149181750242976e-04 3.175030904019850641e-04 3.152343571084862935e-04 2.999381402514675853e-04 2.972908330894136653e-04 3.247448665934980988e-04 3.500464749049986973e-04 3.476921064265703874e-04 3.403771446768601161e-04 3.488980863742460184e-04 3.580655704780125615e-04 3.609980950792763903e-04 3.561355222609174464e-04 3.393809272423939979e-04 3.263346761352590650e-04 3.270822575153658259e-04 3.321404202618677610e-04 3.340775913198603796e-04 3.301315985686264142e-04 3.309652661930533989e-04 3.302054470716276843e-04 3.196905759934319568e-04 3.194351879937448865e-04 3.384168363572649316e-04 3.483972465907738065e-04 3.431235994251096745e-04 3.335759949848748906e-04 3.313913457918773900e-04 3.419005856735100315e-04 3.402439351965962176e-04 3.332711269090657771e-04 3.343542918921379873e-04 3.385282986104523866e-04 3.434470400946144572e-04 3.426956312028812610e-04 3.402044132384848645e-04 3.347565147559879617e-04 3.381964342757416415e-04 3.472139638562826269e-04 3.531424912073129175e-04 3.450887124527777768e-04 3.342228056440607544e-04 3.431263498270507579e-04 3.462928347796597828e-04 3.423143258713308174e-04 3.349443709074487402e-04 3.237832355923353674e-04 3.305546585333261162e-04 3.381145701913453473e-04 3.258056499287977667e-04 3.161354674733966299e-04 3.141574725882082257e-04 3.100810640109065213e-04 3.088445227651221651e-04 3.196243863120860678e-04 3.350781889177053110e-04 3.473800424935508308e-04 3.529254455317378317e-04 3.373008323902687588e-04 3.243965968238757096e-04 3.382481100875791126e-04 3.527056530281582193e-04 3.502628049114428922e-04 3.401427766346100130e-04 3.374843486502752997e-04 3.395262320974114820e-04 3.371828639903382018e-04 3.351337546229943461e-04 3.425399167092859493e-04 3.418811299495687264e-04 3.299600437677451979e-04 3.270717283231563011e-04 3.396369987768601390e-04 3.404645513392488441e-04 3.224702488100873819e-04 3.200022423753274940e-04 3.380046738690304395e-04 3.463277720597308235e-04 3.413922362208862086e-04 3.273047056061415992e-04 3.242227298187734899e-04 3.348700534416941283e-04 3.376982738613369737e-04 3.288725305776417362e-04 3.292650463313554453e-04 3.290394737159664561e-04 3.243849341277950165e-04 3.274038690619204459e-04 3.365077675726284995e-04 3.375372925757738878e-04 3.430458982161587247e-04 3.534744462801053160e-04 3.412291229797022362e-04 3.264469439000321758e-04 3.172262554008176702e-04 3.044393097332439798e-04 2.997714968422071332e-04 2.773125245078484399e-04 2.304259578826414008e-04
2.138307130939356027e-04 2.709170358528153674e-04 3.201972978436592792e-04 3.287346350232008669e-04 3.119862208874802268e-04 2.971680943792984826e-04 3.053071199838677807e-04 3.260540204571781529e-04 3.346434818574994590e-04 3.303212372432550001e-04 3.274216415294603543e-04 3.296919174243737862e-04 3.319162295840468401e-04 3.255501177117910237e-04 3.178723473259945391e-04 3.193691538992745205e-04 3.265506789067042876e-04 3.276783140345858542e-04 3.181200185515135935e-04 3.074569928981310150e-04 3.212343051074337784e-04 3.372858038898138679e-04 3.242383997421563902e-04 3.160997900704871932e-04 3.354516725250530733e-04 3.473180255443584553e-04 3.399180652377964277e-04 3.262027438794681605e-04 3.193336110972833314e-04 3.290939299503257043e-04 3.321048916543243809e-04 3.247635843888591837e-04 3.272266698168910942e-04 3.362077157689312553e-04 3.378938132549207888e-04 3.296177142466374054e-04 3.257349880443930965e-04 3.264803197837661767e-04 3.336225084280134475e-04 3.430373617363576943e-04 3.488848770329095557e-04 3.433014762683763658e-04 3.249773711418917988e-04 3.236419524916005121e-04 3.301249721424220625e-04 3.334974674509692989e-04 3.334763461373566008e-04 3.296736768533274544e-04 3.373682329635254232e-04 3.432408289037924744e-04 3.351472340120234040e-04 3.326527060945969755e-04 3.331424477446432580e-04 3.309574459368170370e-04 3.246819683278699860e-04 3.313407074102130449e-04 3.481292347517256271e-04 3.560484603231445959e-04 3.530694233625443663e-04 3.341676752968999022e-04 3.274161645405516182e-04 3.454374388675434684e-04 3.573482471094811602e-04 3.509387869906934994e-04 3.388720002073822247e-04 3.333894071743501338e-04 3.331271734889223492e-04 3.326800564791181688e-04 3.323398617832161494e-04 3.331158126084587511e-04 3.230458781640698851e-04 3.146223193355449565e-04 3.257274773385274223e-04 3.444910900828737155e-04 3.417423127677193524e-04 3.226475776672237507e-04 3.201781301555609808e-04 3.387726290453310033e-04 3.460209459507897559e-04 3.314736623496450634e-04 3.140934254749132661e-04 3.137417244310072915e-04 3.255963551875484720e-04 3.302295961977085243e-04 3.252275777949296129e-04 3.247067654084452473e-04 3.295718272735281298e-04 3.359753943964312252e-04 3.419997172552023917e-04 3.466176437182592169e-04 3.364895192070227904e-04 3.293573071976381612e-04 3.371472409326528325e-04 3.303354205671127797e-04 3.256645580172037651e-04 3.309929973894019765e-04 3.242827129522068844e-04 3.198228347276952646e-04 2.931579228589024141e-04 2.360517921306997725e-04
1.993941831506282174e-04 2.590535209194380390e-04 3.141272918770668236e-04 3.328094251093546103e-04 3.222833076816822469e-04 3.078606495034788559e-04 2.980213866230689394e-04 3.021133591814683262e-04 3.168685196603812843e-04 3.278032179868414601e-04 3.255857514756230284e-04 3.207116346320044997e-04 3.151952957296217739e-04 3.017333703597893787e-04 2.982489110945800784e-04 3.152380449659201132e-04 3.311538714844561521e-04 3.259504712007899019e-04 3.062238649939893033e-04 2.951989655200340295e-04 3.143907522672939256e-04 3.315448814328670387e-04 3.226362487933907884e-04 3.177893205184523446e-04 3.266312439121076038e-04 3.314475279769957955e-04 3.258314375344794093e-04 3.194711891942682075e-04 3.216808686980459752e-04 3.286714030446693602e-04 3.276204346829037503e-04 3.199704798500723163e-04 3.193711703224095394e-04 3.278619625992173874e-04 3.296333228491855026e-04 3.258188376020176554e-04 3.281900768477005259e-04 3.340361693288353617e-04 3.338105344129678486e-04 3.264649431250032756e-04 3.242423288324912693e-04 3.291884172682105507e-04 3.231669428493372893e-04 3.163645670479885022e-04 3.233625739051674197e-04 3.316459588581298183e-04 3.335735483898617727e-04 3.356296559111353502e-04 3.396068200712464794e-04 3.363708474228903301e-04 3.286041194351735839e-04 3.334923480250952992e-04 3.410694263159834341e-04 3.374961234136399394e-04 3.244505012010256680e-04 3.300379458176433195e-04 3.565242248137842239e-04 3.691627942676378531e-04 3.593439778856300339e-04 3.325127526450510776e-04 3.190157410348775247e-04 3.295839943813471664e-04 3.342624416554431125e-04 3.331904637578919789e-04 3.339321654677875843e-04 3.264961947904979804e-04 3.227038030732793479e-04 3.309553344134545747e-04 3.359187164085245631e-04 3.337066462997040957e-04 3.197513576177548624e-04 3.119266567743456510e-04 3.294691183459275531e-04 3.493175676069012895e-04 3.413121139480345756e-04 3.226232831613443249e-04 3.208648942646096522e-04 3.382124161065805682e-04 3.460554735890239604e-04 3.275007120824623228e-04 3.097507662589532281e-04 3.131631001661307982e-04 3.275095413964818156e-04 3.364572561611484667e-04 3.406813914401121083e-04 3.359751721726067595e-04 3.275495319969783754e-04 3.313233346975714283e-04 3.392905072170034368e-04 3.427604854041011416e-04 3.305414382611287821e-04 3.182913147729334730e-04 3.295994752047275373e-04 3.399963610826011720e-04 3.441315771997945951e-04 3.476845739951134979e-04 3.363219731277761627e-04 3.246029804986691339e-04 2.937641312140947263e-04 2.311800542082606210e-04
1.929942071864681119e-04 2.569731420190862368e-04 3.053247536637215386e-04 3.235200480577702666e-04 3.267581021374621345e-04 3.274381084217771899e-04 3.145590063096061120e-04 3.014411016681924223e-04 3.140421648960477164e-04 3.400684125024705604e-04 3.477767677849549158e-04 3.446657189625436553e-04 3.339086730792303198e-04 3.176027376760055115e-04 3.103145177852758207e-04 3.220276295035001202e-04 3.394817992414360386e-04 3.330888593229712263e-04 3.155224817571040908e-04 3.132658036982666466e-04 3.274063306132472036e-04 3.311171781218357705e-04 3.233647856734947175e-04 3.223974090918511979e-04 3.240270765322019689e-04 3.329820098056811197e-04 3.407461666386937360e-04 3.358871964570829061e-04 3.350195103613306559e-04 3.371930675884685221e-04 3.356233245703054823e-04 3.333558037863810098e-04 3.295338402538939334e-04 3.264447450858477904e-04 3.189463348703425747e-04 3.148557108227886033e-04 3.260285264171824851e-04 3.409187847166262643e-04 3.409849813281637084e-04 3.257717218460084042e-04 3.207511674382827272e-04 3.334946193125250258e-04 3.398587188437827956e-04 3.306292129574676681e-04 3.316711260872513335e-04 3.391970132295579234e-04 3.346583924582257957e-04 3.280723558711565440e-04 3.270613615181399325e-04 3.254025486930247442e-04 3.225767461412139010e-04 3.260899119943999223e-04 3.302279240094297828e-04 3.202374338690977843e-04 3.060654710453006430e-04 3.166525543008322880e-04 3.520010290368108313e-04 3.721688133459679737e-04 3.622022857055983390e-04 3.356016277169992981e-04 3.123049965280181553e-04 3.108037189159912035e-04 3.138846707808833720e-04 3.207734749066912293e-04 3.316849600037058204e-04 3.250985185925278718e-04 3.228319748962278049e-04 3.374059811701079830e-04 3.424314359374341834e-04 3.400171216194775850e-04 3.303001814258119334e-04 3.212485725071711172e-04 3.361877649993531966e-04 3.570884964024274985e-04 3.508846672669169425e-04 3.339976827816160706e-04 3.271222793868650458e-04 3.339870016200818890e-04 3.432240783285055662e-04 3.314639171799031465e-04 3.148446150782620821e-04 3.218396837690468961e-04 3.438014169354723908e-04 3.518957291609658370e-04 3.504025816345209660e-04 3.445593244176945640e-04 3.324647466138872312e-04 3.300970115037970545e-04 3.302928892708070991e-04 3.273789941426226294e-04 3.222101801833390268e-04 3.170918055078345097e-04 3.263662333552122953e-04 3.436056216214561604e-04 3.508453539134150870e-04 3.462220498946504566e-04 3.284433317362189385e-04 3.119748446416432128e-04 2.761421345198984212e-04 2.102738119342526305e-04
2.158705626002566428e-04 2.729413835368667230e-04 3.072988730102764942e-04 3.220168347569178332e-04 3.321807488897978930e-04 3.413431816452146858e-04 3.326346486118960180e-04 3.127212450179245318e-04 3.226555782217340905e-04 3.454324074565959246e-04 3.495393734203517170e-04 3.524931774122743800e-04 3.453490442627120426e-04 3.338093906632320310e-04 3.319783564525132565e-04 3.394816591579914115e-04 3.538037629015224192e-04 3.514098166747706793e-04 3.415350143384399562e-04 3.401813017785890441e-04 3.402143190666599530e-04 3.288540609000510130e-04 3.219104571733649874e-04 3.236851060981304866e-04 3.278086327812390448e-04 3.416344503211618186e-04 3.512704901179370016e-04 3.378993900279797600e-04 3.254977921986527641e-04 3.264294183027153704e-04 3.358207112506887367e-04 3.450580340916518940e-04 3.468369458014915392e-04 3.372288257329072525e-04 3.204923864205692832e-04 3.161148335271106577e-04 3.310602021920966615e-04 3.488983651159347117e-04 3.531046416270443820e-04 3.424439920868610683e-04 3.363104190322332120e-04 3.419299988389775508e-04 3.467011160659823864e-04 3.413439725838756061e-04 3.421626465648714343e-04 3.508267525207744725e-04 3.435760596225387363e-04 3.258247232231316131e-04 3.183750048842215810e-04 3.219562769494506557e-04 3.267132142010746977e-04 3.275319994829680608e-04 3.238866754739668083e-04 3.101401499548241472e-04 3.045189181069980744e-04 3.178606720347617654e-04 3.393605207670493057e-04 3.515832479551473386e-04 3.486672052528274712e-04 3.365674490852437828e-04 3.188786001077929724e-04 3.188038495830858386e-04 3.276039281465664265e-04 3.318225786644017779e-04 3.365566356177549434e-04 3.299759665145770692e-04 3.264961768121425766e-04 3.339449962874241687e-04 3.345413274129658198e-04 3.321014805371126080e-04 3.295815071106535056e-04 3.266933011398059331e-04 3.353944751605556309e-04 3.468625847450130173e-04 3.434462410631742690e-04 3.366821844695655312e-04 3.359338362864459741e-04 3.405240003481702039e-04 3.459751758469375906e-04 3.359275447886914514e-04 3.190172762165236105e-04 3.201052226627675631e-04 3.406628667177804843e-04 3.508383003451023222e-04 3.429035799029634107e-04 3.356396008530830978e-04 3.325092687350368116e-04 3.340186916038955173e-04 3.315903728908518649e-04 3.277137689297129636e-04 3.277742644307104786e-04 3.260051402900898546e-04 3.213477926993188764e-04 3.288200128165982188e-04 3.371162488239015220e-04 3.337740683807916497e-04 3.213863468832028284e-04 3.090158434352271999e-04 2.689699924202423181e-04 2.033408456423109651e-04
2.385381884167917161e-04 2.877374025459751637e-04 3.222793944269547700e-04 3.366239937556868766e-04 3.410783729705274851e-04 3.444212154825417775e-04 3.334147626500013413e-04 3.186782793561466955e-04 3.305328625777421156e-04 3.399420177981224379e-04 3.321962885995643740e-04 3.391459714121401866e-04 3.400495157968272701e-04 3.305095768987933742e-04 3.366640188774274269e-04 3.529755727647328331e-04 3.639213048732978456e-04 3.618690743027389977e-04 3.532477854498312616e-04 3.429898580745551818e-04 3.349537983286115812e-04 3.257189868642654512e-04 3.232072798007650741e-04 3.236366384594362286e-04 3.282794626240780490e-04 3.378523203698958989e-04 3.341411759375628428e-04 3.172872258157616787e-04 3.078490730228723759e-04 3.128653731705246534e-04 3.289928044546322592e-04 3.460911763799309282e-04 3.523984277592521965e-04 3.378560162858672256e-04 3.171451239724961280e-04 3.186131798611406638e-04 3.373163309755995687e-04 3.550379940707227601e-04 3.542250105443093535e-04 3.469514141769560974e-04 3.411193187056202965e-04 3.335855984145788067e-04 3.333641720824532693e-04 3.367575166155111410e-04 3.444192695359480283e-04 3.590983783975176076e-04 3.560390292171670404e-04 3.317039815377709070e-04 3.175998115928362368e-04 3.227022944269083786e-04 3.352879086966019904e-04 3.356672758449288723e-04 3.239765457386499796e-04 3.151755307753623591e-04 3.221764635322645195e-04 3.312498445534444174e-04 3.321371713864061876e-04 3.322144577054938954e-04 3.347138848631368022e-04 3.327997634901828016e-04 3.267109238093246861e-04 3.315288305802205826e-04 3.393715857185540486e-04 3.371182406086850689e-04 3.369143339743652056e-04 3.379528124506959454e-04 3.344998136078616759e-04 3.285485960922334748e-04 3.219870509774797572e-04 3.205497049117985798e-04 3.277560857935409564e-04 3.346173210322040195e-04 3.332394612854688463e-04 3.237065934166492550e-04 3.213053530395873925e-04 3.289954673015274469e-04 3.401569615402977829e-04 3.542318786892416924e-04 3.515621510570034734e-04 3.342708465199842197e-04 3.262717230941686829e-04 3.218982272446276158e-04 3.202708192248124937e-04 3.218969330776174590e-04 3.215629442798552179e-04 3.235412050544098105e-04 3.274007527877047198e-04 3.296571759135972384e-04 3.278425722289290728e-04 3.339843260293616630e-04 3.426902389249974492e-04 3.425645528735933240e-04 3.264406378591864209e-04 3.224288075382545108e-04 3.330081297684237430e-04 3.343205936967973829e-04 3.262440240635375147e-04 3.181988006580650265e-04 2.776668894011874987e-04 2.150633778966887515e-04
2.308320594416836597e-04 2.833365436446485305e-04 3.322375533463499528e-04 3.547971751879381696e-04 3.544566190320576652e-04 3.487585190356282897e-04 3.359345825922608101e-04 3.284455336807919588e-04 3.366198410533065592e-04 3.365614262965611805e-04 3.283005125318156107e-04 3.399921806205435937e-04 3.442383209228794911e-04 3.272812745995717183e-04 3.248245843963059026e-04 3.419152188674392905e-04 3.509274691332384512e-04 3.505347296996438097e-04 3.441848653818728606e-04 3.328746675470278392e-04 3.329087076759096580e-04 3.370270022407911544e-04 3.372523944346747168e-04 3.332031879056420159e-04 3.347397610194167766e-04 3.404215785086512876e-04 3.299861854549288064e-04 3.213176502218426773e-04 3.183381872963924122e-04 3.137183080484974573e-04 3.145695541483542143e-04 3.303376269602699335e-04 3.444387688610525407e-04 3.336025215601316806e-04 3.165434302318386210e-04 3.185241798672432123e-04 3.392056116932197604e-04 3.595620061505951266e-04 3.480775579839899807e-04 3.299277310864679900e-04 3.214187086282019800e-04 3.125533063358749888e-04 3.178282551495770648e-04 3.267231029489662012e-04 3.358685288774480382e-04 3.551831997782305432e-04 3.609927301335458293e-04 3.417798669925205908e-04 3.295640989734432286e-04 3.309931647327595721e-04 3.448775654078818620e-04 3.497135357343675440e-04 3.353358401414371871e-04 3.334263305472668065e-04 3.475849785694424491e-04 3.453386322563770745e-04 3.306722481999660674e-04 3.214410965217977170e-04 3.196834797018625104e-04 3.181505257865883214e-04 3.248853345077601590e-04 3.313851212403208556e-04 3.296088494559412489e-04 3.237236748570839428e-04 3.249294076357483498e-04 3.331355135758849186e-04 3.350880195628013446e-04 3.300026247214146030e-04 3.248680340142605046e-04 3.276771272590864748e-04 3.399644958301372560e-04 3.428652032432229560e-04 3.279423700964674278e-04 3.109794416781188481e-04 3.190434039813691103e-04 3.310148855809191696e-04 3.353688508565432673e-04 3.493651566451763495e-04 3.446643552564620031e-04 3.267141386824141611e-04 3.277713169901191881e-04 3.253867592503157670e-04 3.085059546613462740e-04 3.016862605192803136e-04 3.157196858803155461e-04 3.344645626237459065e-04 3.422196233324972152e-04 3.345565890682641787e-04 3.231392423913759162e-04 3.329816187124179849e-04 3.513112914958441569e-04 3.547301254492374106e-04 3.349911535000839324e-04 3.249756087218295866e-04 3.394255859967347218e-04 3.464334663247772362e-04 3.383788221799975508e-04 3.270154636305087664e-04 2.830612956398009762e-04 2.195755925439479199e-04
2.279309818546531045e-04 2.783554646423156038e-04 3.269552480352521436e-04 3.526230521481263001e-04 3.528611383363337026e-04 3.493953678269497371e-04 3.461683593137379394e-04 3.412813779164833457e-04 3.401114195805756161e-04 3.359437617483556964e-04 3.273556863646398052e-04 3.349503006629783839e-04 3.427456916732035067e-04 3.292306463060710705e-04 3.179309154077053804e-04 3.254323842698216484e-04 3.307050334540648077e-04 3.300460367656086959e-04 3.258500546343276938e-04 3.208200041600536845e-04 3.349893133578290519e-04 3.487466827923630525e-04 3.494443592030384857e-04 3.463365039434469078e-04 3.454530356446261540e-04 3.441826524977585752e-04 3.383017769798982795e-04 3.483881057639663095e-04 3.521727608396255571e-04 3.314169156274554334e-04 3.092056885382955030e-04 3.151001588463260821e-04 3.367963732542676551e-04 3.404230042201730018e-04 3.317623493845512240e-04 3.271312531219065008e-04 3.424953389066430444e-04 3.634379494808237542e-04 3.505555775942114532e-04 3.195378938573565676e-04 3.043320011304407788e-04 3.049681332595291419e-04 3.202588157889934553e-04 3.309569713031228189e-04 3.360095806770814660e-04 3.442576254768259800e-04 3.497429953864502391e-04 3.428425418594056471e-04 3.386372490405812653e-04 3.372220494386433693e-04 3.453527004873403836e-04 3.508383958314693993e-04 3.394674968549513680e-04 3.374005337118001391e-04 3.534357281775847787e-04 3.540099482986219922e-04 3.359651331601848367e-04 3.187100724910843595e-04 3.107822408876803610e-04 3.100114632258939057e-04 3.270695678428249889e-04 3.411615536431008558e-04 3.440187115475717029e-04 3.423873704765503030e-04 3.368468816454799498e-04 3.323705823423542607e-04 3.300084793341991388e-04 3.346299656018296388e-04 3.426860750026652978e-04 3.539720935584654777e-04 3.550885821087406986e-04 3.374511566428978768e-04 3.197514822041342157e-04 3.215987140582004058e-04 3.429322784303282749e-04 3.456860771836927021e-04 3.352991763469891518e-04 3.445291814227853717e-04 3.412619959489770279e-04 3.236542025833225012e-04 3.252633093132410963e-04 3.270117505128569300e-04 3.175524094636704062e-04 3.218524175723678723e-04 3.417361885666074604e-04 3.542778105328806774e-04 3.531204532435456211e-04 3.337532505555885392e-04 3.121083667355589817e-04 3.186952162140999252e-04 3.407331952009138827e-04 3.481376318999042461e-04 3.337278312273375290e-04 3.253632419936482731e-04 3.391136706204955949e-04 3.448667543751983639e-04 3.344608337545572222e-04 3.172586979145873998e-04 2.724240156190072871e-04 2.144168199119611215e-04
2.304719531422223713e-04 2.770071942133266944e-04 3.136187347664400656e-04 3.332433027904181666e-04 3.391804528043779925e-04 3.493110825422177882e-04 3.563360074386655806e-04 3.442822593179762801e-04 3.364922565039681610e-04 3.397461185198237662e-04 3.345198500571556609e-04 3.354447955483876465e-04 3.406136537520001529e-04 3.326370832252080771e-04 3.225106866684675569e-04 3.240040685626824108e-04 3.258557775217294579e-04 3.224782886640995255e-04 3.208505202421131348e-04 3.230040580102591392e-04 3.434836077081104009e-04 3.572121270604619592e-04 3.479296094079072435e-04 3.379429302383958459e-04 3.339442074983150523e-04 3.296588364388636813e-04 3.371294517880593601e-04 3.680763031028048493e-04 3.783842778130224252e-04 3.496164460482942965e-04 3.181031552444863473e-04 3.172134812209340864e-04 3.400522383443869544e-04 3.501487915308646110e-04 3.413914871584593767e-04 3.313600001765617262e-04 3.411602515262096569e-04 3.569958896153527174e-04 3.511207191161573138e-04 3.251825630404243743e-04 3.097205850706861627e-04 3.197213752160274892e-04 3.435187773032433774e-04 3.507335388358540193e-04 3.422880461544996014e-04 3.323844655393420693e-04 3.340553123012396505e-04 3.372891493556544199e-04 3.402925736970089667e-04 3.414259313266478188e-04 3.431620567327613299e-04 3.393709680187768701e-04 3.298574209320789298e-04 3.293763222231798184e-04 3.425483661602634873e-04 3.488668892847006505e-04 3.396239244494195187e-04 3.277503939948126573e-04 3.208724102046745224e-04 3.173848295501904577e-04 3.283990930516013070e-04 3.417845072341518494e-04 3.574311352122898919e-04 3.713136616766613929e-04 3.647612260746985798e-04 3.503659643637556777e-04 3.362269469667794218e-04 3.405679768213077134e-04 3.612582356793651731e-04 3.750595652789665002e-04 3.560024919013759798e-04 3.314249690913381860e-04 3.307449034712415625e-04 3.526630592228111385e-04 3.721265564510185852e-04 3.614665616145747900e-04 3.460696294342069140e-04 3.509063416170821745e-04 3.436867207216355320e-04 3.277483122865948516e-04 3.322523141047232999e-04 3.348716863186351018e-04 3.300626254144109050e-04 3.426961832342180275e-04 3.584535519980711180e-04 3.556939277179952232e-04 3.435936353573975548e-04 3.221588939156122826e-04 3.043901991415403664e-04 3.102014682898473498e-04 3.335315943484865259e-04 3.487339249009497157e-04 3.402392733560287777e-04 3.319802950268641072e-04 3.398906420004509294e-04 3.368390013626847233e-04 3.252692885442625857e-04 3.072796011255854356e-04 2.577190355282750955e-04 2.016770230062124277e-04
2.296426449099499409e-04 2.779716582912233566e-04 3.050165878937278075e-04 3.193989257650426761e-04 3.342429182433597152e-04 3.520626909206361790e-04 3.547899108454769987e-04 3.295126919558051125e-04 3.155526197903436988e-04 3.260667956716081003e-04 3.332528691137521312e-04 3.401574630789531159e-04 3.425614226626913202e-04 3.342669667880353171e-04 3.248386124401881725e-04 3.257211223073031275e-04 3.317151800043658012e-04 3.323877171347750263e-04 3.367323045733229027e-04 3.418739644587461815e-04 3.544197174730641647e-04 3.600109150161993291e-04 3.442454727107778240e-04 3.249250496578614243e-04 3.152683059931724822e-04 3.131748604558857898e-04 3.260335802158705076e-04 3.560271779301146236e-04 3.636730954814036665e-04 3.438340424286728814e-04 3.244949258865505214e-04 3.227977130036174033e-04 3.380999952142505448e-04 3.474365242270183608e-04 3.383088821625597985e-04 3.286693837208756784e-04 3.398921574875141908e-04 3.555652946829202790e-04 3.502940198249858547e-04 3.289959212115167947e-04 3.162030225712795161e-04 3.291590825007869475e-04 3.561906447709157391e-04 3.613173082885527774e-04 3.396452325012098723e-04 3.178386160836740686e-04 3.183016753327989065e-04 3.266616944182448661e-04 3.355277351060994336e-04 3.390675383531908276e-04 3.361802922803841910e-04 3.310301796527635385e-04 3.230410114385037757e-04 3.235061485611918203e-04 3.320565570354119984e-04 3.355565490354483278e-04 3.316954104028275682e-04 3.318012522914842569e-04 3.381857229090081155e-04 3.361386992120644814e-04 3.333025187858027838e-04 3.260518687247608008e-04 3.337634559011914146e-04 3.555801328471368630e-04 3.567050914790346008e-04 3.479614784041947699e-04 3.335981642940186566e-04 3.368688888860575745e-04 3.597477623712751552e-04 3.697332204919318065e-04 3.505937993201265358e-04 3.379849939507539999e-04 3.443644587019450238e-04 3.610789463983265970e-04 3.706654246268468707e-04 3.566547464534605976e-04 3.414526519697194326e-04 3.392668816005380288e-04 3.287452508455680831e-04 3.206771856957513168e-04 3.273503991904705163e-04 3.257923502489806842e-04 3.208763009826313918e-04 3.353747671779811813e-04 3.489964523062235799e-04 3.456974376838664251e-04 3.374708635777268857e-04 3.229827497176518164e-04 3.092207343287719135e-04 3.080038517868426097e-04 3.299945323133542151e-04 3.515124057046278296e-04 3.419567310962812559e-04 3.304791156324069206e-04 3.349503520373553044e-04 3.328851610993093977e-04 3.299151095504908185e-04 3.131881301747306925e-04 2.556832935731895599e-04 1.944295988770333911e-04
2.392459388375868458e-04 2.885488479667498935e-04 3.051894996795826310e-04 3.115736988826808872e-04 3.290415216570763369e-04 3.452933184216302521e-04 3.428460618042107871e-04 3.143291022266766870e-04 2.954640268609050498e-04 3.028721023111453784e-04 3.138166112854867663e-04 3.228972305273196137e-04 3.317719973284624559e-04 3.370168050855153847e-04 3.345856131521888891e-04 3.335799294262027474e-04 3.382232568231577016e-04 3.368555223533102909e-04 3.373605097337100843e-04 3.384278278040597060e-04 3.462219646260638857e-04 3.533875046223520252e-04 3.447437907508351480e-04 3.266541157441130855e-04 3.157604645394407675e-04 3.181075011255389421e-04 3.247759153704117595e-04 3.321877656797050872e-04 3.282588406666513093e-04 3.224326175384912554e-04 3.189620567408381563e-04 3.168349836668718565e-04 3.244800701651217429e-04 3.375506530156495216e-04 3.370360668279940154e-04 3.266862612201012908e-04 3.320710752620150167e-04 3.518651645828169724e-04 3.510412587733309042e-04 3.282951466367740531e-04 3.090554494624208151e-04 3.125539696480081819e-04 3.356037462445312486e-04 3.497377316861164558e-04 3.368025764448501105e-04 3.157105315922980378e-04 3.137931366064873346e-04 3.190022081002091359e-04 3.206824204144538776e-04 3.170191637074745326e-04 3.182341048822044595e-04 3.321139615293421327e-04 3.338247774467839601e-04 3.307135842212635462e-04 3.332013881121700981e-04 3.235767393467836725e-04 3.106959674296694068e-04 3.177710947468171667e-04 3.399323053003326872e-04 3.470963638541679037e-04 3.370131204436836660e-04 3.129740761161441923e-04 3.104091128044269752e-04 3.318194930269309831e-04 3.385160828398170061e-04 3.351578118219802893e-04 3.271816106145628835e-04 3.266962489166014326e-04 3.367272572342904988e-04 3.402166303088816502e-04 3.334875272994581533e-04 3.302663012394901790e-04 3.336557076637981963e-04 3.391578764648643684e-04 3.466773613527920775e-04 3.450283146802927731e-04 3.313199568179547860e-04 3.177377537220341238e-04 3.020821814910426930e-04 3.017671282577991153e-04 3.156475866424139631e-04 3.152052013826753350e-04 3.097747253285659461e-04 3.236246302201049472e-04 3.344947503994391601e-04 3.321641158488077873e-04 3.311013715378236053e-04 3.238684604559241998e-04 3.138933582099126714e-04 3.113596937548364948e-04 3.328651353696871450e-04 3.506487195329155166e-04 3.366682493785186857e-04 3.255785247017228042e-04 3.275018885024416583e-04 3.293061909277726369e-04 3.349938089043694948e-04 3.237446217710018685e-04 2.732272908337448009e-04 2.129421856003710454e-04
2.536259001880937156e-04 3.058661047117492695e-04 3.206820905052623323e-04 3.218496511179542866e-04 3.328372392437502973e-04 3.371062535411193002e-04 3.334517663540888200e-04 3.233260941226835791e-04 3.137810506388975448e-04 3.146904197192976313e-04 3.199906833806548303e-04 3.247173415657839861e-04 3.308369134797566687e-04 3.353218857515974176e-04 3.416964510130931945e-04 3.464788491179495626e-04 3.441453078405849655e-04 3.349992408995780590e-04 3.252525191327093092e-04 3.174140628508165859e-04 3.269927891712896394e-04 3.407199592270126684e-04 3.364826495161262485e-04 3.231829262804282107e-04 3.194245338782579101e-04 3.334898667692889028e-04 3.421087436780429055e-04 3.322557100347542413e-04 3.169165109414014245e-04 3.158097996251392264e-04 3.162514200420636092e-04 3.132185514870572287e-04 3.228870800129167028e-04 3.418589011249994407e-04 3.460466447750933159e-04 3.314644861930515947e-04 3.230928707132516920e-04 3.406123793035164497e-04 3.503231979250240671e-04 3.360180922279716728e-04 3.150764999145666827e-04 3.108685065571868277e-04 3.283982763719270619e-04 3.475508546690975024e-04 3.452508631825579452e-04 3.310608535236313210e-04 3.309433901285710965e-04 3.326908735655492852e-04 3.218812081483225698e-04 3.063454061551620965e-04 3.109908560676224185e-04 3.375185353793235866e-04 3.503736652329779845e-04 3.552923351479675917e-04 3.556720166730434991e-04 3.250127118509710299e-04 3.020835890852769517e-04 3.149875284405017771e-04 3.429095482129870158e-04 3.530281310128840491e-04 3.361872943184088898e-04 3.118096536438871402e-04 3.169057993948940595e-04 3.369767888081026111e-04 3.407786708016055828e-04 3.353871503432827783e-04 3.294179389845467267e-04 3.256208229481177894e-04 3.295299724064069784e-04 3.318890828392291083e-04 3.252748561723679908e-04 3.167687638493568540e-04 3.215782591151365635e-04 3.295412627208840371e-04 3.373091462738215520e-04 3.450327745632503435e-04 3.327722705887788731e-04 3.172263590435018404e-04 3.067586676440486274e-04 3.116208618268091648e-04 3.296459520377728277e-04 3.322940021368563524e-04 3.244629896709178875e-04 3.271162899389938919e-04 3.258835657645383103e-04 3.186769446334072452e-04 3.199913579895119964e-04 3.229210674213216117e-04 3.260216724851157312e-04 3.291387365337968213e-04 3.473171144659823557e-04 3.552597907748779467e-04 3.411392123919037211e-04 3.333768149057275611e-04 3.295409005621968831e-04 3.326360021393691717e-04 3.450537611595692975e-04 3.376067646022601473e-04 2.903273755237810710e-04 2.302357054594640867e-04
2.460459052974757303e-04 3.059404488530285179e-04 3.352629213807819088e-04 3.389016889478309270e-04 3.465710262835319366e-04 3.480597855341308619e-04 3.415395565056465483e-04 3.432872476732779995e-04 3.436371129781202842e-04 3.390341145252110853e-04 3.365000509604962331e-04 3.377174464249721496e-04 3.375511475749983989e-04 3.305017696529816184e-04 3.407227583662851968e-04 3.514650724699779592e-04 3.411170901674805177e-04 3.329954116977310204e-04 3.227684286187630647e-04 3.058138962575348706e-04 3.113064912748105093e-04 3.276951718878161812e-04 3.235870196793042648e-04 3.130930344682726022e-04 3.171229138030068730e-04 3.399859654906472344e-04 3.555411759731279047e-04 3.476855858055206039e-04 3.351428005860817736e-04 3.315609893136608360e-04 3.268237033729762481e-04 3.268361651275649414e-04 3.421328102758048771e-04 3.547038412575921748e-04 3.488652864951807299e-04 3.333721857878477993e-04 3.209331992455277086e-04 3.322604301422548974e-04 3.438011067435377526e-04 3.356171764937667269e-04 3.247951555969196360e-04 3.269369938361279247e-04 3.414363507336514066e-04 3.554828858126382564e-04 3.521566355829822484e-04 3.405818601230050030e-04 3.442349836528137271e-04 3.466453862304611053e-04 3.325988525685803798e-04 3.140702231078908386e-04 3.172484707302323636e-04 3.368182992772790246e-04 3.497649957876830182e-04 3.636968300613054386e-04 3.658323251924713295e-04 3.304393991680238014e-04 3.114260303128273447e-04 3.267044757666014436e-04 3.528595535404686337e-04 3.629002294421825774e-04 3.433557364654632070e-04 3.299245258525757788e-04 3.510664020099170304e-04 3.673901881682767410e-04 3.586476053661625499e-04 3.447705254018586241e-04 3.340577946671894911e-04 3.311196575532273072e-04 3.400543801706742996e-04 3.432913619127508703e-04 3.264928873549293939e-04 3.040866536847580855e-04 3.105549485381183797e-04 3.286918896819966272e-04 3.335780885365334752e-04 3.432350696775807652e-04 3.411201730659190043e-04 3.367187013575190018e-04 3.353911782884237257e-04 3.351726012646054419e-04 3.429655088234536200e-04 3.483733813696422666e-04 3.464653932758887537e-04 3.379108239116761572e-04 3.221038645390536439e-04 3.094848064163388231e-04 3.131667509430888837e-04 3.310087777100446244e-04 3.483184993212310311e-04 3.506343573650977504e-04 3.586235173064599010e-04 3.552991975791996927e-04 3.414127380087874676e-04 3.360860942052763724e-04 3.301400250863924159e-04 3.349483742388966595e-04 3.472543870596988191e-04 3.365116158765513133e-04 2.842010128672759145e-04 2.220143058375792804e-04
2.168941210812347473e-04 2.793009605084000426e-04 3.223254259352444735e-04 3.307403583836586274e-04 3.465258988356710742e-04 3.632370606999966566e-04 3.535185439744302645e-04 3.455022605570723642e-04 3.421795052583466272e-04 3.386057951051788689e-04 3.381254855380036754e-04 3.352255915573941914e-04 3.321321364759459525e-04 3.256558389320904617e-04 3.316028444809761017e-04 3.435843306266686439e-04 3.396701899759536751e-04 3.390355247869517507e-04 3.332147137327285975e-04 3.134554215365351970e-04 3.137701337596256624e-04 3.298694357771534530e-04 3.331188217116971438e-04 3.294512700962593508e-04 3.301110107558326507e-04 3.354728750565982159e-04 3.460935948839050568e-04 3.573994961718341941e-04 3.613814458563197204e-04 3.570842852487038062e-04 3.486596808239403799e-04 3.465887034646138133e-04 3.560362717181895652e-04 3.549799919720617340e-04 3.380935118806260246e-04 3.256999147752838832e-04 3.234225856230208557e-04 3.359720795909288196e-04 3.425323204928490493e-04 3.325327774884403488e-04 3.296811268769480924e-04 3.367964919297418880e-04 3.454124924198816908e-04 3.456174677264396591e-04 3.371760539592874627e-04 3.349124238955299322e-04 3.466341715990240140e-04 3.476229660037370847e-04 3.344174413690824974e-04 3.263891436285068287e-04 3.321096645523383172e-04 3.351396746400476341e-04 3.342559542273667640e-04 3.416468175985153946e-04 3.433590688596704649e-04 3.238317215758060611e-04 3.159528642082546409e-04 3.246318492405389782e-04 3.448144828908190559e-04 3.606387167161504434e-04 3.489705760786725999e-04 3.433324749751505856e-04 3.678566808522582628e-04 3.779128694478376153e-04 3.569940609319212019e-04 3.343341810210393459e-04 3.276247568174452400e-04 3.350797363047563235e-04 3.483999356881961910e-04 3.482429550049873264e-04 3.252603312633846290e-04 2.981170723408293772e-04 3.049935478367698030e-04 3.261001747743738589e-04 3.298687039810985471e-04 3.372634102675386102e-04 3.428386116349420613e-04 3.484565776787847710e-04 3.485864354610059175e-04 3.377538575019179323e-04 3.369754701002785745e-04 3.503786335890505675e-04 3.565581254244137854e-04 3.408319929785614535e-04 3.154509639395893872e-04 3.014190809952574119e-04 3.148561841733761709e-04 3.424662317822842672e-04 3.553835860640382508e-04 3.476079123328879418e-04 3.444403032540330526e-04 3.315627347190774421e-04 3.201850286208362899e-04 3.277059542747676798e-04 3.324404539115683073e-04 3.339373310424166488e-04 3.329214442684513657e-04 3.205987477179026855e-04 2.731742904656236101e-04 2.126623103270309904e-04
2.036300762839505108e-04 2.682864491653106980e-04 3.124134621979124220e-04 3.213648491046268690e-04 3.421722827049129357e-04 3.617244825436360250e-04 3.446795734238348617e-04 3.245803981214162451e-04 3.172515152083845835e-04 3.228580501121957290e-04 3.342043811704346803e-04 3.274132627888266464e-04 3.175324856732156557e-04 3.179357821273199247e-04 3.201384529054884798e-04 3.334381696385883072e-04 3.476683568774034216e-04 3.530889438848087915e-04 3.515075731726440391e-04 3.335371559416446495e-04 3.251969761179739201e-04 3.311291594254959646e-04 3.411322636387706039e-04 3.508548071321357571e-04 3.497140440980723002e-04 3.281951484812122271e-04 3.212520410237904370e-04 3.448026617143401247e-04 3.617957629605878704e-04 3.540581870125036586e-04 3.459369527360673150e-04 3.441341826794771857e-04 3.485278840149639385e-04 3.435416219294341097e-04 3.251195719764588877e-04 3.154779441747993136e-04 3.195898683030488799e-04 3.332070930669864327e-04 3.389738454535952709e-04 3.312126120390215139e-04 3.274862016079099335e-04 3.286000357634401335e-04 3.279231137565174277e-04 3.229332563516498344e-04 3.230648673672536185e-04 3.266620779098187576e-04 3.322197749634560088e-04 3.281825944967767272e-04 3.256704866221731302e-04 3.372601047788576075e-04 3.451896938831979476e-04 3.347454646960491722e-04 3.209770991443046504e-04 3.181454966463165583e-04 3.192485516181639647e-04 3.187217199779572444e-04 3.222433165669861101e-04 3.228366106276261104e-04 3.281402079614613508e-04 3.405086564415946582e-04 3.374849465821491267e-04 3.295634863815166617e-04 3.432886731056546256e-04 3.562215313533161542e-04 3.365115930538753811e-04 3.129928422713315660e-04 3.190258671471408927e-04 3.388185901200572656e-04 3.518522004368128094e-04 3.496066040798800033e-04 3.335901299976864803e-04 3.144194096286961697e-04 3.207440671559884837e-04 3.366870830092563260e-04 3.407394585658923489e-04 3.427484740947447234e-04 3.468501146217579413e-04 3.512009393812790068e-04 3.438642186111133016e-04 3.314160022040021848e-04 3.339418975738001494e-04 3.547630163303430208e-04 3.607633084244516158e-04 3.365268956556222288e-04 3.117025408346299747e-04 3.085113903203850908e-04 3.318552530845672870e-04 3.464121232980525841e-04 3.346528915992858910e-04 3.185762373071927703e-04 3.180204442652449478e-04 3.113990930383060273e-04 3.139651795923202701e-04 3.409814537263401030e-04 3.513869096656902944e-04 3.401517501044079117e-04 3.240483248710837681e-04 3.081759796381778119e-04 2.684478911101463930e-04 2.150462053245765827e-04
2.108268800645235930e-04 2.769256147808786799e-04 3.162815793310853451e-04 3.230508365914728196e-04 3.380136271177582399e-04 3.482361047632344690e-04 3.318250316742875437e-04 3.153423241067284115e-04 3.153189483772959444e-04 3.302289964270016293e-04 3.454775256083507471e-04 3.331010285110611686e-04 3.158415557954871895e-04 3.229800338426230951e-04 3.308661798315371124e-04 3.390294700353089835e-04 3.556742034878514029e-04 3.640912870793387430e-04 3.653106744415360774e-04 3.479883945831227705e-04 3.291022968438063251e-04 3.215147190594935464e-04 3.310583582221126317e-04 3.501250115697476144e-04 3.517642809932604135e-04 3.259402852926466436e-04 3.095770836317553914e-04 3.230092441075353704e-04 3.377855917936799300e-04 3.267243336382615743e-04 3.227402115202401963e-04 3.279589064291857175e-04 3.289400372541979953e-04 3.227737734522910865e-04 3.131861366960095663e-04 3.149259057354212047e-04 3.203016660036873617e-04 3.294719798396538758e-04 3.378104597382060748e-04 3.361755362401335412e-04 3.277045836910964923e-04 3.193933216983579036e-04 3.143415536500295676e-04 3.183596629377041277e-04 3.333600956466916234e-04 3.299308255364480466e-04 3.195354723564491168e-04 3.121101974018059390e-04 3.166254596254715922e-04 3.368320035405797386e-04 3.402890135156441914e-04 3.244630819694779584e-04 3.136385396403319672e-04 3.126392222454210407e-04 3.124353795791850997e-04 3.222294616511874868e-04 3.333693673815630231e-04 3.288302767892584046e-04 3.238474288387273238e-04 3.279429802015526411e-04 3.258550700397447319e-04 3.131017599936330043e-04 3.132113040658374842e-04 3.316526343967189021e-04 3.309042079084472147e-04 3.184981560413254354e-04 3.225677847016336988e-04 3.306756941677109441e-04 3.398865000678602402e-04 3.487065882699536424e-04 3.498325542898306760e-04 3.400513336252587271e-04 3.358467289136350675e-04 3.430887681196757941e-04 3.505207883770840999e-04 3.493037721074713554e-04 3.526762503447896128e-04 3.508125198711293689e-04 3.295416596739510792e-04 3.171745071252364805e-04 3.272808590399326639e-04 3.526478392009180533e-04 3.563583284359672036e-04 3.289791104472589460e-04 3.126091987390477219e-04 3.267139640996584654e-04 3.542366418407119416e-04 3.491184899240443000e-04 3.209353608748794070e-04 3.083325457363916529e-04 3.178983533368770617e-04 3.157343431571207979e-04 3.235228297295029021e-04 3.528191764233844035e-04 3.566300783590705672e-04 3.395767941749966694e-04 3.246376713133152826e-04 3.072004570457163635e-04 2.652749923907314080e-04 2.117864066294366328e-04
2.183831664126776369e-04 2.804275239578191115e-04 3.169198874789464849e-04 3.275163658835529199e-04 3.378792218536950508e-04 3.355503864072393195e-04 3.245895965661668194e-04 3.225283287228741021e-04 3.308383962418504401e-04 3.491900755904749423e-04 3.646624236568263896e-04 3.496773210587375449e-04 3.245529180180384103e-04 3.268011369134277968e-04 3.363489694479431316e-04 3.369381034286299779e-04 3.476052476547137563e-04 3.586613877369524903e-04 3.606323712032752024e-04 3.457353878344283189e-04 3.258915514720181440e-04 3.153443421426633847e-04 3.229386205644912229e-04 3.375571850978493138e-04 3.354074955277278687e-04 3.202438752856336893e-04 3.105794748457145157e-04 3.122008218025178541e-04 3.183167745909337319e-04 3.132786973051216351e-04 3.222310267730497859e-04 3.396818134951245507e-04 3.351385471876434105e-04 3.181537560703140508e-04 3.123135909174393188e-04 3.244936789949224871e-04 3.320155485337125505e-04 3.378918853299117523e-04 3.441901808337319096e-04 3.428131717307052575e-04 3.324064491645199650e-04 3.195730500341077956e-04 3.161238992330152211e-04 3.314895995353896196e-04 3.488931198464246359e-04 3.363864002741630320e-04 3.197669124183833344e-04 3.138785391072792912e-04 3.166439827627521154e-04 3.289911410151471452e-04 3.264179252595664086e-04 3.129680735198856032e-04 3.151118873341752927e-04 3.238840194402901212e-04 3.227371793768302535e-04 3.407848159808326075e-04 3.574144004921374091e-04 3.420769904097776507e-04 3.308947010765967128e-04 3.359239545265158954e-04 3.355220185479511428e-04 3.257317945842700194e-04 3.205296871851615916e-04 3.324995050576018494e-04 3.470190817465938207e-04 3.436096434187191654e-04 3.273192759085043375e-04 3.075980662907713391e-04 3.143661903654481823e-04 3.423382888946417983e-04 3.554496191918186184e-04 3.498763800562923140e-04 3.355933394320313344e-04 3.358005404871608089e-04 3.449228029857364991e-04 3.420633743925312808e-04 3.480338168088648824e-04 3.479970638725361754e-04 3.222032833866999213e-04 3.107947345173255223e-04 3.253797132309217948e-04 3.411622535641013537e-04 3.300902992749078671e-04 3.087295068879533687e-04 3.141204133750706454e-04 3.412368809477300986e-04 3.661224745527324261e-04 3.589369867745547749e-04 3.343759013462558076e-04 3.263273535380147895e-04 3.329066132738119424e-04 3.242216649578288966e-04 3.256433035730848819e-04 3.389617300344579436e-04 3.339571916551444604e-04 3.255980297829658837e-04 3.301425865125038857e-04 3.223732504432204543e-04 2.710875592696311912e-04 2.054987422171277139e-04
2.225261009938520789e-04 2.832262425707030278e-04 3.140702887875611456e-04 3.226245105673860919e-04 3.318607367704797060e-04 3.306882079200282971e-04 3.291935779054748078e-04 3.277680194779034311e-04 3.318720024821441390e-04 3.513429702344062020e-04 3.674731293723425881e-04 3.533263077883269957e-04 3.249780383597610780e-04 3.165990261742326851e-04 3.229283286658984203e-04 3.255597021292676004e-04 3.405153718819000589e-04 3.569037986458031310e-04 3.544197926218492544e-04 3.369041578715323737e-04 3.245977344539791162e-04 3.270285437538016831e-04 3.396702752327445058e-04 3.443507351240764612e-04 3.324838399044267238e-04 3.222100680255231145e-04 3.227822084666390526e-04 3.208750790837447951e-04 3.180167182696448918e-04 3.195919729740546609e-04 3.397542787351787641e-04 3.644051180907950009e-04 3.604946547904627849e-04 3.340098143930012985e-04 3.173418062935328722e-04 3.279369133577370162e-04 3.415824379774193027e-04 3.467244245748230761e-04 3.420189961731724660e-04 3.370856200253154211e-04 3.314432204876371045e-04 3.204615812800484754e-04 3.187490495257109591e-04 3.384800997640524320e-04 3.526668355051898419e-04 3.408649990762732847e-04 3.246713734218982300e-04 3.220013746095935986e-04 3.286882212353235667e-04 3.327938413355581979e-04 3.225873675663257310e-04 3.142659288200581793e-04 3.249735138711640930e-04 3.374805907145604113e-04 3.375208408001740125e-04 3.563253114664994030e-04 3.673551824051747138e-04 3.423909363067953677e-04 3.322155953291353438e-04 3.457654005135988966e-04 3.498427335412325327e-04 3.472050659788389901e-04 3.424802264481954686e-04 3.473287861670972887e-04 3.642802429633641378e-04 3.603963719538005200e-04 3.323120895210207766e-04 3.011282227331586931e-04 3.024723713455531844e-04 3.305864080760204668e-04 3.395944988054729746e-04 3.357815978828212165e-04 3.273292987435982284e-04 3.263822325920259955e-04 3.321845667694148371e-04 3.317982114910024557e-04 3.400423043783825598e-04 3.459231475607210085e-04 3.277878556197622267e-04 3.197933579139407463e-04 3.309078179031318002e-04 3.308781215344950861e-04 3.081549833166724898e-04 2.980261476987227276e-04 3.202285281911513909e-04 3.491593683820578588e-04 3.673189454066712930e-04 3.649812229726217107e-04 3.502311814065341101e-04 3.386098385101391677e-04 3.294906278877822317e-04 3.222738814043429943e-04 3.262020535561282195e-04 3.280455435915073182e-04 3.220536315986690236e-04 3.217790133161564561e-04 3.343192260487758572e-04 3.279205605802100096e-04 2.687843054356861766e-04 1.959570542246250556e-04
2.191988348111179768e-04 2.856788209564544941e-04 3.131640756164032202e-04 3.116363849730542038e-04 3.180674322464784130e-04 3.265769448627446571e-04 3.374600742472917843e-04 3.339124962523226116e-04 3.282497560577104373e-04 3.389770556222409343e-04 3.495241565950094574e-04 3.404119989620490311e-04 3.202877411209924751e-04 3.130843820619336713e-04 3.196477639292502051e-04 3.269657743269789715e-04 3.472933205674558102e-04 3.621134118993973557e-04 3.495310076897757212e-04 3.274264188684496016e-04 3.197664545379139004e-04 3.288600848359128637e-04 3.462990827147838062e-04 3.527950727179669961e-04 3.404101796321122738e-04 3.293822849430340372e-04 3.376339979980465603e-04 3.403587467801012139e-04 3.289025037723700140e-04 3.201060973836156176e-04 3.314604171958403212e-04 3.497709162578258035e-04 3.564127595223074763e-04 3.424466872439872441e-04 3.236628940035768485e-04 3.274033929162518172e-04 3.433213325158886858e-04 3.460160290955576574e-04 3.293628888603935276e-04 3.278922940254970757e-04 3.386214662546770072e-04 3.316423159399049282e-04 3.236774398217952741e-04 3.390622463506421432e-04 3.484669249495539814e-04 3.385090208509445274e-04 3.277705614564278055e-04 3.335908485043728115e-04 3.444190532532075046e-04 3.442374594433489842e-04 3.333486823577958306e-04 3.346254802435288250e-04 3.464803853789043828e-04 3.473284519981391589e-04 3.318337176500946975e-04 3.345406166009986994e-04 3.446528344264277810e-04 3.333359974336556138e-04 3.273933653947846208e-04 3.370056437234923469e-04 3.379355879036387853e-04 3.369474711877794250e-04 3.357235881556932676e-04 3.433628648777026010e-04 3.582392518162181563e-04 3.580084162496401622e-04 3.425383403707304942e-04 3.200200820797801087e-04 3.135466479105040527e-04 3.267680022619415692e-04 3.277802360765462875e-04 3.244150936915733696e-04 3.256834362596923308e-04 3.233946814908696642e-04 3.191198698062526094e-04 3.209932479244168306e-04 3.305881777751227342e-04 3.353530630622562491e-04 3.275649017197132442e-04 3.336050510786150807e-04 3.454441762961639006e-04 3.404946554518573911e-04 3.178399271872330684e-04 3.082732905990265802e-04 3.253032292571568095e-04 3.462221171206479576e-04 3.574124326304973847e-04 3.572142244844775686e-04 3.551451370505550567e-04 3.443368041569163404e-04 3.234936782852048049e-04 3.259625204403612244e-04 3.410289787594792277e-04 3.415843537218466548e-04 3.344407491838103969e-04 3.300450979804009756e-04 3.319827315559109896e-04 3.165799137746486049e-04 2.599381243306486179e-04 1.928245725162869512e-04
2.152158757473585202e-04 2.840014023727209513e-04 3.168530362799831649e-04 3.125907423139579833e-04 3.095668924441965565e-04 3.118920461997134628e-04 3.285962014639905735e-04 3.356456861680564316e-04 3.235606674061419340e-04 3.186003556945319259e-04 3.273608992736794579e-04 3.290957803572938179e-04 3.181740266180713064e-04 3.194112306997590688e-04 3.335533214861136596e-04 3.435598281828006130e-04 3.536706089695547351e-04 3.523041186421364867e-04 3.317382422618462591e-04 3.144958173392404816e-04 3.133646795400547641e-04 3.205032540809908161e-04 3.369407248524800501e-04 3.490188870903163901e-04 3.392467876345186661e-04 3.237892303404315696e-04 3.322701162227554477e-04 3.464515919415487363e-04 3.394610601501821387e-04 3.198601714022070337e-04 3.193142054665638603e-04 3.338240344153336819e-04 3.462153005876310438e-04 3.427467419265738352e-04 3.344352624747809564e-04 3.408652731976308421e-04 3.497207475823060430e-04 3.381116905069331421e-04 3.137140154220971781e-04 3.217519626486388114e-04 3.499750065300142503e-04 3.508319579244456197e-04 3.375263394349704675e-04 3.421889436001591608e-04 3.406336647859228872e-04 3.253525059720612303e-04 3.252428739569929845e-04 3.445047631270132214e-04 3.516601002226554286e-04 3.410209615996518317e-04 3.310880637317936584e-04 3.452483746660668196e-04 3.587283504945261957e-04 3.454983821045071787e-04 3.174247712562204169e-04 3.142201551697082831e-04 3.310121593436235227e-04 3.323973429750493036e-04 3.215998694997305660e-04 3.175861442200508507e-04 3.186665257846985500e-04 3.226162397810426394e-04 3.216315015106809222e-04 3.215131193006066620e-04 3.241498551659837378e-04 3.293300140414890742e-04 3.378103787936893605e-04 3.364704697226811704e-04 3.276903244636548930e-04 3.287923490171400101e-04 3.292615011088843857e-04 3.283932146760824237e-04 3.370589166109161806e-04 3.383052309126517460e-04 3.283626868965178669e-04 3.283925274526459546e-04 3.387934199536101832e-04 3.370682171838651768e-04 3.277392433132509091e-04 3.414477291976278838e-04 3.564989383400270044e-04 3.549548780791135331e-04 3.376314171384998150e-04 3.243967856737999065e-04 3.319883682677759952e-04 3.389026301685287706e-04 3.413388527001299643e-04 3.439552110161596334e-04 3.504740093225237971e-04 3.485918302771396130e-04 3.292257243193461393e-04 3.348212002604248998e-04 3.594846068226717310e-04 3.637977936778516441e-04 3.490673353221808808e-04 3.365070091972360670e-04 3.319344599978129901e-04 3.172477625979192679e-04 2.736607939839019602e-04 2.150802933658602306e-04
2.261639470196149995e-04 2.906798180117068872e-04 3.312550455842810590e-04 3.320460142454875058e-04 3.207600802969894473e-04 3.144890437695171894e-04 3.303225144865669285e-04 3.393252202619658061e-04 3.241144374715702750e-04 3.138191500874119117e-04 3.250733460591554488e-04 3.354907253869890025e-04 3.248390014884756276e-04 3.230338962630226966e-04 3.409040174948662879e-04 3.584783657399504431e-04 3.589971567757055957e-04 3.404751000962713547e-04 3.211705070149401941e-04 3.169927895377386718e-04 3.194122974214945346e-04 3.178776761230617731e-04 3.259534797694785139e-04 3.410650812612791606e-04 3.348439083533925908e-04 3.205573726228035580e-04 3.251173612543172432e-04 3.399274335436594280e-04 3.393369057924295381e-04 3.225954715824297468e-04 3.242979771983016358e-04 3.363288104992815633e-04 3.399434787507148474e-04 3.328238677501977553e-04 3.288081552010120763e-04 3.416430653847584613e-04 3.480690888102834588e-04 3.321494006664359091e-04 3.135980157358482815e-04 3.265931354285415587e-04 3.524772340095460275e-04 3.599102571462394298e-04 3.523969852303682551e-04 3.452878654441868039e-04 3.323341343856193791e-04 3.148021861904418475e-04 3.219178558657107827e-04 3.482711363343117192e-04 3.554657331001582826e-04 3.330089124961545721e-04 3.104557731243679734e-04 3.271752757504717973e-04 3.480129336958041322e-04 3.383417103897856573e-04 3.221566955280069167e-04 3.264996980533809465e-04 3.403822473592732229e-04 3.429151819962707615e-04 3.297733262739322444e-04 3.151472241399221139e-04 3.175335004490504156e-04 3.276233027307832893e-04 3.256770883846911327e-04 3.178990420114335708e-04 3.114125488500419725e-04 3.151064735324725125e-04 3.311721051999454548e-04 3.395849711767257159e-04 3.331384522189533319e-04 3.338197262201383431e-04 3.406222126650693171e-04 3.431201822079631082e-04 3.461908103913090892e-04 3.402192848842736182e-04 3.290346650956120153e-04 3.303689654611754621e-04 3.455573954300694651e-04 3.466895340332765444e-04 3.298234668907354134e-04 3.353680691939831763e-04 3.486192718975826186e-04 3.511859697185675498e-04 3.417197458792125457e-04 3.305981473192698286e-04 3.353372549525529978e-04 3.316291949178560043e-04 3.279843354107225481e-04 3.357622287097855140e-04 3.443364564170664044e-04 3.472830679271420354e-04 3.344482286012020350e-04 3.300006859623181958e-04 3.463687465601402609e-04 3.525649302377686315e-04 3.395149612332191763e-04 3.294407681749026112e-04 3.290937415867873955e-04 3.207588503472889288e-04 2.818886419426348410e-04 2.232859521105144674e-04
2.409391962422147712e-04 2.987223645692823324e-04 3.333747966842942698e-04 3.338347532221476064e-04 3.245842964953588039e-04 3.209821858922178896e-04 3.337716735881433383e-04 3.402445688580847867e-04 3.287548584299039870e-04 3.209408998426276300e-04 3.330634805800949580e-04 3.484485114569809425e-04 3.359899901913227871e-04 3.225101550743916150e-04 3.326633267207493826e-04 3.510330257291764374e-04 3.507190364223253210e-04 3.329390875433231546e-04 3.259354986405125772e-04 3.341327017786520142e-04 3.365249298496184645e-04 3.251042865248964702e-04 3.180253094204928545e-04 3.241011832342714305e-04 3.237942117535652815e-04 3.313555984910720510e-04 3.424304989091552127e-04 3.456107740504129515e-04 3.389990371076821458e-04 3.256754026339872283e-04 3.284095081805591494e-04 3.290852921731486419e-04 3.223194408167934970e-04 3.199354297348722858e-04 3.164536342861599049e-04 3.232360269776423083e-04 3.291775916503867196e-04 3.261719884845781987e-04 3.194438627097291052e-04 3.243383270147471198e-04 3.379675684382918779e-04 3.506953903589844919e-04 3.575802886758954998e-04 3.510957386709490048e-04 3.324060881460157027e-04 3.132489558829266519e-04 3.183126569289733616e-04 3.450960722900759748e-04 3.614306728182019096e-04 3.419541563904956050e-04 3.141590269460294450e-04 3.244398051427053705e-04 3.406536507514928459e-04 3.314031436821497536e-04 3.233665711128927162e-04 3.291376464933681877e-04 3.403061752940712142e-04 3.508367704900950518e-04 3.465858403344801724e-04 3.281506858840231686e-04 3.225299718007596569e-04 3.294699489545931136e-04 3.318376004645022049e-04 3.291896685084194337e-04 3.205323229154946911e-04 3.145447885234176110e-04 3.227139765881452838e-04 3.325383030394566536e-04 3.387240584017276184e-04 3.484674421838412830e-04 3.597018342403407931e-04 3.619195734699895287e-04 3.478355462665342918e-04 3.229397144680631144e-04 3.093181597621872531e-04 3.162538122212628583e-04 3.327803350172289874e-04 3.363740464375637165e-04 3.189025448719628466e-04 3.173722534970110443e-04 3.280575425698293766e-04 3.347929744610133348e-04 3.337696981850637817e-04 3.261571333180267448e-04 3.284837276819758392e-04 3.268421232073008467e-04 3.273786410153280797e-04 3.329792783318522064e-04 3.332387313601932423e-04 3.361765946651952205e-04 3.366846550662973931e-04 3.265238943925683661e-04 3.231480811222785352e-04 3.286830249028864720e-04 3.273912409541068292e-04 3.223479359741284519e-04 3.243856078057550047e-04 3.191716596425415282e-04 2.772441336025148516e-04 2.162212259742997671e-04
2.270982918788409886e-04 2.804126435258069271e-04 3.077300713116481925e-04 3.110247282038945595e-04 3.166797784823165282e-04 3.242037169729503152e-04 3.287319144185703442e-04 3.278186711260748639e-04 3.223958746670514122e-04 3.248745795626339482e-04 3.416103943588773718e-04 3.623271603319851175e-04 3.558348655377469656e-04 3.338343631718219094e-04 3.247650293265166637e-04 3.267058416934818903e-04 3.263624407716867988e-04 3.198950259879203110e-04 3.227729098917944293e-04 3.400295228359261849e-04 3.552686169524082701e-04 3.469422911878774531e-04 3.225638028113744478e-04 3.113050598764688023e-04 3.140570410678866862e-04 3.371648117969868776e-04 3.574011650583175208e-04 3.556706317607758426e-04 3.408875606186554524e-04 3.276408847388205905e-04 3.266262619577362100e-04 3.223572832934947321e-04 3.206668773277651196e-04 3.278620935041689794e-04 3.227928150699537185e-04 3.170753514437725713e-04 3.188400931644429876e-04 3.304011762350764691e-04 3.293203745202188991e-04 3.140337517721192946e-04 3.104764186769097783e-04 3.227315329567264236e-04 3.425017642127618583e-04 3.470314096273481867e-04 3.309411542276637498e-04 3.162909864601635502e-04 3.171250049004568005e-04 3.287331813868753531e-04 3.402501427402075695e-04 3.336641859280998568e-04 3.284804705961630843e-04 3.466351261167515134e-04 3.532868427291909743e-04 3.344340311127787387e-04 3.223060913123547725e-04 3.209865211100685007e-04 3.285221801441513692e-04 3.470306120704920710e-04 3.574118101827948460e-04 3.478962183843923206e-04 3.376765959002700707e-04 3.383980728038709588e-04 3.431855176967264992e-04 3.404262981356461176e-04 3.272161471367444853e-04 3.128076083887962799e-04 3.130919022057286789e-04 3.243217807445709098e-04 3.433348268270105478e-04 3.563115784948538514e-04 3.551262358777297168e-04 3.475847865847464047e-04 3.326426539901912839e-04 3.206207476584040225e-04 3.231899115709916358e-04 3.302594670872077893e-04 3.272070812055207010e-04 3.217682799809839264e-04 3.175535627398507442e-04 3.168490767446059111e-04 3.168396029916692035e-04 3.220683896328962667e-04 3.274317718019029762e-04 3.263216786335845169e-04 3.286955938858759658e-04 3.343292470605607747e-04 3.416046449179026279e-04 3.361025280083407328e-04 3.242088170229732395e-04 3.273497872293222024e-04 3.392468745585838340e-04 3.353386119923255438e-04 3.260842621714633892e-04 3.312194309540927254e-04 3.289984954833597959e-04 3.182517049126576229e-04 3.199718043317409171e-04 3.203027427937507263e-04 2.794490340512481227e-04 2.167636565040744357e-04
1.983608249916384990e-04 2.593521905471306115e-04 2.959610415373619503e-04 3.116808822778643169e-04 3.313503462762330603e-04 3.410039322624079921e-04 3.293546074929533125e-04 3.126283565783770303e-04 3.094715804824786729e-04 3.232833446371434776e-04 3.438466250593802051e-04 3.609462550901185261e-04 3.587164776218871622e-04 3.403442780239177099e-04 3.229191059492201167e-04 3.141281302038807701e-04 3.127233302180285339e-04 3.124515337175163025e-04 3.135963656724549600e-04 3.276994664637782832e-04 3.557202830839515870e-04 3.598008729203222523e-04 3.308451881730745288e-04 3.148988348759991507e-04 3.169454250093187630e-04 3.272837035857916691e-04 3.436897329620375221e-04 3.488378448977418923e-04 3.329546412152939667e-04 3.219283230426630660e-04 3.255980782726707024e-04 3.315342331055682419e-04 3.406948620379538785e-04 3.440956425417447911e-04 3.334718954189911299e-04 3.272602492717204600e-04 3.325703927997521658e-04 3.520242256546075648e-04 3.498065038594834648e-04 3.165911469685171818e-04 2.967191446055983048e-04 2.993633067793496179e-04 3.190042233533507991e-04 3.332521969599884937e-04 3.298886406962696079e-04 3.301545238002628587e-04 3.320681801926491381e-04 3.230085239691330638e-04 3.163515708591590776e-04 3.126258542037288241e-04 3.286989220767478443e-04 3.595880056946894983e-04 3.664911485746403142e-04 3.446483838693233429e-04 3.275241063576195873e-04 3.196827994780817249e-04 3.191555886957248207e-04 3.338876372152744122e-04 3.554812508650494847e-04 3.591848164354096980e-04 3.433195094192287213e-04 3.363401653856178748e-04 3.451431635552073673e-04 3.466672346156264529e-04 3.392728164142079939e-04 3.305068134791067178e-04 3.293727580264698036e-04 3.304785958837201231e-04 3.347762727193620211e-04 3.340972146890236623e-04 3.154896326344663665e-04 3.004623029131636117e-04 3.088543910944758228e-04 3.341223614485149549e-04 3.606449733004766980e-04 3.647523815935898770e-04 3.378303891956156322e-04 3.193140082263354242e-04 3.284555705627801941e-04 3.313504495340558170e-04 3.200532931879421250e-04 3.233392103584772892e-04 3.320885289802274825e-04 3.324245705269912110e-04 3.350335731252707550e-04 3.437034567563379377e-04 3.459496730975213140e-04 3.322052273110454425e-04 3.227269840794087406e-04 3.295542727593313119e-04 3.468187195200563141e-04 3.515202882898916560e-04 3.448123565476428690e-04 3.456424132064559850e-04 3.309178998726754152e-04 3.127251004939221287e-04 3.201428410541663468e-04 3.307064417286307255e-04 2.890225229485357647e-04 2.158704892476768274e-04
1.780411143291538763e-04 2.493823267517989361e-04 3.025008951805605723e-04 3.323450075077647586e-04 3.536969281114280125e-04 3.524834766700986354e-04 3.320377276790031332e-04 3.139548664029394331e-04 3.161290486182986859e-04 3.307357811887162236e-04 3.384224889002085184e-04 3.350310546448216110e-04 3.330890826412698669e-04 3.389461057564405145e-04 3.375571268488934706e-04 3.267312814394594377e-04 3.195662438939536132e-04 3.176839568209247110e-04 3.164698769293219590e-04 3.218728139047632585e-04 3.420177182921676226e-04 3.500600050062864206e-04 3.308875712822050051e-04 3.249338366998138312e-04 3.269290831833930079e-04 3.185584609389430829e-04 3.237404736317561977e-04 3.343723596929962976e-04 3.243915761731433131e-04 3.203818871722923433e-04 3.342724243985190817e-04 3.509478169684548000e-04 3.621154358628382109e-04 3.512940442940364711e-04 3.290625987903889917e-04 3.266869660806489867e-04 3.423296639964893513e-04 3.645542616123671927e-04 3.644227143712266037e-04 3.314868781320300670e-04 3.067306795189673118e-04 3.002686587856137537e-04 3.155704500770353631e-04 3.281134646316320454e-04 3.254981999758455274e-04 3.346364155321106997e-04 3.474929416416671192e-04 3.400921777240915834e-04 3.293168112375437911e-04 3.182445395558556938e-04 3.244537373517939805e-04 3.483764176020570603e-04 3.609257733872724681e-04 3.475917495094851426e-04 3.308265087814669285e-04 3.229228383050337979e-04 3.171014475794768162e-04 3.172750884267967015e-04 3.315535221552260142e-04 3.408908759366401130e-04 3.314350631707871646e-04 3.251668782587791213e-04 3.381511002295494004e-04 3.495387710090328091e-04 3.539840897360692741e-04 3.547934808403181402e-04 3.504940862033273765e-04 3.372059715672292104e-04 3.250378355437100381e-04 3.119470059180606109e-04 2.866348663749924931e-04 2.771122744711479978e-04 3.080927538178274312e-04 3.509420918596149958e-04 3.738174328899330221e-04 3.682858795138768638e-04 3.393660785369535414e-04 3.211204383986930957e-04 3.319308416644698107e-04 3.346192040485974385e-04 3.218112839123770871e-04 3.237801384306955837e-04 3.322481184934299604e-04 3.324818714237296477e-04 3.374856225288647192e-04 3.512618745973273508e-04 3.505740236123591736e-04 3.382976045989964002e-04 3.357712417784940975e-04 3.413113472424562640e-04 3.517818134480931846e-04 3.503644542176248110e-04 3.434696111056133793e-04 3.467490366781560466e-04 3.310315758108542069e-04 3.133642342301518795e-04 3.260158534611205979e-04 3.403006520734029551e-04 2.986994256319775061e-04 2.216893044112942790e-04
1.632088487170488701e-04 2.381949065501368827e-04 3.020316996621896441e-04 3.375720011797936349e-04 3.548417408769164024e-04 3.491006637050673338e-04 3.345819771545059380e-04 3.270982193463702276e-04 3.359918806090498753e-04 3.473280503841886212e-04 3.404192991485676875e-04 3.223423461486602838e-04 3.178520828641749185e-04 3.388673372065053062e-04 3.479427962214917984e-04 3.345750826707766246e-04 3.279518654357754977e-04 3.302500678594771292e-04 3.363883576717016828e-04 3.376694616184076382e-04 3.332075808529800500e-04 3.305708467977746699e-04 3.260044778720298884e-04 3.360003674648665136e-04 3.403874140733063967e-04 3.218034715862468954e-04 3.147277656208089360e-04 3.242289010020772818e-04 3.239783680651873174e-04 3.280150316062358266e-04 3.461451320983535912e-04 3.635562101973575260e-04 3.670751451949843635e-04 3.458300984268486899e-04 3.182076489162054766e-04 3.176299614028683309e-04 3.386041840018599175e-04 3.610219094786755825e-04 3.652030368816331979e-04 3.410615136850059150e-04 3.194365756265528616e-04 3.146503518172070720e-04 3.321831778739111306e-04 3.404950450358646438e-04 3.313087638185496352e-04 3.385445541689799409e-04 3.565643522298374973e-04 3.561266243701347077e-04 3.448118012666807073e-04 3.294474839415833861e-04 3.218722189759732700e-04 3.296343238611463243e-04 3.396310712514859003e-04 3.355954145418954949e-04 3.295309417226440093e-04 3.249817716555778802e-04 3.136439765520101066e-04 3.031325323047565990e-04 3.021042857568388522e-04 3.089561928313618684e-04 3.172590799662460470e-04 3.216974466538039695e-04 3.344787339771917198e-04 3.450440051703830818e-04 3.473085483709573151e-04 3.529356628061133469e-04 3.512456752543870490e-04 3.359007063525418116e-04 3.300396649816382923e-04 3.236980137101506667e-04 3.042180984792920836e-04 2.996757641467967352e-04 3.242902628146812323e-04 3.526686753256303699e-04 3.582479805633768748e-04 3.479694150559173174e-04 3.288187921771452060e-04 3.182413190016533037e-04 3.286908513021123256e-04 3.315494931926976120e-04 3.238019029630934825e-04 3.235433836466047484e-04 3.275832787842298567e-04 3.279323423765336627e-04 3.299342970443158371e-04 3.397780248512695324e-04 3.445523166791479965e-04 3.461106214893951627e-04 3.483736333883110043e-04 3.490480828853870536e-04 3.470239178514976201e-04 3.281250925466503224e-04 3.171555136588587826e-04 3.330061686135521058e-04 3.328788496447781381e-04 3.208216603801946438e-04 3.315430223672781213e-04 3.409196943988057832e-04 3.005763010877948228e-04 2.306330433886662483e-04
1.722403856929149882e-04 2.468700095029160318e-04 3.059286958682681887e-04 3.294789743603449765e-04 3.357040855943962997e-04 3.322600424156096736e-04 3.302221852742439961e-04 3.286015727215949554e-04 3.395956207963779982e-04 3.519950047980516250e-04 3.436723399459468793e-04 3.263800372625549418e-04 3.157852776162707511e-04 3.317050068691417128e-04 3.384554690775112471e-04 3.241882517488537448e-04 3.187939882002067179e-04 3.253117803298167165e-04 3.384648983937947045e-04 3.413435731917437176e-04 3.268428845065591811e-04 3.214932328039593851e-04 3.317286265681073949e-04 3.469368458188611852e-04 3.448888861122953648e-04 3.244957851308306863e-04 3.150514776039896173e-04 3.257084595327034132e-04 3.352681070526786818e-04 3.404308470544331784e-04 3.476761598932839393e-04 3.577307004869764804e-04 3.570731600535294184e-04 3.394672706402341623e-04 3.188264541341754416e-04 3.165530783064024489e-04 3.366703534720763297e-04 3.576165334187355054e-04 3.565966188563481510e-04 3.363966193978808411e-04 3.250659547186931326e-04 3.288307425034845939e-04 3.455310109833126708e-04 3.537078475524726290e-04 3.477106392161194784e-04 3.518404211263477890e-04 3.622044649417748355e-04 3.571181792067806187e-04 3.391337594399594668e-04 3.266290743268130889e-04 3.219305139353227955e-04 3.223483945906972185e-04 3.223372018493575008e-04 3.238731071647235138e-04 3.328807415811891137e-04 3.291329499316073253e-04 3.155581349807829155e-04 3.126004555665297673e-04 3.087722377178984436e-04 3.092237990951563278e-04 3.221425629653222340e-04 3.347950878985905148e-04 3.420668370209918249e-04 3.425127918388346307e-04 3.348673288540531239e-04 3.347184377900789989e-04 3.334749610541403483e-04 3.237870955117773831e-04 3.291974323214540664e-04 3.393041929541689892e-04 3.399363599453903264e-04 3.409644848766784915e-04 3.378588882504073260e-04 3.374838464177804497e-04 3.412932258565711300e-04 3.433471064390207690e-04 3.275756824117887324e-04 3.135567731431136490e-04 3.195938978619231713e-04 3.228148132079463380e-04 3.207086654189295993e-04 3.265876048761110948e-04 3.331780119902143233e-04 3.309914657201478740e-04 3.223367950099062127e-04 3.163531954930458084e-04 3.232268985105570523e-04 3.449576014159002734e-04 3.557331602088005485e-04 3.474217475932986745e-04 3.345713522726596976e-04 3.092034968594843561e-04 2.942819726581471368e-04 3.130956667464148031e-04 3.274315092083804205e-04 3.279918186406666734e-04 3.425393599223321671e-04 3.454125088327129087e-04 2.977254871718187142e-04 2.274739236594412858e-04
1.987503298170305993e-04 2.710081968662883989e-04 3.266045865181477215e-04 3.393532561749226665e-04 3.344446723767021518e-04 3.320151574405134920e-04 3.323484566464390290e-04 3.263993792150795344e-04 3.377517615384003323e-04 3.539425699260583804e-04 3.466847824499722625e-04 3.317817440737168256e-04 3.149156413537869490e-04 3.211370610821510409e-04 3.311626073598734660e-04 3.241989009784616935e-04 3.113257141495609850e-04 3.129322154554663258e-04 3.274639894451082623e-04 3.355622911116125959e-04 3.316868259321870994e-04 3.350379284207758573e-04 3.476637459352434323e-04 3.532993705314764390e-04 3.421319654120970745e-04 3.262567261453431025e-04 3.186965127538388858e-04 3.278697012164755653e-04 3.399989212318353833e-04 3.403550478770839467e-04 3.369729583015607707e-04 3.397913286276805014e-04 3.418813623412589276e-04 3.403105345053009947e-04 3.299077525606201552e-04 3.213776404623937006e-04 3.350611275814249128e-04 3.500366153711157932e-04 3.425980737729403952e-04 3.335549082188859604e-04 3.377613749615718903e-04 3.393416803033793335e-04 3.425568008148634691e-04 3.508741226093333191e-04 3.555766446811923533e-04 3.578948235282694351e-04 3.523486660290128607e-04 3.386285046515938942e-04 3.251108726666049765e-04 3.265718373377755608e-04 3.355899577448955050e-04 3.372466664641137445e-04 3.261163628783568589e-04 3.246762201421002749e-04 3.372743078032034271e-04 3.323079407978148710e-04 3.282566020496081611e-04 3.401990900384779348e-04 3.373244004752885220e-04 3.328771689726148491e-04 3.418174398874261914e-04 3.519909230967862342e-04 3.488978067056566247e-04 3.400449372929686747e-04 3.283964179172499647e-04 3.166413506175122300e-04 3.069124350252864153e-04 3.037770608208117409e-04 3.196723624536282121e-04 3.420986884941062262e-04 3.477857108914735409e-04 3.464478435513024300e-04 3.325538817788194755e-04 3.211779421220902668e-04 3.307183593293834415e-04 3.417580331910426909e-04 3.222777962717526270e-04 3.029522652690337312e-04 3.035273985839142966e-04 3.123654911692757110e-04 3.216670061214343956e-04 3.380808349043099557e-04 3.481212936682448423e-04 3.417116593353531555e-04 3.292815731093287732e-04 3.175209016570955129e-04 3.214027322016767686e-04 3.468094776192107891e-04 3.550478376098140185e-04 3.424905460128754658e-04 3.382091674778535395e-04 3.275692209132348562e-04 3.141913294424614981e-04 3.238455404279710513e-04 3.372365323331492221e-04 3.427172925233153361e-04 3.513992758594133977e-04 3.379175094032865583e-04 2.845758272861389181e-04 2.174994470026839579e-04
2.210771007033426080e-04 2.827126953118148109e-04 3.365297430996924731e-04 3.516421505680215843e-04 3.474954141004114243e-04 3.480656592923103568e-04 3.443701773632548181e-04 3.261876937648456199e-04 3.295404876533259970e-04 3.455728774473991807e-04 3.468462257030569852e-04 3.457261963225843589e-04 3.311277840614815552e-04 3.234398038732144319e-04 3.350985872672195909e-04 3.432364950231597432e-04 3.248798419691978443e-04 3.112440870931103558e-04 3.158965257203313350e-04 3.257848594788123088e-04 3.333989684860307881e-04 3.384763303567392954e-04 3.399625349263777924e-04 3.408302209131261994e-04 3.380531048589274193e-04 3.344235571801694408e-04 3.257674504474428277e-04 3.230280740475760656e-04 3.282446268498061086e-04 3.304741432274296798e-04 3.257136251983833424e-04 3.163809264896254195e-04 3.145063854981277641e-04 3.255003898719390377e-04 3.271614147327968998e-04 3.213963374735274189e-04 3.265852129010918346e-04 3.274591230111994220e-04 3.236885226053499813e-04 3.390812462090321403e-04 3.574954063542047796e-04 3.497042163014011046e-04 3.367003762403514267e-04 3.387954561015156301e-04 3.428319402534292450e-04 3.365268635743745768e-04 3.237035680994273645e-04 3.164233026273578818e-04 3.181433694654093366e-04 3.320312323273046312e-04 3.488516418936464286e-04 3.568650573146413068e-04 3.427229350266816806e-04 3.305107839951849122e-04 3.355169477239370928e-04 3.325797934246788783e-04 3.361620492930377348e-04 3.504894509660067773e-04 3.483583647517353270e-04 3.408730371232703330e-04 3.386734462207996238e-04 3.414203087839023584e-04 3.428150261524692995e-04 3.379804831085699533e-04 3.294420871439030364e-04 3.168817040521612746e-04 3.054721911666675570e-04 3.026059970319064244e-04 3.207921345060624034e-04 3.458448556846883525e-04 3.354197208422172918e-04 3.170128567573783467e-04 3.110468126102709460e-04 3.113106266399242759e-04 3.206714377104072193e-04 3.313035333198128141e-04 3.232731120693497920e-04 3.142750810650497286e-04 3.121675913879125124e-04 3.204850529348981288e-04 3.334380461667723651e-04 3.513224651167323417e-04 3.577301487463517213e-04 3.487503687971205482e-04 3.360769004292661817e-04 3.260686809264131238e-04 3.298837979790198837e-04 3.448607397423238217e-04 3.383356458847470993e-04 3.238145929113856380e-04 3.351598622659922441e-04 3.483847990514627227e-04 3.499785090972615557e-04 3.556662626860160933e-04 3.586793320356091710e-04 3.590319880108803563e-04 3.570317253054268881e-04 3.298807507182213716e-04 2.749619415373856534e-04 2.121492391088365356e-04
2.284638015345557801e-04 2.804907548495510767e-04 3.212518868770386504e-04 3.355769741973521018e-04 3.435254058723754373e-04 3.576256010492059900e-04 3.583277934084281224e-04 3.285887627688707899e-04 3.148444408930291131e-04 3.239168559858294659e-04 3.372921908970307088e-04 3.508418470300247441e-04 3.453057829657770264e-04 3.285506895470612044e-04 3.314004640890483647e-04 3.481919856641051050e-04 3.357916963708100803e-04 3.163203446637746058e-04 3.117013225737402370e-04 3.204948023924753778e-04 3.313231411242131309e-04 3.312916400620202545e-04 3.215075062066372188e-04 3.186871212289836726e-04 3.249333719825714959e-04 3.302743697926154498e-04 3.277067286764252796e-04 3.237088788047751782e-04 3.262945207870722973e-04 3.333163695774814706e-04 3.287278033120147932e-04 3.135940535952944281e-04 3.054712748506696520e-04 3.127540299910907141e-04 3.216062452301490099e-04 3.223093656327503205e-04 3.214566173638972748e-04 3.135928542043993957e-04 3.182052818947055019e-04 3.451677559656810695e-04 3.612896880216161233e-04 3.477574886782493126e-04 3.307947127147672266e-04 3.293128631025371480e-04 3.279958377884687869e-04 3.156947982702935527e-04 3.101281668417668657e-04 3.138569591998113199e-04 3.155257777329560382e-04 3.263805337227860485e-04 3.435885877183267280e-04 3.537424176197883491e-04 3.388565962032632009e-04 3.256665423506515398e-04 3.322318958385301994e-04 3.337092808164299641e-04 3.334577804331837923e-04 3.397952796025029837e-04 3.421469922789845521e-04 3.371021003295274947e-04 3.281309960885392786e-04 3.292131424390892444e-04 3.402333944369413947e-04 3.404095361013759246e-04 3.355329331915002421e-04 3.311684315843375611e-04 3.305461449382816755e-04 3.318334488250330398e-04 3.416719937939790641e-04 3.496609343179592731e-04 3.241874253848522664e-04 3.005409324914607491e-04 3.055388922152967078e-04 3.184711737516493198e-04 3.235286440046571750e-04 3.290318059789837770e-04 3.383491910146805767e-04 3.430552770874184271e-04 3.359202857613781791e-04 3.332476493058319231e-04 3.416232615363009630e-04 3.550131498066249475e-04 3.568499826367739361e-04 3.498083054905482860e-04 3.360636644078836342e-04 3.310912866897662652e-04 3.394484597175421981e-04 3.426121435960891265e-04 3.249785112727049635e-04 3.047311278082640061e-04 3.109551702880269724e-04 3.332835060140332739e-04 3.495909401130971707e-04 3.548321079357371916e-04 3.479792486702843932e-04 3.435146846316064571e-04 3.414178375578299498e-04 3.213612789490284151e-04 2.734747435476525979e-04 2.126598823239259962e-04
2.259696204274867207e-04 2.774819287983285531e-04 3.108550422277983703e-04 3.216697719916526916e-04 3.331615442204169993e-04 3.543372051408528512e-04 3.641091776390938031e-04 3.377717654503473686e-04 3.147069154465335656e-04 3.180322314976703649e-04 3.313764507961382451e-04 3.341652894823811913e-04 3.350161782538692312e-04 3.315293835799666754e-04 3.262406773528510480e-04 3.354707949454389417e-04 3.345860307335582744e-04 3.266684694551577010e-04 3.212102267731075040e-04 3.236732751470959872e-04 3.350602411328818713e-04 3.374745081459649097e-04 3.250569742055199650e-04 3.149214731306901869e-04 3.148635003100267761e-04 3.162240569565143611e-04 3.246999704574466783e-04 3.336087760192160039e-04 3.415846073365516296e-04 3.492408828121219724e-04 3.414007178458575219e-04 3.320996112380845402e-04 3.255343969465953214e-04 3.242346314315496924e-04 3.301531474420928451e-04 3.267704325675432984e-04 3.203159926063082899e-04 3.170700696631653442e-04 3.354521610673319161e-04 3.565800492771190652e-04 3.513405932972602321e-04 3.296849103236850951e-04 3.202962942816683402e-04 3.278110357217833967e-04 3.354715585862193803e-04 3.320912136024321447e-04 3.295548157208070053e-04 3.255729074734315699e-04 3.098001567108451962e-04 3.107308395779981086e-04 3.358863929689795977e-04 3.513769422550277782e-04 3.337372563815307717e-04 3.224107469982908313e-04 3.365686934005883381e-04 3.401157038073756526e-04 3.304351401530872864e-04 3.292595280949932313e-04 3.355131664748451509e-04 3.373806899694709602e-04 3.325108319527168409e-04 3.380841749849776770e-04 3.527897350306301652e-04 3.470332314761213205e-04 3.347752392391825475e-04 3.320650079234913846e-04 3.426302494725178569e-04 3.585729063649794159e-04 3.679515506819480003e-04 3.557034721750912008e-04 3.224572438788340174e-04 3.079463747087939638e-04 3.236224411193219775e-04 3.419339521618353734e-04 3.381294495922429390e-04 3.296923375753526815e-04 3.404882265315152361e-04 3.474055303652047282e-04 3.337678358528835482e-04 3.249374102368731950e-04 3.365028066995532112e-04 3.498605840001970660e-04 3.500747835087473798e-04 3.457792685417183736e-04 3.344045861813999205e-04 3.336960315819926344e-04 3.440146674119219151e-04 3.459744411051214824e-04 3.321347641273782766e-04 3.100068593409740711e-04 3.028643321710025290e-04 3.157326328668873597e-04 3.297000778176622984e-04 3.357676241744723608e-04 3.311673076872881328e-04 3.244965811251634166e-04 3.208505004528057350e-04 3.079850810153610726e-04 2.691966397748307444e-04 2.128930173712474216e-04
2.179616516364727503e-04 2.757812057620150190e-04 3.156674779518681313e-04 3.245211664131784088e-04 3.253433109170893482e-04 3.381684615143681905e-04 3.540181033575047357e-04 3.448559741912722793e-04 3.244293662463115378e-04 3.205126489413636552e-04 3.237026977578250282e-04 3.170120946438399995e-04 3.254074002488016549e-04 3.337167127853631369e-04 3.219835223100837710e-04 3.252619870099992595e-04 3.378368200660402981e-04 3.382685047099422094e-04 3.346902854186570341e-04 3.361680556660151162e-04 3.442104543134504252e-04 3.460447763367941083e-04 3.372276915736371720e-04 3.279426578072052031e-04 3.249159718774200694e-04 3.215078293809659881e-04 3.344937450905853104e-04 3.511164067238096379e-04 3.562384793007985270e-04 3.528173092029475411e-04 3.419426814626073995e-04 3.424168905199731472e-04 3.432759859729478001e-04 3.408699992778186326e-04 3.389096712248943280e-04 3.256147800232615883e-04 3.180855069302792357e-04 3.200245615643129791e-04 3.403956174396255332e-04 3.547681382065664057e-04 3.455166070387083932e-04 3.242803018489183974e-04 3.168162434522551378e-04 3.293939630241226680e-04 3.508454299202997924e-04 3.621956253926368174e-04 3.554522002445157638e-04 3.405340625877616633e-04 3.179460266664616225e-04 3.157252815174359261e-04 3.382111206155324727e-04 3.500900438935911855e-04 3.332132740332097078e-04 3.165136866631196311e-04 3.312634727258220724e-04 3.441360341395112454e-04 3.368703648541117313e-04 3.370640585453977883e-04 3.439718951918239792e-04 3.497437740024407146e-04 3.479232266521353561e-04 3.531923091378682471e-04 3.652680814882900470e-04 3.503914106865166681e-04 3.249519876608682103e-04 3.183923324794887886e-04 3.331199000341911578e-04 3.557688880412735594e-04 3.714784764100972003e-04 3.610474951026143163e-04 3.336314390022948888e-04 3.218869587101781541e-04 3.334736884727228256e-04 3.511354490885641114e-04 3.460177402378671009e-04 3.257826578779745284e-04 3.245433150909023167e-04 3.262871979289171543e-04 3.165242293357644569e-04 3.174955751933733949e-04 3.353128723998229999e-04 3.442788235265376528e-04 3.409655958049980428e-04 3.374255095443962895e-04 3.284543944248457538e-04 3.274596836928225676e-04 3.370566079523921164e-04 3.456896293875078127e-04 3.445570372519465374e-04 3.319632605179875600e-04 3.206446410126767782e-04 3.192561122374710202e-04 3.224834436595657187e-04 3.240740753285309438e-04 3.254538430440639366e-04 3.245457804724390409e-04 3.219176233922660998e-04 3.121306768740456181e-04 2.765178083371605490e-04 2.192506412185873314e-04
2.090739058297246466e-04 2.771496222770735373e-04 3.224489650186668373e-04 3.276279082597587837e-04 3.208674110610299575e-04 3.237616710783122699e-04 3.377741830776141534e-04 3.433930894280716071e-04 3.352261367381922127e-04 3.261510325969776904e-04 3.189741780691923928e-04 3.182902596322778523e-04 3.309992316982629046e-04 3.335587122354856165e-04 3.159947436157952935e-04 3.192709577274651213e-04 3.381089588807814671e-04 3.352156582141409963e-04 3.364494121766809735e-04 3.505916228011410948e-04 3.524085789210675695e-04 3.417740285021494094e-04 3.378937069868690845e-04 3.389074201013942095e-04 3.357297537575212941e-04 3.290230123665204703e-04 3.411129047022470060e-04 3.596825051394900814e-04 3.578130653728415914e-04 3.405984757746968825e-04 3.281910042341591683e-04 3.377153970963565986e-04 3.492857807480375244e-04 3.491903993398576592e-04 3.389640361099617843e-04 3.200973651402732505e-04 3.189592600972553722e-04 3.266106798506013438e-04 3.379915954016872058e-04 3.469410928793761439e-04 3.492676066427882514e-04 3.361658553284029168e-04 3.199087667640711685e-04 3.207634294642714963e-04 3.418439557840341524e-04 3.603417227003196440e-04 3.518450495447580971e-04 3.373888419159733415e-04 3.281389463387613227e-04 3.360288831231870348e-04 3.443664107500844741e-04 3.405859042246561622e-04 3.282698887674640950e-04 3.084507924833173481e-04 3.161757554945324135e-04 3.387032448741765858e-04 3.394179200160652365e-04 3.389505069264028446e-04 3.418286415366766137e-04 3.471454173202262114e-04 3.476876665446951504e-04 3.466033929233147768e-04 3.469509017928147968e-04 3.325484572200699662e-04 3.135494046387980976e-04 3.077261429231454063e-04 3.177932015325786279e-04 3.370640461283532906e-04 3.571187653376426178e-04 3.610716494134766884e-04 3.483032801884562062e-04 3.326648129459393918e-04 3.272534599085483707e-04 3.374045655028034630e-04 3.415211624413260275e-04 3.269528254699631455e-04 3.196313634209052026e-04 3.197653494366498213e-04 3.163317572991485114e-04 3.163933353249542097e-04 3.212495940675673964e-04 3.205388583536342498e-04 3.206783499198211681e-04 3.243633056143869716e-04 3.230149335546575635e-04 3.235202719921976373e-04 3.338232459991308070e-04 3.463024811202026977e-04 3.494475883403182128e-04 3.432421419794068600e-04 3.320344444113165435e-04 3.229495245358349068e-04 3.232426314945280625e-04 3.236328472075705579e-04 3.286216684261230149e-04 3.312429330577234079e-04 3.283328432839138626e-04 3.217405208840107213e-04 2.871602242497030169e-04 2.257744896962178311e-04
1.990185280657007564e-04 2.694206027585725792e-04 3.196011929610922324e-04 3.340597004107424741e-04 3.343921519100302698e-04 3.273692476838522582e-04 3.243741129854740531e-04 3.314066038202278857e-04 3.381050341158046936e-04 3.322722239484115657e-04 3.233234481339329917e-04 3.295647111054950899e-04 3.351183942831201766e-04 3.248287317358490383e-04 3.055773118966616741e-04 3.085005079860977028e-04 3.282250138175027204e-04 3.249548231444114306e-04 3.282696468170773945e-04 3.488179903748834122e-04 3.499722267226723638e-04 3.365935430638194396e-04 3.340573780720590283e-04 3.348124489965863086e-04 3.311401651553134203e-04 3.314052095002968873e-04 3.407900386461156536e-04 3.510821688601541688e-04 3.465394202237107924e-04 3.271280819831249762e-04 3.166202818694504565e-04 3.319683054530277568e-04 3.470231107273796453e-04 3.435884619218984950e-04 3.275936596726351400e-04 3.123049617586922278e-04 3.247571195191665443e-04 3.458408573951854848e-04 3.534498366899907658e-04 3.554262873072773564e-04 3.600949801040113354e-04 3.509131616869742539e-04 3.298903281709047314e-04 3.154467428950923817e-04 3.218887112390201449e-04 3.378897818603441173e-04 3.367304662509399121e-04 3.288546684822986560e-04 3.253088809386494576e-04 3.301767889534927645e-04 3.276160793040987446e-04 3.205884322434043865e-04 3.199056525740310479e-04 3.114530831409422114e-04 3.175972953612193981e-04 3.375296187848689797e-04 3.347370392717186798e-04 3.238940336898870611e-04 3.242226161782689854e-04 3.302625326668675405e-04 3.301035317742661082e-04 3.233502403894908915e-04 3.166116078447952847e-04 3.165107473008409904e-04 3.222281585139575265e-04 3.195694555285056660e-04 3.157806481065752861e-04 3.288179513587748733e-04 3.463584410223946629e-04 3.549723563174713532e-04 3.551582134144746269e-04 3.420387052107147149e-04 3.285184905232801174e-04 3.283399810427102593e-04 3.340657144290204808e-04 3.320102759952048136e-04 3.302143710531277375e-04 3.285168522966343610e-04 3.222732572397250545e-04 3.159110338227010873e-04 3.079048690493641676e-04 3.001720473868495155e-04 3.041794841715210885e-04 3.131486509908387814e-04 3.200151740120315549e-04 3.228561087350566034e-04 3.346685607278717289e-04 3.506584649513130219e-04 3.506713892717251420e-04 3.409639294647201502e-04 3.324629900700253700e-04 3.242031990588103551e-04 3.246135254850519196e-04 3.307017342445264839e-04 3.406844540585830567e-04 3.438129850418653304e-04 3.391673073102082327e-04 3.315216867951285666e-04 2.930983329669871983e-04 2.277482121614615783e-04
2.026107464369002859e-04 2.647191497508550109e-04 3.178103137724876690e-04 3.441808111629693964e-04 3.520684566167266117e-04 3.330700557556972403e-04 3.137471927748137069e-04 3.187534746925855481e-04 3.333133300838399932e-04 3.355922413814332959e-04 3.351081531899652473e-04 3.409140878652957641e-04 3.401561453172941007e-04 3.264445522052809119e-04 3.097090224294853783e-04 3.117755331755623781e-04 3.226959356308909733e-04 3.128193815894868843e-04 3.177779932680105824e-04 3.400927163611712923e-04 3.463254285950303178e-04 3.407596684333308703e-04 3.345155169133880342e-04 3.244314547849444291e-04 3.194967660131855592e-04 3.281214705075903657e-04 3.338273954591233208e-04 3.314438732522312185e-04 3.320365056882171209e-04 3.287059637814505799e-04 3.297365294966304763e-04 3.399807993114876926e-04 3.366191667704333704e-04 3.220107879355364939e-04 3.093007802860277223e-04 3.059678148017297558e-04 3.256993588210875751e-04 3.457045118471655724e-04 3.509849684386449095e-04 3.513382132873464191e-04 3.510143151832009062e-04 3.437615710950108990e-04 3.329218442007746809e-04 3.213147439763731905e-04 3.207930019354392659e-04 3.339897198394580369e-04 3.431180879819069199e-04 3.435057074228584908e-04 3.349913396024991490e-04 3.210581912015623290e-04 3.099971418719358641e-04 3.043698054857680636e-04 3.099706512568721766e-04 3.189448228814343667e-04 3.365485851343671107e-04 3.518345956677594545e-04 3.418196901046246378e-04 3.236835308408067069e-04 3.216482912323674940e-04 3.253957768715829302e-04 3.230801456902655192e-04 3.223612167263333441e-04 3.254380957783581147e-04 3.350927121015594102e-04 3.489358207335821493e-04 3.439497848811034391e-04 3.205652738396667402e-04 3.110829202735100802e-04 3.157221667966582422e-04 3.263938573970830365e-04 3.397353716617123372e-04 3.382495537070411484e-04 3.348872456447501674e-04 3.363982141757853022e-04 3.352873416981521715e-04 3.347622743912949004e-04 3.409198188300787942e-04 3.438768880602470967e-04 3.363899945824460041e-04 3.275294888414984366e-04 3.164517208641718857e-04 3.068982366683402005e-04 3.110659412819156023e-04 3.171611907742641649e-04 3.204453523963620223e-04 3.169239423680219291e-04 3.259732047390605757e-04 3.429616229150963744e-04 3.432746137690062885e-04 3.346867041924711538e-04 3.336983794420751476e-04 3.347460493686701998e-04 3.333191714063856652e-04 3.347609717886964155e-04 3.458923136230954718e-04 3.532669142591112637e-04 3.490950039283019155e-04 3.376435950681122371e-04 2.942131376674900212e-04 2.230653614731700199e-04
2.150579982314823624e-04 2.704606809060927761e-04 3.188641214967545805e-04 3.487852493820096196e-04 3.578049436413932474e-04 3.332640458289032803e-04 3.151159740163893340e-04 3.235970542489832475e-04 3.326946988342509076e-04 3.338244502947261831e-04 3.390056815297352866e-04 3.399752422703088053e-04 3.439907043325639161e-04 3.418770288407595127e-04 3.320245437111549202e-04 3.291039058763243347e-04 3.220701762723733640e-04 3.032273995813932984e-04 3.128465316311316744e-04 3.387235860718715644e-04 3.495199715539987770e-04 3.444267833514403536e-04 3.331127498761444062e-04 3.234543082337552888e-04 3.153859848150933559e-04 3.179798537614411820e-04 3.237441326201922218e-04 3.227446624550895076e-04 3.303258052624556945e-04 3.383279963627125247e-04 3.436143858880300874e-04 3.429409749907542763e-04 3.271106503188988602e-04 3.172248644618738938e-04 3.175856047788398577e-04 3.189177453108817464e-04 3.253379299713443770e-04 3.265623519129900358e-04 3.289568599355961872e-04 3.312858270019821512e-04 3.300824139897076291e-04 3.318042015268406761e-04 3.307098925961375136e-04 3.285446067491709296e-04 3.327888915010617605e-04 3.442235037048580436e-04 3.527478494361629448e-04 3.528820490087907868e-04 3.448268746654557402e-04 3.328365569401246435e-04 3.314202715899857116e-04 3.262434891086735253e-04 3.193511636272178939e-04 3.255671923468574308e-04 3.439896854536119504e-04 3.512230831795148250e-04 3.384643602424736728e-04 3.242327525730996857e-04 3.194117294537073123e-04 3.193328229921622917e-04 3.211695446271294204e-04 3.285217484788112863e-04 3.404788279204065638e-04 3.527888238505782906e-04 3.638440271412788024e-04 3.586361174444391699e-04 3.302253135360100518e-04 3.034890753233937294e-04 2.954268279839717499e-04 3.021945460741777252e-04 3.199936749259869222e-04 3.358837345088833311e-04 3.490144425621388756e-04 3.586345915303507255e-04 3.506354270044631126e-04 3.365020208396818932e-04 3.422945693740792831e-04 3.551239992369726738e-04 3.507238902753815149e-04 3.381324114609341120e-04 3.257880882943964577e-04 3.266173376840088142e-04 3.363762321645101571e-04 3.352311889272021868e-04 3.282991294492210860e-04 3.179795790114101333e-04 3.224510193019155006e-04 3.337160387997612702e-04 3.347880064287189197e-04 3.317138341038126850e-04 3.341126222166088729e-04 3.399948922366997093e-04 3.351702615736346373e-04 3.255970866486483867e-04 3.355642093820665906e-04 3.468141287830361322e-04 3.430754274970928240e-04 3.285940833721857609e-04 2.774527467050944300e-04 1.997446037457693791e-04
2.058340466147207180e-04 2.604866827733447383e-04 3.054032270805954194e-04 3.412847150269372027e-04 3.543065975658658004e-04 3.361433184524654713e-04 3.305429705439382067e-04 3.431297130266652861e-04 3.401369379348401440e-04 3.249215528477400689e-04 3.246099366383327117e-04 3.281504157455896820e-04 3.412713496800008628e-04 3.489803953087189554e-04 3.445778567651656401e-04 3.392425389001220795e-04 3.282639987700385954e-04 3.146523763682291803e-04 3.198620564850206214e-04 3.371782683508314543e-04 3.500637111987558786e-04 3.459420469150236940e-04 3.325868906566035402e-04 3.256158967064638754e-04 3.135146658193068954e-04 3.095310348124729336e-04 3.185859188183602902e-04 3.266396422185647739e-04 3.364500106484415122e-04 3.419599647431000467e-04 3.404651292014369574e-04 3.329124422412543458e-04 3.246893572821449173e-04 3.306158233608936028e-04 3.378869513822013422e-04 3.358649487595087363e-04 3.309961807565600699e-04 3.271679979178771912e-04 3.274784186166802445e-04 3.230229612905980785e-04 3.195624604322120114e-04 3.269101783628815651e-04 3.308519804080983003e-04 3.335974434900908269e-04 3.355198847515139656e-04 3.398450790621289916e-04 3.463249649468450432e-04 3.429233842901055658e-04 3.363515991357912509e-04 3.386752914849583277e-04 3.564830418474164778e-04 3.608632861308234659e-04 3.433516276122232998e-04 3.319314588832949055e-04 3.373427016502950179e-04 3.365188327689029417e-04 3.260551107469176666e-04 3.198577445424963923e-04 3.122174299790376681e-04 3.140799966101430300e-04 3.273895536322486395e-04 3.311029551189261714e-04 3.347830559857861666e-04 3.471070141117311883e-04 3.552116228721575227e-04 3.503445358109621597e-04 3.329562283346304205e-04 3.165198120345707935e-04 3.109170049261075004e-04 3.071131349166336634e-04 3.122218886012416384e-04 3.314127509749528007e-04 3.458440864831594376e-04 3.537609115801907279e-04 3.425706514700814346e-04 3.226791662526373944e-04 3.305390800580775999e-04 3.548829824665467514e-04 3.557991098179154625e-04 3.438287709703592926e-04 3.310939730050179971e-04 3.340514161923461883e-04 3.431222266984600925e-04 3.433632290964922775e-04 3.401707929635075641e-04 3.338480990136486045e-04 3.377403159339355363e-04 3.455724190071110080e-04 3.424721393809241981e-04 3.377556991001485608e-04 3.315330671929717391e-04 3.278702179254831773e-04 3.211572779625175610e-04 3.152461743828401282e-04 3.324593712613290895e-04 3.444359241877050209e-04 3.374749725603676774e-04 3.191931236151089851e-04 2.573699103240071695e-04 1.740795294395069363e-04
2.054382439674667330e-04 2.605463699159829452e-04 3.019884979339210337e-04 3.333879870467957359e-04 3.448048441962615483e-04 3.358467631038068116e-04 3.356534160281319677e-04 3.424430410357773161e-04 3.396131033181020147e-04 3.252480630745108246e-04 3.216329518811688031e-04 3.215330771868718431e-04 3.313088428325436591e-04 3.430923670884804093e-04 3.456608180592600022e-04 3.466986210606352046e-04 3.424420781084929659e-04 3.369231715990452349e-04 3.304968135450895867e-04 3.265482920586541349e-04 3.314006525758933118e-04 3.328466514261752950e-04 3.288899730532369591e-04 3.245360983080291953e-04 3.118176722765574884e-04 3.115712330011362503e-04 3.246964771342750926e-04 3.336326112717915324e-04 3.351733955639584579e-04 3.363172739909993077e-04 3.355542737656505635e-04 3.260093437119992261e-04 3.222188371699139962e-04 3.329267588746333707e-04 3.402947837039368615e-04 3.417691619405179753e-04 3.420756403975813795e-04 3.446908575221180196e-04 3.462785750501260005e-04 3.354974997319180949e-04 3.240437815663094884e-04 3.268847670514068169e-04 3.344804362682002319e-04 3.353906941907816531e-04 3.282991336731821107e-04 3.289048039613723363e-04 3.385229341159769071e-04 3.339503862890293683e-04 3.273880634060002482e-04 3.382868177287528546e-04 3.584623682981141583e-04 3.650268853378429252e-04 3.497896827641853936e-04 3.312132834514403944e-04 3.317065029715570617e-04 3.359886293478033187e-04 3.323162600140307406e-04 3.286840936850136171e-04 3.207670144662918936e-04 3.253864748025274726e-04 3.433083276497308741e-04 3.384296446750276709e-04 3.278901988300156637e-04 3.338587578095612786e-04 3.368124816476422614e-04 3.261484541348743543e-04 3.175700565715657746e-04 3.232234530899526876e-04 3.354780668052257959e-04 3.314594383812122843e-04 3.149778999946798320e-04 3.135433673261360369e-04 3.185084281915329107e-04 3.258379931615407914e-04 3.221437304985483654e-04 3.079915609419238507e-04 3.100504400099845311e-04 3.365485731904173210e-04 3.491148788057915164e-04 3.458910102847219392e-04 3.345630372620420458e-04 3.305722783322375801e-04 3.352589605040473455e-04 3.419676944770809186e-04 3.494908704311643641e-04 3.535294347129556785e-04 3.560255529421207411e-04 3.567309545485429457e-04 3.494858156132992486e-04 3.421764984318303397e-04 3.270570075051860981e-04 3.148361030219735805e-04 3.078731707109375851e-04 3.090911651320374918e-04 3.318641039073235745e-04 3.422089257360377270e-04 3.312440179243755409e-04 3.127728408249924293e-04 2.573429972504774860e-04 1.802202197578411350e-04
2.261737477525583358e-04 2.850116149028761748e-04 3.194016479353795849e-04 3.303207115149962760e-04 3.301214096652021037e-04 3.292384129264597161e-04 3.284899640867388866e-04 3.240382166783507345e-04 3.277435211574251809e-04 3.253457400293300206e-04 3.204041382692415871e-04 3.138033334354549506e-04 3.228234950535101982e-04 3.408932911241107028e-04 3.447739251889648691e-04 3.424858478342581065e-04 3.372106444146275679e-04 3.345869566582657323e-04 3.287839034212031619e-04 3.193842852994539057e-04 3.174465166106098506e-04 3.190488866266030267e-04 3.268810397598384369e-04 3.306330601662389517e-04 3.220678749797583435e-04 3.247464575490990294e-04 3.385223475768209039e-04 3.424295410284810192e-04 3.364578753420791697e-04 3.357917629606592207e-04 3.323487844195404956e-04 3.217391807984167421e-04 3.253984896336249493e-04 3.371489161070114903e-04 3.368067380118156548e-04 3.340091132623152371e-04 3.349139888322543021e-04 3.369990043017771861e-04 3.434880327830989099e-04 3.418684792756021161e-04 3.326269470798613498e-04 3.298700019427170489e-04 3.324558007969371717e-04 3.317321037855856499e-04 3.323669884347318589e-04 3.378539074180056910e-04 3.423147282600696832e-04 3.350448634645259533e-04 3.300229677963375011e-04 3.375427639114412940e-04 3.440863333548756708e-04 3.430443079910642699e-04 3.327614421187228113e-04 3.201456712268276788e-04 3.293416974374403501e-04 3.487186612505831836e-04 3.527806709776995834e-04 3.382199256611980375e-04 3.265504731489290492e-04 3.354553493986655102e-04 3.527844718891396639e-04 3.468432027241784808e-04 3.280933759170025004e-04 3.236534048616315513e-04 3.239779708911330386e-04 3.091812734268910528e-04 3.032385380983963524e-04 3.216603594026945425e-04 3.483774471505859016e-04 3.537976884571302676e-04 3.264852903033372525e-04 3.037435568870113130e-04 3.065878297648412390e-04 3.248861758113834970e-04 3.316312121324555733e-04 3.176221373502750227e-04 3.024157861684002879e-04 3.122419451156119600e-04 3.273400728832325099e-04 3.328161693603523411e-04 3.245156329472702176e-04 3.168808851550076284e-04 3.240603242176603527e-04 3.375873590907573787e-04 3.456910670205182797e-04 3.510603765712959996e-04 3.519976512588031772e-04 3.461454678170171806e-04 3.404680592153548624e-04 3.359818417626468439e-04 3.199336014205457447e-04 3.049850835495368853e-04 2.972979967254280736e-04 3.063325857940775053e-04 3.313777949835130425e-04 3.444116370771011220e-04 3.347417804842376765e-04 3.122261307233022750e-04 2.672802645051473879e-04 2.055384442224490911e-04
2.311927740175516227e-04 3.001779327886449863e-04 3.328638612816331183e-04 3.244569685537773132e-04 3.161207819780189883e-04 3.268025789678494176e-04 3.297192970332972289e-04 3.273644821935405404e-04 3.393326704868492244e-04 3.319821968230201562e-04 3.144483781852435876e-04 3.103065064433930750e-04 3.294380829078514140e-04 3.503706538499317389e-04 3.475728260061165180e-04 3.363310312330578498e-04 3.310774189010761955e-04 3.325313951472553078e-04 3.344277539820768481e-04 3.305538156770296407e-04 3.275121288819771029e-04 3.230567751614809614e-04 3.269496461118376329e-04 3.324653590998120022e-04 3.313030287366647633e-04 3.302671522512195808e-04 3.335592013099289953e-04 3.358655106671437412e-04 3.369086284727734098e-04 3.360045161641888548e-04 3.245576225585369520e-04 3.185030251257910789e-04 3.354803920454290864e-04 3.486170475718839996e-04 3.385833517359307398e-04 3.293573673153371746e-04 3.217679790482391115e-04 3.119156430514141037e-04 3.187366015795779469e-04 3.307111735412479126e-04 3.334765468443246818e-04 3.286278700189541879e-04 3.260238947280296676e-04 3.295037382685399221e-04 3.396670059278284175e-04 3.444792423921252175e-04 3.434870034482904403e-04 3.397217195308957168e-04 3.355520461522687220e-04 3.316597778417691754e-04 3.273152626663370377e-04 3.214098567332060647e-04 3.141810089258037465e-04 3.108510464539984263e-04 3.296894513863535140e-04 3.623872473696268829e-04 3.745835048914680993e-04 3.482192106041395773e-04 3.260031015575351162e-04 3.312674692816319983e-04 3.464433340036224382e-04 3.541980577451063982e-04 3.425615324778803804e-04 3.291193272512929089e-04 3.207998467750093532e-04 3.009844518418986576e-04 2.962224793964977703e-04 3.211790650595073649e-04 3.497325534740318561e-04 3.569860348597173809e-04 3.336840147234119958e-04 3.119147529844033405e-04 3.256541260574296682e-04 3.524692408385061504e-04 3.592444711136683587e-04 3.410201360791825743e-04 3.157964661424026960e-04 3.105938552104295044e-04 3.144826198446361645e-04 3.112870263974088251e-04 3.047131038396819376e-04 3.072133216059117974e-04 3.210422410411935224e-04 3.372339770040406462e-04 3.359199293339034048e-04 3.271202342513704429e-04 3.238790928372337844e-04 3.252317707232538712e-04 3.321971182433037162e-04 3.368521491859169902e-04 3.285157646221701397e-04 3.166852404142720756e-04 3.138342994106760797e-04 3.290300570899077921e-04 3.421789645339073363e-04 3.454059493453126659e-04 3.319434104385400510e-04 3.004479003456406714e-04 2.598328873052374111e-04 2.128965026251391167e-04
2.292747018595063459e-04 2.988450209999382275e-04 3.353618776252350752e-04 3.261750564140161995e-04 3.234409576352663667e-04 3.387008534166080997e-04 3.401325076065432130e-04 3.435828707007253235e-04 3.581926383405156073e-04 3.420870771393229033e-04 3.136253303068972783e-04 3.147702174607572160e-04 3.381155190548772020e-04 3.525800797463461526e-04 3.472289263788315991e-04 3.362649064676261849e-04 3.330429246316542560e-04 3.360902754529800215e-04 3.419449602064922301e-04 3.477591411692511499e-04 3.550915907706103073e-04 3.511962437015168827e-04 3.393433336495512180e-04 3.338776078212415824e-04 3.324604915754293677e-04 3.225829936311037970e-04 3.156668789981526761e-04 3.247406106392789534e-04 3.397890697360920185e-04 3.398272846374964179e-04 3.241967901137241871e-04 3.174944805994465036e-04 3.309692226979308108e-04 3.422657080701080432e-04 3.339534059584339755e-04 3.323605230399053010e-04 3.250601820967715890e-04 3.026875781143399257e-04 2.982884566780310718e-04 3.128809300532465207e-04 3.279371478410953106e-04 3.285656252239532943e-04 3.279022297676262364e-04 3.311991973813412093e-04 3.358137679759990021e-04 3.373655149419311160e-04 3.383204642349564389e-04 3.391491735312261334e-04 3.376448650816146952e-04 3.363895029338633729e-04 3.283275245466542704e-04 3.146759470553737309e-04 3.067778198204545179e-04 3.041046653727814768e-04 3.229453110085950089e-04 3.587177908854755331e-04 3.680397225286310189e-04 3.431337249344009431e-04 3.244914527824902060e-04 3.231166184892768573e-04 3.311367432146294833e-04 3.445631237404671874e-04 3.415976233919538509e-04 3.323300958818496990e-04 3.245883014518710641e-04 3.092455448764694489e-04 3.125462400014770515e-04 3.361587697118880607e-04 3.497762779338063881e-04 3.467770035627117478e-04 3.293961476522541134e-04 3.191661063084246961e-04 3.393619715827761929e-04 3.583377002282242757e-04 3.598271728479420775e-04 3.518136497131247459e-04 3.357318131166548737e-04 3.288943830781370140e-04 3.221269651667075682e-04 3.109542040738336828e-04 3.121373534107150095e-04 3.290270327426537142e-04 3.420225225017488845e-04 3.459293089917341371e-04 3.353142884443698654e-04 3.215541045684852097e-04 3.155866580296179608e-04 3.190611998028576764e-04 3.316762478680001461e-04 3.458246565882364186e-04 3.451252071129385073e-04 3.328619353806089570e-04 3.347078576482642623e-04 3.507920522582893283e-04 3.482979607785640372e-04 3.352928247836090871e-04 3.153215621894051349e-04 2.833068200390392107e-04 2.449395533722878871e-04 2.002973617836344600e-04
2.335650384406348754e-04 2.955912572466883569e-04 3.372222098317419659e-04 3.390717724034017977e-04 3.379477937451091994e-04 3.381693539524979883e-04 3.290145222094617398e-04 3.308996014762506459e-04 3.402861522965714325e-04 3.272835243828326650e-04 3.047115626933950697e-04 3.061645241079595514e-04 3.203654246035599670e-04 3.274593278620170460e-04 3.262821639477865034e-04 3.242629789968778887e-04 3.206212583331427926e-04 3.120887505329497788e-04 3.099685399823131878e-04 3.259354260498188672e-04 3.512124282049171060e-04 3.547669186838066108e-04 3.339634929869794190e-04 3.212838560069178622e-04 3.229383178837495327e-04 3.171365829606629045e-04 3.134103519622735310e-04 3.258671874918752992e-04 3.397229681590616937e-04 3.387823917275610162e-04 3.250413312250807090e-04 3.122419770215729062e-04 3.119493497507299555e-04 3.173601143082901933e-04 3.139676532417387620e-04 3.237071843496503007e-04 3.265677203704098544e-04 3.004796437268181415e-04 2.864434086513298382e-04 2.994627288825834266e-04 3.208659454064239757e-04 3.276655216721803760e-04 3.275918555271346106e-04 3.271887665379041811e-04 3.293624406563209301e-04 3.335501377632733942e-04 3.300589225915944195e-04 3.222495011431008509e-04 3.232293094858856137e-04 3.358275219289582995e-04 3.246672081510698941e-04 2.971912885647167530e-04 2.888646177629705571e-04 2.903629753922264698e-04 3.071509709789318728e-04 3.323887368314246268e-04 3.327581595018564396e-04 3.247506495780640330e-04 3.247697163283549569e-04 3.215339224827746699e-04 3.189606137828519860e-04 3.221753717374912238e-04 3.207321922675808760e-04 3.159469754216478587e-04 3.098520349315002928e-04 3.073534220645380600e-04 3.250468044348764091e-04 3.454882975051633233e-04 3.447877983144646006e-04 3.338542196837618152e-04 3.206989111261824340e-04 3.113681005943821261e-04 3.176148248510010587e-04 3.214215516350389288e-04 3.252260345890592300e-04 3.343647558713430277e-04 3.354674229357221347e-04 3.334002042349278787e-04 3.202024073535772561e-04 3.141915690500838155e-04 3.289155761350549107e-04 3.436965679606465013e-04 3.415734694760727812e-04 3.319784410670374112e-04 3.262165285005094099e-04 3.292770133592881751e-04 3.264630146492530915e-04 3.150472003161008862e-04 3.189600744985144221e-04 3.415122233268709723e-04 3.391183768942958440e-04 3.137045153230822109e-04 3.178161242114476673e-04 3.395832479337432697e-04 3.369007503798861604e-04 3.203643622507423264e-04 3.045415712383410501e-04 2.778918644700847625e-04 2.296470630397123716e-04 1.749791591044210100e-04
2.205754624939451408e-04 2.777828710875737813e-04 3.124603677871660924e-04 3.095648058381124043e-04 2.966437855153994971e-04 2.794206733800958290e-04 2.667101398559169672e-04 2.703806679443777287e-04 2.824947122013430354e-04 2.836034148309339283e-04 2.704487141661209991e-04 2.642567906127373184e-04 2.675944993317498979e-04 2.717118932129172597e-04 2.706958464242459556e-04 2.700906996393907041e-04 2.654628853845491512e-04 2.523588007987754341e-04 2.458632866114742735e-04 2.600905281324682986e-04 2.847830712048549876e-04 2.920132053283173209e-04 2.748668668302467629e-04 2.663084610697173844e-04 2.789210949939709226e-04 2.900983167639391075e-04 2.930196246917571388e-04 2.921713703996606281e-04 2.939446813555982745e-04 2.968435023898136462e-04 2.903459110244301154e-04 2.777710434693483540e-04 2.748789930717187094e-04 2.710617195038378694e-04 2.634425176661593041e-04 2.816837769330886310e-04 3.018265141740579787e-04 2.858632004481470915e-04 2.741308659969649269e-04 2.856838967869547094e-04 3.003840669238157755e-04 2.966447156001717714e-04 2.832168249710442570e-04 2.827758030182328844e-04 2.919842435572507717e-04 2.981377392125671025e-04 2.909661829893136218e-04 2.739461641983357643e-04 2.694218648122819479e-04 2.845775632274686207e-04 2.773713760438311087e-04 2.514437540159985759e-04 2.501895402419100178e-04 2.596827244780870172e-04 2.663892283883483947e-04 2.756966585863883032e-04 2.791032838486178966e-04 2.852683999437500813e-04 2.915733428256861827e-04 2.895946948339928658e-04 2.847428843993988676e-04 2.868255240117127030e-04 2.885788704074335751e-04 2.780509378068580584e-04 2.649649458051595800e-04 2.666057831816720210e-04 2.825314207422431655e-04 2.938028907103982503e-04 2.906995895268381564e-04 2.863732045409959882e-04 2.840798216623317764e-04 2.766867397514053686e-04 2.694765878369051763e-04 2.634326595268867387e-04 2.668331943862722270e-04 2.755798021134529948e-04 2.851433333495850407e-04 2.918767452854804066e-04 2.801320259726081726e-04 2.786971404937444103e-04 2.950320742820020754e-04 2.972425483854734493e-04 2.840460698275048190e-04 2.748723107663366078e-04 2.782656913315065066e-04 2.936247699666347548e-04 2.925730740248314770e-04 2.731296960694075101e-04 2.739073063053896811e-04 2.991868657310090213e-04 2.925138526981694480e-04 2.595163699259032237e-04 2.656534680025401766e-04 2.893681999003482530e-04 2.864673040791910737e-04 2.737231750990776744e-04 2.727736111343208010e-04 2.595841303789292107e-04 2.119902371256790182e-04 1.585569369409987623e-04
1.730369068048711028e-04 2.195609515879872191e-04 2.415870210292545396e-04 2.328967761876217317e-04 2.165079216423758130e-04 1.964541646856060673e-04 1.900179646263259266e-04 2.003267360712823416e-04 2.165036191931503091e-04 2.240817111427009041e-04 2.158730864969544267e-04 2.099061379855273477e-04 2.087068328893070196e-04 2.053840066555064655e-04 2.024043403935079993e-04 1.979549943816807521e-04 1.910495928961306760e-04 1.850895984834412884e-04 1.856414475364915966e-04 1.969825766581603289e-04 2.118432284800065050e-04 2.174965962474951630e-04 2.063713480497247356e-04 2.009780541419265505e-04 2.161761759721929517e-04 2.387808921569981946e-04 2.439353731836911717e-04 2.243132382311291786e-04 2.151894808024940530e-04 2.238543748626397375e-04 2.263278986095213917e-04 2.220532890847899839e-04 2.255362003415428652e-04 2.183409249524175823e-04 2.099683201141012891e-04 2.301739378059785104e-04 2.565198928873090945e-04 2.509059328067656924e-04 2.434910945943965014e-04 2.529134165337831690e-04 2.623994612140476590e-04 2.511281882830541717e-04 2.253543747809565244e-04 2.238512253936789900e-04 2.349473669736788469e-04 2.362081734101366046e-04 2.297273500386157598e-04 2.106578228336553776e-04 2.005782847860894890e-04 2.141656043944043094e-04 2.180004838207924979e-04 2.063658571101351926e-04 2.114874679390715546e-04 2.199158643231778599e-04 2.146062343361537783e-04 2.163332454282180357e-04 2.249880123949846915e-04 2.279513780627610018e-04 2.247265085648830936e-04 2.226520500711585049e-04 2.174822372373971693e-04 2.222027861032757471e-04 2.310829888975452526e-04 2.242088698509486137e-04 2.143641406174023618e-04 2.139633021219308371e-04 2.123598440753467990e-04 2.053058110141387405e-04 2.029353631999280671e-04 2.137194462175186823e-04 2.247806435948633292e-04 2.268319476050704856e-04 2.192515310438329906e-04 2.065217574821607465e-04 2.005650104130849061e-04 1.995998008059611593e-04 2.090821437779820076e-04 2.229768993319953228e-04 2.201754397584570512e-04 2.197949721434931908e-04 2.251872695956495265e-04 2.175046473386676245e-04 2.050674209017142730e-04 2.021699307492357488e-04 2.066420320909881153e-04 2.205193126674172873e-04 2.194439610255488192e-04 2.024561259900978043e-04 2.059520056631170524e-04 2.343859630163654768e-04 2.376793288821593252e-04 2.106438814747975548e-04 2.120568165286555523e-04 2.275807884976112925e-04 2.161678219565270581e-04 1.988587716661801728e-04 2.030514576268612013e-04 2.088628136409912859e-04 1.868548585257531172e-04 1.498797646491415369e-04
