# 2D Density map on yz plane
1.424873543508696982e-04 1.906896833533536836e-04 2.160356859260541295e-04 2.127325563139863143e-04 2.168615566427431799e-04 2.129414717017969459e-04 1.932629159528207320e-04 1.945417956828889949e-04 2.134448000007477741e-04 2.174074076283749569e-04 2.062610488185595288e-04 2.044777770383749424e-04 2.107935126345025008e-04 2.053553392976554029e-04 1.922825449276457043e-04 1.857879062186821824e-04 1.936593701399820836e-04 2.064827136838251107e-04 2.093546429171949880e-04 2.028749827656670460e-04 2.013946596805976674e-04 2.135913388375004925e-04 2.252225789341457871e-04 2.197224231565032674e-04 2.090338415951351232e-04 2.033503594722507225e-04 1.967817054213339344e-04 1.857948786238453683e-04 1.863971924882685269e-04 2.176648453704502185e-04 2.412628687621308737e-04 2.320214993856356610e-04 2.218722825525954357e-04 2.241163285070060557e-04 2.182787398546847594e-04 1.977325092265813634e-04 1.810822259442813767e-04 1.891083488912417225e-04 2.083326645715120624e-04 2.217795180598748574e-04 2.189096129933206956e-04 2.104886235061707877e-04 2.090211720033081249e-04 2.223822446974493957e-04 2.324134810291669643e-04 2.236690091111598409e-04 2.066567815500173523e-04 1.960983379448077632e-04 2.065214576511569715e-04 2.309869856888520736e-04 2.384060158599578586e-04 2.151629496122194226e-04 1.964440203743938410e-04 1.940349338405551695e-04 1.927519346692340839e-04 1.909874817260809202e-04 2.015824839797746959e-04 2.114694275275185321e-04 2.133463497503235921e-04 2.194913873786039288e-04 2.185424439449458098e-04 2.166778080392053429e-04 2.156369383440708812e-04 2.164328512973512602e-04 2.230540092544282065e-04 2.121597243525367592e-04 1.979111818571049463e-04 2.050048380425448420e-04 2.201185697407695321e-04 2.232131585695841048e-04 2.255265057866837303e-04 2.348477040771040968e-04 2.358440693139791716e-04 2.178572427498952834e-04 2.048798373198531977e-04 2.000280227706975351e-04 2.112250179986249136e-04 2.340220635812037412e-04 2.427659828964661868e-04 2.277461684071560837e-04 2.138624269670316832e-04 2.148349818292481219e-04 2.163963890522233187e-04 2.125081018992502197e-04 2.045230874470676467e-04 1.855964780664310092e-04 1.831108693814354404e-04 1.974577499328703911e-04 1.890424823915315563e-04 1.867451221339145695e-04 2.077718084689659139e-04 2.183743912219545920e-04 1.951235481542972438e-04 1.876429351823473771e-04 2.038884140573902050e-04 2.076240963501256619e-04 2.035393853840107591e-04 1.922044205712383899e-04 1.528002370807178783e-04 9.544561412437032677e-05
1.832011277099909079e-04 2.537605434760080761e-04 2.987927594161545624e-04 2.984289137487148181e-04 2.926474686873959058e-04 2.812732507092107859e-04 2.652152683519842574e-04 2.683073583613471797e-04 2.817118945174691843e-04 2.750775110246785559e-04 2.563751744718113313e-04 2.536041805368831250e-04 2.676473701268858264e-04 2.721834232908482880e-04 2.632868515249734169e-04 2.601063071362504260e-04 2.722097443531703914e-04 2.863992817647862061e-04 2.905271146550123234e-04 2.831301514847512106e-04 2.769193254002456851e-04 2.845822144147881370e-04 2.922857980670709628e-04 2.821230799029933564e-04 2.729582416082898099e-04 2.740801673011416953e-04 2.726590524441723428e-04 2.582965436746895594e-04 2.507341099532063859e-04 2.730204077008849999e-04 2.924927087935489094e-04 2.876801412806494619e-04 2.814673231718802958e-04 2.779271881677359201e-04 2.623579784960393575e-04 2.444059290899063029e-04 2.397551967456616165e-04 2.546149478512343620e-04 2.727297446313037580e-04 2.813436416629048640e-04 2.810485990349663216e-04 2.769347028425880593e-04 2.762558650304341003e-04 2.875573207899147308e-04 2.973012097878023965e-04 2.872759703126506791e-04 2.673871412377322367e-04 2.490572238920357273e-04 2.511954529129070040e-04 2.749587169787982236e-04 2.855873776176505972e-04 2.687353628400471596e-04 2.578863932935139981e-04 2.640845852708487000e-04 2.725072770589775516e-04 2.714520218707038588e-04 2.730508889493286949e-04 2.802221259041232288e-04 2.841185412495693396e-04 2.896250078700731432e-04 2.895103213374081641e-04 2.832803210894125571e-04 2.748458151687719632e-04 2.768402122162279743e-04 2.952922209717345672e-04 2.960707771826975409e-04 2.780172155985312474e-04 2.702579356945242336e-04 2.752317712248771140e-04 2.759133419354776800e-04 2.730581236368226903e-04 2.782325451843083988e-04 2.889119771471277374e-04 2.871439824218699954e-04 2.761300620139510767e-04 2.682836241803225738e-04 2.783011587679712134e-04 2.949319881129764363e-04 2.994937776673437294e-04 2.893308913804787299e-04 2.851199800253441537e-04 2.891005205932670966e-04 2.839979888200190551e-04 2.747102406201174765e-04 2.668682185765202937e-04 2.503321337049127298e-04 2.583395069522779076e-04 2.829499369184576433e-04 2.767039782262269067e-04 2.682997097648506801e-04 2.793060055946558137e-04 2.829760990174892991e-04 2.612524127509872093e-04 2.552694886716564424e-04 2.700589756686370773e-04 2.771327797668279597e-04 2.738246850966720870e-04 2.559012829985753135e-04 2.052777885971651282e-04 1.345580223300298962e-04
2.171598230508269001e-04 2.900787356062236493e-04 3.432631462941920482e-04 3.492334835331663691e-04 3.366705027977468651e-04 3.243816646588397901e-04 3.203734473479067551e-04 3.246841124537339302e-04 3.273793883746057339e-04 3.155672797232415274e-04 3.040245336643608185e-04 3.064178940190672362e-04 3.203983722192853462e-04 3.283389303302958325e-04 3.219797135252892156e-04 3.186057006357954371e-04 3.241499461012299957e-04 3.300498361957009629e-04 3.366998490387557337e-04 3.385322320365942612e-04 3.347346012459894620e-04 3.377322309235257286e-04 3.346449702693985611e-04 3.180639729949361885e-04 3.138635053606298082e-04 3.231473395815215137e-04 3.310591524876079655e-04 3.193154072144294142e-04 3.030037106876832219e-04 3.115366465230807926e-04 3.304841615706565145e-04 3.357319611532174285e-04 3.333349780718059636e-04 3.232905710278193251e-04 3.004446387269286327e-04 2.866451099321252289e-04 2.936710227657353834e-04 3.113007009227470125e-04 3.260435100752469414e-04 3.241626736617575803e-04 3.200626196007077900e-04 3.256319925760008832e-04 3.316223537590142737e-04 3.408812085189924556e-04 3.443376865646262299e-04 3.280181528870721049e-04 3.129195662148721250e-04 3.063726068290046484e-04 3.069658943964239197e-04 3.125057497703728803e-04 3.158306708639769633e-04 3.075931664831116873e-04 3.025489614037923285e-04 3.149356349658969387e-04 3.301664124983086867e-04 3.287284874249681455e-04 3.226280997286025344e-04 3.231659328062881989e-04 3.230820814719158373e-04 3.317904161790819666e-04 3.419731265070518234e-04 3.349375824067983478e-04 3.226477745485772019e-04 3.244706616036141132e-04 3.392584938661990721e-04 3.359014254631033825e-04 3.153009240154523891e-04 3.088493372198645916e-04 3.160440871335018281e-04 3.169544553132003792e-04 3.069694045887212848e-04 3.035089541434562695e-04 3.183358969787877346e-04 3.227481356367301263e-04 3.111790335479391358e-04 3.056727255525350413e-04 3.162627180529530230e-04 3.291444507546724841e-04 3.272527251003181032e-04 3.225621643877084484e-04 3.315892430693584501e-04 3.391259139451410472e-04 3.227810199151200750e-04 3.096422422821547889e-04 3.099775583880907742e-04 3.021620849705460867e-04 3.161626546350833778e-04 3.461023376951332373e-04 3.486104777535005634e-04 3.366502046410852975e-04 3.348754776020978390e-04 3.343257007982768396e-04 3.116796955595406101e-04 2.977143728754561274e-04 3.064727345924253706e-04 3.181579840754512369e-04 3.175446354349115109e-04 2.952404562355621324e-04 2.368100712369420224e-04 1.603803873938078480e-04
2.299290218888777550e-04 2.925900693128389045e-04 3.371351888722176333e-04 3.445424147749329147e-04 3.332200109890726190e-04 3.200389516611843463e-04 3.196454077333512256e-04 3.255384942307008520e-04 3.235498206944972398e-04 3.223303328421704499e-04 3.362181721260418255e-04 3.484238696791239036e-04 3.487266259824144989e-04 3.476569729621854354e-04 3.414429725496796394e-04 3.315307536343731882e-04 3.254011903872326824e-04 3.218197378254955684e-04 3.237799311658749344e-04 3.336787040588123487e-04 3.442207862935744208e-04 3.473427746121804925e-04 3.386465266946842414e-04 3.314878992303069627e-04 3.339638212567156827e-04 3.372560783333418996e-04 3.417647143230656938e-04 3.349521445418651450e-04 3.187610700329824307e-04 3.178929751219228359e-04 3.322654017599103787e-04 3.444312633706520248e-04 3.483791521834007617e-04 3.426758263516059251e-04 3.229566592505663577e-04 3.109880701072014007e-04 3.219699470338632970e-04 3.390337948992203174e-04 3.480681460309751154e-04 3.356794323352987148e-04 3.241681686591043189e-04 3.351545750155348041e-04 3.455689771341780231e-04 3.520056782648155842e-04 3.501572231365107624e-04 3.322683898557790994e-04 3.250268325183821552e-04 3.340190501706292764e-04 3.373135112025942538e-04 3.295894125426275328e-04 3.285422387735953235e-04 3.231444230269190851e-04 3.163256177518096717e-04 3.298147629565628333e-04 3.468442430135283694e-04 3.440748399331464581e-04 3.312382939430789995e-04 3.253670947173251463e-04 3.237657513015041377e-04 3.308337258342128242e-04 3.399140316713442295e-04 3.375663530703031101e-04 3.351846484770415230e-04 3.358648261427460728e-04 3.343653424039924084e-04 3.200728987837060105e-04 3.050417433305498182e-04 3.092799729038848196e-04 3.220773976315059956e-04 3.287359130494755741e-04 3.197914393463482984e-04 3.085150724548420221e-04 3.203928747539594988e-04 3.301044344832101615e-04 3.227441963184507793e-04 3.237984422286118900e-04 3.372819648412712619e-04 3.461757793587565656e-04 3.309608386563431997e-04 3.202201840068151766e-04 3.318253941662200105e-04 3.402406126062496451e-04 3.218559207300860465e-04 3.135770113517949344e-04 3.264447550048743280e-04 3.246800889776511358e-04 3.272576731953077273e-04 3.493340004528215094e-04 3.615232208233130733e-04 3.499591649966145713e-04 3.410875249691761035e-04 3.446434751311878118e-04 3.258805596472381287e-04 3.099562205253357430e-04 3.197778371837138307e-04 3.334059925635436683e-04 3.306782568407063577e-04 3.065080215434287571e-04 2.420105346096920415e-04 1.604635206307704950e-04
2.219125750340520580e-04 2.823537471916889993e-04 3.214028316183592288e-04 3.276931223590501328e-04 3.233683635674183972e-04 3.068519371847171131e-04 3.012903617301018831e-04 3.103039822975288539e-04 3.124552813565977449e-04 3.195047938153866562e-04 3.471616330665910303e-04 3.678223846909171044e-04 3.596710506797116133e-04 3.479846125201645473e-04 3.411270469428713450e-04 3.320594354601465658e-04 3.273960459638271259e-04 3.181220011537530925e-04 3.055682951291911992e-04 3.145700007318941649e-04 3.387599862243915951e-04 3.447750102138031833e-04 3.358034500087098443e-04 3.402031756046871181e-04 3.478598039325975807e-04 3.461428422502761085e-04 3.415607117875174657e-04 3.278613090717737459e-04 3.135706018011983330e-04 3.137332785140069008e-04 3.225776245365940967e-04 3.364389468713130122e-04 3.466484735576735084e-04 3.455491926224398707e-04 3.278398516139752108e-04 3.171405953658738863e-04 3.293758128164006897e-04 3.443376522074389958e-04 3.505077864677667897e-04 3.428083516911241413e-04 3.351129393039265088e-04 3.388570456354377284e-04 3.341962973124117066e-04 3.297721909619944674e-04 3.290129184404755281e-04 3.233898151746823573e-04 3.260739730239372138e-04 3.392291437990118427e-04 3.415439265959651911e-04 3.340831942813087528e-04 3.358924437824858727e-04 3.292342959469205877e-04 3.169777538709531552e-04 3.235747462261403173e-04 3.406843249113696796e-04 3.468610478364623963e-04 3.358388267785500608e-04 3.289301194091914749e-04 3.305059958417064410e-04 3.281207490361705411e-04 3.198033753447606037e-04 3.198132129139371954e-04 3.295537781996222626e-04 3.263346634317420072e-04 3.171027857333166139e-04 3.107555805247334433e-04 3.088449480638166475e-04 3.134049038051076692e-04 3.175472771738300582e-04 3.313473118878761592e-04 3.366656992806742622e-04 3.217949143772061427e-04 3.188991034742386012e-04 3.312844616054856010e-04 3.322336191665663002e-04 3.357057715951801630e-04 3.527525766010829742e-04 3.634356269215231641e-04 3.471217547859358865e-04 3.306494187712066476e-04 3.376426968741364984e-04 3.441849724121410267e-04 3.295526937985459497e-04 3.275868262882491305e-04 3.464381744436442279e-04 3.426670969482920092e-04 3.262051493675180674e-04 3.345013482679304599e-04 3.499229165803838726e-04 3.363606989023670358e-04 3.208818650181866029e-04 3.254964741131593110e-04 3.211025599542761196e-04 3.238722275572490368e-04 3.436033888178952490e-04 3.506670038158108760e-04 3.401809133473666902e-04 3.156886977627591968e-04 2.436092350034683367e-04 1.480898293437895100e-04
2.017261321197531257e-04 2.678094705350280249e-04 3.180683056376997376e-04 3.315033093670597753e-04 3.312550367062773666e-04 3.123813743730764064e-04 3.047033597674825962e-04 3.147611591635687085e-04 3.219470540808315006e-04 3.220052186339694266e-04 3.311730412987328072e-04 3.458221907559683910e-04 3.430161347084785539e-04 3.339306322949351291e-04 3.323924192614105674e-04 3.345639728396613286e-04 3.358439463066462734e-04 3.188004558474737517e-04 2.965726348428986744e-04 3.066575013216057575e-04 3.365069167592064513e-04 3.479815776785077051e-04 3.380241341291640215e-04 3.363571808106386157e-04 3.460042070054109844e-04 3.475864037848440911e-04 3.406793303998385467e-04 3.265800752243951067e-04 3.187523571062360751e-04 3.231736727727080446e-04 3.224284918163438187e-04 3.304504557603725663e-04 3.446023657979363801e-04 3.427008443457054765e-04 3.266474155247795202e-04 3.179975720256920978e-04 3.226486789325871572e-04 3.317523146351446977e-04 3.401142789681227212e-04 3.491568173475579511e-04 3.573206094139917645e-04 3.463408179801482365e-04 3.194338642049792689e-04 3.117025870157136714e-04 3.215124759043451008e-04 3.302663166983831880e-04 3.335334673226511776e-04 3.363534208180384119e-04 3.354429849851062054e-04 3.359574789177236301e-04 3.430405949083644010e-04 3.346326676525888857e-04 3.130609174806921018e-04 3.046935780774693344e-04 3.237968435221427613e-04 3.482115151956149740e-04 3.438777143897208018e-04 3.304908329040215928e-04 3.318068220367056606e-04 3.273934479192039393e-04 3.134081966369139374e-04 3.199043601438214274e-04 3.372100032588958170e-04 3.277633010518526762e-04 3.169617236133732583e-04 3.273183480131075344e-04 3.375439274857461270e-04 3.365213289260849359e-04 3.307461555630985162e-04 3.477691197357218227e-04 3.626522897625529649e-04 3.436885828484746502e-04 3.244516082821481901e-04 3.311563384245690611e-04 3.314909430738501722e-04 3.299607403997417525e-04 3.436882290375408659e-04 3.524342445283979038e-04 3.486185964690043711e-04 3.424644516854307092e-04 3.518562648915618107e-04 3.607864349701523287e-04 3.487162037818882822e-04 3.418756016904979378e-04 3.473939253184778588e-04 3.397982027209034742e-04 3.277155338500428554e-04 3.367704529608473406e-04 3.502465617574847885e-04 3.381275510033398754e-04 3.223939336628827129e-04 3.183770380916694175e-04 3.192269366538896857e-04 3.344017365243931363e-04 3.519917173268719045e-04 3.509707681385037950e-04 3.437836022493935420e-04 3.252691494613017256e-04 2.484379594798117978e-04 1.425915595714161849e-04
1.981305645240554608e-04 2.676361425196859640e-04 3.276193088386665769e-04 3.481175152257160420e-04 3.473028918388136989e-04 3.296961824703989615e-04 3.225855461576409384e-04 3.302289223661991624e-04 3.410770437001278948e-04 3.329790788978387404e-04 3.187051517494488549e-04 3.182345095465542858e-04 3.184612542703545808e-04 3.225771418756167219e-04 3.328707704394579751e-04 3.378447392142487453e-04 3.297381316322394980e-04 3.056539720738698802e-04 2.951773290403644908e-04 3.175198467401681547e-04 3.393884140283467466e-04 3.394373282327557500e-04 3.241092072884728956e-04 3.172549437193496235e-04 3.280979428300923322e-04 3.367850625514415470e-04 3.416364526451747940e-04 3.446925972706140558e-04 3.425403318186048297e-04 3.378746228159764699e-04 3.262133624016731802e-04 3.359762816731618829e-04 3.542886962694942834e-04 3.494354083637780592e-04 3.367421241186785603e-04 3.325308682561982647e-04 3.258602316887791381e-04 3.238860928768549246e-04 3.350680739959077063e-04 3.502038266013200469e-04 3.581923117352858212e-04 3.401069294793644194e-04 3.107188136166633293e-04 3.093762853052110838e-04 3.280383537948530662e-04 3.429688833829148053e-04 3.397602909276579812e-04 3.260190122372542704e-04 3.222954953320746226e-04 3.346500632977727064e-04 3.464561970260691026e-04 3.354589440052443213e-04 3.114037420875880209e-04 3.021289649699114089e-04 3.257762023048326686e-04 3.489967674111552022e-04 3.317725182363236267e-04 3.061804913421196862e-04 3.113824015996639188e-04 3.190293819949694266e-04 3.216316146454709785e-04 3.346927747468269546e-04 3.446060682550478949e-04 3.282544560298390995e-04 3.195469614662983749e-04 3.400709009416376339e-04 3.567965512110647924e-04 3.548876923572499473e-04 3.477055688302268101e-04 3.576242321466956554e-04 3.671812338002006151e-04 3.488513609808813198e-04 3.318946636749846020e-04 3.392026317234306016e-04 3.362754660790167726e-04 3.276749553792195502e-04 3.336319424885893746e-04 3.323207334259057179e-04 3.276906977903375033e-04 3.294646293469125986e-04 3.424793971468628392e-04 3.582907711268935543e-04 3.576713115969239881e-04 3.456868114721145979e-04 3.308093822118412207e-04 3.224846222687939449e-04 3.319777814464816980e-04 3.509813485775965217e-04 3.551791441509289955e-04 3.432859461439705475e-04 3.364720897992662082e-04 3.288824501165516292e-04 3.248615228497432833e-04 3.328213287208008683e-04 3.385445311019912463e-04 3.400197931044798751e-04 3.480629451861474511e-04 3.360364277900903043e-04 2.535728900602979567e-04 1.459337475889749920e-04
2.124277759277759742e-04 2.837595449769528527e-04 3.408070595458010613e-04 3.550579998627067212e-04 3.500500537887432867e-04 3.387725395640601945e-04 3.319130632539661705e-04 3.345038811730855540e-04 3.509109822330637235e-04 3.500519685278985472e-04 3.356104817307724265e-04 3.297224397111815945e-04 3.230137910712314485e-04 3.273069601784418282e-04 3.392460003743367624e-04 3.428296613940060847e-04 3.314823446286262231e-04 3.127822101729944067e-04 3.171500847704153891e-04 3.456595172790354747e-04 3.535226468398756559e-04 3.372989347856658474e-04 3.179545515543846421e-04 3.044960110740324447e-04 3.086950388380011183e-04 3.281184748261119872e-04 3.483555713675164046e-04 3.622420950276001878e-04 3.586784351648574063e-04 3.374043183303850795e-04 3.177881070291656415e-04 3.296430604021133390e-04 3.482867339812668840e-04 3.484889311564443645e-04 3.387023870405056264e-04 3.336251626537947755e-04 3.299206563355302352e-04 3.373730491248853360e-04 3.585038318537171276e-04 3.638565781368221282e-04 3.527692696494689963e-04 3.376616221165486026e-04 3.237420002467766844e-04 3.242723668990148741e-04 3.362611633190233694e-04 3.490708844697133339e-04 3.431687785515178833e-04 3.235835574412714282e-04 3.214061542689465676e-04 3.366586060252349738e-04 3.436382252605094155e-04 3.324407754742708795e-04 3.173183371015594217e-04 3.141946188008665122e-04 3.330789597949354759e-04 3.453417074539301673e-04 3.234153862572161729e-04 3.015922533896187984e-04 3.072404967283306337e-04 3.152893136669716921e-04 3.321668675079191826e-04 3.510475962610361527e-04 3.502923873331366877e-04 3.309868993168556500e-04 3.251709392504695609e-04 3.420993959000902230e-04 3.538486836140904970e-04 3.550308822947616585e-04 3.465933628689811400e-04 3.410598475816546573e-04 3.479645814082379376e-04 3.410037751520966862e-04 3.287583839274427471e-04 3.395152804487703039e-04 3.494234366760920604e-04 3.475324221720087290e-04 3.417738514721955622e-04 3.234190249558459036e-04 3.087473983440765864e-04 3.121638750689424507e-04 3.287359927066410949e-04 3.526565298300589693e-04 3.636281704228804066e-04 3.473161233492049480e-04 3.214978017890674465e-04 3.135330045639995772e-04 3.325426280432585823e-04 3.532603731883201875e-04 3.472964541973736982e-04 3.316473275986544936e-04 3.308294201802875227e-04 3.254856358374470706e-04 3.234052509524628282e-04 3.310584093304480232e-04 3.335010670836986669e-04 3.373921611731810818e-04 3.461767784830187310e-04 3.292076798814182344e-04 2.439389618523592294e-04 1.420564153497015690e-04
2.207445806898780314e-04 2.888173814527560698e-04 3.380473475911961257e-04 3.430716165018072553e-04 3.360169995832325545e-04 3.342474590235177366e-04 3.311667953853420420e-04 3.290818930325185420e-04 3.446309467778640740e-04 3.554812650659556691e-04 3.518558610015895625e-04 3.460896751606519408e-04 3.326514186775076450e-04 3.271184982647687401e-04 3.325968555948009527e-04 3.414537192034782648e-04 3.451892465293231378e-04 3.392257778841812959e-04 3.414415718709052847e-04 3.579856694917297501e-04 3.601840346029962963e-04 3.459191127336732870e-04 3.278869353595995594e-04 3.082833657047098037e-04 3.057001429303282756e-04 3.261843497681759900e-04 3.433026539188968151e-04 3.530226104857265689e-04 3.515627824110981832e-04 3.273383754584865014e-04 3.060856831382863848e-04 3.159248107821440387e-04 3.381947281455816392e-04 3.435396577416762473e-04 3.223028483155830951e-04 3.019621521661619611e-04 3.074483892152997345e-04 3.387294186526693509e-04 3.702349330871776119e-04 3.669631071295676307e-04 3.488920032249821909e-04 3.455274608962305644e-04 3.470328658061161940e-04 3.489696117022385302e-04 3.465245174091602940e-04 3.437428179922843302e-04 3.377979886190150263e-04 3.294064769560842978e-04 3.288872086729213739e-04 3.342347547133984239e-04 3.340740440297210179e-04 3.281789899338665838e-04 3.248923482224916597e-04 3.239325621454124419e-04 3.351671441142006465e-04 3.463180842786823133e-04 3.374764504387304967e-04 3.279220263469683578e-04 3.310618831448153688e-04 3.341498589826285724e-04 3.477057385505661008e-04 3.639091433332520479e-04 3.583580346292155380e-04 3.391888978932210705e-04 3.325221121920529828e-04 3.397485212951348397e-04 3.446499661521084442e-04 3.516716548743196633e-04 3.455586254982894899e-04 3.311352961306853826e-04 3.362011390853343433e-04 3.312171649830209213e-04 3.099280223829800228e-04 3.186269476158184641e-04 3.496560472573622498e-04 3.658059743066446661e-04 3.559040848499118049e-04 3.264389574015680393e-04 3.086982063390441493e-04 3.140432198282730046e-04 3.286989837331354136e-04 3.477534932676978083e-04 3.556408803995500328e-04 3.385436264126966848e-04 3.231637129966861695e-04 3.241631031756034027e-04 3.374967538933588279e-04 3.457779083951914990e-04 3.400307616746706639e-04 3.326961243655503025e-04 3.321772247164291817e-04 3.213918772810293693e-04 3.196123889047295893e-04 3.353710566367743701e-04 3.426921536846270003e-04 3.413501195454076743e-04 3.382337487152671518e-04 3.140959714214566962e-04 2.335907874285811522e-04 1.388006085817513583e-04
2.228991047840412883e-04 2.789395474548134364e-04 3.165655933339418088e-04 3.249128426019025394e-04 3.341175654570704761e-04 3.392230574500512685e-04 3.305240697543130116e-04 3.189698562317645281e-04 3.236917687435700774e-04 3.405315521365466437e-04 3.445246008184021068e-04 3.365818260095016510e-04 3.226672549153579254e-04 3.172143181700295099e-04 3.231245581326477835e-04 3.344787645650142507e-04 3.469147677302777673e-04 3.469340018308867020e-04 3.411668306568204603e-04 3.445129608869352839e-04 3.474754353224923306e-04 3.437269967973380119e-04 3.294783894333193244e-04 3.117163542796571197e-04 3.079335245201233876e-04 3.209655470551862943e-04 3.298930068912037474e-04 3.332735499697913120e-04 3.361008930400513975e-04 3.263959102972519054e-04 3.172639266819920752e-04 3.261685040097297831e-04 3.448899717473529651e-04 3.437137119047373028e-04 3.152804539078453688e-04 2.863675071397437646e-04 2.912709907276694399e-04 3.251255949527187116e-04 3.465256408988317605e-04 3.393123322996998347e-04 3.331384939074614462e-04 3.428700291597827719e-04 3.548269183878223140e-04 3.681916842435496500e-04 3.594195746490512532e-04 3.370885079644562327e-04 3.255335262277950920e-04 3.276260189606760437e-04 3.318171919957428563e-04 3.300031319040411747e-04 3.279610203401411243e-04 3.302286071006964394e-04 3.390849764503751679e-04 3.427534895841628185e-04 3.457368424427888394e-04 3.501705101353502661e-04 3.442840684490973413e-04 3.357093668173048370e-04 3.382117523012994264e-04 3.480711841466354759e-04 3.602638980359884439e-04 3.662507993022850973e-04 3.514083796787624905e-04 3.330313880351948677e-04 3.297761548367779427e-04 3.307780471279104031e-04 3.331141327050148601e-04 3.445316493551153856e-04 3.430001705016475660e-04 3.306745241549854594e-04 3.286402752949849396e-04 3.142909015111625430e-04 2.881553540839078189e-04 2.941995583478364783e-04 3.305942143009965714e-04 3.562881629398744442e-04 3.552608214352299867e-04 3.317196979561138704e-04 3.186571322234370285e-04 3.251738916310223772e-04 3.340941033575396527e-04 3.368252982454689182e-04 3.328655362011571027e-04 3.257046944646075758e-04 3.309704596178533091e-04 3.406073055076369160e-04 3.413407207246108867e-04 3.312727942252848999e-04 3.271144135359028266e-04 3.325166531557613415e-04 3.373263768134584627e-04 3.297231826981458650e-04 3.264391056765064822e-04 3.400307245737975090e-04 3.482732011198541328e-04 3.448657115376810691e-04 3.342690241007043907e-04 3.048517734573923978e-04 2.298171280104828007e-04 1.415896950177290945e-04
2.201590909523717910e-04 2.732304321714523906e-04 3.090542965963181564e-04 3.300853576280281384e-04 3.523520727544320942e-04 3.498985023177574472e-04 3.277345621995318725e-04 3.100353804597865684e-04 3.102911117826658884e-04 3.259465001751589127e-04 3.282326918803096880e-04 3.199493491044075278e-04 3.106579485198965145e-04 3.106582971865328759e-04 3.228074975738981956e-04 3.353446491170592640e-04 3.414188039970662055e-04 3.362144745855426210e-04 3.261253260132588412e-04 3.218644920068161413e-04 3.278364897031454625e-04 3.395443487223851701e-04 3.325557973677639419e-04 3.166459104272605464e-04 3.145721298535881106e-04 3.234585659768715897e-04 3.309844715461485241e-04 3.298454032951211997e-04 3.277884824604520957e-04 3.279727136637108063e-04 3.326823453819332827e-04 3.349772910354695699e-04 3.383576829052324306e-04 3.383760148699798548e-04 3.314807584936061845e-04 3.140310563285012057e-04 3.107797407961114251e-04 3.275866153882514694e-04 3.290914545430154744e-04 3.181948695815566062e-04 3.223423121003728738e-04 3.350640695755034964e-04 3.487522581412935761e-04 3.684160671413552919e-04 3.574005957296605483e-04 3.318353660389429137e-04 3.202420184898944989e-04 3.282707023006776006e-04 3.468961102280963653e-04 3.492325425985138014e-04 3.395193126006068444e-04 3.333105854538743096e-04 3.450897462113182435e-04 3.555854467360735401e-04 3.528835295678039042e-04 3.487614154233434067e-04 3.372016110901743116e-04 3.268565475817374836e-04 3.251420625235339288e-04 3.296846723356423566e-04 3.441694931121890119e-04 3.507122144267329740e-04 3.325284112283285283e-04 3.191957535054501830e-04 3.234829674350885725e-04 3.267139692345606260e-04 3.350695827158358840e-04 3.462697335627423572e-04 3.444486055281504276e-04 3.394168679286927739e-04 3.356950655510961305e-04 3.158225467782434497e-04 2.922399980981822470e-04 2.973327023928759908e-04 3.274609719113231901e-04 3.485095095062728859e-04 3.468154441912449761e-04 3.333485799067144122e-04 3.295829882336766162e-04 3.381098169982645714e-04 3.445486054325537766e-04 3.304876814056552305e-04 3.126053592528131868e-04 3.171219115922079305e-04 3.306250613699035978e-04 3.357746089595860456e-04 3.320920110980325182e-04 3.218246903468748943e-04 3.203331847687982000e-04 3.270107001724237576e-04 3.361239715275244656e-04 3.391897380045098202e-04 3.365581622421913465e-04 3.383016858883819509e-04 3.384511884797900732e-04 3.406667053244938998e-04 3.360815540935501323e-04 3.097544403885169701e-04 2.396857933989878994e-04 1.531451804966043554e-04
2.147056454481581218e-04 2.729880542617950856e-04 3.155084700893051987e-04 3.451025331813447955e-04 3.620458769587525443e-04 3.471778595640599577e-04 3.239518556737180270e-04 3.138040471840301132e-04 3.206092562380291871e-04 3.337429949763343322e-04 3.310899289871559875e-04 3.261959316726486873e-04 3.226750753935309058e-04 3.205940494228054212e-04 3.288391380007121899e-04 3.384755642774222879e-04 3.393944494410004991e-04 3.365277345438567142e-04 3.309128610850189272e-04 3.215139260172141314e-04 3.264901853017652782e-04 3.441354827860660867e-04 3.395008259300626901e-04 3.265298208475451991e-04 3.284878479260666824e-04 3.375617417910454750e-04 3.438492781384115747e-04 3.362978571951687917e-04 3.242400553791497785e-04 3.222062248890273880e-04 3.271806109301939069e-04 3.221921677081262029e-04 3.175900065369244036e-04 3.261948774462327793e-04 3.442095592698636531e-04 3.452386201106985662e-04 3.409391963772097508e-04 3.428773870942045674e-04 3.316688621124032452e-04 3.197897419632731125e-04 3.284573535035634336e-04 3.369074918778015154e-04 3.417839279589700990e-04 3.536526484820375267e-04 3.390701995416089487e-04 3.206263542494282022e-04 3.162698787295533591e-04 3.294241831069792139e-04 3.624388299081612646e-04 3.743000494232383334e-04 3.564703395644042714e-04 3.319292182143847260e-04 3.319324653761379683e-04 3.406146912778380744e-04 3.418582273891800278e-04 3.431667193912147848e-04 3.311012414663882662e-04 3.242297642582113925e-04 3.229131197747625126e-04 3.123201206892674362e-04 3.183212617580938146e-04 3.337291029356277434e-04 3.272539854256684795e-04 3.224736671545796150e-04 3.333825338181672557e-04 3.404575655654052280e-04 3.457511819174340691e-04 3.397267892453206210e-04 3.300967501787522803e-04 3.372769470203758162e-04 3.454555621309748437e-04 3.307228164576946744e-04 3.196779237617758222e-04 3.314304104901848289e-04 3.432050842992244661e-04 3.395555792918801552e-04 3.266962901837719944e-04 3.211791108696202294e-04 3.281532363916561147e-04 3.391429244258273496e-04 3.451278004740801725e-04 3.290171531149379625e-04 3.116705069565699334e-04 3.260949045089228107e-04 3.371704427570512089e-04 3.299108601899686699e-04 3.237868441905220724e-04 3.224764552801306331e-04 3.260408212159418627e-04 3.257577809179480147e-04 3.294968080019220749e-04 3.326047635076942043e-04 3.300976276586554178e-04 3.257149002882388212e-04 3.213634164790486964e-04 3.345341984064928876e-04 3.428468178895860852e-04 3.253914050567994782e-04 2.566397118649947065e-04 1.656302974433094557e-04
2.200191143087189120e-04 2.836358938998492871e-04 3.232039138687202158e-04 3.405811943100043497e-04 3.449896350985302710e-04 3.288343743858400002e-04 3.192991887705592903e-04 3.241702761653289218e-04 3.347770097784582861e-04 3.450263326116692316e-04 3.473168042902636957e-04 3.492135227105246228e-04 3.439467587441230622e-04 3.295630565601131491e-04 3.256350333649253061e-04 3.327513048886707875e-04 3.403757013715923347e-04 3.469741722589188282e-04 3.450407779346219023e-04 3.312548979184792722e-04 3.330944594898946256e-04 3.473592088126657186e-04 3.418381927364673185e-04 3.337694605868928260e-04 3.377289836090598997e-04 3.495496900053787857e-04 3.557482884910169603e-04 3.377952102791105852e-04 3.154268436309866277e-04 3.148764816777483181e-04 3.251243685513186270e-04 3.230265358153808003e-04 3.142597621004125088e-04 3.165515156285627274e-04 3.359924188923288282e-04 3.416331754450516482e-04 3.398186078639774468e-04 3.425180520659450775e-04 3.319677794554027977e-04 3.185410032195265181e-04 3.254980582618609590e-04 3.332353254697611447e-04 3.338003858584932511e-04 3.359118106087224422e-04 3.194982044900341548e-04 3.090714110329471085e-04 3.139428177691747481e-04 3.289656910788297064e-04 3.583990719231072491e-04 3.669120240599525436e-04 3.522879904925530587e-04 3.282298874751371390e-04 3.169472523950700536e-04 3.216142651039303048e-04 3.364893952863297474e-04 3.460680284157842054e-04 3.338666034855927072e-04 3.275639071932379652e-04 3.296241533122159367e-04 3.172676284016141476e-04 3.144492272236495750e-04 3.290998324134673803e-04 3.320333308202532687e-04 3.362040437376288566e-04 3.493240047777489208e-04 3.472340869517842902e-04 3.358165430187464622e-04 3.190092467659928744e-04 3.128117692016710782e-04 3.311848710950531785e-04 3.479634871214139138e-04 3.385588365645210321e-04 3.336695180129512525e-04 3.444665535936461626e-04 3.387918066595700488e-04 3.237707113361687049e-04 3.161652623654182697e-04 3.139076399780691166e-04 3.242731818231818670e-04 3.414876879295916201e-04 3.502984737722263922e-04 3.436008667551933380e-04 3.345717977734631002e-04 3.445193838679709922e-04 3.452778287404569099e-04 3.336385895423379412e-04 3.278880355268821924e-04 3.329992337681644951e-04 3.423016348456103678e-04 3.340703816266357880e-04 3.285974740349093871e-04 3.261241858288169712e-04 3.239352767543662989e-04 3.199566303615930399e-04 3.142449035243599122e-04 3.310296035573710108e-04 3.440936547625122891e-04 3.272377734945259957e-04 2.558553812947542703e-04 1.659179814991719936e-04
2.224170756955323161e-04 2.925191154799239453e-04 3.295079918173457966e-04 3.331731101024683513e-04 3.295621807643615820e-04 3.142397752320432846e-04 3.123124797053709401e-04 3.308547796439497693e-04 3.435133555136265018e-04 3.449270017198130664e-04 3.457793430905983009e-04 3.471438139627684499e-04 3.415436554612031965e-04 3.287199653951211522e-04 3.211959685575997139e-04 3.312486075934900306e-04 3.481897138655947258e-04 3.482346413733238086e-04 3.354090755412753293e-04 3.191698644399063815e-04 3.201541034036495866e-04 3.360840509721161251e-04 3.407996793705401041e-04 3.392652149899443026e-04 3.426260067113109323e-04 3.542415435142598967e-04 3.592078408856172727e-04 3.383082262988522707e-04 3.154963216509331725e-04 3.201773008165708116e-04 3.365955651833021488e-04 3.410631385679795298e-04 3.350550629166792549e-04 3.235630456740366204e-04 3.213182177308794032e-04 3.170122830138016098e-04 3.174229562954061822e-04 3.336082095083466471e-04 3.326509079578053845e-04 3.154520013655270775e-04 3.172308452150863936e-04 3.312385153508253573e-04 3.430266007807859243e-04 3.423680837598630988e-04 3.240682336365253297e-04 3.164179823822291563e-04 3.246194934520131407e-04 3.335040018594422713e-04 3.434163129767084941e-04 3.408336477374882337e-04 3.357070104467067351e-04 3.203922219684137741e-04 2.999366216623360255e-04 3.108031376459483627e-04 3.431601955291538092e-04 3.486667096306212722e-04 3.360275048376881735e-04 3.367319584121318825e-04 3.413763601360213793e-04 3.338578875045213838e-04 3.260572468556833950e-04 3.262364359625905029e-04 3.297339381401645335e-04 3.481565423279189744e-04 3.622271433950892731e-04 3.401741824519905269e-04 3.149433745045143512e-04 3.111238520140882516e-04 3.204841303769471973e-04 3.393096149226409509e-04 3.479389850985362739e-04 3.386654806102365966e-04 3.307519307915139650e-04 3.292202192620011019e-04 3.265575914602147868e-04 3.311876770694653117e-04 3.331913115091363455e-04 3.215477072619406804e-04 3.289006888352125286e-04 3.514204022239872643e-04 3.557281878226521590e-04 3.525528921806656718e-04 3.515917197122411949e-04 3.470986487051629403e-04 3.301015847735602662e-04 3.191401533079878160e-04 3.224397824917942272e-04 3.348319270661078611e-04 3.493474796475648991e-04 3.447355099300084685e-04 3.440890861602357437e-04 3.417175144092995075e-04 3.345389591759589834e-04 3.280595463129328372e-04 3.183526264470262421e-04 3.273478806412249498e-04 3.319646481500085127e-04 3.099598230489604249e-04 2.444683997817936254e-04 1.637214869000126315e-04
2.180881757620462100e-04 2.882931808427265487e-04 3.280020261377023351e-04 3.340199234898456448e-04 3.319695112731504364e-04 3.142437055448818158e-04 3.121003136157842720e-04 3.371823817801796255e-04 3.493850024515832782e-04 3.431670842357851386e-04 3.350872439297640547e-04 3.267125166499725312e-04 3.198612595886008380e-04 3.197331603919033685e-04 3.202482028560243782e-04 3.325008884406356808e-04 3.519954341966382997e-04 3.449541856977317864e-04 3.300022672415910824e-04 3.171379228337442048e-04 3.105500023911024390e-04 3.176897652427954142e-04 3.325163903774287734e-04 3.423853783027118111e-04 3.449475636212400820e-04 3.493444769924695242e-04 3.505951479928186157e-04 3.402678688889056494e-04 3.283581707171462057e-04 3.351746838760237220e-04 3.529220937922724309e-04 3.550894363736928241e-04 3.538103258387360677e-04 3.434702785984582846e-04 3.222987421788928294e-04 3.101541035957578255e-04 3.179555385229610614e-04 3.405737270359052138e-04 3.384527680957147896e-04 3.194478458353379067e-04 3.203380644974069083e-04 3.372999631596943046e-04 3.550379131880041601e-04 3.531178130971355340e-04 3.323471331172227921e-04 3.178172944337111054e-04 3.259222289655169845e-04 3.424743060722149372e-04 3.488533106751404958e-04 3.423365590219254267e-04 3.359967650026560301e-04 3.194820158888918207e-04 3.006769032133294788e-04 3.193277213469769430e-04 3.544698716985203294e-04 3.527951652228826160e-04 3.407215561874930268e-04 3.477642991088778293e-04 3.509798055812393723e-04 3.390933600313575922e-04 3.310157069641173891e-04 3.247752951228088068e-04 3.286065208142251387e-04 3.511808609166838444e-04 3.563336094892911410e-04 3.265486335959858627e-04 3.099522958130220842e-04 3.242448553859592292e-04 3.397999188969688276e-04 3.497093003306319683e-04 3.451207803856390062e-04 3.353431765484560755e-04 3.296339538746404277e-04 3.165402886075948828e-04 3.169807932212136657e-04 3.390088326791712917e-04 3.486643388843921679e-04 3.341641370068096188e-04 3.348523492680732425e-04 3.529479693174190219e-04 3.511976531981219262e-04 3.447381119425907544e-04 3.449412362779056911e-04 3.421348982194738031e-04 3.261248455640496156e-04 3.120741446388376576e-04 3.146652693319266581e-04 3.250517642566679629e-04 3.385722747021905569e-04 3.475558206633706359e-04 3.580843939411029330e-04 3.524954708584617912e-04 3.373496020168488866e-04 3.292126464798110410e-04 3.204633461851780695e-04 3.229370666268178069e-04 3.215913905887476292e-04 2.995765481964483791e-04 2.405726333388191469e-04 1.639770924832276925e-04
2.132833189265790860e-04 2.797981147779417016e-04 3.175692027595783005e-04 3.301193446624301896e-04 3.386760797353619706e-04 3.211479164028518030e-04 3.110516583457162811e-04 3.322032629371577143e-04 3.456001049877170314e-04 3.437853618769404034e-04 3.380455244690719384e-04 3.268742357114268323e-04 3.138715890322215079e-04 3.154008985329860484e-04 3.219773386860173663e-04 3.317533382973324825e-04 3.463370872136509616e-04 3.441334306506349376e-04 3.430531360602787224e-04 3.350936841435840814e-04 3.155213390371198069e-04 3.032887749369164764e-04 3.148592757595509517e-04 3.351094625661826159e-04 3.368931228510589713e-04 3.334315847741789766e-04 3.385169412510767237e-04 3.445424277831372916e-04 3.434858948987141959e-04 3.490836749653438483e-04 3.614936285448896959e-04 3.535033058151232453e-04 3.549209537269898494e-04 3.605708738580566067e-04 3.380124493288924007e-04 3.200934575217580821e-04 3.282969535326975730e-04 3.477157871755948496e-04 3.423379842178190732e-04 3.251972314925964105e-04 3.254399091534279013e-04 3.379729507754734570e-04 3.458304379336374205e-04 3.413330961771795895e-04 3.273163653106805448e-04 3.125597012338338716e-04 3.174520555556215951e-04 3.421699719816785439e-04 3.566288113672896540e-04 3.513796729504394304e-04 3.418689578413419954e-04 3.299848265116042917e-04 3.229524011899319097e-04 3.350569078581080518e-04 3.530644468363784922e-04 3.480544582951083368e-04 3.375133955211547334e-04 3.408060740996848598e-04 3.382290451769920337e-04 3.216592405095246949e-04 3.182031912574141783e-04 3.226907194527623823e-04 3.366275875531155233e-04 3.540003650138629247e-04 3.462467257484715512e-04 3.222497143901003908e-04 3.195533925939350985e-04 3.388449299861382119e-04 3.523184521167671036e-04 3.564190833497374485e-04 3.491826781055598411e-04 3.426777662820424840e-04 3.383437213229419246e-04 3.160604953345094725e-04 3.067878085583410921e-04 3.256467629415583107e-04 3.425919108708883184e-04 3.398739118055701513e-04 3.402117183469617612e-04 3.495548821922449495e-04 3.439535374446302815e-04 3.320753327390538472e-04 3.267971394778241287e-04 3.383848832976775727e-04 3.411286784864234070e-04 3.283883136735270812e-04 3.295307888159151183e-04 3.348876729639173062e-04 3.376166357020964331e-04 3.436652566362883351e-04 3.482479912447549396e-04 3.387235003056799981e-04 3.292594570494242808e-04 3.304484297148187460e-04 3.304095783442611949e-04 3.314528293729019368e-04 3.308890388130751050e-04 3.102010157630051253e-04 2.472165190126971042e-04 1.674694154219611591e-04
1.986085392777340881e-04 2.698638563242288261e-04 3.080956507182694534e-04 3.208540651069686188e-04 3.345507003278040768e-04 3.269778520032726177e-04 3.145957749480212057e-04 3.228185554619724231e-04 3.344840354603090780e-04 3.415100610382871106e-04 3.523438369443804155e-04 3.492688250115940523e-04 3.228885472439061311e-04 3.100828655711120626e-04 3.189033969717430675e-04 3.306278806920060886e-04 3.350616172637947612e-04 3.356399984682804840e-04 3.496626957588835991e-04 3.484267713272082550e-04 3.255465079708544157e-04 3.081214411493967027e-04 3.146866830095971786e-04 3.375543121290823468e-04 3.373667146228422065e-04 3.247229946856465110e-04 3.272710203360798976e-04 3.358558117395243686e-04 3.442292960620280161e-04 3.551418664814077900e-04 3.523131255769681352e-04 3.294938020087866777e-04 3.282221968331608571e-04 3.440716401871532276e-04 3.359431019193927443e-04 3.235680323912363296e-04 3.286270432679639286e-04 3.463065330900971317e-04 3.483523730772452188e-04 3.335289508635049405e-04 3.272132033712813219e-04 3.349065698900931731e-04 3.381203911474365111e-04 3.340758020685500066e-04 3.302222623906240638e-04 3.233104409422628929e-04 3.170244677448442192e-04 3.278310367975886298e-04 3.422075026023845955e-04 3.374047399065701735e-04 3.290127671474899016e-04 3.305525779529220817e-04 3.374433390768967565e-04 3.425757903742785229e-04 3.434800036506064128e-04 3.392280028115383407e-04 3.327513709017663850e-04 3.242438307836538859e-04 3.154366128422406526e-04 3.098859212962079210e-04 3.116367722671352326e-04 3.231741902974663355e-04 3.438067403006285733e-04 3.557579916147423607e-04 3.453954715138999416e-04 3.263082281467484893e-04 3.193313788878616869e-04 3.280947935334262719e-04 3.387257792092796807e-04 3.496798059990789860e-04 3.568806082416708545e-04 3.569327255545446309e-04 3.480317049710547877e-04 3.255093310143346253e-04 3.087216487810727841e-04 3.148053661374214667e-04 3.311685567553308146e-04 3.382944395787380442e-04 3.407349894777409339e-04 3.397892509793859375e-04 3.324897284112261330e-04 3.213698218679582981e-04 3.149575616175254752e-04 3.334782748346949949e-04 3.430149378254175770e-04 3.342554654565416269e-04 3.415020321192637756e-04 3.468349690482926389e-04 3.403586357050762765e-04 3.343993441664503113e-04 3.311198267875482002e-04 3.292222331009516810e-04 3.324214843391066977e-04 3.408761073055193358e-04 3.429095352910902818e-04 3.428019081214092882e-04 3.405822210602905964e-04 3.155555472268076200e-04 2.472335521489774416e-04 1.667304672714532720e-04
1.938608788383160489e-04 2.664611881719417420e-04 3.097592943711867690e-04 3.216932458188880972e-04 3.237061971914679550e-04 3.205711612908874021e-04 3.196767556711655280e-04 3.209050927026613209e-04 3.222555804102766679e-04 3.272635533856640619e-04 3.469315158439897320e-04 3.526851485524241481e-04 3.268650768726458038e-04 3.097230119910183424e-04 3.173564185992876945e-04 3.325364909294266976e-04 3.381344782716077819e-04 3.412517327912977915e-04 3.507262335162269606e-04 3.479527497423685629e-04 3.340359040605456599e-04 3.241599683133847406e-04 3.280523084745758078e-04 3.460948238811408515e-04 3.455027791620561366e-04 3.248716225585070389e-04 3.147907543954932990e-04 3.184902764202887258e-04 3.376999504423949870e-04 3.561320893564932314e-04 3.420377797246616867e-04 3.115098716846155633e-04 3.049256187443709506e-04 3.165774113410062479e-04 3.171046836937096839e-04 3.139882418494278167e-04 3.215191689741593540e-04 3.397409908876460743e-04 3.525614963423767461e-04 3.455624099787906042e-04 3.366254426227477631e-04 3.395758019832554133e-04 3.358447199915834619e-04 3.223618678561064902e-04 3.187255530785578416e-04 3.215114882877199553e-04 3.129427905999996110e-04 3.091681818229943964e-04 3.171117712999777915e-04 3.151378959011287843e-04 3.124811965985378834e-04 3.261879515786305890e-04 3.460577024530311647e-04 3.522419242290524390e-04 3.451350411330445021e-04 3.426456812550482335e-04 3.411461620056608019e-04 3.217398668643116464e-04 3.081189506894074261e-04 3.176457347887905484e-04 3.261320479040961365e-04 3.333719615886812974e-04 3.423356001954024194e-04 3.479288304201791880e-04 3.452098076412819447e-04 3.304353845032269093e-04 3.162148219128613300e-04 3.125751184852820731e-04 3.175791435804330414e-04 3.340706243386392239e-04 3.543443600663535582e-04 3.576732430005884851e-04 3.450812965642426847e-04 3.328031084347187287e-04 3.184067175586621475e-04 3.137006518975439572e-04 3.260106075080121618e-04 3.421473382022350998e-04 3.457177794156921944e-04 3.370710681724007609e-04 3.341935093953112956e-04 3.279059251998982195e-04 3.215481984855595907e-04 3.356112200811727777e-04 3.359703541475431024e-04 3.241769504718452393e-04 3.300689743544636874e-04 3.342737364659200978e-04 3.264708494670215009e-04 3.201528501558170356e-04 3.258153513278362590e-04 3.404259463727068655e-04 3.488821550175680210e-04 3.506591938052558248e-04 3.433891980391951654e-04 3.399700233522513250e-04 3.382823735103274556e-04 3.128777862214643770e-04 2.417359872601767970e-04 1.597489756585917077e-04
2.076194681652016255e-04 2.718551364958431572e-04 3.199168798294567450e-04 3.390622824927347172e-04 3.344280779809736788e-04 3.253612801240424830e-04 3.285694141286164003e-04 3.335811081081259703e-04 3.284744472250635005e-04 3.202271779243686745e-04 3.292765704034516681e-04 3.365982923781274784e-04 3.230512801727382886e-04 3.147611838158025218e-04 3.168656567172872091e-04 3.271744697739587286e-04 3.388608624241704536e-04 3.478513112528104590e-04 3.502835069712369165e-04 3.438247312595914609e-04 3.341982919657735126e-04 3.261256178551722156e-04 3.310417634580638214e-04 3.438335248609648430e-04 3.409262672712426489e-04 3.191711492734461268e-04 3.070876732408722807e-04 3.140778783219911555e-04 3.339050767411276760e-04 3.495909106049908716e-04 3.404988334338237502e-04 3.186593918512157543e-04 3.108366957883533553e-04 3.142303631694953227e-04 3.096299303840069914e-04 3.022082237922513225e-04 3.136066202240270499e-04 3.385472888926451267e-04 3.554989850432851029e-04 3.502713433247980424e-04 3.415310297735393808e-04 3.409650117683463199e-04 3.279516038174008557e-04 3.050713128248217854e-04 2.993267593060291174e-04 3.138408577831994684e-04 3.196851913988321128e-04 3.159234033429251035e-04 3.145687394489933434e-04 3.159667812850013111e-04 3.231399406928699104e-04 3.355025035871185123e-04 3.491880779021285463e-04 3.568670999900726694e-04 3.518799630493696720e-04 3.452922842478850225e-04 3.441055177831775394e-04 3.293396079257236491e-04 3.214292284619784225e-04 3.336440791976020550e-04 3.382890218433361944e-04 3.344564366587830361e-04 3.309186009193093537e-04 3.394589887294519916e-04 3.483974153813078735e-04 3.345386831674694280e-04 3.173001152385454462e-04 3.112594815282757315e-04 3.115720696358090323e-04 3.206221153084397790e-04 3.416243660414753497e-04 3.448871211410876056e-04 3.287415752533148338e-04 3.274015303291160760e-04 3.304110640168217016e-04 3.288601399740043304e-04 3.346375865240970192e-04 3.496701107106155930e-04 3.505393520778582678e-04 3.406750228249911649e-04 3.415130492875086392e-04 3.393975953705766950e-04 3.357797964961785537e-04 3.435670559557267318e-04 3.366321996203959629e-04 3.238971327465626766e-04 3.228752058717716984e-04 3.217924410564127445e-04 3.155813439398015520e-04 3.180319061100162067e-04 3.357888960665747317e-04 3.531718250915272164e-04 3.491818839694089591e-04 3.372957240666401841e-04 3.279041216713271577e-04 3.300583372600285424e-04 3.382744976962022377e-04 3.177511606919782928e-04 2.404403110648216824e-04 1.527508284092652844e-04
2.221031397584682238e-04 2.775202354754277979e-04 3.237944583035002634e-04 3.478022580712687023e-04 3.530337799885401116e-04 3.449496252027308340e-04 3.402501563603293642e-04 3.419898782045737947e-04 3.391282983939717592e-04 3.321858760150016732e-04 3.310498967572026558e-04 3.331347151812459975e-04 3.222455072630273478e-04 3.164794713949183155e-04 3.161153112102797194e-04 3.222280542681088111e-04 3.301313879869572331e-04 3.348911076158585286e-04 3.368711118445392528e-04 3.334504328082501775e-04 3.241757700526795593e-04 3.178673262259253942e-04 3.305966327423554767e-04 3.451211223867126261e-04 3.407977109100557007e-04 3.226702369799034731e-04 3.186150227733968408e-04 3.313014281032890837e-04 3.396761494157657488e-04 3.433749181859286248e-04 3.378044738675194765e-04 3.261212967787602756e-04 3.222487191811699886e-04 3.245399851396552266e-04 3.187481593622435534e-04 3.097509655241750641e-04 3.151993698166634058e-04 3.350250721809573630e-04 3.498902620413122050e-04 3.489853974787211679e-04 3.415093950176105670e-04 3.328243736354925646e-04 3.177807526944140498e-04 3.039190875407725792e-04 3.047881207545890094e-04 3.240491442489330841e-04 3.421402253777069491e-04 3.464577087800920115e-04 3.381644818261352612e-04 3.329707519143504770e-04 3.350490642399435752e-04 3.332882310155152548e-04 3.336427489363857695e-04 3.434324845441257034e-04 3.451085619064050893e-04 3.344000815695860433e-04 3.274476086979298669e-04 3.207313785369968217e-04 3.314521583300021417e-04 3.483084214696359655e-04 3.382870185288253334e-04 3.222891166270583970e-04 3.230698905515106203e-04 3.426196979078550498e-04 3.545486756127974723e-04 3.390015386369691903e-04 3.253189865641124183e-04 3.252418805734102894e-04 3.263789756930696303e-04 3.245060050965861437e-04 3.389269974141764525e-04 3.408893069618060528e-04 3.184027983030027686e-04 3.143618501398435399e-04 3.367350959376392422e-04 3.500576236761764851e-04 3.437122283589400798e-04 3.434970628459452528e-04 3.431155867117036454e-04 3.380317898998178939e-04 3.371402440122673021e-04 3.412807362320238172e-04 3.497203517773231243e-04 3.549635789869576849e-04 3.425741013492435627e-04 3.378449204039406305e-04 3.418580759438503893e-04 3.397202232995747469e-04 3.324684155084163995e-04 3.317359793406279020e-04 3.425056005976682798e-04 3.476642976400210524e-04 3.363543643603481253e-04 3.233932126772209393e-04 3.179610839767158946e-04 3.278925841575999886e-04 3.438196990964232573e-04 3.242055467160805463e-04 2.445736855944110949e-04 1.554141646352834739e-04
2.213385556462741234e-04 2.747022251940127295e-04 3.160981527894669591e-04 3.347767226510731586e-04 3.488361752459398762e-04 3.522512406113721206e-04 3.464388637124046766e-04 3.383835369383746648e-04 3.370677684267659336e-04 3.448654570445972359e-04 3.479712376892746001e-04 3.492516692055159470e-04 3.369122247277194816e-04 3.266539636226549687e-04 3.224165618986615084e-04 3.247326276414152883e-04 3.310900728325067116e-04 3.324828062611275697e-04 3.264224938087124939e-04 3.188923043047971629e-04 3.145724823275230239e-04 3.165861809504959008e-04 3.311460049979136943e-04 3.490288127609159487e-04 3.505210880880360114e-04 3.392724216887764541e-04 3.393782274438910751e-04 3.502003613126254905e-04 3.474723434712005199e-04 3.437308410473479130e-04 3.341363281261931144e-04 3.246597407023993007e-04 3.243673669047423668e-04 3.266340143540501380e-04 3.285434571384201509e-04 3.295210769077792359e-04 3.232010250837819053e-04 3.245079361841640198e-04 3.362002019223315433e-04 3.455372263760072768e-04 3.423178551219611650e-04 3.287395310291649610e-04 3.198753664652904689e-04 3.194177463238460479e-04 3.258202935313605077e-04 3.364932660434214969e-04 3.507089065132493709e-04 3.610415651471035820e-04 3.538368018760277146e-04 3.382879782693689903e-04 3.239822959124876041e-04 3.120981242038428681e-04 3.139628124573083396e-04 3.309309830316232298e-04 3.420665831835011388e-04 3.346275437035971657e-04 3.263967355145286331e-04 3.208269373131743631e-04 3.341397451032270633e-04 3.542348047004520353e-04 3.447843286157165044e-04 3.278090980573130069e-04 3.342837846217752099e-04 3.484289069859014413e-04 3.454626087108172050e-04 3.344867527169217199e-04 3.371755372946751107e-04 3.492868994340223542e-04 3.513464170249330255e-04 3.372003589118319601e-04 3.423550538089293422e-04 3.474610058874318987e-04 3.263812260257102377e-04 3.098813079231286420e-04 3.344110427927994762e-04 3.562863077965273441e-04 3.361581148631942895e-04 3.138550155631459693e-04 3.166584554854912732e-04 3.260041490605653956e-04 3.298938178622759987e-04 3.385033474091196279e-04 3.517549507252941930e-04 3.528204000159842579e-04 3.378402947023942740e-04 3.390041732417308114e-04 3.521090525632191034e-04 3.543055053449795837e-04 3.505786661338941828e-04 3.489383404722946436e-04 3.444952275087387371e-04 3.371222993989333007e-04 3.349451750123581882e-04 3.338517641877671287e-04 3.295790658698022173e-04 3.343379470864963937e-04 3.413506162784378712e-04 3.182317594919722254e-04 2.452378405944395244e-04 1.613667363118269664e-04
2.113180370241360883e-04 2.591258176426722336e-04 2.968874141426873395e-04 3.176201300577278911e-04 3.379745061086438180e-04 3.481519826757706109e-04 3.462207287817960352e-04 3.372097837374958443e-04 3.339536666395468475e-04 3.421044835501394670e-04 3.471415562913331230e-04 3.538379822022082047e-04 3.481020413423190356e-04 3.316827306343497067e-04 3.167283541179891711e-04 3.170779990446384936e-04 3.342086067794537317e-04 3.484590445433896665e-04 3.380302671480605236e-04 3.165373557353865505e-04 3.084714848072160685e-04 3.170976488728569380e-04 3.269304612363257328e-04 3.381376968277933484e-04 3.461424256881313042e-04 3.466863785693352976e-04 3.478140610772852657e-04 3.520362298290851408e-04 3.459531833291373251e-04 3.456865304641145798e-04 3.404820277926272733e-04 3.303601143947709198e-04 3.241031539510872946e-04 3.220975014887690526e-04 3.343927635523341862e-04 3.499194597402835167e-04 3.378573795031329131e-04 3.223453038885639756e-04 3.283595365850533725e-04 3.408825502115084413e-04 3.442701102825383459e-04 3.401420099892302380e-04 3.431111491587890004e-04 3.468640255653206985e-04 3.411008357259716047e-04 3.305164216971586289e-04 3.285233007124449610e-04 3.315064445826075112e-04 3.289247844480238693e-04 3.246923961279850291e-04 3.171855209246914509e-04 3.109066567373856187e-04 3.174494633114610578e-04 3.341408705259283295e-04 3.510402225111790243e-04 3.473097482481568663e-04 3.410845774277302669e-04 3.365523628235718044e-04 3.403531846232792828e-04 3.573890103598866171e-04 3.604489484951162994e-04 3.443652501995393776e-04 3.403611925367077849e-04 3.402265859195937182e-04 3.283433913305670556e-04 3.266991789108146678e-04 3.436204897237023388e-04 3.616774938001379594e-04 3.603562570536510872e-04 3.383960428350440280e-04 3.385200473170917913e-04 3.508424884067445990e-04 3.366326434098405548e-04 3.124883088025380996e-04 3.302869408437431389e-04 3.499632552486506764e-04 3.245608482572719285e-04 2.920128313371055692e-04 2.982099081025122583e-04 3.189209187708624393e-04 3.271170758505799188e-04 3.350864124192445446e-04 3.405658690828697191e-04 3.309318447475319280e-04 3.187126899576583016e-04 3.225948467350733817e-04 3.375250011519762786e-04 3.485065925035534364e-04 3.518820146972374352e-04 3.498758427315131880e-04 3.333511725947267191e-04 3.202574611181443261e-04 3.341358962819046497e-04 3.511655837836832493e-04 3.467375117895956857e-04 3.361989016200342298e-04 3.297691250723710187e-04 3.102849972723161322e-04 2.474738280410640544e-04 1.671142250831369699e-04
2.166028587265901996e-04 2.608913165867613837e-04 2.954706100820937188e-04 3.133232489584640416e-04 3.283364824977261622e-04 3.369007093905618125e-04 3.390690850067399308e-04 3.386014672061359813e-04 3.371864639113206609e-04 3.310650279370167025e-04 3.255222411944236100e-04 3.361031580286178919e-04 3.473993743879740448e-04 3.392312674988414963e-04 3.165686969136281880e-04 3.134024609393918585e-04 3.320786854297510171e-04 3.527563243435124108e-04 3.490229017289067604e-04 3.271089230987308085e-04 3.155406905219955991e-04 3.246898249482555615e-04 3.321151999560730895e-04 3.341038210738924525e-04 3.360453771668316060e-04 3.385397164028328956e-04 3.389960009026505043e-04 3.408072900708008666e-04 3.417837831200527636e-04 3.439616815348915061e-04 3.420790061821017214e-04 3.393926077729501781e-04 3.358371847950635458e-04 3.329115713396665205e-04 3.403505049778156994e-04 3.558115535817857030e-04 3.476553774576814754e-04 3.308388676327993390e-04 3.331055795406358483e-04 3.390833966682301696e-04 3.370077434118592605e-04 3.367788772607032961e-04 3.458814055793588658e-04 3.587295118110717281e-04 3.476646506802498308e-04 3.205497219153834805e-04 3.042709501363334199e-04 2.990068973689539284e-04 3.044858057220882876e-04 3.226334006849082797e-04 3.299355726098879499e-04 3.285716717899869158e-04 3.329250634649699617e-04 3.378705083130345023e-04 3.514845930584398659e-04 3.527545762965482879e-04 3.409806856388796067e-04 3.295458830815663036e-04 3.310581647136478459e-04 3.507430421686377623e-04 3.646322395592393496e-04 3.484134972311718178e-04 3.298583211772494945e-04 3.217845612827835780e-04 3.175665481059291076e-04 3.287367187780150177e-04 3.495996281982542914e-04 3.585692075414498347e-04 3.461818433095858842e-04 3.241711415289389017e-04 3.308434492850972344e-04 3.510983855100499812e-04 3.385731811614220172e-04 3.130496296596502973e-04 3.236307194841911818e-04 3.378384329373358024e-04 3.238893927270703214e-04 3.089891305460193806e-04 3.171166457927776430e-04 3.253354650555385138e-04 3.187631605768750497e-04 3.224370404565427006e-04 3.273052357358232885e-04 3.151581904170146827e-04 3.092996788297543110e-04 3.176101789801634976e-04 3.312035469337177912e-04 3.456567711661604012e-04 3.486798226913818293e-04 3.392893684237479409e-04 3.213806421267272409e-04 3.092436141560214562e-04 3.305025029028135102e-04 3.569019721797679666e-04 3.501917883761933433e-04 3.314683545219388968e-04 3.272612084514634162e-04 3.199032283788160922e-04 2.623451045885284673e-04 1.755484014239449544e-04
2.306563786429992064e-04 2.824437721978287439e-04 3.177248073260983572e-04 3.198479286289291268e-04 3.211874500808277640e-04 3.309330780213104927e-04 3.386365441408136401e-04 3.403314986399222451e-04 3.333314760157350459e-04 3.163189858341375251e-04 3.094487492751401788e-04 3.251838897477552295e-04 3.473316250807018113e-04 3.532435975319916520e-04 3.312736559665570442e-04 3.190642799336866706e-04 3.263719950827057925e-04 3.429422227877755840e-04 3.509787439408878964e-04 3.449301300761976083e-04 3.347521386499810458e-04 3.313624875936366666e-04 3.333455072360133652e-04 3.404217006224751147e-04 3.361018448652674812e-04 3.239787898554422215e-04 3.171316495014826634e-04 3.196911538660271641e-04 3.308380980341171394e-04 3.380395121902471855e-04 3.350774948651434691e-04 3.352071550421629369e-04 3.370535381913731133e-04 3.368831001919162394e-04 3.347405524800994674e-04 3.400807277129183365e-04 3.399102074293481289e-04 3.360739757978926760e-04 3.339323271718894074e-04 3.230887159394095574e-04 3.139103093020532433e-04 3.245069315975401716e-04 3.416326288010209343e-04 3.567032408595268659e-04 3.515499642696186255e-04 3.337636258051218576e-04 3.186545777570900292e-04 3.091422315737771785e-04 3.121425831449115441e-04 3.342482571637021057e-04 3.495408146668548812e-04 3.509314752815800072e-04 3.473102218230003776e-04 3.386643528141663594e-04 3.447331698138608432e-04 3.512786426521208706e-04 3.369885068308030003e-04 3.193376422328759253e-04 3.181912676803379139e-04 3.340266749769947238e-04 3.507439893342411980e-04 3.438281917478169672e-04 3.257717561662043949e-04 3.171028858604479179e-04 3.221640725983390707e-04 3.416756949487047539e-04 3.481391822329988413e-04 3.334232826183874151e-04 3.140324861939231254e-04 3.064579394447223691e-04 3.262746363087564859e-04 3.482319278259640694e-04 3.379103574361005968e-04 3.188933160374133593e-04 3.226061188382396173e-04 3.252979590838014174e-04 3.234877488901490190e-04 3.335357566612209140e-04 3.420313319214130085e-04 3.337015791538137151e-04 3.171110665273290221e-04 3.183621128582034537e-04 3.230108823181772728e-04 3.124439550849578747e-04 3.077557246974749324e-04 3.159774715405227748e-04 3.252494669327932143e-04 3.330452948541713729e-04 3.344721671567685620e-04 3.281693926343101642e-04 3.207127448993890399e-04 3.112973597832440343e-04 3.250397457782172334e-04 3.454062502407769181e-04 3.353924743984544425e-04 3.170147361756963690e-04 3.213327211506049634e-04 3.233318192577776641e-04 2.668751038848779359e-04 1.742740440515442918e-04
2.257074923977088823e-04 2.910042648100666504e-04 3.344229219669474663e-04 3.313863346173470973e-04 3.255731981675947552e-04 3.339912519652771554e-04 3.452635264182828297e-04 3.473293690334753898e-04 3.347439809666768974e-04 3.187834653199407824e-04 3.155606579828604112e-04 3.238046487488772289e-04 3.350688794834141533e-04 3.420864408226729787e-04 3.320133848957363028e-04 3.225930576723078265e-04 3.245571424157951430e-04 3.331010272152205094e-04 3.413220114717953791e-04 3.472498412425226860e-04 3.455233331580243126e-04 3.366177621890542680e-04 3.349193286225587811e-04 3.482408164921109960e-04 3.433299041658839472e-04 3.236589947546622114e-04 3.119345133422326936e-04 3.073341046932570294e-04 3.135095138593404509e-04 3.285994589740574932e-04 3.344340761840254410e-04 3.322207287706104148e-04 3.321217116648218001e-04 3.346762249421234730e-04 3.333793964926915106e-04 3.324899317431501307e-04 3.340878180213783383e-04 3.386934480271857088e-04 3.313352357184470246e-04 3.093989827826193451e-04 3.003634087601823833e-04 3.191730337235633994e-04 3.440672197934705173e-04 3.524608678165387600e-04 3.525790575827652163e-04 3.597094647637826296e-04 3.582455695610932585e-04 3.459935100991465761e-04 3.361617106337640420e-04 3.425881090058559980e-04 3.582866343675168274e-04 3.613472934567430990e-04 3.493287686815905882e-04 3.391414816263656857e-04 3.399906038792020442e-04 3.409794032183585937e-04 3.311685488741340886e-04 3.190775182727324235e-04 3.159811187809042840e-04 3.204821096220932214e-04 3.309903980616618938e-04 3.381855126605369218e-04 3.336072328075584750e-04 3.273526097728574709e-04 3.301295706276941000e-04 3.380759733890883719e-04 3.264522319700970186e-04 3.046120317000963274e-04 2.942685680230747928e-04 3.052788531302671961e-04 3.283223565556836650e-04 3.444583601343653234e-04 3.396255916902287428e-04 3.283548073904809638e-04 3.266177836335619781e-04 3.167913550479143237e-04 3.177765928802927945e-04 3.434050548333567911e-04 3.549601414331532510e-04 3.404054812531955563e-04 3.288165413349417206e-04 3.369300586242919863e-04 3.379556977469387038e-04 3.210260440462062159e-04 3.103195590298296787e-04 3.149436123636203521e-04 3.246713528810241068e-04 3.317850167086472922e-04 3.340839661802692470e-04 3.367282760670797380e-04 3.383266240962475675e-04 3.296032491270405387e-04 3.332577491151739700e-04 3.433664412367362813e-04 3.302443496409814688e-04 3.121951712496682293e-04 3.159077589123083043e-04 3.149031753195009995e-04 2.583979613143642657e-04 1.692096499315651355e-04
2.081593542932010294e-04 2.862365353121198693e-04 3.384172741230718259e-04 3.428362576048876254e-04 3.391292059479623770e-04 3.348389714969900676e-04 3.346404156835600368e-04 3.377655808137582701e-04 3.332486970329211467e-04 3.325447730099835445e-04 3.329752983290872395e-04 3.250257225073951658e-04 3.183214243833016027e-04 3.165830867623084391e-04 3.198007573335659979e-04 3.257904122039526756e-04 3.313861040236603739e-04 3.311387087909611177e-04 3.265455679998353422e-04 3.321006940559240563e-04 3.442251373305734320e-04 3.440774035399154921e-04 3.376013725750098881e-04 3.385863117468915803e-04 3.331432288658661917e-04 3.287008125310388377e-04 3.268593852785646762e-04 3.194930749629919351e-04 3.148856383670137551e-04 3.246998756080480522e-04 3.331967915261564803e-04 3.319682041926484977e-04 3.391585229631028297e-04 3.501898462518551487e-04 3.513216711801899102e-04 3.435107618570004424e-04 3.382022520365630730e-04 3.338671563225842787e-04 3.264623463885338696e-04 3.206243237614344764e-04 3.192168421125787131e-04 3.279307959061534151e-04 3.472855509003348103e-04 3.459605014115015400e-04 3.384339021080081571e-04 3.514741622493238425e-04 3.583255856435031434e-04 3.547109418873637819e-04 3.465074794758554169e-04 3.398836523221693425e-04 3.490932529146299670e-04 3.481891681023653574e-04 3.343948324909058116e-04 3.344246894496986618e-04 3.401206050481041373e-04 3.364072746897742291e-04 3.326121421092228603e-04 3.262325454739101573e-04 3.206067412974234832e-04 3.171121753310228485e-04 3.225334333117470080e-04 3.382386102198354193e-04 3.444753665646078889e-04 3.395389598156393083e-04 3.330454510102482659e-04 3.249192541364075669e-04 3.134306363442874435e-04 3.057766519579679801e-04 3.094106492790022877e-04 3.290368132417192991e-04 3.438370753518074164e-04 3.467285156196542100e-04 3.432161364717199129e-04 3.326254073655336881e-04 3.235169591050729605e-04 3.120149684259908730e-04 3.144916263402506825e-04 3.422535185428013534e-04 3.585197771951691300e-04 3.500386203953613300e-04 3.456390348634779514e-04 3.609514588393111442e-04 3.649632395882005656e-04 3.406365852478930177e-04 3.187785993120909782e-04 3.207916167896198789e-04 3.354308337858215869e-04 3.435771928209896105e-04 3.464013031648402702e-04 3.553489655052402248e-04 3.624531062577764431e-04 3.574388778781797255e-04 3.550949737480933060e-04 3.525554119682193597e-04 3.318469242615505483e-04 3.150746005612110987e-04 3.201617739233975492e-04 3.199808602022620506e-04 2.671106961111960657e-04 1.805399655936495670e-04
2.018576519541079978e-04 2.850206466224673003e-04 3.358989114741757053e-04 3.397116900563384870e-04 3.375662102304661464e-04 3.199674168678216151e-04 3.021647578354043503e-04 3.050122862976342134e-04 3.133665634194773408e-04 3.275034296828978082e-04 3.354505037499070719e-04 3.272853382875926757e-04 3.196582650445580864e-04 3.143375399363722332e-04 3.138332703416277345e-04 3.201118099678895105e-04 3.307179287118881665e-04 3.358214035566665272e-04 3.322749485310835089e-04 3.324779577607782062e-04 3.434497854239069135e-04 3.435775554256765012e-04 3.312282865503521660e-04 3.237000932359518444e-04 3.231034578189721719e-04 3.335156691227629424e-04 3.377016959230382019e-04 3.372593338742903746e-04 3.319200594819655568e-04 3.278971648111184286e-04 3.283827146895925558e-04 3.259598703807517527e-04 3.340119193275493600e-04 3.457469849690424915e-04 3.513953691181458854e-04 3.506314431578208893e-04 3.470214607125178151e-04 3.271623996688000991e-04 3.160884632204319150e-04 3.310518983126933411e-04 3.420885946765457944e-04 3.394927084185371514e-04 3.416482782240852153e-04 3.303415069308452291e-04 3.126223360671981887e-04 3.156359458778767112e-04 3.239810824035143375e-04 3.318261265401776594e-04 3.343553894757691743e-04 3.266445866897248630e-04 3.277452403889323388e-04 3.260283543272438317e-04 3.265248446909629746e-04 3.399693787839099153e-04 3.502100068689880134e-04 3.491113466286687871e-04 3.462636466091181114e-04 3.369546203960746686e-04 3.333139286915180678e-04 3.303561583764242455e-04 3.319648581178775591e-04 3.444100703212273204e-04 3.474215029867909910e-04 3.375584749836737131e-04 3.310098242664928983e-04 3.312422175772732394e-04 3.311350189871164920e-04 3.277711786010017482e-04 3.340675721906583105e-04 3.547332751185659295e-04 3.612692588319578739e-04 3.508276255820120355e-04 3.470847141982311536e-04 3.402610420527498597e-04 3.292144533410819958e-04 3.228558057543084742e-04 3.261801675043244546e-04 3.418383830767885139e-04 3.484114734074224978e-04 3.449899009552889707e-04 3.462400184511211024e-04 3.597972412603340012e-04 3.622560010440006428e-04 3.398187363483192651e-04 3.226716197252286686e-04 3.352711833604126238e-04 3.484677665865006406e-04 3.407313047550378162e-04 3.365787565600847375e-04 3.480805820445313477e-04 3.608725045849929124e-04 3.652079116989963422e-04 3.697205253045153582e-04 3.635421146546464642e-04 3.316694629849635577e-04 3.117666803069252647e-04 3.218225989431379615e-04 3.240048544680343293e-04 2.697371164625470539e-04 1.817934249016160068e-04
2.073108271287611454e-04 2.939963318333365066e-04 3.395429405622520753e-04 3.336594404330673344e-04 3.266851419469608657e-04 3.090525290239518508e-04 2.937687655580325727e-04 3.037779473362031647e-04 3.188340030084781682e-04 3.252774033397037683e-04 3.233073610364475912e-04 3.229209772501001022e-04 3.318285105509882001e-04 3.352382840103205423e-04 3.268871611634539907e-04 3.225333210541880737e-04 3.328095980760332421e-04 3.434833140182716764e-04 3.414374894188955921e-04 3.339328909956456454e-04 3.343987097868128403e-04 3.283122029539912155e-04 3.191243331670340030e-04 3.237638563888511336e-04 3.352733675561052080e-04 3.484557406304604000e-04 3.492907904123121921e-04 3.475544683297957069e-04 3.425316785009273487e-04 3.342299121583353159e-04 3.306698021609172410e-04 3.248860119043775821e-04 3.227599340600714132e-04 3.228739848765073851e-04 3.319257898084677634e-04 3.485986182730394672e-04 3.537102033947878013e-04 3.305101033088032490e-04 3.163404926310709429e-04 3.330737014315391818e-04 3.487235518990039842e-04 3.418043600107186332e-04 3.280833581790856303e-04 3.166182878045617141e-04 3.051613582465476354e-04 3.062842079989654739e-04 3.187389952741633741e-04 3.281922714035959317e-04 3.327057598908408236e-04 3.252281761066623447e-04 3.128848592800568661e-04 3.095658280626661062e-04 3.231764022480080115e-04 3.429559744248709095e-04 3.541886220501353237e-04 3.564225964004124649e-04 3.489293706374874907e-04 3.369303765807211298e-04 3.475200306880703370e-04 3.583783902538302990e-04 3.541584892454472484e-04 3.517621465694549619e-04 3.437708320964701471e-04 3.274402490050380200e-04 3.257429144264359518e-04 3.384035186518650324e-04 3.455007256363387181e-04 3.391314272664281869e-04 3.431511260125735124e-04 3.587379945616060630e-04 3.598353328309858348e-04 3.464535039804234051e-04 3.382302933418544072e-04 3.388190674663332704e-04 3.371782184303163043e-04 3.321203344255291919e-04 3.290309815239449241e-04 3.341747685048507017e-04 3.347515741469060105e-04 3.303079742135446410e-04 3.304836988685619934e-04 3.435900841998725062e-04 3.477730257488574790e-04 3.319377765334229893e-04 3.209312272656250414e-04 3.382672010428968540e-04 3.492824193746304757e-04 3.336695695512324365e-04 3.207832275629499239e-04 3.232382560260496423e-04 3.325065078358936080e-04 3.454775930680680299e-04 3.613420680633006661e-04 3.629218916030699021e-04 3.339102313348854176e-04 3.087149808187509507e-04 3.104519925381973551e-04 2.993769085210852554e-04 2.348440063337854959e-04 1.503603185078911672e-04
2.172576573491527281e-04 3.045772102186801856e-04 3.411706609704303673e-04 3.241857089084440461e-04 3.154355078701237547e-04 3.103983479872420275e-04 3.091835982643072189e-04 3.271101651935729359e-04 3.461647322693717005e-04 3.410011853754592965e-04 3.189442756926054510e-04 3.176888777253175557e-04 3.363618968778564608e-04 3.438730402481380123e-04 3.356225111675329364e-04 3.301476306608498593e-04 3.392255231014717175e-04 3.508550978395932668e-04 3.472915059483323895e-04 3.290894076910330255e-04 3.188842892130661663e-04 3.152383995977474894e-04 3.206719285744052137e-04 3.403236563946277935e-04 3.553822998692920021e-04 3.617441517773100105e-04 3.561149207143656827e-04 3.455835145409619225e-04 3.404777088503917410e-04 3.412044754916017213e-04 3.395994415346107386e-04 3.325258916225621512e-04 3.285019256103010568e-04 3.204267667604633477e-04 3.201651211020349434e-04 3.422941165323437106e-04 3.551095617540544515e-04 3.377057540144913538e-04 3.231855963489471423e-04 3.361504875840767501e-04 3.558093301384236597e-04 3.508018094925026290e-04 3.309017418361510834e-04 3.211913112756565854e-04 3.193210368350806274e-04 3.281926035220393014e-04 3.461676591260246828e-04 3.470322238196862485e-04 3.401907975948997203e-04 3.286624057441264127e-04 3.113484589513681490e-04 3.149088045020501840e-04 3.327093335979752417e-04 3.466650876760159856e-04 3.498279861042965632e-04 3.426599144043917643e-04 3.319890536836719646e-04 3.264372747439543178e-04 3.421239272098990872e-04 3.579544549463354415e-04 3.530146004132403035e-04 3.452296021954441834e-04 3.345426889306307066e-04 3.188628928299713566e-04 3.214684420467175821e-04 3.375851689629737673e-04 3.435948267671693921e-04 3.299155415173218300e-04 3.282426426068424863e-04 3.361292842825230388e-04 3.388536882376139972e-04 3.364012751377777480e-04 3.270137898481013873e-04 3.320580654571032636e-04 3.381951486226888190e-04 3.326440775636083091e-04 3.232507575187553751e-04 3.257424543847926629e-04 3.332564322113939353e-04 3.281625545776965976e-04 3.217132867117148093e-04 3.345495340541307372e-04 3.398135584377347555e-04 3.249107533059951425e-04 3.177648687653049234e-04 3.337819281350734709e-04 3.453966894074072310e-04 3.392548872231067650e-04 3.306395629128538929e-04 3.242239594818835955e-04 3.216352965791460274e-04 3.278083028505549804e-04 3.354087478121309425e-04 3.405833776119006123e-04 3.322850625166061302e-04 3.131721029582547854e-04 3.044895631419388066e-04 2.808314309947653712e-04 2.074993868890429786e-04 1.240089269763992820e-04
2.288127344760397790e-04 3.143031710815787972e-04 3.431529114183974561e-04 3.165063125345582190e-04 3.169825387207373399e-04 3.331713481023264225e-04 3.398754362734654412e-04 3.524902302986759710e-04 3.612982064609008615e-04 3.483499874672810886e-04 3.253318434681126757e-04 3.258576740528252007e-04 3.433044609884011028e-04 3.431987079374254406e-04 3.284919780821990909e-04 3.261035109558742956e-04 3.426777322613242752e-04 3.567963949450058889e-04 3.521332727576706413e-04 3.293577687807858418e-04 3.184382787941881371e-04 3.240629894668776425e-04 3.409782137262226199e-04 3.577846456119272971e-04 3.567845476514228185e-04 3.485788185006216591e-04 3.405103379305117299e-04 3.333111493562448003e-04 3.290792983037633349e-04 3.339435308930473623e-04 3.400976297634049784e-04 3.399565316851654406e-04 3.388335919197472393e-04 3.266319971925543035e-04 3.155099126323039345e-04 3.347056120006031100e-04 3.510153452251342726e-04 3.380433399293327856e-04 3.229331844340858080e-04 3.338275100882363801e-04 3.563561952235578070e-04 3.544040781214115787e-04 3.432776733727663059e-04 3.422456022515768699e-04 3.398975032784331174e-04 3.458406635664872759e-04 3.604331916241055363e-04 3.582446959349586081e-04 3.506468789114667488e-04 3.365893135583207323e-04 3.203338457744266338e-04 3.318483811854858840e-04 3.463235698023438692e-04 3.472446881317843266e-04 3.414772847638621457e-04 3.288375169559380274e-04 3.159615433849454575e-04 3.120964449738434588e-04 3.193291912724727732e-04 3.302469586788145785e-04 3.298185702041829211e-04 3.283308437541351864e-04 3.208852754362004605e-04 3.097893231402407870e-04 3.195262910768948902e-04 3.414010509818773769e-04 3.489298990464779907e-04 3.281679399391246657e-04 3.154874018938047314e-04 3.172481917542128321e-04 3.233107028552246976e-04 3.291126304946829411e-04 3.265521275723244762e-04 3.344644308429074947e-04 3.408086886449776922e-04 3.353032605504783397e-04 3.254796805334674611e-04 3.273527084353746461e-04 3.385544965977782235e-04 3.398720608864291056e-04 3.387734475270000540e-04 3.461198661651479448e-04 3.367842331784512313e-04 3.159955594693816968e-04 3.201940033472346981e-04 3.406875846008621846e-04 3.478345970903125133e-04 3.448935636369014537e-04 3.435022095926812966e-04 3.372040357216238120e-04 3.277299163844461013e-04 3.214718909498353238e-04 3.157227217961242234e-04 3.209748045593012553e-04 3.300648913698381597e-04 3.221029779446881749e-04 3.166958957776784631e-04 2.977146138247690381e-04 2.184719174712705897e-04 1.210964711596672512e-04
2.296962886100949067e-04 3.120458667315911187e-04 3.410959907394667300e-04 3.123892398490429640e-04 3.221974086782733839e-04 3.606222961194595778e-04 3.746078224745212149e-04 3.686450315849448020e-04 3.500464576876211086e-04 3.286455344624334795e-04 3.222002488979265459e-04 3.359467574680341496e-04 3.528223908375999456e-04 3.468686727691635803e-04 3.237583494603509015e-04 3.198843024489123662e-04 3.395960789528430215e-04 3.539771464160071423e-04 3.489708050149208682e-04 3.331443944481203871e-04 3.311297686106784606e-04 3.385375082352983303e-04 3.455599684042414028e-04 3.457103119587303275e-04 3.362847740762870720e-04 3.284913123322367166e-04 3.289561984857019270e-04 3.340030570167848282e-04 3.273599535412279591e-04 3.255298468236096816e-04 3.365868291866858856e-04 3.464303071855425213e-04 3.468007644819663649e-04 3.297374100414818114e-04 3.168326691781093735e-04 3.291641323273781757e-04 3.347916779843103222e-04 3.227369805387508969e-04 3.164325631374202219e-04 3.296718556426902948e-04 3.456656629630005693e-04 3.419203831805169990e-04 3.417761258495005412e-04 3.500178465583460947e-04 3.430682498454784828e-04 3.353276544302936577e-04 3.319468347581634271e-04 3.395538464229069494e-04 3.573348217976118446e-04 3.485148265188595020e-04 3.293945532859213622e-04 3.332602565335922654e-04 3.357914393882405245e-04 3.285371074267749974e-04 3.278988338023303183e-04 3.260316484808620631e-04 3.146632455381026192e-04 3.136395973036980897e-04 3.194501948278171679e-04 3.231580405548035322e-04 3.179831531333198618e-04 3.196504996152280858e-04 3.178946483465192561e-04 3.139459866592689795e-04 3.276707863708501760e-04 3.474544386010582206e-04 3.582541590145515964e-04 3.400364955316989481e-04 3.205327497004332982e-04 3.179330850367199143e-04 3.222673386029774670e-04 3.266634698074318758e-04 3.316043301318514266e-04 3.451896362100557525e-04 3.469683436839655260e-04 3.371535562472310313e-04 3.301657744465269755e-04 3.319480411577974805e-04 3.378095074027877049e-04 3.457263921043362805e-04 3.553338327533250591e-04 3.556358242389972375e-04 3.373356570948599911e-04 3.218720235339260667e-04 3.369363404922781722e-04 3.464981695474003589e-04 3.370364155065046674e-04 3.331902601848238540e-04 3.325482092527298913e-04 3.324734383753089398e-04 3.354643770339166189e-04 3.298824560259622013e-04 3.188393829138603565e-04 3.196879379678680116e-04 3.267340647675380321e-04 3.217774524709300600e-04 3.239266293160559065e-04 3.178812754926463291e-04 2.398579891614978864e-04 1.290421954596934903e-04
2.200783861914820758e-04 2.873568786242638442e-04 3.150839111138122907e-04 2.949613689991016164e-04 3.077233751360504595e-04 3.602017323167716655e-04 3.842603846717573216e-04 3.632825432957860002e-04 3.327736516108791530e-04 3.229699542485250235e-04 3.348033418176912302e-04 3.494348725307088463e-04 3.556056677260204120e-04 3.511920012030709626e-04 3.310369023715108942e-04 3.173686948767811167e-04 3.222175354230598062e-04 3.342111375871491957e-04 3.398552171357236990e-04 3.405017408360661024e-04 3.458914151741686706e-04 3.425713346277250082e-04 3.271755800740214475e-04 3.156456921259287582e-04 3.147416109556644241e-04 3.221840307796332813e-04 3.331787899774067870e-04 3.425142782613391896e-04 3.360265268754912722e-04 3.313873132835924717e-04 3.395137784253681097e-04 3.517209077735756291e-04 3.555802810535034757e-04 3.420114866522923867e-04 3.345552740650150920e-04 3.377325260981054941e-04 3.324276833580993218e-04 3.241943406029531563e-04 3.213892013793691218e-04 3.267404882123817146e-04 3.366545239536997418e-04 3.384272942610379309e-04 3.408581517757419666e-04 3.470274170438301031e-04 3.373327873522714089e-04 3.192463114938685399e-04 3.031197030273126577e-04 3.178916662019087933e-04 3.506079780290940855e-04 3.473877552738630905e-04 3.277689333192115037e-04 3.234202679358848947e-04 3.269882657967111998e-04 3.239214318387011009e-04 3.212488388404121688e-04 3.199420456635208507e-04 3.166806020725678101e-04 3.277244801451588158e-04 3.350542103416038293e-04 3.331867793010355591e-04 3.289268305605531689e-04 3.362012014110528227e-04 3.371954781721680258e-04 3.312426740111955271e-04 3.358782110563739956e-04 3.451884365266534365e-04 3.568165811484395183e-04 3.413797599628507319e-04 3.180105346069754145e-04 3.158777321033691366e-04 3.265089682268409186e-04 3.345187838292232731e-04 3.435565325972748918e-04 3.598164526472698711e-04 3.537717765643343874e-04 3.365113756135557251e-04 3.343824508916015464e-04 3.402172077729861792e-04 3.363212991345390732e-04 3.353398930093571444e-04 3.453230212882213760e-04 3.489577770464398878e-04 3.378071027135273264e-04 3.297322326135585218e-04 3.427347939887308574e-04 3.388526292724408509e-04 3.211075461591612456e-04 3.214418151833771820e-04 3.236247245023324260e-04 3.314599361200426877e-04 3.484634905524053110e-04 3.462073614561262747e-04 3.355696015290635104e-04 3.385287441565007927e-04 3.416910578831620004e-04 3.311353057754757201e-04 3.329135352267802704e-04 3.286936534983756039e-04 2.508652053953749884e-04 1.410908325491746671e-04
2.169170277256806485e-04 2.680667690318753083e-04 3.024086069204010843e-04 2.982626641757488888e-04 3.032478855340844069e-04 3.436556007042660624e-04 3.631800930366760219e-04 3.400267732968633382e-04 3.218231809753631118e-04 3.291409768638996767e-04 3.465733437505463420e-04 3.559232828701573790e-04 3.519508745237569756e-04 3.466542434414786236e-04 3.373570301351695223e-04 3.236846560965469643e-04 3.147264711135587360e-04 3.169207944311799603e-04 3.210036165711621170e-04 3.295493692872304052e-04 3.428329413212845376e-04 3.347056491545232957e-04 3.112072209351620690e-04 3.020095140376377607e-04 3.087251503781126682e-04 3.240730047133999979e-04 3.385375086594183251e-04 3.446469326493069524e-04 3.405986620518868446e-04 3.385792646672398237e-04 3.414638338042546651e-04 3.495138156926067474e-04 3.545721684475645376e-04 3.464557131793726159e-04 3.423045164287089135e-04 3.478650655223419373e-04 3.519376485827565952e-04 3.436820974850163636e-04 3.258663236707267903e-04 3.182016934342913770e-04 3.293437958586748686e-04 3.419251892077221659e-04 3.410280651426041490e-04 3.431961687677643970e-04 3.414970065607656705e-04 3.243536396089506451e-04 3.076686734018109666e-04 3.186380921816703315e-04 3.410297957090042921e-04 3.395120855441774118e-04 3.247304924596571083e-04 3.230369321798867363e-04 3.367619354842786203e-04 3.373168125109540739e-04 3.207609447886085796e-04 3.096402868976431445e-04 3.113862050138596518e-04 3.255940970375525946e-04 3.325902213220536868e-04 3.343716433280950881e-04 3.378238835528878711e-04 3.486874173726457532e-04 3.499890055561722616e-04 3.447537995711293015e-04 3.450266539556972245e-04 3.443886570602239889e-04 3.462051298107308864e-04 3.276916758440606378e-04 3.074322388490570760e-04 3.164121748120625769e-04 3.415419567834792692e-04 3.504975582265368967e-04 3.465582937073941917e-04 3.524612759220555882e-04 3.469522384636394407e-04 3.351416746945247590e-04 3.393134399897801195e-04 3.498519281309364539e-04 3.437640154424670587e-04 3.280697455504452253e-04 3.264504740637276655e-04 3.360326353384311682e-04 3.313609697116501156e-04 3.211831137677799235e-04 3.244029725457701560e-04 3.243189357884957184e-04 3.186306679131635012e-04 3.215481961499327274e-04 3.280096881354768604e-04 3.406053540849651880e-04 3.521253120956250671e-04 3.449582603533264354e-04 3.376201951946305969e-04 3.475229491738268954e-04 3.527870638423672876e-04 3.437442300829019436e-04 3.410003090584648499e-04 3.268105745997849855e-04 2.549147388629204101e-04 1.586524170722853570e-04
2.251094766607354615e-04 2.712771118705166462e-04 3.136777151577589120e-04 3.238211011681407748e-04 3.284768684826608050e-04 3.480026303941941273e-04 3.515226868347245655e-04 3.279665611934278390e-04 3.166803952661069108e-04 3.214413389935446620e-04 3.325910521765597047e-04 3.420284105194573211e-04 3.363088947013956592e-04 3.284739557283620354e-04 3.319856088711136029e-04 3.322629722926726415e-04 3.220848739593939374e-04 3.160175084179813604e-04 3.166748834449847265e-04 3.286104785318756509e-04 3.388647257141855500e-04 3.270878442719299221e-04 3.117600891830500610e-04 3.109709419911257672e-04 3.162277654450982895e-04 3.269202227041033892e-04 3.386076204054453255e-04 3.470156455370483465e-04 3.499990030592735725e-04 3.475852816707846512e-04 3.387594284424639071e-04 3.384539732067120025e-04 3.409864393796275617e-04 3.334549664963219490e-04 3.294923807190813922e-04 3.421460081203588641e-04 3.599510444024760095e-04 3.522320462874198180e-04 3.266802156642541785e-04 3.188026773447890641e-04 3.316302428228188942e-04 3.420956447122020785e-04 3.325630669610942424e-04 3.310439082837830327e-04 3.439743587732320808e-04 3.420880346409937902e-04 3.316043723562078706e-04 3.363773223299198166e-04 3.440700019599999561e-04 3.378779548784956004e-04 3.251058340427972408e-04 3.308843434696790613e-04 3.515095557755351435e-04 3.511199630180583068e-04 3.311143362782602035e-04 3.202246829493589873e-04 3.160428361994527735e-04 3.159544584708993921e-04 3.216420058389507638e-04 3.260622255079199646e-04 3.292117963091700144e-04 3.368576935704360319e-04 3.347014803105965997e-04 3.373038793496835699e-04 3.493863515057268475e-04 3.449952967364654363e-04 3.314469909958800810e-04 3.166489173195091386e-04 3.113415982887758615e-04 3.262349499118728010e-04 3.527975637705843244e-04 3.570868144856534582e-04 3.402888920137117071e-04 3.381658294559343014e-04 3.407387670483031728e-04 3.363356148480536531e-04 3.388604700541999006e-04 3.476506221748548427e-04 3.483518003932002845e-04 3.338331407514778153e-04 3.198192838758882319e-04 3.205970386644107508e-04 3.146351493348890850e-04 3.057919637523331198e-04 3.045043509343055787e-04 3.111575740533952623e-04 3.247945306980659988e-04 3.311718091516501470e-04 3.306744460499413257e-04 3.381125010067003236e-04 3.436172639005377074e-04 3.353956086514490618e-04 3.293892299683552584e-04 3.337069700045522868e-04 3.341724829997885326e-04 3.332365042480483651e-04 3.333407556573824825e-04 3.148736316892874858e-04 2.508812556042240918e-04 1.633789137834677774e-04
2.283118371232738340e-04 2.776918031100830426e-04 3.226500809361138858e-04 3.358452203593616518e-04 3.441697339169560348e-04 3.546390078206751147e-04 3.515691667068823831e-04 3.272207072339410896e-04 3.095516557627539175e-04 3.075074140979897259e-04 3.230940604570144560e-04 3.390075219309355930e-04 3.353915223024791950e-04 3.276719933986646798e-04 3.309066856777316675e-04 3.303076306775354310e-04 3.211912599018722355e-04 3.207432111882248553e-04 3.335321289179610411e-04 3.486933849277789590e-04 3.441491959969204904e-04 3.277613973574161578e-04 3.247635400499270810e-04 3.314884146304168146e-04 3.265925037745996250e-04 3.205540832635497763e-04 3.261349204275382284e-04 3.411636833164620746e-04 3.512411288150785790e-04 3.497379308964789629e-04 3.368883116761889579e-04 3.294664739929103981e-04 3.288270485423777601e-04 3.208963469412235651e-04 3.147875118282359016e-04 3.255479528051620584e-04 3.502765102919024346e-04 3.549152177171932586e-04 3.354788972842607294e-04 3.241351585326313848e-04 3.292338702243184515e-04 3.325122971012394206e-04 3.205331911252163094e-04 3.109741181603995906e-04 3.249023225338319590e-04 3.432189131594037845e-04 3.470624283429834026e-04 3.491821132152798891e-04 3.506706778474022066e-04 3.395793345647111225e-04 3.241012945216898387e-04 3.340711027259428987e-04 3.541530119587469900e-04 3.483337520590543417e-04 3.393293596938112789e-04 3.449645718799844072e-04 3.383573144283359745e-04 3.259185740500245487e-04 3.257372897667868881e-04 3.276945420114345513e-04 3.312604393718084636e-04 3.378439820830216739e-04 3.317644294966335880e-04 3.306692247518237208e-04 3.431023075992204775e-04 3.393273120362204289e-04 3.235738785928273572e-04 3.188467398286223180e-04 3.272434906579870699e-04 3.348519465193349116e-04 3.489233360367738801e-04 3.519553313244073501e-04 3.370210239415243926e-04 3.327777504656245691e-04 3.345508410697463743e-04 3.248488371128206622e-04 3.192394764423831291e-04 3.276628608550921206e-04 3.383179460613729931e-04 3.364475497653131612e-04 3.235563314870669796e-04 3.178795121590381853e-04 3.115073444751255459e-04 3.021291232806689784e-04 3.031250416383301084e-04 3.193130783200087870e-04 3.417041694298441441e-04 3.436178422540728554e-04 3.293960557515780252e-04 3.346987430406133312e-04 3.463715340933390483e-04 3.388287869010539769e-04 3.258161678953793881e-04 3.132537404709525024e-04 3.088391125722547291e-04 3.174257242217887447e-04 3.220228073314853972e-04 2.996876236240120011e-04 2.356019122425058150e-04 1.520714938419637295e-04
2.255894449814553539e-04 2.775731409679044301e-04 3.243892254976813057e-04 3.339840706415988592e-04 3.351816019099544295e-04 3.489007599363917788e-04 3.605760671490848340e-04 3.435333871989969647e-04 3.164170357894378633e-04 3.052053618514776715e-04 3.233640102406640324e-04 3.459522962083821603e-04 3.533328949883177616e-04 3.499453041265176414e-04 3.430325985397556865e-04 3.319665026373438553e-04 3.201158841554938754e-04 3.185143335751981645e-04 3.299059194059203405e-04 3.455763185885135343e-04 3.472552852087535140e-04 3.397905264077822978e-04 3.394981741183741592e-04 3.470483499484763130e-04 3.343927073376242159e-04 3.160260011629840559e-04 3.174937326223970652e-04 3.334076913316953695e-04 3.406438466839039345e-04 3.402956990914195266e-04 3.362143202552250526e-04 3.313345211668397420e-04 3.307384806880799065e-04 3.226101626401547376e-04 3.140243597514488869e-04 3.182071049803370704e-04 3.406749869274039617e-04 3.512376442403056459e-04 3.352969551753655700e-04 3.161499987024978149e-04 3.142901410332945276e-04 3.239070015346843948e-04 3.217501062393879341e-04 3.047901157688357484e-04 3.084532903988227012e-04 3.362272139443271300e-04 3.495283128487323716e-04 3.439158443520710928e-04 3.395621786045624675e-04 3.316519105440914874e-04 3.216710971238205324e-04 3.319300641629422408e-04 3.418808590000800779e-04 3.321875372862983069e-04 3.427219798793925657e-04 3.665238583878659422e-04 3.620603462901031324e-04 3.436564609080558800e-04 3.293431430583645871e-04 3.315715935539462417e-04 3.452258073576316521e-04 3.560517128701866244e-04 3.511923294489571095e-04 3.393541885129481347e-04 3.377855810477194392e-04 3.325604774032035315e-04 3.240178451931908371e-04 3.268031732523786113e-04 3.395480108241583648e-04 3.427500663065797030e-04 3.480517038834650152e-04 3.501296747227054633e-04 3.369758661263250578e-04 3.332537940468321275e-04 3.341637090885201658e-04 3.190203173313313966e-04 3.093722502227070617e-04 3.170376287491610736e-04 3.291115299856493749e-04 3.357540176556559740e-04 3.362064068811196978e-04 3.359608647721035917e-04 3.300916595471206074e-04 3.138142663251507767e-04 3.134110724598735353e-04 3.352804607969085259e-04 3.559401902581418799e-04 3.511012186650005334e-04 3.291001836777573877e-04 3.334269994702583487e-04 3.520711457604763046e-04 3.482363907770389061e-04 3.316470135119614789e-04 3.068790075466151074e-04 2.992527501929244512e-04 3.140302167922761614e-04 3.178364814805345303e-04 2.893941480660600649e-04 2.257278116419269827e-04 1.500697150051792661e-04
2.227213287696658403e-04 2.776768079878274989e-04 3.277420188570727031e-04 3.340977593825392145e-04 3.229220809292936579e-04 3.373545905253524631e-04 3.697013465392969900e-04 3.706721907659316475e-04 3.437914007004895826e-04 3.264782116823672191e-04 3.339666079160219319e-04 3.446767124638149189e-04 3.521128697333986016e-04 3.534645278978415994e-04 3.485068334887314839e-04 3.417343276358126907e-04 3.290099635857450565e-04 3.172075799048136363e-04 3.154472230446543103e-04 3.253032952657062388e-04 3.372068661076171002e-04 3.456973645774601882e-04 3.453739238009720272e-04 3.443552815758864870e-04 3.292700699571270563e-04 3.166363802219672148e-04 3.287822310009734603e-04 3.448756446378257795e-04 3.370366315346320744e-04 3.249400504306924073e-04 3.277850988078152080e-04 3.373459970744940037e-04 3.415429092938409238e-04 3.336807455262007682e-04 3.270139815562570851e-04 3.280682565399557727e-04 3.385588380365438937e-04 3.419859377615638765e-04 3.300610141427641996e-04 3.136791672065362990e-04 3.161419793134936148e-04 3.381844765579751022e-04 3.413910866276109800e-04 3.172854999999882939e-04 3.148187073707094455e-04 3.422763575519228844e-04 3.548370775013253895e-04 3.433116555144401531e-04 3.356206301493497085e-04 3.294497646705523515e-04 3.215496401097990087e-04 3.275675348314652105e-04 3.298619644513016229e-04 3.226182322908806429e-04 3.434230814644306145e-04 3.742902204315055100e-04 3.740922298732564117e-04 3.498884450419477606e-04 3.213161031572369687e-04 3.262232881854991700e-04 3.469806541620839733e-04 3.571604026956401554e-04 3.542542592322455060e-04 3.439336356120058333e-04 3.395479558146340853e-04 3.351682645075654277e-04 3.315724838962723657e-04 3.312895167374888634e-04 3.392536972039412535e-04 3.496627938952764914e-04 3.552100806990081405e-04 3.515428148516732678e-04 3.361584041873246984e-04 3.302286192036586266e-04 3.322698631159112076e-04 3.287561157905980651e-04 3.274001556795218346e-04 3.307524594772625736e-04 3.343876216599110576e-04 3.349087171540189221e-04 3.407452537527668368e-04 3.480737988815467573e-04 3.456554499341448427e-04 3.283901748990710476e-04 3.276624590432025870e-04 3.436090387912030340e-04 3.532363069731655732e-04 3.479643848980238036e-04 3.266983053446294045e-04 3.224191186133899475e-04 3.400992381329231680e-04 3.508564852431578056e-04 3.487998332647317427e-04 3.315239714091378249e-04 3.257696537481708909e-04 3.352492566411613677e-04 3.320482372101946186e-04 2.994016457644559353e-04 2.294264296690533430e-04 1.498152779706542269e-04
2.198192042065889797e-04 2.799385554970145189e-04 3.341770688673925379e-04 3.410150586067427366e-04 3.191349919242314438e-04 3.188189792656150046e-04 3.551436466089867702e-04 3.753338347014027157e-04 3.589894595550295435e-04 3.468334521259313166e-04 3.479940735517480415e-04 3.387868600087785929e-04 3.263585133849835674e-04 3.259666103133405718e-04 3.355386601552732997e-04 3.447323204550306131e-04 3.348355815383950371e-04 3.199406850015333093e-04 3.157388590267360068e-04 3.175399645735606019e-04 3.256466306683306207e-04 3.413486900468224697e-04 3.457683262648853211e-04 3.380169956990139728e-04 3.283929912049053136e-04 3.361900844604180346e-04 3.620682655655625454e-04 3.704701614557006652e-04 3.425299205532645296e-04 3.177347181992200569e-04 3.237606942789379195e-04 3.415011593148203645e-04 3.475841698294786708e-04 3.399958536477730746e-04 3.353542322805170336e-04 3.374305802774700633e-04 3.374685042471207855e-04 3.322204282114831321e-04 3.280744702596414793e-04 3.266524013967344025e-04 3.380003553162984949e-04 3.585588857434018873e-04 3.533064034359695901e-04 3.239581909638285218e-04 3.171454520538588779e-04 3.370249364730742753e-04 3.544505800869378722e-04 3.561444469011360221e-04 3.533059977775524678e-04 3.408940909770817769e-04 3.233829391149049695e-04 3.210950011904741257e-04 3.245430387615127706e-04 3.232453091832094162e-04 3.381788323283859690e-04 3.671279616076800634e-04 3.725594747600178744e-04 3.453440005588027115e-04 3.148611536656354933e-04 3.209992046957512151e-04 3.393811776720128803e-04 3.371156431181828676e-04 3.301565456746162388e-04 3.294344575021043199e-04 3.330584689677908248e-04 3.411371684910309522e-04 3.489855989386274880e-04 3.396456463832895224e-04 3.324124756045129412e-04 3.420644172406714259e-04 3.484083415442014789e-04 3.442923709431195941e-04 3.300476835936665696e-04 3.168173669004540824e-04 3.168749044225713154e-04 3.288294462025843131e-04 3.424963287494031021e-04 3.429481666915826124e-04 3.357458722521225588e-04 3.261010292893180146e-04 3.310379904031621602e-04 3.432376102756498192e-04 3.459224134151106024e-04 3.373046346682909797e-04 3.436572007601406418e-04 3.499373084182000305e-04 3.495070183096199738e-04 3.513709982812024315e-04 3.341068906033284195e-04 3.158673520785102297e-04 3.241057058193418713e-04 3.428977370085540058e-04 3.537383731064989642e-04 3.515874708401174305e-04 3.534779672531705068e-04 3.596741648652687206e-04 3.538950026994302101e-04 3.174526070198193067e-04 2.365024041267471829e-04 1.449365288388390898e-04
2.152784156624084179e-04 2.759315409484415157e-04 3.262612797560722022e-04 3.376022901866790457e-04 3.229913877020031089e-04 3.110550023714572202e-04 3.310870986100036091e-04 3.604355095550334630e-04 3.580521427473483181e-04 3.477510294090117773e-04 3.435134533142186709e-04 3.311277346028764293e-04 3.124949775446973907e-04 3.096594338165332039e-04 3.246908069951351958e-04 3.406690228884793475e-04 3.313556375101961373e-04 3.184247735654756589e-04 3.231949624237318106e-04 3.274045772075565974e-04 3.331584126300361076e-04 3.435706920799851908e-04 3.428905890468425446e-04 3.293405663917910132e-04 3.285226930270367281e-04 3.526305244723112195e-04 3.786532248337971503e-04 3.788215144356728769e-04 3.489337970866159509e-04 3.248682651223132843e-04 3.294225627405462237e-04 3.397968027960363100e-04 3.375328917586094268e-04 3.300469442629599417e-04 3.292101440524675734e-04 3.380732744283304701e-04 3.394173256675414433e-04 3.329711698316373540e-04 3.318406490734760318e-04 3.362236357488066494e-04 3.527806626220969695e-04 3.614746851999581624e-04 3.398665189714068389e-04 3.143718684451337611e-04 3.102454449504897104e-04 3.225784719734913907e-04 3.427435889110410348e-04 3.555716444945229097e-04 3.571185793404293269e-04 3.406676497807213178e-04 3.196138088460274322e-04 3.142273230618476037e-04 3.188958337921638138e-04 3.163360771268820988e-04 3.153450465091267065e-04 3.363737413211256876e-04 3.432699745991161415e-04 3.230092787016285313e-04 3.078794537820899726e-04 3.191949658895115683e-04 3.347032200405155905e-04 3.222056708344186093e-04 3.106104222066026965e-04 3.140200952755417205e-04 3.236175002412080507e-04 3.461246894776593276e-04 3.674333008430784395e-04 3.562217897467464503e-04 3.292059123762720841e-04 3.221074360538679518e-04 3.290289538741582439e-04 3.321169484121232261e-04 3.217185408973800799e-04 3.069118457873417369e-04 3.068658159061524518e-04 3.232519131494400542e-04 3.448324103919464404e-04 3.410260184629130805e-04 3.261086862854126970e-04 3.192499906533670839e-04 3.263874119255403129e-04 3.382911631911634945e-04 3.435198734602132580e-04 3.438451259811832342e-04 3.490686167700823394e-04 3.416103949990356541e-04 3.371577946324353032e-04 3.462233597602440514e-04 3.379194340656898601e-04 3.225591333823257865e-04 3.261861089425805533e-04 3.379388705855196655e-04 3.464259493890399630e-04 3.477822636934408199e-04 3.480433219278860160e-04 3.542040226177665995e-04 3.564280262413389052e-04 3.218195225348579290e-04 2.379205905988614005e-04 1.422462198325472461e-04
2.077720405255774978e-04 2.721711223975378314e-04 3.159380416309716562e-04 3.316625521132556507e-04 3.334426366049918493e-04 3.210256702117625632e-04 3.161034968276814588e-04 3.342241470564456243e-04 3.400389822267720573e-04 3.320624289750265549e-04 3.272685251832905444e-04 3.279478730541467006e-04 3.261071977283781179e-04 3.237019545185726042e-04 3.265210929163914048e-04 3.303624357849208504e-04 3.196227345502901515e-04 3.121187790465466830e-04 3.261339498966716721e-04 3.383968535056488917e-04 3.426849786097533462e-04 3.412717248922065151e-04 3.333351920007127794e-04 3.245806341068681279e-04 3.286389770810212553e-04 3.444148727084570677e-04 3.594287429588082601e-04 3.666258782001870307e-04 3.551991233676310509e-04 3.393585444639386686e-04 3.381299953869386192e-04 3.377343152790724507e-04 3.270329813839599866e-04 3.196004546602445825e-04 3.202655407267979430e-04 3.334941866695714449e-04 3.397773924265876273e-04 3.357730262282939901e-04 3.317730628633335128e-04 3.334471421017803829e-04 3.568315480094875602e-04 3.632560426095843243e-04 3.319947629823447369e-04 3.068230765497592747e-04 3.047096127777529232e-04 3.190609960924971388e-04 3.441899052253369166e-04 3.603242884487376342e-04 3.611363465330171994e-04 3.434221438965913312e-04 3.248526142499022842e-04 3.194884456976269591e-04 3.179135396935621558e-04 3.082372747488850979e-04 2.971873892913430570e-04 3.100787978186005534e-04 3.200324409543714205e-04 3.177823653066255130e-04 3.236350050550757841e-04 3.380594256256996529e-04 3.419176255279971974e-04 3.236476677147515860e-04 3.135665966381125992e-04 3.175740344080055168e-04 3.243764869359310019e-04 3.388762247051892423e-04 3.531194365518476683e-04 3.463976111558598851e-04 3.202905263939712565e-04 3.110275045921162616e-04 3.251619972458130812e-04 3.344560676087482550e-04 3.268694214848363215e-04 3.195628295198238303e-04 3.218711179585198459e-04 3.268793064294433148e-04 3.421597116081595254e-04 3.405318168082321992e-04 3.284242513329615619e-04 3.249052051506352021e-04 3.286273932153385008e-04 3.417276187803538904e-04 3.497028606286625404e-04 3.450973118673137047e-04 3.336373884973581078e-04 3.191213577773906228e-04 3.179011243637821756e-04 3.300568258815931612e-04 3.375310472226198213e-04 3.426294112703701924e-04 3.475347402792254353e-04 3.428352469888813802e-04 3.325128344451237609e-04 3.284993358510129077e-04 3.329878290998314620e-04 3.388488262294485657e-04 3.410305966769810234e-04 3.071250700594302602e-04 2.268046232476080828e-04 1.381817401382797361e-04
2.079086737712079096e-04 2.814791307605854715e-04 3.248861748576481424e-04 3.413351018954405552e-04 3.461845772072498018e-04 3.316163877814434216e-04 3.104859898700241573e-04 3.121231498805027366e-04 3.231394424305051661e-04 3.303402390800681734e-04 3.354383596933378005e-04 3.446486142645008343e-04 3.529279092752019573e-04 3.483135564935414038e-04 3.392002984996267140e-04 3.335878001424333111e-04 3.244748905477461663e-04 3.158921653406107405e-04 3.229947119020662189e-04 3.352863353376821709e-04 3.437810796289790093e-04 3.390099263659170602e-04 3.274765956622696650e-04 3.277441000651480467e-04 3.336822142688814137e-04 3.342947267182614225e-04 3.363061777426916334e-04 3.433715787188313501e-04 3.433727772474322055e-04 3.432656063154240159e-04 3.461224827783737331e-04 3.455547064461601207e-04 3.349648394804187598e-04 3.241645976866258270e-04 3.224217251347132702e-04 3.333800081173836469e-04 3.392587233815069813e-04 3.390598728079123776e-04 3.337028835722130192e-04 3.263180088827540449e-04 3.414822998366762608e-04 3.495875885234298584e-04 3.260776897583785353e-04 3.012984307379876236e-04 3.001740458643200487e-04 3.188536018372456395e-04 3.481454260727068553e-04 3.681189286112309484e-04 3.706321047866165293e-04 3.561414686523771368e-04 3.453898283755568255e-04 3.454499298356219703e-04 3.385781446662046034e-04 3.233649958506391235e-04 3.124816589921201827e-04 3.221574206324721032e-04 3.331006598815950781e-04 3.346086250975459017e-04 3.449658009801299073e-04 3.595789404089990370e-04 3.521312404851952276e-04 3.320888393925796093e-04 3.254355209583339840e-04 3.290740416036559051e-04 3.307301713214032442e-04 3.309707391664628304e-04 3.356155380838374606e-04 3.345157960050402753e-04 3.216093819917783137e-04 3.232887336581806740e-04 3.390370854191379494e-04 3.468211969614407877e-04 3.425705342175383106e-04 3.408434389653208687e-04 3.415283680457691139e-04 3.328596207034153348e-04 3.358036664579149748e-04 3.384558401540239177e-04 3.364951411089163501e-04 3.350849640164911786e-04 3.332550127504647127e-04 3.464016086712439196e-04 3.513711022986852638e-04 3.364961581959364243e-04 3.179517178916925089e-04 3.164889507021170973e-04 3.286146413890362510e-04 3.348977281318367416e-04 3.399530834684358739e-04 3.523186139566047504e-04 3.557776454168128143e-04 3.399417810322275706e-04 3.165296561200012845e-04 3.123905007319142208e-04 3.281675690998045848e-04 3.371882969994948061e-04 3.354661663306019370e-04 3.061487825607068928e-04 2.341769963210799750e-04 1.513393692666497648e-04
2.080822246376321221e-04 2.891114769771731350e-04 3.359305427489006363e-04 3.479077262277775143e-04 3.467689535915678082e-04 3.351880749587398344e-04 3.194867239758347505e-04 3.164800660095288490e-04 3.284794177070051715e-04 3.466730886633745271e-04 3.566251654855460106e-04 3.584249748696318339e-04 3.594733283642823985e-04 3.491647539566071143e-04 3.426603640069766899e-04 3.538773625434057241e-04 3.578017527632337304e-04 3.443716060146489446e-04 3.346119122574393065e-04 3.326910459941949741e-04 3.387360979694844848e-04 3.389394091085033288e-04 3.308700504985129590e-04 3.343812328262736914e-04 3.391959500272077616e-04 3.345108429656860720e-04 3.288604725945835222e-04 3.226286176996685838e-04 3.213497214710271969e-04 3.413253518601516538e-04 3.552700336296903193e-04 3.571201200479436413e-04 3.504042993874804252e-04 3.341319440427842563e-04 3.251405612612928882e-04 3.273357445811320436e-04 3.340666822348119886e-04 3.477336150369287476e-04 3.475546567659065517e-04 3.267396648040829217e-04 3.203398126864490580e-04 3.277819068494617055e-04 3.246521919553577314e-04 3.087859783368310414e-04 3.054835728803960643e-04 3.150307118045523637e-04 3.339689921422146551e-04 3.515763491596042610e-04 3.552229225193923468e-04 3.485173467841698046e-04 3.481253309956061593e-04 3.582047292166464186e-04 3.596963350419268802e-04 3.494543477127269029e-04 3.410306041703144511e-04 3.461756593467740090e-04 3.499145786775264134e-04 3.402120506005579790e-04 3.362880766944129898e-04 3.470358877316822048e-04 3.449820375838863864e-04 3.362374353397546691e-04 3.344034723585939065e-04 3.374017299475038940e-04 3.353870462363970142e-04 3.273690339341089840e-04 3.331986083325541885e-04 3.343267568106266701e-04 3.249512921496352938e-04 3.333891739919999687e-04 3.467220176664443081e-04 3.499198901756803148e-04 3.457035171204105592e-04 3.407951153844182395e-04 3.352483740492178278e-04 3.236404696868051671e-04 3.230022380297198174e-04 3.299217566533121102e-04 3.379423057341021360e-04 3.387856401088469257e-04 3.323585130482527988e-04 3.403104911930131564e-04 3.446462351216435021e-04 3.315617083932426851e-04 3.151307326857675801e-04 3.215467119485286964e-04 3.388214308063371106e-04 3.376882112928657415e-04 3.340459684850466534e-04 3.452121958478438163e-04 3.456983829875583027e-04 3.296594079206091252e-04 3.121312943182030526e-04 3.129110248879146184e-04 3.294708382897928891e-04 3.401101458654767285e-04 3.398275914890222147e-04 3.195377659280511807e-04 2.568659841261221755e-04 1.753522047013838115e-04
2.007967471405106940e-04 2.808020542647610596e-04 3.325483756509041563e-04 3.486271492871929672e-04 3.477921932912906677e-04 3.395354054460640049e-04 3.313556655058447968e-04 3.309434964853277773e-04 3.388149003490673267e-04 3.447333836923724242e-04 3.484022421374902232e-04 3.467373362316830774e-04 3.412691941529190582e-04 3.302123173509030184e-04 3.305307934014315710e-04 3.553279947140909438e-04 3.693176876261309227e-04 3.584563199864827842e-04 3.441639558488228130e-04 3.320116637485427853e-04 3.288680261339290692e-04 3.334509976944638834e-04 3.382304362126209484e-04 3.454774231411734259e-04 3.494960202052353011e-04 3.478842643642086029e-04 3.422444642061594176e-04 3.270242576698405203e-04 3.168766032598525602e-04 3.371738261617343124e-04 3.538226274086011484e-04 3.566245428715254491e-04 3.510562048149605454e-04 3.317680356219015049e-04 3.159182441364818028e-04 3.183685840440345690e-04 3.340348982906255122e-04 3.571071538691085977e-04 3.580372145694174241e-04 3.325731737122665380e-04 3.203398881391144410e-04 3.320995608294981640e-04 3.392621506308907413e-04 3.286289281123759326e-04 3.211132263839742160e-04 3.193542748821090373e-04 3.257761800094435009e-04 3.322516742106631431e-04 3.262225177666184606e-04 3.209954300700861777e-04 3.270763950353065331e-04 3.459633236258182767e-04 3.601713753339184096e-04 3.562709339735686256e-04 3.486317867047570196e-04 3.499284483030211173e-04 3.459014074781285170e-04 3.324653085778996649e-04 3.213741108914937175e-04 3.271624048655475368e-04 3.348495645876482991e-04 3.382714874546072920e-04 3.382613670260175079e-04 3.415608357337311099e-04 3.430469624355305855e-04 3.364883636528982888e-04 3.424099653440307940e-04 3.333689521831970461e-04 3.149610866492191536e-04 3.238660448152626313e-04 3.398116538544734160e-04 3.443460967067908359e-04 3.401573976626849562e-04 3.351195126692569151e-04 3.322510192127358817e-04 3.237931613844403792e-04 3.193850723764844095e-04 3.212396830102515655e-04 3.296842032764928706e-04 3.369632184439776612e-04 3.346635609944290969e-04 3.360377706149919250e-04 3.399954586240572967e-04 3.376112170523984379e-04 3.231343941140616847e-04 3.164204642244174614e-04 3.246649776422938418e-04 3.302954940972347331e-04 3.368007477994472030e-04 3.479648278325312349e-04 3.421985315256423940e-04 3.268914120092593356e-04 3.186518733365436900e-04 3.288204485163958571e-04 3.395847085613182682e-04 3.397312605676650098e-04 3.360138306535765448e-04 3.157103215275499980e-04 2.536899016166005287e-04 1.744662011783583346e-04
1.853110618744471501e-04 2.631392804910071730e-04 3.243235137246231218e-04 3.508045659203738471e-04 3.529022893045236867e-04 3.446360475719250759e-04 3.335525389168684141e-04 3.319121751192186760e-04 3.384776845243161417e-04 3.302579816052138664e-04 3.230551481520884055e-04 3.185416078815101956e-04 3.143523454991261094e-04 3.157023005091070806e-04 3.215548948553847161e-04 3.385504239833983737e-04 3.478205577772523240e-04 3.420424493849070287e-04 3.344941468703034756e-04 3.272477640626318685e-04 3.221652358007807190e-04 3.263282117997055648e-04 3.331429407715710269e-04 3.348432568852312188e-04 3.377719541965551594e-04 3.471801412662582327e-04 3.491128211787011566e-04 3.342212509389507684e-04 3.166083930450428168e-04 3.243343738654097834e-04 3.443628794731728028e-04 3.575094396342329848e-04 3.528986686033553873e-04 3.318244397771566261e-04 3.103328480059692877e-04 3.144028062138035920e-04 3.324188373108512024e-04 3.563673637347800462e-04 3.594187899155421766e-04 3.346406345509536466e-04 3.269060116045376064e-04 3.451990219203763480e-04 3.496370041205572755e-04 3.423186068774605956e-04 3.432374410450741401e-04 3.377137008189854284e-04 3.309001160203677038e-04 3.255435462825208162e-04 3.103419659373136442e-04 3.102314909306293786e-04 3.272998907664958004e-04 3.461446576717655695e-04 3.529629626983694403e-04 3.457565129136337808e-04 3.390118175471238142e-04 3.375085687656640505e-04 3.303925984880476310e-04 3.200364380753931235e-04 3.178276186711107790e-04 3.280566166979238113e-04 3.414467065255552612e-04 3.499045464299576540e-04 3.445445852311325571e-04 3.378319905318858144e-04 3.380083499308097995e-04 3.408953706129783708e-04 3.509418346237915334e-04 3.353162303458691687e-04 3.130890599940121559e-04 3.211158484939014598e-04 3.339677757333231814e-04 3.354160178080229076e-04 3.325804958861949172e-04 3.369493048388499251e-04 3.440247113704582652e-04 3.367778982701151013e-04 3.258169859898667241e-04 3.182648673176629076e-04 3.217710810940867337e-04 3.395955929263210415e-04 3.473130829477981798e-04 3.408393768020904048e-04 3.371235025576965662e-04 3.412843471851549951e-04 3.311108124776822662e-04 3.146444846870472163e-04 3.191701849859248210e-04 3.332279860294400228e-04 3.471880096637125490e-04 3.483065453736607238e-04 3.359626469813394673e-04 3.250198026964905068e-04 3.230262220572894605e-04 3.455461801794300391e-04 3.557589547514225796e-04 3.418465021156317672e-04 3.274385013841866554e-04 3.005489456497972747e-04 2.393299261908740888e-04 1.667269594078658586e-04
1.785134578351738966e-04 2.486563230723640400e-04 3.093212744925028261e-04 3.380471379643092047e-04 3.428384931194293907e-04 3.356799042128975593e-04 3.287261514581400800e-04 3.337869768278884665e-04 3.433636111039129282e-04 3.365093696413505413e-04 3.209946985258306127e-04 3.075440894405842606e-04 3.104473334272203405e-04 3.266313997292055434e-04 3.349476137701168062e-04 3.386181254363032200e-04 3.364122718392853657e-04 3.302002860824307514e-04 3.246904359531329514e-04 3.183964260502748994e-04 3.142784830316501347e-04 3.181982370821539357e-04 3.194476839333048939e-04 3.113676031557957645e-04 3.116526590103352789e-04 3.308705116216596243e-04 3.397299161085027370e-04 3.300252914793468020e-04 3.115712661697631124e-04 3.106968837521089906e-04 3.312877608696916752e-04 3.536848382641886914e-04 3.618559682152514738e-04 3.488812231774616416e-04 3.210937816046240643e-04 3.099846950518072523e-04 3.150558496370676359e-04 3.396803897433415230e-04 3.580475425613974033e-04 3.411676297740779068e-04 3.329081195398952671e-04 3.496050895930688149e-04 3.498374353086483720e-04 3.472052646447897593e-04 3.581529933236799108e-04 3.528029787047107409e-04 3.381495466248610887e-04 3.280933243389222605e-04 3.167207190560055916e-04 3.234729215864077688e-04 3.428623173153649405e-04 3.518694837011244981e-04 3.440847499034064422e-04 3.392063367823034250e-04 3.400490185170680158e-04 3.328645811911662010e-04 3.210098872315514948e-04 3.179766822985476095e-04 3.303528268548838894e-04 3.452800400269442709e-04 3.524261493498792282e-04 3.556816960166502917e-04 3.442306884921742991e-04 3.269539507305288615e-04 3.197622509114521165e-04 3.260770911401523120e-04 3.423518679367828447e-04 3.329576527499854017e-04 3.187643242710318193e-04 3.272467373334680485e-04 3.308391165244280001e-04 3.255499511265298133e-04 3.262295221077176114e-04 3.429830972223206270e-04 3.532466501662366977e-04 3.427244756596971027e-04 3.343961080783349523e-04 3.270476484780709524e-04 3.288720068165169874e-04 3.507798324728201808e-04 3.554020950096190381e-04 3.375283294949838939e-04 3.323292197126490304e-04 3.428168135334083017e-04 3.393982435628056446e-04 3.214928132055514453e-04 3.218385110496348655e-04 3.351922893444097586e-04 3.453665056415177511e-04 3.345504730499892360e-04 3.198604965817688052e-04 3.142776870068916557e-04 3.190941590650608374e-04 3.515950203443341925e-04 3.664658185012051360e-04 3.494302311984871876e-04 3.297996853239481218e-04 3.010332278841534718e-04 2.447467340743141430e-04 1.794187327041520531e-04
1.981253683441858322e-04 2.554573646142055854e-04 3.049090982274124412e-04 3.250116569904232689e-04 3.328465419929907756e-04 3.301451643966409446e-04 3.323617332225905921e-04 3.487492224792350447e-04 3.547087973498400364e-04 3.473808636174214974e-04 3.313023790994577790e-04 3.162204634214936484e-04 3.219102498912647576e-04 3.390167947410892713e-04 3.492947336360888297e-04 3.516940334858954776e-04 3.436319835536792060e-04 3.333474880096483220e-04 3.266204457891609160e-04 3.161636277088901307e-04 3.102164414763593616e-04 3.162362935905586696e-04 3.196503719563805086e-04 3.109193344580992325e-04 3.107303746362036255e-04 3.319642480114409419e-04 3.393190102536245908e-04 3.310563433934556347e-04 3.170300968660499496e-04 3.115974384696999929e-04 3.151686110554100494e-04 3.268554613543252132e-04 3.522664565876352724e-04 3.624130933415277184e-04 3.373609638871770877e-04 3.089080128163701347e-04 2.998389729598152252e-04 3.177157884016273926e-04 3.410087352239303603e-04 3.373775790367528776e-04 3.351042394765893517e-04 3.476080038330575249e-04 3.436703020096092912e-04 3.422936349695291291e-04 3.530975395857564717e-04 3.485458762172893897e-04 3.354339071732883649e-04 3.293636898598759815e-04 3.326476747478383203e-04 3.374567623935832987e-04 3.393577104333025561e-04 3.417178514560809967e-04 3.369921257538688948e-04 3.376562937517257239e-04 3.441367016231997381e-04 3.378882916956917992e-04 3.250566912048669967e-04 3.254901327254873414e-04 3.359518387545459839e-04 3.432617708531476765e-04 3.445355046749693298e-04 3.496445178824900135e-04 3.420430666399131969e-04 3.210709062236686033e-04 3.101755861895499075e-04 3.151527219834890196e-04 3.350769208038251309e-04 3.404250913923435569e-04 3.378678215285309087e-04 3.423911636900721259e-04 3.354689116199933681e-04 3.236389941502852132e-04 3.261777605803624488e-04 3.488875308778630275e-04 3.556117232909940815e-04 3.399550168970028605e-04 3.363053080110022961e-04 3.357080740182216650e-04 3.376297632100131352e-04 3.509219819732389118e-04 3.442752865321211699e-04 3.238449166876010421e-04 3.316200109138183784e-04 3.535640726820478310e-04 3.547869934046216393e-04 3.320533841826476228e-04 3.189971330975762635e-04 3.301788349603473720e-04 3.431988209796048989e-04 3.430944226786498442e-04 3.353004403542361668e-04 3.240169903422349725e-04 3.248411509321909828e-04 3.488262960373703417e-04 3.569459813665234234e-04 3.448334396307309183e-04 3.356406167355251765e-04 3.118778602546382040e-04 2.528161030784412903e-04 1.845482656327360313e-04
2.204999845604894016e-04 2.755588087743882477e-04 3.188552974080671905e-04 3.282651227492729877e-04 3.338207007638596723e-04 3.337397891601670075e-04 3.381394992574751472e-04 3.577782322325416845e-04 3.605848663063332578e-04 3.484327328025151483e-04 3.343174749025850214e-04 3.230815899663974774e-04 3.275650689360851782e-04 3.372150825624236703e-04 3.455414270178923906e-04 3.522024852711889281e-04 3.462045050408063974e-04 3.343263040762901048e-04 3.302943181238448319e-04 3.302775063881205862e-04 3.365183879659106514e-04 3.438732232317364464e-04 3.389315961932706399e-04 3.269144317389476874e-04 3.257633547037503308e-04 3.402028979573181551e-04 3.416114932334192965e-04 3.358230051846536638e-04 3.281581708789978527e-04 3.196024072334363109e-04 3.100697917340585787e-04 3.085660699871330863e-04 3.332749986019279765e-04 3.520438639655304285e-04 3.363084700398265119e-04 3.138915604833075051e-04 3.084267010244776076e-04 3.160758550294523765e-04 3.250075026854191019e-04 3.240193771838514696e-04 3.243886199105454208e-04 3.280107970643966341e-04 3.231399339635812346e-04 3.239174900983099806e-04 3.276703105683260054e-04 3.245924110367780311e-04 3.263246037664528643e-04 3.348599847031603341e-04 3.424307437796168482e-04 3.332071527242805656e-04 3.219638788320685133e-04 3.286542624617676527e-04 3.317857764800408778e-04 3.284291883914906493e-04 3.306729271698183054e-04 3.350061586408447072e-04 3.348783391094821817e-04 3.299875077780778420e-04 3.248327823565005435e-04 3.257183061290687236e-04 3.309467290078548819e-04 3.488796565825190042e-04 3.521291809383680915e-04 3.277743792443060670e-04 3.163417369364619801e-04 3.223327827620254887e-04 3.387534739912319119e-04 3.529284171029790202e-04 3.537915341833063141e-04 3.478578562498888362e-04 3.350284404701572199e-04 3.218413598801705966e-04 3.240010937600727075e-04 3.433528776729227305e-04 3.505786731194650502e-04 3.402747146293255524e-04 3.406838961057969241e-04 3.496069116429241551e-04 3.503774131572391301e-04 3.415363142947300842e-04 3.230386832678136316e-04 3.152465321434233308e-04 3.332450623239258309e-04 3.532420962744564283e-04 3.497954729970904637e-04 3.267367399001379000e-04 3.132347989429754877e-04 3.274847371549277132e-04 3.465136663557974797e-04 3.598450495580959841e-04 3.582021862379551353e-04 3.388442909641000735e-04 3.277388813441999850e-04 3.327927645748384399e-04 3.282990304894857687e-04 3.240287524988812087e-04 3.338874193773786869e-04 3.175917300303177614e-04 2.483874471906953141e-04 1.689982590975635645e-04
2.261489877528921914e-04 2.797985862134045806e-04 3.201394015702245478e-04 3.293300688216334706e-04 3.332951793666661592e-04 3.275165219743934224e-04 3.297862216561185797e-04 3.492287327234333983e-04 3.520154559235565139e-04 3.379741771928152167e-04 3.289559978294634489e-04 3.274292651344324874e-04 3.389747656702695074e-04 3.454363810846428637e-04 3.431381378896800277e-04 3.433849962383643366e-04 3.354437884121095172e-04 3.244517621521002346e-04 3.274561130052580952e-04 3.386563026370070393e-04 3.560173291631939653e-04 3.611003990150579148e-04 3.466094510142440736e-04 3.369315725937525267e-04 3.368752751004152560e-04 3.407291835029363264e-04 3.363157034120518667e-04 3.340747474535833619e-04 3.318807129124588850e-04 3.266451319067767076e-04 3.215788947150507353e-04 3.236821716793225005e-04 3.405950880371359183e-04 3.444672889666493222e-04 3.314736062328468434e-04 3.260348663099950427e-04 3.311075265111251440e-04 3.348612621846408510e-04 3.278464518955532224e-04 3.196923084370910818e-04 3.176221113920233612e-04 3.132801901503448876e-04 3.128544830476514627e-04 3.174050834202560420e-04 3.113859574774527524e-04 3.082975885255157759e-04 3.268529653778847084e-04 3.479772172121327941e-04 3.463025677581689759e-04 3.218788156386563843e-04 3.108893452159755544e-04 3.247710451528060390e-04 3.313671581434862626e-04 3.244770387858871442e-04 3.234009876508647926e-04 3.324818985520435659e-04 3.414147535124223334e-04 3.270795922233571363e-04 3.079796104806846132e-04 3.121527944269346117e-04 3.316390584336087553e-04 3.589825544621764617e-04 3.670221472182048548e-04 3.417164242395946726e-04 3.287982250821971757e-04 3.335697492990370196e-04 3.418380306419664108e-04 3.505548055928400407e-04 3.457570108008133991e-04 3.382636682787813222e-04 3.338316304484583406e-04 3.293027284710979639e-04 3.257545765679090155e-04 3.306868985349510452e-04 3.392314894466591513e-04 3.377814770660712146e-04 3.419508035726724236e-04 3.632786634472190109e-04 3.637637275979814511e-04 3.347517570277292343e-04 3.111089929174166253e-04 3.169463108694022392e-04 3.300575181161483204e-04 3.344256202334894160e-04 3.314445703763624265e-04 3.217311784541242127e-04 3.164082139380184071e-04 3.311307230805129011e-04 3.489526789164491306e-04 3.545575105126601680e-04 3.497658547424394070e-04 3.391038696864182543e-04 3.275261234418221611e-04 3.164714585819241970e-04 3.064939980215821737e-04 3.133852385085677227e-04 3.359249786696715391e-04 3.270540840220057324e-04 2.555461086097951442e-04 1.694385582843618821e-04
2.269401351479960038e-04 2.796329351061249474e-04 3.165429457556201464e-04 3.245112063776495995e-04 3.326188543745730621e-04 3.278633743876402081e-04 3.250323291301252275e-04 3.314391601655864643e-04 3.268146886793033955e-04 3.158259039742735211e-04 3.211210568927006783e-04 3.402336999162552228e-04 3.571228408763637381e-04 3.566088945784271890e-04 3.497343225624421795e-04 3.463888037368516412e-04 3.335783960931222331e-04 3.231310113416523285e-04 3.308235057304635294e-04 3.380455943088159524e-04 3.478840844073231636e-04 3.466581526294803574e-04 3.345021226635179912e-04 3.378424004676195509e-04 3.433243089703202433e-04 3.378798201684903284e-04 3.297332417779710390e-04 3.293488728053601362e-04 3.328755519331659464e-04 3.346794214805984139e-04 3.360635557994546348e-04 3.419802298358024374e-04 3.493578545323045730e-04 3.359356116039225511e-04 3.255920003132200809e-04 3.318218341462012152e-04 3.383615139197046658e-04 3.439303366513885647e-04 3.363447469118121072e-04 3.264386083281152788e-04 3.230366700337668207e-04 3.165071220304428766e-04 3.228982551869628804e-04 3.354677011915335391e-04 3.299291239600437458e-04 3.191470717807435523e-04 3.309078289520098670e-04 3.499560382894702356e-04 3.397759018506171943e-04 3.126814475867423920e-04 3.123292707956473236e-04 3.337766807511097634e-04 3.417092798589978372e-04 3.379916699623901951e-04 3.387563103380828214e-04 3.377728646534846799e-04 3.372674272256887809e-04 3.219000811673297115e-04 3.084215503786426923e-04 3.157134373472264858e-04 3.364174360264189515e-04 3.545037693386069713e-04 3.582964316870252373e-04 3.453634072330012336e-04 3.397026664359465700e-04 3.385375984715784212e-04 3.357390874826082804e-04 3.343459493040910630e-04 3.309207188092668384e-04 3.381955517421697034e-04 3.520561631511281379e-04 3.557394980110453156e-04 3.402084388911250958e-04 3.263478776897321969e-04 3.192749240955702265e-04 3.121715312015837271e-04 3.222885613548822302e-04 3.527781958493841170e-04 3.572513812557283211e-04 3.316448506879485485e-04 3.155019927554916781e-04 3.229063730117069458e-04 3.298260090727525009e-04 3.280005138810107731e-04 3.313571971989787233e-04 3.318610538013512046e-04 3.246162778541713764e-04 3.317028831921885624e-04 3.474499681242271612e-04 3.465401145408217591e-04 3.364343056360369170e-04 3.329196032687529744e-04 3.232439232909231218e-04 3.042754991341724800e-04 3.000840415322775039e-04 3.178896645431271428e-04 3.361215078798937290e-04 3.221034651330221751e-04 2.524597863082700313e-04 1.700834069933516632e-04
2.288688351123094561e-04 2.810850053770836895e-04 3.062814428592667724e-04 3.042380195844246547e-04 3.192310280449798653e-04 3.327743463905097907e-04 3.409417856538780964e-04 3.341708148939220423e-04 3.160550739618731204e-04 3.102329604111391469e-04 3.277757506673825141e-04 3.586100867065126672e-04 3.661207882752569700e-04 3.516183262285983279e-04 3.456092128465918368e-04 3.442785801716670554e-04 3.335908393589343901e-04 3.288667215101829578e-04 3.358822855017831515e-04 3.328240075966516710e-04 3.311372650287010364e-04 3.274422224502146614e-04 3.260498140676184047e-04 3.422468613097543562e-04 3.508194487381407654e-04 3.381500502758026249e-04 3.259454082630311401e-04 3.254747337411499457e-04 3.356914877920841723e-04 3.440593745495408714e-04 3.452934723653566709e-04 3.383968096868212564e-04 3.293265149648754407e-04 3.159960656038577698e-04 3.155078606887603610e-04 3.263900640102719878e-04 3.319794184582452014e-04 3.365499164097321221e-04 3.343040181201620037e-04 3.305428936554099476e-04 3.286787027277921890e-04 3.226565231981707096e-04 3.343037738035215716e-04 3.604068250987997948e-04 3.711636595067780028e-04 3.523071457492388497e-04 3.325047516307763499e-04 3.329114323122587160e-04 3.249694538041378615e-04 3.123831679188484841e-04 3.252509768165152797e-04 3.434593930590718416e-04 3.416242000841718403e-04 3.365586136705385782e-04 3.424417487176738750e-04 3.422574108770923317e-04 3.381186987251309133e-04 3.367282773035897643e-04 3.374639877646220805e-04 3.303126918043732593e-04 3.266513362534957643e-04 3.267525069750700298e-04 3.292687425004188072e-04 3.385068522349365667e-04 3.510242788851906763e-04 3.464978186948805246e-04 3.318550225277056530e-04 3.257968986616075271e-04 3.247001872710982375e-04 3.324756469381577660e-04 3.515675385172668073e-04 3.603004479900374576e-04 3.468738386642037687e-04 3.310032646550257205e-04 3.113115733140119751e-04 2.916006026444637237e-04 3.018381022809446925e-04 3.354072560219150084e-04 3.497875509405087673e-04 3.395927341060690080e-04 3.284915889531553248e-04 3.282661448928030686e-04 3.354781714253312350e-04 3.331035153995387608e-04 3.354408585228063405e-04 3.392724787409779588e-04 3.279619775322599310e-04 3.227484399022466626e-04 3.335201081089623392e-04 3.378917548332219635e-04 3.324702713967059645e-04 3.343583606603575762e-04 3.334809497651412477e-04 3.169283623328628900e-04 3.127770839262286823e-04 3.271305947481970011e-04 3.334569549692019018e-04 3.085943627736103395e-04 2.367735849694724021e-04 1.558654271653318467e-04
2.197250760910299488e-04 2.709013790077040057e-04 2.931741750285215653e-04 2.946098810279444312e-04 3.126953548875475043e-04 3.336646076268659868e-04 3.517588384309077928e-04 3.437202104257793900e-04 3.229768815972959171e-04 3.192648697202224201e-04 3.336634067715063914e-04 3.545197574193105104e-04 3.493037371127709128e-04 3.305292258340049045e-04 3.236404794431736774e-04 3.211356478526494100e-04 3.167596054238874630e-04 3.221200768452253454e-04 3.303338461447023560e-04 3.253665307740177294e-04 3.168833735497953797e-04 3.133076491133941939e-04 3.240258140318945466e-04 3.411057763963000825e-04 3.425277793880584544e-04 3.294780838650770115e-04 3.231069095258523984e-04 3.264328289549093621e-04 3.406753689865701668e-04 3.485993640879624165e-04 3.413252231661090350e-04 3.202443722757203066e-04 3.070063587974260905e-04 3.125093205623236331e-04 3.215602836447153858e-04 3.306651228419020755e-04 3.413624461881557067e-04 3.424958685187258034e-04 3.318872403482296023e-04 3.271386979209824379e-04 3.314219788766994078e-04 3.281578114079704723e-04 3.349160672799891868e-04 3.622811114787401351e-04 3.846248774238685561e-04 3.711254534540160709e-04 3.353668890822992382e-04 3.194063597878812888e-04 3.150756766684009464e-04 3.201792909551597305e-04 3.424612591484344957e-04 3.499875288605484619e-04 3.336956070412641618e-04 3.171152272326689084e-04 3.238675758953359031e-04 3.400703699519027050e-04 3.451813900402197002e-04 3.505270182509574945e-04 3.518529483331667607e-04 3.288252919241942736e-04 3.094553431205191232e-04 3.083111797068282178e-04 3.160538666372516041e-04 3.343422554640952497e-04 3.548554262053288453e-04 3.457541490815745967e-04 3.202309215782077507e-04 3.109215925965951401e-04 3.112371441382415596e-04 3.168800149285662653e-04 3.327732120268851648e-04 3.437577835698297710e-04 3.432939235355403004e-04 3.403657859792112109e-04 3.279220321957784551e-04 3.107303299507514554e-04 3.173521446634012329e-04 3.367294600588009723e-04 3.446864623719553657e-04 3.407228681474660332e-04 3.337822384537143718e-04 3.323377211164475742e-04 3.423148490897773592e-04 3.374402440573085913e-04 3.329820564583155663e-04 3.353628375361841427e-04 3.257133363201743367e-04 3.167033337358119826e-04 3.187944589056303582e-04 3.223546385502021458e-04 3.259777095104882030e-04 3.399709052234579183e-04 3.589124930389749036e-04 3.540125398319463003e-04 3.437374432820802512e-04 3.441069537211372226e-04 3.375845445309141055e-04 3.054486746911398644e-04 2.328030815985005940e-04 1.478346713125828148e-04
2.109495259449285483e-04 2.649540573896713822e-04 2.985504898059108026e-04 3.152132974708045051e-04 3.325429939538881779e-04 3.421765117124996557e-04 3.506810319132830909e-04 3.397717955650017855e-04 3.260043623077581404e-04 3.241740226506213858e-04 3.278980323696435023e-04 3.340071704997614336e-04 3.296037059004249545e-04 3.250292044579313876e-04 3.267864806896504356e-04 3.245949741467686112e-04 3.155582116720524613e-04 3.183798701986469549e-04 3.309464973934155029e-04 3.358112274489777165e-04 3.299594834730629656e-04 3.267946900972694109e-04 3.341858202072490970e-04 3.355727966510561769e-04 3.288640104020920034e-04 3.204214238970810522e-04 3.202093090475963892e-04 3.313780749065366594e-04 3.464899783392402506e-04 3.435011120270340963e-04 3.288977964250056757e-04 3.145582855086565314e-04 3.130437527547883436e-04 3.331325998004428012e-04 3.442172104355867225e-04 3.443404438884978443e-04 3.527714474078307147e-04 3.534487356997934797e-04 3.342540945546592702e-04 3.195126355681993471e-04 3.275238942948695232e-04 3.322304374559622783e-04 3.340151276824561942e-04 3.502564988518583290e-04 3.621570150859577063e-04 3.517106486851234986e-04 3.256507033505572947e-04 3.121965935513167567e-04 3.151870263807631098e-04 3.325110216359277110e-04 3.552484319574190095e-04 3.536107303744953374e-04 3.310932686118233997e-04 3.066553876067499435e-04 3.061587868922305798e-04 3.261535861624600746e-04 3.379264219327351732e-04 3.421374691773220009e-04 3.386964232442422093e-04 3.250769162114994530e-04 3.168911346083921670e-04 3.200162690933349699e-04 3.281657527729339393e-04 3.397068388824679968e-04 3.523816968584428302e-04 3.398060778027095930e-04 3.123027249610053771e-04 3.002228320000695878e-04 3.034535953454139956e-04 3.117761831217700716e-04 3.229142929840147537e-04 3.332698677221605874e-04 3.364124032818785037e-04 3.377307981483389319e-04 3.392875931259819967e-04 3.409813910870908467e-04 3.488596753044839109e-04 3.466509413479617078e-04 3.380367729339911172e-04 3.313857004773875870e-04 3.265149086201603107e-04 3.319799641746395838e-04 3.486771174559096724e-04 3.448208361916499072e-04 3.361613880963553683e-04 3.331833098680231928e-04 3.291663045989042988e-04 3.279239773699508522e-04 3.215943699304351592e-04 3.135231975896682734e-04 3.213591644997019570e-04 3.444368949354024707e-04 3.667439930572416852e-04 3.648752319047679233e-04 3.544189978732481235e-04 3.492039528626270420e-04 3.344918352565105692e-04 3.008829402265961617e-04 2.326062038449351285e-04 1.478393983628128214e-04
2.204732876774237677e-04 2.791264566872614502e-04 3.182255691903245354e-04 3.314719861064435290e-04 3.423406130643082005e-04 3.471894155129785970e-04 3.471098897398309244e-04 3.317441470495289938e-04 3.236112501023575682e-04 3.267449038070486395e-04 3.233146420839697619e-04 3.234432392433115493e-04 3.325334429996300170e-04 3.459210961760345949e-04 3.580581023422573558e-04 3.574171577746368986e-04 3.375050216067139106e-04 3.265564362155812164e-04 3.385587261445028510e-04 3.477740881154802116e-04 3.456924769974516112e-04 3.431999935759764086e-04 3.437148085652233032e-04 3.357330812155066564e-04 3.275523154905911685e-04 3.239158638091725519e-04 3.240667450532666648e-04 3.351050671966504090e-04 3.459665133575355318e-04 3.355184144935731264e-04 3.263343097432865308e-04 3.310407901094504154e-04 3.397743679789481919e-04 3.592949548252072009e-04 3.643044522282575274e-04 3.493241518808033221e-04 3.451756688792769184e-04 3.458645021593639303e-04 3.268160156634204944e-04 3.063622694220738624e-04 3.169875687841245283e-04 3.324249759121968668e-04 3.363593785472824378e-04 3.420779392994613291e-04 3.387285173603447777e-04 3.251675986703413948e-04 3.125465597106086703e-04 3.094893473261341394e-04 3.234300517618014272e-04 3.465885176830174890e-04 3.614904812875213485e-04 3.551029840489253967e-04 3.393507136592796027e-04 3.209613619664186766e-04 3.109538905476747633e-04 3.185380921458355499e-04 3.340503882346101657e-04 3.452757569533013941e-04 3.389707712515106428e-04 3.362561612266295411e-04 3.406586311235886965e-04 3.410244782365808632e-04 3.421100399776305428e-04 3.463033746707050052e-04 3.493913087837945434e-04 3.364048545376756467e-04 3.182873192954516206e-04 3.115035847845248158e-04 3.171947228820513366e-04 3.271441812010551613e-04 3.344520907476503362e-04 3.394271838505882920e-04 3.355716845815943233e-04 3.308501423686244225e-04 3.357904623241825541e-04 3.430842008952459245e-04 3.498182066330675398e-04 3.445254214328820667e-04 3.297756499642222339e-04 3.174534562337520422e-04 3.181315201954500096e-04 3.328067216472738914e-04 3.465226530149894540e-04 3.414242999412265894e-04 3.336904446280373896e-04 3.270916763514688120e-04 3.315337594790250921e-04 3.476431918433213583e-04 3.463925166173872157e-04 3.266784042905742768e-04 3.224864604701137825e-04 3.428425133026354174e-04 3.523703216619693745e-04 3.426659220928892128e-04 3.417151638549615310e-04 3.456682703806761119e-04 3.320904805137267360e-04 3.017598497312873633e-04 2.394469469852244874e-04 1.595359922381040007e-04
2.465767539982708072e-04 3.089265797960937887e-04 3.438210974112893351e-04 3.360457032704422466e-04 3.344220460672813009e-04 3.392934592095052252e-04 3.413100376801693654e-04 3.313853540380107265e-04 3.233557285337411435e-04 3.263969565653771030e-04 3.269274740423448971e-04 3.286288661046479331e-04 3.368463114756923725e-04 3.463687110606899306e-04 3.629465454449797143e-04 3.684439111870772159e-04 3.397266384963022095e-04 3.167212027811252303e-04 3.279745702933836715e-04 3.428095376911681914e-04 3.440406415077816756e-04 3.402510619410532714e-04 3.395535645435619971e-04 3.336374875628896563e-04 3.315757986842482637e-04 3.393075151003533308e-04 3.383154948924327549e-04 3.347995363943319369e-04 3.416170333502465068e-04 3.449418364097740991e-04 3.446969328315937836e-04 3.482275852850193957e-04 3.520914473487603714e-04 3.640684615106127642e-04 3.668706370271810485e-04 3.490636246681315001e-04 3.402751753296217154e-04 3.398919489791410800e-04 3.250948236843385106e-04 3.043110860335041402e-04 3.100119737743993963e-04 3.273332187109666194e-04 3.327163326546592886e-04 3.340923050278464318e-04 3.310218386129700559e-04 3.206704720780932552e-04 3.145356396384622151e-04 3.172597627707761945e-04 3.306272741510307657e-04 3.474146272876049886e-04 3.580820118880337615e-04 3.581589550929970087e-04 3.526012899910338657e-04 3.438937181536857795e-04 3.346049104768152082e-04 3.307877390130778135e-04 3.369294762142619522e-04 3.463423669552141791e-04 3.405152505051361675e-04 3.399386460741188158e-04 3.449287478892398926e-04 3.415168662591416089e-04 3.403924504824354423e-04 3.445496538225520725e-04 3.433637665328334761e-04 3.308673645261414652e-04 3.221509534596163240e-04 3.250530664241455415e-04 3.324517649301906327e-04 3.422653591974742448e-04 3.462257362413893327e-04 3.410079755017733226e-04 3.336613704417337820e-04 3.309546354035059097e-04 3.281472038994065693e-04 3.240176942392092091e-04 3.299631273688637860e-04 3.365784420466824906e-04 3.293725230178789283e-04 3.222996304088134338e-04 3.319508568844620590e-04 3.419986922997591194e-04 3.386011346324792164e-04 3.280098348509730578e-04 3.237381491491518604e-04 3.229114477522553560e-04 3.350731115774276039e-04 3.561618306094449602e-04 3.573312735633410995e-04 3.381129749319881179e-04 3.230548149276842810e-04 3.321140403295132736e-04 3.380798745870693513e-04 3.303107433393093770e-04 3.343507808326300762e-04 3.407583706349249109e-04 3.335487198740202290e-04 3.084147814019689736e-04 2.451859846283646594e-04 1.681042543909400371e-04
2.578159889534163349e-04 3.207480299681832485e-04 3.536444793849989458e-04 3.337199691967812154e-04 3.212010761322203365e-04 3.246157963827270114e-04 3.380431262822068618e-04 3.410295094274911482e-04 3.269820749034358515e-04 3.195239047841529241e-04 3.257987807419093556e-04 3.306288290489725048e-04 3.251076215032347168e-04 3.210465609317671425e-04 3.420174978115759937e-04 3.595597648773823148e-04 3.311389626154895164e-04 3.015074771210008147e-04 3.107151921800561391e-04 3.360060971368281166e-04 3.398438559872785005e-04 3.303741939802958883e-04 3.294532652844387897e-04 3.290928223842623729e-04 3.368998706751561464e-04 3.549612221288840717e-04 3.515769973829828811e-04 3.361038701800163992e-04 3.370392123831635967e-04 3.498801107589120290e-04 3.488155813754815430e-04 3.374248951311259199e-04 3.335238326139271974e-04 3.447707056632862621e-04 3.567597967760548607e-04 3.507566979808023067e-04 3.451716824950007466e-04 3.454471571128596430e-04 3.410001852705286766e-04 3.232410161658160180e-04 3.136344058191438324e-04 3.249011774673061484e-04 3.343361448405080417e-04 3.408622262000072286e-04 3.413066528412521286e-04 3.291636658771307164e-04 3.246884472469618020e-04 3.271461988097733873e-04 3.247093012490025882e-04 3.267554632314693757e-04 3.382093490810563928e-04 3.483724152884957624e-04 3.483087217703148206e-04 3.460952088315976706e-04 3.444683042753120955e-04 3.380724617620416606e-04 3.311981162641632233e-04 3.298218212047588152e-04 3.289654116708562231e-04 3.331737962774504198e-04 3.357863484158530535e-04 3.329194774610277343e-04 3.316523757561888478e-04 3.311828369330395427e-04 3.279841375753376467e-04 3.257001325154046303e-04 3.289886540749866655e-04 3.391363706999636456e-04 3.423924136668351180e-04 3.427713344256136277e-04 3.400618975353866249e-04 3.284155379635653833e-04 3.256911816382006514e-04 3.335054016450602005e-04 3.288588201381367803e-04 3.205046235520901091e-04 3.275467600663030387e-04 3.357618107852535644e-04 3.349275942815993544e-04 3.376186156637712987e-04 3.429201190378752362e-04 3.417751052949923431e-04 3.408831795763727561e-04 3.340595230929964844e-04 3.285072122790210392e-04 3.326113617792169535e-04 3.429707391789622384e-04 3.517374538287936338e-04 3.464187483284774478e-04 3.380466329314085598e-04 3.349069158445259174e-04 3.397817563607940291e-04 3.404246348625174072e-04 3.302882454227611944e-04 3.249753398015632145e-04 3.233881985558812377e-04 3.219267039115368003e-04 3.043356818773657480e-04 2.400723132423871354e-04 1.604809565145545822e-04
2.451577422939560900e-04 3.023055529595217584e-04 3.332921751686726509e-04 3.180966982259832414e-04 3.063997682401517833e-04 3.128613220331304665e-04 3.368834451924259538e-04 3.494268872716061337e-04 3.338524588128450720e-04 3.183981707795259476e-04 3.212343813042620308e-04 3.255869792489933046e-04 3.166940221808537933e-04 3.117487059719741146e-04 3.292072369738343078e-04 3.491204099981192951e-04 3.373823276564409364e-04 3.171225628847129923e-04 3.178892329212777701e-04 3.361121779018092881e-04 3.366425312717820535e-04 3.290002856565416890e-04 3.304814273384891216e-04 3.314818802139533806e-04 3.399303327682849391e-04 3.563489079187186518e-04 3.542535909727980532e-04 3.395306591379777025e-04 3.301221601112310443e-04 3.314603270837681659e-04 3.222181036226014770e-04 3.064379090601660176e-04 3.051105546505607615e-04 3.233180223030171366e-04 3.432339786687034489e-04 3.483085913635997175e-04 3.453424996195681579e-04 3.464886510328023684e-04 3.541676545157734605e-04 3.409567296480314541e-04 3.174628308588672929e-04 3.208250390461749361e-04 3.337682593740657570e-04 3.491446932735798366e-04 3.522440561252216415e-04 3.332048073090547609e-04 3.310425007598313124e-04 3.410910074487230256e-04 3.343841360048319783e-04 3.248941674195791190e-04 3.260358631401559385e-04 3.322631203442815914e-04 3.349085453110929654e-04 3.335261593072424242e-04 3.315338463852323661e-04 3.305792275141070623e-04 3.302859522273541909e-04 3.270402866282677914e-04 3.237716881312426216e-04 3.301330721331843863e-04 3.336869115216949599e-04 3.288175220303917530e-04 3.235777440953643944e-04 3.206478464981832028e-04 3.220499011888161502e-04 3.352392877292374967e-04 3.390428875253356789e-04 3.374678663845243846e-04 3.379620143617331849e-04 3.392247741026431550e-04 3.366946675693095227e-04 3.278609861192559902e-04 3.288163492049908827e-04 3.390480076900948686e-04 3.377043806712550205e-04 3.318016824183805968e-04 3.388626152072960721e-04 3.458850161063180880e-04 3.418078792077420538e-04 3.391423193577948881e-04 3.331855202965042879e-04 3.311224191718550413e-04 3.455723631384571750e-04 3.514012510275253643e-04 3.428779235012228716e-04 3.403146805579245577e-04 3.419809512473930046e-04 3.412572035326978323e-04 3.348775092037786696e-04 3.327904651591628328e-04 3.433561146236387704e-04 3.536522525678019403e-04 3.507412258988825077e-04 3.363702621473180741e-04 3.219730482663269453e-04 3.100664344001302425e-04 3.023990978358595473e-04 2.877181304090526553e-04 2.292603714264634354e-04 1.466503274199944511e-04
2.391514959598716697e-04 2.852278598301232100e-04 3.084054523736269875e-04 2.997360806269126895e-04 3.009281368789249725e-04 3.217399816589016585e-04 3.507005610042641616e-04 3.607845918037641498e-04 3.463535274838997488e-04 3.289340754288571896e-04 3.205785442499632589e-04 3.166173087350276092e-04 3.131245836073432440e-04 3.157638583530056353e-04 3.239667456866033614e-04 3.323457956837396572e-04 3.350862905188693340e-04 3.369647792857476750e-04 3.396482618166148950e-04 3.427789727017027839e-04 3.320445765400464248e-04 3.251542362171020014e-04 3.306359620044593503e-04 3.287724968631228727e-04 3.284805186973190636e-04 3.435374746813918368e-04 3.531203709089738977e-04 3.470844330187601709e-04 3.309651336132304650e-04 3.210833914731630245e-04 3.108164552050430933e-04 3.023065786394356445e-04 3.048864417385817836e-04 3.204989349777261618e-04 3.335819606667478148e-04 3.429875613368536282e-04 3.402119943390245153e-04 3.339555078190165841e-04 3.440935940767815429e-04 3.401392820560967850e-04 3.170552749723622144e-04 3.163381485202068676e-04 3.332650140211446121e-04 3.518210459995003156e-04 3.520094456802592693e-04 3.285507916334908462e-04 3.273757510651436470e-04 3.490460573524767091e-04 3.550000143502912557e-04 3.395725362381644486e-04 3.251634267573550439e-04 3.206859805567396698e-04 3.237876878055930474e-04 3.219175607448861946e-04 3.177404278125354553e-04 3.261679037368238028e-04 3.435425173384976279e-04 3.462898757040839583e-04 3.387211382372388741e-04 3.440349312899592185e-04 3.408363829366184644e-04 3.241435663185321522e-04 3.218019657751521566e-04 3.272575211960842981e-04 3.299316943137144283e-04 3.456911646526750334e-04 3.385859395740269508e-04 3.186135896920078234e-04 3.226355389150608417e-04 3.357982315773984242e-04 3.405497694891737636e-04 3.424169133750724165e-04 3.405636024137593913e-04 3.372099802758018192e-04 3.311934938773921874e-04 3.223726601446432914e-04 3.310431250457570012e-04 3.533235203860635642e-04 3.517022026092443384e-04 3.328750887820907832e-04 3.206336913707158497e-04 3.248220461376188461e-04 3.428189554963449650e-04 3.532071472461961606e-04 3.404540447978927345e-04 3.309174416766691050e-04 3.355468158649935542e-04 3.369868122398619057e-04 3.297946255334889467e-04 3.257207329984402027e-04 3.358819214340760719e-04 3.460280624516271636e-04 3.492713564444075835e-04 3.421116320793712970e-04 3.259791701741965699e-04 3.094856796816179223e-04 2.973146306245526521e-04 2.837787329270195780e-04 2.315266215973593245e-04 1.493041041355632425e-04
2.382226893490888898e-04 2.778571120820882458e-04 2.982638993584907296e-04 2.974756501685366919e-04 3.130959463695197472e-04 3.455118535513273885e-04 3.683204568254229189e-04 3.638707548674646221e-04 3.476445188098102514e-04 3.348209114586396789e-04 3.266422699088944231e-04 3.140049937854423904e-04 3.088978667342906015e-04 3.177615334060006390e-04 3.269776974584369215e-04 3.253738051290860174e-04 3.167639569484547932e-04 3.185644769769958992e-04 3.327788100227460806e-04 3.435227302457165115e-04 3.348467474831222997e-04 3.217739355269746515e-04 3.244151770277067738e-04 3.218784519460360935e-04 3.158061593654439827e-04 3.318494945816314549e-04 3.555920683795782650e-04 3.563705625865965084e-04 3.344081944473453380e-04 3.248487219162682783e-04 3.260619710640627047e-04 3.236652218282543318e-04 3.247081774780791034e-04 3.313963352583659599e-04 3.355158908544340467e-04 3.410329369894761443e-04 3.304100368461641976e-04 3.132089564357714976e-04 3.186911270932384554e-04 3.299058178441575430e-04 3.264459055502884777e-04 3.256858476714070624e-04 3.380774443176835526e-04 3.513539414200666806e-04 3.472567159884010516e-04 3.273320630832895171e-04 3.262208979591565256e-04 3.478953921063858553e-04 3.585079177447555044e-04 3.400167244725921115e-04 3.187171760875940956e-04 3.094005225827747819e-04 3.153978805377693020e-04 3.199143139692168635e-04 3.182574437005859422e-04 3.298174978872181516e-04 3.517112664386192085e-04 3.586331275920132014e-04 3.520734560988914583e-04 3.511753555067564773e-04 3.368107988766552534e-04 3.132762186445142510e-04 3.204906551870121637e-04 3.351276963357777269e-04 3.348302203253976199e-04 3.390181027186050101e-04 3.250156347733955267e-04 3.072466369218387894e-04 3.169099509704299909e-04 3.315691381566861608e-04 3.386325860355721270e-04 3.495473348826870844e-04 3.488704327386379315e-04 3.374759572262299792e-04 3.261743643171677266e-04 3.120893783577497393e-04 3.180357519899822062e-04 3.475329254829376876e-04 3.491597440416440877e-04 3.288501028080202324e-04 3.209463630463586683e-04 3.251172617077099578e-04 3.331872605646324045e-04 3.407000567858507484e-04 3.300729175605493439e-04 3.152503666155389173e-04 3.218367570213085272e-04 3.320169451185072469e-04 3.270576748579456317e-04 3.208153951803077589e-04 3.270201684044556599e-04 3.333362046667473575e-04 3.417040065006051418e-04 3.430013066289837103e-04 3.330689956760086046e-04 3.218594332604854543e-04 3.101733006497921848e-04 3.005869001777472147e-04 2.542313811795598663e-04 1.721044996595912807e-04
2.288361920514379064e-04 2.791087481905111991e-04 3.066623878658778423e-04 3.156914137426996029e-04 3.365347256114812604e-04 3.611764667476454697e-04 3.687586640974001816e-04 3.527812669199370359e-04 3.365841181451016814e-04 3.370149757290719300e-04 3.416845527881851572e-04 3.290459174399364443e-04 3.170814391828555377e-04 3.200003492497903554e-04 3.292611128025743194e-04 3.261733500674094365e-04 3.068190194495592094e-04 2.975549213013518358e-04 3.150943733843167673e-04 3.403277511026262447e-04 3.445558054555158392e-04 3.315979221482724454e-04 3.305526179061285151e-04 3.286850615028426422e-04 3.206563786687134654e-04 3.298051124259452531e-04 3.528108784047799627e-04 3.506257747676155400e-04 3.257144062318058494e-04 3.240997422796516999e-04 3.394145269730651331e-04 3.429762653665176502e-04 3.402440260138496204e-04 3.376938852943710896e-04 3.387689568467246084e-04 3.372382358448745669e-04 3.195721521898687353e-04 3.040633473084684217e-04 3.075205228274317760e-04 3.276340948811404209e-04 3.439735745400350356e-04 3.388529269920251340e-04 3.328675537891741688e-04 3.390318524127807149e-04 3.439662613683458232e-04 3.398427831747252432e-04 3.344690317059384379e-04 3.410472572398383470e-04 3.447260111271883152e-04 3.277891315086173523e-04 3.096192198345521646e-04 3.047765350335743945e-04 3.166421467653315045e-04 3.236551238529383799e-04 3.235288027585966398e-04 3.335312201966893078e-04 3.445802876715483502e-04 3.467234760989265120e-04 3.447641694603848059e-04 3.482547440692682116e-04 3.418858699383673793e-04 3.215003570266658896e-04 3.228670231533971790e-04 3.322505307562567331e-04 3.336358221926965617e-04 3.326232886151785670e-04 3.256118238821319611e-04 3.202306042307636377e-04 3.230806877988797029e-04 3.247698299285153769e-04 3.285534136166812528e-04 3.401808508795647087e-04 3.422631673230915657e-04 3.353205586215405264e-04 3.280153090654549467e-04 3.197832202388391806e-04 3.223999261536862008e-04 3.401341818174682735e-04 3.388065220215804576e-04 3.332535072288259873e-04 3.343440891851356587e-04 3.353978675042149213e-04 3.319639805311667383e-04 3.287643576654618077e-04 3.213229037705010076e-04 3.035022756285364696e-04 3.029432597110491782e-04 3.209819673345256546e-04 3.300834462838199619e-04 3.316368771024860262e-04 3.355006073925098468e-04 3.324826835117436702e-04 3.293891604703272119e-04 3.326252069878716882e-04 3.425163111193309934e-04 3.406004681232258774e-04 3.221974379050046621e-04 3.124093063359712754e-04 2.723203446154043501e-04 1.942509720902702638e-04
2.232456197150101650e-04 2.901362076731829869e-04 3.269230472682845695e-04 3.363514280705627536e-04 3.459934812686479865e-04 3.505685693911463150e-04 3.459501424613176785e-04 3.267210779700944426e-04 3.123309791605228852e-04 3.281718054586437784e-04 3.462595718959250593e-04 3.398288606380046829e-04 3.303697128923407619e-04 3.337432470990814911e-04 3.413845146979454744e-04 3.317009568894395237e-04 3.132917386611764341e-04 3.091156861395261612e-04 3.213072218908644660e-04 3.396300339106749942e-04 3.416555445874153727e-04 3.308172062316365458e-04 3.304691679712249384e-04 3.322664132640331357e-04 3.320164327273376599e-04 3.373020634097742207e-04 3.467853617935023913e-04 3.373776010693565379e-04 3.202792369294003893e-04 3.275256531632372067e-04 3.448855432311521887e-04 3.510172192775498027e-04 3.440993589575682050e-04 3.323689783338313599e-04 3.314919979275625806e-04 3.349603111821586321e-04 3.269207466770411271e-04 3.181693156597211088e-04 3.158561232419738020e-04 3.276421770766397602e-04 3.485763021399977723e-04 3.460284924337096550e-04 3.272020882133754765e-04 3.249845356914493198e-04 3.401367012275050960e-04 3.507095511251435071e-04 3.384012167823105283e-04 3.302833715941289570e-04 3.265112905078696912e-04 3.168109274341256425e-04 3.184751010726023573e-04 3.271024524813448322e-04 3.317604686535841020e-04 3.276903250761353369e-04 3.259036933785162244e-04 3.286974707100362978e-04 3.208988637004268961e-04 3.156491262020916775e-04 3.208040128619002928e-04 3.316144044268500685e-04 3.422135150354615562e-04 3.328448245739748556e-04 3.258275343927375224e-04 3.305709431628659238e-04 3.375471087306189085e-04 3.391296257023246135e-04 3.425912762534133200e-04 3.463867567765855845e-04 3.430065688595690171e-04 3.341983047096964000e-04 3.257546477515873250e-04 3.299423731855580374e-04 3.330543270851035764e-04 3.257284639412088103e-04 3.236799938271386966e-04 3.310125922018744473e-04 3.362079248537183369e-04 3.408065722123212841e-04 3.369210470067962506e-04 3.397182849408341950e-04 3.423696890437494950e-04 3.465454900395201080e-04 3.433760779801368879e-04 3.302505124516387719e-04 3.233458350640530644e-04 3.132056484829221941e-04 3.075125280577955351e-04 3.202465508294666165e-04 3.396993873296721891e-04 3.493693891320386936e-04 3.457047119655669689e-04 3.326886359415021869e-04 3.189950991309188372e-04 3.228261000654636891e-04 3.497430299284669470e-04 3.499143003759014499e-04 3.207535928687442884e-04 3.050870205302366918e-04 2.651423637768709346e-04 1.916494451149962472e-04
2.280875199591175914e-04 2.937621639954932757e-04 3.309306874321335740e-04 3.369916964177372526e-04 3.394927553079842291e-04 3.406742099651909159e-04 3.389231261538043971e-04 3.218070530782953572e-04 3.064523045698040824e-04 3.233288828565230276e-04 3.406150425386243741e-04 3.383400005819088324e-04 3.359911232353192498e-04 3.448033009494136359e-04 3.485534352321503770e-04 3.333608389287594622e-04 3.243890904415831647e-04 3.320967649772068914e-04 3.368824757041246828e-04 3.431103596664205474e-04 3.371618946114367352e-04 3.255987709557206728e-04 3.270586576064397053e-04 3.303723612773061405e-04 3.353211327529202800e-04 3.416158792394376328e-04 3.413294895294704786e-04 3.312348170708410739e-04 3.279486459953609347e-04 3.398366941721095956e-04 3.493139577194729218e-04 3.523252577841148132e-04 3.463068812718372988e-04 3.310637065472241949e-04 3.256006912271665419e-04 3.369646772073286610e-04 3.460769943850002428e-04 3.451221785314612686e-04 3.374647527708631066e-04 3.324893031208126784e-04 3.392382826038900035e-04 3.414048511180217769e-04 3.272565421287448894e-04 3.222806622117140507e-04 3.357739058370418626e-04 3.460860270640598755e-04 3.374413963434103048e-04 3.305340455852495002e-04 3.255512671809224472e-04 3.260952620838745010e-04 3.424269810372494336e-04 3.539242082680353944e-04 3.484048481839434027e-04 3.416273342839987030e-04 3.423979665017196214e-04 3.317010948632910516e-04 3.070867872878918145e-04 2.975636392434575757e-04 3.020997854667527380e-04 3.079666199247444716e-04 3.286537973949803801e-04 3.372006642396355278e-04 3.329003287133835130e-04 3.343045659060800293e-04 3.335646684051712788e-04 3.296976491755087570e-04 3.415540483009586541e-04 3.548103761221964845e-04 3.540471935873708178e-04 3.491367493147690864e-04 3.341231723515277700e-04 3.290538411878437142e-04 3.302174047109214050e-04 3.144571189476536759e-04 3.128007005639300690e-04 3.300104910443804433e-04 3.393353732685943812e-04 3.411192625914286612e-04 3.354799366783896546e-04 3.356059887424128101e-04 3.370981690015646725e-04 3.447830108115913501e-04 3.514566132268902104e-04 3.464201578476908171e-04 3.421129846564553777e-04 3.388805574078053049e-04 3.279166819033668711e-04 3.250127773126564729e-04 3.445646383124415348e-04 3.549415761051373389e-04 3.458410497018551510e-04 3.377439174902130848e-04 3.290601041182105238e-04 3.309535621377091442e-04 3.563367537732795368e-04 3.560416724255423596e-04 3.243931225673710433e-04 2.909254787332782094e-04 2.324330893763160155e-04 1.594403821514985475e-04
2.301083782606452724e-04 2.877257692397612587e-04 3.263747710074199528e-04 3.365620366279596111e-04 3.415440583356034324e-04 3.439323506718161561e-04 3.427531142697288818e-04 3.308243653095655455e-04 3.218811318964644435e-04 3.368770025583620173e-04 3.458666861011421663e-04 3.394122156142307702e-04 3.354676889083488701e-04 3.357259279453260904e-04 3.261536255012420895e-04 3.185624260190836072e-04 3.296192107515513183e-04 3.441100957475126307e-04 3.408972181834392509e-04 3.396201125861261902e-04 3.324375868510059842e-04 3.245996853629733105e-04 3.308822620721194930e-04 3.348969979511916273e-04 3.380520897087710462e-04 3.411541943629888994e-04 3.356318378504391737e-04 3.332857967357395626e-04 3.431218584313080761e-04 3.515594126197575751e-04 3.541778088863021851e-04 3.539130274710622880e-04 3.512406738893344765e-04 3.375782949805889452e-04 3.259091198609977407e-04 3.351033663566125882e-04 3.497923546744374172e-04 3.545010712667199691e-04 3.504454129777307444e-04 3.428593457411785710e-04 3.372812346732859427e-04 3.353769390420420645e-04 3.290582564476803853e-04 3.281619303143831377e-04 3.339275880161919749e-04 3.411103389419531092e-04 3.466399686094991800e-04 3.427583593600875590e-04 3.318328759177304951e-04 3.331633757944221460e-04 3.477651271628894188e-04 3.546434924067328734e-04 3.491144744768515584e-04 3.480322889620736338e-04 3.533034249530729088e-04 3.410465194720615177e-04 3.199906788845178606e-04 3.112890109220348362e-04 3.088090483714231362e-04 3.073517792392842967e-04 3.279063564249821267e-04 3.482369218982540567e-04 3.486526399207327451e-04 3.375950202162238730e-04 3.195912083982303505e-04 3.139894686617918616e-04 3.326778470172664110e-04 3.449353431871876965e-04 3.411616887647881324e-04 3.471927628538973125e-04 3.436058489917729079e-04 3.360505943261376301e-04 3.379671419458480860e-04 3.249252619692887065e-04 3.155565602627498616e-04 3.224939011866999479e-04 3.325756045977246340e-04 3.388553175649747988e-04 3.303759221352779068e-04 3.213042198408886697e-04 3.190412437053509812e-04 3.243808496540937533e-04 3.341614610675967280e-04 3.442550954295983765e-04 3.499058647960962432e-04 3.497033937089896001e-04 3.371453797640150060e-04 3.253292197606188433e-04 3.356165104241144400e-04 3.417022826168939062e-04 3.413124110726886663e-04 3.462567425304178756e-04 3.431074196585811534e-04 3.405409385334421681e-04 3.557754941639054485e-04 3.597576112584753051e-04 3.386004138947226304e-04 2.897828123783531030e-04 2.112802825490762548e-04 1.394207332776483624e-04
2.256375028093079917e-04 2.815384807167427934e-04 3.207335318988025841e-04 3.258618918039708290e-04 3.246101359317361606e-04 3.233801280530215934e-04 3.241593798613896012e-04 3.240593772595771159e-04 3.276374316314205814e-04 3.439680839635865690e-04 3.468935940720235898e-04 3.358688167185508791e-04 3.327822307993689825e-04 3.296841173724027142e-04 3.170752062661681497e-04 3.184310233136831655e-04 3.396162651937291682e-04 3.567384045583327961e-04 3.462288074723221531e-04 3.319941453864464322e-04 3.255749208087083861e-04 3.250686711632645850e-04 3.309176517862021756e-04 3.318250154502219956e-04 3.349783682832498067e-04 3.335464711456113973e-04 3.238632586664100949e-04 3.352297810535771055e-04 3.562551945381395952e-04 3.532209277392831925e-04 3.473459721361734157e-04 3.450386210384060706e-04 3.484590935971548396e-04 3.445345625195652892e-04 3.319308363097435454e-04 3.329514459279669198e-04 3.407573125449005680e-04 3.390459022813910447e-04 3.403729734534117102e-04 3.461654487090954366e-04 3.439715206244250718e-04 3.384374515880016112e-04 3.353838457601524209e-04 3.321518916348614693e-04 3.244345355893430219e-04 3.315979760677357406e-04 3.521700281454490360e-04 3.480860681893863757e-04 3.281264419363923569e-04 3.283705578763090882e-04 3.425083165354150610e-04 3.493785073542560616e-04 3.427890365975613807e-04 3.375461550606548376e-04 3.417893800111054857e-04 3.389271985584330852e-04 3.298993633799730645e-04 3.271457631775203517e-04 3.250139944093656964e-04 3.230968772207914877e-04 3.354633551334374516e-04 3.525004743593657553e-04 3.522143154668722423e-04 3.353078996030516858e-04 3.194597405784351841e-04 3.264845758646133054e-04 3.393624914062014913e-04 3.339028191179023203e-04 3.242475416647093434e-04 3.382495630543006599e-04 3.478058571159982609e-04 3.423268373913887627e-04 3.471152873931791869e-04 3.441460320153665216e-04 3.283671497483903190e-04 3.187580979265766104e-04 3.227560185115690115e-04 3.340220970126743234e-04 3.307444189436068598e-04 3.131058185547969065e-04 3.005913222325900668e-04 2.993755662572186857e-04 3.067838500602984445e-04 3.244987855142456587e-04 3.384018821527763924e-04 3.411798460445720138e-04 3.312236917451471217e-04 3.173549387301538832e-04 3.221126888351810019e-04 3.294334330287802207e-04 3.354358693036713947e-04 3.409194010064523482e-04 3.363661655630653712e-04 3.331834901080762187e-04 3.411349430496407554e-04 3.500969619947453008e-04 3.475414248625239991e-04 3.048905941824648844e-04 2.194583962940018851e-04 1.426871108742694123e-04
2.145944773085861276e-04 2.733147905049221338e-04 3.110780178148398866e-04 3.141751963507224445e-04 3.116593667385973276e-04 3.103899480045921441e-04 3.144044956810098084e-04 3.202947089807094746e-04 3.250567957292113089e-04 3.380638832045140731e-04 3.401908228568006898e-04 3.327700003977517918e-04 3.312374387586514948e-04 3.285624682342064154e-04 3.248418828479747141e-04 3.365692714311804791e-04 3.563650460942905827e-04 3.675473164544021485e-04 3.520240737048929269e-04 3.310647924808380596e-04 3.300190460308542306e-04 3.304889338154547423e-04 3.257767548374945451e-04 3.212470982665979117e-04 3.242916394843104919e-04 3.226250456999356386e-04 3.141007477721007414e-04 3.331026288755159492e-04 3.539780058993748655e-04 3.376319130590091713e-04 3.244737620768850311e-04 3.309679155243500613e-04 3.487909267889773490e-04 3.515105865996641073e-04 3.333022751933189263e-04 3.272570060092242199e-04 3.340229624572665619e-04 3.258612783535302102e-04 3.236114514301479989e-04 3.341114430246588962e-04 3.398074203128643956e-04 3.419153617506268312e-04 3.428408331781693241e-04 3.310518633444170197e-04 3.157719029430464596e-04 3.239198458638363172e-04 3.475401813384667270e-04 3.431825977459460920e-04 3.234747952028998660e-04 3.274688609503264691e-04 3.385976785468477763e-04 3.423567860295952396e-04 3.345242622883342243e-04 3.234540072371433223e-04 3.235189215354287648e-04 3.299138603766346668e-04 3.300498745809401233e-04 3.288669212151262410e-04 3.276328022553095035e-04 3.334880943474524337e-04 3.448073954477570398e-04 3.530357680169861866e-04 3.458104846281614920e-04 3.291414181675412012e-04 3.269452364358497207e-04 3.467597732889189329e-04 3.525210123971736281e-04 3.305017646726125823e-04 3.118837193920946096e-04 3.267218180304946656e-04 3.465285706932320648e-04 3.458373617975614087e-04 3.476221494784955128e-04 3.480415936380601470e-04 3.361297793218182397e-04 3.221787308517567224e-04 3.179660949689418203e-04 3.287868616168432680e-04 3.350112376633950081e-04 3.226070330235272007e-04 3.092971192776843448e-04 3.056188128316307930e-04 3.109512341354482914e-04 3.217900331599815632e-04 3.327746053409251547e-04 3.434765390206028944e-04 3.405496693821643303e-04 3.233344041277511115e-04 3.248637690396969377e-04 3.339352988356269732e-04 3.327033399579011337e-04 3.291610672882325098e-04 3.194891929952638166e-04 3.147779489315805828e-04 3.244072675467062788e-04 3.437714136738500431e-04 3.590869533783230621e-04 3.323966732481562197e-04 2.461445386516338289e-04 1.571616984859031043e-04
2.034275703004740840e-04 2.700442345309533518e-04 3.082190233096486834e-04 3.148968623833239876e-04 3.198370481236712881e-04 3.254079915938552000e-04 3.311203720127173580e-04 3.324912499600380994e-04 3.296676165924191716e-04 3.373898704806707854e-04 3.393797692530230474e-04 3.333960094161321172e-04 3.301966652834902385e-04 3.255597828000258683e-04 3.217816628811289901e-04 3.355060236299514664e-04 3.479885714539400791e-04 3.459628468167552868e-04 3.362340575613685201e-04 3.315583366597552755e-04 3.421555886326473105e-04 3.409984761219559519e-04 3.280583028607622891e-04 3.223168506038398681e-04 3.280031482565987262e-04 3.295465467137139110e-04 3.241839740951116700e-04 3.390634015440355600e-04 3.453095717658238384e-04 3.174832294921914409e-04 3.006431008143151899e-04 3.141961639466956681e-04 3.427124619551131677e-04 3.521394854450553670e-04 3.368668490009943004e-04 3.333088614246376095e-04 3.423886715975771951e-04 3.350532380544347585e-04 3.244221710856339870e-04 3.205763518345514443e-04 3.263193053192264348e-04 3.425972985007599034e-04 3.526483806730382328e-04 3.402469420483168988e-04 3.234639619562517049e-04 3.261773176217449091e-04 3.406057721764591765e-04 3.378856573763346907e-04 3.286386011166383654e-04 3.328505415251449160e-04 3.340157793229981222e-04 3.289915797253595633e-04 3.224453557630852581e-04 3.167877612016317982e-04 3.190006564242466123e-04 3.299392946217892184e-04 3.349615354372137118e-04 3.313696767796197370e-04 3.232132437784539496e-04 3.321317959157174971e-04 3.418111127618480064e-04 3.446952855689254460e-04 3.370182773321336216e-04 3.221149238379212285e-04 3.254900477344789154e-04 3.479049325717499747e-04 3.591236873061123434e-04 3.390700571207523736e-04 3.149996606515693097e-04 3.209527108374975873e-04 3.399687853064967602e-04 3.462946180733956613e-04 3.451128086202178346e-04 3.439031290749091849e-04 3.422716348760405231e-04 3.357497155126869010e-04 3.267805880390197521e-04 3.317725353236500264e-04 3.439763148169109989e-04 3.451745104525054180e-04 3.358638845128079876e-04 3.282319377225613390e-04 3.319215022148354691e-04 3.308990498746711834e-04 3.329526112441617510e-04 3.496004272352348612e-04 3.529602184353525240e-04 3.345610807712511622e-04 3.316240486636455229e-04 3.391994598748374729e-04 3.291469491766524738e-04 3.226334095941716892e-04 3.184983926770873107e-04 3.145091587365028175e-04 3.238417777511737989e-04 3.401940522388088081e-04 3.528483969166502161e-04 3.393259339831147196e-04 2.683977686397089274e-04 1.774083736811142564e-04
1.977045999093347633e-04 2.715316588347225493e-04 3.102502048046499976e-04 3.155541071507208129e-04 3.261048773816633824e-04 3.426133292864003057e-04 3.508818109189192438e-04 3.451715363531235011e-04 3.344706740115937311e-04 3.353800806677328873e-04 3.357275954466967978e-04 3.290056697766467406e-04 3.297210429466086680e-04 3.302289593802625262e-04 3.212271599765347788e-04 3.224932627397957170e-04 3.227131455795515316e-04 3.133737452799884764e-04 3.148036281234388965e-04 3.287465364602629170e-04 3.459497140218498017e-04 3.478212142439658866e-04 3.375938441239862775e-04 3.385817792720386245e-04 3.500644983037109852e-04 3.504360454131104233e-04 3.448226118534265935e-04 3.513636247968892918e-04 3.443568437756778350e-04 3.151928021846445572e-04 2.975016752694433723e-04 3.035008742705383477e-04 3.265740216396999544e-04 3.401185809747986908e-04 3.399432657549506464e-04 3.460666461818619416e-04 3.537335566043067086e-04 3.496743907412075783e-04 3.341321015438397483e-04 3.136204847085273528e-04 3.133476422827363890e-04 3.362399993561732310e-04 3.534301905326120495e-04 3.464632520062475005e-04 3.330427184285378794e-04 3.343789014716164057e-04 3.407547863758113348e-04 3.398635682707072192e-04 3.405122389477262517e-04 3.383457153600225617e-04 3.308169711368481826e-04 3.273093685607610321e-04 3.266503743778460507e-04 3.273112680018549180e-04 3.316623680079475579e-04 3.379744434378509463e-04 3.427294115168294064e-04 3.459207667235744362e-04 3.309642386563427328e-04 3.289577956818690811e-04 3.294788776116906411e-04 3.262737089043489308e-04 3.183232632345796634e-04 3.090263793551833397e-04 3.219616008308782713e-04 3.470389464549839724e-04 3.629960718166677712e-04 3.526171409229597728e-04 3.242643620488456536e-04 3.098994912122375340e-04 3.182942334112006310e-04 3.343800353600768528e-04 3.410003143307101638e-04 3.413639664107777014e-04 3.436953997369856270e-04 3.434849584004099439e-04 3.384672832586837175e-04 3.434250958630213099e-04 3.567338069708301390e-04 3.612518349562247530e-04 3.484911586139131630e-04 3.343399104190577001e-04 3.366850953343113336e-04 3.311362001931325745e-04 3.246443526082161890e-04 3.337462493434112062e-04 3.371266937716001027e-04 3.315642786238966991e-04 3.387638518802686466e-04 3.506796763816765871e-04 3.373325287292195068e-04 3.294553804247978739e-04 3.365740001050961279e-04 3.373812739462157427e-04 3.362618272195729225e-04 3.340785481269493962e-04 3.307134393554591895e-04 3.209067368002545772e-04 2.684596498385033469e-04 1.829020869465543991e-04
1.913393285564924837e-04 2.722468730898080472e-04 3.130139338225202935e-04 3.107080817268050455e-04 3.212286203108875166e-04 3.409238559531212361e-04 3.461608453669703066e-04 3.436868263669836331e-04 3.407099286803821816e-04 3.363362532051170431e-04 3.297216252058755652e-04 3.240073087276458411e-04 3.335510578482015084e-04 3.408926846723143154e-04 3.327891652960134235e-04 3.289231494059460651e-04 3.201777265288514515e-04 3.018987171711028745e-04 3.071332566272396564e-04 3.298039605744276575e-04 3.441545648085663975e-04 3.453696528628499829e-04 3.402745367061597685e-04 3.476768888814705952e-04 3.575061419210317322e-04 3.534956335166740730e-04 3.485441042608990701e-04 3.447454486074679391e-04 3.345446833702200450e-04 3.239765719737567858e-04 3.157625092246967285e-04 3.172648821056386860e-04 3.315920294859470152e-04 3.335679295313303790e-04 3.316199801648179188e-04 3.407983406901652192e-04 3.501872511219346210e-04 3.527310194915604462e-04 3.462089000057345196e-04 3.274139308951138998e-04 3.149431318212268230e-04 3.261688411602080002e-04 3.397955713958416071e-04 3.319252515706063106e-04 3.247686014990829820e-04 3.319620026143802740e-04 3.370898615441239631e-04 3.385470700212020760e-04 3.460135008078971011e-04 3.404986180214381215e-04 3.293438138100499013e-04 3.318506936187333748e-04 3.344360910274130592e-04 3.341018741507661548e-04 3.360455819106714353e-04 3.338533769225410881e-04 3.383539326086015689e-04 3.522958479225965847e-04 3.394119762573818673e-04 3.289401759801192622e-04 3.272581682358681378e-04 3.215726843875556370e-04 3.097690022664992661e-04 3.033922938596210830e-04 3.267612859698064941e-04 3.529117905808329186e-04 3.611255614530974566e-04 3.525116013562756617e-04 3.248325022166712950e-04 3.026584965637338451e-04 3.079271736217929355e-04 3.276812858124449686e-04 3.359905213681116474e-04 3.363651255256586430e-04 3.359900549235061594e-04 3.363542693572739786e-04 3.387257814971499862e-04 3.491047725074785421e-04 3.608456939011066506e-04 3.624915933387810440e-04 3.496416270388771831e-04 3.337385061840987955e-04 3.301348391271496496e-04 3.207846785344004980e-04 3.132194275073377416e-04 3.168194355225789150e-04 3.183622782211993196e-04 3.287228785366733564e-04 3.498625804868669541e-04 3.640453171767379058e-04 3.479229065461029091e-04 3.325878564296274307e-04 3.430310226328393310e-04 3.529145530130231405e-04 3.481847283514479733e-04 3.370421277194920627e-04 3.243529794600253746e-04 3.097584671620002574e-04 2.592779788928226267e-04 1.765457645984691852e-04
1.900773409224076850e-04 2.679450283088168354e-04 3.115960752148165015e-04 3.138244621432110517e-04 3.258767597107444089e-04 3.357228191300436291e-04 3.302559271131748613e-04 3.321497691349736001e-04 3.371313198692692638e-04 3.332927713226010113e-04 3.310414616523548164e-04 3.342348111285846400e-04 3.469197603014039237e-04 3.524098775664017422e-04 3.487858799812778438e-04 3.522389741965893358e-04 3.428225342957937571e-04 3.155657305236882182e-04 3.145149414623770834e-04 3.378938217883152659e-04 3.468943544651439666e-04 3.405762409162535129e-04 3.336827232915413194e-04 3.383576481926840566e-04 3.415067679775207082e-04 3.350074079972198437e-04 3.301541704349809448e-04 3.234987141994332890e-04 3.227637676833363875e-04 3.321974512816902982e-04 3.330256698472841169e-04 3.403251627064218408e-04 3.549813798361543728e-04 3.388659010198263920e-04 3.175859643420689835e-04 3.196713248046548477e-04 3.287506225336418730e-04 3.375670810429828601e-04 3.512721121507715464e-04 3.499752100376967443e-04 3.320045844011319802e-04 3.275423746571331195e-04 3.311016049680738324e-04 3.155548257116927132e-04 3.050379365816770954e-04 3.120126028757045115e-04 3.203863360392825870e-04 3.306854681165504557e-04 3.455805399436147839e-04 3.411545457317664517e-04 3.291645556332255815e-04 3.285519888290374291e-04 3.265991188930612030e-04 3.249797265879446296e-04 3.291369840293145764e-04 3.275800513690873194e-04 3.310411986177202157e-04 3.416452230000574519e-04 3.351247931287876475e-04 3.307881583614106732e-04 3.377071995264668250e-04 3.382971176916385429e-04 3.268833594830879716e-04 3.157849928735723642e-04 3.327986290717805957e-04 3.488240150678120354e-04 3.490371379281143635e-04 3.440526417352688391e-04 3.294898251697968338e-04 3.197510577555402137e-04 3.274160643599379221e-04 3.357228109413488981e-04 3.318895379525225141e-04 3.309643346682065567e-04 3.303688209323777866e-04 3.252968764360186327e-04 3.254863178150733515e-04 3.366469370864861145e-04 3.450820511039610428e-04 3.445343178463360209e-04 3.418715773230104633e-04 3.351057848570540066e-04 3.271099295478671880e-04 3.166404746061970933e-04 3.146906562850257925e-04 3.176844016645959958e-04 3.203709207772487155e-04 3.397056358654839520e-04 3.576727761720575752e-04 3.609724210626798799e-04 3.460749092353910595e-04 3.306865635704388630e-04 3.355241259820934858e-04 3.480581881936786249e-04 3.473597797561612166e-04 3.367380470201745924e-04 3.261484872116805680e-04 3.127452160884814877e-04 2.549194248999960368e-04 1.688859107882028797e-04
1.997425164228427887e-04 2.659267297617672250e-04 3.082332529186599616e-04 3.205012082380115238e-04 3.389965096149915279e-04 3.405457297176103793e-04 3.237250905618740482e-04 3.158432674715103312e-04 3.103763076959554232e-04 3.154532147608806727e-04 3.353809841664390223e-04 3.489221783274886173e-04 3.491974452163197412e-04 3.434995764685920853e-04 3.493521080926723847e-04 3.683567627226733447e-04 3.649408161756435755e-04 3.329972645085321260e-04 3.190155402705440900e-04 3.332982846113955334e-04 3.395235148972802980e-04 3.325363799173526526e-04 3.272821133845259722e-04 3.287891636710033039e-04 3.262821187980848719e-04 3.215961897179044201e-04 3.209025075730537625e-04 3.181899573886005526e-04 3.247943756895001199e-04 3.383624616795364898e-04 3.406986682214983809e-04 3.513580269980924749e-04 3.679738773648666395e-04 3.473022359785366952e-04 3.188791835595841933e-04 3.100051121936211714e-04 3.041290693502213542e-04 3.150360649891910956e-04 3.497469561894234929e-04 3.655020524468678917e-04 3.535586859633655559e-04 3.439329404791948200e-04 3.438627782268187708e-04 3.254750563424356914e-04 3.032934421061752347e-04 3.036968795672258573e-04 3.177514942443600797e-04 3.362167878239165309e-04 3.471183552691632017e-04 3.347263139427812564e-04 3.237443615657086297e-04 3.287140648012920694e-04 3.301626082757263387e-04 3.288251655026043887e-04 3.319361610178843706e-04 3.324000272711474194e-04 3.370662637709028126e-04 3.381892426842639850e-04 3.328419982750903654e-04 3.356209872028278552e-04 3.498497022047812512e-04 3.587215409064370419e-04 3.507625776828106725e-04 3.388212221838177315e-04 3.407140842441134664e-04 3.386805113925997653e-04 3.315111825191559758e-04 3.263586793709019910e-04 3.238072250187528831e-04 3.303497319521884394e-04 3.414922137403776539e-04 3.397105382823998394e-04 3.307502084543006851e-04 3.346842268221865446e-04 3.387801807536530447e-04 3.314419404234857482e-04 3.252791754872135063e-04 3.271214812979490738e-04 3.252763471639191339e-04 3.206143746684478411e-04 3.235439110987502393e-04 3.248995573789408746e-04 3.251300619982355105e-04 3.324464448957947056e-04 3.395603380229631710e-04 3.336549913257542467e-04 3.292327890916082935e-04 3.421074288548498757e-04 3.431675101423293291e-04 3.336232595708204184e-04 3.296173657083886874e-04 3.307076862011768437e-04 3.310575739134630300e-04 3.334702373058304669e-04 3.331339096167768628e-04 3.270213424017680021e-04 3.261892255729581568e-04 3.146052656637303001e-04 2.494100535872762576e-04 1.625979907244166239e-04
2.109501929280672983e-04 2.683449455564274316e-04 3.061353770526829897e-04 3.208289059281499867e-04 3.426666856724870387e-04 3.463791723967557913e-04 3.278291787813807806e-04 3.085684091990184780e-04 2.961433376939584224e-04 3.117200035666351367e-04 3.384430536691074732e-04 3.464384119162653309e-04 3.343050976461547984e-04 3.206692590764918024e-04 3.262475082189877224e-04 3.474485247722318383e-04 3.516841196882183776e-04 3.339739084382794035e-04 3.269189393715946058e-04 3.308598244290841079e-04 3.319571493736442249e-04 3.325097401538960559e-04 3.310921690741248794e-04 3.266807852853476361e-04 3.192462174923170427e-04 3.192501055090991597e-04 3.225019098825890264e-04 3.187797971756384805e-04 3.232750897195995178e-04 3.370601748699478695e-04 3.435990435799773967e-04 3.459648128394869453e-04 3.543147291136746510e-04 3.460560407020590954e-04 3.313687391720890590e-04 3.188442471384152948e-04 3.055830527643378257e-04 3.176945115184284015e-04 3.553694965450343839e-04 3.734302926503781138e-04 3.623588753690093370e-04 3.446890329880654240e-04 3.442517238905357384e-04 3.413825804980309296e-04 3.264695701975154187e-04 3.246445183548700040e-04 3.324893979852078804e-04 3.423354209878588664e-04 3.464718169654750846e-04 3.340073427627711714e-04 3.266934722473119725e-04 3.419741618227567894e-04 3.539816872014752065e-04 3.531713294337429231e-04 3.487122709064313934e-04 3.436750690319449741e-04 3.463499865318009395e-04 3.439918501133301340e-04 3.390416912440505468e-04 3.407847572686236847e-04 3.549787125922226850e-04 3.690940708339569051e-04 3.610895854033203132e-04 3.506982197922870002e-04 3.466599698496459353e-04 3.384458706252030510e-04 3.278988789110778932e-04 3.196193868998202232e-04 3.193031137960449092e-04 3.283131613243783341e-04 3.377756857383040420e-04 3.369421334926663708e-04 3.332099784826360626e-04 3.432192852730136211e-04 3.552146164642004515e-04 3.507824886459483607e-04 3.438360728573845466e-04 3.387802094290586277e-04 3.291474106655777813e-04 3.210403273970615853e-04 3.121848707273404541e-04 3.037118313519062817e-04 3.124851047616756671e-04 3.368218903015189288e-04 3.537482487376679158e-04 3.454018875624400567e-04 3.345667489554006360e-04 3.366364335480511588e-04 3.273787798968003202e-04 3.139402768357802851e-04 3.131993281803725337e-04 3.253026609556113925e-04 3.282939600859619131e-04 3.233446494527508958e-04 3.241084383722051617e-04 3.254793947572247846e-04 3.308208183352508614e-04 3.137806514215315114e-04 2.430002412271889379e-04 1.617704475479991399e-04
2.264426159177250096e-04 2.865718769467527952e-04 3.208805727123239127e-04 3.326319586699534874e-04 3.493324821338356719e-04 3.515454792590770139e-04 3.363914283043667030e-04 3.160243923981793067e-04 3.055390829914415894e-04 3.182589587380640645e-04 3.331180122460165156e-04 3.309224525484834832e-04 3.192660058766448356e-04 3.106516791886069443e-04 3.142076503464604365e-04 3.225434369999214432e-04 3.261069748706444402e-04 3.267908042386999216e-04 3.359345619965733282e-04 3.396586899173415245e-04 3.390084788486960642e-04 3.449406519128532501e-04 3.402034364889800736e-04 3.248345417210309082e-04 3.175327729371903076e-04 3.281751971984668602e-04 3.310940672327216533e-04 3.214359215962471939e-04 3.210987472541552762e-04 3.333188892343281898e-04 3.405640204012161040e-04 3.316081504000038122e-04 3.268789161399966118e-04 3.326523724320905513e-04 3.336456621349653817e-04 3.219476376299002136e-04 3.132629480914892383e-04 3.244919986133843609e-04 3.532489276504972332e-04 3.682590179237075611e-04 3.546886691557749288e-04 3.283413948531201500e-04 3.270086011398524659e-04 3.407525526026518358e-04 3.476826727807364316e-04 3.563229540546167294e-04 3.570483116611426408e-04 3.522832311074043741e-04 3.458468049192784419e-04 3.356264516835901629e-04 3.300511640586496287e-04 3.440523666227987077e-04 3.618850836044736540e-04 3.638881598386711986e-04 3.525759706950419700e-04 3.440464938229240459e-04 3.467509535483144717e-04 3.456525081470729257e-04 3.382370572639092931e-04 3.313793714756457353e-04 3.400699711889430409e-04 3.550461176821229190e-04 3.489124928110445725e-04 3.426868886541570205e-04 3.413161028311818661e-04 3.375603141716821461e-04 3.302655413068609309e-04 3.253216269197239767e-04 3.235408810361884314e-04 3.240955834516259272e-04 3.299915880048991850e-04 3.366149439847576034e-04 3.340645842059352744e-04 3.341092925793967680e-04 3.492629705056538459e-04 3.590477766166905865e-04 3.620973737140081167e-04 3.561130642700287762e-04 3.445591230928927908e-04 3.393293622420362021e-04 3.248626329416810354e-04 3.078730372193079967e-04 3.133149255819295438e-04 3.344628942671945267e-04 3.589187744366673094e-04 3.615189170413532450e-04 3.487318857673819871e-04 3.393571561688418390e-04 3.305828693582458198e-04 3.253804472739859743e-04 3.209100170225385323e-04 3.269987271137765258e-04 3.274025909539087127e-04 3.193501313772343243e-04 3.213518451009215278e-04 3.254005625555049411e-04 3.290670302273701934e-04 3.093070939775772782e-04 2.376090531176683123e-04 1.582643869264016459e-04
2.347975325758423629e-04 3.087448333750995172e-04 3.474560177278704430e-04 3.479246213559798501e-04 3.437096965119922727e-04 3.392959878680860356e-04 3.374761856437065357e-04 3.274500503152538797e-04 3.194680964139634538e-04 3.203740997962856076e-04 3.217205118612517919e-04 3.184427620515598739e-04 3.134296329300790586e-04 3.119013508104506293e-04 3.179109628777837689e-04 3.199423743093916762e-04 3.214850482257510184e-04 3.251147018345469045e-04 3.371452265453113851e-04 3.440999078621584427e-04 3.424166096093952537e-04 3.432786650837331248e-04 3.366817174050821420e-04 3.272154500706312124e-04 3.302389905479024418e-04 3.443018988237573751e-04 3.399224753800357806e-04 3.325473361313991219e-04 3.331426004830951356e-04 3.317924369701468314e-04 3.278647190715264746e-04 3.198168088135438115e-04 3.172994186320689507e-04 3.277433111807238441e-04 3.309284282368869508e-04 3.170577501001687563e-04 3.090882819800186052e-04 3.229783801131652513e-04 3.498721532002745018e-04 3.583117316672021317e-04 3.409634173169099865e-04 3.195043179656218454e-04 3.215805799718223250e-04 3.329816589417513044e-04 3.426343559819061972e-04 3.595644428911404710e-04 3.700046032214864911e-04 3.646288535300486471e-04 3.430839302302038959e-04 3.242975083722085625e-04 3.214062706942992162e-04 3.301943993980466078e-04 3.439577539566593531e-04 3.447214080005767730e-04 3.331095409041787050e-04 3.324681682842625988e-04 3.390689379630052120e-04 3.367640590781348841e-04 3.243419794107219208e-04 3.155891697492711344e-04 3.237225077506409318e-04 3.336146116780886405e-04 3.275299347241885273e-04 3.250433242678851245e-04 3.248134640947783090e-04 3.237350540541232818e-04 3.253559223882714394e-04 3.348656152620069237e-04 3.362420252402340535e-04 3.258401423392814043e-04 3.217163271199841978e-04 3.271183264661445310e-04 3.208384270138238165e-04 3.118930646862501615e-04 3.255594497242665121e-04 3.450779637937291273e-04 3.561230703794064775e-04 3.535865936134837523e-04 3.424732925044387871e-04 3.402226584054418709e-04 3.355963900915572180e-04 3.234032624970962101e-04 3.160202466857821258e-04 3.238621346960771107e-04 3.545216570527543842e-04 3.732098694150898319e-04 3.593761657273621818e-04 3.387286768046956749e-04 3.312788970518031279e-04 3.317023938345601414e-04 3.313496392901679917e-04 3.353595060242290553e-04 3.313251416961570219e-04 3.244151187216844914e-04 3.246587665850271401e-04 3.251245816426608331e-04 3.230879226458370154e-04 2.982172310520853770e-04 2.250658905066197930e-04 1.441717806208390323e-04
2.273801444244806296e-04 3.004831726977425974e-04 3.417855788538651175e-04 3.380813782181494036e-04 3.208372743071519488e-04 3.162650187493932412e-04 3.299808477118720612e-04 3.345726438483270782e-04 3.331346756196835839e-04 3.296504787532251774e-04 3.255464307139336114e-04 3.247429219013437188e-04 3.236079629475727614e-04 3.226657198807988264e-04 3.231730797180779003e-04 3.230464191293398605e-04 3.290145148897985266e-04 3.311159049823530977e-04 3.349636451616428844e-04 3.378738452698615193e-04 3.362548238098456675e-04 3.312682652147522461e-04 3.277721258476945076e-04 3.374721522993926175e-04 3.507790913869763389e-04 3.550395227303581583e-04 3.389821760525087136e-04 3.364686246450879648e-04 3.402206251122586334e-04 3.284043155103303410e-04 3.134675602383480081e-04 3.046221545812477570e-04 3.124665856410621884e-04 3.293679173525414835e-04 3.305578859638036091e-04 3.166121248303915446e-04 3.127084402097113228e-04 3.341463450772470052e-04 3.577442527142219537e-04 3.559604981399993023e-04 3.350369013666965414e-04 3.246289193412167976e-04 3.318468831961576002e-04 3.314334501140504255e-04 3.295587190253002150e-04 3.390287715145806364e-04 3.541905255851887559e-04 3.574778948503435977e-04 3.391865623690490080e-04 3.207114229643076748e-04 3.182421607483619345e-04 3.196652701542638782e-04 3.229506755946244772e-04 3.194784092081883234e-04 3.158482196991486057e-04 3.304011738839471952e-04 3.445095092681568381e-04 3.374482096244468821e-04 3.157027827481901651e-04 3.128218948602078716e-04 3.245151282540803626e-04 3.257137730996862010e-04 3.202731317328544845e-04 3.173920883372690857e-04 3.094847065075899601e-04 3.059005221312517632e-04 3.173461498821500198e-04 3.438014268907379524e-04 3.519545229250755540e-04 3.310006742583878605e-04 3.157986964677750004e-04 3.204968867168195745e-04 3.164155120035999028e-04 3.040961381578329492e-04 3.077351957880034385e-04 3.206332945321266250e-04 3.306433747181575841e-04 3.306299607223545708e-04 3.219458553371839149e-04 3.262136601536148807e-04 3.398526671269928336e-04 3.403947728381055172e-04 3.225451886455048527e-04 3.154431359511726237e-04 3.373315651572766222e-04 3.521918369046490600e-04 3.382404515079969658e-04 3.253833437490117296e-04 3.266576697185182183e-04 3.254501316920980049e-04 3.297100566305363463e-04 3.384159542582783039e-04 3.365572894718847456e-04 3.373946863992588040e-04 3.371979306683519717e-04 3.334741235057337425e-04 3.301291579648403963e-04 3.003157033342881629e-04 2.179430833417677152e-04 1.281362385528261958e-04
2.170510608788397630e-04 2.755315831850128428e-04 3.136683862223460083e-04 3.202800994356257928e-04 3.132100495936880613e-04 3.123750324589119045e-04 3.243929373677361186e-04 3.341909697450859331e-04 3.414814949743825859e-04 3.408666005837563372e-04 3.379066589267035788e-04 3.367038357778930112e-04 3.334197854029730731e-04 3.348030628175967726e-04 3.363010982257459008e-04 3.361086723150570350e-04 3.429218652925122759e-04 3.423838217736690018e-04 3.324404776019398034e-04 3.242566171772291164e-04 3.232768865163300714e-04 3.232344255192829384e-04 3.307470800818086394e-04 3.463485135205960665e-04 3.482189074743892725e-04 3.423987110379958401e-04 3.320400828023045356e-04 3.353915372421727202e-04 3.365245346302888707e-04 3.287956867388933438e-04 3.160818483507308761e-04 2.991525289866716437e-04 3.079329677560892599e-04 3.326348460923187660e-04 3.344841998499265565e-04 3.196019270324303987e-04 3.201435360208373633e-04 3.423413747853908400e-04 3.551622935463968921e-04 3.479554639614442402e-04 3.330362759929994380e-04 3.364484788638614750e-04 3.483598178816006241e-04 3.392724912511620367e-04 3.255433557564949248e-04 3.262232542398913436e-04 3.354242962936240411e-04 3.380774840453730067e-04 3.359009528419539176e-04 3.347712169581286380e-04 3.328185224230274428e-04 3.221302587297964924e-04 3.131627940150048632e-04 3.117878650254656469e-04 3.159630127382887736e-04 3.349820479261853175e-04 3.525167357827028699e-04 3.467869536273203088e-04 3.240025073965234438e-04 3.263814361309790328e-04 3.402370325654432504e-04 3.393636250362557947e-04 3.353721569333486001e-04 3.280599412186889366e-04 3.133850897826108797e-04 3.057606393056053347e-04 3.148119393938530889e-04 3.423059436265842026e-04 3.557592429872807210e-04 3.347451838034018684e-04 3.190453961509898389e-04 3.289759810443414808e-04 3.291214225239955907e-04 3.158417657683149971e-04 3.089027724412209629e-04 3.045500671784873853e-04 3.032131362040606020e-04 3.027608418180202481e-04 3.049335817529737723e-04 3.186108458930340449e-04 3.408021757884719619e-04 3.531393656658029026e-04 3.401903640297559181e-04 3.273301131769540536e-04 3.293917114419422009e-04 3.234451902072719206e-04 3.112796579378267507e-04 3.156591789210839842e-04 3.306272303979215571e-04 3.331412849653136218e-04 3.340113384189222776e-04 3.394309287127190815e-04 3.397290709617617889e-04 3.433148789211859942e-04 3.476260165674430235e-04 3.492554327203005937e-04 3.486504935619621787e-04 3.164788604013821682e-04 2.253801862509298404e-04 1.253351121669986086e-04
2.186788961867761657e-04 2.718741565845284578e-04 3.065952221171087781e-04 3.169792991220422417e-04 3.200166752443869963e-04 3.246565729432037209e-04 3.277186636338672151e-04 3.299402810612931921e-04 3.424500703425640245e-04 3.527418519505863613e-04 3.595820657389220106e-04 3.512119768767014202e-04 3.326395963550181269e-04 3.326523953597335169e-04 3.426402446167038044e-04 3.488628542535270960e-04 3.534157211524481860e-04 3.476816522327136599e-04 3.297097696341927723e-04 3.196876685286439328e-04 3.217866449411555061e-04 3.299355938798570259e-04 3.445705547865009081e-04 3.432609317792898644e-04 3.237819235392096076e-04 3.180945019890999673e-04 3.266934829505266000e-04 3.384054199089138568e-04 3.329203522125474346e-04 3.299663210239993263e-04 3.281127732624784408e-04 3.143559399688968209e-04 3.181528781190689267e-04 3.337875929931792942e-04 3.329259612597135665e-04 3.217336179319348869e-04 3.227475826767509971e-04 3.301007676923541859e-04 3.309787838686715795e-04 3.295680901903656193e-04 3.309481513981917433e-04 3.458051345179997938e-04 3.535026739609935177e-04 3.406542430079151362e-04 3.279063101069895538e-04 3.297814617747358732e-04 3.297145356383580439e-04 3.195829619032240689e-04 3.266194055885783456e-04 3.464092177464593689e-04 3.498459010865500977e-04 3.365170262732399757e-04 3.228048607254748294e-04 3.237808699104375958e-04 3.288079229169852107e-04 3.376530382671809154e-04 3.491293694497766501e-04 3.524861253996988165e-04 3.417204811869339410e-04 3.411555793162845008e-04 3.524038101515965726e-04 3.549904662984972254e-04 3.407013985869554906e-04 3.254679367959772908e-04 3.222756510797917650e-04 3.230146556540256409e-04 3.209337959133095686e-04 3.374433690257192583e-04 3.572708190937328625e-04 3.457009263887029452e-04 3.307147157706257857e-04 3.375152080623999200e-04 3.379619961752228360e-04 3.344728658715267599e-04 3.331047515150204353e-04 3.189972550689967488e-04 3.040524159941239359e-04 3.030833062264772252e-04 3.146814875096830451e-04 3.241989384624779100e-04 3.370631894871407353e-04 3.536966484088444355e-04 3.539519923697075944e-04 3.468338345542473821e-04 3.403141113093974442e-04 3.238669734204303267e-04 3.139956733730383913e-04 3.218354143730421430e-04 3.394154679598094951e-04 3.500728435445062646e-04 3.465597276462054153e-04 3.448064811250789777e-04 3.476610378880732439e-04 3.452646056369168851e-04 3.485592639047352176e-04 3.573815282609589961e-04 3.579991737368438259e-04 3.238391825151444104e-04 2.323951279942163949e-04 1.332688918816038611e-04
2.201289097764682083e-04 2.788710627321859623e-04 3.166855208117265170e-04 3.244920620397091001e-04 3.293700918901002373e-04 3.353361303580050328e-04 3.304930825624587229e-04 3.264136560777258994e-04 3.372068794115543706e-04 3.458158073121640275e-04 3.542378269157116623e-04 3.464721380647517012e-04 3.256807004971799683e-04 3.297145556028373324e-04 3.471696644982325171e-04 3.486126087945919843e-04 3.382757663034217281e-04 3.272369375488061232e-04 3.168879891123616401e-04 3.212425642523888025e-04 3.323827161601805732e-04 3.391359207704341397e-04 3.464586392610710078e-04 3.318833141431900245e-04 3.110986168174367491e-04 3.107438172288557029e-04 3.249455441660893998e-04 3.391255055223477404e-04 3.300689172576706278e-04 3.248308914340306691e-04 3.348304818500532840e-04 3.392057212576073794e-04 3.358081076418531615e-04 3.289081350509558133e-04 3.283289697343976183e-04 3.361106525692641209e-04 3.387129186629414188e-04 3.212009629909179658e-04 3.073182166854280107e-04 3.155192113568287935e-04 3.334982697968341767e-04 3.513060543122533850e-04 3.489106310765383761e-04 3.334466310725221934e-04 3.249064223320209405e-04 3.274078660220993472e-04 3.257623091509805882e-04 3.130095169310112861e-04 3.200050396557120873e-04 3.475892358763945159e-04 3.576123678027018056e-04 3.487101602439574401e-04 3.345789726663239835e-04 3.334285483679094914e-04 3.386390145710010979e-04 3.411365603410362337e-04 3.422781622586495011e-04 3.460257560615202159e-04 3.416556764765467163e-04 3.331392822667116147e-04 3.402121399829534528e-04 3.533202095961346227e-04 3.352260107665000965e-04 3.157085136678533088e-04 3.266183728742836777e-04 3.400372264305929278e-04 3.324432214509681063e-04 3.328975312295532609e-04 3.478155665138195417e-04 3.450667186668072636e-04 3.341414963969138469e-04 3.355490099260921024e-04 3.361576672474487137e-04 3.408038250026459884e-04 3.479849715798324504e-04 3.445451175587698226e-04 3.335744118308679122e-04 3.317636671797370230e-04 3.378873406605548179e-04 3.324755895206209493e-04 3.323621249504982991e-04 3.439806966656825228e-04 3.476902780867901404e-04 3.472806982620747296e-04 3.468230387143754652e-04 3.373869879139999666e-04 3.329974772047794595e-04 3.378280226493319324e-04 3.447248629313296657e-04 3.517865958336795240e-04 3.472922171419562387e-04 3.406988887025286239e-04 3.401179372718361217e-04 3.331982274813013100e-04 3.413475018616508525e-04 3.568118762446440733e-04 3.537713145090046803e-04 3.194557323666476429e-04 2.361814396371774598e-04 1.464712999754854924e-04
2.145410485794217400e-04 2.773157986644970963e-04 3.209574194671157427e-04 3.305121457059185587e-04 3.351153541586859722e-04 3.340938713886015083e-04 3.275975377663463742e-04 3.282985303697045685e-04 3.336097066120782134e-04 3.275889408142853860e-04 3.228758128423838162e-04 3.202147764995772914e-04 3.130519755611107981e-04 3.286915094932688509e-04 3.521322995359825068e-04 3.471951750704471923e-04 3.254389730310590432e-04 3.113834585229244192e-04 3.101707156253637838e-04 3.228296435325429641e-04 3.336291795851607615e-04 3.343341347918696565e-04 3.376085462382212511e-04 3.283106061722674976e-04 3.186461060740505423e-04 3.189282400023255287e-04 3.252826606279149825e-04 3.347389618496288133e-04 3.316791210508081376e-04 3.318770325993931902e-04 3.464164762433139888e-04 3.536951008774470284e-04 3.418247898268045575e-04 3.256696626528249750e-04 3.296603094562051929e-04 3.527290254449740124e-04 3.607266947868680278e-04 3.311864759489222790e-04 3.034250375159545520e-04 3.117547883616598320e-04 3.410013511330640956e-04 3.601051115943592370e-04 3.529583155114716627e-04 3.364114717668613636e-04 3.238057825951830282e-04 3.210005997062028793e-04 3.248090214885756893e-04 3.216893933356634676e-04 3.228564492618104251e-04 3.370110655860305464e-04 3.434011610417659829e-04 3.372882508748157541e-04 3.299382186772155477e-04 3.341334269423547549e-04 3.447960143023249191e-04 3.465776904819402185e-04 3.339310831224442423e-04 3.332178987972570167e-04 3.414668959345582185e-04 3.365418762537377979e-04 3.374490445947747868e-04 3.540497564266038063e-04 3.417033466056909846e-04 3.241946948374403855e-04 3.358054840503328035e-04 3.494763467675997552e-04 3.421935059562965209e-04 3.318090538668898651e-04 3.294765188331132870e-04 3.252985719001620082e-04 3.230262127776889350e-04 3.256022288210391876e-04 3.270874467008567455e-04 3.338093611834758298e-04 3.443058405246951373e-04 3.524097657001130490e-04 3.467274056165416726e-04 3.445426929774491687e-04 3.487124153506200456e-04 3.344353959347074433e-04 3.230115059288310572e-04 3.276151834721961623e-04 3.282349807970146244e-04 3.297208597735373390e-04 3.391297303542894961e-04 3.376587071505594752e-04 3.351360830176781111e-04 3.406728200785801106e-04 3.402790468111146897e-04 3.367655029813486746e-04 3.289981736960644726e-04 3.244100352428779714e-04 3.253593897069864075e-04 3.194075484982757292e-04 3.308351699733846777e-04 3.449061263315402479e-04 3.391047655373512410e-04 3.127782087295946363e-04 2.448763192836365217e-04 1.661584690918534591e-04
2.087621611740508626e-04 2.757364288255034312e-04 3.228850297760931269e-04 3.293169303409161381e-04 3.292679968145751138e-04 3.250417552423494338e-04 3.267404555958528791e-04 3.323518653281418134e-04 3.318282253727827141e-04 3.259159753666181192e-04 3.200428579384002100e-04 3.144570106116056441e-04 3.099331365571800353e-04 3.262779469271579217e-04 3.472182025157919999e-04 3.470587674483981491e-04 3.359737294767349753e-04 3.332962356084825549e-04 3.368298758541898711e-04 3.353673829157056974e-04 3.285268305220862082e-04 3.259395919072054573e-04 3.323788957394851161e-04 3.301430981757343336e-04 3.261858214006960991e-04 3.314376498916376482e-04 3.368221504325913732e-04 3.394475644352638725e-04 3.402013504450216797e-04 3.444516076969522883e-04 3.534829231471214232e-04 3.506339852743859385e-04 3.344789920143115486e-04 3.246086306295210898e-04 3.338124966834873702e-04 3.525752860862642075e-04 3.564445941543019618e-04 3.357394032736532867e-04 3.120112702196771513e-04 3.113210254021914550e-04 3.352317622728512476e-04 3.566753314220806798e-04 3.626423457110454994e-04 3.505971950911506633e-04 3.299358022792561089e-04 3.198606789178846293e-04 3.239378181452670820e-04 3.301108772165684772e-04 3.340302834817123053e-04 3.379336498457603788e-04 3.337842798240292378e-04 3.246623747368202178e-04 3.262384293046592752e-04 3.403598007048424211e-04 3.552661617397969264e-04 3.497723980838290687e-04 3.235761603890369110e-04 3.205590699639761188e-04 3.449919954493087075e-04 3.553509174388091042e-04 3.541907450271757985e-04 3.629911712578647227e-04 3.520361376228684663e-04 3.363587193039060236e-04 3.397429330419849021e-04 3.432816524060620846e-04 3.363051879343606325e-04 3.275252420142022499e-04 3.175426005760980525e-04 3.114425453012916877e-04 3.193043726026144162e-04 3.293709604820149392e-04 3.321958879429691793e-04 3.351081419650773661e-04 3.358461395492232473e-04 3.408276899120847451e-04 3.416203168765437207e-04 3.448319380294466311e-04 3.499352329676252288e-04 3.339959937538796581e-04 3.211941644095384074e-04 3.287581965843164918e-04 3.293380710533883081e-04 3.279233201560120912e-04 3.384485661313502234e-04 3.355183528793998361e-04 3.280211372358316489e-04 3.308706503049775463e-04 3.288640260209152412e-04 3.224132495773873123e-04 3.117329999196138545e-04 3.130660758037635762e-04 3.241421108427522142e-04 3.229050182624419729e-04 3.246752166218794689e-04 3.260096256016409549e-04 3.218068102632851797e-04 3.043508455118646219e-04 2.436138889600224559e-04 1.676015628046914380e-04
2.032495828585775019e-04 2.715094602879790289e-04 3.179514074154675385e-04 3.172778510234891243e-04 3.130926437490679989e-04 3.199316064016085844e-04 3.327551459074650463e-04 3.338687937346939338e-04 3.330568158011566401e-04 3.435331412522113492e-04 3.448551013051068042e-04 3.283344518867979504e-04 3.146130174354113958e-04 3.205789933740194010e-04 3.316684420791115142e-04 3.391454922793864777e-04 3.489539959548041336e-04 3.626871503871248372e-04 3.622949230257284793e-04 3.427837135676904375e-04 3.341270239724084034e-04 3.362182179669217456e-04 3.349964663087922007e-04 3.319550682544393071e-04 3.323154406294407770e-04 3.431347193557026483e-04 3.517108457596114122e-04 3.518904617864028386e-04 3.506140289947834226e-04 3.477396333756029544e-04 3.484615002609668167e-04 3.442982119677633177e-04 3.295132404868337085e-04 3.212998555544504609e-04 3.285641983434993332e-04 3.391847613669019489e-04 3.340587980563809950e-04 3.257053302160506565e-04 3.265109748805161737e-04 3.267490641233072889e-04 3.294426379497042336e-04 3.368427964593431506e-04 3.503053615927831420e-04 3.466707325449677594e-04 3.234350115462181468e-04 3.051876042681842677e-04 3.082193007491663863e-04 3.233284838521069317e-04 3.362666288139538103e-04 3.449073625561039367e-04 3.423507516638829378e-04 3.338481838885384899e-04 3.334585542414453458e-04 3.433654400745263973e-04 3.561539783048535803e-04 3.466526748378186292e-04 3.174165878777687614e-04 3.084536162780686526e-04 3.306814230518871829e-04 3.518436638116746403e-04 3.575095205239929358e-04 3.558952681085683937e-04 3.370804607509636595e-04 3.258359142381169740e-04 3.286775754836822848e-04 3.247420722419693939e-04 3.195231112589000388e-04 3.208632855240166554e-04 3.189136220532063498e-04 3.158877128927861915e-04 3.260236546055102517e-04 3.424393811102129873e-04 3.468319882220502253e-04 3.353073194705732799e-04 3.220763158884674265e-04 3.257162221692042406e-04 3.407229631158076007e-04 3.495378417856105885e-04 3.457474604066320713e-04 3.345058923795257667e-04 3.367578533917913982e-04 3.506649164299778998e-04 3.489042389485702729e-04 3.386839347021279763e-04 3.393692316118139931e-04 3.356024172358339935e-04 3.269727064346513085e-04 3.198414794949798706e-04 3.112707664429083731e-04 3.103187286978223176e-04 3.102636620557097549e-04 3.160299383548335114e-04 3.281503396803320738e-04 3.317594559828939598e-04 3.273918186422692181e-04 3.225804427555537283e-04 3.213165458037718462e-04 3.045053699525744877e-04 2.404091424614913561e-04 1.559263639465359105e-04
2.111346597961654857e-04 2.751711618704496599e-04 3.153666724387115677e-04 3.150839409350728775e-04 3.173627882220261300e-04 3.342898020149496618e-04 3.439117817155484336e-04 3.335558718403783479e-04 3.358228121700513160e-04 3.602341326406860531e-04 3.667503372093958202e-04 3.439870523202643573e-04 3.242643744084929220e-04 3.229499397799751406e-04 3.253255301824736138e-04 3.341206306477074832e-04 3.511738495963479521e-04 3.603969272697016930e-04 3.471627646555107112e-04 3.255576226130882291e-04 3.378250428784524556e-04 3.540767458619006056e-04 3.451775490350601511e-04 3.387642641598969978e-04 3.393554654011867247e-04 3.443168036802979315e-04 3.515742927592506038e-04 3.544139741928898062e-04 3.497119047209034997e-04 3.353565219534942934e-04 3.325919873195209270e-04 3.380266108594878359e-04 3.327247358442945221e-04 3.205481654959196295e-04 3.152232022834589725e-04 3.181218260483296588e-04 3.175024242327546624e-04 3.237271169714701067e-04 3.443283210347055203e-04 3.523514536380490964e-04 3.404688215449252087e-04 3.286935781645882186e-04 3.329280687867257945e-04 3.364057515999201208e-04 3.293157999321632613e-04 3.193773792871217043e-04 3.181843666475549833e-04 3.197108842663652769e-04 3.234569570823653609e-04 3.386492981599078991e-04 3.508786741921617307e-04 3.522998368184101755e-04 3.441104184868476706e-04 3.370716574111354974e-04 3.457731729591975939e-04 3.414418646313496981e-04 3.162923531474136829e-04 3.049614626923675704e-04 3.195827614495812350e-04 3.415625896323854589e-04 3.510699237561446797e-04 3.423493496085830076e-04 3.190564840864395157e-04 3.137494380828497213e-04 3.221757721853462210e-04 3.206062673647193124e-04 3.193091134585907638e-04 3.300774369800047164e-04 3.365310111705297185e-04 3.350729390653578161e-04 3.365422639791816172e-04 3.490815318634911835e-04 3.548161353161166957e-04 3.324667301109272399e-04 3.124491525809981458e-04 3.171182312987052003e-04 3.386930158272524771e-04 3.478119077940382449e-04 3.326107303354399131e-04 3.227774553925999348e-04 3.349795741213283922e-04 3.515569725057425955e-04 3.536973301876862054e-04 3.429845325479577802e-04 3.387218086425904410e-04 3.386763903957417700e-04 3.304795162552561058e-04 3.138304538901095478e-04 3.013441431441709348e-04 3.144743079008748519e-04 3.318048235582002565e-04 3.325571879034007190e-04 3.302638504732139540e-04 3.359838169404676784e-04 3.351770199833901389e-04 3.262260895304890237e-04 3.230073940801525632e-04 3.086394230452343523e-04 2.446200630145063996e-04 1.557627180565752359e-04
2.159419763004756152e-04 2.854574202526901521e-04 3.283390888027251306e-04 3.318496149998796901e-04 3.373754362618491842e-04 3.500571165331477414e-04 3.462705247186988601e-04 3.278036290440693753e-04 3.317634493080156535e-04 3.535759613497492797e-04 3.606841073745309834e-04 3.426758183605650449e-04 3.231290466507429635e-04 3.243748238635187423e-04 3.294107137543509571e-04 3.320114290213338698e-04 3.375184108496508259e-04 3.360763842963540018e-04 3.242951080771492786e-04 3.187324076276539181e-04 3.438434969806637969e-04 3.617007033533453024e-04 3.492549577617215083e-04 3.368403305354371628e-04 3.345207990592824346e-04 3.384677040850805592e-04 3.409541246429391740e-04 3.425338152663901046e-04 3.419617336986039346e-04 3.284772380263502366e-04 3.241624485414462448e-04 3.308184044841028714e-04 3.330362925900556327e-04 3.280605986296350929e-04 3.193906351797585249e-04 3.116961284796901897e-04 3.163681101907528750e-04 3.326114588598918327e-04 3.502303735093886599e-04 3.524305842094499529e-04 3.407440032914838685e-04 3.326895779976254551e-04 3.353791898398977237e-04 3.380296658894731176e-04 3.440955939691571074e-04 3.546833967911500727e-04 3.593857219353374004e-04 3.416573236046081016e-04 3.202450355527906726e-04 3.276903620207177129e-04 3.494095728822074537e-04 3.580611929495008993e-04 3.472755681844693341e-04 3.316929648309402076e-04 3.386469647527776215e-04 3.432012331438444091e-04 3.248289327818126068e-04 3.107404121592115417e-04 3.171378834595327397e-04 3.334273509530185633e-04 3.416274517989898764e-04 3.369816593240410876e-04 3.245160129009220379e-04 3.175925451108141308e-04 3.206505662327375789e-04 3.237933648284278387e-04 3.283301216415719734e-04 3.408732601215243643e-04 3.461850990264036610e-04 3.439960745345507906e-04 3.408117808178895663e-04 3.483794827204255958e-04 3.550422877944781020e-04 3.391142954684071798e-04 3.237101364452963617e-04 3.243310660604310737e-04 3.415332208874172822e-04 3.499365551339362343e-04 3.346071120951238224e-04 3.232979954420384279e-04 3.286583039419499063e-04 3.391649636860819775e-04 3.440646618698459222e-04 3.401753840085150514e-04 3.394235427649179094e-04 3.417220019304589721e-04 3.336007490149459640e-04 3.146868173982537943e-04 3.087176080059927941e-04 3.379444710450187615e-04 3.588439754603080884e-04 3.432038331727392836e-04 3.301780097781624197e-04 3.451472351660937049e-04 3.472896175163107382e-04 3.238875382435626462e-04 3.135595165332678022e-04 3.073308771993036193e-04 2.449851775834041177e-04 1.561669238754910928e-04
2.179933837596519975e-04 2.889156236244944868e-04 3.433902567904116381e-04 3.482183368179954971e-04 3.414908414748080308e-04 3.454444340466223014e-04 3.352311373246929203e-04 3.172997263922655098e-04 3.255568232685715447e-04 3.423234698973238056e-04 3.493063753053213998e-04 3.411223184153913484e-04 3.232570999426907050e-04 3.207994642314102875e-04 3.315100645788394843e-04 3.340313025699189224e-04 3.315194832229137857e-04 3.271421923563172822e-04 3.203979462521618473e-04 3.269845632762855849e-04 3.483676921726373290e-04 3.557997277691249253e-04 3.403176978989774608e-04 3.267662909794936824e-04 3.323194498362885265e-04 3.426035425977142358e-04 3.366641343014320368e-04 3.330233350603566296e-04 3.402604059574607337e-04 3.333009714866809470e-04 3.262517871693530877e-04 3.360862025503032246e-04 3.529666493333261709e-04 3.631475587991251069e-04 3.554733591779750445e-04 3.332206340620207270e-04 3.279950731936481702e-04 3.371637056217630839e-04 3.412442479938096115e-04 3.358559990094030093e-04 3.331294197542532080e-04 3.384545120012868763e-04 3.479042170839960783e-04 3.455433163413379667e-04 3.373661566904412974e-04 3.458882711820741168e-04 3.660797124550841351e-04 3.586534016906059181e-04 3.277996936728849037e-04 3.167686201572896031e-04 3.339578526720418748e-04 3.465683633745932253e-04 3.368101149016280299e-04 3.191777132754681189e-04 3.258401783387835033e-04 3.422309071014200278e-04 3.410476572176725121e-04 3.294971204748444490e-04 3.244014227649779595e-04 3.283526519615300810e-04 3.312611330077834017e-04 3.362184955673409598e-04 3.415698649266052812e-04 3.332625219011330639e-04 3.228200145212550506e-04 3.201073143656305627e-04 3.272308322167075166e-04 3.321720026977160100e-04 3.282647737896714300e-04 3.266509860523658421e-04 3.334296777755213037e-04 3.469264288416768556e-04 3.521795443288058694e-04 3.421477134221453638e-04 3.350406947449203294e-04 3.320724081116734039e-04 3.421836434663798159e-04 3.520371968552486047e-04 3.472899518941641606e-04 3.366284756075247752e-04 3.283067106092672814e-04 3.251716471446895827e-04 3.268583329061672802e-04 3.342831395449363677e-04 3.423270433118940194e-04 3.452623735589872259e-04 3.397228359261116265e-04 3.244009308895249937e-04 3.248246341913135380e-04 3.548806433649715581e-04 3.673719548090628858e-04 3.409590434826215285e-04 3.271141970516871274e-04 3.528382930896805216e-04 3.608339855103727097e-04 3.288437142750165161e-04 3.102016963972927172e-04 3.072502734286360841e-04 2.439901321242683133e-04 1.478668755994755443e-04
2.218045876167814656e-04 2.826939727191664841e-04 3.428711297063970079e-04 3.589764764231668137e-04 3.509492128213217944e-04 3.441972674705925201e-04 3.267069685793505800e-04 3.132012673672574963e-04 3.240895172228159616e-04 3.379761584560243750e-04 3.491803829668937531e-04 3.500872392480890703e-04 3.315790852605175363e-04 3.194409730600002422e-04 3.311528453320767207e-04 3.353404718890850428e-04 3.289197404449911277e-04 3.221959066712048580e-04 3.146766554596860466e-04 3.246312164576525047e-04 3.427800283104103255e-04 3.469315313553482600e-04 3.347042162299021604e-04 3.306423783183302456e-04 3.431520991896637495e-04 3.462681544101915004e-04 3.338125740934245545e-04 3.322007783831767589e-04 3.408177209863090529e-04 3.318101250735286650e-04 3.272974483931639011e-04 3.517623989187661682e-04 3.804509270475760793e-04 3.929473901285148243e-04 3.825947229634438207e-04 3.479887034831631912e-04 3.232213912129099412e-04 3.253566882644539542e-04 3.371540362612120145e-04 3.430881567896801624e-04 3.451675845968993285e-04 3.416048009690519525e-04 3.401580955642650160e-04 3.364557619874353786e-04 3.224286656254355581e-04 3.188811024487972468e-04 3.349184315327283007e-04 3.456089010173558473e-04 3.327941762681680023e-04 3.176260267775054495e-04 3.265132501935134315e-04 3.393344986225734069e-04 3.269814137886927147e-04 3.097266389544586470e-04 3.136965819590634315e-04 3.289714173575738533e-04 3.442007071117847254e-04 3.506362739613033859e-04 3.442385713753765572e-04 3.325425577235014037e-04 3.255610625900919996e-04 3.343215827847344787e-04 3.492913302443344291e-04 3.515766974535156596e-04 3.421995312808839861e-04 3.284046899755669376e-04 3.252901946314654558e-04 3.222481530515251976e-04 3.160368976182498105e-04 3.108983089100376225e-04 3.193922776664926029e-04 3.360045277373213896e-04 3.381123613570515994e-04 3.324182986459776998e-04 3.377355702126268221e-04 3.346347128862021047e-04 3.328078799724604729e-04 3.397588616317855146e-04 3.445348563777439108e-04 3.383076485779405252e-04 3.220072315223477025e-04 3.073051171140553373e-04 3.051502878401624215e-04 3.231255314130806479e-04 3.407021199553415770e-04 3.443091493935505898e-04 3.407982517346960891e-04 3.346281450418220945e-04 3.465098815422242538e-04 3.728474839599149929e-04 3.686743818728661069e-04 3.279187561598298061e-04 3.153387556045719351e-04 3.481520544581862887e-04 3.688055154059085346e-04 3.464006625282014260e-04 3.211655785163858301e-04 3.082228065327159163e-04 2.441963836823824330e-04 1.439830507559699906e-04
2.170369887674624787e-04 2.700733946475016500e-04 3.225867375379799936e-04 3.498856750941357332e-04 3.563186490867911510e-04 3.511328992174013713e-04 3.384934021184848180e-04 3.277105692976917703e-04 3.249465240525565603e-04 3.262199066531554269e-04 3.437313976345868303e-04 3.519871588996324415e-04 3.299100083500526820e-04 3.125529683273165632e-04 3.247189006444355401e-04 3.356728287450403336e-04 3.367648449816980317e-04 3.301968763695411124e-04 3.214637863165778985e-04 3.289373087457516873e-04 3.419934696170028000e-04 3.422048591145826751e-04 3.336464157188088206e-04 3.353585580070134360e-04 3.389888065033228124e-04 3.313615831604831878e-04 3.245460061084992783e-04 3.297130316704193582e-04 3.347369467465653964e-04 3.244643067150090789e-04 3.264037471209829309e-04 3.547078721401216274e-04 3.724945949976412327e-04 3.735812684966721611e-04 3.646201628077677171e-04 3.354532379141792310e-04 3.046072993760215106e-04 3.123412663523160134e-04 3.500852095673057086e-04 3.714016452684599113e-04 3.626350967046994647e-04 3.367276295240738100e-04 3.162929949238293308e-04 3.131188448851989999e-04 3.177796899848357812e-04 3.205421638888337056e-04 3.219164394427876589e-04 3.347729156193607119e-04 3.386507099102972328e-04 3.296112580612503735e-04 3.308831839137293214e-04 3.373262494438985224e-04 3.256074136583593580e-04 3.154458570291668448e-04 3.155057652892479837e-04 3.177225631305763951e-04 3.317145481918775144e-04 3.473145580583839433e-04 3.457573033964552876e-04 3.316233505514001021e-04 3.243154131553020042e-04 3.297620970772701505e-04 3.415737613946645112e-04 3.541696878317494466e-04 3.511040937813488753e-04 3.348689973392230280e-04 3.257972682057673399e-04 3.298282037396645713e-04 3.388993919635075315e-04 3.298747725536535567e-04 3.234882991271592167e-04 3.342332731047897832e-04 3.415485584865650490e-04 3.429784846039236890e-04 3.476399913734582164e-04 3.332549300543714670e-04 3.170411294203887963e-04 3.265756632407802859e-04 3.437588671605343489e-04 3.454486873771622866e-04 3.307184305657811900e-04 3.113398880476123294e-04 3.019872745897089154e-04 3.205086070021749794e-04 3.453508843643439820e-04 3.530084728947613599e-04 3.431404286838805190e-04 3.363873009311087571e-04 3.552844171668230943e-04 3.779710714324185233e-04 3.588837701860447685e-04 3.106971615987431457e-04 3.018066647393449525e-04 3.299704926207124109e-04 3.467233539252056107e-04 3.352529916800867571e-04 3.184497364092078102e-04 3.017170291196777637e-04 2.395300424639169640e-04 1.436411645162772720e-04
2.224285179464795617e-04 2.685818342684897901e-04 3.080648045340258091e-04 3.304690405679187718e-04 3.418860917072649502e-04 3.495174532664934927e-04 3.537991293921131453e-04 3.436927546950587138e-04 3.221105779246972653e-04 3.132358846406801869e-04 3.371866143075841378e-04 3.477165295122272267e-04 3.233691473143149894e-04 3.059804482211013693e-04 3.170369494030993553e-04 3.396577934855503139e-04 3.555209629877087918e-04 3.484035665019529914e-04 3.392535631371775950e-04 3.462950461480717368e-04 3.523779807437661107e-04 3.447855354620294388e-04 3.337269341063458313e-04 3.292162338092514875e-04 3.243994024663047582e-04 3.240095494644861657e-04 3.343788506299972966e-04 3.422511619438414884e-04 3.361935202658475862e-04 3.222367983588231115e-04 3.230917307559026349e-04 3.389253430236757736e-04 3.388740963379695791e-04 3.329667984814098673e-04 3.288229445399903743e-04 3.189986654480647318e-04 3.013907481858257528e-04 3.115269563690312897e-04 3.572389310448869227e-04 3.798646247755355001e-04 3.570331710988147852e-04 3.248014824438926655e-04 3.091956372084566913e-04 3.052491065635923729e-04 3.142318617637782237e-04 3.233229140716353507e-04 3.250324064494181770e-04 3.369412844296289363e-04 3.412122706211553392e-04 3.364195025375443121e-04 3.401020041449612881e-04 3.431768593335036022e-04 3.323639668478493023e-04 3.238418053069470545e-04 3.193864120666402035e-04 3.175467722352963646e-04 3.274162701518112647e-04 3.380036646802165429e-04 3.389691379227540010e-04 3.293959278595927744e-04 3.187107407992579178e-04 3.131923379768607510e-04 3.198714096404413603e-04 3.416983878599440120e-04 3.476229699317589465e-04 3.377979405598513355e-04 3.314055181071854663e-04 3.450533514473563563e-04 3.656399706344906023e-04 3.549626548036972202e-04 3.289632966018972730e-04 3.230068206874744984e-04 3.345244542078875533e-04 3.415064423961193508e-04 3.403031010921722557e-04 3.243174811864045970e-04 3.123132314740539981e-04 3.317337396374123691e-04 3.610151494179252019e-04 3.672303240047378268e-04 3.499008147529823060e-04 3.264124229171218327e-04 3.147387365908001352e-04 3.335726629284225218e-04 3.626056636201163263e-04 3.679560479215139373e-04 3.423438258565564794e-04 3.233706983149651679e-04 3.329662920907137816e-04 3.454172945659834113e-04 3.333646505708858475e-04 3.099299316509135545e-04 3.067451370912273453e-04 3.148755405324574945e-04 3.146571832744951688e-04 3.127202141784522099e-04 3.144316443961541656e-04 3.021359828048091403e-04 2.384904226789847509e-04 1.488790321087060024e-04
2.481207355102262946e-04 2.838189768547520623e-04 3.083214690720926555e-04 3.168172560657855994e-04 3.252481151994028466e-04 3.416858215849833064e-04 3.572483013059725822e-04 3.488783606289810532e-04 3.221575043448668125e-04 3.132574156193569095e-04 3.374101860886061233e-04 3.479531379784123538e-04 3.270248734222689496e-04 3.106918138759829219e-04 3.181738793320671127e-04 3.421104389722430658e-04 3.565759340352883840e-04 3.465555702082260322e-04 3.393154268397019025e-04 3.443639865123173478e-04 3.474298236741289129e-04 3.425019696773663356e-04 3.298662468549045214e-04 3.206904760268925402e-04 3.236954683503881318e-04 3.362718160892919214e-04 3.509740835411287582e-04 3.521094447093462516e-04 3.327317823137723664e-04 3.115169410129887940e-04 3.156887632359993076e-04 3.307158716728103012e-04 3.246711169015611400e-04 3.144735190780357723e-04 3.109781749611265360e-04 3.177661386512930630e-04 3.157718385847115006e-04 3.172321192961721987e-04 3.452679090835111732e-04 3.609935493593618115e-04 3.425768555460479954e-04 3.232429295628026604e-04 3.246256595282473803e-04 3.239093848059463221e-04 3.253524038508420345e-04 3.303160557928507945e-04 3.361368006408665477e-04 3.433772692743988558e-04 3.372445338923667300e-04 3.329561711773465233e-04 3.414530725608627259e-04 3.432164414589832218e-04 3.330070313333800824e-04 3.267527437167514100e-04 3.250080764492580595e-04 3.257029823735183406e-04 3.328890718451476194e-04 3.364218001037320169e-04 3.363777452683450924e-04 3.283460982903351573e-04 3.137476932263314985e-04 3.012643166555720783e-04 3.029608048216379497e-04 3.297976488366058086e-04 3.484192101761964737e-04 3.453975081268768378e-04 3.366870676923411094e-04 3.471330534718098911e-04 3.613756821054506696e-04 3.520467469907187486e-04 3.263324005467780698e-04 3.124772221451797708e-04 3.220926484971657492e-04 3.295954114409620477e-04 3.268826344843210044e-04 3.166498068027350909e-04 3.142794099904099936e-04 3.364160750129173991e-04 3.629998251848910382e-04 3.674658562719321361e-04 3.517233615114889506e-04 3.302034222080915096e-04 3.208252835638545318e-04 3.427753511516102008e-04 3.741464171354696717e-04 3.747027298057393650e-04 3.385519398095601217e-04 3.046932409937497276e-04 2.986240216666120190e-04 3.118065311177004679e-04 3.240587058199313167e-04 3.282852126886424060e-04 3.239833052712634185e-04 3.189208393242661649e-04 3.181905479125884430e-04 3.252858424815165974e-04 3.330545962701804202e-04 3.171902589187979319e-04 2.454283948244847472e-04 1.559922530122486643e-04
2.508457336131912738e-04 2.860324067922667300e-04 3.114409363357310227e-04 3.155936353183379488e-04 3.228252583731269299e-04 3.399851630268333033e-04 3.553086919973904678e-04 3.480041159263907850e-04 3.275099858910720391e-04 3.277457665216631458e-04 3.495822315504777678e-04 3.578469364693638490e-04 3.421918224720480860e-04 3.291880261755810236e-04 3.315431640353034138e-04 3.444442793483719735e-04 3.465533270134212116e-04 3.323676077462555268e-04 3.228296328456588607e-04 3.251702008455578012e-04 3.294210298431857458e-04 3.341057966754676888e-04 3.306144317830214631e-04 3.241665573941332089e-04 3.292798078257153679e-04 3.401421210173974754e-04 3.514950550880909441e-04 3.515295666527226844e-04 3.310917915584347298e-04 3.118620944189282864e-04 3.220743100722780680e-04 3.372122839845203982e-04 3.268861568775168099e-04 3.105756155581114279e-04 3.095738915744618812e-04 3.256580586125822812e-04 3.279354091784318160e-04 3.185658008680124068e-04 3.252899122831826809e-04 3.300595726145608621e-04 3.228224990124307220e-04 3.214148880952663904e-04 3.353114872175594037e-04 3.464963394282231154e-04 3.537145360869414215e-04 3.538432308208805908e-04 3.489058452990043439e-04 3.419825285915537808e-04 3.299110524111457422e-04 3.236631645180948068e-04 3.279816518628731717e-04 3.347154317512289218e-04 3.410670069847882013e-04 3.474779461031931920e-04 3.446171611311734783e-04 3.351402761952360001e-04 3.347789943457957912e-04 3.336747409538680896e-04 3.271721968655392013e-04 3.198243366565740571e-04 3.194073488497703732e-04 3.196590916080054934e-04 3.181781560648419462e-04 3.333716063544930408e-04 3.501016594891145917e-04 3.493601868430714534e-04 3.376238921816410686e-04 3.354611137716312277e-04 3.352456601472679249e-04 3.322026695599769900e-04 3.262502952819849953e-04 3.195161483302793150e-04 3.224207133402155843e-04 3.260160127009556746e-04 3.274288545798912774e-04 3.216600369403692546e-04 3.192355190741430048e-04 3.279038060939295563e-04 3.332739170790377427e-04 3.315944058411385786e-04 3.305534281208401346e-04 3.283217472051440204e-04 3.240460831402118178e-04 3.378063718526019984e-04 3.591043577892095648e-04 3.572659357803080081e-04 3.296452862414200446e-04 3.002099058102120598e-04 2.905645172817498696e-04 3.085244325079980194e-04 3.321252030640879606e-04 3.436970956229968384e-04 3.377459172280971038e-04 3.284554875741477350e-04 3.360764279982826879e-04 3.540512585191762018e-04 3.582168079681122969e-04 3.297784695070557102e-04 2.491623542503167274e-04 1.527982053758741539e-04
2.337341071632051035e-04 2.848650194908486366e-04 3.256148567160055407e-04 3.283428695033771983e-04 3.332217732070220364e-04 3.499425949310141257e-04 3.574243854819903073e-04 3.420453172403685460e-04 3.205201251023976532e-04 3.252842893009792887e-04 3.428650065581053275e-04 3.491987236553539559e-04 3.416852791661496619e-04 3.359279735481851808e-04 3.353432653926542413e-04 3.389302764500509843e-04 3.367579335138647079e-04 3.216108566006788496e-04 3.095806823884609507e-04 3.168918863756288451e-04 3.238310955290383034e-04 3.322838877155731997e-04 3.375473458716738567e-04 3.330359534354776214e-04 3.349011752280342015e-04 3.386206261160626223e-04 3.475534846135998573e-04 3.484925728217040208e-04 3.355208333412669367e-04 3.295298890135135847e-04 3.449314870872458982e-04 3.535483125602328740e-04 3.346837387794784641e-04 3.131732929170963180e-04 3.162074483108461725e-04 3.333483974586473955e-04 3.350049993949844864e-04 3.304654174801710401e-04 3.279980968625316397e-04 3.141728760650266072e-04 3.023754328457446162e-04 3.065473598449908860e-04 3.241291608272724384e-04 3.402127092899281165e-04 3.503971674050816178e-04 3.506449604891088197e-04 3.470959599299271690e-04 3.422149265363557498e-04 3.369752084432694182e-04 3.283916258413921993e-04 3.180373714817331964e-04 3.246690444543947869e-04 3.492517890586467307e-04 3.658274229204412815e-04 3.552126763139392459e-04 3.387896878795659556e-04 3.400515226193581231e-04 3.397906687053172184e-04 3.287639298632425398e-04 3.199227831749083795e-04 3.299150282398174549e-04 3.436651695627656808e-04 3.405305162119130801e-04 3.365355439278273691e-04 3.441804238984588434e-04 3.434411360783750700e-04 3.346042961745113046e-04 3.278395774410510465e-04 3.194605804407239487e-04 3.153454499371372141e-04 3.200544530941545982e-04 3.260668356437091417e-04 3.245809853928771443e-04 3.221161132057086458e-04 3.352180221365285871e-04 3.390166675888674143e-04 3.312317768507181130e-04 3.230819839639751507e-04 3.081410507138425793e-04 2.962579691842608066e-04 3.063243378918158893e-04 3.256109012997145981e-04 3.323001679016081441e-04 3.327575599320538877e-04 3.357885692252881660e-04 3.360997672029882271e-04 3.289693680094870612e-04 3.181268185574569066e-04 3.119413739525429092e-04 3.222065903440260622e-04 3.339250992882772514e-04 3.416934336228996411e-04 3.434592311729702582e-04 3.279225030572046392e-04 3.236545980639074678e-04 3.379933395567964998e-04 3.415838247081750276e-04 3.171689468667806167e-04 2.451478193380984827e-04 1.486056672582899128e-04
2.256668338225181563e-04 2.926849325901160039e-04 3.465369436461834818e-04 3.437070598628065056e-04 3.384656060878843409e-04 3.488606263885935454e-04 3.466117540318446998e-04 3.280421937149456289e-04 3.067271419761832167e-04 3.083063351467294324e-04 3.208167856474148272e-04 3.317254912062125318e-04 3.354290565767117840e-04 3.321136859661745792e-04 3.244884400689593013e-04 3.263925653462464898e-04 3.329245289402870366e-04 3.261576455086290672e-04 3.125708507075760766e-04 3.157556542698793513e-04 3.230811146713108775e-04 3.316809037863449128e-04 3.316909134508075514e-04 3.262492737283461145e-04 3.352059250915702827e-04 3.383321979641105981e-04 3.402283120529262872e-04 3.364652595517007546e-04 3.299842218543557045e-04 3.406110834977914672e-04 3.637336974970492489e-04 3.675208725850757875e-04 3.450692738018530832e-04 3.263769384045258183e-04 3.272726126237289609e-04 3.379847912389478915e-04 3.446082821225263950e-04 3.540585660600908133e-04 3.496249050694371328e-04 3.232257067328827291e-04 3.035831590437380423e-04 3.042131163467673535e-04 3.191930977734607736e-04 3.316304193273819211e-04 3.346057860021461536e-04 3.314034051429950783e-04 3.343934380908302091e-04 3.370752191559618725e-04 3.402751203517726192e-04 3.375380968515693191e-04 3.205409590841378636e-04 3.163459770226736967e-04 3.387356512200934773e-04 3.559612173276652117e-04 3.432336023290423000e-04 3.345423694088349659e-04 3.480847381761639357e-04 3.511794168702325270e-04 3.430608862414699254e-04 3.349066885729230672e-04 3.371761938208443147e-04 3.428925258787475809e-04 3.366207185353035621e-04 3.291871472259596588e-04 3.382830386572765308e-04 3.349072835239671727e-04 3.224213101867782084e-04 3.220451020989561043e-04 3.248169038123845413e-04 3.188631988458713682e-04 3.202608449187540479e-04 3.335079145524427052e-04 3.313560521709185084e-04 3.279952799210495351e-04 3.524255211299607594e-04 3.623589613912307468e-04 3.469676978440521843e-04 3.285920040280326283e-04 3.090346151045528190e-04 2.928348291790457462e-04 3.029396648773300662e-04 3.308083477230690695e-04 3.487175508945622969e-04 3.447996255640524530e-04 3.308656344382161123e-04 3.284663032097981665e-04 3.381728078191039550e-04 3.405607124552125615e-04 3.343499302896057730e-04 3.367854179834555003e-04 3.371172311895691753e-04 3.360269868896493314e-04 3.426498410095503498e-04 3.323849032217378752e-04 3.148316020443563254e-04 3.098036182384316826e-04 3.147009689614652149e-04 3.057249556275530035e-04 2.443022934035002326e-04 1.494060479847380760e-04
2.313041574071670464e-04 3.014997079682428353e-04 3.533405720423454604e-04 3.415663216362362694e-04 3.243742319961799656e-04 3.263540631397833860e-04 3.242099140415893237e-04 3.223576177700244842e-04 3.133678483599160050e-04 3.098923110464547404e-04 3.142375441063367889e-04 3.260626309263781552e-04 3.373435152286439684e-04 3.366606490067470181e-04 3.265787298965902195e-04 3.303619640496677223e-04 3.412056933848643062e-04 3.410617394340009875e-04 3.324962541895748751e-04 3.286813024257223700e-04 3.311334175025400293e-04 3.359291036886323349e-04 3.271229034189836681e-04 3.182000481310777733e-04 3.303117491464281760e-04 3.357737872130744971e-04 3.344347743517756162e-04 3.319766390683726509e-04 3.315379902932068332e-04 3.442650489417403204e-04 3.603810954752200736e-04 3.578150032525704021e-04 3.437346794254205460e-04 3.399734132784741928e-04 3.401881345268809032e-04 3.411382527746899588e-04 3.442896645881216326e-04 3.553483699856041251e-04 3.548347429891045377e-04 3.390783072827015438e-04 3.280889536405533864e-04 3.278541241930871654e-04 3.297121051964143137e-04 3.253652224522624883e-04 3.210096200497366279e-04 3.156764512121634217e-04 3.148767933390527211e-04 3.166848872437071256e-04 3.293515061134092911e-04 3.377966193925852523e-04 3.290553577835902705e-04 3.258620060370101979e-04 3.358233821372591868e-04 3.430318734592372734e-04 3.329435153597884141e-04 3.266849693887512282e-04 3.356387546047869420e-04 3.362323250186295253e-04 3.372006142786938398e-04 3.368222810835357550e-04 3.342090336878489765e-04 3.325810904495027929e-04 3.300116946469028876e-04 3.310248942040848225e-04 3.400815761940424557e-04 3.329910254290779350e-04 3.191538457977760807e-04 3.210626686212761805e-04 3.299079522098308389e-04 3.279852650503954073e-04 3.322187254257468261e-04 3.456424782768627302e-04 3.377734954166797731e-04 3.327486022718954481e-04 3.536780549459824538e-04 3.611963629033648456e-04 3.513302566085797210e-04 3.414050120427210159e-04 3.290147611136044108e-04 3.119405500305578007e-04 3.158621374893752238e-04 3.402804734810400619e-04 3.599148809817371295e-04 3.569610443479843097e-04 3.316379371913430549e-04 3.207627830595256857e-04 3.352924242220868762e-04 3.416778717115564286e-04 3.406345224949088621e-04 3.462590496940696257e-04 3.493425434000303666e-04 3.423661895299290586e-04 3.420620287362386141e-04 3.444283776412401950e-04 3.301561621528994669e-04 3.093417490966362073e-04 3.087510433960201340e-04 3.023148456747270021e-04 2.402382421260568744e-04 1.466530851597939913e-04
2.379782425610462446e-04 3.019608203714874736e-04 3.364510693240808535e-04 3.194431071474479076e-04 3.089977672132701646e-04 3.171458600462211033e-04 3.238470156904288736e-04 3.403459611960792542e-04 3.447471988727679286e-04 3.351701848826359794e-04 3.275951353941621599e-04 3.357468260627582296e-04 3.458065423006705043e-04 3.387737313503918178e-04 3.257034112833602285e-04 3.287150738770091511e-04 3.405444632777290836e-04 3.463584921219435174e-04 3.496011990145432916e-04 3.474072892062500832e-04 3.444483133150954592e-04 3.436717717592357112e-04 3.330893102621241067e-04 3.217200280711528812e-04 3.288336368428786171e-04 3.382585496495383670e-04 3.398920616401390152e-04 3.420743715345245998e-04 3.421817716497816114e-04 3.387862710703621661e-04 3.331623615334379182e-04 3.270547027971708451e-04 3.255508620735125358e-04 3.340544978999139764e-04 3.373761043980342883e-04 3.356061704641314833e-04 3.352788555807203639e-04 3.395709187114383893e-04 3.378018591989539413e-04 3.366170019647391279e-04 3.423525757398957316e-04 3.480362498420938719e-04 3.381051955640138247e-04 3.152674581753224861e-04 3.066405242788337307e-04 3.041259432919047982e-04 3.032729470506515435e-04 3.082298274983209839e-04 3.305211713718907065e-04 3.450348384709209801e-04 3.387418892430155279e-04 3.399062304415676914e-04 3.438144543383569876e-04 3.422388596869964752e-04 3.357926618150808870e-04 3.251614343929495887e-04 3.239000388473841979e-04 3.211910326452676961e-04 3.196648427820946489e-04 3.238742327678385694e-04 3.303081072389066342e-04 3.348735825370104005e-04 3.391457143317103801e-04 3.426226778189874617e-04 3.435711088653033629e-04 3.366804428972643365e-04 3.270588477138727020e-04 3.203732550691797435e-04 3.242486435686739010e-04 3.356232056886468418e-04 3.465181923291939985e-04 3.516318185481806069e-04 3.409286734480734566e-04 3.367365050068921216e-04 3.437794970064029414e-04 3.409468279265256345e-04 3.408705278847926892e-04 3.515240486134119926e-04 3.466602573243102343e-04 3.272315050080475173e-04 3.220288229980378569e-04 3.355670107003708136e-04 3.508065140540728025e-04 3.488279592835125554e-04 3.261481453459523505e-04 3.183031254369743704e-04 3.299642125994908825e-04 3.359693749426547046e-04 3.413524477997111105e-04 3.464800335094092533e-04 3.499361049309860651e-04 3.402557511084631603e-04 3.330324815586137646e-04 3.430257879928278386e-04 3.411939809289992668e-04 3.209949740266587097e-04 3.119098128514006347e-04 2.962389511039902621e-04 2.343663325497205747e-04 1.502767361122752971e-04
2.382595369087618588e-04 2.942890136438412524e-04 3.165890493289254802e-04 3.029827388473976856e-04 3.067553780127191352e-04 3.245365876065956488e-04 3.350407695578093946e-04 3.575005821738970512e-04 3.691615675441461313e-04 3.537690010748838687e-04 3.398876152743093458e-04 3.521012776074369387e-04 3.650900288553053413e-04 3.497839489805746184e-04 3.283040173777672681e-04 3.228269057628878856e-04 3.315050623611428388e-04 3.403071697205610436e-04 3.485872453888629583e-04 3.495234675476124094e-04 3.459895815236441229e-04 3.467221477897499933e-04 3.396651734069049459e-04 3.260064351187104805e-04 3.256576306236620981e-04 3.342669075502663302e-04 3.346788699060635613e-04 3.415295500344558369e-04 3.462511359054844598e-04 3.348270890307990071e-04 3.173608471499235451e-04 3.098515103360227748e-04 3.046397800005369192e-04 3.131477830910914316e-04 3.270939779454655819e-04 3.307213578609571967e-04 3.291472225044240227e-04 3.226801344815799456e-04 3.121177189584522279e-04 3.188341066831806717e-04 3.383930779167147848e-04 3.532616416788170741e-04 3.480372048376789793e-04 3.256850428256772862e-04 3.174443538931339326e-04 3.196897488076905040e-04 3.197163867213750291e-04 3.182834996208100441e-04 3.337404891678642143e-04 3.462779840801894935e-04 3.355069276437371711e-04 3.363671188183610882e-04 3.470929335198799583e-04 3.465233070937248552e-04 3.399632088361558176e-04 3.282563253190970420e-04 3.293467798979310673e-04 3.291321380180657727e-04 3.183046552258352252e-04 3.194766028491497932e-04 3.341686171046869339e-04 3.419283091117999822e-04 3.398821399605778592e-04 3.351395888221049839e-04 3.333994281858830826e-04 3.331058700793236831e-04 3.299944589297071828e-04 3.221066047254281619e-04 3.251818336401655950e-04 3.468138867640815047e-04 3.561705778110049888e-04 3.460426766915561067e-04 3.380765836558476990e-04 3.409849650271596505e-04 3.404242176865353341e-04 3.337950197639730221e-04 3.368689466763251004e-04 3.496954369477679172e-04 3.390498536916273847e-04 3.246054101733608795e-04 3.211484373307903922e-04 3.279577524020925927e-04 3.450600294073317195e-04 3.482456974526244734e-04 3.310303252621853024e-04 3.283533605502382980e-04 3.349669130984394335e-04 3.362976325726786957e-04 3.372552955160369433e-04 3.341562319953662267e-04 3.325723786255577186e-04 3.229732121692821425e-04 3.202525102681473253e-04 3.392433911200348285e-04 3.549129558526945005e-04 3.464524857085068575e-04 3.276494544595630332e-04 2.979064034655425682e-04 2.350358604718641464e-04 1.611843001167421747e-04
2.254075532139504577e-04 2.831633854321867223e-04 3.182450490706138779e-04 3.150009970959685756e-04 3.161193521364439327e-04 3.310197954553444934e-04 3.384175230422780366e-04 3.516312582266152564e-04 3.619310864780323237e-04 3.491248743115824699e-04 3.407183504842473641e-04 3.529443838378076219e-04 3.675980057192253995e-04 3.606835043225853636e-04 3.411426920428464304e-04 3.275499446767091496e-04 3.263794655721488267e-04 3.312329581500702874e-04 3.402697028205563961e-04 3.440262370229834775e-04 3.366703131771045434e-04 3.387832082418794138e-04 3.390568357879768192e-04 3.289114541341823356e-04 3.290861714981469822e-04 3.324927033061758175e-04 3.236290647227326811e-04 3.309282663062726340e-04 3.479214710648626321e-04 3.436530985495851297e-04 3.250137297962914056e-04 3.153105292493377839e-04 3.053762476653214633e-04 3.154564375375713695e-04 3.365953650166811318e-04 3.367076531942103093e-04 3.296655160707710058e-04 3.204050287026614019e-04 3.105525591824030360e-04 3.212351808032439145e-04 3.411428930530662927e-04 3.526065289245893398e-04 3.516901248069441736e-04 3.382133818338055905e-04 3.327565990793307634e-04 3.418302601722052842e-04 3.478376381046018018e-04 3.415281041390213677e-04 3.399674322684502481e-04 3.456297161373293085e-04 3.384507676786349759e-04 3.340054991697977930e-04 3.421080179140433344e-04 3.433132597621374026e-04 3.396860868433487692e-04 3.415591710730228950e-04 3.509505161833889391e-04 3.462908371926143531e-04 3.277983270571003908e-04 3.250069888182417766e-04 3.438024300426732239e-04 3.510257177688587611e-04 3.347221300544036323e-04 3.194386629006904085e-04 3.225687142808067215e-04 3.308835068817907415e-04 3.336617219476422551e-04 3.313589674980011151e-04 3.318911228291398282e-04 3.449757682819569026e-04 3.487368248667716648e-04 3.323286304128138637e-04 3.262980888368416225e-04 3.322008596691710248e-04 3.338465962238167930e-04 3.352763531726974874e-04 3.415985749293398992e-04 3.458366483388347948e-04 3.270969917597085102e-04 3.172609854547063708e-04 3.244630427781243997e-04 3.349886816766993935e-04 3.482450883759022559e-04 3.426762271649387527e-04 3.266133431617429571e-04 3.315851365204921944e-04 3.382418652337015018e-04 3.373173320815244522e-04 3.351689038449749388e-04 3.248566888555072985e-04 3.133376190698901982e-04 3.037503090556917750e-04 3.105764571309084466e-04 3.328942655880643732e-04 3.536937346383030203e-04 3.530003569070286860e-04 3.321298033297315298e-04 3.011403312804581235e-04 2.395515046848975624e-04 1.661166255708101122e-04
2.046746429635811523e-04 2.768448687560866490e-04 3.377668623578197879e-04 3.423239976781853548e-04 3.251986226951143972e-04 3.273523231895683616e-04 3.324175479775149256e-04 3.381765504228135925e-04 3.433935605567586141e-04 3.339082498880590862e-04 3.290260538500675838e-04 3.308404912939544090e-04 3.391993955659654975e-04 3.439684267072339431e-04 3.318200748062234218e-04 3.193999828059373774e-04 3.152735165637957277e-04 3.159024727421721351e-04 3.256316807269132060e-04 3.367287806867939166e-04 3.291173877578010471e-04 3.288815209203985570e-04 3.341374258456611184e-04 3.338583518788523644e-04 3.418021598819765187e-04 3.419827296894612043e-04 3.233705703765419118e-04 3.227005475193450582e-04 3.422581031990862277e-04 3.431825558227371556e-04 3.289996313775311616e-04 3.239148701825460448e-04 3.246695079900159151e-04 3.385095865563868701e-04 3.479906639174270644e-04 3.359806769188085959e-04 3.315320331959240334e-04 3.295602680452205772e-04 3.245959536882554340e-04 3.275579267302489855e-04 3.337594456120920264e-04 3.377036879364485452e-04 3.403108603121137842e-04 3.388234705256987309e-04 3.369291141749984749e-04 3.457547994059633921e-04 3.586039084821229534e-04 3.598738479425771849e-04 3.538444039487959308e-04 3.543876830060959694e-04 3.520947494871712801e-04 3.424319126928737265e-04 3.425154584422118688e-04 3.464522538321034711e-04 3.429318321254601039e-04 3.508310563443977508e-04 3.632904320912895601e-04 3.551158097808402875e-04 3.328935009671176825e-04 3.212791852185526787e-04 3.383825865726865006e-04 3.532781938865393119e-04 3.400076379929046805e-04 3.218943869761486400e-04 3.232930329943244996e-04 3.346907770284503268e-04 3.394048330760760781e-04 3.319540786506792584e-04 3.252796119018151744e-04 3.289854971229692632e-04 3.319601803340075600e-04 3.238876436272144837e-04 3.230225851517555665e-04 3.262836033890689812e-04 3.269301895925200304e-04 3.324015292488733146e-04 3.398246252462335491e-04 3.421688031407435883e-04 3.283215406469460656e-04 3.233376888722719268e-04 3.372555328571179767e-04 3.520891560814969935e-04 3.541062631951018627e-04 3.317330426497980440e-04 3.148818309780679683e-04 3.214478490428019806e-04 3.303601434324196701e-04 3.407761510265272130e-04 3.487337826786331097e-04 3.414796201428759630e-04 3.210616009171828023e-04 3.039018670529232500e-04 3.102718484188066563e-04 3.261942111674103004e-04 3.371585431629330878e-04 3.367577880482297819e-04 3.230270007996419645e-04 2.947710284957224787e-04 2.333744741498894413e-04 1.570636526175634893e-04
1.803997543192388856e-04 2.705399342471336813e-04 3.487780044063107116e-04 3.564239606282498243e-04 3.270279646707685301e-04 3.167273075813592997e-04 3.222972612554151229e-04 3.321558468284209649e-04 3.352099967919767000e-04 3.225451110605212219e-04 3.147354633790739502e-04 3.131292488267442466e-04 3.194919890252557169e-04 3.210472329919038508e-04 3.047921733319284730e-04 2.994148032687281346e-04 3.071383630406937927e-04 3.089722755744470735e-04 3.143661167428732947e-04 3.301214384408890151e-04 3.318644581598849961e-04 3.279724695779375658e-04 3.263021218017533561e-04 3.330603619838706526e-04 3.532429789757550931e-04 3.536395673854389183e-04 3.308592693130765847e-04 3.251604266620440305e-04 3.386531952628860044e-04 3.393878326095428567e-04 3.344120008091891645e-04 3.364691930636007442e-04 3.461394584642377929e-04 3.587652535134332665e-04 3.518148607435190927e-04 3.302114085687369617e-04 3.318859223606080008e-04 3.343121189133387234e-04 3.271424437661505551e-04 3.196077746663441655e-04 3.171487736477650527e-04 3.239288259782452384e-04 3.304554233073392746e-04 3.364508607347955777e-04 3.382629997496134798e-04 3.398541604432565562e-04 3.521960127987985205e-04 3.629957935825012705e-04 3.608633148902946159e-04 3.502275600676407492e-04 3.414345657345481269e-04 3.319341721207466210e-04 3.355861824539198334e-04 3.491203448931069308e-04 3.456585947346469366e-04 3.448450918062862967e-04 3.507276693992488186e-04 3.406319999093512124e-04 3.196645452619065295e-04 3.097012199653936728e-04 3.266605434679171463e-04 3.481804006471344096e-04 3.445680352403521522e-04 3.246049928302445421e-04 3.184617512504974920e-04 3.312397371945101799e-04 3.408587514836789768e-04 3.292439911276990152e-04 3.152497459769174754e-04 3.147087527843015517e-04 3.212528761772817762e-04 3.238764936820837798e-04 3.256586837095747328e-04 3.234763070547452954e-04 3.196050097871313785e-04 3.254837904878457545e-04 3.330008311224126084e-04 3.396232760861056890e-04 3.392738052215570370e-04 3.378229405149277579e-04 3.412573666237643088e-04 3.496178217296987546e-04 3.507082522719558518e-04 3.344999902910390961e-04 3.244532162808806209e-04 3.240655028680904928e-04 3.277741784650303205e-04 3.443182944259207427e-04 3.562130922758158669e-04 3.551368965444139407e-04 3.442685482027910008e-04 3.297361403586915362e-04 3.296749476117833821e-04 3.384927611762580078e-04 3.355485377347634758e-04 3.238949185936823745e-04 3.146137456680549085e-04 2.884349699908469859e-04 2.257907220467539214e-04 1.474643786035655818e-04
1.685645294121111085e-04 2.673167044616425844e-04 3.436332660556820238e-04 3.484067290555288359e-04 3.190329501692633829e-04 3.065992290304968347e-04 3.149677681115092744e-04 3.319338972699644591e-04 3.408566535705000785e-04 3.235664272970850967e-04 3.090214860974046596e-04 3.128533284214316868e-04 3.315550170776897189e-04 3.332220922719036482e-04 3.101691978276898895e-04 3.077446430663551436e-04 3.270267993153091546e-04 3.358748318841398104e-04 3.326987721514183035e-04 3.325007198121517830e-04 3.366887670548245233e-04 3.375126213241919559e-04 3.302006230887795770e-04 3.334139522601743200e-04 3.522304144094291702e-04 3.496883944549217596e-04 3.290788802447445626e-04 3.262961947650964197e-04 3.385144700527901399e-04 3.442541616991703305e-04 3.411540851873712428e-04 3.373606329579474303e-04 3.455059851607179431e-04 3.562923503601589858e-04 3.449418231310925594e-04 3.298692768356238105e-04 3.466426394448930649e-04 3.533475198493646764e-04 3.361087909977459286e-04 3.197715088090824845e-04 3.137156564118485967e-04 3.211287846985715890e-04 3.253386043009790429e-04 3.298741325782802427e-04 3.339685458654411440e-04 3.283912968927475088e-04 3.361653479432921568e-04 3.481626658705787867e-04 3.461143208198978966e-04 3.290435008605856995e-04 3.150906841967754824e-04 3.092307466797941315e-04 3.185489051605874204e-04 3.362985921873822047e-04 3.378500654409004192e-04 3.363450215757745254e-04 3.387732876891893152e-04 3.277961245751742766e-04 3.126781212852356969e-04 3.114143930888941007e-04 3.260697699148837575e-04 3.473442863790961914e-04 3.493591396005271427e-04 3.235409102180941839e-04 3.073713426723653319e-04 3.214862557166792275e-04 3.435401944355359572e-04 3.418977481234515038e-04 3.221240278562416404e-04 3.199824608122345216e-04 3.332436856674432816e-04 3.375029850606770117e-04 3.322938936850250696e-04 3.188625897226977013e-04 3.103844979181673920e-04 3.205555982634505354e-04 3.329409459734967948e-04 3.422586703862424105e-04 3.485963356126383283e-04 3.454980343890032735e-04 3.328619563241686148e-04 3.253159224426761830e-04 3.275715732337849549e-04 3.327327062448272397e-04 3.370859457740073848e-04 3.360617866821456073e-04 3.344015309357423779e-04 3.401163688909605376e-04 3.421530369360197693e-04 3.395993521630469325e-04 3.423642333556217764e-04 3.481564465196860451e-04 3.522764723083529094e-04 3.549474580146649741e-04 3.402104003390511049e-04 3.224849732593216569e-04 3.178971371784409519e-04 2.967819291636028057e-04 2.315390197331114192e-04 1.476881890666297968e-04
1.791732874785017518e-04 2.688573968850646936e-04 3.275406102642489364e-04 3.314067569781334061e-04 3.130602482449403793e-04 3.067407365283562155e-04 3.186916158866718099e-04 3.392372746751789146e-04 3.531027599139225813e-04 3.336473337663245953e-04 3.155893204175545938e-04 3.272812538813020620e-04 3.588498425480211038e-04 3.634539098423874843e-04 3.357344857786225900e-04 3.254603253164860613e-04 3.447886633862335933e-04 3.625280251312893386e-04 3.543160998160737284e-04 3.355680180210987833e-04 3.360619280151014711e-04 3.420361833175689049e-04 3.329704458567100370e-04 3.235522943887167002e-04 3.291712856089973457e-04 3.322601389850011544e-04 3.239079497921632813e-04 3.283955572191570352e-04 3.416381950339432167e-04 3.499296016350823737e-04 3.425489663110938866e-04 3.328265876285014559e-04 3.398919434189318317e-04 3.419087563987854373e-04 3.241192312417357662e-04 3.253472178688561218e-04 3.629622346731197890e-04 3.784823653528883230e-04 3.594533505283356621e-04 3.380296351928988204e-04 3.249448988699098987e-04 3.248229256064859901e-04 3.286271342103240165e-04 3.346920784611990586e-04 3.373580119623432842e-04 3.250368347654359843e-04 3.197354386535129550e-04 3.185100084006760269e-04 3.165526513904953635e-04 3.177161012011586782e-04 3.132173653123569365e-04 3.069761222799311721e-04 3.149862157375806415e-04 3.274810108631362004e-04 3.307597148087656948e-04 3.368344318728360982e-04 3.418119327664020110e-04 3.340918644532972579e-04 3.252050018130709210e-04 3.232074419227727873e-04 3.321908270378868535e-04 3.545997753175927176e-04 3.579796040574533857e-04 3.264467862904955886e-04 2.984216326640431105e-04 3.071819767538981529e-04 3.429424659872295405e-04 3.557017156168180158e-04 3.392798941558751577e-04 3.432464780739531056e-04 3.557421422909856179e-04 3.465372489775281621e-04 3.310613226888897221e-04 3.118426513881156475e-04 3.076552607002632379e-04 3.266863853333317261e-04 3.381831292378114631e-04 3.356149754540700865e-04 3.354276413452149039e-04 3.350700899026448198e-04 3.253149941957565868e-04 3.120407652792855533e-04 3.097416073631291790e-04 3.248840643368329549e-04 3.397861678323927477e-04 3.453849283902765601e-04 3.422380471338741406e-04 3.327293239964538305e-04 3.246727421431342981e-04 3.230452280351638799e-04 3.281766358904187816e-04 3.417095126771409652e-04 3.499416121138114498e-04 3.470648689338063741e-04 3.313527978359669243e-04 3.250742400316149845e-04 3.257168602543452805e-04 3.040308026807278215e-04 2.370075785661561007e-04 1.504047800837988861e-04
1.848066703360344619e-04 2.523308346749623303e-04 2.938671008435828980e-04 3.020728277373914503e-04 2.991059289354569073e-04 2.996789184580871449e-04 3.092143874584531637e-04 3.247203459758791523e-04 3.345348290878889927e-04 3.188635453457733812e-04 3.079990658489123044e-04 3.275286531337900518e-04 3.544630373973702052e-04 3.468770694028917921e-04 3.179048775834812917e-04 3.072021986487753981e-04 3.252216220852693061e-04 3.448983514016090409e-04 3.338210044973304470e-04 3.109424486426071469e-04 3.084794236096009140e-04 3.129247652516274343e-04 3.051917499286554286e-04 2.916804771739413098e-04 2.957671412740573965e-04 3.124255128410898712e-04 3.138440429525131002e-04 3.149554075698382397e-04 3.207505685049691379e-04 3.245702215459667301e-04 3.203049201587989704e-04 3.205163621795564929e-04 3.302719638178152543e-04 3.227748399849068904e-04 2.979036952158905225e-04 3.039588750649745890e-04 3.401407302547166203e-04 3.563375261008994719e-04 3.468758098879143976e-04 3.286890326989805235e-04 3.122056562550647998e-04 3.070346667015146080e-04 3.146741645905429393e-04 3.287636721231336620e-04 3.320259089337793774e-04 3.213989655562761840e-04 3.079829067580212550e-04 2.920979110623724137e-04 2.908568289418243975e-04 3.177045186776926260e-04 3.299404972345647497e-04 3.178105151917757099e-04 3.141958589397777254e-04 3.142295550525188831e-04 3.149451419462162430e-04 3.280068548607600236e-04 3.327602872896510315e-04 3.226783172931660414e-04 3.086356060956189267e-04 2.979474604622953126e-04 3.058996254287188444e-04 3.315645423996131918e-04 3.387400905481182918e-04 3.131565892378463225e-04 2.885094037429253213e-04 2.955138770214035945e-04 3.240934918206594094e-04 3.298653576641148374e-04 3.221887712668693800e-04 3.314103636224451153e-04 3.381777581063929268e-04 3.261057072503841621e-04 3.085955855181995132e-04 2.907187977617368014e-04 2.972423154451073971e-04 3.225135775302155660e-04 3.287889122155128680e-04 3.140796184218077811e-04 3.044341004816718309e-04 3.045992666661627999e-04 3.048053347278837635e-04 3.044778225165632604e-04 3.059714456470595534e-04 3.140537501176598372e-04 3.227387680421852289e-04 3.284194187131566365e-04 3.227970704283229970e-04 3.072204048608435023e-04 3.011018184566401513e-04 3.059381923715093037e-04 3.060966227167909517e-04 3.065308015296056617e-04 3.065110555512627882e-04 3.033155589823085391e-04 3.009049669913329856e-04 3.063138027569294042e-04 3.041964061037732894e-04 2.818643356649094388e-04 2.277511427865088487e-04 1.538484263789905403e-04
1.513505977204875454e-04 1.981952268235118186e-04 2.304896649648385180e-04 2.386221539424452373e-04 2.409343082175317862e-04 2.436398702761326826e-04 2.493843519893470758e-04 2.573406608654322018e-04 2.618359623018780237e-04 2.532545273766047462e-04 2.524042349653321483e-04 2.680299031425138236e-04 2.764975955794752292e-04 2.577806768601342271e-04 2.388745272808538570e-04 2.397967073914655193e-04 2.559436502710109871e-04 2.684175427439765673e-04 2.535729055694413512e-04 2.330650282126608237e-04 2.309358681199384406e-04 2.351588239981895734e-04 2.319761864791236225e-04 2.269809890894137236e-04 2.409409916529909310e-04 2.616205195786784816e-04 2.623804859023787087e-04 2.575060227421178786e-04 2.559742506949823099e-04 2.522918964886416504e-04 2.476392046945840014e-04 2.517001387023316220e-04 2.587918745323050489e-04 2.552300164985494418e-04 2.410574332782036049e-04 2.429171571303262661e-04 2.570224840380744128e-04 2.631127583170520261e-04 2.636343250266878053e-04 2.566653728926866144e-04 2.463471996305299392e-04 2.398060314685363415e-04 2.410403140387200327e-04 2.516977594893523760e-04 2.587598493113059698e-04 2.634039918974565844e-04 2.534055084506494802e-04 2.335042894795910065e-04 2.352923930634239955e-04 2.681645609910578501e-04 2.852128767614569129e-04 2.731478328367643480e-04 2.642137285112393028e-04 2.552116045514243089e-04 2.517716832125823463e-04 2.633882080937934239e-04 2.641877396113704495e-04 2.508814193352330402e-04 2.341627233999707836e-04 2.229841699360088597e-04 2.280617917131345831e-04 2.432318497136878963e-04 2.518071576058586447e-04 2.430253931254566790e-04 2.363848660511620107e-04 2.494465203365270767e-04 2.627214697209312531e-04 2.545025566747930509e-04 2.456463825291158856e-04 2.485324019662819676e-04 2.545467493469374997e-04 2.556027191077279645e-04 2.461874236056802432e-04 2.329957590776791866e-04 2.404408252671415389e-04 2.604544529011716680e-04 2.641321224901060959e-04 2.509690465206976424e-04 2.424011713554461616e-04 2.389652836219424465e-04 2.380529089275945295e-04 2.475278826414141573e-04 2.554023187298159287e-04 2.549912005978977069e-04 2.555651555375461912e-04 2.570880835322923458e-04 2.464383972767439737e-04 2.327022228697122642e-04 2.365683403982065996e-04 2.478172201804051608e-04 2.465648956676704624e-04 2.394694936841602504e-04 2.351171855523404388e-04 2.360440338498499303e-04 2.394057001601378643e-04 2.406042840905772370e-04 2.331239608995262455e-04 2.174939201782480238e-04 1.852965948455463511e-04 1.350981957082379183e-04
9.598616865222640631e-05 1.332904433007205873e-04 1.609961302224077555e-04 1.628710609103548642e-04 1.627215036379349889e-04 1.661926199460772862e-04 1.726657274389297998e-04 1.767365418151464155e-04 1.751926640274193260e-04 1.697186346638918791e-04 1.726450369846554891e-04 1.763424420469775948e-04 1.746119067769750393e-04 1.628618001346400068e-04 1.558679162688642657e-04 1.603948894210499760e-04 1.693812837323507348e-04 1.753847390667246492e-04 1.637391272529684560e-04 1.482785095402909341e-04 1.480772606983924377e-04 1.545771065061154310e-04 1.542823315655310508e-04 1.573815583855436981e-04 1.741141675686314495e-04 1.860658531172984997e-04 1.859230371078709771e-04 1.856779843366125767e-04 1.848344867728744356e-04 1.762688486734429231e-04 1.670130636177746038e-04 1.655133597470357623e-04 1.660123848953316123e-04 1.656698289582419093e-04 1.632639403558822989e-04 1.658954185878760003e-04 1.675590731649922527e-04 1.671186432932825563e-04 1.753589406132808107e-04 1.759001418693113220e-04 1.653589020353427128e-04 1.568171580435103938e-04 1.506419432513612109e-04 1.498701923586957579e-04 1.598855758884042567e-04 1.787316227500450880e-04 1.720025472917791000e-04 1.511776037664112763e-04 1.534357983531267416e-04 1.806777140162477298e-04 1.944620223887428873e-04 1.862793527380170416e-04 1.801711525265584069e-04 1.730877086024327442e-04 1.701889470279234658e-04 1.756003355115421998e-04 1.761245535594636446e-04 1.680189865139867416e-04 1.558712909460846334e-04 1.469413620127244728e-04 1.455979832281747630e-04 1.482966452271249481e-04 1.535263070636971351e-04 1.560465361677672649e-04 1.623153833531694196e-04 1.739284113129522906e-04 1.734271438085803647e-04 1.587308015439485576e-04 1.462656609908000139e-04 1.453743930745775336e-04 1.528963220392814395e-04 1.600246311884452176e-04 1.601017363858799037e-04 1.564688554607931254e-04 1.614208296384185754e-04 1.732950173336237807e-04 1.762085023691624549e-04 1.686355967936692120e-04 1.669993135933845276e-04 1.642648310357356538e-04 1.582506714180095396e-04 1.627601606595394850e-04 1.687345520496127569e-04 1.670619877980041512e-04 1.660705207224397097e-04 1.660773976275738140e-04 1.589033175279016565e-04 1.498903197655170603e-04 1.552791773658219825e-04 1.640493328968175755e-04 1.609941804723137668e-04 1.542545238659165927e-04 1.549851954042333292e-04 1.601424347806986934e-04 1.584400924125300828e-04 1.546389870391928843e-04 1.508292912855500444e-04 1.444023044396559028e-04 1.284637344473365454e-04 9.823271563245510030e-05
